:100000000000042029CA040051CA040053CA040095
:1000100055CA040057CA040059CA04000000000071
:100020000000000000000000000000005BCA0400A7
:100030005DCA0400000000005FCA040061CA040039
:1000400051C9040085B20400C16A000063CA0400FB
:1000500063CA040063CA040063CA040063CA0400DC
:1000600063CA040063CA040063CA040063CA0400CC
:1000700063CA0400F566000063CA040063CA040092
:1000800063CA040063CA040063CA040063CA0400AC
:1000900063CA040063CA040063CA040063CA04009C
:1000A00063CA040063CA040063CA040063CA04008C
:1000B00063CA040063CA04000000000000000000DE
:1000C00063CA040063CA040063CA040063CA04006C
:1000D000795A000063CA040063CA040063CA0400BA
:1000E00063CA040063CA040063CA0400000000007D
:1000F0000000000063CA04000000000063CA04009E
:1001000000000000000000000000000000000000EF
:1001100000000000000000000000000000000000DF
:1001200000000000000000000000000000000000CF
:1001300000000000000000000000000000000000BF
:1001400000000000000000000000000000000000AF
:10015000000000000000000000000000000000009F
:10016000000000000000000000000000000000008F
:10017000000000000000000000000000000000007F
:10018000000000000000000000000000000000006F
:10019000000000000000000000000000000000005F
:1001A000000000000000000000000000000000004F
:1001B000000000000000000000000000000000003F
:1001C000000000000000000000000000000000002F
:1001D000000000000000000000000000000000001F
:1001E000000000000000000000000000000000000F
:1001F00000000000000000000000000000000000FF
:1002000010B5054C237833B9044B13B10448AFF350
:1002100000800123237010BDC801002000000000F1
:10022000C863050008B5034B1BB103490348AFF38E
:10023000008008BD00000000CC010020C86305005C
:10024000A3F5803A704700BF174B002B08BF134B34
:100250009D46FFF7F5FF00218B460F461348144AD1
:10026000121A4CF083FF0E4B002B00D098470D4B19
:10027000002B00D098470020002104000D000D48FD
:10028000002802D00C48AFF300804CF0FDFE2000A7
:10029000290000F080F94CF0E3FE00BF00000800E8
:1002A000000000000000000000000420C801002041
:1002B000202A01200000000000000000094B1A88DD
:1002C00072B9094A1188094A1288C2F50060814250
:1002D000C8BF81B2198019B10548104406F070BC3E
:1002E000704700BFE8030020EC0B0020EA0B002061
:1002F000EA0300200749084A0B8810880344C3F327
:100300000A030B8005490B881B1A0B8000231380FE
:10031000FFF7D4BFEA0B0020E8030020EC0B00201D
:100320002DE9F047194FDFF86C9006460D464FF067
:10033000000AB8463C88B9F800001549C4F50064C5
:10034000A4B2AC4228BF2C4606EB040C66450CD088
:10035000B8F8003016F801EBC218C2F30A020133F4
:1003600001F802E0A8F80030F0E72D1BADB25444CC
:10037000FFF7A4FF1FFA84FA2DB106F011FC10B9A3
:10038000FFF7B8FFD6E75046BDE8F087EC0B00203A
:10039000EA030020EA0B00202DE9F743354D2E88B3
:1003A0000F461346A846CEB90A4633484FF40061BB
:1003B0004DF07EF8B0F5006F044607D32F4839465C
:1003C00006F040FE204603B0BDE8F0832C4B2880A9
:1003D0001E802C4B1E80FFF771FFF3E7284A26484A
:1003E000158801932E44C6F30A06B5428CBFAD1B97
:1003F000C6F50065ADB2914630440A4629464DF037
:1004000057F8041E04DA1D48394606F01BFEE2E7E1
:10041000A54205DDB8F800302344A8F80030DAE73B
:10042000B4F5006F22DAB8F800306BB1FFF746FF81
:1004300006F0B6FB10B9FFF75DFFF4E706F0CDFC60
:100440000146114806F0FEFD019B0B483A464FF469
:1004500000614DF02DF8041E00DCFEE7094AA8F803
:1004600000400023A9F800301380B4E7074839465C
:10047000CBE700BFEC0B0020EA03002038E70400C4
:10048000EA0B0020E803002059E7040072E70400AB
:10049000F8B52A4F2A4C05464618AE424CD92B785F
:1004A0000D2B26D011D8082B11D00A2B1DD0238854
:1004B000B3F5FF7F30D801212846FFF731FF2388AD
:1004C0005A1C228029781F4A0DE07F2BEFD1238808
:1004D00013B303211C48FFF723FF2388194A013B6C
:1004E0009BB223800021D15416E0184B1B780D2BB2
:1004F00012D002213846FFF713FF2388114900224A
:10050000581ECA54944601445BB902B123800D4879
:1005100001F006FC002323800C4B15F8012B1A7008
:10052000BBE708780A2801D00D28EED1013B01F87D
:1005300001C99BB20122E7E7F8BD00BF8FE70400C5
:10054000E6030020E50100208CE70400E401002020
:10055000FFF7D0BE07B50A49019000230B80094977
:100560000B8009490B8009490B8006F013FA019AA8
:100570000749104603B05DF804EB01F0CFBB00BFA4
:10058000E6030020EA0B0020EC0B0020E80300202B
:1005900099030000704770B505460E46314628465F
:1005A00005F0ACFF06F01BFC0446FFF7D3FF05F097
:1005B000CFFF18B1204606F01CFCEFE7204606F0FE
:1005C000CDFD204605F0CAFFF1E7000008B5034A5B
:1005D0000349083004F095FD002008BD91E70400B0
:1005E000E2EA040010B50C6824B9806806F003FC48
:1005F000204610BD2320FCE7803002F0D7BA00006F
:100600002DE9FF410D6804460E4685B9083065495D
:10061000039004F076FD6449039804F072FD634989
:10062000039804F06EFD284604B0BDE8F0815E49F1
:10063000304623F033FB002843D07368002B32D1BF
:1006400054F8080F5A4EDFF88C8106F0D7FC594950
:1006500002680546204604F054FD10273368EB5825
:100660000093736842460421204604F067FD013F71
:1006700006F10806F2D16A6C4F49504EDFF85481FA
:10068000204604F03EFD10273368EB580093736852
:1006900042460421204604F051FD013F06F10806C0
:1006A000F2D10025BFE74649301D23F0F7FA08B91B
:1006B0000725B8E7B568002DFAD1A06806F0A2FCBE
:1006C000B1E73A49304623F0E9FA00283FD0736891
:1006D00083BB54F8080F3B4DDFF8FC8006F0FEFEAC
:1006E000092706462B686A68F35A4146204604F0FB
:1006F00008FD013F05F10805F4D1334FDFF8DC8038
:1007000005257A684146204604F03CFC57F8083B32
:100710003344D3E90023204604F080FC013DF0D1AE
:1007200020462A4904F02EFCD6E90E23204604F088
:1007300075FC78E72249301D23F0B0FA0028B7D0C5
:10074000B568002DB4D1A06806F0D3FE6BE715495B
:10075000304623F0A3FA0028AAD07368A3B954F84E
:10076000080F1B4DDFF86C8006F0ADFE042607462F
:100770002B686A68FB584146204604F0C2FC013EE3
:1007800005F10805F4D18CE70D49301D23F086FAF8
:1007900000288DD0B568002D8AD1A06806F097FE9C
:1007A00041E700BF80ED04009AE704009EE70400E3
:1007B000A4FA0400A2E70400B7E7040024FA040046
:1007C000A70E0500BCF9040024FB0400DBE70400CD
:1007D00004FA0400AFE70400C4E70400CBE7040018
:1007E00008B5806806F00FFB002008BDF0B50E4686
:1007F00089B041490546304623F050FA074600B11A
:100800000436336813BB55F8080F3C4E06F012FB54
:100810000446002C51D02146284604F009FC87B13B
:10082000607C04F0AFFDA17C237CC1F34001019109
:10083000A17C01F00101024600912846314604F0F6
:10084000A1FB284604F0ACFB6469E2E72C49304682
:1008500023F024FA90B1706802A923F0F4F958B992
:10086000069BA8689B0C9B0443F4403343F45073ED
:1008700002A9069306F0E7FA09B0F0BD2149304617
:1008800023F00CFA044650B1706802A923F0DBF99A
:100890000028F1D1A86802A906F0DAFAECE71A49B3
:1008A000304623F0FBF9074648B155F8080F06F02B
:1008B00051FD0146284604F0CDFB2046DCE71349F4
:1008C000304623F0EBF9044648B155F8080F06F01E
:1008D00039FD0146284604F0BDFB3846CCE70C49FB
:1008E000304623F0DBF920B155F8080F06F02EFD55
:1008F000DFE72320C0E700BFF0E70400F3E70400D0
:100900001CE8040042ED040020E804002AE804008A
:100910002FE8040030B585B0044602A9806806F0CF
:100920007EFD0546F0B904F10800029A0F490190D6
:1009300004F0E7FB9DF80C200D49019804F0E1FB61
:100940009DF80D200B49019804F0DBFB9DF80E206B
:100950000949019804F0D5FB9DF80F20074901983B
:1009600004F0CFFB284605B030BD00BF35E80400D9
:1009700047E804005CE8040055E804006DE8040062
:100980000B68F7B505460E46002B3AD10446444F96
:1009900054F8080F434E06F0E2FD03784249032B5A
:1009A00096BF424A424A52F823200546204604F0A8
:1009B000A8FB6B783F4913F0010F14BF3A4632464B
:1009C000204604F09EFB6B783B4913F0020F14BFE6
:1009D0003A463246204604F094FB6B78374913F0D0
:1009E000040F14BF3A463246204604F08AFB2046E4
:1009F00095F90220324904F084FB0024204603B01C
:100A0000F0BD2A4F002457F8041B304623F046F966
:100A1000002840D070688DF804400DF1030123F0E8
:100A20006AF904460028E9D19DF805309DF80320B5
:100A3000B06862F300030DF103018DF8053023F077
:100A40005AF904460028D9D19DF805309DF80320B5
:100A5000F06862F341030DF103018DF8053023F0D6
:100A60004AF904460028C9D19DF805309DF80320B5
:100A7000306962F382030DF106018DF8053023F031
:100A8000D3F804460028B9D173693BB9A86801A915
:100A900006F069FDB2E70134042CB4D10724ADE7B8
:100AA00082E8040086E8040089E8040040F80400B5
:100AB000C41005009FE80400B5E80400CBE804007A
:100AC000E1E8040070B50C6886B005460E4664B9CE
:100AD00055F8080F02A906F0E0FD2846102202A9E9
:100AE00004F080FA204606B070BD4B685BB9102256
:100AF00002A9204623F0B1F80028F4D1A86802A981
:100B000006F0D0FDEFE70B49304623F0C7F870B18F
:100B1000A868746806F02AFC0190A86806F0B7FB84
:100B20000199024602AB204606F0F8F8E4E70720F8
:100B3000D9E700BFF7E80400383002F09FBF00F5A6
:100B4000EA50103003F012B870B5044680680E46C3
:100B500010F0C8FD054606F059F985420CD0084949
:100B6000304623F09BF848B104F1080005492A46B5
:100B700004F0C7FA002070BD0C20FCE70720FAE75C
:100B800048ED0400E2EA040010B5044654F8080FEA
:100B900006F060FC03490246204604F0B2FA002049
:100BA00010BD00BF95EB0400024B034A083004F06F
:100BB0006ABB00BF4B750000417500007FB50C4655
:100BC00000232349ADF80E300546204623F066F891
:100BD000064610B1606800BB0434206838B30DF1DC
:100BE0000D0122F0D9FF00BB9DF80D001F281BD876
:100BF0000124844005F10800DEB1164B164A02219B
:100C000004F0D6FA154BBDF80E20A86800952146D1
:100C100006F004FA48B9242007E00DF10E0122F095
:100C2000CCFF10B90834D8E7072004B070BD0446E3
:100C3000E0E70B4B0B4A052104F0BAFA0A4BBDF86A
:100C40000E20A8680095214606F0E3F9E2E700BF10
:100C5000FAE8040071F8040064F80400111B0000B5
:100C60006CF8040050F80400191E000010B500F1E3
:100C70000804806806F00EFC044A0549002818BFE5
:100C80001146204604F03DFA002010BD01E90400A1
:100C900006E90400303002F019BC883003F072BB62
:100CA000403004F09DB8096800684CF090BB00002B
:100CB00038B50C68054608464CB906F0A7F809494E
:100CC000024605F1080004F01CFA002038BD064970
:100CD00022F0E4FF18B105494FF4DF72F1E7232059
:100CE000F4E700BFE2EA04000CE9040056FB04004C
:100CF00038B50C4605460949204622F0CFFF58B1C9
:100D000064684CB906F09CF90549024605F10800F3
:100D100004F0F7F9204638BD0720FCE710E904008D
:100D2000841B050013B50C687CB908300849019094
:100D300004F028F90749019804F024F901980649BC
:100D400004F0DFF9204602B010BD2320FBE700BF0E
:100D500016E9040018E904000D14050037B50C4627
:100D600005461549204622F099FF98B1606800B306
:100D7000A368F3B90DF1070106F018FD044630B978
:100D80009DF807200D4905F1080004F0BAF9204646
:100D900003B030BD0A49204622F080FF38B16068B8
:100DA00038B1A3682BB906F003FD0446EFE723240E
:100DB000EDE70724EBE700BF1DE9040016FF040080
:100DC00027E904002DE9F0410B68044694B0084679
:100DD0007BBB54F8080F1C4EDFF8808002AF394609
:100DE00006F047F9BDF808201849204604F089F9B3
:100DF000BDF80A201649204604F083F9BDF80C20FE
:100E00001449204604F07DF908253368FA18204675
:100E10005168019152880092FB5A7268414604F071
:100E200070F9013D06F10806EFD1002014B0BDE8CD
:100E3000F081094922F032FF18B1A06806F01BF9D1
:100E4000F3E70720F2E700BF00F8040030E90400F0
:100E50003AE9040043E90400A70E050050E9040044
:100E600037B5054608680DF1070170B9A86805F0A7
:100E700011F8044630B99DF907200A4905F1080028
:100E800004F03FF9204603B030BD22F0CDFE044609
:100E90000028F7D19DF90710A86805F00FF804465F
:100EA000F0E700BF6DE9040037B50C68054674B97A
:100EB00055F8080F05F088FF0E494FF47A72B0FB21
:100EC000F2F2284604F01DF9204603B030BD4B680D
:100ED0006BB901A9204622F00AFF0028F5D1019B39
:100EE000A8684FF47A71594305F072FFEDE70720C7
:100EF000EBE700BF43E8040010B5044608460A4982
:100F000022F0CCFE30B10022A0681146BDE81040AE
:100F100006F0F4BA0549A068224606F0EFFA002868
:100F200008BF242010BD00BF5EE90400E91A0000DC
:100F30000B6837B505460C4683B980680DF107018B
:100F400004F0DAFF044630B99DF90720144905F191
:100F5000080004F0D6F8204603B030BD1149204601
:100F600022F09CFEC8B160680DF1070148B9A8687D
:100F700004F0C2FF04460028EDD19DF907200A497C
:100F8000E5E722F051FE04460028E4D19DF9071060
:100F9000A86804F0BBFF0446DDE70724DBE700BFD9
:100FA00064E9040074E90400841B050070B50E6850
:100FB00004460D468EB954F8080F05F037FF054674
:100FC00028B120460F4904F09CF8304670BD2046F9
:100FD0000D4904F096F82846F8E70A49284622F019
:100FE0005DFE064628B10121A068BDE8704005F00D
:100FF00011BF0549284622F051FE08B13146F3E7FA
:101000000720E3E77CE904007FE9040038B50D68B8
:101010005DB9044654F8080F05F0E3FE04490246A2
:10102000204604F06EF8284638BD0720FCE700BFD4
:1010300043E80400F0B50B6885B005460E4663B979
:1010400055F8080F05F009FF0446002C43D021464F
:10105000284603F0FFFF2469F7E72149304622F0D4
:101060001DFE50B17068694622F0EDFD18B9A86800
:10107000694605F0F6FE05B0F0BD1A49304622F08B
:101080000DFE074650B17068694622F0DCFD00286D
:10109000F1D1A868694605F0E9FEECE7124930464F
:1010A00022F0FCFD044648B155F8080F06F056F949
:1010B0000146284603F0CEFF3846DCE70B493046B0
:1010C00022F0ECFD48B155F8080F06F04BF9014647
:1010D000284603F0BFFF2046CDE72320CBE700BF23
:1010E0001CE8040042ED040084E904008AE90400DD
:1010F00038B50D685DB9044654F8080F06F0A2F93A
:1011000004490246204603F0FCFF284638BD232050
:10111000FCE700BF43E804000B6837B50546084606
:1011200083B9A86805F1080405F046FF10B1A86866
:1011300004F04AFE0146204603F0F4FF0024204656
:1011400003B030BD0DF1070104F072F80446002829
:10115000F5D19DF807201AB9A868114605F025FFBA
:101160009DF80710A86805F02DFF04460028E6D179
:101170009DF80730002BE2D00249A8682A4605F006
:1011800014FFDCE7351A00000B6837B505460C463E
:101190009BB980680DF1060105F04AFF044648B985
:1011A000BDF806209DF806300D49120A05F1080029
:1011B00003F0A7FF204603B030BD084622F067FDCC
:1011C00002280AD12368A8681A78597801EB02210D
:1011D00089B205F028FF0446ECE70724EAE700BFE0
:1011E00090E9040070B50E6804460D4666B954F8DF
:1011F000080F06F00EF906F010F9184902462046CD
:1012000003F07FFF304670BD1549284622F046FDA9
:1012100020B1A068BDE8704006F0ECB8114928463E
:1012200022F03CFD20B1A068BDE8704006F0E7B8B0
:101230000D49284622F032FD20B1A068BDE870407B
:1012400006F0D3B90949284622F028FD20B1A0684C
:10125000BDE8704006F0DAB90720D4E7E2EA0400FE
:1012600095E904009EE90400A4E90400ABE9040048
:10127000F8B50E4605461249304622F00FFD0746E6
:1012800028B10121A868BDE8F84006F0F1B80D4981
:10129000304622F003FD044608B13946F2E70A4918
:1012A000304622F0FBFC48B106F0F2F8074902464E
:1012B00005F1080003F025FF2046F8BD2320FCE7D8
:1012C00031190500B2E9040048ED040056FB0400A2
:1012D00037B5054608680DF1070170B9A86804F034
:1012E000CFFD044630B99DF907200A4905F10800F1
:1012F00003F007FF204603B030BD22F095FC044602
:101300000028F7D19DF90710A86805F0B3F8044646
:10131000F0E700BF6DE9040030B50D68044687B002
:1013200008466DB954F8080F1822694605F068FDA3
:101330000B496A46204603F0E4FE002007B030BDAA
:10134000084922F0ABFC48B154F8080F05F055FDF0
:1013500002460B46204603F061FEEEE70720EDE76C
:10136000E2EA0400CDFF040010B504460068884797
:1013700003490246204603F0C4FE002010BD00BF12
:1013800056FB04002DE9F0430D6895B004460E4667
:101390008DBB8068DFF8908006F0C4F8A946064649
:1013A000AFB2BE4236D9A068ADF80E9008AA394651
:1013B00006F047F9E8B99DF84930C3F3C0021B07AE
:1013C00017D4ADF80E20A06804AB0DF10E0239461B
:1013D00006F03CF968B904F1080341461846BDF827
:1013E0003820019303F0CEFD019804A903F032FEEA
:1013F000E9E70135D4E70A49304622F04FFC58B1FD
:1014000073685BB9074904F10800FFF7ADFF15B039
:10141000BDE8F0830020FAE72320F8E70720F6E78D
:1014200088ED040037750000B7E904007FB50C684B
:10143000002305460E468DF804308CB955F8080F88
:1014400005F042FF03A98DF8080002A803F07DFF14
:101450001E490246284603F054FE204604B070BDE3
:101460001B49304622F01AFC38BB33680146013B69
:10147000044613F8012F5AB16E2A05D0722A05D0FE
:10148000642A20D10124F4E70121F2E70120F0E7EA
:1014900028B19DF8043043F001038DF804302CB1DD
:1014A0009DF8043043F002038DF8043029B19DF813
:1014B000043043F004038DF804309DF80410A8684C
:1014C00005F011FFCAE70720C8E700BFE2EA040001
:1014D000F25905002DE9F7430D680446002D38D177
:1014E00000F10806284B294A294FDFF8AC80DFF8C5
:1014F000B0900321304603F05BFEA068E9B206F02D
:10150000FAF8F0B1A90201ABA0680DF1060201F4EE
:101510007C4106F0F6F839462A46304603F032FDA3
:10152000BDF806204FF6FE739A421BBF9DF80430AB
:101530001849194A920A04BF43464946304603F007
:10154000E0FD01353F2DD8D10025284603B0BDE888
:10155000F083284601A922F030FB05460028F4D18B
:1015600054F8080FBDF804100DF103030DF1060245
:1015700006F0C7F89DF80330BDF80620074920465D
:1015800003F0BFFDE1E700BF80F8040074F8040039
:10159000BEE90400C7E90400F2590500DFE90400D0
:1015A000D3E9040073B50C6805460E463CB10DF155
:1015B0000701204622F038FB60B102B070BD55F83B
:1015C000080F06F088F808490246284603F099FDFE
:1015D0002046F2E773682BB99DF90710A86806F05A
:1015E0007EF8EAE70720E8E7841B050037B50D68B9
:1015F0006DB90446694654F8080F05F099FC204679
:101600000822694603F0EEFC284603B030BD0720EF
:10161000FBE737B50C6805465CB955F8080F05F0CF
:1016200036FE08220146284603F0DCFC204603B0C3
:1016300030BD08226946204622F00FFB0028F6D173
:10164000A868694605F027FEF1E70000F0B50446FA
:1016500000F10805134B144A144F154E8DB00221AA
:10166000284603F0A5FDA06806F09CF80446B4B136
:1016700020463022694605F020FC6A463946284655
:1016800003F080FC04F112003022694605F015FCDD
:101690006A463146284603F034FD246BE7E72046CE
:1016A0000DB0F0BD8CF8040084F80400EEE90400ED
:1016B000F7E9040037B50C6805465CB955F8080F22
:1016C00005F01EFC08220146284603F08BFC20464C
:1016D00003B030BD08226946204622F0BEFA002839
:1016E000F6D1A868694605F00EFCF1E730B50C6844
:1016F00085B0054664B955F8080F694605F004FE43
:1017000028461022694603F06DFC204605B030BD26
:1017100010226946204622F0A0FA0028F6D1A868D7
:10172000694605F0F6FDF1E730B50B68044687B071
:10173000084683BBA06801A905F090FE054638BBAA
:1017400008341A49204603F01DFC082201A920464E
:1017500003F048FCBDF80C201549204603F0D1FCED
:101760009DF811201349204603F0CBFC9DF8122070
:101770001149204603F0C5FC9DF813200F4920466F
:1017800003F0BFFC9DF815200D49204603F0B9FC7D
:10179000284607B030BD0B4922F080FA20B1A0687E
:1017A00005F061FE0546F3E70725F1E701EA0400CD
:1017B0000CEA040015EA040029EA04003EEA0400E9
:1017C00061E8040047EA040073B50C6805460E465C
:1017D00034B101A9204622F08AFA60B102B070BD8E
:1017E00055F8080F05F0C7FB07490246284603F0E5
:1017F00088FC2046F2E7736823B90199A86805F0D0
:10180000BFFBEBE70720E9E743E8040030B50C46EF
:1018100087B005462149204622F040FAA0B1201D9C
:101820000DF1170103F004FD044638B99DF8173097
:101830003BB11B492A46A86805F056FF204607B071
:1018400030BD02460146F6E7206820B30DF11701CE
:1018500022F0A2F904460028F0D19DF817001F28B5
:1018600017D8012181400F4B01930023A8680295EE
:1018700000934FF6FF7205F012FE04460028DDD1FA
:10188000094B0A4A072105F1080003F091FC2424C2
:10189000D4E70724D2E70146E5E700BF4EEA04009B
:1018A000751D0000191E000048F904002CF9040001
:1018B000024B186800B9FEE7704700BFF00B00202C
:1018C000F0B50446A1B00D460026227DF3B29A423F
:1018D0001BD92269284652F83310DF0022F0DEF9C6
:1018E00001360028F1D06946284622F0DCF9236948
:1018F000A4693B4428465E6822F0E0F90138C1B291
:1019000001AA2046B04721B0F0BD2320FBE700002C
:1019100038B50C4600F10805284603F089FB228AF9
:101920001D49284603F02EFBA37C1C49032B96BFC0
:101930001B4A1C4A52F82320284603F023FBE27C72
:10194000194902F00102284603F01CFBA37CE3B90D
:10195000E37C5B0714D515496269284603F012FB46
:1019600004F11801284603F063FBA37C032B07D185
:10197000E37C628D0E49C3F34003284603F002FB6B
:101980002846BDE8384003F00BBB228D09492846A4
:1019900003F0F8FAE9E700BF94EB0400E1EA040081
:1019A000C0F70400C41005005AEA040067EA040006
:1019B00087EA04007BEA040010B500238EB0CDE96D
:1019C00001330446A06801AA03A905F061FE20B90D
:1019D00003A92046FFF79CFFF4E700200EB010BDDE
:1019E00030B597B00B6800938B88ADF804300E4982
:1019F0000E4B0F4D00F10804002A14BF1A460A4688
:101A0000204600230292ADF8563003F0C9FA68462A
:101A100005F01BFB28B903AA2946204603F071FBF9
:101A2000F5E717B030BD00BFA5EA0400A2EA040044
:101A3000E2EA040013460A4601461846FFF7D0BF03
:101A4000024A0349083003F09DBA00BF2AF404009B
:101A5000E2EA0400437F37B5044673B181B3084618
:101A6000019105F0BAF9019A1649034604F10800FC
:101A700003B0BDE8304003F044BB037F03B9FEE789
:101A800024291DD000F1080579B90F49284603F033
:101A900038FB002304F12000237707F04FF820469D
:101AA00003B0BDE83040FFF7CBBF0846019105F019
:101AB00094F9019A03490346284603F022FBE8E71C
:101AC00003B030BDA8EA0400B5EA040010B505492A
:101AD0000446083003F015FB20460021BDE8104005
:101AE000FFF7B8BFBAEA0400FFF7F0BF10B419B9A6
:101AF0005DF8044BFFF7AEBF91F901300A785DF84D
:101B0000044B0249083003F0FCBA00BFCDEA0400E0
:101B10000B4601461846FFF7E9BF000070B50446C2
:101B20000D4611461A4603F0D9F923460026164AF7
:101B3000A683C4E9025443F8202F2946C4E90A3495
:101B40002246C4E90C5404F1380001F071FD22462C
:101B5000294604F1400003F05DF822462946C4E915
:101B6000205404F1880002F0EFFB04F5EA5022460D
:101B70002946103001F0C8FF204626616661A66143
:101B8000FFF75EFF204670BDB31B000010B5054C8B
:101B900013460A4601462046FFF7C0FF024B1C6071
:101BA00010BD00BFF80B0020F00B00200021FFF754
:101BB00051BFC068FFF7FABF2DE9FF410B680393DF
:101BC000234B00930C2305460E464C2221490DEB76
:101BD000030005F0B0FE044678B1826863685110D6
:101BE00005EB6200D20748BF6A5806F1040148BFFE
:101BF000D358984704B0BDE8F0811749304622F029
:101C00004DF8E8B1DFF84C80144F05F1080654F8A0
:101C10000820394630460C3403F073FAB4F5647F7B
:101C2000F5D10E4F00242A7DE3B29A420DD92A69DC
:101C3000394652F83320304603F063FA0134F2E7B4
:101C400031462846FFF73CFED4E70020D2E700BF2C
:101C5000A70C000030F40400DBEA0400E2EA040010
:101C600030B50446A3B00D4601B9FEE7437F5BB132
:101C7000202201A9284621F0E1FEA0B1014620461C
:101C8000FFF7E8FE23B030BD037F002BFAD101231C
:101C900003774FF4C071284606F08CFDB0F5C07F85
:101CA000E6D30620EAE7019B23B923772046FFF716
:101CB000C7FEE7E701A92046FFF77EFF0028DDD138
:101CC000019B002BDAD1237F002BEFD0DAE7000055
:101CD000F0B501230F4E104F437789B00446152508
:101CE00056F8041B1D2268464BF08BFB00236A4606
:101CF000394604F108008DF81D3003F002FA6946F8
:101D00002046FFF7ADFF013DEAD12846657709B0CF
:101D1000F0BD00BFD8F80400E0EA0400FFF736BFCA
:101D200007B50190FFF7C4FD019903B05DF804EB1E
:101D3000FFF796BF082203F043B9000013B50C4625
:101D400008300A49019003F01DF901982146FFF778
:101D5000F1FF227A06490198C2F3001302F00F0244
:101D600002B0BDE8104003F0CCB900BFE5EA0400C2
:101D7000FFEA04000B4601461846FFF7DFBF0000EC
:101D800038B504460D4619B9BDE83840FFF762BEC4
:101D900091F839309B0604F1080412D501F10802CC
:101DA0002046164903F0EEF81549204603F0EAF8FC
:101DB00005F119012046FFF7BDFF1249204603F047
:101DC000E1F86A8E1049204603F0DCF829462046E7
:101DD000FFF7B0FF95F836200C49204603F0D2F803
:101DE00095F937200A49204603F0CCF895F83820B9
:101DF00008492046BDE8384003F083B916EB0400DB
:101E0000C4E90400445705001FEB040029EB04005B
:101E100031EB040038EB04000B4601461846FFF78F
:101E2000AFBF00002DE9F04F0C468FB08549054645
:101E3000204621F033FF064600287ED18249204605
:101E400021F02CFF00287FD120680DF1020121F044
:101E5000B4FE064600286CD1BDF80210A86802AA9C
:101E600005F0EAFB0646002863D10835BDF82220BC
:101E70007649284603F045F9BDF8202074492846E4
:101E800003F03FF92846734903F07CF808220DEB74
:101E90000201284603F0A6F89DF831209DF8003095
:101EA000C2F3000161F30003C2F3400262F3410395
:101EB00062F3820301A968468DF8003003F045FA09
:101EC00065490246284603F01CF99DF83120634914
:101ED0002846C2F3001203F014F99DF8242060494B
:101EE000284603F00EF9049A5E49284603F009F9E2
:101EF000059A5D49284603F004F99DF825205B49C1
:101F0000284603F0FEF89DF926205949284603F09B
:101F1000F8F8BDF82E205749284603F0F2F808E0FB
:101F20004946204603F02EF88AE0204603F038F8B0
:101F3000002630460FB0BDE8F08F4F4B4F4A0E21C0
:101F400005F1080003F034F9A868DFF85491DFF8D0
:101F500054A1DFF854B105F0E5FA00278046B9B284
:101F6000414505F10804E0D2A86802AA05F069FB22
:101F7000002865D19DF831301B0761D4BDF82220BF
:101F8000002ECDD05146204602F0FCFFBDF82020A7
:101F90005946204602F0F6FF049A3949204602F0DD
:101FA000F1FF059A3649204602F0ECFF9DF8252006
:101FB0003449204602F0E6FF9DF8242032492046AD
:101FC00002F0E0FF9DF83120304902F00102204686
:101FD00002F0D8FF9DF831202C49C2F34002204680
:101FE00002F0D0FF9DF831202849C2F3800220463C
:101FF00002F0C8FF9DF830202549204602F0C2FFBC
:102000009DF831202349C2F30012204602F0BAFFA6
:10201000BDF82C201B49204602F0B4FFBDF82E204D
:102020001849204602F0AEFF1B49204602F0AAFFE5
:1020300002A92046FFF77EFE1849204603F061F80A
:1020400001378CE733F0040040EB040082EB04001E
:102050008FEB040001EA04009AEB0400A3EB0400F8
:10206000B9EB0400C6EB04003EEA040015EA0400E4
:10207000D3EB0400DCEB0400C8F8040090F8040083
:1020800056EB04005FEB040066EB04006DEB04000C
:1020900072EB040077EB0400C4E90400D8EA040002
:1020A0007EEB040045EB04004CEB04002DE9F0430B
:1020B0000C4693B000239249ADF806300546204601
:1020C00021F0ECFD0646002840F00D818D492046A8
:1020D00021F0E4FD002840F00D818B49204621F0DD
:1020E000DDFD0646002840F0A9808849204621F001
:1020F000D5FD0746002800F0F4808249201D21F01C
:10210000CDFD38B9824B834A042105F1080003F064
:102110004FF83E46DFF848827F4FDFF84892A868C4
:1021200008AA0DF1060105F06FF9002840F0828041
:10213000BDF8302005F10804002E00F0C3804946A8
:10214000204602F01FFF08A92046FFF7F3FD0A987A
:1021500002A9152205F0D7F902AA20466F4902F01C
:1021600011FF0B9802A9152205F0CDF96C4902AABE
:10217000204602F0C6FFD2E7BDF83020494620468F
:1021800002F000FF2C4608AA54F8080F0DF10601D2
:1021900005F03AF900284AD1002EEDD09DF84630DE
:1021A00013F0080F14BF432252224146204602F08A
:1021B000E9FEBDF830203946204602F0E3FE0A9AD7
:1021C0005849204602F0DEFE9DF93D205649204642
:1021D00002F0D8FE9DF93E205449204602F0D2FE7E
:1021E0009DF846205249204602F0010202F0CAFE44
:1021F0009DF846204E492046C2F3400202F0C2FE3E
:102200009DF846204A49C2F38002204602F0BAFEF9
:102210002046484902F0B6FE08A92046FFF78AFD8D
:10222000BDF844204449204602F06BFFAAE720464F
:1022300002F0B6FE002013B0BDE8F08305F10804FB
:102240003E4B3F4ADFF81C813E4F3F4E0721204660
:1022500002F0AEFFA86808AA0DF1060105F0D4F857
:102260000028E7D1BDF830204146204602F08AFE22
:1022700008A92046FFF75EFD02A9BDF8400002F064
:102280005DFE39460246204602F07CFE02A9BDF8FA
:10229000420002F053FE31460246204602F072FE32
:1022A0009DF93D202949204602F06CFE9DF93E2013
:1022B0001D49204602F066FE0A9A2549204602F092
:1022C00020FFC7E74146204602F05CFE08A92046F1
:1022D000FFF730FDDDE90A233946204602F011FF01
:1022E0001DE70720A7E71B4B1B4A0A2105F1080041
:1022F00002F05EFFDFF86890DFF86C80174F41E76F
:1023000033F0040040EB0400F5EB040059EC04004A
:10231000A4F9040050F9040074EC040062EC040019
:102320006AEC040009EC040011EC040018EC040051
:102330006DEB0400C4E904001FEC0400B2F90400D2
:1023400088F9040034EC04003FEC040049EC04007C
:1023500050EC0400A8F9040060F904004CEB040000
:102360004EEB040028EC040001EC04002DE9F04FD2
:102370000C4689B06E490546204621F08FFC074681
:1023800000286ED16B49204621F088FC00286FD1CF
:1023900020680DF10A0121F010FC0646002840F0EB
:1023A000C280BDF80A10A86803AA05F06CF90646B9
:1023B000002840F0B8809DF81C205F49083502F0E5
:1023C0000102284602F09DFE9DF81C30DA0740F11C
:1023D000AA809DF816205949284602F092FEBDF8C1
:1023E00014205749284602F08CFE9DF817205549C5
:1023F0009202284602F085FE9DF81C205249C2F345
:102400004002284602F07DFE9DF81C309B0740F1FB
:102410008A8028464D4902F0B5FD03A928460822C6
:1024200002F0E0FD9DF818204949284602F069FEB7
:102430009DF819204749284602F063FE9DF81A20AE
:102440004549284602F05DFE9DF81B204349284679
:1024500002F057FE67E01A464946204602F092FD18
:1024600059E03F4B3F4A092105F1080002F0A0FE68
:10247000A868DFF81091DFF810A1DFF810B105F0BF
:1024800000F9002680462C46F3B254F8080F019359
:1024900003AA194605F0F7F800283CD1019B002F4C
:1024A000D9D09DF816205146204602F06BFDBDF8AC
:1024B00014205946204602F065FD9DF817202A4950
:1024C000204602F05FFD9DF818202849204602F0C2
:1024D00059FD9DF819202649204602F053FD9DF82C
:1024E0001A202449204602F04DFD9DF81B20224968
:1024F000204602F047FD2149204602F043FD03A992
:102500002046FFF717FC9DF81C201D49C2F340022E
:10251000204602F0F6FD0136F3B24345B3D920461A
:1025200002F03EFD0026304609B0BDE8F08F00BF46
:1025300033F0040040EB0400A0EC040074E8040055
:102540008FEB0400AAEC0400B9EC040001EA0400DB
:10255000C2EC040015EA040029EA0400CBEC0400F4
:10256000F4F70400D0F704008BEC040092EC0400B4
:102570005FEB040099EC040045EB0400C4E904009F
:10258000D2EA04007EEB04002AEB04004CEB0400CA
:10259000F7B50C6805460E461F464CB120460DF1B6
:1025A000060121F00AFB044650B1204603B0F0BDFD
:1025B0000068904707490246284602F0A2FDF4E76A
:1025C000736823B9BDF806102868B847EDE70724FB
:1025D000EBE700BF56FB0400F8B50E4605461A4966
:1025E000304621F05BFB38B1184B194A311D05F11B
:1025F0000800FFF7CDFFF8BD1649304621F04EFB2D
:10260000044610B1144B154AF0E71549304621F045
:1026100045FB08B90720EEE7776857B955F8080F6A
:1026200004F04BFB0F490246284602F06AFD38468B
:10263000E1E70D49301D21F031FB0028EAD0A86800
:1026400004F03FFB2046D6E7D3EC0400B36C000057
:10265000AB6C0000E0EC0400A36C00009B6C00007D
:10266000E9EC040056FB0400A70E0500F7B50C6862
:1026700005460E461F4644B1204601A921F037FB0E
:10268000044650B1204603B0F0BD006890470749AA
:102690000246284602F035FDF4E773681BB901993C
:1026A0002868B847EEE70724ECE700BF43E80400DA
:1026B00008B5034A034B0830FFF7D8FF08BD00BF39
:1026C0007D7200008572000008B5034A034B083094
:1026D000FFF7CCFF08BD00BF977500009F75000095
:1026E00038B50C4605460E49204621F0D7FA38B1D8
:1026F0000C4B0D4A211D05F10800FFF7B7FF38BD4F
:102700000A49204621F0CAFA38B1094B094A211D6D
:1027100005F10800FFF73CFFF1E70720EFE700BFF6
:10272000EDEC0400D9730000D1730000F5EC040057
:10273000ED730000E5730000F7B50D461E462B68EB
:10274000074611464BB128680DF1070121F024FA24
:10275000044640B1204603B0F0BDFEF705FE044636
:102760000028F7D0EFE76B6823B99DF807103868A9
:10277000B047EFE70724EDE708B5034A034B0830FD
:10278000FFF7DAFF08BD00BF717500007975000022
:1027900008B5034A034B0830FFF7CEFF08BD00BF62
:1027A000A7750000AF75000008B5034A034B083059
:1027B000FFF7C2FF08BD00BF1976000021760000B8
:1027C00008B5034A034B0830FFF7B6FF08BD00BF4A
:1027D000297600003176000008B5034A034B083023
:1027E000FFF7AAFF08BD00BFB7750000BF75000066
:1027F00070B50C4605461049204621F04FFAB0B19D
:10280000261D0E49304621F049FA40B10C4B0D4AC5
:1028100004F1080105F10800FFF78EFF70BD0A49B9
:10282000304621F03BFA20B1084B094AF0E723205B
:10283000F4E70720F2E700BFFFEC040009ED040015
:10284000936F00008B6F000007ED0400A36F000082
:102850009B6F000073B50C4606460DF1060120681B
:10286000154621F0AAF928B963682BB9BDF80610FE
:102870003068A84702B070BD0720FBE738B50C6888
:1028800000F108054CB9806804F058FB0549024680
:10289000284602F036FC204638BD034A2846FFF79A
:1028A000D9FFF9E710ED0400456F0000F7B50E46BB
:1028B00005462149304621F0F1F938B11F4A311D52
:1028C00005F10800FFF7C6FF03B0F0BD1C49304614
:1028D00021F0E4F9074668B104361A49304621F080
:1028E000DDF920B1A86804F0D4FA0020ECE7164A1C
:1028F0003146E5E71549304621F0D0F9D0B155F819
:10290000080F0DF1070104F0C9FA064670B13C4604
:102910000F4F9DF80720E3B29A4207D936F81320EB
:102920003946284602F02EFB0134F2E7284602F031
:1029300037FBDAE72320C7E71CE80400776E0000C6
:1029400017ED04001EED0400856E000022ED04006A
:102950007EEB040070B50C68164605461A4614B1A5
:10296000FFF778FF70BD0068B0470349024628466C
:1029700002F0C7FB2046F5E756FB040008B5034A02
:10298000034B0830FFF7E6FF08BD00BF25750000C8
:102990002D75000008B5034A034B0830FFF7DAFF36
:1029A00008BD00BF817500008975000073B50C4635
:1029B00006460DF107012068154621F0EDF828B90B
:1029C00063682BB99DF807103068A84702B070BD46
:1029D0000720FBE737B50C4611461A462368054623
:1029E0002BB121462846FFF7E1FF03B030BD01922D
:1029F000FEF7BAFC019A0028F7D0F2E7F8B50D46C9
:102A000006461049284621F049F906F1080748B161
:102A1000B0680EF05FFE02460B49384602F071FBCB
:102A20000020F8BD0949284621F038F918B1B068EE
:102A30000EF054FEEFE7064B064A29463846FFF7EC
:102A4000C9FFEEE726ED040030ED040036ED04008A
:102A5000CB6E0000C36E000008B5034A034B08307C
:102A6000FFF7B8FF08BD00BFC7750000CF750000B5
:102A700008B5024A0830FFF799FF08BD55750000F8
:102A800008B5024A0830FFF791FF08BDD97500006C
:102A900038B50C68054644B90068904704490246B9
:102AA000284602F02EFB204638BD0720FCE700BF79
:102AB000E2EA040038B50C4605461149204621F0EB
:102AC000EDF830B10F4A211D05F10800FFF7E0FFD6
:102AD00038BD0D49204621F0E1F808B10B4AF2E774
:102AE0000B49204621F0DAF808B10A4AEBE70A4917
:102AF000204621F0D3F808B1084AE4E70720E7E7C9
:102B0000005905002571000040ED04002D71000002
:102B100046ED04003571000050ED04003D710000E9
:102B200038B5094A044608300D46FFF7B1FF48B1F1
:102B3000296831B16B6823B9A068BDE8384004F05A
:102B40003CBC072038BD00BFB373000038B5094A4C
:102B5000044608300D46FFF79BFF48B1296831B1A4
:102B60006B6823B9A068BDE8384004F003BC0720B7
:102B700038BD00BF6D73000038B50C4605460A7AB3
:102B8000074902F0BEFA62880649284602F0B9FAFF
:102B9000626805492846BDE8384002F0B2BA00BF75
:102BA0004CFB040059FB04006BFB04001FB50B68D1
:102BB0000446E3B90F4902F0E5F9206801A904F0E1
:102BC00067F878B9204602F0EBF90B49BDF804200C
:102BD000204602F096FA01A92046FFF7CDFF00201B
:102BE00004B010BD0549204602F08BFAF7E7232018
:102BF000F6E700BF7EFB04008BFB04009CFB040097
:102C0000096800684AF0E3BB096800684AF0DFBB66
:102C1000D1E9002302F002BAD1E9042302F0FEB99F
:102C2000B1F85A20014902F06CBA00BF56FB04000B
:102C300001F13002014902F064BA00BFE2EA040087
:102C4000B1F85820014902F05CBA00BF10ED040051
:102C50000A6F014902F055BAA2FB04004A6D01490E
:102C600002F04FBA43E804000822413102F0BAB939
:102C70001022203102F0B6B9493102F01DBA0B68BA
:102C800010B514461A1D0A601868214620F028FF66
:102C900008B92081A07210BD0B6810B514461A1D2A
:102CA0000A60186804F1100120F01AFF08B92083A7
:102CB000A07610BD0B68181D0860186802F15A0153
:102CC00020F07BBF0B68181D0860186802F15801DE
:102CD00020F073BF0B68181D0860186802F17001BE
:102CE00021F005B80B68181D0860186802F154013E
:102CF00020F0FDBF0B6810461A1D0A6000F141016B
:102D00000822186820F0A9BF30B50B6885B01546B9
:102D10001A1D0A601868694620F095FF044628B914
:102D20006B4603CBC5F84900C5F84D10204605B0E9
:102D300030BD0B68186830B104330B60014602F1F6
:102D4000300003F0EDBF0720704700002DE9F0418F
:102D50000D4607461B492868144620F09FFF2B6844
:102D60001A1D2A6020B3D3F80480B8F1000F27D0D1
:102D700094F8773093B104F1300694F8783093B139
:102D800004F1410204F15C033146404603F0C6FF02
:102D900010B92B6804332B60BDE8F081386804F06B
:102DA000E5FA0646E9E7386804F071FA0246E9E711
:102DB00004F15C011868BDE8F041102220F04DBF1D
:102DC0000720E9E7F7E8040010B50C6834B90449B6
:102DD00091F8FE2002F006F9204610BD0720FCE71E
:102DE0005829002038B50D4604460C49284620F0E5
:102DF00055FF28B120680A49BDE8384003F06BBF91
:102E00000849284620F04AFF28B120680449BDE857
:102E1000384003F06ABF072038BD00BFAAFB04009A
:102E2000582900201C1B050010225C3102F0DAB882
:102E300008B5FF22002102484AF098F9002008BD99
:102E4000582900200B6810461A1D0A6000F1200165
:102E50001022186820F001BF13B50B46FE21ADF813
:102E6000061018680DF10601144620F004FF18B989
:102E7000BDF8063084F8FE3002B010BD30B50C4607
:102E8000A1B005461A49204620F008FF38B119497B
:102E9000286803F01BFF0446204621B030BD1649C8
:102EA000204620F0FBFE20B11249286803F018FFED
:102EB000F1E71249204620F0F1FE58B12868694632
:102EC00003F07CFF04460028E6D10A49684603F077
:102ED00049FFE1E70A49204620F0E0FE28B1054A13
:102EE000211D2846FFF7B8FFD5E70724D4E700BF28
:102EF000AAFB0400582900201C1B0500B1FB04009C
:102F0000B5FB040030B5C1B00C466A460431054635
:102F1000FFF7A2FF40B90B49204620F0BFFE28B1C1
:102F20002868694603F0D7FE41B030BD0649204607
:102F300020F0B4FE20B12868694603F0D6FEF3E71E
:102F40000720F1E7AAFB04001C1B050070B51368FD
:102F5000A2B006460D460192D3B91E4802A903F05D
:102F6000E6FE044688B96B6822AA134413F80C3CA9
:102F70005BB1EA68AB685110D50706EB620048BF49
:102F8000725802A948BFD3589847204622B070BD56
:102F90008022002102A84AF0E9F86A692B695110E1
:102FA00006EB6200D20748BF725801A948BFD35848
:102FB00002AA984704460028E7D16B68054922AA6F
:102FC0001344012203F80C2C02A803F0DCFE044693
:102FD000DBE700BF5829002038B50C460A88224993
:102FE000054601F0CFFFA378D80703D51F4928462F
:102FF00001F0C8FFA378990703D51D49284601F0C1
:10300000C1FFA3785A0703D51A49284601F0BAFF31
:10301000A3781B0703D51849284601F0B3FFA3780E
:10302000D80603D51549284601F0ACFFA3789906C8
:1030300003D51349284601F0A5FFA3785A0603D506
:103040001049284601F09EFFE378DB0703D50E49BF
:10305000284601F097FFE2780C492846C2F3420265
:10306000BDE8384002F04DB87EEB040064ED04008A
:1030700086F004003616050017FF04009EF00400D9
:103080002CFF0400F8E804005261050055FB040021
:103090006C31FFF7A1BF000073B5002301931368E3
:1030A0000E46186801A9154620F087FD0446002841
:1030B0007FD129684A680B1D2B60002A77D0013A1E
:1030C00012F8013F002B5BD0722B05D8622B05D87C
:1030D000432B3FD0522B4CD007246AE0633B0F2B8D
:1030E000FAD801A050F823F04B310000D93000008D
:1030F0005F310000D9300000D9300000D930000025
:10310000D9300000D9300000D9300000D93000009B
:10311000D93000003731000029310000693100004A
:10312000D9300000413100009DF8063043F0010322
:103130008DF80630C4E79DF8063043F00203F7E748
:103140009DF8063043F00403F2E79DF8063043F0A3
:103150000803EDE79DF8063043F01003E8E79DF81B
:10316000063043F02003E3E79DF8063043F04003C8
:10317000DEE79DF8073043F001038DF807309FE745
:10318000886801F108032B6088B10DF1030120F07C
:1031900003FD88B92B689DF803200433072A2B60B0
:1031A0009AD89DF8073062F343038DF807300198F1
:1031B0003060204602B070BD0446FAE713460A4666
:1031C00003F16C01FFF768BF07B5044B00930E22B3
:1031D000182304F0B0FB03B05DF804FB012C0000E1
:1031E0002DE9F047A2B00446084602A903F09FFD6E
:1031F000064658BBDFF85CA0DFF85C80DFF85C9027
:103200000C27DAF804300193414601A8FFF7DCFFF0
:10321000436822AA1344054613F80C3C93B1DAF82C
:1032200000204946204601F0ADFEEB685A1013F02D
:10323000010F18BFA25804EB6300AB6802A918BFC6
:10324000D3589847013F0AF1080ADAD1304622B034
:10325000BDE8F087B0FC04007CFD0400FC13050011
:1032600070B5C0B005460E460068694603F02EFDF5
:10327000044630B933683BB969462846FFF7B0FFCA
:103280000446204640B070BD0649304620F006FD99
:1032900030B19DF8FE206946284601F0A3FEF0E714
:1032A0000724EEE72AF0040070B5C0B005460E46CC
:1032B0000068694603F014FD044630B933683BB931
:1032C00069462846FFF78CFF0446204640B070BD93
:1032D0000649304620F0E2FC30B19DF8FE206946F8
:1032E000284601F07FFEF0E70724EEE72AF004000D
:1032F0002DE9F043E5B00E4680220021044604A8E3
:1033000049F034FFFF22002124A849F02FFF2F4F5E
:10331000DFF8C480331D0293029BD3F80090B9F10B
:10332000000F2FD0394603A8CDF80C90FFF74CFFC3
:103330000546B0B14269029B511004EB62000433B0
:10334000D20748BF625802932B6902A948BFD358DD
:1033500004AA9847002833D16B6821AA0121D154CF
:10336000DAE70298414620F099FC60B3029924AA5A
:10337000043120460291FFF76FFD08BB029B043326
:103380000293C9E71249304620F088FC054670B91F
:103390001049304620F082FCA8B1CDE900559DF8D7
:1033A0008E31206824AA04A903F0B3FC08E0CDE91B
:1033B00000999DF88E31206824AA04A903F09FFC8F
:1033C00065B0BDE8F0830720FAE700BF7CFD04008C
:1033D000AAFB04001C1B05002AF004002DE9F04F95
:1033E000CBB000240F4603AD0646FF2221460AA8B3
:1033F000C5E90044AC6049F0B9FEDFF8C890DFF8D9
:10340000C8A007F10408D8F800B0BBF1000F2ED017
:103410002949CDF808B002A8FFF7D6FE30B14268BE
:103420000121A954C3460BF10408ECE74946404684
:1034300020F034FC48B108F1040B0AAA5946304682
:10344000FFF70AFD0028EED006E05146404620F086
:1034500025FC044618B907204BB0BDE8F08FD8F81A
:10346000040006A908F1040B20F0EDFBEAE713497C
:10347000384620F013FC60B130689DF826310CB15D
:103480000DF1180BCDF800B00AAA294603F032FC62
:10349000E2E70B49384620F001FC0028DBD0306819
:1034A0009DF826310CB10DF1180BCDF800B00AAA29
:1034B000294603F029FCCFE77CFD0400AAFB0400A9
:1034C0001C1B05002AF00400A0580500F0B50B688D
:1034D00085B005460C4623B92049FFF781FE05B0AB
:1034E000F0BD1F49204620F0D9FB60B11D4F1E4E94
:1034F0000024E259314628460C3401F002FE6C2CBF
:10350000F7D10020EBE723681849039303A8FFF7DE
:103510005BFE014620B1221D2846FFF717FDDEE7BE
:1035200023680393124B00930C230DEB03000D490A
:10353000092204F000FA034668B182685B68511002
:1035400005EB6200D20748BF6A5804F1040148BF86
:10355000D3589847C3E72320C1E700BF582900206C
:10356000DBEA040010FD0400E2EA04007CFD040034
:10357000092C00000968006849F029BF38B50C68BB
:1035800005464CB9006803F099FD044902462846F7
:1035900001F0B7FD204638BD0720FCE756FB0400CC
:1035A00038B50C68054608464CB9286803F08AFD12
:1035B00008490246284601F0A4FD002038BD06490E
:1035C00020F06CFB18B1286803F080FDF5E70720B8
:1035D000F4E700BF56FB0400A70E050030B50C460B
:1035E00087B005461149204620F058FBD8B102A902
:1035F000201D01F05AFE172807D1002360688DF8BE
:1036000010300822694620F028FB30B99DF81030B0
:10361000286823B102A903F07FFD07B030BD6946D9
:1036200003F075FDF9E70720F7E700BFCCFE0400C3
:10363000C0E900127047437C5A0744BF702301F869
:10364000013B437C1B0744BF612301F8013B437CE2
:10365000DA0644BF642301F8013B437C9B0644BF68
:10366000632301F8013B437C5A0644BF722301F8EF
:10367000013B437CDB091CBF6F2301F8013B837CCA
:10368000DB0744BF732301F8013B837C9A0744BFE7
:103690006E2301F8013B837C5B0744BF442301F8A0
:1036A000013B00230B70704730B50C4687B00546D0
:1036B00001F0DAFC01A92046FFF7BDFF9DF80430B8
:1036C00023B1094901AA284601F05CFC607C40F363
:1036D000010040B201F00AFEA38A044902462846CE
:1036E00001F00FFD07B030BDE1EA0400D2FE040096
:1036F000037D1B0744BF732301F8013B037D5A0779
:1037000044BF6E2301F8013B037D9B0644BF612348
:1037100001F8013B00230B707047000030B50C46E8
:1037200087B0054601F0A0FC01A92046FFF7E0FFA5
:103730009DF8043023B1094901AA284601F022FC72
:10374000207D40F3010040B201F0D0FD638A0449BE
:103750000246284601F0D5FC07B030BDE1EA04007E
:10376000D2FE040070B50C4605464A68124901F0C5
:1037700009FC227A04F10901284601F021FC0F49D5
:10378000284601F0FFFB94F8072104F584712846D0
:1037900001F016FC94F80631DB0703D508492846EA
:1037A00001F0F0FB2378B4F8002206492846BDE872
:1037B000704001F0A6BC00BFDBFE040044570500CA
:1037C000E0FE0400E3FE040013B9006803F086BCC9
:1037D0001720704713B9006803F085BC17207047A5
:1037E00013B9006803F084BC17207047F0B5ADF53D
:1037F0001B7D00230E46624900930446154601F0E6
:1038000080FC4FF6FF77334606AA69462046FFF74D
:10381000DBFF50B9BD4203D0BDF82C30AB42F2D132
:1038200006A92046FFF740FFEDE75649204601F084
:1038300068FC002300934FF6FF7733460CAA6946D5
:103840002046FFF7C7FF50B9BD4203D0BDF8423054
:10385000AB42F2D10CA92046FFF760FFEDE74A49E1
:10386000204601F04EFC002300934FF6FF773346CD
:1038700019AA69462046FFF7B3FF50B9BD4203D0ED
:10388000BDF86432AB42F2D119A92046FFF76AFFB6
:10389000EDE7002E5DD14FF6FF739D4259D13B49B4
:1038A0003B4D204601F02DFC0096206801AA694698
:1038B00003F023FC88B90DF10601204601F0D4FB8A
:1038C0009DF805309DF80420002B14BF63232D23A1
:1038D0002946204601F015FCE7E7206812A903F00D
:1038E00011FC2C49204601F00CFC9DF860309D072E
:1038F00032D5BDF84A202849204601F043FB9DF807
:103900006030D8072DD5BDF848202449204601F065
:1039100039FB9DF86030190728D5BDF85E201E4997
:10392000204601F02FFB9DF860305A0723D59DF803
:103930004C200DF14D01204601F042FB9DF8603016
:10394000DB0603D51649204601F01CFB204601F09A
:1039500027FB0DF51B7DF0BD1249204601F012FB3F
:10396000CDE71049204601F00DFBD2E70D49204676
:1039700001F008FBD7E70C49204601F003FBDDE727
:10398000ECFE0400F6FE0400FEFE040008FF040046
:1039900012FF040019FF04007EEB040050EB04004A
:1039A0002BFF040028FF0400F259050030B5C3B016
:1039B000FF2305468DF8073081B900680DF1070334
:1039C00002AA03F076FB044628B99DF8072002A955
:1039D000284601F007FB204643B030BD0C24FAE72F
:1039E0002DE9F04F85B000244FF6FF73DFF8848097
:1039F000DFF88490ADF80E3006460D462746A24605
:103A00005FFA84FB05EB8B0355F82B20D2B11846E7
:103A10004146019320F042F9019B70B9494618468E
:103A200020F03CF960B955F82B000DF10E0120F0A3
:103A3000C4F818B105B0BDE8F08F82460134DFE765
:103A40000746FBE7BDF80E20BAF1000F00D14FB1D9
:103A50004FF6FF739A420BD127B151463046FFF71C
:103A6000A5FFE7E730465146FFF7C0FE0020E1E73B
:103A70000720DFE724E804002AF004002DE9FF41D5
:103A80000B6805460C4693B9DFF878801A4F00267C
:103A900056F80820394628460C3601F032FB302E05
:103AA000F6D123682BBB232004B0BDE8F081134975
:103AB000204620F0F3F80028E6D123680393104B4A
:103AC00000930C230DEB03000E49042203F033FF97
:103AD00003460028E7D082685B68511005EB62005E
:103AE000D20748BF6A5804F1040148BFD358984729
:103AF000DAE70020D8E700BFE2EA0400DBEA0400CE
:103B00007535000048FF0400C0E90012027A6FF327
:103B10000002027270470968002330B51360013952
:103B20004FF47A730A2411F8010FE8B1A0F13005BF
:103B3000092D11D8B3F57A7F02BF10686043106079
:103B400008781568303803FB0050B3F57A7F1060B1
:103B5000E9D0B3FBF4F3E6E72E2804D1B3F57A7F7E
:103B600001D16423DFE7072030BD000070B50E46A9
:103B700092B004464E49304620F090F828B12068B3
:103B800003F0E5FA002012B070BD4A49304620F03B
:103B900085F8054600B1043600213C2203A849F00F
:103BA000E5FA4549304620F079F868B1706803A914
:103BB00020F049F80028E6D1206803A903F03EF977
:103BC00008B90720DFE708363C49304620F066F8A0
:103BD00018B101238DF84430043620680DF1070335
:103BE00007AA314601F08EFB0028CCD19DF80730A2
:103BF0003BB13349204601F0C5F907A9204601F041
:103C000029FA706800282ED1B068002831D1F368F5
:103C1000002B35D1306900283BD173696BB102AA02
:103C200006F114012046FFF776FF0028ABD1029B76
:103C3000B3F5803FC5D2ADF84030B369002BC0D199
:103C4000204B0B93204B206803A9CDE90C3403F0E3
:103C500079FA002897D1237A002D65F300032372A7
:103C600008BF24208FE70EA91FF0A7FF0028CBD0A4
:103C700089E70DF13A011FF0A0FF0028C7D082E7C5
:103C80000FAA06F10C012046FFF745FF0028C1D01E
:103C900079E70DF142011FF07FFF00287FF473AF39
:103CA0009DF84230B3FA83F35B098DF84330B4E7F3
:103CB000B2E904005EE9040078FF04007BFF040021
:103CC0007EFF0400053D0000B13D000037B54A8A83
:103CD00008320C46054692B2084901F053F92146D4
:103CE000284601F0A5F9238A0093A28AA37D0449FE
:103CF000284601F006FA03B030BD00BFA1FF040062
:103D0000B0FF04000B4601461846FFF7DFBF000076
:103D1000024B186800B9FEE7FDF79CBEF00B0020CF
:103D200037B50C460A884B881E49054601F02AF92A
:103D300022889AB1237B8BB963889A420ED3D11A19
:103D40004FF47A734B430A2193FBF2F32846B3FBFB
:103D5000F1F201FB1233144901F014F9628892B1B7
:103D60006368608901904FF47A714B43B3FBF2F2C0
:103D7000B2FBF1F301FB132200920C4922899BB2A2
:103D8000284601F0FFF8284601F00AF9297A11F0D7
:103D9000010105D1284603B0BDE83040FFF7B8BFA8
:103DA00003B030BDD0FF0400FDFF04001600050085
:103DB0000B4601461846FFF7B3BF00002DE9F04F50
:103DC00090F8A4528BB004460F4600F52B76002DD8
:103DD00040F0FD800B68002B5BD10123A0F8A832D6
:103DE00040F6262540F6262204F53971304603F0C8
:103DF000E5F92022002102A849F0B8F9754B039398
:103E000094F8A832002B00F0D880734B0593734BC5
:103E1000069304F10807724B07932068029404F696
:103E20000A5302AA3946CDE9083503F0A2F905463E
:103E300088B96C4B039320686B4B049302AA04F57A
:103E40001E71029403F0ADF90546002800F0B88019
:103E5000384603F0A4F994F8A9329BB104F5C25096
:103E6000083028F045FF04F5BA50183028F07EFEDF
:103E700004F5D1500C303CF013FC04F5C65018305A
:103E80002DF059FC304603F0A7F9304603F0A6F9AF
:103E900099E0564938461FF001FFA8B1A4F8A8528E
:103EA000786800289CD002A91FF021FF0546002851
:103EB000D1D1029DEB1D05EBD3056A1E40F62523EB
:103EC0009A428FD90725C6E7494938461FF0E6FED2
:103ED000804618B10123A4F8A832E1E745493846E5
:103EE0001FF0DCFE0028EDD004F5C65940F20113A6
:103EF00009F1180904F5D15BA4F8A83248460BF182
:103F00000C0B04F5BA5A2DF011FC0AF1180A5846A8
:103F100004F5C25508353CF0BFFB504628F03CFB89
:103F2000284628F07BFE42463349284628F03FFBCE
:103F30004146284628F034FB3049284628F040FB0B
:103F400003221146284628F0B8FB032211462846D2
:103F500028F0AEFBE9222A49CDF8008043465846B6
:103F60003DF0A2F8024618B12649204601F0C9F8F2
:103F700040F22D32244948462EF062F8024618B12C
:103F80002249204601F0BDF840F2992220494846D6
:103F90002EF056F8024618B11E49204601F0B1F83D
:103FA0002946504628F046FD024600283FF478AFE7
:103FB0001949204601F0A5F872E7184B049326E74B
:103FC000012384F8A43228460BB0BDE8F08F1825F1
:103FD00041E700BF0D4A00006D4A0000DF4A0000C3
:103FE00065440000114500005145000040000500F7
:103FF0004700050050000500159300001C0F050048
:10400000540005003D0105005E0105008B0405001C
:10401000B20405004B070500720705003148000097
:1040200090F8A43223B10B6823B9083003F0B3B879
:104030000D207047072070470968006849F0C7B92C
:104040000B68F7B50446BBBB90F8A432B3B390F845
:10405000A9329BB100F5C250083028F049FE04F5A2
:10406000BA50183028F082FD04F5D1500C303CF0E5
:1040700017FB04F5C65018302DF05DFB04F1080065
:1040800003F08DF80027064684F8A77204F52B701C
:10409000019003F0A1F8019803F0A0F8054604F59B
:1040A0001E7003F089F884F8A4724EB9BD4208BFAF
:1040B0000546284603B0F0BD0725FAE70D25F8E7C9
:1040C0003546F6E70B6810B504465BB990F8A432A4
:1040D00053B1083003F061F818B984F8A50284F8E8
:1040E000A60210BD0720FCE70D20FAE70B6833B9E4
:1040F00090F8A4322BB100F51E7003F05BB80720D6
:1041000070470D2070472DE9FF4190F8A432054615
:104110000E46002B5DD041F23C73C358002B5ED19C
:104120000F68002F57D04C68002C54D190F8A8325B
:1041300043B390F8A9820846B8F1000F13D01FF0DE
:10414000A6FD024605F5BA50394618302AF020F986
:10415000002842DA20F0800010F5D24018BF01207C
:1041600004B0BDE8F0811FF092FD03AA034600925F
:10417000CDF804803A4605F52B7105F1080003F0EF
:104180001FF8EDE790F8A7324BBB00F53974C0F883
:10419000D832C0F8DC4208461FF079FD40F62622EE
:1041A000904203D830461FF072FD02463168C5F8D0
:1041B000E022204648F0B2FF002205F5367105F1F5
:1041C000080002F0E2FF0028CAD1012385F8A732D7
:1041D000C6E70D20C4E70720C2E72046C0E7052058
:1041E000BEE730B590F8A43287B005460C46A3B1BF
:1041F000206801A91FF027FD58B9606805A91FF0C4
:10420000DCFC30B9A36833B901A905F1080002F05C
:10421000B8FF07B030BD0720FBE70D20F9E730B548
:1042200090F8A43287B004460D46CBB1286801A9A6
:104230001FF009FD80B9686805A91FF0BEFC58B9D8
:10424000AB685BB904F51E74204602F0B3FF18B9E1
:1042500001A9204602F0ACFF07B030BD0720FBE704
:104260000D20F9E72DE9F0471F4690F8AA32ADF589
:10427000007D04460E46154663B990F8A932002B1E
:104280003CD01FB12B49204600F03BFF0DF5007DCF
:10429000BDE8F087002AF4D090F8A93283B300F586
:1042A000BA56DFF89880DFF8989018360DF10C0AAE
:1042B0004FF4FA72514630462AF056FC021E07DAD5
:1042C00012F5D24F0CD04946204600F01AFFEDE718
:1042D000CDF800A013464146204600F012FFE5E766
:1042E00015492A46204600F00CFFCAE7454500D094
:1042F000FEE72946304602F04CFFC2E7002AC0D054
:1043000003A9304602F043FFDFF838904FF0000871
:10431000039A002AEAD0D2E90123494600922046B6
:104320001A4600F0EEFE039B9A681B6803939044C4
:10433000EEE700BFFB070500C5070500A80705005D
:1043400090070500DE070500C0E900120121A0F872
:10435000A81241F23C710022C0F8A42280F8AA22DF
:10436000425000F5BA510A6041F24871425041F2A0
:10437000507200F10801815041F2547200F52B7126
:10438000815070472DE9FF410B6805460C4693B9F3
:10439000DFF878801A4F002656F80820394628465C
:1043A0000C3600F0AEFE782EF6D123682BBB23200E
:1043B00004B0BDE8F081134920461FF06FFC0028CF
:1043C000E6D123680393104B00930C230DEB0300FD
:1043D0000E490A2203F0AFFA03460028E7D08268AC
:1043E0005B68511005EB6200D20748BF6A5804F1C0
:1043F000040148BFD3589847DAE70020D8E700BF48
:10440000E2EA0400DBEA0400394000003C0F05004A
:10441000042A96BF104B114A53F82220104910B5B8
:10442000044600F06EFE94F8A93223B104F5BA50A8
:10443000183028F098FB41F23C72002384F8A53232
:10444000A4F8A632A35004F5BA5204F52B701360F9
:10445000BDE8104002F0C0BE280F0500C4100500E2
:104460001608050013B50446019102F087FE019A73
:10447000214602B0BDE81040FFF7CABF38B5154667
:1044800090F8A522044662B11D4900F07BFD294643
:10449000204600F01BFE20461A4900F032FE0120A3
:1044A00038BD00F10801196090F8A9320BB900205D
:1044B000F6E700F5C255083513460121284628F0D5
:1044C000B1FB024618B11049204600F01AFE41F631
:1044D00028230022E158284628F096F804F5D15206
:1044E00004F5C6510C321831284628F06FF8024600
:1044F0000028DCD00549204600F003FED7E700BFC6
:104500001E0805004E080500670805008F08050015
:1045100037B50D460446019202F048FE019B2A463B
:10452000214603B0BDE83040FFF7A8BF38B51D46AF
:104530000123044680F8A532044900F023FD2946F2
:104540002046BDE8384000F0D3BD00BFB5080500E7
:1045500037B50D460446019202F028FE019B2A461B
:10456000214603B0BDE83040FFF7E0BFF0B52B4F68
:1045700087B0044600F5BA5633681BB900252846B3
:1045800007B0F0BD04F52B710846039102F022FE3E
:104590000028F3D035680399B5F5826F2B4628BF04
:1045A0004FF4826398424FF0000215D99D4294BFA8
:1045B00000250125059294F8A922FAB104F5BA5014
:1045C0001A463946183029F0E3FE002806DD336824
:1045D000059098421DD9FEE71546EBE720F08000D4
:1045E00010F5D24F15D001250D49204600F089FD68
:1045F00041F23C720023A3503360C0E705AA019545
:10460000009204F108003A4602F0DAFD054600285F
:10461000EAD13368059A9B1A3360ADE7CF080500ED
:10462000E00C050041F24C7370B5C25841F248737A
:104630004FF4FA54C358590804FB02140849B4FB58
:10464000F3F4054600F05DFD4FF47A732846B4FBA1
:10465000F3F2044903FB1243BDE8704000F051BD82
:10466000F50C0500370D0500F8B50D4604463F4929
:1046700028461FF013FBD8B13D49204600F082FCCC
:1046800041F23C73E6582EB13A49204600F039FD1C
:104690000020F8BD41F24873E5583DB12046364947
:1046A00000F02FFD2046FFF7BDFFF1E73349ECE7AF
:1046B000334928461FF0F2FA50B394F8A732002B82
:1046C00052D141F23C76A119A359002B4CD1686814
:1046D000B8B94FF49033A351AB68CBB901F0EDF802
:1046E00041F2447341F23C76E05004F5BA5394F839
:1046F000A852A7591F606DB12046BDE8F840FFF7EA
:1047000035BF1FF0F4FA0028C3D1A359002BE3D121
:104710000720BEE704F5397340F6262261211846CA
:1047200048F024FD07F6252140F625229142AFD915
:1047300041F2307141F234726550A05040F62622A9
:10474000B7FBF2F302FB1373002B08BF134641F2D1
:1047500038722144A35004F108002A4602F015FDE6
:10476000002895D0A55194E7052092E7520D050049
:10477000590D0500700D0500780D0500820D05002E
:104780008B0D050038B5044601F097F841F24473EB
:1047900041F23C75E358C01A41F24873E05041F2CF
:1047A0004C736259E2502046FFF73CFF00236351EF
:1047B00038BD0000F8B590F8A8520446114605B17E
:1047C000FEE741F23C7600F53673825942B99942D0
:1047D00005D190F8A73203B9FEE780F8A722F8BD0B
:1047E000994200D1FEE700F5BA528F681368BB42C8
:1047F00000D2FEE7DB1B136040F6252293420ED960
:1048000040F626238B602A46083002F0BEFC0028C2
:10481000E5D00649204600F074FCA551DFE7002BE7
:10482000DDD1BDE8F840FFF7ADBF00BFE00C0500EB
:1048300013B50446019102F0A1FC019A214602B091
:10484000BDE81040FFF7B6BF73B500F5BA5518358F
:1048500011490446284627F0F3FE024618B10F49D5
:10486000204600F04EFC0E220D49284627F0D0FECF
:10487000024618B10B49204600F043FC002604F51F
:10488000BA51094B094A00961031284627F092FE8A
:1048900084F8AA6202B070BD8F0D0500990D050065
:1048A000BE0D0500CD0D050015720000E171000080
:1048B00038B590F8AA320546CBB900F5BA50183091
:1048C00027F086FF0124024638B90A49284600F03D
:1048D00018FC85F8AA42204638BD20F0800313F565
:1048E000D24FF8D00449284600F00BFCF3E700242F
:1048F000F1E700BFFD0D0500140E0500F0B590F8BE
:10490000A43287B004460F46002B5FD000680DF13B
:10491000030301AA00F0F6FC054608BB9DF803302E
:104920003BB12B49204600F02DFB01A9204600F0A9
:1049300091FB786805A91FF040F9054680B9BB686E
:10494000002B41D007F10805224928461FF0A6F99F
:10495000064640B9204928461FF0A0F920B907258E
:10496000284607B0F0BD0126FB68002BF7D194F86C
:10497000A9326BB1002304F5C2501A46194608301B
:1049800028F050F9024618B11449204600F0B9FB4E
:10499000324601A904F1080002F0F5FB05460028A3
:1049A000DED1012384F8A532734084F8A63294F84E
:1049B000A932002BD4D0002ED2D12046FFF744FFDD
:1049C0002046FFF775FFCBE70126D0E70D25C7E7A7
:1049D0002D0E0500560E05005B0E0500670805004C
:1049E00010B50446084900F08CFB94F8A93253B185
:1049F00094F8A6323BB92046FFF726FF2046BDE8D3
:104A00001040FFF755BF10BD600E050007B50190BF
:104A100002F0B4FB019903B05DF804EBFFF7E0BFCF
:104A200038B590F8A8320446154603B9FEE711469A
:104A300000F52B7002F0CCFB94F8A93213B120469C
:104A4000FFF736FF41F23C73E35873B104F5BA53F4
:104A50001B6823B12046BDE83840FFF787BD25B964
:104A60002046BDE83840FFF78DBE38BD37B50D464E
:104A70000446019202F082FB019B2A46214603B0C4
:104A8000BDE83040FFF7CCBF2DE9F0411F4600F1F3
:104A90000803994204460D46164600D0FEE790F8FA
:104AA000A5328BB990F8A922012380F8A53280F8AD
:104AB000A6323AB93B46324629462046BDE8F04187
:104AC000FFF7D0BBFFF7C0FE94F8A932002BF1D05E
:104AD0002046FFF7EDFE0028ECD0BDE8F081F7B5E9
:104AE0000D4616461F46044602F048FB0097334623
:104AF0002A462146FFF7C8FF03B0F0BD70B50C464B
:104B000086B00546134920461FF0C8F8B0B10434FA
:104B10000026206801A91FF096F868B9606805A909
:104B20001FF04BF840B9A36893B92868334601AA2F
:104B300005F10C0102F01BFE06B070BD06492046CF
:104B40001FF0ACF810B104340226E2E70126E0E7DA
:104B50000720F1E7B40F0500B70F050030B587B0A7
:104B600004460DF10303006801AA0D4600F0CAFBDC
:104B7000B8B99DF803303BB10C49204600F002FA69
:104B800001A9204600F066FA686805A91FF015F82B
:104B900038B9AB683BB9206801AA04F10C0102F0F6
:104BA000EBFD07B030BD0720FBE700BF2D0E050071
:104BB00000F10C01006802F0D5BD000013B500F152
:104BC0000C0104460068019102F0BDFD40B9064A9F
:104BD00001992068234602B0BDE8104002F0AEBD46
:104BE000182002B010BD00BFD94E0000096800684F
:104BF00048F0EDBB10B50C680B4634B100F108016C
:104C0000BDE81040184600F013BB017A00F08AFAA4
:104C1000204610BD10B50123C0E9001204460372FE
:104C2000342200210C3048F0A1FA204610BD73B5A3
:104C3000302305460C468DF807306126DCB1012291
:104C40000DF10701284602F00AFAA8B99DF80730CD
:104C50005A2B07D07A2B0AD0392B0AD141238DF851
:104C6000073001E08DF80760013CA4B2E6E730238D
:104C7000F5E70133F3E7204602B070BD70B590B0A0
:104C800005460191322603AA0DF10A0101A8ADF8EB
:104C90000A601EF0F9FF044608B124280AD1BDF8C5
:104CA0000A2003A9284602F0DAF908B1044601E017
:104CB000002CE8D1204610B070BD00002DE9F04175
:104CC0008CB0012300F10C07054688468DF80530AD
:104CD0003946037A00688DF8043002F034FD00286C
:104CE0006DD02622002102A848F040FAD8F80830FA
:104CF000FBB128680DF1060306AA414600F002FB4D
:104D0000044600285CD19DF806303BB13049284666
:104D100000F038F906A9284600F09CF9D8F80400FC
:104D20000DF12A011EF049FF0446002848D108F180
:104D30000808286801A902F0F3FC0646002843D0C1
:104D4000244940461EF0AAFFD0B1D8F804000DF166
:104D500006011EF032FF044670B9BDF80610304659
:104D6000FFF765FF044638B9286802AB324639467A
:104D700002F007FD044618B3304602F068F91FE060
:104D8000154940461EF08AFF30B1D8F80410E9B149
:104D90003046FFF773FFE5E7104940461EF07EFFFF
:104DA00008B108F10408D8F800407CB140461EF074
:104DB0006EFF21460246304602F051F9D2E70D243B
:104DC00020460CB0BDE8F0810324F9E70724D3E7BF
:104DD000BA0F0500E00F05002AF00400E30F0500FC
:104DE0002DE9FF410B6805460C4693B9DFF8788042
:104DF0001A4F002656F80820394628460C3600F08F
:104E000080F9482EF6D123682BBB232004B0BDE8DF
:104E1000F081134920461EF041FF0028E6D12368A7
:104E20000393104B00930C230DEB03000E49062255
:104E300002F081FD03460028E7D082685B685110CC
:104E400005EB6200D20748BF6A5804F1040148BF6D
:104E5000D3589847DAE70020D8E700BFE2EA040019
:104E6000DBEA0400ED4B000010100500F0B504462D
:104E7000ADF2E45D08460D46164602F0EAF8074634
:104E8000284602F0EAF811493A1A204600F07AF86A
:104E900006F11001204600F0CBF8728C0C49204638
:104EA00000F070F8284602F0D8F801AA014640F256
:104EB000DB53284602F0D5F801AA00231354054914
:104EC000204600F01EF90DF2E45DF0BDE60F05008E
:104ED000B4EB0400E2EA0400FFF7C8BFC0E9001227
:104EE00070472DE97043002304460D46137554EABC
:104EF000050306D1302302F11306D3743046BDE812
:104F0000708302F11406204629460A22002347F046
:104F10002BFF303206F8012D204629460A220023B5
:104F200047F022FFA946A046B9F1000F08BFB8F12B
:104F30000A0F04460D46E6D2E0E7000037B5054605
:104F4000072268460C4603F0BDFC42F2107303FBD7
:104F500005F04FF6FF73B0FBF3F064230549B0FB97
:104F6000F3F203FB1203684603F0D4FC204603B0BF
:104F700030BD00BF58100500D0E900301847406828
:104F8000FFF7FABF0EB403B503AA52F8041B01924F
:104F9000FFF7F5FF02B05DF804EB03B070470000C7
:104FA0000149FFF7EFBF00BF880405000A46024B26
:104FB0000249FFF7E7BF00BFC95305008010050095
:104FC000F8B5074E07460C468D18AC4206D014F8CB
:104FD000012B31463846FFF7D5FFF6E7F8BD00BF95
:104FE0006010050010B50446FFF7EAFF2046BDE853
:104FF0001040FFF7D5BF000010B586B01946044633
:1050000010466A46FFF76DFF034902462046FFF748
:10501000B9FF06B010BD00BFE2EA040010B50446B7
:10502000FFF7EAFF2046BDE81040FFF7B9BF0000D8
:1050300010B58AB0044628220846694601F03BFFB5
:1050400003496A462046FFF79DFF0AB010BD00BF26
:10505000E2EA040010B50446FFF7EAFF2046BDE887
:105060001040FFF79DBF000010B58CB004462D2204
:105070000846694601F023FF03496A462046FFF7C8
:1050800081FF0CB010BD00BFE2EA040013B5CC886C
:105090004B880A8864BAA4B20194898849BA89B253
:1050A0005BBA52BA00919BB2024992B2FFF76AFF13
:1050B00002B010BD6510050010B50446FFF7E6FF0D
:1050C0002046BDE81040FFF76BBF000010B58CB064
:1050D000044630220846694601F0EFFE03496A465D
:1050E0002046FFF74FFF0CB010BD00BFE2EA0400FE
:1050F00010B50446FFF7EAFF2046BDE81040FFF771
:105100004FBF0EB417B505AA044652F8041B01920E
:10511000FFF735FF2046FFF743FF03B0BDE810401F
:1051200003B07047034A044B002914BF11461946C7
:10513000FFF7E7BF76100500B9F104000CB473B5B2
:1051400006AD044655F8046BFFF730FF2A4631469A
:1051500020460195FFF713FF2046FFF721FF02B01D
:10516000BDE8704002B070472DE9F341DFF83C80A4
:105170000D4F14468E18B4420FD041460190FFF7F0
:1051800001FF14F8015B0198002DF4D03946013D70
:105190000190EDB2FFF7F6FEF5E7044902B0BDE875
:1051A000F041FFF7AEBF00BFF25905000A590500F4
:1051B0002DE9F04FDFF87090DFF870B085B004464D
:1051C0000E461F46154603F1FF3802EB810A55458E
:1051D0001CD055F8043B18F8012F0392184602938F
:1051E00048F007F9039A029B0230904206D8C2F1B8
:1051F000010259462046FFF7C5FEE8E700934946FD
:10520000134620465242FFF7BDFEE0E7204605491F
:10521000FFF777FF3A463146204605B0BDE8F04F2C
:10522000FFF7A2BFD9EA0400841005007E10050034
:1052300070B50D46094906461EF030FD044618B10A
:1052400001232B70002070BD054930461EF026FD5D
:1052500008B12C70F6E72320F5E700BF8B1005009E
:105260009210050037B5054608460DF107011446B2
:10527000FFF7DEFF28B99DF807102868A04703B0A4
:1052800030BD2320FBE770B50E68154604461A466C
:105290001EB1BDE87040FFF7E5BF0068A8470146B2
:1052A0002046FFF73FFF304670BD70B506460068E8
:1052B0000C4608B9072070BD2F2148F07BF8054641
:1052C00088B104F1080101301EF066FC0028F2D11B
:1052D000227A013A3F2AEDD8287030682146BDE88D
:1052E00070401EF0FDBB1720E5E7000001300228EA
:1052F0009ABF024B53F8200001487047B8100500D0
:10530000C95305002DE9F341804608680F4616464B
:105310001D46C0B111461EF096FC00232B700446BA
:1053200068B1386801A91EF093FC40B9324601A962
:10533000404601F0A8FE044608B901232B70204620
:1053400002B0BDE8F0810724F9E7037813F0010FFC
:105350000B461CBF722203F8012B0278920744BF50
:10536000642203F8012B0278520744BF6E2203F82F
:10537000012B8B4204BF2D2203F8012B00221A704F
:105380000846704703289ABF024B53F82000024892
:10539000704700BFCC100500C410050000F140208C
:1053A00000F50030002382B0036003680193019B85
:1053B00002B0704708B5094B020103EB0010084B1F
:1053C0004168C3F84813C168C3F808130089FFF7A0
:1053D000E5FF044B0021995408BD00BFDC10050017
:1053E00000400240682A0020224B37B519460120B0
:1053F000D3E84F2FD2B28DF807209DF8072062B175
:10540000BFF32F8F1C4B1A681C4B12B91A68D207B6
:105410002DD518680230400827E0C3E8420F002A63
:10542000E6D1174B0222C3F80823BFF35F8F03F5C1
:105430008273124A1B684BB1136801331360BFF3C8
:105440005F8F4FF48270FFF7A9FF012310680C4CA7
:10545000022501304008C4F80453BFF35F8F0024D5
:105460000C7013B113680133136003B030BD1868BA
:10547000D1E700BF582A0020044102405C2A0020E6
:10548000004002402DE9F04106460C46FFF7ACFF14
:105490000546BFF35F8FDFF82080D8F80475BFF3AF
:1054A0005F8FFFF7A1FF3060854218BFD8F8047501
:1054B0002760BDE8F08100BF004002402DE9F843BD
:1054C0004C4CDFF840E1DDE9083C04EB021889466A
:1054D0009842D8F80C10D8F80480CEF808134FEA98
:1054E0000215CEF844839E4672D9A0EB0308B8F1AA
:1054F000000F6DDA00334CF1FF3CC84618EB000892
:105500004FF000034FF0000949F1000913EB0806C2
:105510004CEB090732B94FF47A7303FB07F1A6FB92
:1055200003670F44344B4FEA563848EAC748A8FB94
:105530000389790B03FB01994FEA18704FEA197838
:1055400040EA091043F609534FEA482C4CEAD05C74
:105550004FEA402EA0FB030103FB0811B6EB000845
:1055600067EB0106254840F2314101FB08F100FBE1
:105570000616A8FB0078B0444FF0FF36BE1947F678
:10558000FF7048EB00004FEAD03818EB0E084FF0E0
:10559000000141EB0C0C28F07F4640F2FF10A8FB05
:1055A000038903FB0C9918EB000049EB0101D2B110
:1055B000400A40EAC150490A114B124A2B44C3E940
:1055C0000201635903F5A87342F82360BDE8F8832C
:1055D000704592D2AEEB000EBEF1000F8DDA0033B3
:1055E0004CF1010C89E74FF4FA22002347F0BCFB91
:1055F000E2E700BFDC100500D07B63087B2DE8BD2F
:10560000682A00200040024073B5064601A968469A
:10561000FFF738FF019843F6095140F2FF120023CB
:10562000E1FB0023540A44EAC3545D0A009A084B84
:10563000E3FB024546B9204629464FF47A7200231F
:1056400047F092FB04460D462046294602B070BD45
:105650000080841EF8B51A4D05EB001304460601C0
:1056600018890F46FFF79AFE2046FFF7CDFF024646
:105670000B463FB913493144D1E902018B4208BFBF
:1056800082421CD33544104B6A68C3F84823022C6D
:10569000EA68C3F808230AD0032C0CD0094A012376
:1056A00093550A4A1370BDE8F84000F064BFBDE8A6
:1056B000F84043F079BFBDE8F84043F085BAF8BD43
:1056C000DC100500682A002000400240572A002014
:1056D0002DE9FF410746884602A803A91646FFF7B1
:1056E000D1FE039843F6095140F2FF120023E1FB7B
:1056F0000023540A44EAC3545D0A029A294BE3FB8F
:10570000024546B9204629464FF47A72002347F0F5
:105710002BFB04460D463246CDE90045414638464E
:10572000FFF7CCFE204B039AD3F804359A4203D0FE
:1057300003A902A8FFF7A6FE039B43F60950991C94
:1057400040F2FF120023E0FB0123540A44EAC35451
:105750005D0A029A134BE3FB024546B920462946EF
:105760004FF47A72002347F0FFFA04460D460F4AC1
:1057700002EB0612D2E902239D4208BF94424FEA8F
:10578000061107D301213046FFF764FF40BF04B084
:10579000BDE8F081064B0B44DA68034BC3F80423E1
:1057A000F5E700BF0080841E00400240682A002008
:1057B000DC10050038B52A484022002147F0D6FC0D
:1057C000284B00201860284B1870284B0024002517
:1057D000C3E9004546F0A4FE46F0E0FE0028FBD0F9
:1057E000234BC02283F824231022C3F884215A605B
:1057F000204A0023C2F808354FF48270FFF7CEFD2F
:105800000223C2F844334FF4A070C2F80433FFF708
:10581000C5FD4FF48033C2F848334FF4A270C2F88C
:105820000833FFF7BBFD4FF40033C2F848334FF4A1
:10583000A470C2F80833FFF7B1FD4FF48023C2F81B
:1058400048334FF4A670C2F80833FFF7A7FD4FF4B2
:105850000023C2F84833C2F808330123136038BD6F
:10586000682A00205C2A0020582A0020602A002094
:1058700000E100E0004002402DE9F04100260B4F1E
:105880000446B0460A4D87F800802B7C1BB12046A9
:105890002E7403F01FFA2B781BB120462E7003F0F4
:1058A000E1F93B78002BEDD1BDE8F081572A0020CB
:1058B000682A00200120FFF7A7BE08B5FFF7FAFF0E
:1058C0004FF47A72002347F04FFA08BD084611469C
:1058D0000022FFF7FDBE0020FFF76CBD08B5FFF703
:1058E000E9FF08BD084611460122FFF7F1BE01207D
:1058F000FFF760BD70477047044B4FF48022C3F838
:105900000823BFF34F8FBFF36F8F704700400240F3
:10591000024B4FF48022C3F804237047004002403A
:10592000FFF7DCBF1F2070470222FFF7D1BE022025
:10593000FFF740BD2DE9FF48154F164E40F2FF140A
:10594000002502A903A8FFF79DFD029A43F609531B
:1059500020462946E3FB0201400A039B40EAC1506E
:10596000490AE7FB03018C4683460322CDE900BCCC
:105970003E215846FFF7A2FD4FF40023C6F804333A
:10598000D6F80435029A9A42DBD104B0BDE8F0881B
:105990000080841E0040024037B5044603200D46B7
:1059A000FFF732FE0322CDE9000129462046FFF72A
:1059B00085FD034B4FF40022C3F8042303B030BD30
:1059C000004002400320FFF7F5BC000008B5224B61
:1059D00001221A604FF4A070FFF7E0FC1F4A4FF459
:1059E0008033C2F848334FF4A270C2F80833FFF78F
:1059F000D5FC4FF40033C2F848334FF4A470C2F81A
:105A00000833FFF7CBFC4FF48023C2F848334FF440
:105A1000A670C2F80833FFF7C1FC4FF40023C2F8A8
:105A20004833C2F808330223C2F808334FF48270B7
:105A3000C2F84833FFF7B2FCFFF7C4FF084B10224F
:105A4000C3F88420C3F88421002283F82423BDE80E
:105A5000084046F08FBD00BF0440024000400240B5
:105A600000E100E0004870474C410240014B986B58
:105A7000704700BF682A0020114B1B6870B52BB11E
:105A8000104B0222C3F80823FFF7AEFC0E4D0D4E5B
:105A90000024D6F80423EB681A420AD02B8903F1BC
:105AA000402303F500331B681BB10021E0B2FFF770
:105AB000D1FD0134042C05F11005EAD170BD00BF01
:105AC0000441024000400240DC100500FFF7F2BE36
:105AD000012303FA00F0084A82B0C04352E8003FB5
:105AE0000193019B03400193019B42E8003100298F
:105AF000F4D102B0704700BF202B0020074A82B0CB
:105B000052E8003F0193019B23F001030193019BA5
:105B100042E800310029F3D102B07047202B002069
:105B20000123094A82B003FA00F052E8003F0193D2
:105B3000019B03430193019B42E800310029F4D10A
:105B400002B000F018BD00BF202B0020F4230B7022
:105B5000CE234B7036238B704FF0805382B01A6E79
:105B60005B6EC1F80330CA7102B0704707B501A877
:105B7000ADF8041043F0B2F803B05DF804FB000088
:105B800010B40748CB1D1C7800F8014B8B4203F181
:105B9000FF33F8D15DF8044B084643F0A1B800BFCD
:105BA000F02A002007B501A8ADF8041043F09AF8D8
:105BB00003B05DF804FB0000154B012210B51A700C
:105BC000144B7F221A70144B144A1A60144ADA607C
:105BD000144A00231370144A2824184604FB03F1C6
:105BE0000133102B8850F9D1104A00237F21013353
:105BF000102B02F8011BFAD128220D48002147F092
:105C0000B5FA0C4B0022BDE810401A6043F077B89B
:105C1000E92A0020E82A0020C82D0020012E0020BB
:105C2000F02D0020382B0020402B0020002B0020DE
:105C3000A82A0020342B002008B543F0A5F843F033
:105C400083F8024B00221A6008BD00BF202B002001
:105C500008B50C4B1B7883B943F08AF804280ED0A2
:105C600004D8022814BF0220012008BD0638C0B2A3
:105C7000022834BF03200220F7E70020F5E70320C5
:105C8000F3E700BFE92A0020034B1A7812B1002085
:105C9000187070470D207047E92A002010B5084C95
:105CA00022784AB9FFF7D4FF012803D0054B1B68BF
:105CB000DB0703D501232370002010BD0D20FCE776
:105CC000E92A0020202B002008B543F060F828B90D
:105CD00000F0AFFDFFF712FF002008BDFFF70EFF39
:105CE0000020FFF71DFFF7E70B68F7B58A8803F878
:105CF000012C07460C4643F03BF8022801D100F086
:105D000097FD204600F0A6FC90B1204600F0A7FCCD
:105D100070B1237F9B070BD41E4B2046197800F0EF
:105D2000BCFC1D4B196820464A1C1A6000F0B7FCE9
:105D30006669A079D6B1256800903346681E22694D
:105D4000012143F03EF80028064612BF00250D252C
:105D50000126FFF7D3FE214638460BF09DFC16B90D
:105D60000220FFF7DDFE284603B0F0BD42F09CFFA5
:105D7000257F206815F0040505D00138354643F02D
:105D80005FF80126E5E72946013843F00EF806469C
:105D9000DFE700BFF82A0020FC2A002000487047F7
:105DA000C82D002008B5064B4FF4206043F00103D6
:105DB000984743F014F8BDE8084043F012B800BF1C
:105DC00020110500FB20704743F01CB8084643F043
:105DD0001BB8084643F01AB807B5ADF8041001A87F
:105DE000002143F015F800280CBF0320002003B069
:105DF0005DF804FB08B50846012143F009F80028C6
:105E00000CBF0320002008BD07B5ADF8041001A8A1
:105E1000002143F006F800280CBF0A20002003B040
:105E20005DF804FB08B50846012142F0FAFF00289E
:105E30000CBF0A20002008BD002042F0F5BF012061
:105E400042F0F2BF4FF47A7310B55A430A4C0B4B31
:105E5000226008461970FFF751FE42F025FF2068C6
:105E600042F0B7FF20B10520FFF732FE002010BD41
:105E70000520FFF755FEF9E7EC2A0020EB2A002069
:105E800010B50C4621B142F022FF2070002010BD59
:105E90000720FCE713B50C4661B101A842F0CEFF24
:105EA000054A9DF8053012785E3B9B1A237000204E
:105EB00002B010BD0720FBE7F92A002013B50D4BF7
:105EC0001B78194448B210F15E0F10DB0024ADF8C6
:105ED00005408DF807408DF8044042F009FF8DF829
:105EE000050001A842F0A3FF204602B010BD072024
:105EF000FBE700BFF92A002021B1034B1B780B7090
:105F00000020704707207047F92A0020F7B50B4C96
:105F1000054601A80E4694F9007042F08FFF9DF8E7
:105F20000530217826705E3B591A49B22846FFF7A2
:105F3000C5FF00B1277003B0F0BD00BFF92A0020F3
:105F4000F8B50026404D044637462B684BB1204635
:105F5000002229460BF098FB28682F60013842F098
:105F60003CFF0136102E05F12805EED1374D2B6888
:105F70009F0714D5364E0120FFF7AAFD3268354938
:105F8000002A20464FF0000318BF32460BF08CFB6E
:105F9000306820B1013842F020FF002333602B68C5
:105FA0005E0708D50220FFF793FD2A490F23002240
:105FB00020460BF079FB2B68180708D50320FFF764
:105FC00087FD24490E23002220460BF06DFB2B6831
:105FD000D90608D50420FFF77BFD1F4B00211A7856
:105FE00020460BF051FB2B685A0608D50620FFF718
:105FF0006FFD1A4B204693F900100BF062FB2C68E2
:1060000014F0010408D042F0C2FE0446A0B900F02A
:1060100010FC2046FFF75CFD2B689B0611D5104B4A
:10602000187842F041FE0F4B186842F0D2FE28B9B2
:10603000BDE8F84000F09FBA0124EDE70520FFF726
:1060400047FD002CF4D1F8BD402B0020202B002070
:10605000A82A0020C82D0020382B0020EA2A002082
:10606000EB2A0020EC2A00202DE9F74F354D93460E
:1060700004468A46984600272822A94602FB07F3D1
:106080005959002953D1EE1828223046019347F080
:106090006DF8019B621CEA502378B38086F815A046
:1060A00086F816B042F00FFEB0716278DFF8A4A057
:1060B00012F0200242D1282505FB079505F11009B1
:1060C000EB7D62F3000389F80730FFF707FC2178C6
:1060D0000746404642F00FFE8046FFF7EBFB0246C4
:1060E000A7EB0800121A61F10003C5E9022300239F
:1060F0008AF800306378144C13F0200F10D030462B
:1061000000F09EFA60B199F80730227862F34103FB
:1061100089F807300D4B1B682B610D4B1B782B75D5
:106120000023237003B0BDE8F04F00F024BA01371C
:10613000102FA3D1002301341C60FFDE9AF8002049
:10614000B9E700BF402B0020D62A0020D02A00202B
:10615000D42A0020D52A0020431E092B09D8DFE8C5
:1061600003F00516191C1C1C1C051C1C0D4B1222CF
:106170001A700D4A002313700C4A0828137001D0BE
:1061800005280DD1074A00201370FFF7C9BC054B45
:106190001122EDE7034B1622EAE7024B0122E7E763
:1061A0000420F2E7382B0020D52A0020D62A002030
:1061B00070B54378274A284DC3F3001100261B070A
:1061C0008AB0044611702E702FD52422314601A8C2
:1061D00046F0CCFF631C009368462378ADF804308A
:1061E00000F04EFA0446684600F039FAE8B1E4B12E
:1061F0001A4B1B789C421AD1194A1368591C11601A
:10620000184A1360184B194A029314702146012250
:1062100068462A7000F041FA124B6846196800F08F
:106220003EFA1349684600F009FA0AB070BD5A1EDA
:10623000944207D10F4A1368591C1160094A136030
:106240000D4BE0E701339C42EFD1064B1E600B4B38
:10625000D9E700BFD52A0020D62A0020F82A00203E
:10626000FC2A0020D02A0020D82A0020D42A00208E
:10627000F02A0020342B0020242B0020102B00209B
:106280002DE9F047DDF820A0144C90461F460D463E
:1062900029B92160BDE8F0470120FFF741BCFFF7B5
:1062A0001DFBA946064619F8011B504642F023FD86
:1062B0008246FFF7FFFA0246A6EB0A00121A61F1C6
:1062C0000003C4E90223C4F800902B78A38084F86B
:1062D0001580A77542F0F7FCA071DBE7A82A002023
:1062E000013906290AD8DFE801F00407070407048A
:1062F00004000220FFF714BC0320FBE770470000F6
:1063000008B542F0F1FC034B1870BDE808400620C8
:10631000FFF706BCEA2A00206FF063007047000018
:1063200010B50A4C204600F095F970B1204600F0F7
:1063300096F950B1237FDB0607D4054BA3602046B6
:106340000449BDE8104000F079B910BDC82D002007
:10635000D82A0020F02A00207047704700F0FCBEC9
:10636000FFF7B4BBF8B50020DDE9066517461C460B
:1063700046F09AF80C4B1F7094E80F000B4F0C4C32
:1063800087E80F0096E80F0084E80F0095E80F00FB
:10639000084C84E80F00084B1A68084B00201A606C
:1063A000BDE8F84046F082B8F82A0020242B0020EF
:1063B000D82A0020102B0020FC2A0020342B00209B
:1063C00010B500200C4646F06FF8034B00201C600F
:1063D000BDE8104046F06AB8FC2A002010B5002045
:1063E0000C4646F061F8054B1A68A24238BF1C60A3
:1063F0000020BDE8104046F059B800BFFC2A00203C
:10640000A0F10B030F2B9DBF024BC01810F90B0C12
:106410007F207047002B002008B5FFF7F1FF074BE6
:1064200093F900307F2B04D09842A8BF184640B2A1
:1064300008BD7F2808BF0020FAE700BFE82A002037
:1064400010B508460C4642F02FFC42F091FC0228A1
:1064500001D100F0EDF92046FFF7DEFF42F035FCF8
:1064600042F09DFCFFF74AFB00280CBF0D200020E6
:1064700010BD000010B50C4642F025FC7F2C07D063
:10648000044B1C70FFF7C8FF42F01FFC002010BD3A
:106490000720FCE7E82A002021B1034B1B880B8072
:1064A0000020704707207047C02D00207047000073
:1064B00008B5034B08461980FFF7F8FF002008BD18
:1064C000C02D002010B50C4C00F0B1F900F05EF8C2
:1064D000FFF7B2FB00F0CEF922780AB900F0BBF961
:1064E000207800F04CFA00F08DF9FFF76FFABDE864
:1064F000104000F0A1B900BF8021012010B5124C5E
:1065000023780BB1FFF7DEFF104B0122C3F84025C3
:1065100045F0EEFF00F08EF9FFF74CF900F01EF9A0
:1065200023780BB900F0BDF8207800F023FA00F0D2
:1065300093F9FFF741FB00F01FF800F077F900F046
:10654000B0F80023237010BD8021012000E001403D
:10655000014B1878704700BF8021012010B5044618
:10656000FFF7EEFC00F00FFA00F016F82046BDE849
:106570001040FFF781B97047034B00221A60A3F265
:10658000045301221A60704704C50040014B0122E8
:106590005A60704700C000401F4B2DE9F7431F4C65
:1065A000D3F8002125688AB10022C3F80021D3F86E
:1065B00000210192019AD3F80825D3F808359205F5
:1065C00044BF6FEA83536FEA93532360FFF772F976
:1065D000134B1A680FF23809D9E90089861A5A68EC
:1065E00061EB0207B94508BFB0453FBF0A4A012623
:1065F0001660C3E900012368AB4204D003B0BDE8D4
:10660000F04342F069BB03B0BDE8F083AFF3008014
:1066100080C3C9010000000000C00040882E002097
:10662000802E002070477047034B18680028B8BFC1
:10663000033040F387007047882E002005F0E8B84B
:1066400008B504F07FFC00F44050A0F50053584218
:10665000584108BD03681878C0F3C000704707B5FB
:106660000DF1070104F02CFF40B99DF80700A0F1DF
:1066700008035842584103B05DF804FB0020FAE7D4
:1066800007B500230DF107018DF8073004F068FF0E
:106690009DF8070003B05DF804FB04F077BF04F039
:1066A0002FBF704708B546F05BF9002008BD08B55C
:1066B000086846F0ABF9002008BD08B5104646F062
:1066C00069F980F00100C0B208BD002070470000E9
:1066D000064B00221A6082B01B680193019B044B99
:1066E0000122C3F804231A6002B0704700D10040B1
:1066F00000D00040144B1A6813B51AB3134AD2F8ED
:106700000813C9071ED5002119601B680193019B5E
:10671000D2F808450E4B0F4A19681068091A7F29EC
:1067200006D81968481C186001F07F010A484454D3
:106730001B6812689B1A7F2B81BF044A0123C2F891
:106740000833536002B010BD00D1004000D00040BB
:10675000102F00200C2F00208C2E002070B58022DE
:10676000234D244C2448002146F000FD23490023FA
:106770002B602360C02381F80D334FF40053C1F820
:1067800080310B601E49D1F8040540F00100C1F8CA
:106790000405D1F8000220F00100C1F80002FFF763
:1067A00097FF2B46224611681868091A0329FAD95F
:1067B00011681868091A032917D90F4D04240020FD
:1067C000166819688E421DBF19684E1C01F07F01C2
:1067D00000211CBF695C1E600002013C40EA010010
:1067E000EED1BDE8704046F073BD0020F9E700BF70
:1067F0000C2F0020102F00208C2E002000E100E044
:1068000000D00040074A0123C2F808335360064B0A
:106810004FF40052C3F88020C3F88021002283F88F
:106820000D23704700D0004000E100E07047704742
:106830007047704700F040B800F04CB80CB407B592
:1068400004AB53F8042B019300F04AF803B05DF851
:1068500004EB02B0704770474FF08043044AD3F80E
:10686000001411604FF0FF32C3F80024704700BFDE
:10687000142F00207047000008B500F086F80A4B7E
:10688000187018B1094B04221A6008BDBFF34F8F6E
:106890000749084BCA6802F4E0621343CB60BFF3B8
:1068A0004F8F00BFFDE700BF80210120142F002083
:1068B00000ED00E00400FA0508B50121002045F0D4
:1068C000C5FD0028A2BF024B01221A7008BD00BFFF
:1068D000182F0020014B00221A707047182F00203B
:1068E00070B51E461D4B1B78A4B004461546002B00
:1068F00032D0FEF7E2FF1A4B1A4A0090802103A81B
:1069000046F024FD601E032896BF174B174B53F823
:106910002030174A6D210DF11F0046F017FD13308E
:1069200084B22A4603AD3346C4F1800115FA80F0E3
:1069300046F0BEFD00280FDB0444A4B2802C28BF23
:10694000802424AB23440A2203F8842C621C92B2D4
:1069500003A9002045F046FD24B070BD182F00208B
:106960002B110500331105005C11050026110500EF
:106970003E11050008B900F00AB800F009B808B9DE
:1069800000F096B8704700F045B900207047704796
:106990007047000030B52D4D287885B0002852D1C1
:1069A0004FF0A0432A4C4022C3F8082506210322B9
:1069B000C3F81827C3F82007C4F80C150821C4F839
:1069C00014152021C3F81C07C3F80815C3F81427B1
:1069D0000523C4F808350723C4F810350123C4F88B
:1069E0006C354FF0EB73C4F824351A4B18601B68F4
:1069F0000393039B184B18601B680293029B174B71
:106A000018601B680193019B4FF48073C4F8043332
:106A10004FF40173C4F80433114BC02283F80223EE
:106A20000422C3F880211A6045F0C0FD45F0FCFD4A
:106A30000028FBD00823C4F8003501232360002080
:106A40002B7005B030BD1820FBE700BF25310020BA
:106A50000020004020210040242100400821004067
:106A600000E100E038B50F4D2B78C3B10E4B002488
:106A70000422C3F88020C3F8802183F802430B4B23
:106A80004FF48072C3F808234FF40172C3F808234F
:106A9000C3F8004545F0B4FD2C70204638BD1820E1
:106AA000FCE700BF2531002000E100E000200040AD
:106AB000024B1B780BB1FFF7D5BF70472531002083
:106AC0001FB5254BD3F8042391051AD5234A116825
:106AD000B9B10023136013680193019B204B1A681E
:106AE000002A37D000221A601B6803931D4A039BBB
:106AF000012313701C4A136004B0BDE81040FFF777
:106B00003ABDD3F804235207E8D5184A1168002982
:106B1000E4D000211160126815490292029AD3F85C
:106B200018450A88134892B284540A880132C2F385
:106B300008020A800A88104909880132C2F3080253
:106B400089B2914204BF4FF40172C3F80823FFF7E2
:106B500012FDC3E704B010BD002000402421004016
:106B600020210040243100200C200040082100405A
:106B70001A310020192F00201C310020064908B5C9
:106B80000B683BB1054B1A7822B100220A601A70DB
:106B9000F9F7DEFC08BD00BF2031002024310020C1
:106BA00008B5054B054A196811B11378002BFBD0C5
:106BB000FFF7E4FF002008BD203100202431002031
:106BC00073B5104C236805460E467BB90E4A256006
:106BD0000020106012680192019A0C4A0121C2F84B
:106BE0004455C2F84865916002B070BD084B1B78EF
:106BF0000BB10520F8E7FFF7D3FF2368002BE5D0A2
:106C0000F7E700BF20310020202100400020004095
:106C10002431002038B51A4B1A4C1D881A88238855
:106C200092B29BB29A42ADB226D023889BB29D42CB
:106C30000BD220882188144BC1F5007113FA80F023
:106C400089B2F9F725FC0023238023889BB29D425B
:106C500009D9208821880C4B691A89B213FA80F06F
:106C6000F9F716FC2580094BD3F8042352075CBFC3
:106C70004FF40172C3F80423BDE83840FFF77EBF2C
:106C80001A3100201C310020192F00200020004064
:106C900000F5FF40243000F099BD48F20203C05ACD
:106CA000704700F500400CF019B800F5004000886E
:106CB000704700F500400CF047B848F20403C05A92
:106CC000704748F204030022C252704700F5A64004
:106CD000303005F043BE00F5A640303006F0BCBAB7
:106CE00000F5A6405C3005F039BE00F5A6405C30EA
:106CF00006F0B2BA00F5A640303006F091B800F5C3
:106D0000A640303005F0CBBF00F5A6405C3006F061
:106D100087B800F5A6405C3005F0C1BF06F036BE6E
:106D200008B507F061F9182808BF002008BD30B584
:106D3000C3B0044601A80D4605F0F8FA214601A8A3
:106D400005F038FC044640B901A805F027FB0446CD
:106D500030B9294601A805F06BFB204643B030BD91
:106D60000724FAE730B5C3B0054601A80C4605F084
:106D7000DDFA294601A805F077FD214601A805F0B6
:106D8000FBFB43B030BD70B5C2B00D46064601A84E
:106D900005F0CCFA294601A805F00CFC044648B9D8
:106DA000314601A805F0ABFC044618B9294601A8F4
:106DB00005F0E2FB204642B070BD000008460149E4
:106DC00005F04ABA0835002047F65C73C058704792
:106DD00000F5FE404C3006F0BBBE00F0CFBD02F027
:106DE000A7BB48F23413C058704748F23013C05C58
:106DF000704702F0ADBB02F089BB143001F090BFC8
:106E0000143002F005B802F0C6BB0000004870471D
:106E10006C11050000F5A24008B57C3019B11CF0DA
:106E20006FFA002008BD1CF095FAFAE745F21C2322
:106E3000C05C704745F27C13C058704700F5A24013
:106E40007C3009F052B900F5A2407C3009F005B958
:106E500000F5A2407C3009F060BA00F5A34000685C
:106E6000704700F5A2407C3009F036B800F5A2402A
:106E70007C3009F0F3B900F5A7400A463E30002106
:106E800008F04ABC00F5A7400A463E30012108F050
:106E900043BC45F2C2330022C254704745F2C233AC
:106EA000C35C0B7000F5A7403E3070470B460146AF
:106EB000184608F06EBB08F0E5BB09F077BA08F099
:106EC000C5BB45F25643C05C704738B545F299637F
:106ED0000446C35C93B900F5A8404C3002F0CCFFE7
:106EE000054648B904F5A640303005F023FE04F508
:106EF000A6405C3005F01EFE284638BD0D25FBE798
:106F000000F5A940704738B545F299630446C55C61
:106F10005DB900F5A840783004F026FE04F5AD40D8
:106F2000183011F09FF9284638BD0D25FBE7000009
:106F30000148FEF70BBE00BF0835002045F2544360
:106F4000C05A704738B545F299630446C55C85B9A7
:106F500000F5A8404C3002F089FE04F5A640303020
:106F600005F0E8FD04F5A6405C3005F0E3FD284699
:106F700038BD0D25FBE700F5AC40783002F0F5BBDD
:106F800000F5AC40783002F006BD45F26443C05CC9
:106F9000704745F26443C154704745F26543C05C95
:106FA000704745F26543C154704710B545F29843A8
:106FB000C418C150626010BD45F24C43C05CC0F3C0
:106FC000C000704745F21C2310B5C45C34B900F50D
:106FD000A8404C3003F012FB204610BD0D20FCE70A
:106FE00045F21C2310B5C45C34B900F5A8404C3000
:106FF00002F0C6FD204610BD0D20FCE700F5A940BB
:107000007C30704700F5A940882200217C3046F092
:10701000ADB800F5A8404C3002F07BBF00F5A840A9
:107020004C3002F09BBF00F5A8404C3003F002BB8F
:1070300021B100F5A8404C3003F018BB0720704781
:10704000012070470FB404B0704700F0E5BC00F0B9
:1070500022BEC08B704700F022BE008C704700F04B
:1070600045BF00F0BEBE10B51C4600F01CFF204618
:1070700010BD02F09ABA02F0E2BA0B4600220146B5
:10708000184607F0C4B870B500F5FB4086B00E4650
:1070900004306946154618F03AFB044638B93246C2
:1070A0006946284608F0C8F9204606B070BD0D2490
:1070B000FAE700F5FB40043018F0CEBA47F68853E3
:1070C000C05C704747F68A63C05C704747F68852D9
:1070D00000F5FB43825C83F80A21704700F5FB4012
:1070E000043018F06BB800F5FB40043018F076B8A7
:1070F00000F5FB40043018F081B800F5FB40043087
:1071000018F081B800F5FB40043018F0C2BD00F55E
:10711000FB40043018F03ABE00F5FB40043018F094
:1071200045BE000000487047201605000048704723
:1071300021160500004870472316050000487047D7
:107140002216050000F5004084301CF0A7BE00F5B3
:10715000004084301CF020BE01F0E2BA10B50446B5
:10716000FFF743FE20B1201DBDE8104001F06CBCCC
:1071700010BD0B460146184609F030BDD0F81C0280
:10718000704709F0DCBB09F031B909F092BA09F097
:107190006AB909F075B909F08DB909F092B909F029
:1071A00095B90B460146184609F022BB006A7047A4
:1071B00009F0E9BB09F03CBB09F045BB09F05DBF34
:1071C00010B40446084621465DF8044B09F090BF10
:1071D00009F05BBF09F072BF09F074BF09F078BF16
:1071E0001FB50023019303AB0093144613460A46D0
:1071F000D0E9001009F07CFF20B9039804B118B160
:1072000004B010BD0148FBE70148F9E70094FFFF17
:107210008097FFFF2DE9F743D0F800908846484655
:1072200001A91546FFF7B3FF08BB0446AC4202D0E4
:10723000019E4EB9BDB9002221464846FFF7A9FF7D
:10724000204603B0BDE8F083B26871682F1B9742F7
:1072500028BF174608EB04003A4645F05FFF336845
:1072600001933C44E2E7002CE5D10248E9E70248FB
:10727000E7E700BF0097FFFF0094FFFF45F2B86308
:10728000C058704700F5AD40183013F023BC00F52E
:10729000A7401430704738B545F299630446C55C81
:1072A00085B900F5A740143006F058F804F5A6405B
:1072B000303005F03FFC04F5A6405C3005F03AFCA8
:1072C000284638BD0D25FBE707B545F29A636946A8
:1072D000C35C8DF8043001A817F01BF89DF800007E
:1072E00003B05DF804FB13B504468DF8041068463E
:1072F00001A917F021F804F5AD409DF800101830F1
:1073000013F000FC02B010BD00F5A74044300DF0B2
:10731000B0BC38B545F299630446C55C85B900F543
:10732000A74044300DF098FD04F5A640303005F03C
:1073300001FC04F5A6405C3005F0FCFB284638BD96
:107340000D25FBE700F5B0405830704700F5B04020
:107350004030704700F5B0402830704700F5B0402D
:107360007030704700F5B1400430704700F5A74019
:107370001C30704745F2996238B5825C0546A2B967
:10738000A9B10B789BB100F5A7401C3006F054FE64
:10739000044605F5A640303005F0CCFB05F5A640C7
:1073A0005C3005F0C7FB204638BD0D24FBE7072401
:1073B000F9E700F5A7402D30704745F29963C35CAB
:1073C00023B900F5A7401C3006F04ABE0D207047D7
:1073D00045F2D433C058704700F5A740002244302E
:1073E0000DF0ACBC45F20A43C05A704745F20A435F
:1073F000C152704700F5AD40183012F077BB00F570
:10740000AD40183012F058BB00F5AE400C3017F00C
:107410003BBD45F29963C05C704717F00FB838B5B3
:1074200000F5AD44183420460D4610F04DFE38B13D
:10743000204610F0D3FF03C885E80300002038BDC4
:107440001020FCE708B500F5AD40183010F0C6FF7D
:10745000006808BD45F2A863C05A704700F5AD400A
:10746000183011F0D3B900F5AD40183012F032BB2E
:1074700000F5AD4010B518300C4621B1BDE8104004
:10748000002113F01BBA012110F06CFE204610BD44
:107490000520704700F5AD40183014F000BB7FB5F3
:1074A00005910A990391099902910021019100F532
:1074B000F1409DF820100091703005A90CF084F87F
:1074C00007B05DF804FB00F5AB406830704700F58D
:1074D000AB4010220021683045F048BE10B500F5E1
:1074E000AD4418346178204610F026FD04F5847010
:1074F00010BD00F5AD40183010F00EBD00F5AD40E8
:10750000183013F0F9BB13B50446684601F0DAF9F8
:107510004FF47A7000236A46A4FB000101F028FCB6
:1075200002B010BD45F6C803C05A704700F5B1401F
:1075300048300BF047BD00F5AD40183014F015BCD5
:1075400000F5AD40183013F09DBF00F5AD40183088
:1075500016F01EBB00F5AD40183015F041BC00F52B
:10756000B1404030704700F5AD40183013F0B4BF63
:1075700047F6B703C05C704747F6B703C15470477E
:1075800000F5FE4005F02EBF08B500F5FE4005F001
:107590007CFF002008BD47F6C863C058704747F617
:1075A000C863C150704747F6B403C05C704747F6E4
:1075B000B403C154704747F6B503C05C704747F643
:1075C000B503C154704747F6C803C05C704700F567
:1075D000AD40183015F0ECBC3E2904D800F5E3406E
:1075E00050301BF04DB90720704745F29963C35CDA
:1075F000022B05D0033B012B94BF00200D207047C8
:1076000000F5AD400321183015F054BC00F5AD4035
:107610000121183015F0E4B947F6B603C05C704795
:1076200047F6B603C154704747F6C703C05C7047BE
:1076300047F6C703C154704700F5B14048300BF01E
:10764000D1BC00F5B14048300BF0E6BC13B500F5F5
:10765000B1404830144601930BF02DFC70B1817F8E
:10766000019A01F00F01012902D00639012905D83C
:10767000214602B0BDE810400BF04CB9072002B023
:1076800010BD3E20704700F5E34050301BF049B973
:1076900000F5F24060300AF021BA00F5A74044300E
:1076A0000DF0F6BA38B545F299630446C55C85B964
:1076B00000F5A74044300DF0F7F904F5A64030304E
:1076C00005F038FA04F5A6405C3005F033FA284698
:1076D00038BD0D25FBE747F6C903C056704700F5D6
:1076E000AD40183016F004BA10B547F6E403C418DC
:1076F000C150626010BD00F5F0406030405CC009D0
:10770000704707B500F5E34050300AB90DF10602A5
:107710000BB90DF105031BF0B3F903B05DF804FBE1
:1077200010B50446084600F08FFA024604F5A14061
:107730000021BDE810402C3009F02EBE00F5A1401C
:107740002C3009F04ABF45F2B403C3581BB199422B
:1077500006D01B6BFAE71720B0FA80F0400970479B
:107760000020F9E700F5A1402C3009F05DBF00F5DD
:10777000A1402C3009F0B4BD00F5A1402C3009F037
:10778000F3BD10B492F8324014F00C0F06D000F59F
:10779000A1405DF8044B2C3009F034BE07205DF8A1
:1077A000044B704745F2B403C05870471CF094BEB8
:1077B0001CF0A4BE4FF6FE720280002202777047D2
:1077C0004FF6FE7303800023037770470B46018852
:1077D0004FF6FE7291421DBF07C883E807000020E4
:1077E000172070470A4601884FF6FE73994203D06E
:1077F0000248012119F002BD1720704700B4002093
:107800007FB5054601AE2348314619F055FDBDF858
:1078100004202C88A2424FF6FE7320D09A4235D025
:107820009C420CBF01240324029B1B4AB3F5967FA4
:1078300038BF4FF49673934294BF0293029296E836
:10784000070085E807002A462146144816F080FF05
:1078500013482A4621460CF053F904B070BD9A42F1
:1078600016D09DF80C202B7A9A420BD1BDF8062039
:107870006B889A4208D16C68029B9C4214BF042416
:107880000524D1E70324CFE70424CDE70224D6E77B
:107890000024D4E700B400209BC42000CCB4002016
:1078A000D4B4002070B588B00023174C019305466E
:1078B00002AA01A9204617F081FCB0B99DF81A3040
:1078C0005B07F5D505F10C04214602A807F095FBEE
:1078D00048B92E7F02AD0FCD0FC4002E2B68237048
:1078E00018BF02260AE0032608E02B7F53B11122BD
:1078F000002105F10C0045F039FC01260348314612
:107900000CF0A8FB08B070BD8CB20020D4B40020ED
:1079100010B50446FFF774FF2046BDE81040FFF79E
:10792000C1BF034608461A7F1AB103F10C0107F0E4
:10793000C1BC104670472DE9F84F0A9D8046894624
:1079400016469A464FF0000BB34512D20BEB0604D5
:10795000671007FB0A9739464046A8470028C4F33A
:107960004F0407D003DD01341FFA84FB344626465A
:10797000EAE700273846BDE8F88F000025289ABFBF
:10798000024B53F820000248704700BF6013050007
:10799000C0110500F0B5ABB004460D46164604A96B
:1079A000962202A81F4600F08DFF0E21204600F00F
:1079B00001FF0E4B0E491844009023460E220D4C39
:1079C00002A800F0A7FF3A46314602A800F081FF66
:1079D0002146094A02A800F09DFF04AB224610216F
:1079E0002846FEF72BFF2BB0F0BD00BF1914050091
:1079F000F8130500E2EA0400C95305000EB403B50C
:107A000003AB012153F8042B0193FFF7C3FF02B02E
:107A10005DF804EB03B070472DE9F74F044600F121
:107A20000C014922684600F04DFFB4F856504FF65D
:107A3000FE739D425DD04FF6FF739D4200F097802C
:107A40009DB34FF6FD739D425BD0B4F856504A4942
:107A5000DFF83491DFF834A1DFF828B1684600F090
:107A600059FF4FF6EF736F1E9D428CBF0123112308
:107A700005F110081F441FFA88F8BFB22E46BE4217
:107A800048D0A388B34240D9236851469A5D6846DE
:107A900000F040FF06F00703072B03D15946684664
:107AA00000F038FF0136B6B2E9E73E21A06800F0E9
:107AB00081FE00F10A06B6B2C6F1480606EBD672A0
:107AC00057103D21C2F34F02684600F033FFA388F0
:107AD000A2682A49684600F01DFFF21B92B23D21C0
:107AE000684600F027FF4FF6FD73A4F856300020DB
:107AF0003EE048222D21684600F01CFF4FF6FF7340
:107B0000F3E70023A4F856309FE74946684600F0A3
:107B100001FFBFE71A49DFF87890684600F0FAFEE7
:107B2000AE4218D0A388AB4211D923685F5D7E2F87
:107B30000FD8384645F0D4FA002808BF2E273A4619
:107B400049466846013500F0E5FEADB2E8E720277A
:107B5000F5E72E27F3E70B49684600F0DBFEA38824
:107B6000A4F856804345C2D84FF6FE73BDE71720F0
:107B700003B0BDE8F08F00BFD9EA0400011405008E
:107B800044570500D8EA0400151405000F14050039
:107B900016FF040010B5002300F5A142436008322F
:107BA00000F1080319468033934204D0446843F837
:107BB000804C4160F6E745F208030022C25010BD38
:107BC000F8B50F4E04460F46656895B145F20802B8
:107BD0002B686360A35A01339BB2A35245F20A019A
:107BE000625A934238BF1346635200232B602846E3
:107BF000F8BD394630460FF0D9FC0028E4D0F6E74E
:107C0000A48A002010B500F5A043083341B14268B2
:107C10000C680A601A884160013A1A802146F5E72B
:107C200010BD4A681AB98B680BB9FFF7EBBFFEE7C6
:107C300045F20803C05AC0F1A00080B27047A020EE
:107C40007047017042707047024B002808BF184609
:107C5000704700BF28140500F8B504460F460546D6
:107C60004C26BE422968E0680FD219B17C362D68D7
:107C7000B6B2F6E794F83110C1F34101FFF7A0FF67
:107C800028600028F2D1032004E000242C60FFF7D4
:107C9000B9FF2046F8BD0146C068FFF7C2BF38B53E
:107CA000838B0D46194489B29942044608D3FFF7E5
:107CB000D3FF20B9238CE583AB4200D9258438BD9E
:107CC0000720FCE7036801201BB101301B68C0B22C
:107CD000FAE77047038CC28B1944914200DDFEE73E
:107CE00089B29142018400D9FEE77047C38B8B4271
:107CF00000D2FEE70184704790F83030C3F3C3032D
:107D00000A2B09D8012202FA03F340F24E72134201
:107D100014BF01200020704700207047C38B8B42A6
:107D200000D2FEE75B1AC383038C828B8B420A442A
:107D300086BF591A89B20021828301847047C38BA0
:107D40008B4294BFD91A591A89B2FFF7A8BF30B530
:107D5000C48BA1420BD30021998011889888884256
:107D600088BF998011889B88CB1A138030BD1588F5
:107D70000D44A542A4BF641A1480848B98602144EA
:107D800089B24B29044605D8343008441860C1F143
:107D90004C01E1E74C39246889B20CB99C60FEE7DC
:107DA0007B2906D89C6004340C441C60C1F17C0122
:107DB000D2E77C39EFE70B880BB993807047936863
:107DC0001B68936003B9FEE7043313607C23938040
:107DD0000B887B2B98BF93800B8892889B1A0B8013
:107DE0007047F0B587B01546ADF806300DF10602C4
:107DF00003AB0646FFF7ABFF2C46BDF8107067B12A
:107E000003993A46204645F089F903AA0DF1060187
:107E100030463C44FFF7CFFFEFE7601B80B207B06E
:107E2000F0BD4B880988FFF7DCBF38B5C58BCC188F
:107E3000AC4203DCFFF7D5FF002038BD0620FCE78D
:107E400010B44C889C4204D309885DF8044BFFF7BA
:107E5000ECBF06205DF8044B704770B586B0154640
:107E6000ADF806301C460DF1060203AB0646FFF7DF
:107E70006EFFBDF810208AB10A9B039829461DF0B9
:107E800064FC58B1BDF8103003AAE41A0DF10601E4
:107E900030461D44A4B2FFF78EFFEAE7B4FA84F03F
:107EA000400906B070BD30B587B01446C28BADF83E
:107EB00006300B449342054600DDFEE703AB0DF1AF
:107EC0000602FFF744FFBDF810206AB1214603986F
:107ED00045F032F9BDF8103003AA0DF1060128462D
:107EE0001C44FFF768FFEEE707B030BD2DE9F04115
:107EF000B0F81E800F4608EB020189B2054616460F
:107F0000FFF7CDFE044628B933463A464146284697
:107F1000FFF7C9FF2046BDE8F0812DE9F0410D468D
:107F2000C98B86B017461A4491420646ADF8063012
:107F300022DBB0F81E80434499B2FFF7B0FE04463E
:107F4000D8B903AB0DF1060239462846FFF7FFFE0C
:107F5000BDF810308BB1039A41463046FFF7A3FFBE
:107F6000BDF8103003AA98440DF1060128461FFA07
:107F700088F8FFF720FFEBE70624204606B0BDE8AF
:107F8000F08153881288FFF7C8BFF8B504460D4644
:107F9000164600F13407A38B9E4218D994F831108D
:107FA000E068C1F34101FFF70BFE30B323680360C3
:107FB000A38B20604B2B06D83430C3F14C02F91848
:107FC000184445F0ABF8A38B7C33A383E3E79B1BFA
:107FD000E28BA383238C3244334492B29BB29A4205
:107FE000E28300D2FEE723844DB1204633462A4681
:107FF0000021FFF758FF0020F8BD0320FCE72846CA
:10800000FAE7F0B582420D4689B006461446194695
:1080100001D1AB4216D36B460EAA2046FFF797FE5E
:10802000BDF804307BB3009A29463046FFF73BFF8A
:10803000BDF804106A460D4420460EA9ADB2FFF704
:10804000BAFEEDE7BDF838201544D318ADB29CB2A6
:10805000BDF83830BBB1202B1F4628BF2027E41BBA
:10806000DB1BA4B2ED1BADF838306A463B46214617
:10807000ADB23046FFF7B5FE3B466A46294630466C
:10808000FFF711FFE4E709B0F0BD37B515460091E1
:108090000246294600230446FFF7B3FF294620463F
:1080A00003B0BDE83040FFF739BE1F2900D9FEE715
:1080B00000EBD100802390F82C2001F0070143FA57
:1080C00001F10A4214BF0120002070471F2900D986
:1080D000FEE700EBD100802301F007010B4190F88F
:1080E0002C1021EA030180F82C1070471F2900D9B9
:1080F000FEE700EBD100802301F0070143FA01F114
:1081000090F82C30194380F82C10704700F12C03A4
:108110003030834205D013F8012B002AF9D001201A
:1081200070470020704738B50B8883848B7880F8BF
:1081300026300D46044691F9031028300CF008FF54
:10814000297904F12A000CF036FF6B7994F831207C
:10815000C3F3000363F3000284F831206B7994F8D1
:108160003220C3F3400363F3410284F8322038BD68
:108170000B6910B503B1FEE74B6873B98C6864B93D
:1081800091F83130086164F3C30381F8313003683A
:1081900023B9C1E90111016009E0FEE75B684B60AA
:1081A00004688C6099600368012A5960F3D010BD9F
:1081B00091F831301B0754BF0B690023984200D05F
:1081C000FEE74B68C3B18B68B3B10268914203D13B
:1081D000994208BF00230360D1E9013253608A68E5
:1081E0009A6091F83120002363F3C302C1E901339F
:1081F0000B6181F831207047FEE710B5FFF7D8FF1B
:10820000BDE810400846FFF746BD10B50446236898
:108210002BB1596819B12046FFF7EFFFF7E710BD02
:10822000006800B14068704702460B4652F82300D0
:1082300030B9032B1ABF0133DBB203469942F5D1A3
:10824000704708B50021FFF7EFFF00B1406808BD97
:1082500008B550F821304BB103291ABF0131C9B21A
:108260000021FFF7E1FF00B9FEE74368184608BDAB
:108270000021FFF7D9BF10B50446006994F83130EA
:108280001B0707D528B1FFF7F3FFA04214BF6068B2
:10829000002010BD0028FCD00068F6E710B50C46A1
:1082A000FFF7BEFF024678B1238801332380FFF732
:1082B00009FD6388D18B1844636860800B44636058
:1082C0001046FFF7D8FFEDE710BD10B5044608686B
:1082D00018B920606060204610BD4068206000280A
:1082E000F8D0FFF7C8FFF5E710B5044640682060F6
:1082F00008B1FFF7C0FF606010BD38B50B690546D7
:108300000C4603B1FEE7086191F8311041F0080115
:1083100084F83110C1F34101FFF786FF38B143689B
:10832000C4E901309C60446045F8214038BDC4E98F
:108330000144F9E791F8313010B51C07C3F3C002CE
:1083400048BF0A69904200D0FEE7C3F3410350F8EA
:10835000232091420BD18A68914218D092F8314083
:10836000C4F341049C4218BF002240F82320D1E905
:10837000012393604A685A600023C1E901330B610D
:1083800091F8313043F0080381F8313010BD0022FC
:10839000EBE7032938B504460D461DD8006938B906
:1083A00094F8313065F3420384F83130002014E052
:1083B00094F83130C3F341028A42F7D01B07EFD55E
:1083C0002146FFF7B7FF94F8313065F3420384F894
:1083D0003130FFF792FFE9E7072038BD2DE9F04182
:1083E0000D465978074690461E46FFF7E9FB0446BE
:1083F00048B38022002144F0B9FE3178238EE76033
:1084000005F0070545EA012525F0F805ED0523F4FB
:10841000837323F00103ED0D1D4394F83230A4F86B
:108420001C8023F00D0343F00503258684F83230C9
:1084300071782046FFF7ADFF014638B12146384636
:10844000FFF7EFFB00242046BDE8F0812046FFF750
:1084500026FC0028F7D0F1E7014B0022FFF7BEBF52
:1084600028140500014BFFF7B9BF00BF2814050011
:10847000F7B590F83130C78B0E4690F83010C3F343
:108480000002C3F341038DF804208DF80530828B80
:10849000054601ABC06801F00701FFF79FFF0446E6
:1084A00000283DD0BE4228BF3E4633460022294622
:1084B000FFF733FD002836D12A8C1346B242E28BF7
:1084C00028BF33469A4200D2FEE7238495F8303025
:1084D00094F83020C3F3C30363F3C60284F830205A
:1084E00095F8322094F8323062F3000384F8323089
:1084F00095F8323094F83220C3F3810363F383029A
:1085000084F83220AB69A3616B8C6384AB8CA38449
:1085100095F8263084F826302B8D23856B8D638566
:10852000204603B0F0BD2046FFF7B5FB0024F7E777
:1085300010B5FFF7FFFEBDE810400846FFF7ABBBE4
:1085400010B504462046FFF77CFE014618B12046D0
:10855000FFF7EEFFF6E710BD10B504460846FFF73B
:1085600070FE0346206010B1FFF785FE034663608E
:10857000204610BD08B5FFF764FE08BD10B50C46D7
:10858000FFF7F8FF024678B1238801332380FFF715
:1085900099FB6388D18B1844636860800B446360E7
:1085A0001046FFF768FEEDE710BD00000649002207
:1085B000C0E90022C0E90212C0E90422C0E9062293
:1085C000C0E90822704700BF7D86000003680B43A6
:1085D0000360436819434160083000F02BBA4368D8
:1085E000194201D1FFF7F2BF7047000070B505686E
:1085F000044685B3002303602946174812F0A2FB06
:10860000164829460BF06EFE1548294604F038FF3F
:10861000144829460AF058FB1348294618F0CCFDA7
:10862000124829460AF052F81148294616F082F8F5
:10863000104829460BF04EFA0F4829461BF0F2FE6F
:1086400004F11806A64206D0236913B161692846D1
:1086500098470834F6E770BDA08B00205CB5002079
:1086600008B4002004B50020E0B30020F4B50020D9
:10867000CCB40020D4B40020A48700200148FFF728
:10868000B5BF00BF3035002007B5074A138803B9CE
:10869000FEE7013B9BB213801BB9019000F08CFCFC
:1086A000019803B05DF804FB2631002031B16FF072
:1086B0000043994208BF0121016070470121FBE797
:1086C00037B50E4C23884FF6FF729342054600D112
:1086D000FEE763B900F056FC04210DEB010000F049
:1086E00079FC00B1FEE701990548FFF7DFFF238819
:1086F00028460133238003B030BD00BF263100205F
:1087000028310020026848F24E33A2FB032313EB0A
:10871000520244BF22F0004201320260104670470C
:10872000034B1B8803B9FEE70248FFF7EBBF00BF0E
:108730002631002028310020814210B5044600D89F
:10874000FEE7FFF7EDFF091BC0B290FBF1F301FB61
:1087500013002044C0B210BD814210B5044600D8B9
:10876000FEE7FFF7DDFF091B80B290FBF1F301FB91
:108770001300204480B210BD814210B5044600D8D9
:10878000FEE7FFF7CDFF091BB0FBF1F303FB110080
:10879000204410BD38B50D46044648B1814288BF1B
:1087A00085B2690001310020FFF7E6FF2044441B39
:1087B000204638BD10B540B10023441E98B2814216
:1087C00003D90133E25C002AF8D110BD024610F84B
:1087D000013B1BB18B42F9D1104670471A46FBE7AB
:1087E000F0B5066800240625374601363B78303B55
:1087F000DBB2092B03D907600C702846F0BD04EBEF
:10880000840403EB44039CB2A2424FF00005EBD278
:108810000625F2E7FF22FFF7E3BFA0F14103192B82
:108820009CBF2030C0B2704738B503463AB1012A28
:1088300011D01B78002B0CBF0222012209E0013964
:1088400011F8014F034610F8015B002CF1D0AC4247
:10885000F6D0104638BD0139044611F8015F2346B1
:1088600014F8010B002DE4D0FFF7D7FF024628468D
:10887000FFF7D3FF8242F0D00022EAE708B50022DA
:10888000FFF7D2FF831E5842584108BD3038C0B2AE
:1088900009289ABF0870002007207047A0F1410303
:1088A000052B03D83738087000207047A0F161030A
:1088B000052B01D85738F6E73038C0B20928F2D96D
:1088C0000720704710B5002401608480C2800C70BE
:1088D00010BD38B504461346E58882880068AA4270
:1088E00034BFAD1A002510440A46294644F0E0FD85
:1088F000002800DAFEE7A388E288184480B290429C
:1089000028BF2368A08022BF9B18002203F8012CF7
:10891000204638BD0EB417B505AA044652F8041B0C
:108920000192FFF7D6FF204603B0BDE8104003B028
:10893000704700002DE9F041094F05460E461446E8
:108940004FF6FF78013CA4B2444505D03246394683
:108950002846FFF7DFFFF5E72846BDE8F08100BFB6
:1089600016FF040070B505460E460024B44226D218
:10897000285D030604F1010405D444F0A9FB002896
:10898000F4D000201CE010F04003FAD0810612D58C
:10899000C20612D50307F4D40323013BDBB2FF2B3D
:1089A000E4D0B442EDD02A5D02F0C002802A04F186
:1089B0000104F2D0E5E70123EFE70223EDE7012010
:1089C00070BD10B5044644F014FD01462046BDE8D4
:1089D0001040FFF7C7BF2DE9F04105461F4614467A
:1089E0001AB902700020BDE8F0811046FFF7E2FEE0
:1089F000814206460BD9012F03D12046FFF7E1FF44
:108A000038B1721C2146284644F088FBEAE707206B
:108A1000E9E70620E7E70000036823B9016004489E
:108A20004960F7F7B7BD5A684A60596001607047FE
:108A3000083500204368014613B90248FFF7ECBF30
:108A4000704700BF0C35002038B50025046805606C
:108A500054B1606884421CBF43686360036845602A
:108A600008BF00249847F3E738BD10B50446FCF76B
:108A700024FF00F10043013B20606360204610BDED
:108A800003685A1A33EA220328BF0B464268D11AF8
:108A900033EA210328BF134643607047436849689F
:108AA00010B59C1A8A1AD20FB2EBD47F08BF5B1A9A
:108AB0004FEAD47008BFD80F10BD000070B505682C
:108AC0000C4625B9BDE870404B68084818478B68CC
:108AD00098476A68831A002B01462368B8BF121AA8
:108AE000BDE870400148A8BF0022184708350020A3
:108AF00038B50C461146A2689442034606D0056874
:108B0000AC4204D10260FFF7D9FFA46038BD2A4609
:108B10000021002AF9D0944208D011469268F8E763
:108B20008B68002BF1D09B688B60EEE70029F7D1B2
:108B3000002DEAD0AA681A60E7E700000146024A61
:108B40000248FFF7D5BF00BF3814050010350020DC
:108B50002DE9F047936805460C461646984732467D
:108B6000814621462846FFF7C3FFD5F800A04FF005
:108B70000008574647B14A4639462046FFF78EFF60
:108B800010B9B846BF68F5E7B8F1000F08D1C4F8CE
:108B900008A031462C602846BDE8F047FFF78EBF9D
:108BA000D8F80830A360C8F80840BDE8F087000096
:108BB0004160024A01460248FFF7CABF3814050067
:108BC00010350020002A00DAFEE71144FFF7F0BF5D
:108BD00013B504460191FCF770FE019A0146204648
:108BE00002B0BDE81040FFF7EDBFD1E9003203F15C
:108BF0000043013B934202D01146FFF7D9BFFFF774
:108C00009DBF8368984203D04368CB1A002B01DADA
:108C1000FFF7CEBF7047D1E9003203F10043013BBB
:108C2000934202D01146FFF7ECBF704770B506685B
:108C300004460D467EB18B6898477368C01A0028B9
:108C400009DB20462A463146FFF752FF336830469B
:108C5000BDE87040184729462046BDE87040FFF740
:108C60002DBF000010B50446FEF7BFF830B104F187
:108C700008000349BDE81040FFF7D8BF10BD00BF92
:108C8000381405004160024A01460248FFF760BF00
:108C90002C14050014350020002A00DAFEE71144E8
:108CA000FFF7F0BF13B504460191FCF717FE019AD8
:108CB0000146204602B0BDE81040FFF7EDBF0000BE
:108CC0000146024A0248FFF713BF00BF2C140500FB
:108CD0001435002010B50446FEF787F830B104F1D2
:108CE0000C000349BDE81040FFF7A0BF10BD00BF56
:108CF0002C14050010B50446FCF7DFFD00232060AE
:108D000063600146054BA36004F10800206101F196
:108D10008041FFF74DFF204610BD00BF618D000070
:108D200010B50446FCF7C9FDD4E90031E2689A4267
:108D3000A0EB030002D10028A8BF013100221018C7
:108D400041F1000110BD0368C168994202BF436848
:108D50000133436001F180410830FFF729BF000073
:108D60000148FFF7F0BF00BF1C35002000000000E5
:108D70002DE9F34116461F4623A3D3E900238B4276
:108D800008BF824204460D4611D219A3D3E900233D
:108D900043F0EAFF184902463046FFF7BBFD204684
:108DA00013A3D3E90023294643F0DEFF14461349F9
:108DB000B4FBF1F201FB12414EF660244FF47A78D5
:108DC000B1FBF4F3304604FB13140D49B4FBF8F582
:108DD0000095FFF79FFD47B10A4908FB1542304651
:108DE00002B0BDE8F041FFF795BD02B0BDE8F081EB
:108DF000005C2605000000004414050080EE3600EB
:108E00004A14050059140500FF5B26050000000008
:108E100013B504466846FFF755FD2046FFF780FF6F
:108E200001236A46FFF7A4FF02B010BD704710B5DA
:108E300090B183880B2B11D90468204637F0C2F912
:108E4000062037F0B3F901220146204637F0EAF94F
:108E5000003818BF012010BD0720FCE70120FAE709
:108E600008B538B183880B2B06D9006837F0AEF906
:108E7000002008BD0720FCE70120FAE713B50446EF
:108E8000684600F04EFA6CB1A3880B2B0CD9BDF8E4
:108E900004200099206837F08BFA003818BF0120B1
:108EA00002B010BD0720FBE70120F9E708B548B183
:108EB00083880B2B08D9006837F0D4FA003818BF24
:108EC000012008BD0720FCE70120FAE708B548B1FA
:108ED00083880B2B08D9006837F0D4FA003818BF04
:108EE000012008BD0720FCE70120FAE708B520B102
:108EF00000682FF0DFF8002008BD0720FCE710B560
:108F0000044648B18388EF2B08D900682FF0E6F8B3
:108F100000202060A08010BD0720FCE70120FAE7B8
:108F200008B550B18388EF2B09D9006800212FF0D4
:108F3000F1F8003818BF012008BD0720FCE7012028
:108F4000FAE708B548B18388EF2B08D900682FF0FD
:108F5000FDF8003818BF012008BD0720FCE70120FC
:108F6000FAE708B548B18388EF2B08D900682FF0DD
:108F7000F5F8003818BF012008BD0720FCE70120E4
:108F8000FAE7000007B5094836F09AFE084836F0BF
:108F9000DBFC0023054A07490548009336F001FD34
:108FA00000B1FEE703B05DF804FB00BF743200209F
:108FB0002C31002009FD030008B5044836F032FECC
:108FC000BDE80840024836F0D3BC00BF7432002030
:108FD0002C31002008B50A460146034836F082FDD0
:108FE000BDE8084000F0D0B82C3100202DE9F04F4A
:108FF0009DB0222B0F46DDF89890BDF89C400646A8
:109000001146984600D9FEE71A4613A844F086F8A0
:1090100019F0010500D0FEE74FEA590305931CAB98
:1090200003EB08090DF12C0B002C76D001352B0E2B
:1090300009F8243C2B0C09F8233C0DF13C0A2B0ABF
:1090400009F8223C09F8215C08F10403CDF800A0DE
:1090500013AA3946304634F08BFB20B100F094F867
:109060001DB0BDE8F08F07AB009352461023394680
:10907000304634F07DFB0028F0D107A852464FF06F
:10908000040C136850F8041BBCF1010C81EA0301C5
:1090900042F8041BF5D101230393039B059A9342E5
:1090A0002AD2CDF800B0102307AA3946304634F052
:1090B0005FFB0028D2D107AB00935A4610233946F4
:1090C000304634F055FB0028C8D1042358460DF132
:1090D0001C0E514604930A685EF8043B50F804CB1A
:1090E000534083EA0C0341F8043B049B013B049387
:1090F000F1D1039B0133CFE7102CA24628BF4FF0DC
:10910000100A289852460FA944F008F8289BA4EBAF
:109110000A0453442893A4B286E72046A0E700F14E
:10912000080310B50360102383800446FFF77FFE19
:1091300000B1FEE7204610BD10B50446FFF790FED3
:1091400000B1FEE7204610BD08B5FFF797FE00B15D
:10915000FEE708BD08B5FFF7A9FE00B1FEE708BDB0
:1091600008B52022FFF7B2FE00B1FEE708BD0000FF
:1091700010B503490446034838F086F8204610BD70
:1091800013590200FB58020010F5405F00F0BB804D
:109190006DDC10F5D04F00F0B88038DC10F5D24F00
:1091A00000F0B3802EDC10F5FE4F2ED006DB10F55C
:1091B000F04F5AD010F5E24F00F0A980C00F704771
:1091C00000F140030C2BF9D801A252F823F000BFA4
:1091D0006B920000BD9100000B9200006B920000AA
:1091E0006B920000BD910000BD910000BD91000098
:1091F0000F930000BD9100000F930000BD9100008F
:109200006B92000010F5D14FD8D10320704710F5B4
:10921000705F7CD015DC10F57C5F78D002DC10F537
:109220007E5FF1E710F5765F71D005DC10F57A5FAF
:109230006DD010F5785FBFE720F0800313F5745F01
:10924000BAE710F5665F10D00CDC10F56A5F5ED0EF
:1092500005DC10F56E5F5AD010F56C5FACE710F5C9
:10926000685FA9E710F5645FA8D10820704710F582
:10927000025FFAD037DC10F51C5FF6D00EDC10F57B
:10928000225FC2D005DC10F5265FBED010F5245F4A
:1092900092E720F0800313F5205F8DE710F50E5F55
:1092A00035D011DC10F5145F31D007DC20F08003DD
:1092B00013F5185F2BD010F51A5F7DE710F5125FDC
:1092C00025D010F5105F77E710F5085F1FD004DC9C
:1092D00020F0800313F50C5F6EE710F5065F16D0E3
:1092E00010F5045F68E710F1330F06DA10F1400F54
:1092F000BFF666AF10F58C5F86E710F11E0FB4D095
:1093000010F11C0FB0E701207047052070470720BF
:10931000704700BF08B5084691B2FFF75BFE00201A
:1093200008BD0A6802608A888280704738B50025C7
:109330000446C0E90155C5601030FFF719FF04F17C
:109340001100FFF7BDF9214604F11400FFF7D2FC2C
:10935000214604F12800FFF729F9214604F15000C5
:109360001CF0F8FB214604F17400FEF713FC2146C3
:1093700004F5A14004F070FF04F5A24021467C30C2
:1093800019F0B4FF04F5A440214620301AF06AF821
:1093900004F5A54021461C301AF04AFE04F5A6400B
:1093A0002146303003F0DAFD04F5A64021465C305A
:1093B00003F0F8FD04F5A7402146143003F0EAFF5E
:1093C00004F5A74021461C3004F052FE04F5A743E3
:1093D00004F5A74083F84250214644300BF06AFD63
:1093E00004F5A840214648300BF05BFE04F5A84088
:1093F00021464C3000F056FC04F5AB4021461C30B1
:109400000CF0DEFE04F5AD402146183011F0AEFF41
:1094100004F5F140214670300AF0BAF804F5F24044
:109420002146603008F028FC04F5FB40214604305A
:1094300016F0ECFC04F5FD402146583017F0D2FD43
:1094400004F5FD4021467C3018F072F9214604F500
:10945000FE4003F0ABFF04F5FE4021464C3004F023
:10946000F1FA04F5FF4021462430FEF7A3F904F594
:10947000FF402146443014F0F8FF04F5FF40214638
:109480004C300AF0CFFD04F5FF4021467C3009F056
:1094900085FB214604F5004009F05EFC04F5004020
:1094A0002146143008F0B2FF04F500402146303068
:1094B00018F05AFF04F50040214654300AF00EFE21
:1094C00004F50040214684301AF044FC04F50040C5
:1094D0002146EC3009F074F848F23013E554FFF7F8
:1094E0001FF948F23413E050204638BD38B5054C1A
:1094F000236823B9044D28461AF0EEF82560206849
:1095000038BD00BF40B6002048B60020FDF7B4B912
:1095100010B548F2301301220446C25460301CF0EA
:1095200043FA04F5AD401830BDE8104010F078BDA6
:1095300010B548F23013054CE35C2BB92046FFF719
:10954000F5FE2046FFF7E4FF004810BD0835002077
:1095500038B548F230130446C25CDAB10025C55470
:109560002946FDF785FF29462046FDF753FC29468D
:109570002046FDF735FD04F160001CF01BFA04F5F0
:10958000A840783002F028FB04F11100BDE8384013
:10959000FFF77AB838BD10B5044660301CF00CFAFD
:1095A0002046BDE81040FDF767B973B50C46054687
:1095B0004822002105F17406204643F0D7FD3046CD
:1095C000FEF73DFB20803046FEF732FB45F27E037E
:1095D000608005F5AB46EB5AA3801C3604F1080108
:1095E0003046FEF7CBFF04F1100106F11000FEF744
:1095F00055FE05F5A14004F118010C30FEF7BEFF41
:1096000005F5A24004F120014830FEF747FE05F5BC
:10961000AE4004F128011030FEF740FE05F5A440ED
:1096200004F1300120300191FEF738FE05F5A44029
:109630000199443002B0BDE87040FEF72FBE45F2FC
:109640007C03C25A45F27E03C2527047807F00F00D
:109650000F00012804D0063801288CBF002001200B
:10966000704700000022C0E90022826002460449DF
:1096700042F80C1F4261028B02F0800202837047A5
:1096800031990000054A064845F23A73D35C054A11
:1096900003F00F03072B18BF104670470835002052
:1096A000248C0020E08B002010B504460C30FFF71E
:1096B00045FAE37A6FF38703E372238B03F08003A9
:1096C000238310BD38B50C46FFF7DCFF0546FFF7D6
:1096D000BDFFB0B145F27E430B4AD25A4FF6FE733E
:1096E0009A4202D0094B9D4207D12B6823606B68D8
:1096F000636002232372002038BDAB8B23800123DB
:10970000F8E70B20F8E700BF08350020248C002084
:10971000084A45F2B863D058074B834228BF034636
:109720004FF47A705843B0F57A6F88BFA0F57A602D
:10973000704700BF083500209BC4200038B543693E
:1097400000F10C059D4204460ED0FFF7E1FF63686F
:10975000834209D1FCF7B1F86268206001462846CF
:10976000BDE83840FFF72EBA38BD08B50146FFF70F
:10977000CFFF8B6833F07C4204D0C3F319039842C7
:1097800028BF184608BD08B50146FFF7C1FF0B7E8C
:109790009A0702D5642828BF64205B0704D5B0F57A
:1097A0007A7F28BF4FF47A704B7E13F0F00F02D00F
:1097B000BC2828BFBC208B6833F07C4204D0C3F3A4
:1097C0001903984228BF1846002808BF0A2008BD80
:1097D000012938B54568044602D1FFF7D4FF60601F
:1097E000FCF76BF86369014604F10C0098420DD058
:1097F0006268AA420DD0246813195B1A0A2B4CBF69
:109800000A222146BDE83840FFF7DCB962682160D2
:10981000F8E738BD027E10B4D4070ED4084C45F2E8
:109820009A61615C090700D5FEE742F001025DF82C
:10983000044B02760121FFF7CBBF5DF8044B704764
:109840000835002038B5037EDA0705461CD5114AD5
:1098500045F24C43D35C5B0716D4FFF713FFFFF7C9
:10986000F5FE88B105F10C00FFF768F90A4800F031
:10987000C6FB044618B10D2806D0012100E00146C0
:109880002846FFF7A5FF03E02846FFF70DFF0D244C
:10989000204638BD0835002054890020017ECA07C3
:1098A0000FD5C1F3C302013202F00F0262F3C60109
:1098B000042A017601D8FFF7C5BF027E6FF3C60206
:1098C00002767047037E13F0010F08D06FF3C603D2
:1098D00003760B681B78DB0601D5FFF7B3BF704733
:1098E000F0B4047EE6071ED5104E45F2F667F75D2C
:1098F0003F0718D045F2F867F65B022E13D90968C6
:10990000097809070FD573B96AB1214663F3C60117
:10991000136801761B78DB0602D5F0BCFFF792BF17
:10992000F0BCFFF70BBFF0BC704700BF083500204C
:109930000148FFF787BF00BF808B0020037EDB0755
:1099400002D50121FFF744BF7047037E10B4C3F373
:1099500040048C4209D061F341030376DB0704D550
:109960005DF8044B0121FFF733BF5DF8044B7047EE
:10997000C37A13F0FC010DD0FC290BD0FC33C37269
:1099800013F0FC0306D1417E63F3071141760121F8
:10999000FFF71EBF704708B531B1092915D96FF01F
:1099A0007C43994228BF19468368C3F319028A424F
:1099B00001D1002008BD61F319038360037EDB073A
:1099C000F7D50121FFF704FFF3E70720F2E70000D6
:1099D000F0B5067E87B0002316F0010604460F4658
:1099E00015468DF8143019D08B885BB103A9384621
:1099F00001F052FB01230093244803AB2A46394669
:109A00000CF082FD2046FFF73DFE837F180707D14B
:109A10002046FFF749FE1E4810F068F807B0F0BD79
:109A200005F0FB030B2B1DD0637E05BB13F0F00F7D
:109A30000ED10026237E590725D5238B23F470638E
:109A400023F00403238301212046FFF7C1FEE5E74D
:109A5000F03313F0F00F6376EBD1E37A65F387030D
:109A6000E372E7E7237E43F004032376EBE75A1C17
:109A700002F00F0262F30303032A6376DDD8237E2C
:109A80005A07CBD4EFE7002EC8D0DCE7A48A002029
:109A9000A08B0020C37A427E10B403F0FC04FC2C9F
:109AA0001CBF0433C372002908BF08210F2928BF37
:109AB0000F211309C9B2994238BF1946134661F301
:109AC00007134376037EDB0707D512F0F00F04D1AE
:109AD0005DF8044B0121FFF77BBE5DF8044B704736
:109AE000F0B58DB005AE00240F460DF126010594AA
:109AF0008DF824408DF82E40B48007ADFFF7E2FDCD
:109B000058BB9DF82E20164B3C68022A0BBF03F56C
:109B1000A94145F27E42D1E900019A5A16BFADF83B
:109B20001C20C5E9000101228DF8242045F2544291
:109B30003046995A01F08EFF08230022CDE9023207
:109B40000523CDE90063074821462B4603220DF08B
:109B500017FA0421204601F0D0FD20460DB0F0BDDB
:109B600008350020A48A0020037A012B06D1008842
:109B70004FF6FF73C31A5842584170470020704790
:109B8000037861F3000300F82C3B09B102F00EB832
:109B900002F022B8F0B5154687B00C463C220021F1
:109BA00028468DF8141043F0E1FA6CB323681B7853
:109BB0005B0703D00626304607B0F0BD03AF394639
:109BC000204601F005FB06460028F4D19DF814302C
:109BD000022BEFD197E8030085E8030005F132017D
:109BE0002046019101F0BCFA019910B1204601F024
:109BF00017FAA37985F8363094F9153085F837309F
:109C0000A37D85F83830D6E70726D4E70378DB074D
:109C100004D500F1100114301CF0EEBC0B2070478D
:109C200010B5026A90B004460B461AB121B9416AD8
:109C30001846904710B010BD01AAFFF7ABFF0028EF
:109C4000F8D1D4E9083101A89847F3E7036A07B5CA
:109C50004BB17F2907D0027C8DF805108DF80420C8
:109C6000416A01A8984703B05DF804FB03898B4261
:109C700010B5044606D1BDE8104009484FF4004134
:109C8000FEF7ADBC018106484FF40041FEF79EFC93
:109C9000218904F12C00BDE8104001F059BF00BF3C
:109CA00030350020F0B5036885B003F0C0030360D1
:109CB00004460191FEF734FD2071FEF731FD0025C9
:109CC0002B4B6071A360A5712A4807F003FD0B239D
:109CD00023740F2323834FF0FF33C4E90735019921
:109CE000E06065826561656204F1280001F05CFE58
:109CF000214B224AC4E92735234604F5A07743F8CF
:109D0000A42F2946C4F8AC301022C4F83851A4F866
:109D10003E51384643F02AFA02A801F074FE882228
:109D20002946A4F83C5104F1B00043F01FFA23780F
:109D3000264643F0010306F82C3B304601F036FF7F
:109D40000F480AF0B9FF21892046FFF78FFF02A9CB
:109D5000304601F009FF618E304601F0FFFE3846C3
:109D600008492A4601F084FE204605B0F0BD00BF38
:109D7000FFFF0B0B0835002009AC0000FDAB000015
:109D8000CC8800206714050038B50378590758BF00
:109D9000C3F3C004C3F38002437858BF84F00104C6
:109DA000054654BFE4B200249BB932B14388DB05B9
:109DB00003D5C169A430FEF7FBFE05F12C001CB1F0
:109DC000BDE8384002F06CB8E97ABDE8384001F0EF
:109DD00017BF38BD1F2908B50CD8C268CA40D207C2
:109DE00008D50278C17242F020020270FFF7CCFF62
:109DF000002008BD0720FCE70278910606D56FF326
:109E000045120270827AC272FFF7BEBF704710B56A
:109E10000378C3F380028A4204462CD061F38203A4
:109E2000037059B92178C1F3C00104F12C0001F08D
:109E3000AFFE2046BDE81040FFF7A6BF43885A0694
:109E400006D5A430FEF77AFE638823F040036380D2
:109E50006378062B09D104F1A400FEF76FFE0023FE
:109E6000637004F19C00FEF7E5FD2378C3F38001E5
:109E70005B07D7D5D9E710BD1F2938B504461FD8D1
:109E8000C368CB40DA071BD5837A8B4206D10D48D5
:109E90004FF48041FEF7A3FB002038BD81720948D2
:109EA0004FF48041FEF792FB237800209B06A4F834
:109EB0003C01F2D4A37AE3722046FFF765FFEBE79B
:109EC0000720EAE73035002043788B421DBF4388E6
:109ED00023FA01F101F001000120704729B10123AB
:109EE00003FA01F1438819434180437813B99C3048
:109EF000FEF7A0BD70474382FF230374C368002AA6
:109F000008BF1A4610B41A405DF8044B4261FFF7CF
:109F1000E5BFF8B51F460378DB0705460E4619D5A1
:109F20000121FFF7D1FFB8B902212846FFF7CCFF86
:109F3000044688B9069B6B62002A18BF1346284660
:109F40002F6208BF4FF4967332460121FFF7D3FF0B
:109F50002046F8BD0D20FCE70520FAE7F8B51F46BE
:109F60000378DB0705460E4614D50121FFF7ACFF49
:109F700090B902212846FFF7A7FF044660B9069B67
:109F80006B62284613462F6232460221FFF7B3FF69
:109F90002046F8BD0D20FCE70520FAE708B5037858
:109FA000DB07024609D50421FFF78EFF28B9BDE87B
:109FB000084004211046FFF791BF08BD08B503789B
:109FC000DB07024609D50721FFF77EFF28B9BDE868
:109FD000084007211046FFF781BF08BD38B5037858
:109FE000DB0704460D4609D5FBF767FC2844E06112
:109FF00008212046BDE83840FFF770BF38BD38B5AE
:10A000000578EB07024611D50521FFF75DFF58B92A
:10A010005388C3F3001383F0010363F34105157004
:10A0200005211046FFF75AFF002000E00D2038BD43
:10A0300070B58CB0D0F8985005AE00244FF6FF7183
:10A0400001233046ADF826108DF82E308DF82440CF
:10A050000594ADF8184001F0F9FC07AB22462846FC
:10A06000CDE90244CDE90064032101F00BF9072199
:10A07000284601F042FB28460CB070BD70B5014681
:10A08000D0F89850034651F8340F8CB0496805AEAB
:10A0900007AA002403C219898DF82E4002223046F7
:10A0A0008DF824200594ADF8184001F0CBFC07ABE7
:10A0B000224621462846CDE90244CDE900648DF8C8
:10A0C0002E4001F0DFF8284601F02AFB4FF0FF3365
:10A0D00003700F2343708470C47028460CB070BDA9
:10A0E000F7B50B681B781A0705460C4620D50DF10D
:10A0F0000301204601F0E4F99DF80330082B17D046
:10A10000102B17D073BB184BA360237FDB0705F11F
:10A11000340509D4154F45F23C462046B95901F0A3
:10A12000EFF9BB590133BB512946204601F070FBC2
:10A1300003B0F0BDD5F838114FF0FF330131019372
:10A1400005F5A073A3602046C5F8381101F0D8F9D1
:10A1500001A9204601F0EDF9FF21204601F016FA91
:10A16000034DE1E7FEE700BF3489002008350020F9
:10A170005F14050021B9D0F8E8300133C0F8E830A9
:10A18000837A93420DD1B0F83E31B3F5007F3CBFE6
:10A190000133A0F83E31B0F83E2100F59E700AF080
:10A1A000C5BE70472DE9FF410B689DF828801F78D8
:10A1B0008B8800260446154608468DF80C60E3B1EE
:10A1C00001A900F069FF2B48012201A907F020072F
:10A1D00014F0D4FD40B13FB195B10E2D05D13146FB
:10A1E000802226300AF0A2FE65B1B8F1000F09D036
:10A1F000D4F8DC300133C4F8DC3004B0BDE8F081C1
:10A200000121EDE7D4F8B0300B2D03F10103C4F8C0
:10A21000B0301AD1D4F8EC300133C4F8EC30E7B1E7
:10A22000D4F8BC300133C4F8BC3025B9D4F8C03000
:10A230000133C4F8C03001A8FFF796FC98B1D4F8F8
:10A24000B8300133C4F8B830D7E70F2D02BFD4F8C7
:10A25000F0300133C4F8F030E1E7D4F8C430013312
:10A26000C4F8C430E7E7D4F8B4300133C4F8B430EC
:10A27000C3E700BF148C00202DE9F74398460B6814
:10A280001B781B0705460E46174604D400252846B2
:10A2900003B0BDE8F0830DF10101304601F000F993
:10A2A0009DF80130052B01D00825F0E701A93046C3
:10A2B00001F016F90DF10201304601F001F99DF8A7
:10A2C0000240082C3AD0102C00F08380002CEBD1F7
:10A2D000434839460246304601F0FCFA054600285C
:10A2E000E2D19DF80230082BD0D198F81E3003F04F
:10A2F0000F03072BCAD1D8F818309C4208D0C8F8F1
:10A3000010000146C8F8184008F10C0001F0AAFB43
:10A31000019BD8F814200133934288BFC8F8143049
:10A32000C8F80C302F4A45F2D433D3589C42ADD9EB
:10A330002D48032221460AF001FDA8E7B8F1000FDD
:10A34000B2D00DF10301304601F00AF99DF8033057
:10A350002449013BDBB245F2D4328DF803308C58EE
:10A3600004F07F02934219D1314605F1280001F033
:10A3700027FB98F81E3003F00F03072B0CD1D8F8F9
:10A3800018309C4290D307D1019AD8F80C30511C58
:10A39000994223D09A4287D339469BE704F1FF398B
:10A3A00009F07F02934207D14A46314605F1280061
:10A3B00001F00AFB4C46DCE7013404F07F029342D3
:10A3C0007FF472AF2246314605F1280001F0FCFA15
:10A3D000CFE7064905F5A07000247BE71D2556E769
:10A3E0003489002008350020CC8800205F14050047
:10A3F00070B588B000238DF810308DF81C301368CC
:10A400001B781B0706460C46154602D4002008B0F0
:10A4100070BD104600F096FD00F44050B0F5005FAE
:10A4200001D00820F3E7284601F029F90028F8D1E7
:10A430006946284601F034F89DF80030052BF0D12C
:10A440000DF10301284601F03BF89DF80330082B7D
:10A45000E7D10DF10101204601F082F80DF1020172
:10A46000284601F07DF89DF801209DF802309A42BF
:10A47000D7D101A9284601F033F802A9284600F0F7
:10A48000A7FE9DF81030002B3AD0012202A92C48DB
:10A4900014F074FC04469DF81030022B4CD0002CB4
:10A4A000BFD02068616802AB03C302238DF810306F
:10A4B0009DF802302349013BDBB245F2D4328DF8DE
:10A4C00002308A5802F07F018B4224D106F16402E7
:10A4D000A37F03F00F03072B03D16369019999420E
:10A4E0009FD302A9284601F0F5F900288FD1A37F58
:10A4F00003F00F03072B89D1019B0133636186E7CA
:10A50000204605A900F0C8FD9DF81C40002CC2D0D3
:10A51000012205A9BBE7511E01F07F018B4202D148
:10A5200006F15402D4E7013202F07F0293427FF435
:10A5300078AF06F17402CBE7002CB9D171E700BF08
:10A54000148C00200835002038B50C4691F82450B2
:10A5500092F9151004F122000AF08BFD0A4845F229
:10A560009963C35C022B0ED1084B9C420BD145F280
:10A57000FC63C35CAB4206D0BDE838404FF00041FD
:10A580002830FEF723B838BD08350020E08B0020C6
:10A5900037B50D4604460DF10701284601F082F853
:10A5A0009DF80730042B15D0072B1ED1D4F80C31A1
:10A5B0000133C4F80C31237813F0010013D0C3F336
:10A5C0000015DB0604D520460321FFF787FC28464B
:10A5D00003B030BDD4F8043107480133C4F8043166
:10A5E00029461CF09DF80120F2E7D4F81031013320
:10A5F000C4F810310020EBE7048B002010B503787D
:10A60000044661F3C30303700948FBF7DFFB2378BB
:10A610005A0704F12C00C3F3800158BFC3F3C001F3
:10A6200001F0B6FA2046BDE81040FFF7ADBB00BF11
:10A630000835002070B50546C6680A48FBF738FFA4
:10A64000044650B9074807F045F8B042E8604FF4B7
:10A650008001054803D1FDF7C2FF204670BDFDF71C
:10A66000B5FFFAE708350020303500200148FBF738
:10A6700013BF00BF0835002007B52C30019101F051
:10A680003BFB019903B05DF804EB0AF0AEBC00009F
:10A6900070B508460D46144600F054FC00F44050D6
:10A6A000B0F5005F2AD12B681B781B0726D52846FA
:10A6B00001F0A7F8064608B321461148052208F024
:10A6C00044FC0446D0B173889AB2092A16D9A0F87E
:10A6D00048303388A0F84A3090F8403043F0800387
:10A6E00080F84030FBF7E9F8D5E90223E064C4E9DB
:10A6F00014230448BDE8704008F060BE70BD00BF80
:10A70000D08D00200C8B00202DE9F0431D460B68F6
:10A7100093F800808B8885B004460E46174608F0F3
:10A720002008002B38D04FF0000901A930468DF8E1
:10A730000C9000F0B1FC01A8FFF716FA68B1A379FC
:10A740000133DBB2A37133B904F12C0001F039FC01
:10A75000002838D0FEE784F80690B8F1000F1BD02F
:10A76000D7B14D48012201A914F008FB81469DB9DB
:10A770003A4631462046FFF73BFE0546B0B9B9F1EF
:10A78000000F09D03A4649462046FFF7DDFE01AAF0
:10A7900039462046FFF77CFF6378013B072B07D83B
:10A7A000DFE803F0070614411F06675A0E25F3E79A
:10A7B000FEE7D4F8D430618A0133C4F8D43004F110
:10A7C000A400FEF705FA05B0BDE8F083D4F8D03058
:10A7D0000133C4F8D03000236370204600F016F92E
:10A7E000F1E7B38813B1B8F1000F0DD06DB1D4F813
:10A7F000CC302A480133C4F8CC30002363702A4699
:10A800003146FFF7E5F8E8E7FEE7002FEFD02378C1
:10A81000DA07ECD53B681B78DB06E8D50621204635
:10A82000FFF75CFBE3E7D4F8C8300133C4F8C83065
:10A8300025B1D4F8E0300133C4F8E0300023637070
:10A840002A46314616480BF040FF14482B463A463C
:10A850003146FFF745F8C0E7D4F8C8301148013356
:10A86000C4F8C830002363702A46314608F082FEDF
:10A87000B3E7D4F8C8300133C4F8C83025B1D4F8F0
:10A88000E4300133C4F8E4300023074863702A46FB
:10A8900031461CF069F8A0E7148C0020808B002062
:10A8A000A48A00200C8B0020048B0020D0F8983064
:10A8B000002270B5C3E904229A807F22DA761A7FDB
:10A8C00022F0170242F004021A770378D9070446EF
:10A8D00040F189804378013B00F19801072B05D8AE
:10A8E000DFE803F005042A4F36046076FEE74FF6F2
:10A8F000FF712C3001F02CF92046FFF799FB05463B
:10A90000002870D0237C83718376002100F0A7FBA0
:10A9100004232B76237E6B762B7FDB0603D429461C
:10A920002046FFF7DDFB0023A37104F12C0001F0AA
:10A9300048FB002861D0FEE7FFF7A0FB0546002892
:10A9400051D0E37A8371837621794B1C2371DDE743
:10A95000D0F89830C27A9A719A76D0F8983004225A
:10A960001A76D0F89830027E5A762448FFF7B8F865
:10A970000546002837D061794B1C637100F06FFBEE
:10A98000CAE7D0F89830C27A9A719A76D0F898309F
:10A9900004221A76D0F89830027E5A7618480CF0C5
:10A9A000B7FCE5E7D0F89830C27A9A719A76D0F879
:10A9B000983004221A76D0F89830427E5A761148A0
:10A9C0001BF0F8FE054670B1037F9A07A4D4D2E7C6
:10A9D000D0F8982000231376D0F898200A485376B0
:10A9E00008F000FDEEE7D4F89810002220468A8097
:10A9F000BDE870400B23FFF787BE70BD808B002041
:10AA0000A48A0020048B00200C8B002038B54378EA
:10AA10000446002B79D1037813F0010305D143805C
:10AA2000BDE83840A430FEF789B843885A061AD5E5
:10AA3000062363706278002A48D0012303FA02F2E9
:10AA4000638804F1A40523EA020363802846FEF725
:10AA500075F86378082B58D8DFE803F0383D424793
:10AA600047474C474700DD0507D5FAF726FFE3695E
:10AA7000C01A002801DB0823DBE76388980701D5AB
:10AA80000123D6E7590701D50223D2E71A0701D5DA
:10AA90000323CEE71D0601D50723CAE79806C3F3B3
:10AAA0004011C3F300120CD572B123789B070BD46D
:10AAB000042363700029BDD0237843F00203237080
:10AAC000B8E7002AB6D0F3E70523B2E72046BDE891
:10AAD0003840FFF759B92046BDE8384000F016B8B5
:10AAE0002046BDE8384000F02AB82046BDE838408E
:10AAF000FFF7DCBEE17A04F12C0001F081F8284672
:10AB00006421BDE83840FEF763B838BD10B504468F
:10AB1000FFF77CF820B92046BDE81040FFF7C6BE1D
:10AB2000218904F12C0001F013F800212046617006
:10AB3000FFF776F82046BDE81040FFF767BF38B54D
:10AB40000446FFF763F840B1236A0020607043BBFE
:10AB50002046BDE83840FFF759BF638A04F12C0551
:10AB600083B9217C284601F04BF8284601F0BEF855
:10AB700001462046FFF76AF82046FFF747F800280D
:10AB8000EFD0E1E723785B0703D4217C284601F06E
:10AB900037F8628A217C284601F000F90028D3D1D9
:10ABA00038BD616A9847D3E710B50446FFF74EF801
:10ABB0002046BDE81040FFF7C2BF00004378012BDC
:10ABC00010B5044603D0062B05D073B1FEE7BDE8EF
:10ABD0001040FFF79BBF002343700748FEF75EFE5F
:10ABE0002046BDE81040FFF711BF03785A0702D591
:10ABF0004388DB05F5D410BD808B00200148FFF7AA
:10AC0000DDBF00BF548900200148FFF7FFBE00BF31
:10AC100054890020F0B589B000238DF810308DF8EC
:10AC20001C30D0F8F430013304460E46C0F8F4303E
:10AC30001746002A40F0AE80002900F059810378C1
:10AC4000DD0740F16D81084600F019FD0746002838
:10AC500040F0A08002A9304600F0BAFA05A93046BB
:10AC600000F01AFA9DF810502DB1B248012202A945
:10AC700014F084F805469DF81C30012B00F09C80F0
:10AC8000022B00F0BE800DF10601304600F0C8F93D
:10AC900048B9BDF806304FF6FF72934203D02289BF
:10ACA0009A4240F0B7809DF81030012B00F0B88038
:10ACB000022B00F0BE8005A8FEF756FF002800F02A
:10ACC000C880D4F8FC300133C4F8FC302B4602AA0B
:10ACD00031462046FFF7D0FA074628B11D2859D142
:10ACE0006378062B40F016813146204602AAFFF712
:10ACF000CFFC91483146FEF7E5FD95B32946324633
:10AD00002046FFF721FC33681B78190729D50DF180
:10AD10000501304600F0D4FB9DF80530082B20D10A
:10AD2000AB7F03F00F03062B04D0072B08D0012BB9
:10AD300040F0E480304600F0C9FC002800F0F080CC
:10AD400033681B7803F00703012B0AD1AB7FDA09C4
:10AD500007D11A0705D02B8C022B02D9FAF7ADFDCB
:10AD6000A8606378022B7AD0062B00F08280012B3A
:10AD700040F08D8033681B785B0770D1D4F80831C0
:10AD80000133C4F8083131462046FEF749FF002F51
:10AD900000F09A80A7F10800152800F2C180DFE8D2
:10ADA00000F09BBFBFBFBFBFBFBFBFA1A7AD52B326
:10ADB00039BFBFBFBFBFBFB92378580705D505A8A6
:10ADC000FEF7D2FE002840F0B180628EBDF814304C
:10ADD0009A421FD1002D7FF456AF05A8FEF7C4FE9E
:10ADE00000283FF450AF554A45F29A63D55C15F000
:10ADF00002053FF448AF4F4802A914F025F8054674
:10AE000041E7082204F1340105A842F079F900284D
:10AE10003FF439AFD4F818310133C4F8183153E096
:10AE2000002D6BD02868696802AB03C302238DF83C
:10AE30001030082204F134010DEB020042F060F9F9
:10AE400000287FF438AFD4F828310133C4F8283112
:10AE50003AE0D4F8F8300133C4F8F83036E7227C11
:10AE6000A37A9A4213D0D4F810310133C4F81031C8
:10AE70008DE79DF81C3043B104F1A400FDF75EFEA0
:10AE8000002363702046FFF7C1FD002F82D1336895
:10AE90001B7803F00703012B18D0032B0ED0002BD7
:10AEA000E1D1D4F808310133C4F8083124483146DF
:10AEB0000BF0EEFF2046FEF767FF68E731462046BD
:10AEC000FFF766FB0028F1D009B0F0BDD4F80031DF
:10AED0000133C4F80031E9E7D4F82C310133C4F868
:10AEE0002C31F1E7D4F830310133C4F83031EBE7DD
:10AEF000D4F820310133C4F82031E5E7D4F8243107
:10AF00000133C4F82431DFE7D4F814310133C4F835
:10AF10001431D9E7D4F81C310133C4F81C31D3E71C
:10AF2000D4F834310133C4F83431CDE7002D7FF447
:10AF3000AAAE58E7148C0020808B00200835002032
:10AF4000A48A0020036858781B7843EA00207047E1
:10AF500008B5FFF7F7FF00F44450B0F5045018BFF0
:10AF6000012008BD08B5FFF7EDFF00F44050A0F543
:10AF700000535842584108BD0268137819B143F094
:10AF800020031370704723F02003FAE70268137858
:10AF900019B143F010031370704723F01003FAE760
:10AFA00000F44053B3F5005F1ED120F44E5323F05C
:10AFB0003F0348F2400293421CD00CD8B3F5446FD3
:10AFC00018D005D8B3B1B3F5046018BF012070479D
:10AFD000B3F50040F9E74CF6404293420AD000F442
:10AFE0004C40B0F54040F0E710F4406F14BF012032
:10AFF000002070470020704708B5FFF7A3FFBDE8A9
:10B000000840FFF7CDBF10B50446FFF7F5FF28B1A4
:10B010002046FFF79DFF0230C0B210BDFF20FCE7C5
:10B0200038B50C460546FFF7EEFFFF281BBF2A6820
:10B030001318062059781FBF135C43EA01232380AD
:10B04000002038BD08B50246FFF77CFF00F44450ED
:10B05000B0F5045F00D1FEE71368987808BD08B525
:10B060000246FFF76FFF00F44450B0F5045F00D1D3
:10B07000FEE71368997008BD38B50546FFF768FF0D
:10B0800004462846FFF7B8FF002814BF022000201E
:10B0900002342044C0B238BD38B50C460546FFF72F
:10B0A000EBFFFF28014620D02846FFF74BFF00F4B6
:10B0B0004060B0F5006F05D0B0F5406F0DD00020B6
:10B0C000207209E02A6853185878535C43EA002339
:10B0D000238001232372002038BD2B6801221944EC
:10B0E000204600F09CFC0223F4E70620F4E7034628
:10B0F00010F4404018BF83F0400003F4405218BFE2
:10B10000C0F38010B2F5005F05D103F44C43B3F5F2
:10B110004C4F08BF0020704710B50146FFF712FFE3
:10B120000446FFF7E4FFC8B10846FFF711FF0146E8
:10B130002046FFF735FF50B9023104F44064B4F5FE
:10B14000006FC8B205D0B4F5406F05D010BD043112
:10B15000F3E70230C0B2F9E70830FBE7FF20F5E77C
:10B1600038B50C460546FFF7D7FFFF281BBF2A68F6
:10B170001318062059781FBF135C43EA012323806C
:10B18000002038BD10B50246FFF7DCFE044610462D
:10B19000FFF7DEFE01462046FFF702FF88B90231C5
:10B1A00004F44063B3F5006FC9B20CD0B3F5406F3F
:10B1B0000CD02046FFF79BFF08B10231C9B2084608
:10B1C00010BD0431ECE70231C9B2F2E70831FBE708
:10B1D00038B505460C46FFF7D5FF01462846FFF770
:10B1E000B1FEFF2908D000F44040B0F5004F05D073
:10B1F000B0F5404F0DD0A0B1062009E02A685318E1
:10B200005878535C43EA00232380012323720020F3
:10B2100038BD2B6801221944204600F000FC0223AF
:10B22000F4E72072F4E7102804D0182814BF002097
:10B23000082070470420704700F0070001380628F6
:10B240000BD8DFE800F00406080A04060800042012
:10B25000704708207047102070470020704700009A
:10B26000430708D000F01803083BDBB2102B04D8CA
:10B27000034AD05C7047FF2070470520704700BF2D
:10B28000771405002DE9F74398461B7A0A9E9DF82E
:10B290002C70012B054689469DF8340041EA0204D2
:10B2A00027D0022B28D098F81210012927D0022984
:10B2B00034D0B9F1020F04BF24F02004A4B2002F4F
:10B2C00014BF4FF0080C4FF0000C4CEA0404B2F528
:10B2D000805FA4B203D0B2F5005F23D04ABB33B184
:10B2E00029B1328873889A4208BF44F0400418B3E9
:10B2F000FEE744F40044D6E744F44044D3E7B8F80A
:10B300000AC04FF6FF7EF44514BF4FF0200C4FF0FB
:10B31000000C44EA0C0444F40064CAE744F44264B8
:10B32000A4B2C6E700295AD17279002B51D1002A64
:10B3300060D108B144F4807429687F2268461AF00D
:10B340001DFA214668461AF048FA04F44453B3F54E
:10B35000045F03D0002168461AF028FA2046FFF760
:10B360001FFE18B1718868461AF037FA08F10A0111
:10B3700068461AF03DFA2046FFF7B9FE18B1318849
:10B3800068461AF02AFA414668461AF031FABDF8C2
:10B390000430AB808FB19DF830100F4339466846BA
:10B3A0001AF004FA3846FFF75BFF02463846FFF70B
:10B3B00043FF1044AA881044A880B9F1030F02BFCC
:10B3C000AB880133AB80AB880233AB8003B0BDE800
:10B3D000F083002AADD13379002BAAD10AE00BB952
:10B3E0007379F9E7022B01D10229F9D032887388E9
:10B3F0009A429ED144F040049BE700F4445110B5BA
:10B40000B1F5045118BF01210446FFF7C9FD60B929
:10B41000023104F44063B3F5006F08D0B3F5406F18
:10B4200019D033B1FF21084610BD0431F1E70231D4
:10B43000C9B22046FFF75BFE08B10231C9B204F47D
:10B440004044B4F5004F08D0B4F5404F08D0002C6C
:10B4500018BFFF21E7E70831EAE70231C9B2E2E7A6
:10B460000831FBE78288032A08B50CD9FFF76AFD8B
:10B4700000F44453B3F5045F01D0042A03D0BDE8BF
:10B480000840FFF7BABFFF2008BD8288022A05D90D
:10B4900003681B781B0701D5FFF7E4BFFF20704747
:10B4A00038B505460C46FFF7F0FFFF281FBF2B6895
:10B4B0001B5C03F00703237014BF0020062038BD77
:10B4C00038B505460C46FFF7E0FFFF281FBF2B6885
:10B4D0001B5C03F01803237014BF0020062038BD46
:10B4E00038B505460C46FFF7D0FFFF281FBF431CA9
:10B4F0002A68DBB200201ABFD3582360062038BD6B
:10B5000038B505460C46FFF7C0FFFF2800D1FEE71F
:10B510002A68431CD9B252FA83F35454220A5A704F
:10B52000220C240E9A70DC702B7F43F001032B77E2
:10B5300038BD38B505460C46FFF7A7FFFF28034680
:10B5400000D1FEE72D68285C00F01800FFF76BFEC5
:10B55000053302462146E818BDE8384041F0DEBD1B
:10B5600038B505460C46FFF790FFFF2802460BD082
:10B570002B68185C00F01800FFF755FE13440344D5
:10B5800000205B79237038BD0620FCE738B50546FE
:10B590000C46FFF77AFFFF28024600D1FEE72B6832
:10B5A000185C00F01800FFF73EFE134403445C7182
:10B5B00038BD10B50446FFF768FFFF2806D02368A2
:10B5C000185CFFF739FE0230C0B210BD0220FCE764
:10B5D00010B50446FFF746FFFF28014610D0236848
:10B5E0001A7812070CD5A488A0420BDA185CFFF772
:10B5F00037FEFF2808D00844C1B28C42B8BFFF21F3
:10B60000084610BDFF21FBE70146F9E7F8B50546FE
:10B61000FFF7DEFF84B2FF2C2DD02846FFF792FC07
:10B62000830506461DD52846FFF7C3FF2F68A98866
:10B63000A21C93B210FA82F28A4207EB040C1CDCC3
:10B640003A5D02F07F0213449CB210FA83F39942F0
:10B6500013DBBCF80020C2F3C7127F2A01D0994245
:10B66000E6D12846FFF77EFC28B906F00706032E30
:10B6700001D10134A4B2E0B2F8BDFF24FBE738B534
:10B680000546FFF7C3FFFF28044609D02846FFF709
:10B6900090FF0444A8888442CCBF0620002038BD17
:10B6A0000620FCE7F8B505460E46FFF7AFFFFF287A
:10B6B000044609D028462F68FFF754FC00B9013C26
:10B6C0003B5D33700020F8BD0620FCE707B503683A
:10B6D0001B7803F00703032B03D0002003B05DF8B1
:10B6E00004FB0DF10701FFF7DDFF0028F5D19DF800
:10B6F0000700031F58425841F0E7F8B505460E46CB
:10B70000FFF784FFFF28044608D028462F68FFF77C
:10B7100029FC00B9013C3E550020F8BD0620FCE79D
:10B7200010B50446FFF772FFFF2816BF23680020FC
:10B73000C01810BD10B50446FFF7F2FF2368C01A09
:10B74000C0B210BD38B50546FFF7F4FF04462846E1
:10B75000FFF72FFF2044C0F17F0080B238BD38B51D
:10B760000546FFF7E7FF04462846FFF722FF04449B
:10B77000A888001B80B238BD70B506460C46FFF79E
:10B78000D9FF05463046FFF714FF05442C44B4802A
:10B7900070BD10B50446FFF70CFFA388181A236884
:10B7A000184410BD08B50246FFF7CCFB830504D54D
:10B7B000BDE808401046FFF70BBFFF2008BD70B57D
:10B7C00006460D46FFF7EEFF04463046FFF71EFF24
:10B7D000FF2C024613D0FF2811D0ADB294420ED8F0
:10B7E0003368195BC1F3C7118D4203EB040007D026
:10B7F0001B5D03F07F0302331C44E4B2EEE700203C
:10B8000070BD08B51A21FFF7DAFF00B1023008BD9C
:10B81000F0B50446E5B000230AA805930D461AF0DA
:10B82000A1FE23681B781B074FD50DF1130120469D
:10B83000FFF736FE002848D105A92046FFF750FE45
:10B840000646002841D106AF9DF8132005993B46D6
:10B8500028461AF079FEA1680AA81AF0B3FC20461F
:10B86000FFF7A7FE05462046FFF764FF039020463A
:10B87000FFF775FF023D0D2302460399CDE90073E2
:10B880000AA8EBB21AF0AAFC2046FFF753FF216882
:10B8900002460AA81AF046FD2046FFF741FF039032
:10B8A0002046FFF75CFF039A0096034611460AA85C
:10B8B0001AF07CFD2046FFF76CFF01460AA81AF03B
:10B8C00026FE237F43F0100323770AA81AF064FEB4
:10B8D00065B0F0BDF0B50446E9B000230EA80593AD
:10B8E0000E4615461AF03EFE23681B781B0706D449
:10B8F00000240EA81AF050FE204669B0F0BD0DF1EC
:10B9000013012046FFF7CCFD00284BD105A92046A6
:10B91000FFF7E6FD002845D106AF9DF813200599F5
:10B920003B4630461AF010FE29460EA81AF04AFC93
:10B930002046FFF73EFE0238C5B22046FFF7FAFE6A
:10B9400003902046FFF70BFF0D2302460399CDE934
:10B9500000730EA82B461AF041FC2046FFF7EAFEC2
:10B96000216802460EA81AF0DDFC2046FFF7D8FE3B
:10B9700003902046FFF7F3FE039A0121034600914E
:10B980000EA811461AF012FD0AA90EA81AF0BFFD62
:10B990002046FFF7FEFE2A4601460AA841F0B0FB0A
:10B9A0000028A5D00824A4E738B5044604300D4685
:10B9B00000F09AF845F290432046EB58236738BDD3
:10B9C00000487047B8890020074945F2D433CB5866
:10B9D000591E914203D00133934202D0FEE703483F
:10B9E00070470348704700BF08350020A889002031
:10B9F000C889002010B54FF6FF74FCF791FE80B2A5
:10BA0000A042FAD010BD10B504460821FDF7E2FAB5
:10BA1000237823F0010343F00203237010BD12B119
:10BA2000012A05D070470B6803604B68436070477C
:10BA300001F10803013813F8012D00F8012F8B42A2
:10BA4000F9D17047012301800371704701234180C0
:10BA50004371704740F20113018041808380704739
:10BA600000687047016070471022002141F07EBBE2
:10BA700030B50B46024601F11005186859681446A6
:10BA800003C40833AB422246F7D130BD102308600F
:10BA90008B80704738B54FF6FE73C380038A03F07E
:10BAA000FE0343F4FE43002543F0010304460382F2
:10BAB000458005718560C560456180F85D5028301E
:10BAC000FFF7D2FF04F13800FFF7CEFF04F1480082
:10BAD000FFF7CAFFA56584F85C5004F16000BDE87B
:10BAE0003840FDF7EDB8000037B5174D0191044619
:10BAF0002846FAF767F920802846FAF74FF90199A6
:10BB0000A06104F11C0000F07FFB0021C4E90811D2
:10BB1000102204F1280041F029FB1022002104F139
:10BB2000380041F023FB0021102204F1480041F0CD
:10BB30001DFB2346054A43F8602F2046A366FFF706
:10BB4000A9FF204603B030BD083500208DC100009C
:10BB50000148FAF70BB800BF08350020C180014842
:10BB600005F086BD1A35002013B500F108030C4618
:10BB700008684968012203C321466846FFF74FFF62
:10BB80000248694605F06EFD02B010BD1A3500206E
:10BB9000037C61F3000303740388DB0502D50248CC
:10BBA00005F0AABD704700BF08350020837810B5A6
:10BBB000044663B90748FAF767F850B90548FAF739
:10BBC00083F830B9A378012B01D00123A3700020A2
:10BBD00010BDFEE70835002010B504466030FDF7C3
:10BBE0006FF80648FAF770F830B90448FAF756F8D3
:10BBF00010B9A37803B1A07010BD00BF08350020B4
:10BC000010B504460448FAF71BFC20B9A378022BB0
:10BC10001CBF0223A37010BD0835002038B50123D6
:10BC2000044603FA01F10020FCF7A6FD4FF4A073CF
:10BC300003FB00F5237CDB070BD5A3690748997943
:10BC4000FAF7FEFB294604F16000BDE83840FDF735
:10BC500029B80248FAF738F8F4E700BF08350020A1
:10BC6000837803F0FB03032B10B504461FD1038830
:10BC7000DB0606D483690E489979FAF7E1FB00B137
:10BC8000FEE7A378A1690B48042B1CBF0423A37013
:10BC900005F0F4FC0D2808D1A1694B6933B10023EC
:10BCA000C1E90433034805F0E9FC00B1FEE710BD2B
:10BCB000083500201A35002038B5036A04460D46C1
:10BCC0001BB1426A0121284698472378DA070BD432
:10BCD0002B681B789B0607D504F160004FF47A515E
:10BCE000BDE83840FCF7DEBF38BD00000148FAF778
:10BCF00059B800BF083500200148FAF70DBB00BF56
:10BD0000083500208378022B1CBF022383701C306F
:10BD100000F096BA03889B0710B5044600D5FEE7ED
:10BD20001048FAF73FF87F2806D094F911307F2B9E
:10BD300001D0834200DA6074F9F7BFFD6369C01A6D
:10BD4000002807DA616E04F160008022BDE810402F
:10BD5000FCF7A2BF94F911102046BDE81040FFF790
:10BD6000D1BF00BF08350020008880F02000C0F35C
:10BD700040107047008800F00C00B0FA80F04009D5
:10BD80007047008880F00400C0F38000704700888E
:10BD900080F00200C0F3400070470000837870B567
:10BDA0000446164653B3033B042B27D903889B074D
:10BDB00009D51448FAF746F8A378052B01D00523D6
:10BDC000A370002518E0FFF7E2FFC8B10D48FAF7AD
:10BDD00037FB054600B1FEE7A378052B1CBF052302
:10BDE000A3707F236374F9F768FD3044606100211C
:10BDF00004F16000FCF756FF284670BD0D25FBE7F7
:10BE00000C25F9E708350020008880F04000C0F3D9
:10BE1000801070478269516938B583780446F1B162
:10BE2000072B1CBF07238370FFF7EEFF90B1154867
:10BE30001569FAF795FAA3695B692B44A3F5A47316
:10BE4000C21A002A06DA191A04F16000BDE8384067
:10BE5000FCF728BF2046BDE83840FFF701BF032BA1
:10BE60001CBF03238370C178FFF784FF0028F1D043
:10BE70000331C9B20529204628BF0521BDE8384055
:10BE8000FFF7CCBE08350020037C024613F001000A
:10BE900002BF108880F48070C0F30020704700005B
:10BEA00010B50446FFF7F0FF20B9A378012B07D1A6
:10BEB000002004E00448F9F707FF0028F5D010BD82
:10BEC0000123A370F4E700BF083500202DE9FF47E8
:10BED0000829DDE90C8905460F4692461C4603D029
:10BEE00011F0EF0F13D0FEE780F85C2000F1280678
:10BEF0000FCB86E80F0098E80F0005F1380686E8BA
:10BF00000F0099E80F0005F1480686E80F00284663
:10BF1000FFF72AFF48B9CDE90190CDF80080044829
:10BF2000234652463946FAF71DFA04B0BDE8F087B9
:10BF30000835002038B590F85C30934204460D4631
:10BF400007D11C3000F082F9A36D9D4224BF01355A
:10BF5000A56538BD1FB50446806903681B781B07BB
:10BF60002DD5037FD9062AD40DF10F01FFF7A8FACA
:10BF700028BBA069037FDA0703D494F85C10FFF7AD
:10BF800005FB2046FFF7F0FEC8B19DF80F30082BE7
:10BF900015D1A06904F138038360037FDB0709D45E
:10BFA000A16D0191FFF7ACFA94F85C20019920464D
:10BFB000FFF7C0FFA06904F10801FFF729FC04B0F6
:10BFC00010BD38B58378052B05460BD00024FFF74C
:10BFD000C1FF2846EC702C7185F85D40FFF71AFF11
:10BFE000204638BD0D20FCE737B505460C46FFF767
:10BFF000BBFE20BB0B681B781A0720D50B7FDB0725
:10C000001DD50DF102012046FFF75AFA00B1FEE7F7
:10C010009DF80230082B12D101A92046FFF760FAE3
:10C0200000B1FEE70DF103012046FFF799FA00B1D8
:10C03000FEE79DF8032001992846FFF77BFF03B038
:10C0400030BD2DE9FF411E46044660300D46904646
:10C05000FCF736FE0E2E25D003D81EB30B2E23D0B0
:10C06000FEE70F2EFCD100272B7F5B0705D5AA79B1
:10C07000394604F11C0000F0CFF829462046FFF7AE
:10C08000B3FF9FB92046FFF775FE78B1E3782A7EAB
:10C090009A420BD90133E370204604B0BDE8F04169
:10C0A000FFF7B8BE0127DFE70127E6E70023E370CB
:10C0B0002379002E32D02046FFF763FE074620B1D9
:10C0C0006F7E9F4294BF0027012704F11C00009758
:10C0D00032462946039000F0A5F8039807B3237968
:10C0E000013323712B7F0E2E43F002032B77D3D124
:10C0F000A37894F85D10062B1CBF0623A37020467E
:10C10000FFF78CFD94F85D300133DBB2052B28BFBF
:10C11000052384F85D3004B0BDE8F0813746D4E7EC
:10C12000A378022B1CBF0223A37042463346294644
:10C1300004B0BDE8F04100F07DB800008378033B17
:10C1400010B50446042B1DD8DFE803F003071814CC
:10C150000300BDE81040FFF783BD83690A48997961
:10C16000FAF76EF9A16920460E23BDE810400022BF
:10C17000FFF767BFBDE81040FFF74CBEBDE81040B9
:10C18000FFF7C8BD10BD00BF083500200148FFF70C
:10C19000D5BF00BF80890020036A70B505460C46F4
:10C1A00016462BB121B11AB9426A3146204698474A
:10C1B0002846FFF7D9FD40B93CB1E37D9B0704D584
:10C1C000227D21692846FFF7B5FE3246214605F15A
:10C1D0001C00BDE8704000F019B8000008B512B1AD
:10C1E000836D8B4200D28165FFF7BEFD48B90548DB
:10C1F0001AB1BDE80840FAF7F1B8BDE80840FAF70F
:10C20000DFB808BD08350020704700000148FEF780
:10C2100001BD00BF548900200148FDF7ABBF00BF3E
:10C22000548900209DF8000000900148FDF7BABF36
:10C23000548900200148FEF767BA00BF54890020E6
:10C240000148FEF7B1BC00BF54890020014808F046
:10C25000DDBC00BFCC88002030B545F2584385B026
:10C2600004462F48CD5805F039FA1122019004F107
:10C27000300102A8FCF726FB019B00212B404FF068
:10C28000780204F1080014BF0193019540F06EFF9D
:10C2900001220023C4E9002300232381A37201A803
:10C2A0001AF0CFF92567A4F85A00FFF7A3FBA4F80A
:10C2B000580004F16C0008F048FB102104F1200044
:10C2C000FCF788FE054640BB102104F15C00FCF73A
:10C2D00081FE054608BB082104F14100FCF77AFE07
:10C2E0000546D0B904F1490002F05DFE0546A0B94B
:10C2F000B4F858300B4A0C4902A8FCF70BFB012399
:10C3000040F2011284F8743084F87B304FF001332E
:10C31000A4F87620A4F87820E367284605B030BD5D
:10C3200008350020881405009314050010B500217D
:10C33000044680F8FE10C0F80011FE2240F016FFFF
:10C34000204610BD02780C2A034611D80C2A11D8B9
:10C35000DFE802F0120720181E1E10201010101027
:10C360001A0002225878904234BF00200120704702
:10C37000352A0BD0012070474278022A0CD90230AE
:10C3800011F0B9BF01F00DBD01F025BD01F0BBBD3D
:10C390001022E7E70822E5E70020704770B590F823
:10C3A000FE30FF2B054600EB03061ED00446B442C8
:10C3B0001DD26378FF2B18D0A31C9E4215D32046B4
:10C3C00019F044FC204486420FD32046FFF7BAFF01
:10C3D00058B1611B227889B2284619F00EFE20B9A7
:10C3E000204619F033FC0444E1E7062070BD00202C
:10C3F000FCE70A4690F8FE1019F0FFBD70B505463F
:10C400000C468E18B44207D014F8011B2846FFF7DB
:10C41000F0FF0028F6D170BD0120FCE7002918BF0D
:10C420000C22024908BF0A22FFF7E8BF9B1405004F
:10C430002DE9F3410C46074680220021204640F0BA
:10C4400095FE3D46012604F1100897F8FE303B4466
:10C450009D4280F08E802B780E2B0BD80E2B0FD8A0
:10C46000DFE803F01A643458714A0E3F0E0E0E0EC8
:10C470007F0E1300342B22D0352B15D0332B5ED0FA
:10C48000284619F0E3FB0544DFE784F87460214691
:10C49000A81C01F040FEF3E7B5F8033084F87C6097
:10C4A0005BBAA4F85A30EBE76946284601F01AFD5A
:10C4B0000028E5D1009B84F87F602367E0E7D5F88A
:10C4C000023084F87A601BBA6365D9E72A4684F89B
:10C4D000786052F8023FC4F841305368C4F84530E0
:10C4E000CEE72A4684F8796052F8023FC4F8493012
:10C4F0005368C4F84D30C3E784F87660AB1C04F190
:10C50000200205F1120153F8040B42F8040B8B4290
:10C51000F9D1B5E72946684684F8776001F039FC1F
:10C52000694604F1300001F040FDA9E7AA78EB78F4
:10C5300084F87B6043EA0223A4F85830A0E784F82B
:10C5400075604146A4E784F87D60AB1C04F15C0291
:10C5500005F1120153F8040B42F8040B8B42F9D198
:10C560008EE7284601F03DFC84F87E600090E0668E
:10C5700086E702B0BDE8F08110B50B4690F8FE20CA
:10C5800004460146184640F0C9FD94F8FE2080F8A4
:10C59000FE2010BDFF2A10B5044609D080F8FE2009
:10C5A00040F0BCFDF9F789F9C4F80001002010BD86
:10C5B0000720FCE791F8FE20FFF7ECBF5388FE2B25
:10C5C00070B50546164608460ED82A463146FBF792
:10C5D00037FC044630B9738885F8FE30F9F76DF9F9
:10C5E000C5F80001204670BD0724FBE738B50446B6
:10C5F00090F8FE0003461344FE2B154609D820444C
:10C6000040F08CFD94F8FE20154484F8FE50002084
:10C6100038BD0320FCE738B50446084681B14D78A3
:10C6200094F8FE30A91C021B51FA82F29A1A0144B6
:10C6300040F082FD94F8FE30023B5B1B84F8FE3034
:10C6400038BD2DE9F843884690F8FE500446174659
:10C650001E46FFF7CEFEC5F1FE05ADB2014618B18C
:10C66000437802331D44ADB206F10209A94518D83A
:10C670002046FFF7D0FF94F8FE30E018994484F884
:10C68000FE9004F80380467019F0EAFA3246394603
:10C6900040F044FDF9F711F9C4F800010020BDE8AD
:10C6A000F8830320FBE737B50C460546097801916E
:10C6B000204619F0DCFA637801990246284603B057
:10C6C000BDE83040FFF7BDBFF8B5074608460C4649
:10C6D000FFF764FE054680B9264694F8FE302344F1
:10C6E0009E420AD231463846FFF7DDFF20B9304678
:10C6F00019F0ACFA0644F0E705462846F8BD91F873
:10C70000743037B505460C465BB1684601F02EFD26
:10C7100008236A460E212846FFF793FF002840F0C1
:10C72000898094F8753063B104F11001684601F016
:10C730001DFD08236A4633212846FFF782FF0028A3
:10C7400078D194F87A30002B69D194F87C3063B1B9
:10C75000B4F85A10684611F0C8FD03236A46002158
:10C760002846FFF76EFF002864D194F87F3063B14C
:10C77000216F684601F0E4FB9DF806306A463521DA
:10C780002846FFF75EFF002854D194F87830002B3C
:10C7900052D194F8793043B1082304F149020721BA
:10C7A0002846FFF74EFF002844D194F876303BB17D
:10C7B000102304F1200205212846FFF742FFC8BBE1
:10C7C00094F8773063B104F13001684601F0E2FB80
:10C7D0009DF80430009A03212846FFF732FF48BB3A
:10C7E00094F87B3093BB94F87D303BB1102304F177
:10C7F0005C0204212846FFF724FFD8B994F87E0094
:10C80000C0B140F20C4304F16C016846ADF8003051
:10C8100001F004FB69462846FFF745FF0AE0636D17
:10C820001BBA00936A46042334212846FFF709FF08
:10C8300000288AD003B030BD082304F14102022150
:10C840002846FFF7FEFE0028A3D0F3E7B4F85830DF
:10C850005BBAADF800306A46022301212846FFF793
:10C86000F0FE0028BFD0E5E7002280F8FE20FFF7A9
:10C8700046BF10B50446FFF7BCFD01462046BDE8A3
:10C880001040FFF7C8BE002910B50CBF0E213321A0
:10C890001446FFF7AEFD30B150F8023F2360436805
:10C8A0006360002010BD1720FCE700294FF008034B
:10C8B0000CBF0E213321FFF7C4BE00290CBF0E218F
:10C8C0003321FFF7D6BF10B502704278014622F03F
:10C8D000030242700022426041F8183F044682621F
:10C8E000C0E90812083001F0D5FB04F1100001F096
:10C8F000D1FB204610BD0000F8B5002381F8FE30C2
:10C900000A4606460C460178134819F06BF80746AC
:10C9100068B933786BB933212046FFF7AAFF342179
:10C920002046FFF7A6FFF8F7C8FFC4F80001384615
:10C93000F8BD34212046FFF75CFD05460028F6D0FF
:10C94000716801F075FA030EAB70030CEB70030A0B
:10C950002B716871E7E700BF6835002030B5C3B0C0
:10C9600004460D4601A8FFF7E1FCFF2200212846FE
:10C9700040F0FCFB204601A9FFF7BEFF044618B9B2
:10C98000294601A8FFF7F8FD204643B030BD00005E
:10C990002DE9F34708460E46FFF700FD054600283F
:10C9A0005CD1DFF8D080344608F53579A8F1280A43
:10C9B00096F8FE3033449C4250D223780C2B1AD880
:10C9C000DFE803F0071E262B3934193E191919190F
:10C9D0004300B4F8037023487FBAFFB23946FDF72D
:10C9E0004BFA054638B1FAF7C9FF1F4903463A46E4
:10C9F0001E48FBF703F8204619F028F90444D7E74E
:10CA0000A178E378174843EA0121FDF72FF9F2E70F
:10CA10001748A11C00F0A2FCEDE72146684601F092
:10CA2000B8F96946504601F011FBE4E7A11C404605
:10CA300008F012FADFE7A11C404608F035F8DAE703
:10CA4000A11C48460DF00CFCD5E7204601F0C9F9C1
:10CA500069460090404608F0CBF9CCE7284602B082
:10CA6000BDE8F08754890020A7140500DD140500F7
:10CA70009C880020CC88002010B5C2B0044601A8D4
:10CA8000FFF754FC01A92046FFF736FF18B901A9AA
:10CA90002046FFF77DFF42B010BD00000378044838
:10CAA000002B0CBF4FF080514FF00051FBF78EBDB3
:10CAB00030350020F8B5044604F1100718300D4653
:10CAC00004F10806FCF73AF8384601F0E3FA30467C
:10CAD00001F0E0FA95F8FE30C3B16378217843F0B5
:10CAE0000103637032462846FFF7CDFE18B996E879
:10CAF000030087E8030023781BB929462046FFF787
:10CB000047FF2046BDE8F840FFF7C8BFF8BD30B585
:10CB1000C3B0044601A8FFF709FC01A92046FFF7AE
:10CB2000EBFE01A905462046FFF7C4FF284643B0A7
:10CB300030BD000038B50446103001F0ABFA04F106
:10CB4000080001F0A7FA63780B486FF3000325464D
:10CB5000637015F8181B18F067FF2846FBF7EEFF07
:10CB60002378012B02D10548FBF7E8FF2046BDE8FA
:10CB70003840FFF793BF00BF683500209088002041
:10CB800030B5C3B0044601A80D46FFF7CFFB2046E1
:10CB900001A9FFF7B1FE044688B9352101A8FFF7C6
:10CBA00028FC58B1694601F09DF940B90549009B40
:10CBB00045F258428A5813402B6003B91724204687
:10CBC00043B030BD0835002070B58CB005460C462A
:10CBD0002622002102A840F0C9FA4FF2BF03ADF8A7
:10CBE0002A306B789B0723D42B781548002B0CBF79
:10CBF0000D211C2117F002FD0646D8B194F8FE2045
:10CC00002146FBF773F90446B0B902A816F0E2FB1F
:10CC10000C4B0B48009502AA314618F059F904460E
:10CC200050B96B7843F002036B7020460CB070BDB6
:10CC30001824FAE70324F8E73046FBF72CF8F4E76A
:10CC4000288700209BCC000013B5002204468DF8F5
:10CC50000720084663B90DF10702102119F027F9E2
:10CC60000346C0B99DF80720AAB1FF2A08BF2523B3
:10CC700062786FF341026270D4E90921002060629A
:10CC80000AB11846904741F2883104F11800FBF7C9
:10CC90009FFF02B010BD0623EAE7FFF7D5BF30B50E
:10CCA000C5B0044603A8154601910093FFF73EFB6B
:10CCB000019903A8FFF7D8FD009A294603A8FFF7BA
:10CCC00095FC40B903A92046FFF77EFF18B9489BA1
:10CCD0006362499BA36245B030BD90F8403030B5E7
:10CCE0000246C518954204D012F8014B8C42F9D186
:10CCF00030BD402BFCD05A1C80F84020C154F7E7CF
:10CD0000F0B5D5B00C46054613A81646FFF70EFB46
:10CD1000002301AA0D2120468DF8483019F04FF864
:10CD2000E8B9BDF8063083B101230DF1030201A972
:10CD30002046FBF785F89DF8031002A8FFF7CDFF0A
:10CD4000012101A818F00FFEEBE79DF8483033B140
:10CD50002B78012B03D1342102A8FFF7BEFF13A9C2
:10CD60002846FFF7C9FD2146204817F084FC0446F9
:10CD7000002833D01E4F13AD9DF84A3113AA134437
:10CD80009D422BD29DF8481059B302AA287811442D
:10CD90009142134614D093F800C0844502F1010279
:10CDA000F6D1003B18BF012366B92A78052A09D1BC
:10CDB0003A78D20706D4284618F048FF0544DBE746
:10CDC0000023EEE7002BF6D02146284618F051FF4D
:10CDD0000028F0D02046FAF75EFF0024204655B028
:10CDE000F0BD002EF0D10123DFE700BF288700202F
:10CDF0004A89002038B515460022FFF781FF044616
:10CE000050B101462A46054818F06EF820B1204678
:10CE1000BDE83840FAF73FBF38BD00BF2887002083
:10CE20002DE9F0419CB00C46804616460021262292
:10CE300001A81F46229D40F099F94FF2BF03ADF8BB
:10CE4000263000238DF86C3023781BB10E210BA8FF
:10CE5000FFF743FF63781BB133210BA8FFF73DFFBA
:10CE6000A3781BB105210BA8FFF737FFE3781BB1AF
:10CE700003210BA8FFF731FF23791BB102210BA877
:10CE8000FFF72BFF63791BB107210BA8FFF725FFE5
:10CE9000A3791BB134210BA8FFF71FFFE3791BB166
:10CEA00001210BA8FFF719FF237A1BB100210BA862
:10CEB000FFF713FF637A1BB104210BA8FFF70DFFE7
:10CEC000A37A1BB10C210BA8FFF707FFE37A1BB174
:10CED00035210BA8FFF701FF3744BE4205D016F8F5
:10CEE000011B0BA8FFF7F9FEF7E798F800301A4886
:10CEF000002B0CBF0B211A2117F080FB064640B314
:10CF00009DF86C3073B901A816F064FAADB91248F7
:10CF100001AA314617F0E8FF044650B920461CB07C
:10CF2000BDE8F0810BAA0D2119F008F8044600288D
:10CF3000E9D03046FAF7AFFEF0E72B4605AC1035E6
:10CF400018685968224603C20833AB421446F7D129
:10CF5000DDE70324E2E700BF2887002010B5034B7C
:10CF600004460022FFF7AFFC204610BDE9D10000C7
:10CF700008B5437813F0010305D0103001F095F89F
:10CF800080F00100C3B2184608BD4378024613F092
:10CF9000010003D002F1100001F087B87047FFF7DD
:10CFA00029BF000010B5064B04460122FFF78BFC99
:10CFB0002346044A43F82C2F2046636310BD00BF6C
:10CFC000F5D1000051D3000038B504460D46F8F7FE
:10CFD00074FC616B04F12C02002391422B6007D09A
:10CFE000226B811A994201DA101A2860184600E073
:10CFF000172038BD38B500F12C040D462046FBF74C
:10D000009DFD34212846FFF7F4F968B1D0F80230CD
:10D01000064AD5F800111BBA9A4228BF1A46204684
:10D02000BDE83840FBF7CEBD38BD00BF0014730F1C
:10D0300070B50D46044695F8FE600178EEB91348C8
:10D0400018F0F2FC637866F300032646637016F866
:10D05000081B28463246FFF716FC10B1304601F097
:10D0600019F8F8F72AFC23786060012B0DD12946C6
:10D070000748BDE87040FFF7BDBF04482A4618F0D6
:10D08000A1FC637843F00103DFE770BD6835002041
:10D0900064880020F8B506460D4616F8101B0446B5
:10D0A000174628463246FFF7EEFB90B104F108011F
:10D0B000304601F06BF8002815DD20462946FFF7C1
:10D0C000B7FF0E4812F04AFF2046FFF7E7FC0020AA
:10D0D00008E02378002BE9D129462046FFF758FCC9
:10D0E0000028E3D0F8BD002FE7D10028ECD041F2B2
:10D0F000883104F11800FBF76BFDE5E78CB20020E6
:10D1000010B5C2B0044601A8FFF710F904F12C00D5
:10D11000FBF714FD01A92046FFF7EEFB18B901A9A2
:10D120002046FFF767FF42B010BDFFF763BE10B5A2
:10D130000C460E21FFF75DF930B150F8023F236035
:10D1400043686360002010BD1720FCE770B543788A
:10D150009B07C4B004460D462DD4184A45F2996386
:10D16000D35C023B012B26D800F108063146103073
:10D1700001F00CF800281EDA237883B903A8FFF722
:10D18000D5F803A90E48FFF7B7FB01A903A8FFF7DD
:10D19000CEFF20B9314601A800F0F8FF58B129466A
:10D1A0002046FFF711FD032805D141F2883104F133
:10D1B0001800FBF70DFD44B070BD00BF083500201E
:10D1C0006488002010B5C2B0044601A8FFF7AEF88D
:10D1D00001A92046FFF790FB18B901A92046FFF7E7
:10D1E000B5FF42B010BD00000148FFF7EBBF00BF24
:10D1F000388800200148FFF7E5BF00BF64880020A1
:10D2000038B504460D46FFF713FF114A45F29963FE
:10D21000D35C032B07D8012B14D873B12046BDE88B
:10D220003840FFF73BBC042BF8D120462946FFF7D6
:10D2300041FC084812F092FEF0E729462046FFF72D
:10D2400039FCEBE729462046FFF780FFE6E700BF01
:10D25000083500208CB2002030B5C5B0054603A8C3
:10D260000191FFF763F8019903A8FFF7A3F918B13B
:10D270000724204645B030BD03A8FFF78FF80446C9
:10D280000028F5D103A92846FFF7BAFFF1E730B52A
:10D29000C3B0054601A80C46FFF748F801A9284687
:10D2A000FFF72AFB20B9214601A8FFF740FF00B194
:10D2B000172043B030BD000070B5CCB004460BA8B9
:10D2C000FFF734F80BA92046FFF716FBB8B901A900
:10D2D0000BA8FFF72CFF90B91A4901A800F056FFE0
:10D2E000002811DD33210BA8FFF7C3FA34210BA866
:10D2F000FFF7BFFA144801220BA9FFF7CBFE204627
:10D30000FFF718FC4CB070BD05210BA8FFF771F8B2
:10D310000028F4D0821C03AE00F11203106851689B
:10D32000354603C508329A422E46F7D1074807A969
:10D3300007F09FFC102203A907A83FF0E1FE002898
:10D34000D0D1DCE74888002038880020CC88002035
:10D350000148FFF7B1BF00BF6488002038B508223C
:10D3600004460D463FF0CCFE30B9BDE838400848D1
:10D370004FF40031FBF733B92B6823606B686360AF
:10D380000348BDE838404FF40031FBF71FB900BF38
:10D390003035002010B50023044603604360024985
:10D3A000FFF7DCFF204610BDEC14050010B5034666
:10D3B00004460A4A043003F046FF2346084A43F86D
:10D3C000382F94F84A202364002363F30002636437
:10D3D000A4F8483084F84A20204610BDFDD700004C
:10D3E0008DD6000090F84A30DB0707B504D5B0F8B9
:10D3F000480003B05DF804FB06480DF1060112F089
:10D4000037FC18B14FF47A73ADF80630BDF806005A
:10D41000EFE700BF8CB2002070B5164A45F29A6360
:10D420000446D35C9B0724D5134812F08AFCA8B1AC
:10D430002046FFF7D7FFA68A0546D6B90434204612
:10D4400004F0EAF829460122204603F07BFF2A4631
:10D4500031460A48BDE8704002F05EB9A28A42B186
:10D460000648012102F058F9201DBDE8704004F083
:10D47000F3B870BD083500208CB20020C6880020AB
:10D480008B0501D5FFF7C8BF704790F84A20A0F878
:10D49000481042F0010280F84A20FFF7BDBF0000AB
:10D4A00070B5C2B001A8FEF741FF1848152117F06A
:10D4B000A5F8044638B390F83030042262F3C6036E
:10D4C00080F830300DEB02011148FFF715FAB0B9C2
:10D4D000104E082516F8011B01A8FEF78AFF70B14F
:10D4E000214618F0C6FB50B9013DF3D10A4A45F276
:10D4F000D4330621D258204618F070FD18B12046CA
:10D50000FAF7C9FB0024204642B070BD28870020EE
:10D5100038880020F41405000835002073B504464F
:10D520000E46FFF7BDFF054680B122460A490B486B
:10D5300017F090F90094084B08483246294617F036
:10D54000C7FC044620B9204602B070BD0324FAE7A8
:10D550002846FAF7A0FBF6E789D6000028870020C6
:10D5600002460846C98B3B2900D8FEE73C393C23DC
:10D5700089B2FAF75ABC262200213FF0F7BD00001D
:10D58000F0B5074691B024480C4606211546FAF737
:10D5900063FF064601A8FFF7EEFFB6B3234601AAD4
:10D5A00004F1200C18685968144603C40833634515
:10D5B0002246F7D1186820609B88A3804FF2BF03F2
:10D5C000ADF82630F8F779F932302A460B900CACDA
:10D5D000103510685168234603C30832AA421C461E
:10D5E000F7D13C2201A93046FAF780FC78B907F15F
:10D5F000440001223146FAF7BBFD3B6C07F13800CD
:10D60000984202D10B99FBF7D3FA11B0F0BD304626
:10D61000FAF741FBF9E700BF7C35002030B504463E
:10D6200093B003A8FFF7A7FF636CABB1596899B13A
:10D63000236C04F138059D420ED103A80191FFF738
:10D640008FFFF8F73AF90D9B0199C01A002805DA07
:10D6500019462846FBF7ACFA13B030BD04F144007C
:10D66000FAF7CBFD07480EA907F0EAFA03A920460E
:10D67000FFF754FF0028EFD000212846FBF7A8FA57
:10D68000EAE700BFCC880020FFF7C8BF0148FFF7DA
:10D69000C5BF00BF08B40020F0B593B00C4603220C
:10D6A000002106466846FAF7CCFA08A8FFF763FFA0
:10D6B000204617F090FD00283CD00DF10202122107
:10D6C000204618F006FCA8BB08230DEB030213212B
:10D6D000204618F022FC68BB112101AA204618F050
:10D6E0006EFB014630BB371D6A46384603F05CFED0
:10D6F0000546F8B101AA2146FAF743FCE0B902A9B0
:10D700000CA801F07CFDBDF80230ADF8423008AA4B
:10D710002946384603F0DCFE70B910230DEB0302F6
:10D720001521204618F0F9FB20B904AA08A93046B3
:10D73000FFF726FF13B0F0BD2846FAF7ACFAF9E779
:10D7400070B58EB004A80D461646FFF714FF4FF2D1
:10D75000BF032748ADF832300DF1060112F080FA10
:10D76000002843D123481D2116F056FF0446002807
:10D770003CD0728C122118F025FCA0BB082306F1C6
:10D7800018021321204618F0D9FB60BB1A4A45F253
:10D79000A8631421D25A204618F014FC18BB29465D
:10D7A00003A818F0D7F8BDF80E304FF61172ADF897
:10D7B00008205BBA042202A92046ADF80A30FAF725
:10D7C00095FB80B903AA29462046FAF7DAFB50B93F
:10D7D000BDF8061004A815F023FE064804AA214649
:10D7E00017F082FB10B12046FAF755FA0EB070BD63
:10D7F0008CB200202887002008350020FFF7A0BF4A
:10D8000070B5027A531E3F2B0FD80731D0E900457F
:10D810000E461046072809D9230A083806F8014998
:10D82000C0B243EA05642D0AF4E7FEE7D308C3EB70
:10D830004313A1EBD20102EBC30212F0FF0209D0A5
:10D8400001239340DBB20A785842013B0240234057
:10D8500013430B7070BD102900D9FEE700F8011BBF
:10D86000102200213FF082BC70B503784BB30C88C6
:10D87000DA00D5B2013BB4FBF5F205FB1242DCB293
:10D88000C2F3C403E31A50FA83F302F007025B7891
:10D89000012606FA02F2134013D04A88B2FBF5F1D2
:10D8A00005FB1122C2F3C403E41A50FA84F302F018
:10D8B00007025B7806FA02F2134214BF30460020DA
:10D8C00070BD1846FCE77FB504460D4602A841F23C
:10D8D000210117F022FF48F2050103A817F01DFFF0
:10D8E00004F10806B4420AD014F8011B019102A801
:10D8F00017F017FF019903A817F013FFF2E7BDF81F
:10D900000A302B80BDF80E306B8004B070BD13B5AB
:10D9100000230C466946CDE90033FFF771FF21462D
:10D920006846FFF7D0FF02B010BD10B510F8014BEC
:10D930000023DAB2944207D910F8012B8A4203F18E
:10D940000103F6D0002010BD0120FCE730B5C7B0C0
:10D95000054608A80C4618F027FE08A818F039FE5E
:10D960000822294608A818F03AFE694608A818F0C7
:10D970003CFE6B4603CB20602378616043F00203DA
:10D98000237008A818F01DFE47B030BD2DE9F04700
:10D990009946274B8EB004460DF1100A1868049082
:10D9A000904620469A889B79ADF814200F468AF855
:10D9B0000630FBF706F818B907200EB0BDE8F0876F
:10D9C0004FF480712046FAF7F5FE112106463846DD
:10D9D000FAF7F0FEB31F9BB2F92BC5B2ECD8102DAD
:10D9E000EAD81222002109A83FF0C0FB9AE8030000
:10D9F000D8F800300690ADF81C10CDF81E302A463D
:10DA0000D8F80430CDF8223039460DF126003FF029
:10DA100085FB4FF480431022CDE90032CDF8089009
:10DA200005F10E0306AA31462046FBF7DFFAC4E7EC
:10DA30008C1405004278102A28BF102200210230E1
:10DA40003FF094BB0346074A10B543F8042FC36068
:10DA500047F2305303610446FAF762FEA4F8560019
:10DA6000204610BDC5DB0000F8B505461648174630
:10DA70001E4616F000FE0446B8B13246102118F0DA
:10DA800096FAE0B9EA682B1D9A420FD1012E06D111
:10DA9000B5F856200B21204618F094FA78B90A48B8
:10DAA0003A46214617F020FA48B9F8BD05F11403AB
:10DAB00040220A21204618F069FA0028E6D02046C4
:10DAC000BDE8F840FAF7E7B82887002037B50D48D9
:10DAD0000193154616F0CFFD044680B1019A10213E
:10DAE00018F065FA28B907482A46214617F0FCF9CC
:10DAF00028B1204603B0BDE83040FAF7CCB803B0F7
:10DB000030BD00BF2887002030B58BB026220D46DF
:10DB1000684600213FF02AFB4FF2BF030B48ADF8E7
:10DB20002230122116F06AFD044660B1294668468B
:10DB300015F086FC05486A46214617F0D5F910B164
:10DB40002046FAF7A8F80BB030BD00BF28870020A8
:10DB50004A1E47F22E539A429ABF016100200720C5
:10DB60007047000007B540F20B23ADF80430B0F861
:10DB70005630013304229BB2A0F856300DEB02015F
:10DB80005BBA0448ADF8063012F099FE03B05DF8B8
:10DB900004FB00BF8CB2002010B504460430FAF735
:10DBA000CDFF2046BDE81040FFF7DCBF044A45F238
:10DBB0009963D35C042B01D1FFF7EEBF704700BF20
:10DBC000083500200148FFF7F1BF00BF54B4002022
:10DBD000F7B545F299631746204AD35C042B0446F7
:10DBE0000D4638D10DF105021021284618F05FF9D5
:10DBF00088BB0DF106020B21284618F06AF950BBCC
:10DC00001748092111F0C9FF60B1B4F85620BDF8DA
:10DC100006309A4206D19DF80560012E04D02046B8
:10DC2000FFF7BAFFFF2610E0F98B43884ABA5BBAC8
:10DC300092B29BB29A4203D04180094812F082F915
:10DC40004CF25031201DFAF7C3FF33463A462946BD
:10DC50002046FFF73BFF03B0F0BD00BF08350020B2
:10DC60008CB2002013B5092303700446022349BA7D
:10DC70004370418043710B2152BA08230171C28065
:10DC800023721023083063720190FFF7D3FE012343
:10DC900001986372FFF7CEFE02B010BD08B50830E0
:10DCA00017F0D4FF0830C0B208BD0000F0B545F24F
:10DCB00099631546274AD35C042B99B004460E4657
:10DCC00007D0FF232A4631462046FFF7CDFE19B084
:10DCD000F0BD214805F110010CF0BCFB0028F0D08C
:10DCE00007AB40220A21304618F0CDF80028E8D1D1
:10DCF000E368271D9F4209D007A904F11400FAF731
:10DD0000BDFD0028DDD02046FFF746FFB4F85630B1
:10DD1000E98B01339AB249BAA4F8562089B2684611
:10DD2000FFF7A0FF6846FFF7B9FF694602460B48B8
:10DD300012F0C5FD03460028C3D107AA412104F112
:10DD40001400FAF748FE4CF250313846FAF740FF1B
:10DD50000123B7E708350020A08B00208CB20020FB
:10DD600000BA70474200400800F0553002F0AA3275
:10DD700002439300920802F0333203F0CC33134392
:10DD800018011B0903F00F3300F0F030184300BAFC
:10DD900070474A78102A28BF1022023101600271B0
:10DDA000704741780230FAF7DDBD38B50D4641784D
:10DDB0000446102928BF10212846FFF74CFD627841
:10DDC000102A04F1020105F1010028BF1022BDE86C
:10DDD00038403FF0A3B94078022894BF00200120CA
:10DDE000704713B50446684606F0AFFD6278638855
:10DDF000023AD2B2022A5BBA28BF02226846211D2B
:10DE0000ADF8003006F0A8FD009B00209AB262F346
:10DE10000F001B0C63F31F4002B010BD0A880346BD
:10DE200052BA08465A80191D022206F0E4BD0000CD
:10DE300038B5D0F80240074824BA84420D4628BFBE
:10DE40000446F7F73AFD431BA3423ABF201A401994
:10DE5000002038BD0014730F00232DE9F3410B603F
:10DE6000438904460E4623B11D4F608910B1012835
:10DE700003D8062002B0BDE8F0816068218960B354
:10DE800002236A46F9F7ADFF6D466B78628903F1AC
:10DE900002084245EDD32A78CAB9042BE9D160685B
:10DEA00028B106236A4604F10801F9F7C9FFD5F83D
:10DEB0000200FFF755FFFFF755FF2B78002B18BF27
:10DEC0000022336808BF3A4610400343336041469E
:10DED00004F1080017F047FDC7E725680D44D4E7B3
:10DEE00000F8FF071FB5831C427801930C4603A876
:10DEF0000021CDE9021117F016FD214601A8FFF718
:10DF0000ABFF04B010BD07B501A9FFF7EBFFB0FAF6
:10DF100080F0400903B05DF804FB1FB500230C46F8
:10DF20006A463521CDE90203019317F048FF28B96D
:10DF3000009B0393214601A8FFF78EFF04B010BD9C
:10DF4000002310B583710A4B1B780446002B094847
:10DF500018BF002008400AD0237004236370FFF725
:10DF600001FFFFF7FDFE0623C4F80200A37110BDF8
:10DF7000CF15050000F8FF0713B504466846FFF704
:10DF8000DFFF9DF806306A463521204617F0D6FFA0
:10DF900002B010BD38B50D46044611212846FAF7E7
:10DFA00009FC25602071204638BD70B50E680979DE
:10DFB00005463046FAF7FEFBC4B2102C10D82246B4
:10DFC000294630463FF09CF808B92B5D53B12246F4
:10DFD000314628463FF0A2F800232B55184670BD65
:10DFE0000720FCE71820FAE713B51123044608467A
:10DFF00000918DF80430FAF7E4FC28B16946204618
:10E00000FFF7D3FF02B010BD0720FBE710B50C46A9
:10E0100019B1182907D0204610BD06484FF48031A9
:10E02000FAF7D4FAF7E703484FF48031FAF7D7FA52
:10E030000024F0E73035002010B50446FFF7D4FF88
:10E0400001462046BDE81040FFF7E0BF10B504468A
:10E05000FFF7ABFF01462046BDE81040FFF7D6BFF3
:10E0600008B51130FFF7C0FF182808BF002008BD11
:10E0700010B500230446037043740449FFF7DCFF26
:10E0800003492046FFF7ECFF204610BD8814050029
:10E09000FC1405004FF0FF33037043708370C370AE
:10E0A000037143718371C371704703884FF6FF7228
:10E0B000934208D1D0F80220013204D1C088C01A9E
:10E0C00018BF012070470120704700230370437080
:10E0D0008370C3700371437183710123C3717047EF
:10E0E000038843B9D0F802202AB9C088A0F580730C
:10E0F0005842584170470020704710B50446D0F888
:10E100000200FFF72DFE2188002249BA8BB21018B9
:10E1100043F1000110BD38B50C460546FFF7EDFF91
:10E12000C4E90001EB885BBAC3F34E0203F00103BC
:10E130002281A37238BD10B55BBA04460380104635
:10E14000FFF70EFEC4F8020010BDC3885BBA03F0EF
:10E15000010343EA410149BAC1807047C3885BBAF1
:10E1600023F00103194349BAC180704738B50C4602
:10E17000D1E900230546FFF7DEFF21892846FFF796
:10E18000E4FFA17ABDE83840FFF7E8BFF8B50C46D8
:10E190000546FFF78AFF01462046FFF786FF8142CA
:10E1A0001AD12846FFF7A9FF064620460F46FFF77B
:10E1B000A4FF8F4208BF864214D1EB88E2885BBA85
:10E1C00052BA99B290B2C3F34E03C2F34E029A42CE
:10E1D00010D017D201200CE000290CBF4FF0FF3007
:10E1E000012006E0B94208BFB0422CBF4FF0FF301B
:10E1F0000120F8BD01F0010300F001029A4204D0B1
:10E20000002BEAE74FF0FF30F3E70020F1E773B5AA
:10E210000646154601910024311901A8FAF7FAFAC9
:10E2200078B9019B032C1A7806D02E2A04F1010438
:10E2300007D101330193EFE7954218BF062002B0E2
:10E2400070BD0620FBE7837C5A0702D5C3F3C300E9
:10E25000704701F088B8000070B5002604460D46EE
:10E260001022C0E90166067031460C303EF07EFF98
:10E270000C4B2946C4E9073604F1240018F02FFEA0
:10E28000294604F12C0002F0EAFF294604F1380087
:10E2900001F0E0FA294604F1D80002F093F8204694
:10E2A00070BD00BF6DEF00003031134602488AB2E6
:10E2B0000021FAF793B800BF7C350020014AFFF730
:10E2C000F3BF00BF28140500024B00F03800185CB3
:10E2D000704700BF0A15050020B1022814BF0020B6
:10E2E000202070470820704730B587B093798DF8AB
:10E2F0000430383000230D46144602A908328DF848
:10E30000053001F0BBFA02A801F061FA023081B2D7
:10E3100004A801F092FAA8B102A801F058FA02A9E3
:10E3200002462846F9F731FEB0B9022201A9284673
:10E33000F9F72BFE80B9A388A0715BBA08335BBAEA
:10E34000A38009E004A801F042FA04A90246284685
:10E35000F9F71BFE0028DFD007B030BD10B504462A
:10E360000C30F9F7CAFF04F11C00BDE81040FAF7C1
:10E3700061BB70B514461E4608460223324621464C
:10E38000F9F75EFD054670B9737862880133B2EB28
:10E39000C30F4FEAC30108D3204617F0EFFA02215A
:10E3A000204617F0E0FA284670BD0625FBE770B559
:10E3B00092B00E46044604A817F0D0FA282308AA03
:10E3C00004A93046F9F73CFD282104A817F0CBFA40
:10E3D0009DF82630002B4ED102AB04AA31462046D0
:10E3E000FFF7C7FF054698B90446BDF81230002B69
:10E3F0003ED004AA314603A801F0F0F9002875D1F7
:10E400009DF80C30012B25D96D2B2BD11CB1062585
:10E41000284612B070BD049B059303A801F0D7F9FC
:10E42000014605A817F0AAFA03A801F0D0F90628BA
:10E43000EDD8BDF814302A2B02D19DF80920AAB1DD
:10E44000BDF81240BDF810201444A4B20833E31AFA
:10E450005C425C4103A801F0BAF9014604A817F038
:10E4600082FAC2E7002C18BF0324F3E70224F1E785
:10E47000022C02D894B90025CAE7032CC8D19DF814
:10E48000161006A801F0CCF9BDF81410019106A8E9
:10E4900001F09DF90199034606AA17E0BDF8101096
:10E4A0000839082289B23046F9F7EFFD022C11D164
:10E4B0009DF808308DF82630BDF824305BBA083B53
:10E4C0005BBAADF8243008AA282300213046F9F7BA
:10E4D000EAFC9DE79DF80930013B8DF8093002AA5E
:10E4E000022328213046F9F7DEFCE5E705468FE7F1
:10E4F0002DE9F04186B006460D4605A81746984618
:10E5000017F028FA03AB05AA29463046FFF731FF7A
:10E51000044670BB08373836BDF8163023B305AA59
:10E52000294604A801F05AF9B8B99DF81030012B1A
:10E5300007D804A801F04BF9014605A817F013FA13
:10E54000EAE76D2B0BD1CDF800803B4605AA2946A2
:10E55000304601F0F2FA0028EBD0044609E013F04F
:10E56000C00FE6D0022404E0BDF814102846F9F7E5
:10E57000BDFB204606B0BDE8F08137B50D46082347
:10E58000098C6A462846F9F750FC044660B9BDF884
:10E5900002305BBA9AB2C3F3CC0343B9D30706D4B3
:10E5A00008212846F9F796FB204603B030BD022427
:10E5B000FAE738B504463AB1012A0FD02368002B98
:10E5C0000CBF0320002038BD0D680A60006885423A
:10E5D000F4D008B1F9F75FFB2560EFE70868C18B5D
:10E5E000F9F746FF05462068A842F1E72DE9F74F05
:10E5F0000846884600F0B7FE414682463B48DFF8B1
:10E60000ECB00BF027FF3A4A009045F27C134FF034
:10E610000009D7584D46002F63D0394658460BF0B5
:10E6200028FF002855D13946404600F0E4FE3A7CE8
:10E630008242064614D838460192FFF704FE019A3A
:10E64000044616461022414638463EF059FD002841
:10E6500046D03DB93A7CB2423DD9B1463D4638E05C
:10E660005446EFE73846FFF7EEFD01902846FFF7E6
:10E67000EAFD019A8242384608D2FFF7E4FDA04243
:10E6800034BF002001200028E4D122E0FFF7DBFDA9
:10E6900001902846FFF7D7FD019A824207D9284604
:10E6A000FFF7D1FDA0422CBF00200120EBE7B87C92
:10E6B000AA7C4240D30702D500F00100E3E7B14550
:10E6C000C8D306D1394658460BF0C4FE009B984289
:10E6D000C0D07F699FE73846FFF7B5FD8246BCE7AB
:10E6E0003D46284603B0BDE8F08F00BFA08B002058
:10E6F00008350020F0B50C468DB002F11801054632
:10E7000008460191164600F069FE019960B11F4864
:10E7100004F07EFD40B1E18B2046F9F7A9FE0146E9
:10E7200010B12846FFF71AFE6023029340238DF8AC
:10E730000F30B3885BBA28335BBA08A8ADF80C3049
:10E7400000F0A6FD292308A928468DF80E30FFF712
:10E750004DFF0346B8B104AE00F1100718685968C0
:10E76000324603C20833BB421646F7D102AA2146FD
:10E770002846FFF7B9FD20B9282202A92046F9F75B
:10E7800004FC0DB0F0BD1420FBE700BFD08D0020CD
:10E790002DE9F047112BB1F81EA08AB080460D4636
:10E7A0001646994602F1100775D1538C52483A46E5
:10E7B000314614F007FF00286DD095F83100C0F302
:10E7C000410014F03BFF840104F47C6444F4C04431
:10E7D000602364BA96F825200093ADF80040C4F396
:10E7E000072402F0030324F0300444EA031496F8EB
:10E7F00024308DF801409AFA9AFAADF804A08DF809
:10E8000006901BB912F0080F08BF402330468DF860
:10E81000073000F0C0FC002844D13378FF2B41D0F2
:10E82000334602AC18685968224603C20833BB421B
:10E830001446F7D106AA3B4607F1100C9246186819
:10E840005968144603C4083363452246F7D1384655
:10E8500000F0B8FDC0BB282269462846F9F795FBB1
:10E860000446C8BB28464B46524602A918F003FB93
:10E87000384600F0B3FD98BB96F8253095F8312066
:10E88000C3F3001363F3861285F83120294640460E
:10E89000FFF764FD20E095F83100C0F34100FFF779
:10E8A0001BFD90E739464046FFF7A0FE08B303463C
:10E8B00002AC00F1100C18685968224603C20833F4
:10E8C00063451446F7D1B5E76A4629464046FFF747
:10E8D0000BFD04460028BED020460AB0BDE8F087F4
:10E8E0006A4629464046FFF705FF0028C4D0044683
:10E8F000F2E71424F0E700BF2887002070B50B482A
:10E900000E4610F0E7FF044668B9094A45F27C1349
:10E91000D5584DB13146284600F06DFD2B7C834221
:10E9200001D96D69F5E70124204670BD8CB2002045
:10E930000835002007B509480DF1060311F0ECF881
:10E9400040B90749BDF8062045F2A863CB5A9A4260
:10E9500008BF042003B05DF804FB00BF8CB20020A8
:10E960000835002070B53C2204460E4600213EF0DA
:10E97000FDFB3146204600F00FFF054680B9A37924
:10E98000112B05D03A2B03D0062B0AD1142300E01B
:10E99000082304F1280228213046F9F746FA00B18D
:10E9A0000625284670BDF0B5044603C989B006ADFA
:10E9B00085E80300294604A817461E4607F097FB82
:10E9C00010B9BDF814308BBBBDF81C3073B3069B77
:10E9D0001B7803F0E003602B28D106F5A8464836E3
:10E9E00000953B460DF10F022146304606F03FFFF1
:10E9F00098B9A379112B07D03A2B15D0062B0CD13F
:10EA0000142204F128010BE09DF80F3004F12801D5
:10EA10002BB12A46304607F041F909B0F0BD082273
:10EA2000284616F04BFFF8E70822EAE71720F4E73C
:10EA30008379062B01D0112B03D1408D40BA80B2CF
:10EA400070470020704710B50446006808B1F9F718
:10EA500022F9204610BD2DE9F0418CB01E4600235E
:10EA6000904607460D4601930A93ADF82C3001F10C
:10EA7000080406AA01F1180C20686168134603C354
:10EA8000083464451A46F7D10DF1080C05F1280247
:10EA900020686168E646AEE8030008349442F44614
:10EAA000F6D1EA798DF82C206A789DF82D10121194
:10EAB00062F30101112E8DF82D100BD03A2E09D0E2
:10EAC000062E07D0002401A8FFF7BDFF20460CB09A
:10EAD000BDE8F0819DF84820414601A8FFF769FD97
:10EAE00004460028EFD1112E02AB0BD03A2E10D0E5
:10EAF000062EE7D1019A294607F1D80002F07AF9EB
:10EB00000446E0E701991A4607F12C0002F004FDE3
:10EB1000F6E701991A4607F1240018F011FBEFE718
:10EB20002DE9F04385B01F46002301930B689DF843
:10EB3000309093F8324014F0010405460E4690469A
:10EB400006D04268FAB1DB8BB3F5A06F07D9022477
:10EB500001A8FFF778FF204605B0BDE8F0832A48FA
:10EB600008F108010BF06EFC10B1B9F1000FEED006
:10EB70002B78E3B1B9F1000F19D0112F2AD03A2F19
:10EB800003D0062F13D10424E2E708F1180105F1A0
:10EB9000240018F055FA50B1306808230DEB030239
:10EBA000018CF9F742F99DF80830802BCFD09DF801
:10EBB0003420314601A8FFF7FCFC04460028C7D1E9
:10EBC00001992846FFF7F3FB01980194D5E901313B
:10EBD0009847BDE730680823018C0DEB0302F9F775
:10EBE00024F9BDF80A10094849BA89B202F0D2FCEA
:10EBF0000028C8D0BDF80A10044849BA89B202F00A
:10EC0000BFFC0028D3D0BEE7A08B0020B485002035
:10EC10002DE9F04385B00646DDF830800C461746F6
:10EC20001D464FF0010998F8000008B92B7873B918
:10EC300020680223018C03AAF9F7F7F838B92B787A
:10EC40002C2B17D006D84BB12B2B08BF022005B0B8
:10EC5000BDE8F0833B2B1CD03C2BF8D12168434608
:10EC60003A463046FFF744FC0028F0D19DF80C30BE
:10EC70002B70D8E7CDF8049098F800200092214638
:10EC80003A463046FFF74CFF21683046FFF775FCE7
:10EC9000EAE70220DBE700002DE9F04790B000230F
:10ECA00080460E4606A809688DF80E30914600F0A1
:10ECB00073FD0446002857D19DF83030FF2B59D101
:10ECC000336893F8323013F00C0F51D10CA800F0D8
:10ECD00085FB054620B193480CA904F099FA054636
:10ECE000336893F8322012F00C0F03D093F83130D0
:10ECF0005B066ED58C480CA901F02AF80123074663
:10ED0000002866D08DF80E3030682821F8F7EEFF25
:10ED10009DF81E308DF80F300DF10E03009306AAFA
:10ED20000DF10F0331464046FFF772FF0446D8B994
:10ED30009DF80E30002B00F0A8809DF80F30292B95
:10ED400040F0A380336804902A46314604A893F823
:10ED500031A0FFF72EFCCAF3801A074600283AD0EC
:10ED600004A8FFF770FE3C46204610B0BDE8F087CF
:10ED70000125B5E76C480CA901F0B7F9074628B1A1
:10ED800001238DF80E3027463D46BDE7336893F8E2
:10ED9000323013F00C0F11D00CA800F017FA98B90C
:10EDA0000CA94046FFF7AAFD70B90CAA08A9404675
:10EDB000FFF7C0FDB0FA80F56D0906E00CA800F081
:10EDC00005FA0028E0D1E7E7012585F00107FFB249
:10EDD0009AE7012798E7049890F83130018C6AF39C
:10EDE000861380F83130F8F799FF049A4F4821468E
:10EDF00008F0EDFA049B4A4605A94046CDE90443D4
:10EE0000FFF74AFF05A8FFF71EFE04A88DF80E4085
:10EE1000FFF719FE9DF80E30002B38D1002DA3D03E
:10EE2000336893F8323013F00C0F09D1404809F0E1
:10EE300052F9002898D09DF81F30013B8DF81F3003
:10EE40009DF81F30FBB18DF814303068012305AAFE
:10EE50000721F9F728F89DF80F303A2B38D13068A0
:10EE60000123018C05AAF8F7E0FF044600287FF48F
:10EE70007BAF9DF814102F4A062312F8010B814234
:10EE800026D0013BF9D102246EE7002FC2D0B9F1A0
:10EE9000000F0FD19DF80E30002B14BF1A462A46E2
:10EEA000CDE9003231469DF80F3006AA4046FFF703
:10EEB00037FE04469DF80E30002BAFD09DF80F3082
:10EEC0000095324606A94046FFF7C5FD0446A5E772
:10EED000306890F83250C5F38105022D16D19DF8A7
:10EEE0000F30112B12D1018C02312B4605AA89B2A9
:10EEF000F8F79BFF044600287FF436AFBDF81430C6
:10EF00005BBA9BB24FF2BF029342BCD03368059309
:10EF100000230648336005A908F05CFA05A8FFF74E
:10EF200092FD21E7D08D002084860020A48A002055
:10EF3000A08B00204315050073B5054600F10C06B3
:10EF40003046F9F77EF9044668B101463046F9F7D4
:10EF5000F1F9002201A928460194FFF79DFE01A8BE
:10EF6000FFF771FDECE702B070BD00000148FFF74C
:10EF7000E3BF00BF8885002070B501390546002435
:10EF8000E6B2F300B242D8B20CD92B5D01340E5D6B
:10EF9000B342F5D073401A0604D401305B00C0B20E
:10EFA000DBB2F8E770BDFD2300F8013B0721FAF75B
:10EFB00011B838B5054614460732D2083EF0AEF80F
:10EFC0002C7438BD027CD31DDB1010B508D0591E3F
:10EFD000C2EBC3044FF0FF32A240445C22404254D3
:10EFE000002299B20F2902D8C2540133F9E710BDAB
:10EFF000102A00D9FEE7FFF7BFBF10B5037C0C7CD9
:10F000009C4208D1E21DD208FFF7F2FF84428CBF78
:10F010000020012010BD0020FCE72DE9F0410F7C0D
:10F02000047CBC42A04628BFB84608F10702D208BB
:10F0300006460D46FFF7DCFF804505D8BC422CBFD5
:10F0400000200120BDE8F081C0F3C703F45CE85C58
:10F050008442F4E700F0E703202B06D000F0DF0045
:10F06000A0F140035842584170470120704703689F
:10F0700023B94068B0FA80F040097047002070471B
:10F08000036803330AD182884FF6FF739A4205D191
:10F090008379FF2B02D1C079C009704700207047E7
:10F0A00008B50821F9F796FF00B1FEE708BD0B6827
:10F0B00003604B684360704713B5044608684968AD
:10F0C0006B4603C39DF80030002283F002036946BB
:10F0D00020468DF80030FCF7A2FC02B010BD10B540
:10F0E0000C46002201462046FCF799FC237883F069
:10F0F0000203237010BD10B50C46002201462046C5
:10F10000FCF78DFC02232372237883F00203237023
:10F1100010BD4FF0FF320023C27049BA6FF00102F8
:10F1200003704370837002714371C180704703683C
:10F13000B3F17F4F05D18088A0F1FE0358425841BA
:10F1400070470020704708B50246FFF7F0FF38B15E
:10F150009079FB289ABF80F00200C0F340000020A5
:10F1600008BD08B50246FFF7E2FF20B19079A0F193
:10F17000FC035842584108BD08B50146FFF777FF28
:10F1800040B90846FFF77CFF20B9BDE808400846B3
:10F19000FFF7E7BF08BD026842B9436833B9826828
:10F1A00022B9C068B0FA80F040097047002070476B
:10F1B00002684AB943683BB982682AB9C06800F15D
:10F1C0007F4358425841704700207047038848F2F7
:10F1D000FE0023F47C531B1A5842584170476FF0CD
:10F1E0000102002302706FF07F0242708370C370CF
:10F1F000037143718371C3710830FFF75DBF6FF016
:10F200000102002302706FF07F0242708370C370AE
:10F21000037143718371C3710B6883604B68C36072
:10F220007047000030B5074C034604F11005224634
:10F2300003CAAA4218605960144603F10803F6D1C4
:10F2400030BD00BF5015050030B5074C034604F132
:10F250001005224603CAAA4218605960144603F1F9
:10F260000803F6D130BD00BF7815050030B5074C56
:10F27000034604F11005224603CAAA4218605960E9
:10F28000144603F10803F6D130BD00BF8C1505000C
:10F2900030B5074C034604F11005224603CAAA42C2
:10F2A00018605960144603F10803F6D130BD00BF61
:10F2B000A015050010B50C7CE21DD208FFF798FEE2
:10F2C000A04234BF0020012010BD10B51446073203
:10F2D000D208FFF78DFEA04234BF0020012010BDF0
:10F2E0000B6803604B6843607047F8B5D40802F0C0
:10F2F0000707224605460E463DF010FF67B1013F65
:10F3000080233B412A5DDBB2591E0A402A55315DFC
:10F310005B420B401A432A55F8BD0A7C402A04D9A7
:10F32000403AD2B20831FFF7E0BF70470A7CFFF7DE
:10F33000DCBF38B5044615460430FFF7D6FFE5704C
:10F3400038BD0B6803604B6843604FF0FF3100230A
:10F35000C17252BA6FF0010103724372837201737A
:10F360004373C281704708B50278FF2A03D1407801
:10F3700000F00F0008BD038848F2FE0223F47C531E
:10F38000934206D0FFF714FF002814BF00200E2080
:10F39000F0E70220EEE708B50378FF2B05D1FFF771
:10F3A000E2FF831E5842584108BD0020FCE7038855
:10F3B00048F2FE0223F47C53934201D0FFF7EBBFE7
:10F3C0000120704708B50378FF2B05D1FFF7CBFF6D
:10F3D000C31E5842584108BD0020FCE708B5037819
:10F3E000FF2B06D1FFF7BFFF032894BF00200120A9
:10F3F00008BD0020FCE71022FFF7BEBD022910B5B2
:10F4000004460BD003290FD0012911D1FFF7C3FE09
:10F4100080B92078FF3818BF012010BD0078A0F116
:10F42000FF0358425841F8E7BDE81040FFF7D6BF48
:10F430000120F2E70020F0E770B50546087C0E4693
:10F440001446FFF707FE00B9FEE710220021284608
:10F450003DF08CFE31462846FFF768FF337C621E84
:10F46000DB080334082B12F8010F14BF19460921D9
:10F470004B1C94426854DBB2F4D170BD2DE9F04FBF
:10F480000B783A2B85B006460D46914625D14B7830
:10F490003A2B03D0062005B0BDE8F08F02350027D7
:10F4A0004FF000082B784B455FFA88F450D02B467C
:10F4B0004FF0000B9A4603A901339AF80000CDE9FA
:10F4C0000033F9F7EBF950B99DF80C20009B02EBE3
:10F4D0000B1BBBF5803FEDD3DCE7FF27E0E755458D
:10F4E000D8D09AF800302E2B0CD1062CD2D82AD1A5
:10F4F0004A46294603A8FEF78AFE0028CBD1039B83
:10F50000F360C8E73A2B01D04B45C3D1B8F1080FDF
:10F51000C0D09BFA9BF326F818309AF800300134DB
:10F520003A2BE4B205D19AF801303A2B05D00AF112
:10F53000010A08F101085546B4E7FF2FAAD10AF1E4
:10F54000020A2746F5E74FF0010A4FF0060B05E0E7
:10F55000082C1CD04FF0000A4FF0080BFF2F99D059
:10F56000E41BE0B206EB47070446ABEB0000620089
:10F57000394606EB40003DF0DFFDABEB08025200E0
:10F58000002138463DF0F2FDBAF1000FB0D1002065
:10F5900081E70022FFF772BF2DE9F843DFF83890CA
:10F5A000DFF8388006460D4617460024A74210D0E3
:10F5B00014F0FF0F03D049462846F9F7ABF936F8A7
:10F5C00014305BBA9AB241462846F9F7A3F90134E0
:10F5D000ECE7BDE8F88300BF6027050012EA0400ED
:10F5E0002DE9F041027C073288B0D210013203AE1F
:10F5F00004460D465208034600F1100CB046186848
:10F600005968374603C7083363453E46F7D1019230
:10F610001B783B704046FFF7D5FC019A2946FFF75F
:10F62000BBFF237C0733772B03D806492846F9F71D
:10F6300071F9227C04492846F9F76CF908B0BDE855
:10F64000F08100BF491505004C15050013B50446AF
:10F650006846F9F737F969462046FFF7C1FF02B05F
:10F6600010BD0822FFF798BF38B5282204460D4682
:10F6700000F10801F9F726F928462146FFF7F1FFC6
:10F68000204638BD13B504466846F9F71BF96946AC
:10F690002046FFF7E6FF02B010BD000030B591F83C
:10F6A000314014F0010491B0054603D001242046F6
:10F6B00011B030BD01A8FFF755F90028F7D107A810
:10F6C000FFF775FE0028F2D0124A45F29963D35C29
:10F6D000002BEBD001A8FFF7ABF99DF80A20062A12
:10F6E00005D0112AE3D144F64C539842DED02A7952
:10F6F0002B4605EB42029A421C4608D021888142E3
:10F7000003F10203F7D1003C18BF0124CFE7002426
:10F71000F9E700BF08350020F0B504460AB30379C5
:10F7200000EB4306864205461FD02F88974200F122
:10F730000200F7D159B1E3B1013BDBB223711AB238
:10F7400004EB43039D421CBF34F812302B80002190
:10F7500005E0022B07D0581C207124F8132008461E
:10F76000F0BD0721FBE70321F9E70029F1D01721BC
:10F77000F5E71B88FFDE037803F0F003602B09D167
:10F78000808840BA80B22830B0F5A06F8CBF0020CE
:10F79000012070470020704770B50E4602460546AE
:10F7A000282300213046F8F740FB044668B9284674
:10F7B000FFF7E1FF48B1AB88F28B5BBA9BB228330D
:10F7C000934218BF0624204670BD0624FBE7037849
:10F7D00013B140780230704701207047F8B50F46EA
:10F7E000164605460246012331463846F8F728FBFF
:10F7F000044610B92C7814B96C702046F8BD022369
:10F800002A4631463846F8F71BFB04460028F4D157
:10F810002846FFF7DCFF7388834238BF0624ECE7F5
:10F8200000230129036018BF0239C0F8033017BF55
:10F830000123037003704170704711F0070108B590
:10F8400006D0C1F10801C9B2FFF7EAFF002008BDE8
:10F850001820FCE710B503460021074A80F88C10F9
:10F86000C0F8901043F8942F0446C0F89C308C22C6
:10F870003DF07CFC204610BDC5FC000038B50C46B0
:10F8800005460E49104610223DF03AFC6D232370C8
:10F8900048B902236370A07095F88C305A1C85F823
:10F8A0008C20E37038BD042363704023A370044AA6
:10F8B00045F2A863D35A5BBAA380EDE7608D0020C0
:10F8C000083500202DE9F84300250F4690460646EE
:10F8D000044684462A462B46294696F803E0BEF1A4
:10F8E000000F09D100EB8504002908BF2146E57807
:10F8F000002D46D07BBBFEE7B6F800E0BCF80090D8
:10F90000CE450BD0B94503D111B90133DBB2314635
:10F91000934284BF1A4664460023B446BE4512D1C2
:10F9200096F802E0C64505D100EB85000523C370BB
:10F9300002203BE039B9A8EB0E0E1EF0800F1EBF6F
:10F940000133DBB2314601350133232DDBB206F141
:10F950000406C2D1CBE7BCF80050BD4204D119B9AE
:10F96000013300F18C01DBB29A423CBF1A46644677
:10F97000012ADDD981B18142DAD931F8043CBB4298
:10F98000D6D1234699420C4612D2814200D2FEE7DC
:10F990005A1A081D3DF0D0FB05230A48278084F839
:10F9A0000280E370082116F0DFF80020BDE8F8833C
:10F9B000F2D9834200D2FEE70C1FE21A191D184645
:10F9C000E8E700BF58350020002330B4014600F1BD
:10F9D0008C051C46CA785AB900EB83000022222B02
:10F9E00013DCC178043081B100F8012C0133F6E753
:10F9F000013AD2B2CA7022B10A6840F82320012429
:10FA000001330431A942E5D1E6E724B930BC03480B
:10FA1000082116F0C1B830BC704700BF583500202F
:10FA2000044A45F29963D35C033B012B94BF022047
:10FA3000002070470835002002460846C98B0B2974
:10FA400000D8FEE70C390C2389B2F8F7EEB902466C
:10FA50000846C98B0C390C2389B2F8F724BA70B563
:10FA600005460E46144652B111460020F8F764FED2
:10FA70002B7A03443344241A2B602C7270BD104639
:10FA8000F6E72DE9FF411F46002306460D46904646
:10FA90008DF80330FFF7C4FF002847D0C98B2846F4
:10FAA000F8F7E6FC0446002840D095F8323013F011
:10FAB0000C0F14D101230DF1030207212846F8F79A
:10FAC000B4F99DF803305A1E012B8DF8032030D96C
:10FAD00001230DF1030207212046F8F7E4F995F818
:10FAE0003230ADF8088013F00C0318BF01238DF8F5
:10FAF0000B3000238DF80C308DF80A70F5F7DDFE21
:10FB00004022014601A8FFF7AAFF0C2201A92046C6
:10FB1000F8F7ECF968B9214606F190000122F8F7F0
:10FB200027FB019906F19400F9F76BF804B0BDE8E2
:10FB3000F0812046F8F7AFF8F8E7F0B50D4685B04C
:10FB4000114607461E4602AA042328460191F8F7EB
:10FB500077F90446B0BB9DF80A30019903F0C00262
:10FB6000402A27D016D8CAB1BDF80C109DF80B203A
:10FB700049BA89B23846FFF7A5FE044628BBBDF84E
:10FB80000C209DF80B3052BA92B229463846FFF746
:10FB900078FF17E01B06E7D5062413E006F10800FE
:10FBA000FFF7C5FAD0B1B37BF27B43EA0223ADF88D
:10FBB0000C30D9E7062302AA2846F8F741F9044693
:10FBC0000028D1D0204605B0F0BD95F8323013F0B2
:10FBD0000C0FF7D00A9B00241C70F3E70224F1E716
:10FBE0002DE9F041064688B001A806F19007F8F724
:10FBF0003CFF394603A8F8F768FBDFF8C480039C94
:10FC0000002C55D0214605A8FFF716FF0199059B4A
:10FC1000CA1A002A07DA194601A8F8F731FF03A823
:10FC2000F8F762FBEBE79DF81B500135EDB230466B
:10FC30008DF81B50FFF7F4FE854204D92146384663
:10FC4000F8F7DBFAEBE72ED2402205A8FFF707FF13
:10FC5000214605A8FFF7FBFE059901A8F8F710FF5C
:10FC6000E18B2046F8F704FC04460028D7D09DF825
:10FC70001B30012B81BF94F83030052262F3C6039C
:10FC800084F8303020460C21F8F759F894F83230D7
:10FC900023F00D0343F0050384F83230214640463B
:10FCA000FEF75CFBBBE721463846F8F781FADEE752
:10FCB00001A906F19400F8F798FF08B0BDE8F081BB
:10FCC000888500200148FFF78BBF00BFC08500205A
:10FCD000002370B50E4615461360044644B1102249
:10FCE000314620463DF00CFA10B12C602469F5E74E
:10FCF000204670BD002370B50E46154613600446BD
:10FD000044B11022314620463DF0FAF910B12C6082
:10FD10006469F5E7204670BD0023C0E90033C0E9FF
:10FD20000233036100F1740100F11403994204D01D
:10FD300002695A6103611833F8E70023C0F888307C
:10FD400000F17803C0F89C3000F18C0343677047E2
:10FD500007B5406801AAFFF7BBFF003818BF0120B4
:10FD600003B05DF804FB00000129F7B50D46044619
:10FD70001F460CBF4FF480514FF400510E481646F9
:10FD8000F8F724FCB7B9A368A3B1802330468DF8F7
:10FD900004300096FFF7E7FA9DF8053000F00F00F9
:10FDA00023F03F0303438DF805302946D4E902329E
:10FDB0006846984703B0F0BD30350020F8B50646D8
:10FDC0000F4614461D46AC4207D022460023394652
:10FDD0003046FFF7C9FF2469F5E7F8BD42680B49D3
:10FDE000002392B18A420CD013461269F9E72BB96D
:10FDF00043600023054A1946FFF7E0BF00221A615D
:10FE0000F7E7034A9342F2D1FEE770475015050029
:10FE10008C15050043680B49002223B18B4203D0A7
:10FE20001A461B69F9E7FEE7074B9A4209D0074BD0
:10FE30002AB94360034B054A0121FFF7BFBF136195
:10FE4000F8E77047501505008C150500781505007A
:10FE500043680A4900227BB18B4204D01A461B69D1
:10FE6000F9E7136103E0064B002AFAD14360044B23
:10FE7000024A0021FFF7A2BF704700BF78150500B6
:10FE80005015050043680C491A4652B18A4211D0F8
:10FE90001269FAE71A461B69002BFBD1064B136166
:10FEA00003E0002BF6D1044B4360034A00230121F9
:10FEB000FFF784BF704700BF501505004268134626
:10FEC0001BB1994207D01B69FAE70A6141600A46F3
:10FED0000121FFF749BF7047F7B50B78FF2B0546A7
:10FEE0000C4629D1406801AAFFF7F2FE30BB164E3E
:10FEF0001022214630463DF003F908B33669002E42
:10FF0000F6D16A6FF2B113696B671646234604F1A6
:10FF1000100718685968344603C40833BB422646A4
:10FF2000F7D16B68094813614FF480516A60F8F7A4
:10FF30004DFB002003B0F0BD0720FBE71820F9E7D8
:10FF40002520F7E70320F5E7781505003035002078
:10FF500073B5937CDB0904460D46164633D0012960
:10FF60000CBF202140211C48F8F730FB04F114039A
:10FF70009E4203D304F174039E4222D3A36803B3C9
:10FF8000337C8DF80430B37C00965A0720D5C3F338
:10FF9000C300B37CC3F3000200F00F03F07C43EA1C
:10FFA0000213C0F3000043EA40139DF8050020F05F
:10FFB0003F0003438DF805302946D4E902326846F4
:10FFC000984702B070BD01290CBF01210221CAE788
:10FFD0003046FFF7C8F9DCE73035002038B5CB7C78
:10FFE000DB0705460C4603D50A492046FFF778F99A
:10FFF0002A6813461BB19C420AD05B69FAE762612A
:020000021000EC
:1000000028462C6022460121BDE83840FFF7A0BFFA
:1000100038BD00BF288D0020036837B50C46154653
:10002000CBB19C4212D05B69FAE7224600210190D5
:10003000FFF78EFFA37C019865F3000322460121A0
:10004000A37403B0BDE83040FFF782BFA37C03F088
:100050000103AB42E9D103B030BD2DE9F3410B7888
:10006000FF2B05460C4603D1072002B0BDE8F08106
:10007000006801AAFFF73EFEC0B105F114039842E3
:10008000F2D37435A842EFD2237C0374637C4374AB
:10009000A27C837C62F300038374A37C827CC3F321
:1000A000400363F3410282740020DEE72046FFF73D
:1000B0008DF80028D8D12E69AEB173692B610FCCB1
:1000C00037460FC794E8030087E80300738A23F4D8
:1000D000607373822B68736132462E60012128465B
:1000E000FFF736FFE0E70320BFE707B5006801AA86
:1000F000FFF700FE003818BF012003B05DF804FBD5
:100100002DE9F04104681D4E0546B4B1E37CDB07E0
:1001100011D5224600212846FFF71AFFE37C6FF332
:10012000410331462046E374FFF7DAF82246012105
:100130002846FFF70DFF6469E7E7114E6C68A6F1EA
:10014000500706F11408B4B1B44201D0444510D1AF
:100150000023194622462846FFF706FE402239466C
:100160002046FFF7E6F80023224601212846FFF744
:10017000FBFD2469E7E7BDE8F08100BF288D002082
:10018000788D002010B51822044600213CF0EEFFC7
:10019000014B236110BD00BF4000030010B50446B1
:1001A000FFF7F0FF638A23F4BE7343F48E73638218
:1001B00010BD70B5144605460E461822002144F0C5
:1001C00002043CF0D3FF04F0030401232E746B748B
:1001D000AC7470BD38B505460C467CB16B6803F154
:1001E0007802944201D22469F7E7A0339C42FAD204
:1001F000297A2046FFF702F90028F4D02C6038BD98
:1002000010B50023C0E90031044602724968FFF7C7
:10021000E1FF204610BD034621B9006830B10269F4
:100220001A607047086908B103690B617047436839
:1002300070B50D46044600217BB19D4202D019469F
:100240001B69F9E7201DFFF7E6FF00232A46204639
:100250001946BDE87040FFF787BD70BD37B504464D
:1002600001AA4068FFF734FD0546B0B104F17803F8
:10027000984214D304F1A003984210D20199201D92
:10028000FFF7C9FF07484FF40051F8F79FF9636F74
:100290002B610020656703B030BD1720FBE72520E8
:1002A000F9E700BF303500204168F8B5044600F199
:1002B000780600F1A00749B1B1420D6904D3B942F3
:1002C00002D22046FFF7CAFF2946F4E7F8BD0346ED
:1002D00021B9006830B142691A607047486908B1B5
:1002E00043694B61704738B503680C4605460021E9
:1002F00093B19C4202D019465B69F9E72846FFF7A3
:10030000E6FFE37C6FF34103E374224628460021B5
:10031000BDE83840FFF71CBE38BD37B5044601AA1A
:100320000068FFF7E7FC0546B0B104F114039842FA
:1003300014D304F17403984210D201992046FFF7B8
:10034000C6FF20462A460021FFF702FE23696B61A3
:100350000020256103B030BD1720FBE72520F9E719
:10036000F8B50546044655F8141B00F1740749B169
:10037000A9424E6904D3B94202D22046FFF7CDFF0D
:100380003146F4E7F8BD000030B504468DB00D46A7
:1003900001466846FFF768F9238A034902AA2846FE
:1003A000F8F7B8FA0DB030BDB415050013B5044622
:1003B0006846F8F787FA69462046FFF7E5FF02B07E
:1003C00010BD00000246074942F8041FC260064AF9
:1003D00002610022C0E90522C2614FF4404202845A
:1003E000704700BF7D0A0100AD0A0100F0B5034669
:1003F00090F855008BB00C4698BB12F0010FD3F863
:10040000C81004F110071AD021F00041C3F8C81039
:10041000224605AE10685168354603C50832BA4217
:100420002E46F7D1228A01A952BA1846ADF80C20FF
:100430001AF03AFF003818BF01200BB0F0BD41F0B0
:100440000041C3F8C810224603F1400152F8045B92
:1004500041F8045BBA42F9D1228A52BAA3F8522079
:10046000EBE70D20E9E738B500F511750C4600F50E
:100470001472294618301BF010F92560002038BD91
:1004800070B500F11806054630460C461BF0B7F86B
:10049000A0420BD364B1214630461BF0ECF828464D
:1004A0001AF08CFF003818BF012070BD0120FCE756
:1004B0002046FAE708B51AF093FF003818BF01206C
:1004C00008BD08B51AF0D8FF002008BD45F270132A
:1004D00010B50468E15800220B466BB198420DD06C
:1004E0001A46D3F81832F8E7D2F8183273B1D3F8B5
:1004F0001832C2F8183209E0172010BD002AF3D1D3
:1005000021B145F27013D1F81822E2500024C0F84E
:1005100018421AF0B1FF2046EFE700000238C0B2DF
:100520000E289ABF014B185C00207047BC150500CF
:10053000032938B505460C4600D9FEE7022911D03B
:10054000032911D0012906D001211AF0B3FC00388B
:1005500018BF012038BD02211AF0ACFC30B90421CB
:100560002846F2E70821F0E71021EEE72046F1E700
:1005700070B505460E461446F5F79FF9211830462A
:10058000FFF7CCFF05EB8000C0F83412286800F5B7
:10059000A240BDE870405C30F8F733BB2DE9F74F5F
:1005A0000446884691461F46002500F50D7A4FF017
:1005B000010BE9B220460191FFF7BAFF064690B35E
:1005C0005AF82530A8EB0302002A23DB022D19D0AC
:1005D000019903291AD0012907D020461AF0B0FA50
:1005E00008B3304603B0BDE8F08F022120461AF070
:1005F00061FC18B120461AF0A7FBF1E720461AF07B
:100600000FFBEDE720461AF0B7FAE9E720461AF0AB
:1006100065FBE5E73A6889F800B0D11A33EA2103AF
:1006200028BF13463B600135042DC2D10026D8E710
:1006300010B5044608301BF085F9D4E933329B1A13
:10064000184410BD37B590F86E4214F00404054606
:100650000ED0D0F828425CB108301BF073F901903D
:100660002846FFF7E5FF019902462846A0470124E6
:100670000023204685F86E3203B030BD70B50E46BB
:1006800015460446FFF7D4FFA919814210D9D4F8C2
:1006900028326BB194F86E32206843F0040300F501
:1006A000A24084F86E326830BDE87040F8F7C2B9F5
:1006B00070BD2DE9F04304468DB00D469146FFF71D
:1006C000B7FFD4F8C830D5F80880002B074624DAE5
:1006D00004F1400307AA04F1500C18685968164643
:1006E00003C6083363453246F7D1B4F85230ADF84B
:1006F000143003AB00932A46002309F00101204681
:100700001AF004FE054650B920463A464146FFF726
:10071000B5FF28460DB0BDE8F0830023EAE70120CD
:10072000F8E72DE9F04104468CB00E4602F00108CE
:10073000FFF77EFFA36807464BB3D4F8C830002B01
:1007400023DA04F1400507AA04F1500C286869680F
:10075000134603C3083565451A46F7D1B4F852303D
:10076000ADF8143003AB00930022334641462046D7
:100770001AF0CCFD054660B920463A463146FFF7EF
:100780007DFF28460CB0BDE8F0810023EBE70D208B
:10079000F8E70120F6E770B590F8553004460D46AD
:1007A0000BB9002070BD0B8CB0F850205BBA9BB227
:1007B0009A42F6D14B8CB0F852205BBA9BB29A4267
:1007C000EFD100F130063046FEF7E5FC30B91022DB
:1007D000294630463CF094FC0028E2D11022A918AA
:1007E00004F140003CF08CFCB0FA80F04009D9E7FD
:1007F00038B50D4645F27411034669580C462CB1C4
:10080000A34201D0E469FAE7182038BDD96145F266
:10081000741118466B5011681962516892685962D8
:100820009A6221461C223CF0A1FC45602046ECE780
:1008300010B510220446002108303CF097FC00203F
:100840002083206010BD45F2741310B54468E15850
:1008500000220B464BB1984209D01A46DB69F9E7F2
:10086000D3695BB1DB69D36108E0172010BD002AB2
:10087000F6D119B145F27413CA69E2500023C3617D
:100880001846F3E738B50368012B0D4614D10B8CDD
:10089000028B5BBA9BB29A420ED100F1080420464B
:1008A000FEF779FC38B91022294620463CF028FC96
:1008B000B0FA80F0400938BD0020FCE72DE9F04196
:1008C0000D8A86696DBA07460C46ADB2D6B1B6F848
:1008D0005030AB4202D0D6F81862F7E72046FEF758
:1008E0005AFC60B906F130084046FEF754FC30B9B6
:1008F0001022214640463CF003FC0028EBD10020AA
:10090000BDE8F081FE69C6B1338BAB4201D0F66918
:10091000F9E72046FEF73FFC0028F0D106F1080772
:100920003846FEF738FC0028E9D110222146384627
:100930003CF0E6FB0028EAD1E1E70120E0E738B52A
:10094000054608460C46FEF726FCC0B9286800F5A7
:10095000A24021465830FFF7B1FF90B1234605F180
:10096000300204F1100153F8040B42F8040B8B42DF
:10097000F9D1238A5BBAA5F85030002038BD072092
:10098000FCE70D20FAE770B5054640680E8A00F5D1
:10099000A24058300C46FFF791FF80B1214605F187
:1009A000080304F1100251F8040B43F8040B9142C0
:1009B000F9D176BA01232E832B60002070BD0D2063
:1009C000FCE70000F8B504469DF8186015467BB1B9
:1009D0001748FDF70BFE034608B90020F8BD2A466C
:1009E00000F1100153F8040B42F8040B8B42F9D1CB
:1009F000BEB14FF480464FF6FF77238C2B82BB426B
:100A00001ABF01339BB24FF440432384294620464A
:100A1000FFF754FF0028E1D1013EB6B2002EECD121
:100A2000DBE729462046BDE8F840FFF747BF00BF97
:100A300088850020F7B50446F4F73FFF00F1004732
:100A40000646013F0023A5698DF8033001975DB18B
:100A500001AB0DF1030231462846FFF79FFD002848
:100A6000F0D1D5F81852F2E79DF803301BB1019987
:100A7000201DF8F7C6F803B0F0BD00000148FFF7ED
:100A8000D9BF00BF6086002038B58469054664B1CF
:100A90002046FFF7D7FD28B105F11000BDE838402A
:100AA000F7F7C8BFD4F81842F1E738BD0148FFF79F
:100AB000EBBF00BF6086002008B5002100F5A14013
:100AC000FDF7FCFB28B190F8313043F0010380F8CA
:100AD000313008BD0846F7F7DEB8062300F5A1401F
:100AE000FDF756BEF4F7E9BEFFF7FCBFFFF740BDC8
:100AF0007047D0F830325BB16F2905D0742905D02A
:100B0000002918BF022118470121FCE70421FAE758
:100B1000704770B504460D4671B900F118063046AD
:100B20001AF06DFD014630461AF0A5FD65602046BD
:100B3000BDE8704019F0CEBE70BD0FB400B5A3B0D3
:100B400024AB802153F8042B019302A83CF0B0FCA5
:100B500023B05DF804EB04B0704700000FB400B59B
:100B6000A3B024AB802153F8042B019302A83CF0DE
:100B70009FFC0349034802AAF6F740FFFEE700BFC7
:100B8000E2EA0400CB15050010B400F5A2409DF880
:100B90000440019458305DF8044BFFF713BF07B5CC
:100BA00004210DEB0100F8F715FA019803B05DF888
:100BB00004FB40BA80B2704708B5FDF7D1F808BD14
:100BC000036823B1994207D0D3F81832F9E7172008
:100BD000B0FA80F0400970470020F9E72DE9F843AA
:100BE0000F46164600214FF4067204463CF0BEFA4A
:100BF00007F5A24021467030FFF7E2FF05460028C6
:100C00004CD145F270130146FA58C4F81822FC5032
:100C10003368C4F81C327368C4F82032B368C4F86F
:100C20002432F368C4F828323369C4F82C3273696B
:100C3000C4F83032102204F50D703CF097FA2946C2
:100C4000122204F517703CF091FA84F86E52D6E93E
:100C50000696092306F1080204F10800B2FBF3F23C
:100C6000B61A1AF004FE3246494604F118001AF08A
:100C7000C0FC16F0070118BF012109EB060801EBC3
:100C8000D6014046C4F828801AF009FC2046656069
:100C900019F020FE27602846BDE8F8831820FBE7FE
:100CA0002DE9F74F00F1180528460C9F0C46164613
:100CB0009946FFF785FF002800F0998094F8553099
:100CC000002B00F094803B7B23B1D4F820320BB191
:100CD0002046984721462846FFF772FF002800F07B
:100CE000868094F85530002B00F08180D4F82432AF
:100CF00023B37B68FEB14FF00008C3467B684345D1
:100D00001CD0D6F800A0B8F1000F09D02146284623
:100D1000FFF756FF00286AD094F85530002B66D0B4
:100D2000C6F800B03146D4F824322046984708F17E
:100D300001085646E2E7002BDDD0FEE721462846B3
:100D4000FFF73EFF002852D094F85530002B4ED0CC
:100D5000D4F82832BBB12046FFF76AFCBB680646D0
:100D60000BB948450FD204F10800D4F828821AF0D4
:100D7000E9FD324601462046C04794F86E3223F022
:100D8000040384F86E3221462846FFF719FF70B33A
:100D900094F855305BB37B7B0BB9BB7BABB1D4F81C
:100DA0002C6296B104F1180738461AF028FCE26A62
:100DB0000190013218BF0122384600921AF021FC3E
:100DC000DDE9002103462046B04721462846FFF7CB
:100DD000F7FE60B194F855300A2B08D1D4F83032C0
:100DE0002BB10321204603B0BDE8F04F184703B0F4
:100DF000BDE8F08F2DE9F04F2DED028B98468B88E2
:100E00005BBA1FFA83FB8946D38B118C5B1A9B4517
:100E10009BB08246154606D0062420461BB0BDEC8A
:100E2000028BBDE8F08FBBF1130FF5D90C31012314
:100E30000DF11B0289B22846F6F7F7FF0446002899
:100E4000EBD19DF81B301B119B00A3F11402D2B211
:100E5000282A8DF81B30DFD89B45DDDB0622414672
:100E6000284615F0F1FF04460028D6D19DF81B3026
:100E7000298C0BAA2846F6F7D8FF04460028CCD1C7
:100E80000C98FCF76DFF0C900D98FCF769FFBDF80E
:100E90003A30DAF818600D905BBAADF83A30BDF828
:100EA0003E305BBAADF83E30BDF82C305BBAA8F8E6
:100EB0002230BDF82E305BBAA8F820303EB1414652
:100EC0003046FFF768FC90BBD6F81862F6E7DAF810
:100ED0001C70F7B141463846FFF7D4FC40B9FF69B2
:100EE000F7E70799002998D0002300961A4646E0B4
:100EF00007AE1022002130463CF038F9CDE90076EB
:100F000000232A460BA9484618F08AF80130E8D198
:100F1000FEE76F2301939DF81B30ABEB03030093B7
:100F20003A46194B0BA9484616F026FE75E730469F
:100F300007AF50F8083F08EE103A1AF003FDD6F854
:100F4000D030039005931022D6F8CC3004930021C2
:100F500038463CF00BF900230093019733462A46AC
:100F60000BA9484618F05CF80130B0D0DDE9033237
:100F70001344059A00979B1A18EE102A31465046E2
:100F8000FFF78EFE49E700BF083500202DE9F0434A
:100F9000D0F8288087B006460D46B8F1000F24D05F
:100FA00001AFD1F80090144602F1100E3A462068C5
:100FB0006168BC46ACE80300083474456746F6D166
:100FC0005BBA29463046ADF81430C04709F5A24057
:100FD00029467030FFF7F4FD20B195F85500003830
:100FE00018BF012007B0BDE8F0830120FAE72DE922
:100FF000F041D0F8248086B00446B8F1000F04D147
:101000004FF0FF3006B0BDE8F08101AE45680B46F9
:1010100001F1100EB44618685968374603C7083303
:1010200073453E46F7D152BAADF8142061466A4680
:101030002046C04745F27413EB58002BE0D09C4289
:1010400010D0DB69F9E7009C05F5A240214670301D
:10105000FFF7B6FD0028D3D094F85530002BCFD140
:101060002046CFE72368002BCAD00028EBD0012808
:1010700014BF4FF0FF300020C4E70023C0E9001286
:10108000C0E9023380F828307047C3688B4230B51E
:1010900000D2FEE7D0E901425B1AA51AAB4221BF9C
:1010A0001B1B9B18836090F82830C16035BF9B18CC
:1010B000C3F10103836080F8283030BD4268C06806
:1010C000101A70470023C0E9023380F828307047B7
:1010D000C368002B14BF05200020704743688B4273
:1010E00000D8FEE78818591A914298BFC01A704775
:1010F0002DE9F84FD0F804B09246C268ABEB020974
:101100004B4528BF4B4604460F461D46002B68D072
:1011100002B98260A1682046FFF7E0FF0B9B13F045
:101120000108064605D04D452CBF4FF000084FF092
:1011300001082068ABEB06094D45304429D82A4602
:1011400051463BF0EBFFF6B9E26894F8283012B153
:10115000C3F10103DBB20C2101FB0342002010614B
:1011600020681146C2E90505103142463846FFF7AE
:10117000A0FA002818BF0025E3682B44E3600A9B0F
:101180001D60BDE8F88F424629463846FFF7C9FA88
:10119000EFE7A5EB0B0B4A4651465E443BF0BEFF22
:1011A00032460AEB090120683BF0B8FF01224946AC
:1011B0003846FFF7B6FAB0B994F82810C1F1010328
:1011C0000C21594363181031186122682144C3E986
:1011D000052638464246FFF76CFA002818BF4D46F0
:1011E000CAE71846C8E70025C6E738B5028A0B8C5F
:1011F0009A4204460D4601D0002038BD0B78FF2BE3
:1012000003D1638C6BB90120F7E7FDF7C4FF002819
:10121000F7D11022294620463BF072FF0028F0D07B
:10122000EAE76A8C9A42E7D112342046FDF7B3FF11
:101230000028E8D11022A91820463BF061FFB0FA3F
:1012400080F04009D9E770B50021044616461D46D6
:1012500034223BF08BFFC4E90965204670BD4FF492
:10126000404202800022C0E9012270474FF2BF03D2
:10127000984208D000F53B50213080B213288CBF33
:101280000020012070470120704710B584680022BB
:10129000234683B1994207D01A461B6BF9E7136BBB
:1012A0003BB11B6B136304E0002AF8D10CB1236B34
:1012B000836000230B6310BD028810B501464FF612
:1012C000FF74A2421ABF013292B24FF4404210465C
:1012D000FFF7CCFF0028F4D10A80104610BD0000B3
:1012E000F8B5064610460D461446FDF754FF88B182
:1012F00022462B4604F11007106851681C4603C4AF
:101300000832BA422346F7D1128822802C8A4CB187
:101310000020F8BD06482146FEF7E7FE0028E7D189
:101320000720F6E73046FFF7C7FF28822046F0E7A0
:101330008486002013460A4601460148FFF7D0BFC5
:10134000B485002030B587B004461546ADF81410BA
:101350001022002101A83BF009FF2A4601A92046DE
:10136000FFF7E8FF07B030BD30B401F1120302F11E
:10137000100452F8045B43F8045BA242F9D11288CE
:101380001A800B8A23B930BC01230A46FFF7A8BF95
:10139000002030BC704700000831024889B2FCF7D9
:1013A00083BF00BF888500200148FFF7F5BF00BF5D
:1013B000B485002037B5138C5BBAADF80030538C80
:1013C0005BBAADF80230CB8B08330C465BBA1546DE
:1013D000ADF804300822002369462046ADF80630F7
:1013E000F6F7D3FD48B901462046F6F77FFC0448DE
:1013F00011232A462146FDF7CBF903B030BD00BFCB
:10140000888500202DE9F04116461A8C8AB00546E1
:101410000C4632B1098A914203D007200AB0BDE8D8
:10142000F0816A4603F1200E174618685968944601
:10143000ACE80300083373456246F6D11868CCF86F
:1014400000009B88ACF8043004A8FDF7A4FE98B116
:1014500004F112084046FDF79EFE0028DDD1434608
:1014600004AA04F1220E186859689446ACE80300F7
:10147000083373456246F6D1BDF8223023B9638C38
:10148000002BCAD0ADF822303846FDF784FE58B1A3
:101490002346BC4604F1100E18685968624603C220
:1014A000083373459446F7D1238A43B1238AADF8B4
:1014B00020303A4631462846FFF77CFFAEE701234D
:1014C000224621462846FFF70BFF0028EED0A5E76D
:1014D00013460A4601460148FFF794BFB485002031
:1014E00070B585680C461646ADB131462846FFF703
:1014F0007CFE40B92D6BF7E76B6AA86A324621463D
:10150000BDE870401847218C2046F6F707FC238C75
:10151000002BF1D0FEE770BD2DE9F3410D4680466A
:10152000098C164608236A462846F6F77EFC0446D0
:1015300010BB11223146284615F086FC0446D8B966
:1015400008212846F6F7C6FBBDF80030D8F804702D
:101550005BBA7384BDF802305BBA33843FB17B68F9
:10156000B86832462946984730B93F68F6E73246B0
:1015700029464046FFF7B4FF204602B0BDE8F0819F
:10158000806828B1038A8B4201D0006BF9E7012003
:101590007047000044F64C53994210B50C460AD0EF
:1015A0004FF2BF03994206D00448FBF71BFF001B14
:1015B00018BF012010BD0020FCE700BF08B40020C8
:1015C00003681BB1994206D01B6BFAE71720B0FAEB
:1015D00080F0400970470020F9E72DE9F04100F163
:1015E0000808054640460C4617461E46FFF7E8FF2A
:1015F000014600B1FEE7342220463BF0B7FDC4E9C6
:10160000097621464046FFF7DBFF10B9AB6823633C
:10161000AC600020BDE8F081D0E909230146014813
:10162000FFF7DBBFB485002038B5054608300C460F
:10163000FFF7C6FF68B121462846FFF726FE1222B3
:10164000002120463BF092FD12220021A0183BF021
:101650008DFD002038BD000001460148FFF7E4BFC2
:10166000B48500200148F4F78BBA00BF083500208C
:101670000148F4F797BA00BF083500200148F4F795
:1016800033BB00BF0835002048F23013C35C13B1F0
:10169000133015F087BD704748F23013C35C13B1A7
:1016A000133015F085BD704710B448F23014045D56
:1016B00024B15DF8044B133015F080BD5DF8044B88
:1016C000704748F23013C35C13B1133015F07CBD82
:1016D000704700000048704700F8FF0708B5FFF7A3
:1016E000F9FF08BDF5F792BB002070470020704756
:1016F000FF207047FF20704770470000F0B589B0A9
:101700000E4615460021122203A8CDE901113BF037
:101710002DFD0F4A45F29A63D35CDB0713D50D4FBD
:1017200003AB012201A938460FF018FE044650B958
:10173000102203A930463BF0E3FC0028F0D1BDF8AD
:101740001E302B8000E01724204609B0F0BD00BFFA
:101750000835002000B4002030B58BB026220C469E
:10176000684600213BF002FD4FF2BF031248ADF87E
:101770002230022112F050FF0546D8B12246102334
:10178000002114F0DBFB044640B9684611F03EFE30
:1017900009486A46294613F0A7FB04460748022178
:1017A00014F0E2F91CB115B12846F6F774FA204698
:1017B0000BB030BD0324F1E7288700205835002006
:1017C000F0B58BB00F4616460021262268461D460E
:1017D0003BF0CCFC4FF2BF031D48ADF8223012F0B5
:1017E000D7FE044660B3B5FA85F14909022213F029
:1017F000D2FC002011F038FF0146204613F08DFD89
:10180000D8B9204613F0BFFD0146B0B910233A46BF
:10181000204614F093FB80B908233246032120466A
:1018200014F08CFB48B96DB9684611F0EFFD08481B
:101830006A46214613F058FB10B12046F6F72BFA02
:101840000BB0F0BD2946684611F0FAFDEFE700BF86
:101850002887002070B501F1350323F001038EB015
:101860005E78022E05460C462FD11B7813F0300F00
:1018700005D11378FF2B02D02A4813F098FB1023D0
:1018800006AA0021204614F048FBF0B908236A4656
:101890000321204614F041FBB8B9234A234E45F2F8
:1018A0007C13D4589CB1102206A920463BF028FC9A
:1018B00028B90822694630463BF022FC08B9646921
:1018C000F0E71B482146FEF70EFD0EB070BD02A9E1
:1018D0006846FDF704FC1449224604A801F0C4FA46
:1018E000049C002CF1D0A37F9B0617D408220DEB9B
:1018F000020120463BF004FC80B106A9204601F01D
:10190000B5F858B9A28B0B490AA8FDF71AFD0AAB26
:101910006A4606A92846FFF753FFD6E704A801F058
:1019200073FADDE72887002008350020508D00205D
:1019300084860020288D0020F0B58BB00F46164617
:101940000021262268461D463BF010FC4FF2BF03E3
:101950001A48ADF82230012112F050FE044618B3A7
:1019600010233A46002114F0E9FAD0B90823324690
:101970000321204614F0E2FA98B9114A45F2A8630F
:101980000221D25A204614F01DFB50B975B91099A6
:10199000684611F055FD09486A46214613F0A4FA3D
:1019A00010B12046F6F777F90BB0F0BD2A68062192
:1019B000204614F013FB0028E9D0F2E72887002026
:1019C0000835002070B506468AB008460D46144614
:1019D00013F001FCA8B12846102306AA002114F038
:1019E0009CFA054668B91A4806A9FEF77EFB02462E
:1019F00048B11034174A00942B4606A93046FFF729
:101A00009BFF0AB070BD144904A801F02DFA049D93
:101A1000002DF6D0AB7F9B0616D4EB7F032B13D89B
:101A200006A9284601F096F870B1F3F746FFAB68B7
:101A30001034C31A00944FF47A7005F15C02B3FBC2
:101A4000F0F3039303ABD8E704A801F0DDF9DEE778
:101A500084860020508D002008350020408A43F6FF
:101A6000FF73C0F30D029A421FBF1346202047F6B2
:101A7000681210FB03201ABF014BC01800207047EA
:101A80000835002008B908687047FFF7E7BF08B5B8
:101A900001460068FFF7E2FF086008BDF0B585B0B9
:101AA00000F5816300F20C400C461546029303904A
:101AB00002AF022657F8043B1B680193019B4BB110
:101AC0001A8AA24208BF1D8201A8FFF7E0FFF5E7CE
:101AD0000126EFE7012EFBD105B0F0BD2DE9F04165
:101AE0000646D2E900750C4600F58168114606F2FB
:101AF000144C00F20C4200F582604346B5B91FB9A0
:101B0000D6F808541F46F8E7474503D1D6F80C54D9
:101B10001346F7E79742034602D1D6F81054F1E78F
:101B200087425BD1D6F814546346EBE72846FFF7AB
:101B300095FF2C22C1E90070002120463BF016FBE6
:101B40002B46A44605F1100E18685968624603C278
:101B5000083373459446F7D12B8A238247451FD11A
:101B6000638A23F4FF7323F0010343F480736382D9
:101B70006B69E27C013318BF012363F38202E274D4
:101B80006B695A1C0AD06361164904F11800FDF70D
:101B9000A7FB55F8183F23626B68636200201EE0C4
:101BA00006F20C439F420BD10123A3742A7EE37CEF
:101BB00062F30003E374AB8A2385EB8A6385EDE768
:101BC00006F58266B74201D10223EEE70323A37430
:101BD0006A7EE37C62F34103E374E7E71720BDE824
:101BE000F08100BF288D00202DE9F04385B01E460E
:101BF00000F58163009300F20C430193002500F58A
:101C0000826300F214400F46904602930390A94667
:101C10005DF82530C8F800301C68C6F800905CB14B
:101C20001022394620463BF06BFA40B13460204622
:101C3000FFF714FF0446F2E70135042DE8D12046F2
:101C400005B0BDE8F083000041B1064BC91AC1F3ED
:101C50004D11438A61F30D034382704743F6FF71D0
:101C6000F7E700BF70AE0020024608B508461168CD
:101C7000FFF7EAFF106008BD00232DE9F04104469C
:101C8000061D436000F1080500F5816843F6FF7703
:101C9000A84506D06F8229463046FFF7E5FF20357C
:101CA000F6E700230B4AC4F80834C4F80C34C4F82F
:101CB0001034C4F81434C4F81824C4F81C44C4F80C
:101CC000203404F58361044815F016F92046BDE878
:101CD000F08100BF8D1F0100AC8500202DE9F0438D
:101CE00087B000F58163029300F20C43039300F583
:101CF000826700F214430425DFF8409004970593AF
:101D00000DF10808441958F8046B316881B1084690
:101D10000191FFF7A3FEB7420199306004D102227E
:101D2000484605F0FFFB01992046FFF79DFFECE7D1
:101D3000013DE8D107B0BDE8F08300BFA48A0020D0
:101D40002DE9F3410446D0F81004D4F8141440B13E
:101D50000546FFF783FE0028FAD12846FFF774FFF7
:101D600001E0C4F81014D4F8102401920026C4F83D
:101D700014644FF003080F27019D5DB129462046EA
:101D8000FFF7EAFCA5F81480EF822E7601A8FFF792
:101D90007EFEF1E702B0BDE8F08170B506460D4663
:101DA00039B904681CB12046FFF758FE3060204660
:101DB00070BD0846FFF752FE04460028F7D0FFF733
:101DC0004DFE01462846FFF73FFFF0E770B5044699
:101DD00015460E461046194604F58264FFF7DDFFEE
:101DE000A54206D131460348BDE87040022205F005
:101DF00099BB70BDA48A00202DE9F04F89B000F591
:101E00008163069300F20C430793131E049314BFDF
:101E10000323042304460D464FEA91290393002728
:101E20000DF1180A00F1040B5AF827604FF0000872
:101E300031464046FFF726FE0146C8B1049B008AA2
:101E400093B1B9EB902F11D1039B009332464346D7
:101E500020460591FFF7BAFF05995846FFF704FFA2
:101E6000414603E00127DFE7A842EDD08846DFE7DF
:101E7000002FF7D009B0BDE8F08F8902012201F4EC
:101E80007C41FFF7B9BF0022FFF7B6BF2DE9F04F45
:101E900089B000F2144305934468029100F582630F
:101EA00000F20C4B069300F581630546CDF810B0A7
:101EB000079344B12046FFF7D1FD264668603046BF
:101EC00009B0BDE8F08FA1460DF1100A00275AF8BD
:101ED00029103E46B84638460393FFF7D3FD039BCF
:101EE00068B18B4207D0027E2AB908F101081FFAB7
:101EF00088F8274600E006463C460746EBE746B131
:101F0000062300930A46234631462846FFF75EFF24
:101F1000D5E7029A22B18B4502D1B8F1010FCED894
:101F200009F10109B9F1040FD0D1C8E730B587B084
:101F3000154604AB05AA0446FFF756FE014650B10C
:101F40000390DDE9043220460095FFF73FFF039937
:101F5000201DFFF789FE07B030BD0722FFF7E6BF5F
:101F600010B51A78012A04468AB008460CD15B786D
:101F700053B9098C28236A46F5F757FF20B9052283
:101F800006A92046FFF7D2FF0AB010BDFFF7E8BF51
:101F90002DE9F341164601AB6A4605460F46FFF7A9
:101FA00023FE0446F8B1009805F58168804503D00A
:101FB00005F20C45A84205D1238AB34200D02682FF
:101FC000002011E00199FFF7E8FE4FF0FF332146B2
:101FD000404626826361FFF747FE054800223946E6
:101FE00005F0A0FAECE7172002B0BDE8F08100BFD1
:101FF000A48A00202DE9F743DFF8D8801C4645F27B
:102000009A63064618F803309B070D4617461ED5FF
:1020100001AAFFF773FBD0B13A4629463046FFF7D5
:10202000B7FFA0B145F2A86938F80930BB420ED01D
:102030002648394601F0CAF848B938F80930A342B1
:1020400008D101213046FFF721FF044648B903B00B
:10205000BDE8F0831D48214601F0B8F80028F0D112
:10206000F5E7D6F80C34019306F20C464FF0000861
:10207000019B4BB11B7E1BB908F101081FFA88F8C0
:1020800001A8FFF704FDF3E72B4603F1100C2546EA
:10209000186859682A4603C2083363451546F7D1C4
:1020A000B8F1010F27824FF000030BD823760323EA
:1020B0000748A382022113F057FD21463046FFF75F
:1020C000D3FDC4E701222276A382F6E7D08D00205B
:1020D00058350020083500202DE9F74398460023A5
:1020E00006460F4691460093FFF708FB054650B39E
:1020F0006B4601AA39463046FFF776FD044690B399
:10210000019806F58165854203D006F20C4398429A
:102110006CD10099FFF741FE019B9D4217D1E37CF2
:1021200013F0C00F13D0019B06F20C46B34202D14C
:102130004FF0FF33636128462146FFF795FD238A60
:10214000A9F800300025284603B0BDE8F083218AB5
:10215000284810F049FD4FF6FE739842E3D121461E
:10216000301DFFF781FDB8F1000F01D11725EAE717
:1021700000213046FFF78AFE044698B33B460546E9
:1021800007F1100C186859682A4603C208336345E2
:102190001546F7D14FF6FE7323820F23E382002307
:1021A00023760193019806F58268804518D006F2DF
:1021B0001443984204D1637EB3B10099FFF7EDFD5B
:1021C00003233946A3823046FFF7C6FA2146054667
:1021D00018B1301DFFF748FDB5E74046FFF744FD55
:1021E0000925B0E70325AEE70225ACE7B8F1000FFB
:1021F000D8D1BBE7D8A600202DE9F04F07468BB019
:1022000008460D46904612F0D8FF002840D0102313
:1022100006AA0021284613F080FE002838D104AE1B
:10222000082332460321284613F077FE80BB0DF1C8
:1022300002020221284613F04CFE044640BB01AACC
:102240000621284613F057FE10B1172820D101941B
:1022500003AB02AA06A93846FFF7C6FC0446B8B18C
:10226000029B07F58169994500F1180A16D1D0F84B
:1022700014B0BBF1FF3F11D00822314650463AF06E
:102280003FFF40B10023324606A93846FFF798FACF
:102290000BB0BDE8F08F019B5B45F9D296E80300D7
:1022A000BDF8023023828AE80300019B6361E37C6E
:1022B0000C4843F0C003E374022113F055FCDDE940
:1022C0000201FFF76AFD21464846FFF7CDFC424672
:1022D0002946054812F06BFE0448002206A905F0C5
:1022E00021F9D5E75835002028870020A48A00204E
:1022F0002DE9F347D0F80834019306460027019AE8
:102300005AB1D37C13F0C00F1CBFC033D37401A8E3
:1023100018BF0127FFF7BBFBF1E7D6F80C34019398
:102320000124019A5AB1938A2BB1013B9BB293824B
:1023300003B91476012701A8FFF7A9FBF1E7D6F846
:102340001434019306F214494FF001087824019DDA
:10235000CDB1AB8A9BB1013B9BB2AB8223B96F7EFF
:1023600027B985F81980AC82012708E0EA8A53086A
:102370000F2B38BF0F239A4201D0EB82AC8201A809
:10238000FFF785FBE3E7DFF8748006F582664FF020
:10239000010A2C4620463146FFF774FB25460446C9
:1023A00008B3838A03B9FEE7013B9BB2838201270E
:1023B000002BEFD1C28A8282BA4092B2782A28BF1B
:1023C0007822C282437680F818A029463046FFF76B
:1023D000E4FC21464846FFF747FC022221464046DE
:1023E00005F0A0F8D5E71FB90348022113F0D4FB8C
:1023F00002B0BDE8F08700BF58350020A48A002055
:10240000014800F0ABB800BF1CB5002010B5034A6E
:10241000044600F04BF8204610BD00BF0124010027
:1024200070B504461E46154600F084F80023666029
:10243000238129462046BDE8704000F059B80000CD
:10244000F7B501F1350626F0010607467378022B31
:102450000C46154626D101A92046FBF75EFD08BBB8
:102460000DF101023621204613F021FDD0B90DF106
:1024700002023721204613F02CFD98B9BDF8023036
:102480009DF8012001993846FFF7CAFF337813F011
:10249000300F07D12B78FF2B04D003482A46214662
:1024A00012F085FD03B0F0BD288700200021C0E9AF
:1024B00000118160FF210173014641F8102F8161F5
:1024C000704710B504461030F6F738FB0023A372AE
:1024D00010BD03685BB1027B1F2A02D8D340DB0723
:1024E00005D40146FF2301F80C3F14F085B870476E
:1024F00070B5866900F110039E4204460D4603D074
:10250000817A0D44857270BD4368002BFBD003684F
:10251000002BF8D0FFF7DDFF2189237BA572E37242
:1025200001310020F6F728F901463046BDE8704039
:10253000F6F74EBB10B445F25842074C0160A25862
:102540001140016019B95DF8044BFFF7BABF5DF89F
:10255000044BFFF7BEBF00BF0835002070B505462D
:10256000044615F80B1F1248002206F025FDFF2631
:102570002946204614F040F808B1E672F8E7E27AFE
:10258000237B9A420AD021896068F6F703F9014655
:1025900004F11000BDE87040F6F71ABBA37A002BD7
:1025A000F1D0013BDBB2A372002BECD170BD00BFB8
:1025B000A08B00200148FFF7D1BF00BFF4B5002079
:1025C000002310B5C0E900338360FF230373034683
:1025D000064A43F8102F04468361054A1C3013F065
:1025E00027FD4FF4FA732381204610BDB525010065
:1025F000152601001C3013F063BD10B50446FFF72B
:1026000060FF04F11C00BDE81040F6F797BA012105
:10261000FFF76EBF0148FFF7FABF00BFF4B5002017
:1026200037B545F29963104DEB5C012B04460AD98E
:10263000022B0ED10D4808F025FF20B145F29A6318
:10264000EB5C1B0705D4204603B0BDE83040FFF724
:10265000D4BF08230093064B00211A4604F11C0046
:1026600013F053FD03B030BD08350020A08B0020CF
:10267000807F0A00034A45F25643D35C0373FFF799
:1026800028BF00BF0835002013B50023044601A968
:102690000C480193FAF774FA88B9019979B1236863
:1026A00099420CD02046FFF745FF01A813F0B7FF71
:1026B000054BB3FBF0F060602046FFF7DBFF02B094
:1026C00010BD00BF38880020C13F050038B50C465A
:1026D0006107054601D5FFF7A3FFE20002D52846B2
:1026E000FFF7D2FF630404D52846BDE83840FFF762
:1026F000C1BF38BD042910B500D9FEE7802444FAD3
:1027000001F190F9003049B21AB10B43DBB203700A
:1027100010BD23EA0103F9E738B50D463022002148
:1027200004463AF023FD69682868234603C3AB6D6D
:10273000A360AB8B2383AB8BC3F30803638395F850
:10274000B7302377F3F7B9F8AB68C01A4FF47A7350
:10275000B0FBF3F095F82430E060637705F12200D8
:1027600002F01AFCA07795F92530E377EB8C2384EF
:102770002B8D6384EB8E94F82920C3F30D03A3847F
:102780002B8CFF2B28BFFF2384F82830AB7FDB097D
:1027900063F3000284F82920AB7FD2B2C3F3401365
:1027A00063F3410284F82920AB7FD2B21B0963F3A3
:1027B000820284F82920AB7F03F00F03012B02D0A3
:1027C0009A1F5342534194F8292063F3C30284F8BB
:1027D0002920B5F8C030E38495F84030DB0904D0F7
:1027E000B5F84830003B18BF012394F8292063F363
:1027F000041284F8292028460CF084F90023206173
:10280000636138BD01F16403984217D301F1B4024A
:10281000904213D2C01AC0F30710042800D9FEE773
:10282000802343FA00F091F8B530034207D191F8C4
:10283000B63003420CBF012002207047FEE70020A3
:10284000704737B50D4602F164018842144619D32A
:1028500002F1B403984215D2401AB5FA85F2C0F3DA
:102860000711520904F1B5000191FFF743FFAB1EB8
:102870005A4201995A4104F1B60003B0BDE8304014
:10288000FFF738BFFEE7000010B500210446C8225C
:102890003AF06CFC20460249BDE810400CF097B9B4
:1028A000083500200023C365036680F8B43080F843
:1028B000B53080F8B6307047837FC9B243F040022C
:1028C000B1EB121F0BD061F30713837703F00F03F3
:1028D000072B04D10246022101480CF01FBB7047B0
:1028E000148C002070B500F15C0630460D46FCF7F4
:1028F000BEFB044648B928460549FCF7F1FC33689D
:10290000AB607368EB60204670BD1720FCE700BF2A
:10291000288D00200B8870B504460D46164633B14D
:102920002B8894F8B4209A4209D2172006E001239C
:102930000B801146FFF7D6FF0028F1D170BD013B97
:10294000DBB204EB031404F16403743453F8042B76
:1029500046F8042BA342F9D12B8801332B800020A9
:10296000ECE700002DE9F04190F8B470DFF83C800E
:1029700000F164040E4604EB0717BC42254612D052
:1029800021464046F4F7CDFF10340028F5D02B4601
:102990003146224653F8040B41F8040B9342F9D117
:1029A0000020BDE8F0811720FBE700BFACB4002099
:1029B000F8B590F850500F4600EB05150446AC42B0
:1029C000264609D02046102239463AF099FB1034A9
:1029D0000028F4D13046F8BD0026FBE770B5044668
:1029E00008460D46FCF7D7FB58BB1848294607F0A8
:1029F00029FD60B15C342046FCF739FB08B918208A
:102A000070BD55F8080F696803C40020F8E729462F
:102A100004F16400FFF7CCFF0028F0D194F8B40073
:102A2000052810D0431C84F8B43004EB001464343F
:102A300005F1100355F8042B44F8042B9D42F9D1FD
:102A4000E3E70720DCE70320DAE700BFA08B0020E4
:102A500010B504466430FFF7ABFF28B12146FFF7FD
:102A6000D1FE831E5842584110BD00002DE9F047A9
:102A7000064637480D4607F0E5FC044660B106F10E
:102A80005C0408222146A8183AF03AFB002853D1EA
:102A9000F0653066BDE8F08706F1640729463846E0
:102AA000FFF786FF0546002846D096F8B48008F167
:102AB000FF381FFA88F8B8F1040F00D9FEE796F83E
:102AC000B5304FF0800AA0EB07094AFA08FA13EA7A
:102AD0000A0FC9F3071914BF0122002206F1B5003D
:102AE0004946FFF707FE22464146FFF703FE96F8E8
:102AF000B63013EA0A0F14BF0122002206F1B60015
:102B00004946FFF7F7FD22464146FFF7F3FD96F8E9
:102B1000B4309BB1013BDBB286F8B43007EB031352
:102B20009D4207D003F1100253F8041B45F8041B23
:102B30009342F9D10020ADE71720ABE71A4603CA4C
:102B4000102A28606960134605F10805F6D1FFDEFA
:102B5000A08B002038B5054608460C46FCF71BFB49
:102B6000B8B90D48214607F06DFC48B1082205F1BF
:102B70005C01A0183AF0C4FAB0FA80F0400938BD00
:102B8000214605F16400FFF713FF003818BF01204C
:102B9000F5E70020F3E700BFA08B0020704700009E
:102BA00091F8303003F00703022B07B508460CD12B
:102BB00000210DF10602F5F738F9BDF806100448BA
:102BC00000F079F903B05DF804FB0020FAE700BFDC
:102BD000D08D0020CB8EC3F30D0373B50C46EBB93B
:102BE000104801220221F5F73DFC0546B0B10E4E1A
:102BF0000E4BA41BE41002225C430DEB0201ADF866
:102C00000240F5F773F958B9A6F54D7001A9019581
:102C100004F0E0FB019808B1F5F73DF802B070BD93
:102C20002846F9E77C350020D88D0020295C8FC22A
:102C30000023A1F8C230704713B5002204460E49A4
:102C4000684600F011F90099A1B18B7FDB090DD125
:102C5000B1F8C02052B1B1F8C23001339BB29A42F0
:102C6000A1F8C23002D82046FFF7B4FF684600F052
:102C7000CBF8E8E702B010BD0835002038B50F4C9E
:102C800045F299632546E35C73B10D48002100F0DD
:102C900073F948B1236D1A070FD404F150000321D2
:102CA000BDE8384012F060BF2B6D1B0705D5BDE8AD
:102CB00038400448032112F06FBF38BD08350020AA
:102CC000D08D00205835002040F60443194201D031
:102CD000FFF7D4BF70470830F5F730BF43888B4209
:102CE00009D0054A418045F29963D35C022B02D199
:102CF000024807F0DFBD704708350020A08B002098
:102D000038B50446054634F8083B8BB10B4A45F20A
:102D10009963D35C63B10A4803F01EFB40B92B886A
:102D20004FF47A7159432046BDE83840F5F750BF5B
:102D30002046BDE83840F5F701BF00BF0835002048
:102D4000A48A0020FFF7DCBF02888A4202D00180FB
:102D5000FFF7D6BF704700004FF4010310B50360C2
:102D60000346054A43F8082F04460361BE21FFF7D6
:102D7000EBFF204610BD00BFFD2D010000F1080350
:102D800010B504460069984212D08AB1094A45F24A
:102D90009963D35C022B0BD1074801220BF0EEFFA5
:102DA000064B834204D12046BDE81040FFF7A8BF80
:102DB00010BD00BF08350020148C0020E08B0020DF
:102DC0000B4A45F2996310B5D35C022B044609D136
:102DD000084803F0C1FA28B9A38807480133A38043
:102DE00007F068FD2046BDE81040FFF789BF00BF2F
:102DF00008350020A48A0020A08B00200148FFF79E
:102E0000DFBF00BF08B50020F8B5036804467BB1FA
:102E10000B4D0C4EC8273388206807FB035303F57E
:102E2000B143C83050339842206002D3002323605E
:102E3000F8BD21790BF0DBFE0028ECD0F8E700BFED
:102E400008350020D08D002010B5044605482179B2
:102E500020600BF0CCFE20B92046BDE81040FFF703
:102E6000D3BF10BDD88D002010B5002304460360E9
:102E70000271FFF7E9FF204610BDF8B50446202394
:102E800024F8083B00F5C85605460F462346083689
:102E9000002283F8B420C833B342FAD1B44208D038
:102EA000204639460BF093FE2046FFF7EDFCC83470
:102EB000F4E72846F8BD03888B4283BFC82303FB91
:102EC000010008300020704770B504460E4634F803
:102ED000085B45B1214630460BF0BDFE20B9013DEF
:102EE000ADB2C834F5E72C46204670BD13B50423B7
:102EF0008DF800304FF6FE73ADF8023069460023BE
:102F00000193FFF7E1FF044608B1FFF7BDFC20463F
:102F100002B010BD07B50023ADF8021069468DF868
:102F200000200193FFF7D0FF03B05DF804FB07B565
:102F30004FF6FE73019169468DF80020ADF802301E
:102F4000FFF7C2FF03B05DF804FB0B7A012B07B556
:102F50000CD10B880021019169468DF80020ADF855
:102F60000230FFF7B1FF03B05DF804FB022B18BF7E
:102F700000214FF6FE73EEE707B54FF6FE738DF8AE
:102F80000010ADF80230694600230193FFF79CFF63
:102F9000003818BF012003B05DF804FBF8B5044603
:102FA0000F4634F8086B002556B1394620460BF021
:102FB0001EFE08B10135ADB2013EB6B2C834F3E72A
:102FC0002846F8BD38B54B1E1F2B05460C4605D8C4
:102FD0000521FFF7D1FF18B92C8038BD0720FCE789
:102FE0000D20FAE710B545F2A8631446094A11F41A
:102FF0007E4FD35A18BFC1F3080119430122FFF7CE
:1030000089FF014620B12046FFF786FB002010BD56
:103010001720FCE70835002003888B4213B51446BF
:1030200010D9C82303FB010000F1080108460191F3
:10303000F6F70CFB30B120460199FFF76DFB00203D
:1030400002B010BD1720FBE710B586B00C466846ED
:10305000094912F033FD9DF814303BB9BDF80C203E
:10306000A38B9A42684603D112F0FEFC06B010BD55
:1030700012F02DFDEFE700BF0835002010B50C461B
:1030800086B0FFF7E1FF2068616801AB03C3A36D61
:103090000393A38BADF81030A37F0748C3F303134A
:1030A00043F004038DF8123001A9238CADF81330DE
:1030B00012F0CAFC06B010BD6835002070B5064697
:1030C0000A4812F0C9FC80B9344634F8085B65B18F
:1030D000A37F1B0703D1013DADB2C834F7E72146FA
:1030E0003046FFF7CBFF0028F5D070BD68350020D3
:1030F0002DE9F04F87B06E463249DFF8CC90054697
:10310000304612F0DBFC0027B84609F58A7A9DF8B4
:1031100014301FFA87FB6BB10023B8F1000F03D105
:10312000BBF1200F00D813B12846FFF7C7FF07B047
:10313000BDE8F08F052231462846FFF7F8FE044629
:1031400030B92846FFF7D2FE044618B90323E4E756
:103150004FF001082046FFF797FB96E8030084E84C
:10316000030004F1220001F038FFBDF80C309DF897
:103170000E10A383029BA36541F004012046FFF7D4
:103180009BFB012120460BF0A3FC04F1B8000BF0DF
:103190002AF9F2F792FBA0609DF810209DF80F30FD
:1031A00043EA0223238401222146484601F036F9EE
:1031B0002246002150460BF0B1FE304612F087FC4B
:1031C0000137A4E708350020008B002045F2A863F2
:1031D00007B50E4AD25A8B0AB3EB922F03D00020C8
:1031E00003B05DF804FB01238DF80030ADF8021048
:1031F000002369460193FFF767FE0028EFD0807F28
:1032000080F02000C0F34010EAE700BF083500203E
:1032100070B504460E4634F8085B8DB12046F6F7CB
:1032200015FA18B9013DADB2C834F6E7A37FDB0942
:10323000F8D131462046FFF78DFC0028F2D070BD52
:103240002846FCE738B505460848FEF74DFA04461F
:103250000648FEF74BFA02461CB1054B2344B3FB6C
:10326000F4F402F5FA6222442A6038BD08350020E1
:10327000FF8B864710B50023C0E9013304468381E4
:10328000FFF7E0FF204610BD37B50B490446052285
:103290006846FFF7E9FD0025009B43B1C3E91155DE
:1032A000A3F84050DD646846FFF7AEFDF4E7C4E9DB
:1032B0000133A38103B030BD083500202DE9F04F64
:1032C0000F4687B02148CDE90432F3F749F8B7F843
:1032D00048300393D7E91423CDE900230D46B7F80E
:1032E0004A10039BDDE900674FF0A008E8FB016787
:1032F00008FB03FB0446394630465A46002339F0A2
:1033000033FD17196B411E465A46002320462946B5
:1033100039F02AFDB7EB020966EB030A049BE218B9
:1033200045F100039A4508BF914503D20399E8FB94
:10333000019AF7E7009B059AA9EB03031360049B2E
:103340002344A9EB030007B0BDE8F08F0835002047
:10335000F0B585B017490546052202A8FFF784FDA0
:1033600000264FF0FF37029CC4B194F84030DB09CF
:1033700010D0B4F848306BB1E38EC3F30D034BB1FA
:103380002B6801AA21462846FFF798FF874284BF91
:103390002646074602A8FFF737FDE4E736B14FF4AB
:1033A0007A710548B7FBF1F1F6F718FE6E6005B0CB
:1033B000F0BD00BF08350020548900208168034615
:1033C00009B9FFF7C5BF42685AB1106B814208D0F6
:1033D00092F840106FF3060182F8401000225A6004
:1033E0009A817047436837B505461BB900242046CB
:1033F00003B030BD93F84020D209F7D0B3F848208D
:10340000002AF3D00C6800F10C022146294801F093
:10341000BBF90028EAD169680B6BAB60002BE5D0E3
:1034200091F83E3013F01F0F237F04D191F8402014
:1034300012F07F0217D043F00203237791F83D107A
:103440002046F7F70CFE23681B781B070ED56B6828
:103450002046996BF8F754F86B68204693F83C10B7
:10346000F8F794F802E062F3410323776B68124A9D
:1034700093F8413013B945F25643D35CA376A37158
:1034800045F256432846D35CA3766968002301AA17
:10349000FFF714FF2B6803F2DC538342A6D3019B92
:1034A00063616B681B6D2361237F6FF38203237756
:1034B0009DE700BF008B00200835002030B50E2AA4
:1034C00085B00D461C461CD003D82AB10B2A2AD041
:1034D000FEE70F2A27D0FBE793F84030009462F311
:1034E000060384F8403094F83E3062F3040384F815
:1034F0003E30134600F10C021D4801F07FF905B083
:1035000030BD0B681B78180702D50B7FD90729D56A
:1035100094F840305A1C02F07F0262F30603032A3B
:1035200084F840301FD8AB88002BE8D02846F7F746
:1035300089FD84F83D002B681B781A07DFD52B7FA7
:10354000DB07DCD503A92846F7F7CAFF039BA36373
:103550000DF10B012846F8F703F89DF80B3084F8BD
:103560003C30CCE7FEE7002384F84030DBE700BFC7
:10357000008B002038B5436800250446856013B1F0
:103580004560FFF79BFF2046BDE83840FFF7E0BEEF
:103590000B490022C0E90212014610B5094CC0E9EE
:1035A000002241F8104F0262C0E9061280F8242080
:1035B000828590F86E2022F0030280F86E2010BD04
:1035C000C9380100053901002DE9F041724F0E465E
:1035D00045F21C2198B0795C90461C469DF87820F5
:1035E0001F9B0546002900F0CE8090F8241000298A
:1035F00040F0CB8090F86E1062F3000180F86E10FE
:1036000072B1002B46D106A93846F2F79FFA06A9F7
:103610000846FAF79BF905F11C0106A8FAF753F9D9
:10362000209B2B60219B6B6095F86E306FF34103FC
:1036300085F86E3045F25843FA582A6233680BB168
:103640001A402A625548102105F0CEF90646002896
:1036500000F09D804FF42073ADF804300023A0F8F3
:1036600024808DF80730C4B9502395F82D208DF8AB
:103670000630EAB1F1238DF81830AB6A8DF81C30B2
:10368000190C8DF81A10402A4FEA13218DF81B10DF
:1036900005D9FEE71868E861C2E75823E5E7D31CBF
:1036A00005F12E010DF11D008DF8193039F036FDB0
:1036B0001A2301A88DF8003012F0C8FAC4B295F8A8
:1036C0002D0018B106A812F0C1FAC0B204440222BB
:1036D000694630468DF80140F4F708FC044688B985
:1036E000314601A812F0C5FA044658B995F82D30B4
:1036F00063B902A8FBF7A8FD02A9304605F002FB5A
:10370000044658B13046F4F7C6FA38E0314606A808
:1037100012F0AFFA04460028EBD0F3E74FF6FF7340
:10372000984510D145F25443FB5A43450BD1F8F765
:1037300061F901461A48F6F799FA95F86E3043F0A8
:10374000020385F86E302946FF2301F82C3F05F16E
:10375000200012F051FF00280CBF0123022385F83E
:10376000243045F29963FC5C4CB145F29A63FC5CF1
:1037700014F008040DD10B48012102F0F7FD20469A
:1037800018B0BDE8F0810D24F9E70524F7E703241C
:10379000F5E70024F3E700BF08350020A08B0020E8
:1037A00054890020A48A002090F82430012B10B501
:1037B0000C4606D013F0FD0F14BF0C460024204623
:1037C00010BD90F82C308B718B7690F82C1002483D
:1037D000F6F700FBF3E700BF548900201A4B45F2CF
:1037E000996210B59A5C044642B145F29A62995CBE
:1037F00011F0080102D1154802F0B8FD94F8243008
:10380000012B02D0022B07D010BD04F11000F5F7F8
:1038100095F90E4802F05AFD0D48F6F7EDFA94F8C6
:103820006E309B070AD50A484FF6FF71F6F71EFA6D
:1038300094F86E306FF3410384F86E3004F10800A1
:10384000BDE81040F5F7F6B808350020A48A00203E
:103850005489002038B590F82430012B04460D46D9
:1038600002D0022B1ED038BD0AB10F2A17D195F80D
:10387000303043F0800385F83030F2F71EF80C4901
:10388000A86145F2D05204F110008B5C43F00403B0
:103890008B544FF49671BDE83840F5F799B902237F
:1038A00080F824302046BDE83840FFF797BF00BFBE
:1038B000083500200368002280F8242013B14168F5
:1038C00010461847704700000148FFF7F3BF00BFDC
:1038D000F8AD002090F82430012B10B504460DD12E
:1038E00000F12C01203012F087FE10B1022384F881
:1038F0002430BDE81040024802F0E8BC10BD00BF13
:10390000A48A00200148FFF7E5BF00BFF8AD002002
:1039100070B590F82430012B96B005460C466FD157
:10392000206802AA1A2112F04AFA0646002867D136
:1039300001463C2207A839F019FC9DF85530206853
:1039400043F020038DF85530838CADF84E3090F85D
:1039500026308DF85230283001F01EFB23688DF898
:103960005300606893F82A308DF8543007A9183056
:10397000FBF7B5FBBDF80A30002B77D0216802AA0F
:1039800004A812F082F900283AD19DF8113043B909
:103990009DF81030082B3DD009D8022B26D0032BE0
:1039A00030D0BDF8141002A811F0DDFFE2E7122BB1
:1039B00055D0812BF5D1042320680DEB030202A919
:1039C000F4F73EFAE0B99DF80530012B18D99DF8BF
:1039D0000630C3F3C0021B1143EA02139DF85520C1
:1039E00022F01F0213438DF85530DAE7BDF80810B6
:1039F000206808230DF1350212F00BFA0028D0D010
:103A000016B070BDBDF80810206809AB102212F086
:103A1000E3F9F3E7BDF81830002BC2D0DDF816004B
:103A20000390102103A811F0A9FF9DF80E100DF1CD
:103A30003D00F9F710FF0DF13E02206803A9F4F7ED
:103A4000F0F995F86E30DA0707D505F11C010DF194
:103A50003D00F9F709FF0028D2D00126A1E7BDF803
:103A60000810206814AA12F0F7F9C7E795F86E302D
:103A7000DB0701D5002EC3D02B68002BC0D06968AE
:103A800007A89847BCE70000036A034805210BB963
:103A900012F082B812F068B8583500201FB50446FD
:103AA00001A90B48F3F792FE78B9BDF80610012979
:103AB0004FF0010001D9F4F74FFE238C0BB1834284
:103AC00003D920842046FFF7DFFF04B010BD00BFFC
:103AD000ACB4002070B5094E044630460D4604F0E3
:103AE000F3FA08B9206270BD6A07FCD533785B072A
:103AF000F9D52046BDE87040FFF7D0BFA08B00206D
:103B000001F0FD01012901D1FFF7C8BF704790F80E
:103B100022300BB18B4203D980F82210FFF7B4BFDB
:103B200070470000F0B58BB00E46174600212622E4
:103B300068461D4639F01AFB4FF2BF031148ADF835
:103B40002230252110F05AFD0446C0B104213A4626
:103B500012F02DFA014678B910233246204612F0B1
:103B6000EDF948B9A98B68460FF05AFC05486A463A
:103B7000214611F0B9F910B12046F4F78CF80BB0DA
:103B8000F0BD00BF288700201F2900D9FEE7CB0821
:103B900001F00701C25C802343FA01F10A4214BF1D
:103BA00001200020704700002DE9F04F95B0044639
:103BB000262200210AA839F0D9FA4FF2BF0367483C
:103BC000ADF84A3004F080FA40B347F6A473644E6F
:103BD000F25A4FF6FE739A4220D0237FD9071DD4A4
:103BE00004F1240804F1280943464B4516D013F884
:103BF000012B002AF9D004224946404639F080FAC8
:103C000060B15848262110F0F9FC054648B9052155
:103C10002046FFF77CFF002D40F09C8015B0BDE8EA
:103C2000F08FA38D202B00D0FEE706AF4C49DFF8C4
:103C30004CA1DFF84CB100223846FFF715F9069980
:103C4000A9B1A1EB0A01C9100BFB01F189B24046F1
:103C50000391FFF799FF28B103994846FFF794FFB6
:103C6000039918B13846FFF7CFF8E8E7A185A18D91
:103C70003D48FFF720F939468046FEF773FE0146BE
:103C800000B1FEE710233A46284612F057F9002803
:103C90005DD1082308F15C020321284612F04EF999
:103CA000002854D1F1F709FED8F808200621801A1F
:103CB0004FF47A72B0FBF2F2284612F08FF9002826
:103CC00045D145F29A63F35C9A0716D445F2F66340
:103CD000F35C1B0711D045F2F863F35A022B0CD1A9
:103CE00022480DF11701F3F77DFD80BB9DF81710F9
:103CF0001A480EAA04F069FB06E047F6A4731C49B3
:103D0000F25A0EA8FBF71DFB0AA80FF051FB194B46
:103D1000144800940AAA294611F0DAF88446B0B98A
:103D2000237F43F00103237797E80F0004F10C058C
:103D300085E80F0045F29A63C4F820C0F15C11F0E9
:103D400008017FF46BAF0C48F5F7A4FE66E7032883
:103D50003FF45DAF2846F3F79EFF5FE7A08B00209E
:103D60000835002028870020D08D0020ACB400202A
:103D7000288D0020E33F0100808B0020D88D00209B
:103D8000295C8FC20148FFF70FBF00BFD4B40020E9
:103D90001F2930B500D9FEE7CD08802401F00701C6
:103DA00044FA01F1435749B212B10B43435530BDB8
:103DB00023EA0103FAE700002DE9F041284F294CDE
:103DC000C91BC910531E6143012B054616468CB210
:103DD0001DD800F1240821464046FFF7D5FE98B1D2
:103DE000AB8DA34205D120492A46A7F5D66010F035
:103DF00031FD002221464046FFF7CAFF002221463E
:103E000005F12800FFF7C4FF012E27D101E0012AA8
:103E10001CD805F1240705F128060422314638464E
:103E200039F06EF938B905210120F4F785FC014617
:103E30002846FFF76CFE214638460122FFF7A8FF0F
:103E4000002221463046FFF7A3FF07E0032A05D1F1
:103E500021462430FFF798FE0028DAD0BDE8F08133
:103E6000D88D0020295C8FC2E33F010070B501F1BD
:103E7000350323F0010388B093F90130002B054688
:103E80000E4620DA06238DF8073000F10C030FCB25
:103E900008AC04E90F003B4804A9F3F742FD0028F1
:103EA00051D03949002202A8FEF7DEFF029E002E03
:103EB00066D004A93046FEF74DFE002845D102A881
:103EC000FEF7A2FFF2E70DF107020421304611F0E0
:103ED000EEFF044648B9102301460DEB03023046BD
:103EE00012F01BF804460028D5D02846FFF7CCFD79
:103EF000204608B070BD214605F12400FFF744FEBE
:103F000028B10122214605F12800FFF741FF9DF865
:103F10000740002CE9D02246334604A92846FFF783
:103F200001FE0024E1E704A93046FEF79FFD0022D0
:103F3000214605F12400FFF72BFF0022E2E7284687
:103F4000FFF7ACFDE3E70224CFE7104C341BE3108E
:103F50000F4C5C439DF80730A4B2062BD7D801A2C2
:103F600052F823F0F73E01002F3F0100273F0100E8
:103F7000273F01003F3F01003F3F01003F3F01005D
:103F80001724B2E7ACB4002008350020D88D0020FB
:103F9000295C8FC210B5027F6FF3000202771C2BE1
:103FA0004FF020020446828504D1BDE810401E2156
:103FB000FFF7ADBD23B1201DBDE81040F4F73ABDB9
:103FC00001B9FEE701F1350323F001035B78442BCF
:103FD00001D01B06EFD52046FFF748FF1C28EAD189
:103FE00010BDFFF7D7BF000038B501F1350323F04E
:103FF00001030546587802280C460CD11B7813F0B3
:10400000300F02D1044810F0D2FF21462846BDE807
:104010003840FFF72BBF38BD2887002000230360FE
:104020007047000010B50A4B027F4360002363F322
:1040300000020277202283608285036204462430D6
:10404000FFF7ECFF04F12800FFF7E8FF204610BD62
:10405000853D01000139012910B5044616D8037FBA
:10406000DB0704D502460A490A4810F0F3FB04F1C5
:10407000240003462834A34208D013F8012B002A59
:10408000F9D0FFF7CBFF2046FFF7C8FF10BD00BFF8
:10409000E33F01002887002090F8223010B5044645
:1040A00033B1013BDBB280F82230B3FA83F35B0912
:1040B000228C2AB96BB92046BDE81040FFF7E4BC5A
:1040C000013A92B22284002AF4D104F12800FFF7C9
:1040D000A5FF201DF4F7AEFCEDE700000022C0E9CB
:1040E00004228261027702620246024942F8241FDA
:1040F000C2627047D9420100F0B501F1350727F0DF
:10410000010785B07B78022B04460D4616465FD129
:104110000DF103023621284611F0C9FE002857D1BF
:1041200002AA3721284611F0D4FE002850D10DF103
:104130000A023821284611F0CCFE002848D103A9F4
:104140002846F9F7EAFE002842D1206A08B1F3F7C1
:10415000A2FD2048132110F051FA2062002837D028
:104160000399F9F709FF98BB3923206A8DF80430C9
:10417000022201A9F3F7BAFE50BB039B6077C4E9A2
:1041800004339DF803302377BDF808302383BDF84E
:104190000A3063834FF47A7104F12400F4F718FDB8
:1041A00006F1100306F1200C18685968224603C274
:1041B000083363451446F7D13B7813F0300F07D12D
:1041C0003378FF2B04D003483246294610F0EFFE27
:1041D00005B0F0BD2887002010B50446006A58B12C
:1041E000D1B101221144F3F781FE30B1206A08B148
:1041F000F3F751FD0023236210BD637F0133DBB26F
:10420000FF2B6377F8D120774FF4FA7104F1240083
:10421000BDE81040F4F7DCBC6269531E13406361D3
:1042200023B9237F22696261013B2377237F04F155
:1042300024000BB1218BEBE74FF4FA71E8E70B4652
:1042400001461846FFF7C8BF10B504468AB02622BB
:104250000021684638F08AFF206A4FF2BF03C18B05
:10426000ADF82230637F0139C91A04F11D02012320
:1042700089B2F3F718FE214668460FF0E1F8216A8B
:1042800006486A4610F030FE18B1206A08B1F3F70C
:1042900002FD002323620AB010BD00BF2887002062
:1042A000036A07B5024653B1037F5BB141690092CF
:1042B00048420140064B528B0648F5F74FFE03B0CB
:1042C0005DF804FB03B05DF804EBFFF7BDBF00BF72
:1042D0003F420100548900200148FFF7E1BF00BFC1
:1042E0005CB500208B0513B5044610D5036A73B185
:1042F00008480DF106010BF0B3FC40B1206AF3F75A
:10430000CAFC0023236204F12400F4F717FC02B076
:1043100010BD00BF8CB2002003460846DA79520671
:1043200057BF53F8302D33F8143C0A605A684BBF1E
:104330000B80022301234A600B72704738B50023BB
:1043400004460D4600F8013B0EF0ECFE2946201D08
:1043500012F098F9294604F10C00FEF78BFF204675
:1043600038BD0000037873B50446BBB10D49052282
:104370006846FEF779FD0026651C009939B128468C
:104380000E630EF08CFF6846FEF73EFDF5E7201D3C
:1043900012F07CF904F10C00FEF776FF0023237085
:1043A00002B070BD08350020CB8EC3F30D032DE99C
:1043B000F34105460C463BB368461549F4F7CCF883
:1043C0001448271AFB10144F5F43BFB2A0F54D7875
:1043D000009E5EB139463046F3F778FE31464046DE
:1043E00002F0F6F86846F3F77FFFF1E72146681C14
:1043F00026630EF054FF281D2246314612F05EF966
:1044000005F10C00FEF7DAFF02B0BDE8F08100BF55
:10441000A48A0020D88D0020295C8FC291F8373003
:10442000C3F38013934202D001300EF03EBF7047B9
:10443000F7B58B7F1546DA0907460C4606D103F01F
:104440000F03072B02D10122FFF7E8FF2B0734D41B
:10445000A37FDB0931D0E38EC3F30D036BB318499F
:10446000661AF310174EA1F54D715E436846B6B259
:10447000F4F772F8009D95B131462846F3F715FE22
:1044800048B131462846F3F721FE95F8303043F025
:10449000800385F830306846F3F726FFEAE72146C7
:1044A000781C25630EF0FBFE381D2246294612F0CB
:1044B00005F907F10C00FEF781FF03B0F0BD00BF66
:1044C000D88D0020295C8FC273B516460F4A8C1A0E
:1044D000E3100F4CA2F54D715C436846A4B2F4F7AB
:1044E0003BF8009D7DB121462846F3F7DEFD30B153
:1044F0004EB195F8303003F00703022B03D0684625
:10450000F3F7F2FEEDE7284602B070BDD88D00202B
:10451000295C8FC2F0B5002287B00C460646FFF733
:10452000D3FF4FF4804305462063A38606F10C00B9
:10453000FEF744FF95B100272146301D8DF8147019
:1045400012F0BAF803A904F13000FFF7E5FE0448C1
:1045500000913B462A46022102F03BFF07B0F0BD26
:10456000A48A002091F83530DB0901D0FFF7D2BFD3
:104570007047000070B50E6B05460C46DEB11D4954
:104580001D4B611AC910594389B23046F3F78DFDAE
:10459000014680B994F83530206343F0800384F8F5
:1045A00035302246281D12F089F805F10C00BDE8CF
:1045B0007040FEF703BF94F83520D20919D1214687
:1045C0002846FFF781FF864213D02EB921462846A0
:1045D000BDE87040FFF79EBFA38EC3F30D0343B940
:1045E00094F8353043F0800384F8353022460121B9
:1045F000D8E770BDD88D0020295C8FC20F4B73B5F2
:10460000D31A1446DA100E4B0E465343054699B2A0
:1046100030460191F3F749FD70B101993046F3F747
:1046200055FD2146681C0EF025FE28462146FFF761
:10463000A1FF002002B070BD1720FBE7D88D00203D
:10464000295C8FC2F7B5937FDB0905460F461446F8
:1046500000D0FEE71B4E1C4B911BC9104B4399B277
:1046600038460191F3F721FD50BB01993846F3F725
:104670003DFD2146681C0EF0C1FD97F8303003F077
:104680000703022B15D0E38EC3F30D03012B10D9C2
:10469000214601222846FFF717FF014648B1019045
:1046A00022462846FFF7AAFF0199A6F54D7001F0B2
:1046B0008FFF2146284603B0BDE8F040FFF75ABF00
:1046C00003B0F0BDD88D0020295C8FC22DE9F041E8
:1046D0001C4690B028230E461546002106AA204607
:1046E0008DF80C108DF81610F3F79FFB1A4801AAED
:1046F00008A901F057FE0CA8FAF768FD28B3164880
:104700000DF10E020CA901F063FEA98EB4F8208011
:10471000C1F30D012046F3F7E9FA01AB2246314619
:104720000D4802F047FE414607462046F3F7DEFA01
:10473000EB8EC3F30D03012B03D901213046F6F7AD
:1047400025FC384610B0BDE8F0810DF10E0105F1F1
:104750003000FFF7E1FDD8E7A48A002010B586B04D
:104760000C4600218DF8141002F1300003A90193CA
:10477000FFF7D2FD019B034803AA214602F026FC65
:1047800006B010BDA48A002070B516461A460378FC
:10479000D3B1156B2DB90123FFF7E0FF3580002061
:1047A00070BD95F8304014F0070402D0022C05D0FB
:1047B000FEE72B46FFF78AFF3080F0E70123FFF783
:1047C000CDFFEB8B3380EAE70B20E9E713B5062238
:1047D000044609496846FEF747FB009951B1CB8E64
:1047E000C3F30D0313B12046FFF7DEFD6846FEF765
:1047F0000BFBF2E702B010BD083500202DE9F04FA9
:10480000984687B00378109C054689464BB1266BC5
:104810001788B8F1000F0CD142482146FEF708FA7C
:10482000F7B92B7813B12846FFF7D0FF07B0BDE8E2
:10483000F08F002FF5D0B8F10B0F04D00FD9A8F1ED
:104840000E03012B0BD894F835306FF3861384F8E0
:104850003530BEB921462846FFF75CFEE1E7FEE7AA
:10486000002EF7D0F38BBB420CD9A38E67F30D0358
:10487000281DA386214611F01FFF05F10C00FEF74D
:104880009DFDCEE7DFF8ACB094F83510A4EB0B0734
:10489000FB10254F5F43002323638022C1F3801167
:1048A00004F1280005F1010A8DF8143000F03EFBF8
:1048B0000122214650460EF0F8FCB9F80430BFB290
:1048C00063B103A94846F6F7E7FB03A90091434605
:1048D00032460121ABF54D7002F07BFD96F8303089
:1048E0005B070DD194F8353013F0400F18BF45F237
:1048F000E8510E4B08BF45F2F0515A5801325A5058
:1049000039463046F3F7D1FB38B139463046F3F734
:10491000DDFB214650460EF0ADFC3146044801F067
:1049200057FE97E704B50020295C8FC208350020A8
:10493000A48A0020D88D0020438823F47F6323F0CD
:104940000F0343F08F0343807047002242804FF4EF
:1049500028720280FFF7F0BF10B5044602B9FEE7E7
:10496000FFF7EAFF0B788078DB0963F30000A070A3
:104970000B78C0B2C3F3801363F34100A0700B78CF
:10498000C0B2C3F3401363F38200A0700B78C0B2CF
:10499000C3F3001363F3C300A0700B7883F0040328
:1049A000C3F38003C0B263F30410A0700B7883F0EC
:1049B0000203C3F34003C0B263F34510A0700B7849
:1049C000C0B2DB4363F38610012AA07012D94B7882
:1049D000C2B2DB0963F3C712A2704A78E37882F0AF
:1049E0004002C2F3801262F30003E3704A7862F37C
:1049F0004303E37010BD38B504460B46154602B9B3
:104A0000FEE70021184638F0B1FBA278D10742BF7B
:104A1000027862F07F020270A278920742BF0278A9
:104A200042F040020270A2780346500742BF1A7853
:104A300042F020021A70A278110742BF1A7842F0A1
:104A400010021A70A278D2065EBF1A7842F00402F1
:104A50001A70A27890065EBF1A7842F002021A70AD
:104A6000A27851065EBF1A7842F001021A70012D39
:104A700016D9A278D2091EBF5A7862F07F025A7006
:104A8000E278D2075EBF5A7842F040025A705A78F4
:104A900042F038025A70E178C1F342010A435A7079
:104AA00038BD4C30F4F74AB870B500F158060546E9
:104AB000102230460C4638F023FB58B90D484FF40D
:104AC0000021F3F78CFD95F8803043F0010385F861
:104AD000803070BD214604F1100351F8042B46F8D4
:104AE000042B9942F9D103484FF40021F3F76EFDEE
:104AF000E9E700BF3035002073B545F2F0631C4D87
:104B00001C480024EC502146F6F7ACFF45F2EC635C
:104B1000EC5045F2E863EC5047F65403EE5C342366
:104B200003FB065606F5E346134D5436AE4209D054
:104B3000AC6105F10C000021F6F794FFC5E90444CF
:104B40003435F3E70A4905226846FEF78DF900255A
:104B5000009C5CB104F10C00A5610021F6F782FF16
:104B6000C4E904556846FEF74FF9F1E702B070BD9D
:104B700008350020EC8B0020DCA6002070B58AB040
:104B8000064604A815460C46F4F7C9FA10230DEBA7
:104B9000030001A9ADF80830019624BAF4F7D4FA5D
:104BA000694604A804220094F4F7D4FA062204A863
:104BB0000549F4F7CFFA294604A8F4F7D1FA04A876
:104BC000F4F7BAFA0AB070BDD015050010B58AB076
:104BD000044602AAFFF7D2FF04F12400002202A932
:104BE0000190F6F745FF01980AB010BD13B53430B7
:104BF0000C460192F6F736FF019A0348214602B0AF
:104C0000BDE81040F7F7EABA80890020436B99426B
:104C100007D3C36B01319942416302D3014805F0C8
:104C2000A1BA7047A08B0020836B026C01339342C2
:104C3000836302D3014805F095BA7047A08B00202A
:104C400010B5012204466830F6F712FF0023A3676F
:104C500010BD00000023A0F8443002494C30F3F7A7
:104C6000B7BF00BF80EE36000022A0F84820FFF753
:104C7000F1BF30B502460B4600F11005144603CCD7
:104C8000AC4218605960224603F10803F6D130BDEA
:104C900030B50A4600F1580500F168032C4603CCF4
:104CA0009C4210605160254602F10802F6D130BDE9
:104CB0001022002138F05ABA70B596B00446016946
:104CC0000EAAFFF75BFF02AD0EA9002204F114004B
:104CD000F6F7CEFE2846FFF7EBFF0AAE06A8FFF771
:104CE000E7FF3046FFF7E4FF12A928460022F6F757
:104CF000BFFE21690EAA20460139FFF73FFF12A926
:104D000006A80022F6F7B4FE21690EAA204601315A
:104D1000FFF734FF12A930460022F6F7A9FE2269F8
:104D2000054802F07F02CDE9005606AB01320821AA
:104D3000F7F7CCF816B070BD8089002038B503694C
:104D40008B420446154606D1BDE8384012484FF460
:104D50008071F3F744BCEA0702D5B0F84830D3B904
:104D600021612046FFF7A8FF002211462046FFF7E9
:104D70003DFF0023A3632046FFF76CFFAB0744BF52
:104D8000B4F84630A4F848300348BDE838404FF442
:104D90008071F3F71BBC38BD30350020B0F84410EB
:104DA000B0F87C20914204D3016902220131FFF75F
:104DB000C5BF704710B5044609494C30F3F708FFEA
:104DC000B4F844300133A4F84430B4F8483013B197
:104DD000013BA4F848302046BDE81040FFF7DEBF95
:104DE00080EE36000148FFF7E5BF00BFCC88002009
:104DF00013B504460868019080B201289CBF0223C5
:104E0000ADF80430BDF80420B4F87C30934206D0ED
:104E10005D2353436422B3FBF2F3A4F8463004222B
:104E20000DEB020104F17C0038F06AF950B9094831
:104E30004FF48011F3F7D3FB204602B0BDE81040D9
:104E4000FFF7ACBF0198E0674FF480110148F3F71A
:104E5000BDFBF1E73035002038B5102205460C4681
:104E600038F04EF930B9BDE8384011484FF4802190
:104E7000F3F7B5BB21462B4604F1100251F8040BA1
:104E800043F8040B9142F9D109484FF48021F3F71C
:104E90009DFB07484FF48071F3F798FB00232846E9
:104EA0002B61FFF709FF2846BDE83840FFF724BE15
:104EB0003035002038B50025044605611430FFF771
:104EC000F7FE04F12400FFF7F3FE4FF01C73636458
:104ED0002346154A2564C4E90E55A4F8485043F802
:104EE0004C2F04F168006365FFF7E2FE04F17C00DB
:104EF000A567FFF72AFD94F8803065F3000384F876
:104F00008030F3F793FF10212046F4F763F8102266
:104F1000294604F1580038F029F904F134002946F3
:104F2000F6F7A0FD204638BDE54D010030B50588F7
:104F3000002902F1FF334FEA52044FF6FF7105FBDF
:104F4000034318BF00210B44B3FBF2F2028030BDD3
:104F50007F2930B51ED001EAE17341783F298CBF2B
:104F60000022012202EBD10202F01F0262F3C7010C
:104F700041705B4201889BB2DB00C1F30A04551EFD
:104F80009BB205FB043393FBF2F262F30A0101804A
:104F9000002030BD0720FCE7437813F0F80F08D05D
:104FA0000388C3F3C7005B0754BF4042C04340B20D
:104FB00070477F2070474378FF2B1CBF013343703D
:104FC0004278037810B5082A28BF0822541E04FB33
:104FD000031191FBF2F1017010BD00234FF4FE426A
:104FE000038042808380C3807047081A40B2002843
:104FF00004DB7F2908BF0020C0B270470020FBE718
:1050000010B504460648F6F777FE02462046FFF73D
:10501000C3FFBDE8104001461046FFF7E6BF00BFE2
:105020008089002003289ABF014B185C102070472C
:10503000DC15050002299FBF0A4B0B4A5B5C525CE2
:1050400089BF142116210A220223814206D38242FB
:1050500006D383422CBF00200120704703207047F5
:1050600002207047D6150500D9150500FF21FFF76E
:10507000E1BF7F2938B5044612D00388C170C3F35D
:10508000072313F0F80F14BF8578FF25FFF760FFA3
:1050900030B92046FFF7B4FF2946FFF7CBFFA070D9
:1050A00038BD704710B5064814460AF0F1FB30B120
:1050B00020461422BDE81040002138F057B810BD3A
:1050C0008CB2002010B5074814460AF0A5FB08B9B9
:1050D000A37C33B920461422BDE81040002138F0EB
:1050E00045B810BD8CB20020034613B510461A7A9D
:1050F000012A0C4604D0022A0CD0062002B010BDB2
:1051000019880190FAF705F801982146FAF705F990
:105110000020F3E719460190F9F7CEFFF4E77FB5D9
:1051200008461546194602AADDE90846FFF7DCFFE6
:10513000082205F108010DEB0200019137F0E0FFB4
:10514000019928B9238843F03003238004B070BD4F
:1051500008460191F9F7EBFF2388019948B143F024
:1051600020032380E98949BA89B2304610F029FB2F
:10517000ECE743F0100323800822304610F003FBD5
:10518000E4E77FB508461546194602AADDE9084658
:10519000FFF7AAFF082205F108010DEB02000191BB
:1051A00037F0AEFF019928B9238843F00303238029
:1051B00004B070BD08460191F9F7B9FF2388019941
:1051C00048B143F002032380E98949BA89B23046E5
:1051D00010F0F7FAECE743F0010323800822304691
:1051E00010F0D1FAE4E7F0B50C4611881D4641F005
:1051F0000803138087B0074616460223E05C0028A8
:1052000050D06278022A0AD10F2B08D141F00B014D
:105210003180E17B284610F0C9FA07B0F0BD0C2BB5
:105220000FD941F00A0131806178284610F0BEFAAA
:105230000028F2D1032204F10D01284610F0A3FA50
:10524000EBE70A2B0CD941F009013180617828463F
:1052500010F0ACFA0028E0D1052204F10B01ECE7D4
:1052600001AA00213846FFF71DFFE2789DF81430AF
:105270009A4214D10822211D01A837F041FF70B9CC
:10528000338843F0040333800222611C284610F067
:105290007AFA0028C1D1042204F10C01CDE71022D2
:1052A0002146CAE70133102BA8D1B6E72DE9FF4705
:1052B000B1F820800E4691469A4601AA0223414643
:1052C0003046F2F7B2FD044600286DD10221304687
:1052D000F2F700FD9DF80430112B35D0292B33D087
:1052E000E021484610F062FA044600285CD19DF89F
:1052F0000410484610F05AFA0446002854D19DF88C
:105300000550ED000635FF2D4DD89AF800300BB151
:105310003C2B46D1318C2A4603A810F004FB002315
:10532000BDF80E7097B103AA314602A8FAF756FAF3
:105330000446002838D102A8FAF749FA014603A822
:1053400010F011FB0123EBE7E121D2E74BB19DF80F
:105350000830012B05D802A8FAF739FA2D1A0746AA
:10536000ADB2338CF28B2B443B44934221DC9DF84D
:1053700004308AF80030E9B2484610F017FA0446C3
:1053800090B9328C2B463146484610F050FA04460C
:1053900050B9E9193046F2F79DFC204604B0BDE84B
:1053A000F0870746DDE7012441463046F2F79EFCD0
:1053B000F3E70624F8E72DE9F7430F8C0E46154670
:1053C00008236A4639463046F2F72FFD0446002886
:1053D00070D1BDF80090BDF8028099FA99F91FFAD2
:1053E00089F929F00F034FF2B00198FA98F88B422F
:1053F0001FFA88F89AB226D128F00F03934227D1DA
:10540000F321284610F0D2F90446002852D108F0C2
:105410000F0141EA0911C9B2284610F0C7F9044644
:10542000002847D1BDF8061049BA89B2284610F0C5
:10543000C8F90446F0BB08213046F2F74BFC204681
:1054400003B0BDE8F08309F47F43B3F5704F11D189
:10545000F221284610F0AAF9044658BB5FFA89F1F8
:10546000284610F0A3F9044620BB4146284610F018
:10547000A8F9D4E708F47F43B3F5704F0ED1F121BA
:10548000284610F093F90446A0B94946284610F082
:1054900098F9044670B95FFA88F1BDE7F021284613
:1054A00010F084F9044628B904226946284610F011
:1054B0006AF9B4E739463046F2F718FCBFE72DE940
:1054C000F04F9BB01E464FF4C043ADF81430249B00
:1054D000B1F820A01B7802938846074691462823FE
:1054E00010AA51464046F2F7A0FC0446002840F0BE
:1054F000698106AA12A93846FFF7E4FD0BAA16A98E
:105500003846FFF7DFFDBDF81410B6F804B030469A
:1055100010F057F90546002840F057819DF82920E2
:105520009DF83D1052EA01032ED19DF840309DF8C0
:1055300041209DF843C09B0003F03C0343EA9210D6
:10554000910002F00F049DF8422042EA0C0222432F
:10555000034601F0C0013BD0002840F0AB80BDF80D
:105560001430214343F400633046ADF8143010F09A
:105570001DF90446B8B902220DF14201304610F07F
:1055800002F968B325460CE1BDF8143041EA021176
:1055900043F08003C9B23046ADF8143010F006F97C
:1055A00004460028C1D0249B1D70002C40F01481BB
:1055B000BDF814305BBAADF816300DF116020223B7
:1055C0005946304610F048F920461BB0BDE8F08F30
:1055D0001943BDF8140060D140F4C050ADF8140078
:1055E0009DF84610112903D0292901D000297AD12C
:1055F000029B012B77D9BDF8143043F48063ADF8DA
:1056000014309DF84710402974D0FF2977D0012924
:105610007AD1BDF8143043F48073ADF8143012A879
:10562000F9F7B9FD002876D0BDF8143043F04003F7
:10563000ADF814309DF85830FF2B40F08E80334683
:1056400005AA16A93846FFF7CEFD04460028AAD1C0
:1056500028214046F2F73EFB9DF846308DF8133086
:105660000125029B9D4280F0B5809DF81330112BDF
:1056700000F09280292B00F09680002B40F0AA8049
:105680000DF11303324641463846FFF70FFE04463C
:10569000002888D10135EDB2E3E740F48050ADF841
:1056A00014003046039210F081F80446002897D089
:1056B000002578E70143304610F078F804460028CA
:1056C0007FF471AF9DF84110304601F00F0110F0EA
:1056D0006DF800287BD1039002220DF14201304683
:1056E00010F051F8E1E7304610F060F80446002869
:1056F00087D058E7BDF8143043F400738DE7BDF848
:10570000143043F4407388E7304610F04FF80446F5
:10571000002884D047E712A8F9F758FD68B105AB17
:105720000093019606AB12AA49463846FFF7F7FCEC
:10573000044600283FF47EAF35E79DF82B3033B1A7
:10574000BDF8143043F04003ADF81430E7E7102201
:1057500012A9304610F017F8EAE716A8F9F736FD57
:1057600050B105AB009301960BAB16AA09F10A01E3
:105770003846FFF706FD68E79DF83F3033B1BDF8C6
:10578000143043F00403ADF81430EAE7102216A9F0
:1057900030460FF0F8FF58E7324641463846FFF7EB
:1057A0000AFE0446FFE6EE2130460FF0FFFF0446F6
:1057B00000287FF4F8AE33464A464146384600F0AA
:1057C00010F8EEE70025AB46EDE6044670E7254607
:1057D0000446E8E60024E6E651464046F2F786FA3B
:1057E000F2E62DE9FF471C46FF230546894692460F
:1057F0008DF80F300DF10F08CDF80080234652468A
:1058000049462846D4E90076FFF759FE28B19DF8AD
:105810000F30C4E90076002BEED104B0BDE8F0876C
:1058200001F0F003E02B1AD101F00E000E281CD875
:10583000DFE800F0081B0B1B0F1B111B1B1B1B1BA6
:105840001B1B13000023137070472B2313700020C1
:1058500070472C23FAE73C23F8E72923F6E701F009
:10586000F800F02801D11123F0E7062070472DE958
:10587000F0478CB00746149D0C4628460DF10601F2
:105880009146984610F02FF8064620B1062630467D
:105890000CB0BDE8F087BDF8063003F46042B2F505
:1058A000C04FF3D11A0640F1BB8001A9284610F081
:1058B00017F80028EAD19DF804A04FEA1A110AF05F
:1058C0000F0A02AA3846FFF7EDFB07AA51463846F1
:1058D000FFF7E8FB24220021201D37F047FC60225F
:1058E0002270BDF8062000236370A370E37002F4F9
:1058F000C053B3F5C05F35D0AB88002BC6D02B6842
:105900001B789B1003F03003637013050ED401A9BC
:1059100028460FF0E5FF9DF804102378C1F38302B9
:105920001A436378227043EA81136370BDF806302E
:10593000D80417D4AB88022BA8D92B6862781B78BF
:1059400003F00F03134363702B68A2785B78134353
:10595000A3702B68E2789B781343E37003212846F9
:105960000FF0A5FFBDF8063059055CD401A9284603
:105970000FF0B6FF002889D19DF80430A37189F893
:105980000000BDF8062002F44072B2F5007F4ED050
:10599000B2F5407F4DD0B2F5807F4CD10123BDF8E8
:1059A0000620E37102F03003202B66D04DD8002B87
:1059B00054D0102B5DD0BDF8063013F0300F07D057
:1059C0005B0662D46FF0010323726FF07F03637292
:1059D000BDF80630180703F0030200F19680022A92
:1059E00062D0032A69D0012A5AD059073FF54EAF39
:1059F000102204F1180128460FF060FF00287FF400
:105A000045AFBDF806305A075FD59DF82F30002B03
:105A10003FF43CAF07A904F11800F9F787FC5CE0FC
:105A2000824601464DE7012389F80030A9E740236B
:105A3000B5E7FF23B3E701A928460FF051FF00287F
:105A40007FF424AF9DF80430A9E7302BB3D104F1E3
:105A5000100202A94046FFF747FBACE75206AAD462
:105A6000102204F1080128460FF028FF0028A2D0D8
:105A70000CE7082204F11001F5E7FF23E374FE238D
:105A80002375022204F11601EDE79DF81B30002B6F
:105A90003FF4FCAE02A904F10800F9F747FC97E7D0
:105AA000082204F12001A6E7FF2384F82330FE2317
:105AB00084F8243004F126019DE704F1200207A9AF
:105AC00008F10A00FFF710FB98E7980705D06FF080
:105AD000010323766FF07F036376BDF806305B0524
:105AE0007FF5D5AEAB88002B3FF4D0AE2B680DF11F
:105AF000050219783846FFF793FE064600287FF422
:105B0000C5AE9DF80530A371C1E6FF212176590786
:105B10002ED4022A16D0032A20D0012A06D0102221
:105B200004F1180128460FF0C9FE1EE004F1190126
:105B300028460FF0D5FE00287FF4A8AE052204F118
:105B40002301EFE704F1190128460FF0C9FE0028F0
:105B50007FF49CAE032204F12501E3E70223637680
:105B600004F1270128460FF0BBFE0028B5D08DE6D2
:105B7000002A7FF48BAE9DF82F30002B3FF486AEC9
:105B8000022204F1190128460FF098FE00287FF444
:105B90007DAE9DF82C30E37607AB03CB0422216267
:105BA000E06104F12401BDE77FB505460E461046CD
:105BB0000DF1030114460FF093FE18B10625284697
:105BC00004B070BD9DF80330DB0754D50DF1020120
:105BD00020460FF085FE0028F0D19DF80230A18804
:105BE0005A1C9142EAD3216801AAC95C2846FFF7F2
:105BF00017FE0028E2D19DF802300933DB08013B93
:105C0000022201A930468DF80530F2F76FF900281D
:105C1000D4D102213046F2F75DF89DF802202168C8
:105C20003046F2F763F905460028C7D19DF8021007
:105C30003046F2F74FF89DF8021020460FF037FE7D
:105C40009DF8021002A80231F9F7F7FD0028B6D13D
:105C500002A8F9F7BCFD02A902463046F2F746F960
:105C600005460028AAD102A8F9F7B1FD0146304641
:105C7000F2F730F8A3E701A920460FF031FE002823
:105C80009CD10DF1020120460FF02AFE002895D18B
:105C90009DF80220A3889A42ADD98FE737B500233B
:105CA0000D46104669461446ADF80230ADF8043092
:105CB0000FF016FE10B1062003B030BD9DF8003085
:105CC00003F0F802F02AF6D103F00303022B286058
:105CD00068603CD0032B4AD0012B0DF10201204615
:105CE00021D00FF000FE0028E5D101A920460FF0D9
:105CF000FAFD0028DFD1BDF802305BBA2B80BDF879
:105D000004305BBA6B809DF800305B07D3D40DF193
:105D1000060120460FF0E7FD0028CCD1BDF8063083
:105D20005BBAEB80C8E70FF0DEFD0028C3D10DF1B0
:105D3000010120460FF0D4FD0028BCD19DF80130B0
:105D40006FEA03536FEA1353ADF80430D3E70DF154
:105D5000010120460FF0C4FD0028ACD19DF80130B0
:105D60006FEA03536FEA1353ADF80230BDE70DF14C
:105D7000010120460FF0B4FD00289CD19DF80120C0
:105D80004FF2B00343EA121102F00F02ADF8021015
:105D90001343D9E7F7B50D46694617461C46FFF78A
:105DA0007DFF064688B99CB9BC88083464BAA4B2A1
:105DB000082269462846ADF80440F2F797F80646EF
:105DC00018B908212846F1F785FF304603B0F0BD29
:105DD0002B8CE41AEAE72DE9F04F8FB00F8C00937B
:105DE0000D469246984604A913460DF10D02BDF8E2
:105DF00060408146FFF73BFD20B1062630460FB0DC
:105E0000BDE8F08F282204A92846F2F76FF806466D
:105E10000028F2D128212846F1F75CFFB3469DF80F
:105E20000D30ABB3B8F80430002BE6D0D8F8003012
:105E30001B7803F0F002E02A1DD103F00E020E2AB7
:105E40000FD1012140468DF80DB00FF030FD0094C8
:105E50004346524629464846FFF7BDFF0028DED09C
:105E6000CBE703F001034246294648468DF80D3042
:105E7000FFF79AFEF2E703F0F803F02BBDD12346BB
:105E80004246294648468DF80DB0FFF783FFE5E707
:105E900074B1283CE41B391D64BAA4B202230DF18D
:105EA0000E0289B22846ADF80E40F1F7FCFFA5E7D7
:105EB000B8F804402B8C283C1C44EBE737B50D4662
:105EC000144602230DF1060221462846F1F7ADFFE4
:105ED00010B1002003B030BDBDF806305BBA9AB2F5
:105EE000ADF8063003F46043B3F5C04FF1D102F4CE
:105EF000C053B3F5C05FECD0023401230DF10502AD
:105F0000A1B22846F1F791FF0028E2D19DF80500E3
:105F10008009DFE71FB50C46023291B201230DF173
:105F20000F0220460191F1F780FF9DF80F30019993
:105F300063F03F038DF80F300DF10F02012320466F
:105F4000F1F7B1FF04B010BD0180428003717047CA
:105F50008388042B08D90368187800F0C000A0F1EA
:105F6000800358425841704700207047042A30B5DA
:105F700001D8062030BD0C7804F0F005B02DF8D122
:105F800004F00F040F2C047112D1052AF1D08A1CE1
:105F900049780171062119801178537843EA012369
:105FA00003809178D37843EA012343800020E1E71E
:105FB0004A1C0521EFE737B58A880C460DF1060328
:105FC0000968FFF7D3FF054620B9BDF80610204643
:105FD0000FF06DFC284603B030BD37B506230446EC
:105FE000154608466A460021F1F7FBFE2B4602469D
:105FF00069462046FFF7BAFF03B030BD07B50DF183
:106000000602FFF7EAFF03B05DF804FB03790BB16A
:10601000013B0371704738B50C4601790E290546DE
:1060200010D841F0B00120460FF0C0FB88B9298894
:1060300020460FF0C6FB60B969882046BDE83840AD
:106040000FF0BFBBBF2120460FF0B0FB08B9297984
:10605000E9E738BD30B585B005460C4606226946ED
:1060600002A80FF08BFB02A92846FFF7D4FFBDF86A
:106070000C2002992046F1F739FF05B030BD032905
:1060800007D9007800F0D800A0F1C0035842584169
:1060900070470020704781880068FFF7F0BFF8B5AF
:1060A0000C460646114620461F46FFF7E8FF08B992
:1060B0000620F8BD2378607840EA0320C0F30A0088
:1060C0003080A178E37843EA01237380257815F0C6
:1060D000200008D0042AEBD92379DB00B380052304
:1060E0003B800020E5E70423B0803B80E1E737B543
:1060F0008A880C460DF106030968FFF7D0FF0546B4
:1061000020B9BDF8061020460FF0D1FB284603B099
:1061100030BD37B504461D460846052311466A467C
:10612000F1F75FFE2B46024669462046FFF7B7FFB0
:1061300003B030BD37B504460D461822002137F0B4
:1061400015F821462846F5F70BF818B121462846E0
:10615000F4F766FF0DF106012846F4F761FF10B170
:106160002388ADF80630BDF806304FF6FF729A1A54
:1061700053425341627963F341022B6862711B7889
:1061800013F0080317D00DF106012846F5F798F92A
:106190009DF8063013F0F70F63790CBF012200223F
:1061A00062F300036371AB79A3706B7DE370AB7D29
:1061B000237103B030BD627963F300026271F2E7CC
:1061C00070B5044610220E46002136F0CFFF94F839
:1061D0003430164923F01F0384F834302346002559
:1061E0002561E582A56184F8245084F82E5025634A
:1061F00043F8381F23640E4B3146C4E9113504F1CE
:106200005C00FEF79BF8314684F8D85004F1DC00BE
:10621000F3F728FAF2F784FA1022A082294604F153
:106220004C0036F0A3FF204670BD00BFF9620100AC
:10623000796A010010B590F834309B0704460CD4FD
:1062400006480121F3F7E3FD012384F85C3094F85C
:10625000343043F0020384F8343010BD54890020F8
:1062600038B590F834309B07044628D5DC30F3F776
:106270001BFA002112480FF08FFC1248FDF7AEFA0E
:106280002046F2F75DF904F11000F1F7BEFF00259A
:1062900004F15C00FEF766F804F1380084F8D85089
:1062A000F2F74CFC94F83430A56123F0120384F823
:1062B000343029460448BDE83840F3F7A8BD38BD5E
:1062C00058350020F8AD00205489002090F8343073
:1062D0005A0706D56FF3820380F834304430F2F762
:1062E000A9BB704790F834306FF3041380F8343052
:1062F0004430F2F79FBB00000148FFF7F3BF00BF37
:10630000A48A002070B50546F2F734F9002460260F
:10631000E0B190F83030DA0913D0AA69824210D087
:1063200003F0070203F00503012B0DD04AB9C38B1C
:1063300001347F2BA4B204D97F3BB3FBF6F31C449A
:10634000A4B2F1F798FFE3E70134F9E7642C94BFB6
:106350000020012070BD0000034A45F24C43D05C90
:10636000C0F38000704700BF0835002038B50446F0
:106370000D460A48F3F74BFD04F1DC0035B1F3F7A5
:1063800093F9BDE838400648FCF7A5BCF3F742FA9C
:10639000BDE838400248FCF7D5BC00BF5489002056
:1063A00008B5002038B50846084D14461146083097
:1063B000F8F7A1FE08222946204636F0A1FE20B1BA
:1063C00035F8023C23800123237238BD88890020E0
:1063D00038B50B78FF2B0D46144605D14FF6FF73E9
:1063E00023800123237238BD064804F033F810B12E
:1063F000EB895BBAF4E7214605F10800BDE83840B7
:10640000F8F779BEA08B0020F0B590F834308BB04F
:106410000E466FF3000380F83430054628236A46A1
:1064200000213046F1F701FD9DF80830FF2B02D125
:1064300002200BB0F0BD05F11C0202A92846FFF7AF
:10644000B1FF204F45F29963FB5C012B0CD806A8E5
:10645000F8F7ADFF0028EBD005F1260206A9284683
:10646000FFF7B6FF0020E4E79DF81820FF2A11D0BF
:1064700006A8F8F7ABFE0028EED145F29A63FB5C64
:1064800003F00A030A2B17D132466946284601F069
:1064900029FACEE7022B06D04FF6FF73EB840123D7
:1064A00085F82E30DEE796F83130DB07F4D530463C
:1064B000F1F722FC0028EFD1034802F09CF9E884B0
:1064C000EDE700BF08350020A08B002010B49DF838
:1064D00004401AB9CA775DF8044B70470E2AFAD106
:1064E000CA7F0132D2B2CA77002BF4D08B8BC3F3B0
:1064F0000803002BEFD19442EDD802485DF8044B1D
:1065000006F065B9A08B0020F7B50F46194690F844
:10651000343016469A07054603D40024204603B0BB
:10652000F0BD0A48012208F029FC04460028F4D0F6
:106530003B681B789B06F1D5042300930146012399
:1065400032462846FFF7C2FFE8E700BF148C002060
:1065500091F8303070B51646DA0905460C4625D05C
:106560006FF3C71381F8303020460021F1F7BEFBEE
:106570002EB194F831306FF3041384F8313094F86D
:1065800030305A070AD194F83130DB064BBFEB6C40
:106590006B6D013301334CBFEB646B6594F83030A5
:1065A000C3F3C303022B02D00A2B07D070BD3246BF
:1065B00021460548BDE87040FDF74CB92146034827
:1065C000BDE8704004F0BCB8F8AD0020A08B0020FE
:1065D00038B591F83030DB0904460D4601D0002073
:1065E00038BD0846F1F792FD0028F8D1A3699D4215
:1065F00004BFA061E08229462046F1F799FF0120FF
:10660000EEE7000091F831301B0773B505460C46E4
:1066100001D5086900B9FEE785421BD10F49052263
:106620006846FCF721FC05F15C06009A3AB1214668
:106630003046FDF7E3FF6846FCF7E6FBF5E7214649
:1066400028460322FFF784FF21462846FFF7C0FFB4
:1066500002B070BDF1F76CFFFAE700BF083500200B
:10666000826938B504460D46AAB192F83010C909BE
:1066700000D1FEE745B192F831106FF3041182F8B2
:1066800031108269D28BC282A069E18AC28B8A42B0
:1066900007D9F1F72BFB04F14400BDE83840F2F7CD
:1066A000C9B943B190F831108022C1F3001103F150
:1066B0002800FEF73BFCA16920462A46FFF748FF69
:1066C000A1692046FFF784FFE5E770B586B0002397
:1066D0000F2A04460E4615468DF8143006D84CF69F
:1066E0000103D340DB4313F0010300D0FEE790F831
:1066F000342063F3C30280F83420D3B292071AD552
:10670000DB061AD5CDB908213830F2F761FAB08826
:1067100058B103A93046F4F7BFFC002300932A4682
:1067200003AB31462046FFF7EFFE034603AA294696
:106730002046FFF795FF06B070BD94F834306FF334
:10674000041384F83430E2E72DE9F0430D468FB0AE
:1067500006469146EFF7B1F895F83030AF69DC099D
:1067600000F084802A8C002A4BD113F00704A0EBA0
:10677000070720D12146282304AA2846F1F755FB14
:10678000574806A9F9F7B1FC00286FD1B7F5FA7F91
:106790006CD39DF8113013F0300FC3F3011254D1B4
:1067A000022229463046FFF7D3FE29463046FFF73E
:1067B0000FFF02245AE0012C23D1ADF80620294610
:1067C0000DF1060204A8FFF708FCBDF806800DF1E4
:1067D00006034246294602A8FFF79BFC044690B9EF
:1067E000BDF806309844BDF80C301FFA88F853B154
:1067F000BDF81010BDF80A20304601F003FA01463A
:10680000E0B9002432E0374842462946FFF756FBFC
:10681000B7F5FA7FF5D368BBBDF80A20BDF81010B4
:10682000304601F0EFF90028BAD0838823F49F6343
:1068300023F0070343F49E638380B1E743795B074A
:1068400024D4B9F1000F25D1DBE7B7F57A7FA7D2C1
:10685000032A0BD023F0300343F030038DF81130BE
:1068600004AA282321462846F1F71DFB20460FB035
:10687000BDE8F083B7F57A7FCED201380128C0D8C1
:10688000184842462946FFF745FBBAE7B9F1000F21
:1068900086D00224BDF80C30EA8B1344A3EB080821
:1068A000BDF80830984512DB96F8D83093B1013B1B
:1068B000DBB286F8D83006F1780203EB430302EB33
:1068C000430399421FBF1A680A609B888B80022C81
:1068D000CCD165E7186808609B888B80FFDE00BF1D
:1068E0008486002050890020F8B50546F1F7A9FC00
:1068F00017260446CCB12046F1F7BDFCAB69A34294
:10690000074610D094F83030DB090CD094F83130C1
:10691000C3F340129B0606D421462846FFF714FF16
:10692000022808BF00263C46E4E73046F8BD91F84F
:106930003030DB0970B505460C4624D0FFF7E2FC89
:1069400008B394F83130C3F3401643F0200384F8C1
:1069500031302846FFF7C8FF94F8313066F345130D
:1069600084F8313050B1214628460222FFF7F0FD6D
:1069700021462846BDE87040FFF72ABE2846FFF7AB
:10698000C1FC0028EFD170BDF8B50646F1F759FCFF
:106990000446002C4FD02046F1F76DFC94F83030BF
:1069A000DB0907463ED094F83130DB093AD10122A9
:1069B00021463046FFF7C8FE022833D094F8313024
:1069C00043F0200384F8313094F8303013F007039B
:1069D00019D0012B1DD0022594F831306FF34513E7
:1069E00084F831302046F1F746FC0746B5B1092D51
:1069F0001AD0214630462A46FFF7AAFD21463046E6
:106A0000FFF7E6FD0EE021463046FFF7FDFC0546A8
:106A1000E2E72146304600F0DFFEF8E794F8303038
:106A2000DB0908D13C46B4E794F8313043F08003E9
:106A300084F83130F6E72046F8BD000010B590F834
:106A400034301907044614D45A0712D4DB0610D484
:106A5000FFF79AFFA06160B1038C2BB990F8313039
:106A600043F0100380F83130BDE810400148F3F7DF
:106A700095BA10BD548900200148FFF7DFBF00BF61
:106A8000A48A002090F8703010B504465BB900F17C
:106A900020020146054B3430F7F785FF10B901237A
:106AA00084F8703010BD0020FCE700BF08350020DE
:106AB00037B500F11005044629466846F1F705FC94
:106AC000009971B191F830305B0704BFA36D0133B9
:106AD000284608BFA365F1F790FB6846F1F704FC70
:106AE000EEE703B030BD73B50446EEF7E6FE04F101
:106AF0001006054631466846F1F7E7FB009991B16B
:106B00008B69EB1AB3F5FA6F09D391F830305B0754
:106B100002BFA36D0133A3653046F1F76EFB6846F3
:106B2000F1F7E2FBEAE7206900B14068003818BFDE
:106B3000012002B070BD000038B5054601F0B4F880
:106B400004462846FFF7CFFF30B92CB92146034849
:106B5000BDE838400FF020B838BD00BF58350020E0
:106B600091F830305B0704BF036D013313B508BFE4
:106B7000036591F83230019123F00D0343F00103D6
:106B800081F832300648002201A9F8F785F804465A
:106B9000019808B1F1F77FF8204602B010BD00BFA0
:106BA0008885002070B508460C461546FFF76AFF39
:106BB0000646F0B9A08E40BAC0F38510F7F784FB03
:106BC000287094F83A303A2B05D194F95C30002BB8
:106BD0000FDB03232B7094F83A30112B09D1B4F852
:106BE0005E305BBA9BB244F64C52934203D103230E
:106BF0002B70304670BD084804F14C0204F13C0192
:106C00000CF0E0FC0028F4D0A08E40BAC0F3851050
:106C10000CF01CFD2870ECE7288700202DE9F041DE
:106C200004460D46D1E9000186B004AF87E80300B1
:106C3000904620460DF10B0229461E46FFF7B2FF93
:106C4000044628BB9DF80B20012103A8F0F7F9FFAB
:106C50002146124803AB2246F1F7C0FB01463060E3
:106C6000D0B10F48CDF800803B4605F12002FFF778
:106C7000B2F8044660B9BDF8142004993068F1F701
:106C800035F9044620B9BDF814103068F1F722F840
:106C9000204606B0BDE8F0810324F9E77C350020EA
:106CA0005089002070B586B00546002302A80C4626
:106CB0000193FFF71CFA002840F0B080BDF80C30BB
:106CC000002B5AD1BDF808602146284600F044FF49
:106CD00001AB324621462846FFF7A0FF002840F0CE
:106CE0009D800198C38BB34200F298803146F0F743
:106CF000D6FF002840F09280019EBDF80A307361F3
:106D0000EEF7DBFD04F10801B0610198F1F70BFA31
:106D100001994548F8F7C2FC00287FD004F1200211
:106D20002846019900F0A8FE404A45F24C43D35C46
:106D3000580707D4019B93F83130D90702D528466C
:106D4000FFF7B6FE019905F110000122F1F710FAE4
:106D5000374800210EF008FF01990A8CCB8B9A422C
:106D600009D305F11000F1F723FA019904F120028B
:106D70002846FFF7F5FE06B070BD05F1100104A826
:106D8000F1F7A3FA049B03B3BDF80820D98B914215
:106D900016D1BDF80A005A69904211D11A8CBDF87B
:106DA0000C0090420CD1A28802448A4208DC93F87D
:106DB0003110627B01F0010102F00102914203D027
:106DC00004A8F1F791FADDE70193184A45F24C4324
:106DD000D35C5A0707D4019B2BB9637BDB0702D531
:106DE0002846FFF765FE0198C0B1A3882268018C90
:106DF000F1F759F8A1880198F0F76CFF019894F920
:106E00000B102830FEF7A4F80198217B2A30FEF7FA
:106E1000D2F8019EEEF751FDB0619DE70198002880
:106E2000A9D0F0F738FFA6E7C68800200835002073
:106E3000583500207FB505460C460026039600F025
:106E40008BFE03AB324621462846FFF7E7FEB8B972
:106E5000039804F10801F1F766F903990B48F8F774
:106E60001DFC68B104F1200203990192284600F04C
:106E700003FE019A03992846FFF772FE04B070BD25
:106E800003980028FAD0F0F706FFF7E7C68800203D
:106E900070B59EB000238DF828308DF832308DF813
:106EA000703090F834309B0705460C462ED50846C6
:106EB000F4F736FC06462046F4F751FC08A9ADF875
:106EC000040020460096F4F783F9F8B90DF12A0181
:106ED0002046F4F7E1F8C8B9214602A8FFF72AF9DD
:106EE0009DF80D20164802F0010208A9FBF746FFA5
:106EF00023681B7803F00703012B07D16846FFF7CF
:106F000027F828B16946284600F052FF1EB070BD30
:106F10006846FFF7C0F820B169462846FFF7C2FE71
:106F2000F4E7BDF80430002BF0D0009B1B7803F091
:106F3000E003602BEAD169462846FFF77BFFE5E7CF
:106F400008B50020A2B9B1B10C4B994213D303F597
:106F5000C85399420FD291F84030DB090BD0B1F8F9
:106F60004830002B0CBF4FF480504FF40050704756
:106F70004FF4005070474FF480507047D88D002078
:106F80002DE9F04707460D46164603F10A01012296
:106F90000D48DDF820809DF824909DF828A01C461F
:106FA00007F0ECFE002201463846FFF7CBFF002336
:106FB000CDE90AA3CDE90889024623463146284691
:106FC000BDE8F047F4F75EB9148C00202DE9F043DA
:106FD0008DB00DF114081E4600230593214DA8F82D
:106FE000043045F27E430746EB5AADF81C300120D1
:106FF0008DF824004FF6FE7083420C460DF11C09FB
:1070000002D0137A022B06D1174903C989E803007D
:1070100002238DF824301168137ACDF826108DF8EC
:107020002E305168CDF82A1045F254434046E95AB3
:10703000F4F710FD00250823CDE9023505230122D0
:10704000CDE9008321464B463846FFF799FF31468C
:107050002046F3F791FF29462046F4F78DFB0DB04B
:10706000BDE8F08308350020888900202DE9F04F25
:107070002DED028B93B099469DF878300493BDF8BE
:10708000803005939DF884300693BDF87CB00023D2
:1070900007460E4614460993ADF8283094F831504F
:1070A00015F001050DD094F83030C3F3C303012B64
:1070B00079D0042B14BF4FF008084FF000080525C5
:1070C00001E04FF008088F4B0DF1240A1988504653
:1070D000F4F7C0FC94F83030C3F3C303012B65D040
:1070E0000E3303F00F03012B03D8A18C5046F4F7A5
:1070F000ADFC4B46012231463846CDE90284CDE94C
:1071000000A5FFF73DFF3046F4F70AFB0790304635
:10711000F4F718FB079902460BA80EF02FFB049B0F
:10712000EBB13046F4F745FA05463046F4F702FB7A
:1071300080463046F4F7F4FA05EB0802C2F17F020C
:10714000014692B20BA80EF019FB59460DA8059AFC
:107150001323FEF7F9FE0BA90DA8FEF75CFFB4F8A8
:1071600020A0BAF1000F40F08380BDF83030BDF8A8
:10717000328008EE103AA8F10403ADF83230049BD7
:10718000F3B10123059AADF834B08DF83C30ADF879
:107190003E208DF846305C480BAB0DAA2146FEF729
:1071A00020FBE0B1FEE74FF0100888E794F82630A6
:1071B000B376B371554B1B78B3764FF6FF7195E7F5
:1071C0004B460DAA09F1100C18685968154603C5FD
:1071D000083363452A46F7D118682860DBE7238C1B
:1071E000E58BADF83280ED1A069BADB23BB9BDF828
:1071F0003030A8EB03081FFA88F8A84555D294F858
:10720000311011F0010119D0636943B3E38BA28AF5
:10721000C3F30A036FEA83436FEA93435BBAADF8A3
:10722000203053BAADF8223018EE101A042308AA01
:107230000BA80EF01BFB002837D0FEE72046079175
:10724000F0F75AFD0028DFD007992046F0F74EFDF1
:1072500094F8313043F0010384F831301EE7BB8AE3
:107260000BB90123BB82BB8A5A1CBA826361CDE78A
:10727000E38BA28AC3F30A036FEAC3436FEAD343E3
:107280005BBAADF8343053BAADF8363005224FEA68
:10729000EA030DA90BA88DF838300EF074FA00B18E
:1072A000FEE7E58B238CED1AADB2BDF83020BDF8BA
:1072B00032309B1A9BB29D4284BF23F00705ADB2CA
:1072C000228C2B4621460BA80EF0B1FA00B1FEE746
:1072D000BDF830103046F4F74FFA238C1D44E38B91
:1072E000ADB2AB4203D901213046F3F74FFE204641
:1072F0005146F0F7FBFC284613B0BDEC028BBDE80D
:10730000F08F00BF5C890020508900205E8900203A
:107310007FB590F834300A469907044603D4002517
:10732000284604B070BD81690029F8D043F00803F5
:10733000156880F8343091F8303013F0070203D02C
:10734000012A2DD0CB8B29E0C3F3C303022B06D136
:1073500029461748FCF728FA05460028DFD0638E37
:107360000293238E019394F83430A26903F0010351
:1073700000260093039604F11C0329462046FFF7DC
:1073800075FEA369E08293F83020C2F3C3020A2A93
:1073900009D193F83120D20705D5DB8BE382BEE714
:1073A0002A4600F0DBF92B7F6FF341032B77B7E719
:1073B000F8AD002030B54FF6FF7585B00024CDE95B
:1073C0000254CDE90045FFF751FE05B030BD7047CE
:1073D000704770472DE9F0410C6800268CB00546D7
:1073E0000E6020463146F0F781FC6661EEF765FAE3
:1073F0002146A0612846F0F780FF94F8303013F062
:10740000070106D0022977D043F0800384F830309A
:107410005FE0282302AA2046F0F707FD9DF8203000
:10742000FF2B3CD108A8F7F7D9FF28B994F83030E2
:1074300043F0800384F8303094F83030C3F3C30352
:10744000052B46D03149102208A835F059FEE8B185
:107450002F49102208A835F053FEB0FA80F67609BD
:107460002C4901226846FBF7FFFC05F15C08009FF0
:107470007FB3BB7FDB0905D156B13A462146404672
:10748000FDF7E0F86846FBF7BFFCF0E70126E7E709
:1074900008A93846FBF75EFB0028EED1F2E701228F
:1074A0001D4808A907F082FC024610B3837FDB0960
:1074B0001FD194F83030DB091BD1184B984218D3F8
:1074C00003F5C853984214D2214605F15C00FDF73C
:1074D000B9F821462846FFF77BF838B928462146F7
:1074E000FFF725FA05F14400F1F7A4FA0CB0BDE866
:1074F000F08194F8303087E709482146FBF750FBCC
:10750000024610B1837FDB09DED0FEE7788D0020D4
:107510008C8D002008350020148C0020D88D002090
:1075200004B500202DE9F04387B0054688460146A2
:1075300068461646F1F710F84FF00009009C5CB35E
:1075400094F83130DF091BD002AA182110232046FD
:10755000F0F76BFC1022414602A835F0D1FD78B956
:1075600096B10923224603212846FFF731FF214621
:1075700028460922FEF7ECFF21462846FFF728F8A7
:107580006846F0F7B1FED9E794F8313066F3C713D7
:1075900084F83130B946F3E7B9F1000F03D005F1B3
:1075A0004400F1F747FA07B0BDE8F0832DE9F8434E
:1075B00006460F46FFF798F91728054638D14FF0D1
:1075C0000008B8455FFA88F913D049463046F0F70D
:1075D0003FFE044650B190F83130C3F341024A45B2
:1075E00004D19A061FD5F0F746FEF2E708F101082C
:1075F000E7E7B846B8F1030F1AD839463046F0F736
:1076000027FE0446B8B190F83130C3F34102424539
:1076100011D19B0603D52046F0F72DFEF1E7F0F7D8
:1076200075FD0028F7D021463046FEF7EBFF002518
:107630002846BDE8F88308F101035FFA83F8D9E72B
:107640002DE9F0478CB005460E46014668461746C0
:10765000F0F782FFDFF87C8005F15C09009CB4B391
:107660002046B84708B3324621464846FCF7C6FFD5
:10767000B8B194F830A01AF0070A1AD102AA5146FC
:1076800028232046F0F7D1FB012208A9404607F045
:107690008DFB864202BF94F830306FF3C71384F835
:1076A000303021462846FEF793FF6846F0F71CFE6F
:1076B000D4E7BAF1010FF4D1214602A8FEF79EFCEF
:1076C000BDF80A105246404607F036FBE1E70CB021
:1076D000BDE8F087148C0020F0B58FB00446014659
:1076E0006846F0F739FF1C4E04F15C07009D85B336
:1076F00095F83030C3F3C303092B26D1282304AAFD
:1077000000212846F0F791FB9DF82830FF2B0ED082
:107710000522314602A8FBF7A7FB029A3AB1294697
:107720003846FCF76BFF02A8FBF76EFBF5E72A462D
:1077300003212046FFF74BFE294620460222FEF792
:1077400007FF29462046FEF743FF6846F0F7CCFDC9
:10775000CCE70FB0F0BD00BF083500202DE9F041A7
:1077600086B0154645F254431A4A00270DF1100819
:107770000497ADF8147006460C464046D15AF4F70B
:1077800069F905230822CDE90132CDF8008006F120
:107790001C030122294630460394FFF7F1FB2846DB
:1077A000B4F81E80F3F7CEFF404500D2FEE728462E
:1077B000F3F7B6FFE38B024639462046F0F711FB9C
:1077C000E18B2846F3F7D8FFE38BF38206B0BDE8E0
:1077D000F08100BF0835002013B504466846FEF767
:1077E0000DFCBDF8021019480BF0FEF94FF6FE73C0
:1077F000984201464FF0010208BFBDF8021014483C
:1078000007F09AFAF8B1828B1248E28445F2A86137
:107810000123415A84F82E3084F8243094F834300F
:10782000A18343F0010384F83430BDF8023000999D
:1078300021639A4205D094F8343043F0100384F861
:107840003430002000E0022002B010BDD8A6002095
:10785000148C00200835002037B545F2A8631C4C75
:1078600045F29965E35A645D022C0AD199422CD104
:10787000184802F11801F8F738FC30BB042003B0B7
:1078800030BD99420CD102F1180112480191F8F76C
:107890002CFCD0B901991048012207F087FAECE7D7
:1078A0009B0AB3EB912F07D10C480122FBF732FB67
:1078B000003818BF0120E0E709480BF095F94FF6B2
:1078C000FE73C01A18BF0120D7E70020D7E700BF1A
:1078D0000835002084860020148C0020D08D0020E4
:1078E000D8A60020138CF7B504460F46164613B1F0
:1078F000538C63864AE018314A48019102F0AAFD90
:10790000019948B1FB8C5BBAC3F385223F2AF0D1C1
:107910000225284603B0F0BD4248019102F0A9FDBE
:10792000019900285CD0F98C3F4849BA04F1320231
:1079300089B208F0E5FD05460028EAD1394800F093
:10794000CAFB18B3618EC1F30803FBB145F2A8630B
:10795000364AD25A8B0AB3EB922F17D12A463448B3
:10796000FBF7D8FA02460028D2D0837FC3F3031373
:1079700013F008050AD1314604F15C00FCF762FE01
:1079800096F8303065F3C71386F83030618E4FF6C5
:10799000FE739942BCD0254A45F2A8632046D35ACB
:1079A00023863A46FFF758FF05460028B1D1618E7D
:1079B000204871840BF018F9628EE0840123824222
:1079C00084F82E30A5D084F8243094F83430228EF8
:1079D000A28323F0110343F0110384F8343098E7B5
:1079E00015480191012207F0E1F9019908B1838B53
:1079F0007FE70D48019107F06DFF019904F1320214
:107A000038B10E480123FAF767FB05460028BDD0C0
:107A10007FE7134604480A4607F1080108F07CF89E
:107A2000B4E700BFA08B00208CB2002008350020F6
:107A3000D08D0020D8A60020148C002068AE002035
:107A400070B50C4E8CB00D4614460021262202A8BB
:107A500035F08CFB2A46314606A8F7F772FC0094F5
:107A600002AB00220121A6F27C700FF08FFA0CB05D
:107A700070BD00BF288D002070B5137A012B90B027
:107A800005460E46144625D1937C012B22D1218830
:107A900011480522FBF73EFA10B1837F9B0619D5EA
:107AA000314601A8F6F75EFFA0B99DF81C30FF2B08
:107AB00010D00A4807A907F00DFF58B1618901AA43
:107AC0002846FFF7C9FE042804D1218801AA2846C8
:107AD000FFF7B6FF10B070BDD08D00208CB2002033
:107AE00073B5064608460D46FEF7CCFF044630B196
:107AF000172814BF04460024204602B070BD05F1CB
:107B00003402698D01923046FFF7A6FE0428019ADF
:107B10000446F1D1298C3046FFF792FFECE70000D4
:107B200013B50C460A48019211460BF05DF8A042CD
:107B300001990BD106480AF0EDFE38B10AF049FD73
:107B4000044802B0BDE8104003F027BD02B010BDEC
:107B5000D8A60020A08B002091F83230012B13B55D
:107B60000C4604D14A8D4FF6FF739A4232D094F8F6
:107B70002830012B2ED12046FEF784FF50BB04F1A4
:107B80004400F7F7D4FA04F13C0158B912480191C6
:107B900007F0A0FE019928B1638D228C0F48FAF7F7
:107BA00029FA01990E48012207F000F9014688B12F
:107BB000837F9B060ED445F2A8630A4AD25A238CCF
:107BC0009B0AB3EB922F05D0074802B0BDE81040E6
:107BD00004F016BE02B010BD8CB2002068AE0020CA
:107BE000148C002008350020A08B002002880B8810
:107BF0009A4205D140884B88C31A58425841704771
:107C00000020704773B590F8D830ADF8041000F13B
:107C1000780403EB4303ADF8062004EB4305A542CB
:107C2000264609D0204601A9FFF7E0FF06340028C8
:107C3000F5D0304602B070BD0026FAE7F8B54A88A4
:107C40009DF818600D46194604461F46FFF7DAFFF7
:107C500028BBA98829BB94F8D820102A21D0531C0E
:107C600002EB420084F8D83004EB40006B88A0F8A7
:107C70007A30F023A0F8787080F87C30062000FB82
:107C8000024206F0030692F87D30064823F007030F
:107C9000334382F87D30BDE8F8400DF065BFF02336
:107CA0000371F8BD5835002070B590F8D83000F158
:107CB000780103EB430301EB43030A469A4204D0E5
:107CC0001479013C14710632F8E70022062590F879
:107CD000D83093421BD902EB420401EB44042679CD
:107CE00096B9C3B1013BDBB280F8D83003EB430354
:107CF00001EB43039C42EAD005FB02041E68A66721
:107D00009B88A4F87C30E2E70132D2B2DFE7181E8C
:107D100018BF012070BD062101FB020218689067A0
:107D20009B88A2F87C30FFDE38B50D4611466A8884
:107D30001C46FFF767FF28B14379C3F301032370A3
:107D4000002038BD1720FCE7F0B587B0054608686D
:107D50008B88049002A80C461646ADF81430FEF746
:107D6000C6F9C0B9BDF80C3003B3228C334602A962
:107D70002846FFF7D9FF38B933780093A288238CBF
:107D800002A92846FFF75AFF0498BDF81430206076
:107D9000A38007B0F0BD0027324621462846FEF7F3
:107DA00001FF0028F0D1002FEED0E5E70127F3E72F
:107DB0002DE9F0418AB000238DF824304B7BDB079E
:107DC00005460C462CD505A8FEF7F5F840BB224623
:107DD00007AB52F8200FDFF82C815168127A03C3E9
:107DE0001A70BDF8143023840126BDF8163063855F
:107DF000214684F8286084F832602846FFF7ACFEFC
:107E000045F2A863618D38F803308B420BD12046D0
:107E1000FEF741F9002865D021462846FEF742FFCB
:107E20000AB0BDE8F0813648FBF7D0F90028EED162
:107E30009DF81830002BF3D0628DBDF81C10039014
:107E400028468DF80B60FFF76BFE21462846FFF7AA
:107E500047FE0746002841D105A8FEF7D7F80DF1E7
:107E60000B0221462846FFF76FFF31469DF80B2095
:107E700004A8EFF7E6FE314604AB3A4608F1740079
:107E8000F0F7ACFA06460398864203D008B1EFF744
:107E900002FF0396039909B305A8FEF7DBF8E8B9DA
:107EA000A28821680398F0F721F80646B0B9039834
:107EB00004F10801F0F737F907AB039A0093314654
:107EC00033462846FFF785FA039B284604A9CDE9E7
:107ED0000363FFF77FFA04A8F6F7B5FD03A8F6F7EA
:107EE000B2FD9DE7A388002B9AD023681B7803F08E
:107EF000E003602B94D121462846FEF79BFF8FE7D5
:107F0000D08D00200835002028B1807F00F00F00C0
:107F1000C31F58425841704710B5482204460021FB
:107F200000F5847035F022F90248F0F7F9FEC4E953
:107F30000C0110BD1C35002038B5044620480D4604
:107F4000F0F7EEFED4E90C32C31A61EB0202C4E989
:107F50000C01D4E95001C01842EB0101C4E9500101
:107F6000042D0BD8DFE805F0030B131B2300D4E925
:107F70004610CB1840EB0202C4E9463238BDD4E9C2
:107F80004810CB1840EB0202C4E94832F6E7D4E9C6
:107F90004A10CB1840EB0202C4E94A32EEE7D4E9BA
:107FA0004C10CB1840EB0202C4E94C32E6E7D4E9AE
:107FB0004E10CB1840EB0202C4E94E32DEE700BFA0
:107FC0001C35002038B545788D42044605D1BDE802
:107FD000384023480421F0F702BB417020480421B7
:107FE000F0F7F4FA29462046FFF7A6FF6378042B42
:107FF00009D8DFE803F0030F15292F00B4F8083182
:108000000133A4F80831F5B1002104F1400006F075
:108010005FFD0AE0B4F80A310133A4F80A31F2E74F
:10802000B4F80C310133A4F80C31012D0BD1637875
:10803000022B08D1A378227883F00803C3F3C0038E
:1080400063F30412227038BDB4F80E310133A4F882
:108050000E31D8E7B4F810310133A4F81031D2E76B
:1080600030350020C3788B4218BFC17070470000C4
:108070004378012B10B523D1808A28B940F2EE2134
:10808000F0F77AFB013010BD013880B21F2810D8FC
:10809000834041F2AC2293420BD8FB24844032212E
:1080A0000020F0F769FB2318A34238BF2346184687
:1080B000E9E704484FF4FA61F0F76CFB0446EEE799
:1080C0000120E0E7804F12004078023802288CBF80
:1080D0000020012070474078033801288CBF002021
:1080E0000120704738B504461848EFF769FB6378FC
:1080F000042B03D116491748F8F7F5F8012120465B
:10810000FFF760FFE3780BB10023E37004F5AC7078
:10811000F0F714FD04F5B870F0F710FD23780E4861
:10812000002565F3041323702572A5716581012173
:10813000FEF71CF945F24C43084A0948D15C65F347
:108140000411D154BDE8384003F0E6B9ACB40020C6
:10815000D4AD002084860020A48A002008350020A9
:10816000A08B0020012910B5044605D11948F4F769
:10817000CEFC1948F4F7CBFC6378EBB11748FCF759
:1081800090FC2046FFF7AEFF154804F5F671F8F7AE
:108190004EF8134804F5EC71F8F749F8104804F567
:1081A000E071F8F7A0F80E4804F5D471F8F79BF8E1
:1081B00000212046FFF706FF04F5BE70F0F7BEFC75
:1081C000D4E954300022C4F8502113B1BDE8104066
:1081D000184710BD3888002064880020CC88002013
:1081E0008486002038B500210546FFF7BBFF05F166
:1081F000D400F9F731FA044620B9034805F5C871EF
:10820000F8F771F8204638BD848600200148012126
:10821000FFF7A8BFA08B0020028B4FF6FF739A4296
:108220001AD043789A1E012A16D88278920706D56A
:10823000032B04D0094A47F6C603D35C63B9417BDC
:108240004FF6FF730383012000FA01F14FF47A73B4
:1082500003480322FAF7E4B8704700BF083500204E
:108260001CB5002070B50C4D00F5C87604463146AB
:108270002846F8F738F805F5417104F5CC70F6F7A3
:108280001BFF31462846F7F7A9FEBDE870400348BA
:108290000821F0F79BB900BF84860020303500200C
:1082A00010B50446D434FFF7DDFF2046F9F7B4F9E2
:1082B00038B920460122BDE8104044F64C51F9F788
:1082C00041B810BD184A45F27C1370B5D358054625
:1082D0000C4600F5E0768BB19E4201D05B69FAE76F
:1082E000B5F8CE315BBA9BB2A34207D00F483146F6
:1082F000F7F7F9FF0E4831460CF0AAFA0D4821466F
:10830000F3F72CFC4FF6FE739C422C820BD064BA20
:108310000648A5F8CE413146F7F760FEBDE870404B
:108320000548F9F70DBD70BD083500208486002092
:10833000288700208089002068AE0020F8B51E46FE
:10834000836B994204460D46174611D00B4803F043
:1083500071F80B488021F0F739F9B4F81431013382
:10836000A4F81431A56384F83C7084F83F60F8BD2C
:1083700003488021F0F733F9F4E700BFA08B002019
:1083800030350020CB790A790968FFF7D7BF03465B
:10839000084693F83F20920202F47C4203F5C47130
:1083A000F6F7CFBF0B464FF47C4200F5C471184678
:1083B000F6F7C7BF01F007011346A1F5747292B238
:1083C00000F5C4711846F6F7BCBF1346A1F57C72E0
:1083D00092B200F5C4711846F6F7B3BF054B47F6E5
:1083E0008B5238309A5C427147F68A529B5C83719B
:1083F000704700BF08350020506870B50C46154620
:10840000183004F12206F6F76AFE3046FCF7E5FD67
:1084100028682830FCF7C0FD01463046FCF729FEED
:108420000023E377EDF749FAA06070BDC378032B12
:1084300000D0FEE701230B70838A012B437A0BD80F
:108440004279042A08D0062B0BD8012A07D0022B28
:1084500005D8002008707047022B02D8F9D10020FF
:10846000704717207047000013B50023019343782D
:10847000022B044602D1002002B010BD0379002B6C
:10848000F9D10F48F4F774FD10B9A3789B07F2D423
:108490000B4801A9F4F774FB20B10A4A45F258438E
:1084A000D358019301A80EF0BAF84FF4AF6301302E
:1084B000B3FBF0F0502838BF5020E0820120DBE70A
:1084C00038880020083500204378012B10B500F5CE
:1084D000B8740ED1827B62B141F27C5141F29410AA
:1084E000F0F74AF90146E9B12046BDE81040F0F73F
:1084F0006FBB027A012A10D0022A10D08279012A99
:108500000DD0022B0ED183781B070BD5016A4FF4D7
:108510007A704843A0F57A61E5E76421E4E74FF417
:108520007A71E1E72046BDE81040F0F707BB012370
:108530000372FFF7C9BF000013B500230C460848BB
:10854000019301A9F4F71CFB20B1064A45F25843F8
:10855000D3580193214601A80EF04EF802B010BD89
:10856000388800200835002007B5037B8DF80730D8
:108570000DF10701FFF7E0FFB0FA80F0400903B00A
:108580005DF804FB13B590F8A23003F00F03032B42
:10859000044601D000200CE0C378032B0BD0042B41
:1085A000F8D1FFF7E1FF0028F4D16378022B13D054
:1085B000012002B010BD0DF10701FFF737FF00B138
:1085C000FEE79DF80730002BEFD104F1840009F09D
:1085D000C5FF0328DED1E8E723781A07C3F3C000FC
:1085E000E7D46079831E58425841E2E72DE9F04F05
:1085F0001546E5B00AA89B46BDF8B881DDF8BC91E8
:108600000E460DF0AFFFEB8B012EA3EB0804A4B2D6
:108610005F460BF1100A07D108F105029A4266D8AD
:10862000043C5746A4B2DA4604A907F108000DF14C
:10863000180BF6F754FDD9F801105B46052204A883
:108640000DF082FFD9F80500F5F78AFB2A4A45F2BA
:10865000D4330146D358834237D02848FCF7B6FAC2
:1086600001460AA80DF0AEFD0D23CDE900B3224668
:1086700004232A210AA80DF0B1FD102239460AA8C8
:108680000DF050FE102251460AA80DF04BFE0A22B2
:1086900049460AA80DF046FE29460AA80096234638
:1086A00042460DF013FF03A90AA80DF030FF76B97A
:1086B000042203A92846EFF719FC04460AA80DF086
:1086C0006BFF204665B0BDE8F08F0D49C9E7E98B27
:1086D000002404390094042303AA89B22846EFF742
:1086E000BCFB30B104212846EFF729FBE6E706245E
:1086F000E4E70824E2E700BF08350020CC8800202A
:10870000E08800208378074A13F0010F15BF4B79EA
:108710008B7947F68B5147F68A51505CC01AC0F3EB
:10872000C0107047083500202DE9F041044610467E
:108730000F4616461D46FCF799FC804604F184005E
:1087400009F00CFF80452CD1B4F8A030C7F308071E
:10875000C3F30803B7FA87F2B3FA83F352095B094C
:108760009A4208D1284605F0B4FD94F9C0309842E9
:108770000AD017DC00E0AFB14FF0FF300028D4BFC3
:1087800000200120BDE8F081EB7894F8C1209A42E6
:1087900001D007D3F0E7B4F8A430BDF818209A420E
:1087A00002D0E9D90120E9E76A78092A20D9B5F889
:1087B00009305BBA9BB2B4F8C4109942E9D1092AD6
:1087C00088BFEB7A94F8C62098BF01239A42E0D183
:1087D0002B7994F8C2209A42DBD16B7994F8C320AC
:1087E0009A42D6D194F8C730B342D2D10020C5E71F
:1087F0004FF4A063DFE790F85E3003F00F03072B20
:108800000CBFB0F85C004FF6FE70704708B5034629
:1088100008465A78022A05D103F1400109F08EFE7C
:10882000002008BD0D20FCE7F0B58BB0262200210A
:108830000446684634F09AFC14480021F5F73EFDE2
:10884000054600B30021EFF72AFAC8B904F5D4733E
:108850006E4604F5DC7718685968324603C208335F
:10886000BB421646F7D1628A04F5C47104A8F6F734
:1088700068FD06483B236A462946F5F789FF10B193
:108880002846EFF708FA0BB0F0BD00BF888500203E
:1088900038B54378042B04460D4603D120492148BE
:1088A000F7F721FD29462046FFF70CFD022120465F
:1088B000FFF788FBE3780BB10023E37044F62061F7
:1088C00004F5AC70F0F784F900231749237145F2E1
:1088D0004C426381885C63F3041088542046FFF7A0
:1088E000F3FDA3789B0703D56179104805F084F95F
:1088F0002046FFF791FC638A4FF6FE7293420BD03D
:10890000B4F85C209A4207D0B4F848310133A4F897
:1089100048312046FFF788FFB4F85C30638238BDE9
:10892000D4AD00208486002008350020A08B0020D4
:1089300090F8203030B50246C518954204D012F8A0
:10894000014B8C42F9D130BD202BFCD05A1C80F851
:108950002020C154F7E738B591F820500C460D445B
:10896000AC4204D014F8011BFFF7E2FFF8E738BD72
:1089700002460846C98B132900D8FEE71439142390
:1089800089B2EFF752BAF0B500F1780489B00F461A
:1089900001A821461D46EFF798FC019EC6B131465D
:1089A00003A8FFF7E5FF96F83030C3F3C303BB42DB
:1089B0000AD12DB11022294603A834F0A1FB18B921
:1089C00031462046EFF719FC01A8EFF78DFCE4E7EC
:1089D00009B0F0BD002308220921FFF7D4BF0B46E0
:1089E00007220B21FFF7CFBF30B587B00446032223
:1089F0000D4602A80021EFF724F904F1D40002AAE1
:108A00000021F8F7D1FC044698B300238DF8073015
:108A1000EB1F0A2B42D8DFE803F03F3B41413D41C9
:108A20003941062F3400012394F8302063F3C60245
:108A300084F830200DF1070101222046EFF756FAA5
:108A400098B99DF8073043B915230A2203A9204697
:108A50008DF80C30EFF74AFA38B9012203A9204605
:108A60008DF80C50EFF742FA18B12046EFF713F9E2
:108A70000024204607B030BDFF238DF807300223C5
:108A8000D2E7FF238DF807300323CDE70823CBE798
:108A90000923C9E70A23C7E70B23C5E70623C3E772
:108AA000034A45F2A8630021D25A0DF08BBA00BFE9
:108AB000083500200A4611210DF079BACAB2012109
:108AC0000DF075BA0A4602210DF088BA0A4608234D
:108AD00003210DF033BA0B7A0A4604210DF02EBAA9
:108AE00010B504460448F2F7BBFF052102462046B4
:108AF000BDE810400DF072BA00890020034A45F22B
:108B0000FC330821D2580DF069BA00BF08350020A7
:108B100010B50446FFF7E4FF20B92046BDE8104039
:108B2000FFF7ECBF10BD0A460A210DF04BBA00005A
:108B300070B547F68B53164CE65C45F2D56386B0AC
:108B4000E65447F68A530190E55C45F2D663E55456
:108B500040F60B03ADF80C3045F2D063E058F5F762
:108B6000FFF845F2D463CDF80E00E35C8DF81230C7
:108B700045F2D7630199E35C8DF8136003A88DF883
:108B800014508DF815300DF074F806B070BD00BFAC
:108B90000835002010B50E4A45F29863C2B0D35C88
:108BA000DB07044611D4FE238DF8073002AA0DF12D
:108BB0000703084806F050FD9DF8073002AA0C2173
:108BC00020460DF0BBF942B010BD0D20FBE700BF01
:108BD000083500208CB2002013460A460D210DF006
:108BE000ADB90A4610210DF0E2B9052212210DF0AF
:108BF000E9B937B501F00F0161F07F0115468DF835
:108C0000071001220DF107010446EFF76FF920B9B3
:108C10000822A9182046EFF769F903B030BD37B52F
:108C200000230D4601220DF1070104468DF807309F
:108C3000EFF75CF920B9102229462046EFF756F9E4
:108C400003B030BD064B45F29A629A5C120705D418
:108C500048F202021B219A5A0DF0B4B90020704765
:108C6000083500200A461B210DF0ACB910B50446AA
:108C70000648F5F71AFA38B12046044ABDE8104014
:108C8000082316210DF05AB910BD00BF48880020F6
:108C900010B504460648F5F708FA38B12046044AEC
:108CA000BDE81040082317210DF048B910BD00BFE2
:108CB0007488002010B50446FFF7D8FF20B920467D
:108CC000BDE81040FFF7E4BF10BD000037B50C4D04
:108CD00040F2562304462846ADF80430F8F708FD64
:108CE0008DF806002846F8F705FD04228DF80700E8
:108CF0000DEB02012046EFF7F9F803B030BD00BFDD
:108D0000083500202DE9F04190B000230E93ADF816
:108D10003C3004460B460AAD01F11006186859684C
:108D20002A4603C20833B3421546F7D1264B274ED5
:108D30000FCB06AD85E80F0044F64C53ADF83A3042
:108D4000FF238DF83C300DF10B020123002120465A
:108D5000EFF76BF89DF80B80B8F1000F2BD103AF44
:108D60003A4601210A232046EFF75FF845F2FC332B
:108D7000F358CDF80D3045F2D433F6583046F4F7B9
:108D8000EFFF06F07F06CDF811000A233A460121D5
:108D9000204601368DF81560EFF785F80B23009318
:108DA0000B4801972B4622464146FFF71FFC38B976
:108DB0000848FBF739FF08482A462146F8F788FBA0
:108DC00010B0BDE8F08100BF308D002008350020D4
:108DD000A08B0020CC880020748C002070B50C463D
:108DE0000546142120461646EEF7A9FF94F83030C8
:108DF000C3F3C3030B2B09D031462046FFF782FF94
:108E000050B12046BDE87040EEF745BF2046FFF761
:108E100051FF0028F0D0F4E7AB781B0705D4BDE87C
:108E2000704002480821F0F735BE70BD808B0020ED
:108E300030B504468DB003A804F17805EFF715FEB0
:108E4000294605A8EFF741FA0599D9B107A801917C
:108E5000FFF78EFD0B9A039B01999B1A002B07DAF3
:108E6000114603A8EFF70CFE05A8EFF73DFAEBE774
:108E700028460191EFF79CF9019907AA2046FFF7D0
:108E8000ADFFF1E703A904F5B270EFF7AEFE0DB048
:108E900030BD00000148FFF7CBBF00BFA08B002012
:108EA000F0B500F17C0785B005460C46384605F064
:108EB0009AFA54B3012C14BF0026C0260921284673
:108EC000FFF792FD0446F0B1AA7801210DF06FF88A
:108ED000B0B939462046FFF7F9FD88B932460E2170
:108EE00020460DF064F858B92046FFF77EFE38B9E9
:108EF0006846F6F7A9F969462046FFF703FF10B167
:108F00002046EEF7C8FE05B0F0BD8026D6E700008B
:108F10001F292DE9F3410E4690461F4625D8254DC1
:108F200045F25843EB58CB40DB071ED50F21FFF726
:108F30005BFD0446C8B190F8313080F8266043F0FC
:108F4000010380F8313045F256430022EB5C8DF886
:108F500000205BBAADF801306A46032314210CF0FF
:108F6000EDFF28B12046EEF796FE02B0BDE8F08195
:108F7000E7B1012F0AD16846F5F7A7F808236A463A
:108F8000162120460CF0DAFF0028EBD145F25443BD
:108F90001521EA5A20460DF015F80028E2D1414685
:108FA0002046FFF7AFFE0028DFD0DBE72046FFF7C3
:108FB0005DFEE9E70835002010B586B0044602A83A
:108FC00001910092F6F72EF9009B019902AA204622
:108FD000FFF79EFF06B010BDF0B50F4689B00446FE
:108FE0000323386802AA14210CF097FF00283BD114
:108FF0003868BDF80950082304AA16210CF08DFF2B
:1090000090BB38680DF1060215210CF062FF58BBC9
:1090100002233B7504A8F5F763F83749064604A810
:10902000F5F7B4F8354B45F256426DBA9A5CEDB29D
:10903000AA425ED145F254429B5ABDF806208EB931
:10904000D31A5E425E41002810DA294620460022EB
:10905000FFF7B2FF7A680023103229462046FFF757
:1090600057FF01E09A42F0D109B0F0BD3DD06378DE
:10907000012B01D1002EF7D1214806A9F4F707F9F9
:1090800078B904A906A8F5F781F8002809DB1C487F
:1090900003A9F3F799FF20B9039A4EF65F239A428A
:1090A000E2D9E378012B13D004A8F5F726F8BDF830
:1090B00006302383E3786573012BC4E90A0111D1DB
:1090C000FA2104F5AC70EFF783FD0023A382CBE710
:1090D00004A8D4E90A67F5F710F88F4208BF864262
:1090E000E2D3C1E70123E370EAE70648F9F782FA21
:1090F000BAE7002EA7D0A8E748880020083500204E
:1091000064880020F4B50020F0B587B00C46154601
:109110000646ECF7D2FB01AA05440595234604F167
:109120001007154618685968144603C40833BB4233
:109130002246F7D1142229463046EEF7D7FE0446E0
:1091400040B9064831460122EFF712F80599044864
:10915000EFF757FD204607B0F0BD00BF188C002088
:10916000048D0020F7B50546CDE900320F46BDF865
:109170002040FFF734FC07212846FFF735FC064660
:10918000B8B3DDE900320D210CF0D8FE60BBBCB1F4
:10919000224639463046FFF7B7FF044628BB002475
:1091A0006B78022B09D1AB781B0706D40123AB7176
:1091B0002B7A13B92846FFF787F9204603B0F0BD94
:1091C0003046FFF777FD044678B939463046FFF759
:1091D00099FD044648B9AC7814F00804DFD106487C
:1091E0000821F0F757FCDBE704463046EEF753FD65
:1091F000D6E70324D4E700BF808B002007B50378AF
:10920000009213F0020F044A14BF02230123FFF758
:10921000A9FF03B05DF804FBEB1505000022FFF782
:10922000EDBF00001FB540F60F23044601A9054815
:10923000ADF8043003F0DAFF214601A80CF019FD67
:1092400004B010BDA08B00202DE9F04387B013239C
:10925000884602226946C78B8DF800300546EEF736
:1092600045FE064670BB08F1640498F8B480DFF848
:109270005C9004EB0818A04519D02378FF2B06D189
:1092800021462846FFF7CBFC78B106461AE001AA32
:109290002146484606F0C0FA0028F1D19DF8151085
:1092A00022462846FFF7A5FCEEE71034E3E7AB7F44
:1092B000023BDB1B8DF801306A4602233946284603
:1092C000EEF7F1FD304607B0BDE8F0838CB2002028
:1092D00010B596B0044603A8019104F0C7FF019AA7
:1092E000044803A909F00CFE214603A80CF0C1FCB8
:1092F00016B010BDD8A6002070B5C2B005460C4609
:1093000001A8F3F713F81CB1012C15D0002011E0CF
:109310000C4801A9F3F7F0FA18260028F6D12146E7
:1093200001A8F3F7CAFA9DF8023101AA314628468E
:109330000CF004FE42B070BD034801A9F3F7DCFA5B
:109340001926EAE738880020648800200021FFF70A
:10935000D3BF0121FFF7D0BF10B586B0044601A9E5
:10936000074806F089FC48B99DF804300DF1050264
:10937000082120460CF0E2FD06B010BD0020FBE7FE
:109380008CB2002007B501AA0CF019FDB0FA80F0EC
:10939000400903B05DF804FB13B50C460DF107025C
:1093A00001210CF084FD20B99DF8073043F004033F
:1093B000237002B010BD10B50A460C4612210CF005
:1093C00088FD18B92388012B98BF062010BD37B53A
:1093D000144601AA05460CF0F2FC20B901AA294660
:1093E000204605F003F803B030BD0A460321FFF71D
:1093F000EEBF0A460421FFF7EABF30B585B000236F
:109400000D4601A98DF80C30FFF7F3FF044630B983
:10941000294601A805F006F8002808BF08242046C0
:1094200005B030BDF8B50E4615460A46052107467B
:109430000CF061FD044650B92A46082138460CF06C
:109440005AFD20B1172806BF33682B60062420463A
:10945000F8BD30B585B00C4601AB0A220B210CF0EB
:10946000A6FC0546A0B99DF80530072B13D9DDF8F9
:109470000600F4F775FC9DF80A3023719DF80B3057
:1094800063719DF80C30A3719DF80D302060E3717D
:10949000284605B030BD0625FAE700002DE9F04367
:1094A000044608688FB028300D46FBF775FD0DF1B6
:1094B00012020646002128680CF00BFD00286AD134
:1094C000286804A9FFF777FF002864D1286804F111
:1094D0007C01FFF792FF00285DD1686809A9183068
:1094E000F5F7FDFD6378022B0AD1082209A904F1E2
:1094F000400033F005FE18B9237843F008032370C9
:1095000007AF28683946FFF7A4FF002843D1286831
:109510000DF10B0210210CF0CAFC00283BD13146A2
:109520008548F1F7A9F80BAB06460C2228689DF890
:109530000B800F210CF03BFC68BB9DF82D30092BF4
:1095400001D8072B27D14FF6FF73ADF80C3001235C
:109550002B75A3789A0725D56378012B22D047F67F
:10956000A40376489DF833C0C05C94F805E00799E1
:10957000A26BA0EB0C035BB2BEF1040F12D8DFE8C4
:109580000EF003088E0D030091420BD1002B09DB76
:1095900001E09142FAD00FB0BDE8F0839142FAD1D8
:1095A0008445F3D194F8A230464503F00F0328BF59
:1095B0004646032BF6B200F08C80286806AA05A95F
:1095C000FFF730FF0028E6D1286804F1B701FFF764
:1095D0000CFF0028DFD104F184082A4641462046CA
:1095E000FEF70AFFBDF812300599A4F8A03004F187
:1095F0009000F2F737FA059BC4F89830069BC4F840
:109600009430BDF81030A4F8A43094F8A2309DF83E
:109610000B0043F0F00384F8A230FBF727FD94F829
:10962000B53060F3010384F8B5300321404605F0FE
:109630004FFAEB68C4F89C309DF8323084F8B630AD
:109640000BA804F046FE9DF82D209DF82F3084F8DD
:10965000C130092ABDF8303084F8C000A4F8C23007
:1096600066D9BDF835305BBA9BB2092A97E803008A
:10967000A4F8C4308CBF9DF83730012384F8C6307D
:1096800004F1C80383E803009DF8343084F8C76010
:10969000012B8CBF0023012384F8D0307BE791425B
:1096A0003FF479AF9DF834902548B9F1010F8CBF94
:1096B0004FF000094FF0010902F0F1F904F138030D
:1096C00002463946484602F0FFF900283FF76AAFE4
:1096D00061E7082209A904F1840033F011FD002894
:1096E0003FF46BAFA3789B070FD403AB0193BDF896
:1096F00010300093BDF812100BAB32462046FFF736
:1097000013F800287FF459AF45E79DF8340094F82A
:10971000D02001288CBF0020012004F1C803394665
:1097200002F0D2F90028FFF636AF7FF446AFDCE74F
:109730004FF4A06399E700BF54890020083500204A
:10974000A08B00207FB503AE0C4632460C210546A7
:109750000CF035FB68B9084A6179084845F29A630C
:10976000D35CA279DB43CDE9005603F0010306F098
:109770006BFB04B070BD00BF083500208CB2002028
:1097800070B50C1EC4B00CBF18211921054603A8E2
:1097900016460191F2F7CAFD019902AA28460CF07B
:1097A0000EFB90B902AA294603A8F2F707FF60B999
:1097B00003A8F2F7F3FD40B93246214603A8F3F7B8
:1097C00074F810B91CB1012C07D044B070BD02462A
:1097D000044803A9F3F75EFCF7E7024603A9024831
:1097E000F8E700BF38880020648800200A4600217E
:1097F000FFF7C6BF0A460121FFF7C2BF2DE9F043BC
:109800000D4687B0044669462868FFF722FE0646E3
:1098100098B9A36B009A9A420BD19DF8042094F852
:109820003C309A4205D194F83F209DF807309A4287
:1098300007D06378022B10D00226304607B0BDE86F
:10984000F0832378DB0710D469462046FEF75AFFE1
:1098500058B90023E372A371EFE769462046FEF78B
:1098600091FD237843F001032370082328680DEB52
:10987000030216210CF051FB18B1172804D006265C
:10988000DBE76378042B0CD14FF00008286808232D
:1098900004AA17210CF041FB18B31728EFD10027B9
:1098A0002FE02A4902A8F4F771FC0028ECD02868C0
:1098B0001821FFF767FD80460028E7D14FF0000927
:1098C0006B681B78FF2B3FD14FF47A710020EEF7C5
:1098D00043FF0246696820461031FFF78FFC4E4671
:1098E000ABE76378042BDAD0194904A8F4F74EFCEF
:1098F0000028D4D028681921FFF744FD0746002826
:10990000DCD028686946FFF71DFF814618B117288B
:10991000D6D0064691E76378042B07D10D4806F0B0
:109920001DFB23786FF30003237092E7B8F1000F5B
:1099300003D0286802A9FFF759FF002FF1D028684B
:1099400004A9FFF757FFECE70A22C3E74888002085
:10995000748800208CB2002070B5054608690C465A
:10996000FEF7D2FAB0B1B5F85C200B48920A02F0CB
:109970006DF878B921462846FFF740FFAB790646D7
:109980002BB9AB781B0702D40448EFF7F1FF0EB9EF
:109990000223237570BD00BFA08B0020808B0020A8
:1099A00073B50D4601AA0D2106460CF008FA0446CF
:1099B00060B9202101A80BF0E1FF2A4601A9304639
:1099C000EEF72FFABDF8063085F82030204602B0B9
:1099D00070BD38B54A220B460D4609210CF0E7F957
:1099E000044628B9284604F04EFC002808BF062487
:1099F000204638BD10B500210446502233F0B6FB96
:109A000020460249BDE8104005F0E1B808350020C5
:109A1000427838B504460D46002A46D0C378002B5C
:109A200043D1012A18BF83820379012B05D11F4836
:109A3000F3F76DF888BB0223237104F18400FFF76C
:109A4000D9FFE3786571022B1CBF0223E370022D5E
:109A500025D0A3789B0702D5154801F06FFD20465D
:109A6000FEF706FB014604F5AC70EFF7B1F863783A
:109A7000012B1AD1A38A01339BB203B1A382B4F89C
:109A80001231A178013311F00801A4F812310CD180
:109A9000BDE838400748F0F7BAB90023CCE7B4F87E
:109AA00016310133A4F81631D9E738BD38880020C3
:109AB000A08B002054890020427810B532B1C478C0
:109AC00034B92146FFF7A4FF204610BD0D24FBE763
:109AD0000524F9E708B54378022B04D10421FFF7E8
:109AE00097FF002008BD0D20FCE70000437810B56B
:109AF0000446E3B1012B02D1C378022B15D02379A0
:109B000013B90C48F3F703F82046FEF7EBFA0021EF
:109B100004F1400004F0DCFF4FF6FE712046FEF732
:109B2000D1FB00212046FFF773FF002000E00D204D
:109B300010BD00BF6488002030B585B004460D46D6
:109B4000FEF7C2FA48B328680DF1060200210CF0B6
:109B5000C0F910BB286802A9FFF77BFCE8B9A3781D
:109B60009A0711D463782869022B4CD104F1400381
:109B7000984212D1B4F85C20BDF806309A420ED05B
:109B80002046FFF7B3FF08E0BDF80620204802ABEF
:109B9000294604F0B5F80028E4D005B030BDA36B29
:109BA000029A9A4205D19DF80F2094F83F309A42CC
:109BB00010D002A92046FEF7E5FBB4F85C2014485B
:109BC000920A294601F042FF0028E6D1237843F0AB
:109BD00001032370EBF771FEA0642378DB0704D444
:109BE00002A92046FEF78EFD50B14FF47A71002095
:109BF000EEF7B2FD6968024610312046FFF7FEFA23
:109C000002232B75C9E7FEF77FF90028E5D1C4E7E9
:109C1000A08B002070B50D468AB004460026286847
:109C20008DF8246007A9FFF7E4FB18B117280DD1C0
:109C30008DF824606378012B02D0022B08D0FEE758
:109C400004F17C0107A804F0EDFB60B90AB070BD17
:109C50002A6904F140039A42F8D194F85E3003F087
:109C60000F03072BF2D1286803AA11210CF01FF96A
:109C700060B92046FFF73AFF237A022BE6D1002392
:109C8000A37223722046FEF71FFCDFE7286802A9B3
:109C9000FFF782FB0028D9D1A2789DF808309A42BC
:109CA000D4D16378012B02D0022B25D0FEE728689F
:109CB00005AA04A9FFF7B6FB0028C7D1049904F14F
:109CC0004C00F1F7CFFE049B636504F14006059B51
:109CD00023650721304604F0FBFE218A2046FEF76B
:109CE000D7FD237843F001032370A3789B0742BF7D
:109CF000237843F00203237028680DF10E0200213F
:109D00000CF0E7F80028A1D1BDF80E30228A9B0A9A
:109D1000B3EB922FADD129462046FFF76FFD002807
:109D200094D1286806AA02210CF0E5F8F8B11728AA
:109D30008CD1A17811F0080128D11B480191EFF7CF
:109D400004FE01991948FCF711FB28680DF10D027A
:109D500010210CF0ACF8D8B117287FF477AF9DF83C
:109D60002430002B0CBF022301232B7584E7069AB5
:109D70002AB9D4F8841104F5BE73994201D1226244
:109D8000D7E701212046FEF7EDF9D2E70121D9E717
:109D90009DF80D00FBF76AF994F8713060F3010348
:109DA00084F87130DBE700BF808B0020A48A00209C
:109DB00008B50346FEF78FF920B1BDE80840044816
:109DC00003F000BD1846BDE80840FFF723BF00BF01
:109DD000A08B002073B50579022D04461ED12D48B5
:109DE000F2F795FEB8B92B48F2F746FE032323712C
:109DF000E378022B18BFE57032210020EEF7BCFC9F
:109E0000451C23793BBB6379042B24D8DFE803F09E
:109E10000F3D233D0F0000252571F2E7032D4FF084
:109E20000005EED105711C48F2F771FEE9E7637891
:109E3000022B1DD0238B4FF6FF76B3420ED0617BF1
:109E40001648F0F719F8218B1448EFF70FFF268317
:109E50002046FFF74BFE284602B070BDA3789B0753
:109E6000F6D50F48002102F0BBFD0028F3D0EFE744
:109E7000A17811F00801EED10A480191EFF765FDD4
:109E800001990948FCF772FAE5E700212046FFF73F
:109E9000BFFDE0E764880020388800205489002056
:109EA000A08B0020808B0020A48A002000F13003CA
:109EB00050F8042B41F8042B9842F9D103880B8009
:109EC00083788B707047000030B50C4689B005462A
:109ED00003AA206800210BF0FCFF40BB2069FEF7BD
:109EE00013F820B3EB78052B21D120680DF10E0279
:109EF0000A210BF0EEFFD0B9BDF80C30BDF80E20F2
:109F00009B0AB3EB922F12D1206804A9FFF7A1FAA4
:109F100068B920680C21FFF735FA40B120680823A2
:109F200006AA16210BF0F9FF18B1172809D009B0BD
:109F300030BD206806A9FFF759FC172801D000287A
:109F4000F5D12B79032B02D12548F2F7F3FD2068D8
:109F5000082306AA17210BF0E0FF28B11728E6D145
:109F60001F48F2F7E7FD03E0206806A9FFF742FC6F
:109F70002846FEF7B7F804A92846FEF703FABDF80D
:109F80000C201848920A214601F060FD0028CED12D
:109F900005F1840005F140010190FFF787FF01986A
:109FA000FFF728FDBDF80C30A5F85C3004A9206847
:109FB000FFF7C8FBBDF80E102846FEF769FCA9782C
:109FC00011F008010AD108480191EFF7BEFC019990
:109FD0000648FCF7CBF902232375A8E70121F7E730
:109FE00064880020A08B0020808B0020A48A0020A1
:109FF00070B526230C4605461A460021204633F04C
:10A00000B5F8022284F82420002284F8252028466E
:10A0100022462623BDE8704003210BF061BD0000FD
:10A02000F0B504468FB04748F2F771FD4648F2F7A5
:10A030006EFD464804A9FFF7DBFF0546002871D1F5
:10A04000024605994248434FFAF778FE45F2FC3341
:10A05000069AFA5007993E482A46FAF7C7FD9DF836
:10A06000113043F00403A370BDF83430052B59D1EF
:10A070009DF81030023B022B54D8BDF81210364820
:10A08000F1F76CFDBDF812303348238209A9F1F7CE
:10A090006BFD0BAB03CBBDF81230C4F8B0014FF62B
:10A0A000FE729342C4F8B4113CD0C3F30803002BF2
:10A0B0003AD0022301AEADF80C3032460A23042117
:10A0C00007F16000CDE901550BF00AFD50BB04F12A
:10A0D0004005284608F058FA96E8030085E8030092
:10A0E000BDF80C30A4F8603094F85E3043F0F00313
:10A0F00084F85E30BDF8123003F47C43A4F85C3081
:10A100000121284604F0E4FCB4F85C306382227834
:10A110009DF8103022F02402042B0CBF24230423CA
:10A12000134323700FB0F0BD218A0C48890A02F056
:10A1300060FE47F6C003089A0948FA50F8F7D8FFBE
:10A14000E5E700BF388800206488002068350020DB
:10A15000CC8800200835002080890020A08B0020BA
:10A16000D08D002030B59BB005462422002106A8E2
:10A1700032F0FCFF02232846ADF83C30FDF7A4FF87
:10A18000044668B32B8A6A78ADF81A302C49AB6B59
:10A190000A938DF8182003C90BAB83E80300D5F8A8
:10A1A000B001D5F8B4110DAB03C3022A4FF005037B
:10A1B000ADF83C3019D12A4603AB52F8400F516834
:10A1C00003C3B5F86030ADF814300A2300931D487E
:10A1D00010AB03AA04210BF093FC30B11BB030BDCF
:10A1E000184806A9FFF704FF38BB174C174845F27B
:10A1F000D43345F2FC32E3580793A258EB69134479
:10A200000893F1F72DFCEB691844AB788DF8193001
:10A2100026230990009306AA10AB032104F16000E5
:10A220000BF06EFC0028D9D145F20443089AE250A5
:10A2300004F5A844099B2360D0E72046CEE700BF81
:10A24000888900206835002008350020008900201A
:10A2500008B5082232F054FFB0FA80F0400908BD7A
:10A2600070B500F5C475044628460E46FFF7F0FFAA
:10A2700010BB306871682B4603C31048F5F740FFE8
:10A28000294604F5D470F5F72BF8294604F5E0705B
:10A29000F5F726F8294604F5EC704022F5F749F861
:10A2A000294604F5F6704022F5F743F8BDE8704002
:10A2B00003481021EEF78AB970BD00BF84860020E4
:10A2C000303500202DE9F743036803F0C00343F461
:10A2D0004023002503604FF6FF776FF001124FF027
:10A2E000AF630446C0E90423C0E901558581857345
:10A2F0000783F0234FF47A70C4E907030022002398
:10A300000E46C4E90A2304F1740004F0C1FC464A75
:10A31000A5672346314684F8BF5004F1D400F6F710
:10A3200092FF424BC4F8583104F5AC73C4F8603165
:10A330003F4BC4F8643104F5B273C4F86C313D4B43
:10A34000C4F8703104F5B873C4F878313A4BC4F8E6
:10A350007C3104F1400904F5BE73C4F8843104F182
:10A36000840831464846C4E9545504F030FC31466F
:10A37000404604F02CFC4846A563E56308F004F968
:10A380004046FFF737FB2046FDF7C6FD04F5C870D1
:10A390000190F5F7F7FE29490198F4F720FF04F53D
:10A3A000D470F5F7FBFE04F5D870F4F779FE04F5E8
:10A3B000E070F5F7F3FE294604F5E470F4F7A9FE22
:10A3C00094F8D23143F0800384F8D2312946142224
:10A3D00004F5EC7032F0CAFE0126322384F8D9313C
:10A3E0001422294684F8D87184F8E65184F8E7618C
:10A3F00004F5F67032F0BAFE4FF0FF3384F8EC311A
:10A40000332320460E4984F8ED3184F8FA5184F85C
:10A41000FB61C4F88851C4F88C51FFF721FF204636
:10A4200003B0BDE8F08300BF11B30100C9AA010069
:10A43000958E01001DAC01000D820100888900206D
:10A44000E015050008B50B4600F5C4711846FFF786
:10A45000FFFE08BD10B50C4600F5C4712046FFF79D
:10A46000F7FE28B104F10800BDE81040F4F76BBE18
:10A4700010BD10B50C4600F5C4712046FFF7E8FE8C
:10A4800028B104F10800BDE81040F4F76ABE10BD21
:10A490007FB5194A45F27C130546D45800F5D476A9
:10A4A000D4B12046F4F792FE08B16469F8E721467A
:10A4B0002846FFF7CFFF0028F7D121462846FFF7AF
:10A4C000D8FF0028F1D110223146204632F018FE84
:10A4D0000028EAD001200BE0AB781B070AD407491B
:10A4E000224601A8F5F78CFE0198003818BF01201C
:10A4F00004B070BD2046FBE70835002084860020AC
:10A500002DE9F04F8DB013230D46022203A9B0F8B8
:10A510001E908DF80C300646EDF7E8FC0446002846
:10A5200049D10146434A3046FEF763FB0446002802
:10A5300041D1012D33D0404FDFF80C8145F27C131F
:10A54000012557F803B008F5D47ABBF1000F3ED0CF
:10A550005846F4F73BFEB8BB59464046FFF77AFF32
:10A5600090BB59464046FFF784FF68BB1022514616
:10A57000584632F0C5FD38B3304807AA594605F0B1
:10A580004BF9E0B99DF82D105A463046FEF731FBE5
:10A5900008B104460FE00135EDB2052D14D9B37FA3
:10A5A000023BA3EB09038DF80D3003AA02234946B1
:10A5B0003046EDF778FC20460DB0BDE8F08F5946E7
:10A5C0003046FEF72CFBE3E7DBF814B0BDE745F2BD
:10A5D0009A63FB5C190709D545F2F663FB5C1A0721
:10A5E00004D045F2F863FB5A022BD8D01449154F1A
:10A5F000002204A8F5F704FE04990029CFD03B7887
:10A600001B0709D43046FEF70AFB0028C1D10135EB
:10A61000EDB2052D07D9C2E708460191F4F7DEFE39
:10A6200001990028EED1049B04A81969F5F7D2FD21
:10A63000E2E700BF488D0020083500208CB20020E2
:10A6400084860020A28B0020A08B0020F0B500F1B2
:10A65000840600F14004314685B0074608222046B2
:10A6600032F04EFD014628B97B78022B58D02046A7
:10A6700004F02EFA0B213846FEF7B6F905460028FD
:10A6800052D007F1B701FEF726FA0446002841D15F
:10A690002846FEF73DFA044600283BD1BA7801214E
:10A6A00028460BF084FC0446A0BB3A6A02212846E7
:10A6B0000BF094FC044668BB2846FEF796FA044665
:10A6C00040BB2846FEF7BEFA044618BBBB789B0782
:10A6D00024D4F9792846FFF713FF0446D0B90223A2
:10A6E000124A0D2128460BF029FC044690B9284651
:10A6F000FEF7E0FA044668B90721304604F0E8F9AD
:10A7000031466846F4F76BFD69462846FEF7FAFACB
:10A71000044630B12846EDF7BEFA02E00323DFE736
:10A720001824204605B0F0BD0324FAE7E81505001B
:10A73000C278052A03D10122C271FFF787BF704793
:10A7400091F83130DA0670B504460D460BD58178A4
:10A7500011F0080607D109480121EFF7F6F808487B
:10A760003146FBF703FE95F83130DB0704D5204670
:10A77000BDE87040FFF7DCBF70BD00BF808B0020DC
:10A78000A48A0020F0B590F85E3003F00F03012B8F
:10A7900087B005460F4608D0063B012B05D9FFF7C9
:10A7A000A5F90025284607B0F0BD022F04D00223EA
:10A7B0002B722846FDF788FE0D212846FEF714F976
:10A7C000064600286DD0AA7801210BF0F0FB002886
:10A7D00069D1012F0BD06B78012B08D06C78042C39
:10A7E0004FD8DFE804F0033215030300FEE705F15C
:10A7F0007C010846019103F0F6FD01993046FEF711
:10A8000065F904460028E9D03046EDF744FA46E001
:10A810003046FEF745F904460028F5D13046FEF7EC
:10A8200087F904460028EFD1022F0CBF02462A6A9E
:10A83000022130460BF0D2FB04460028E4D130461A
:10A84000FEF700FA04460028DED1AB789B071AD544
:10A8500005F1400102A8F4F7C2FC02A93046FEF758
:10A8600051FA04460028CFD1AD7815F0080512D171
:10A8700029460E48FBF77AFD0D480121EFF765F8F0
:10A8800090E70024E1E721463046FFF739FE044611
:10A890000028DDD0B8E705480121FBF767FD254614
:10A8A00080E703257EE70446AEE700BFA48A0020C8
:10A8B000808B00200021FFF765BF000070B52B4E94
:10A8C000044630460D46EBF77FFA00284BD145F29F
:10A8D0001C23F35C002B46D045F25443F25A4FF64A
:10A8E000FF739A4205D1F1F785F801462048EFF74A
:10A8F000BDF92046FDF7F6FB1E4804F5D471F5F7C7
:10A900006DFB1C4804F5EC71F5F7D8FA194804F50D
:10A91000F671F5F7D3FA2046218AFDF7D3FC002320
:10A920001548A382FAF7A0F97DB901232371238A80
:10A930004FF6FE7293420AD0C3F308036BB90F4877
:10A94000022102F0B7FA38B101E0012DEFD1002168
:10A950002046FFF75DF8002070BD0025A572204657
:10A96000FFF7A8FFF7E70D20F6E700BF0835002046
:10A970005489002084860020CC880020A08B0020F1
:10A98000F8B5C578012D044600D0FEE70021477BCD
:10A99000068BFDF7E7FB0D4B0D4845F25642394655
:10A9A0009A5C627345F254429B5A2383002200232F
:10A9B000C4E90A23EFF760FA31460548EFF756F984
:10A9C00029462046BDE8F840FFF778BF083500204B
:10A9D0005489002013B50446FDF7D4FD68B1204624
:10A9E000FFF734FE48B9E378052B0ED140F2E2417F
:10A9F00004F5AC70EEF7ECF80CE0E378052B09D821
:10AA0000DFE803F0060A0E1F47530523E370EDE766
:10AA10000023A38202B010BD2046FFF7B1FFF9E783
:10AA20000323E370002104F1840004F051F823783B
:10AA300024486FF3C3032370002363720121FBF7E3
:10AA400095FC637A013363720DF107012046FDF72F
:10AA5000EDFC58B99DF807102046FEF721FA9DF845
:10AA60000730002BC2D140F2EE21C1E72046FDF7AE
:10AA7000FBFCD0B1E378042B1CBF0423E37001215D
:10AA80002046FEF70DFAFF232373E18A0029C1D087
:10AA9000AEE704F10C012046FDF74EFD28B9217BFD
:10AAA00001222046FEF788FAEFE7E3780BB1002396
:10AAB000E37004F18400FEF79DFF2046FFF78AF95A
:10AAC0000146E3E7A48A00200148FFF783BF00BFE7
:10AAD000A08B00200529036A38BF05218B4210B5E1
:10AAE00004460BD001620648EEF728FF6378022B7C
:10AAF00004D12046BDE81040FFF7DCBE10BD00BF0A
:10AB0000808B00208A0738B50446CBB201D51D07DB
:10AB100037D5A5789D4201D1002038BDA1702046CF
:10AB2000FFF720FB2046FDF7CFFA98B12078A378F5
:10AB3000C006C5F34001C3F3400203D4280701D582
:10AB40001B0701D5914205D00025A5822046FEF7BE
:10AB5000CDFFE1E76378012B09D100252046A582CE
:10AB6000FDF7C0FA29462046FEF752FFD4E7022B34
:10AB7000D2D12046218AFDF78BFE2046FFF79AFEB0
:10AB8000CAE70720C9E700001FB54378012B044638
:10AB90000CD1827B52B11F48002100F065FDA37BE0
:10ABA000013BA3732046FDF78FFC25E0227A62B1BA
:10ABB000012A29D0A37A032B20460DD8FFF77AFE6D
:10ABC000D0B9A37A0133A37216E0A279012A15D174
:10ABD000E37A032B03D92046FEF788FF0CE004F14B
:10ABE00040016846F4F7FBFA69462046FEF716FB7B
:10ABF00010B9E37A0133E37204B010BD022BFBD12C
:10AC0000A3781B07D6D4F7E7034B9B6A002BC9D167
:10AC1000A372CFE7A08B0020083500200148FFF782
:10AC2000B3BF00BFA08B002038B503460C46FDF72C
:10AC30004BFA70B18A7F02F00F02072A09D15A78C5
:10AC4000022A03D103F14002914203D09B789B0773
:10AC500006D438BD18460121BDE83840FFF792BD43
:10AC6000A38BC3F308032BB921460B48BDE838403A
:10AC700000F0FABC094DAC42EBD305F5C8539C4239
:10AC8000E7D22046062103F023FF2146A5F50E70EA
:10AC9000BDE8384001F04EBAA08B0020D88D0020CE
:10ACA00038B5134ACC6845F2D4330546D25894429D
:10ACB0001CD90B7DA21ACBB1022B0BD10969084616
:10ACC000FDF722F990B1012A08D02846BDE83840A6
:10ACD000FFF7AABF012A4FF0000201D142F00202A1
:10ACE00021460448BDE83840FAF728B838BD00BF0F
:10ACF00008350020CC88002038B5D0F8844100F514
:10AD0000BE75AC421AD1D0F8504104B1FEE7C0E99B
:10AD100054124178022908D00AD9032902D10848DF
:10AD200002F010F94FF47A7103E0FFF72BFDF9E719
:10AD300021462846EDF74CFF002038BD0520FCE7F2
:10AD4000A08B0020437873B504460D46002B7CD0C1
:10AD500011F004060BD0022B09D1837813F0020303
:10AD600005D1C279012A02D1C371FDF7E0FBA80722
:10AD70001BD004F5D47136480191F5F7B6F958B9EE
:10AD800004F5D870F4F78CF901993148F5F726F9F4
:10AD900030481021EDF71AFC6378022B05D1A37817
:10ADA000990702D42046FDF7C2FB15F4405F12D08C
:10ADB0006378022B0FD1A3789A070CD4180707D514
:10ADC00094F85E30190703D0B4F86030022B02D03B
:10ADD0002046FDF7ACFBAA0508D5A3789B072ED526
:10ADE0001D4801F0CDFC1D48ECF792FD15F4827F63
:10ADF00008D0E80503D42046FDF766F910B12046D7
:10AE0000FFF7B0F9E90202D5134802F0AAFE6A0280
:10AE10001BD5134A45F2584345F25641D358525C6C
:10AE20001F2A02D8D340DB070FD463786BB100220E
:10AE30001146204602B0BDE87040FFF75DBF002E0E
:10AE4000D1D12046FDF773FBCDE702B070BD00BF46
:10AE50008486002030350020A08B0020ACB4002078
:10AE6000083500202DE9F84F0E460E21074693467F
:10AE70009846FDF7B9FD0546002800F08780FDF7EC
:10AE80000FFE0446002849D12846FDF751FE04462E
:10AE9000002843D196F820908246B1444E4561D0B7
:10AEA00016F8013B132B2BD8012BF7D9023B112BA2
:10AEB000F4D801A252F823F00DAF01009DAE0100BD
:10AEC0004BAF010055AF01009DAE01009DAE0100EA
:10AED0005DAF01009DAE01009DAE01009DAE010081
:10AEE0009DAE01009DAE01009DAE01009DAE010032
:10AEF0009DAE010025AF01009DAE010031AF010004
:10AF00001B2BCBD12846FDF79DFE04E03A6A0221B7
:10AF100028460BF063F804460028BFD02846ECF71B
:10AF2000BAFE30E00122112128460BF040F8F2E78A
:10AF3000BB789B07B2D401212846FFF7E1FA04460B
:10AF40000028EBD14FF0010AA8E759462846FDF743
:10AF5000C2FDE0E72846FDF7C3FDDCE72846FDF724
:10AF6000CDFDD8E741462846FDF7CCFE0446002833
:10AF7000D4D1BAF1000F06D03846FFF789FA10B1E4
:10AF80003846FFF797FC2046BDE8F88F0324FAE720
:10AF900070B50C4696B0002105460DF102022068FE
:10AFA0008DF80C108DF830108DF854100AF091FFC8
:10AFB000064630B9206801A9FEF717FA18B117281C
:10AFC00044D016B070BD04210DA8FDF7B1FC0821D6
:10AFD0000DA8FDF7ADFC05210DA8FDF7A9FC226920
:10AFE00005F140039A4247D120680DF10102112179
:10AFF0000AF05DFF68B31728E3D1BDF80220B5F869
:10B000005C309A4229D121462846FEF7F7FB0028FA
:10B01000D7D120686A4610210AF049FF08B31728E3
:10B02000CFD1206804A9FEF7BBFC50B31728C8D1C4
:10B030000223237521462846FFF732FE636801AAE2
:10B0400010330DA92846FFF70DFFBAE78DF80C6005
:10B05000C5E79DF80130012BCFD12846FEF746FD0C
:10B06000AFE79DF80000FAF701F895F8713060F34A
:10B07000010385F87130D4E711210DA8FDF758FCC4
:10B08000CFE704A90DA8FDF766FCD1E708B5034694
:10B09000FDF721F820B1BDE80840044801F0A6B949
:10B0A0001846BDE80840FFF773BF00BFA08B002023
:10B0B0002DE9F0438FB00023CDE90A330C938DF8CE
:10B0C000343091F8323013F00C0FCDE908120546F8
:10B0D0000C46164625D192F82430FF2B21D1098C3D
:10B0E00001230DF10A022046ECF79FFEC8B90121A9
:10B0F0002046ECF7EFFD9DF80A30FF2B1ED1218C86
:10B1000001230DF10B022046ECF78FFE48B9012117
:10B110002046ECF7DFFD9DF80B30102B04D0112BEF
:10B1200007D00FB0BDE8F083774808A900F084FF8E
:10B13000F7E7764808A9F8F7EBFBF2E76A78002A08
:10B14000EFD0002BEDD10DF11409218C0A234A46D2
:10B150002046ECF76AFE0028E3D10A212046ECF7EE
:10B16000B9FD9DF81430152BDBD1DDF81900F2F78D
:10B17000F7FDCDF80490238C009307463346224612
:10B1800001212846DDF81580FDF730FA0028C8D1E6
:10B1900001230DF10B02218C2046ECF746FE012124
:10B1A0002046ECF797FD06F1180003A9F3F797FF87
:10B1B0009DF80B3005F174060C2B4FF0010203A92A
:10B1C00030464BD103F07EFD0446002849D103A947
:10B1D000304603F049FE044678B10126A37F03F010
:10B1E0000F03072B08D1A369BB423CD123699845C3
:10B1F00097D308F10103236136B19DF80B30022B80
:10B2000002D9042B18BF00249DF80B300C94CDE913
:10B210000A870F2B85D801A252F823F0CBB2010088
:10B22000D5B20100DFB2010023B101007DB20100FF
:10B2300023B1010023B10100E9B201008FB2010086
:10B24000F3B2010099B20100FDB20100A3B2010006
:10B25000B7B20100C1B20100ADB2010003F080FD40
:10B26000B2E70026BAE7BFF45CAFA761002104F1A2
:10B270000C00F0F7F7FB00236361BAE708A9284642
:10B28000FEF75AFC08A92846FFF70AFD49E708A976
:10B290002846FEF761FBF5E708A92846FEF7FEF809
:10B2A000F0E708A92846FEF70FFEEBE708A92846B5
:10B2B000FDF792FEE6E708A92846FFF7E7FEE1E77B
:10B2C00008A92846FEF774FDDCE70F4808A900F03E
:10B2D00005FBD7E70C4808A901F07CFDD2E70A4836
:10B2E00008A901F07AFDCDE7074808A901F0FCF9AB
:10B2F000C8E7054808A900F09CFCC3E7024808A974
:10B3000002F048F9BEE700BFA08B0020F8AD002096
:10B31000FFF7CEBE90F83000C0F3C300062807D078
:10B32000083000F00F0002288CBF00200120704779
:10B330000120704790F83000C0F3C300A0F108036B
:10B3400058425841704728B1807F00F00F00C31F5A
:10B3500058425841704708B5EAF7AFFA08BD807FF8
:10B360006FEA101000F001007047000070B504464D
:10B370000D4604F50A76FEF7A5FF2D4A294604F589
:10B3800000700AF055FE304602F0E6FF294604F54B
:10B390000C70F7F772FD04F5D9502946183007F004
:10B3A00071F942F210220023A35442F21A2240F211
:10B3B000FF11A15242F21C2241F27801A15242F245
:10B3C0001E221721A15442F220213046625C22F055
:10B3D000070242F00102625442F224224FF0F0418F
:10B3E000A35042F22822A35042F22C22A15042F252
:10B3F00030224FF60361A15242F24C22A118A35011
:10B400004B60A37843F00703A37002F0B9FF42F248
:10B410001F23E05404F508503430F4F7BFFE42F225
:10B4200021223F23A35442F222222046A35470BD7E
:10B430005DB6010038B542F22823826BC25042F259
:10B440000C230E4DC25C42F22C230446C25442F23D
:10B450001C23C25C42F22D23C2542846F6F73EFC60
:10B460002246A5F51D50064909F0F4F904F5D95016
:10B470001830BDE8384007F0F1B800BF68AE0020D2
:10B48000EDDA010042F220230246C35C13F0010012
:10B490001FD0907810F002001BD00E4B45F24242B4
:10B4A0009A5CD10605D545F24342985C10F0010044
:10B4B0000FD045F242429A5CC2F38000520708D492
:10B4C00045F24342985CC0F3420002288CBF002042
:10B4D000012070470835002013B5044600F50A70B6
:10B4E0008B780A88A4F828228370019002F03BFF31
:10B4F000019802F045FF42F21F23E05402B010BD54
:10B5000008B500F50070EDF719FBBDE808400148EB
:10B51000F4F79EBC8486002010B5044600F5D9508F
:10B52000183007F079F82046FFF7EAFFBDE8104031
:10B53000014801210AF030BB5835002000F50070A9
:10B54000EDF7FCBA08B50221084807F01FFA4FF4DE
:10B550007A6300FB033042F6E063984238BF184636
:10B56000B0F5FA4F28BF4FF4FA4008BDD8A6002026
:10B5700038B50446FCF7AFFD70B1D4F8083204F5D5
:10B5800000759D4208D02046FFF7DCFF01462846A3
:10B59000BDE838400AF06BBD38BD37B50446FCF74E
:10B5A0009AFDC0B1D4F8083204F500759D420CD163
:10B5B0002046FFF7C7FF4FF6FF72034600920021B7
:10B5C0004FF47A7228460AF0A0FD284603B0BDE881
:10B5D00030400AF0B1BD03B030BD30B5C37885B09E
:10B5E00005464BBB42F22023C35C9B0724D40421B5
:10B5F000FDF7FAF90446F8B1FDF752FA70B92046A2
:10B60000FDF796FA014648B96B78012B0AD9033B3E
:10B61000012B08D82046FDF75BFE20B12046ECF751
:10B620003AFB09E0FEE76846F3F7FCFD6946204671
:10B63000FDF768FB0028F1D105B030BD10B5044618
:10B64000FFF720FF28B904F50070BDE81040EDF7C2
:10B6500075BA2046BDE81040FFF7BFBF0148FFF7AD
:10B66000EDBF00BFA08B0020F0B542F210230E46C4
:10B67000C15C89B0074600297CD110220DEB020085
:10B68000019131F073FD01993846FDF7ADF905469A
:10B6900000286DD0FDF7A9FA044678B97B78042B11
:10B6A0002BD8DFE803F003041D0F0F00FEE732493B
:10B6B00002222846FDF790FA0446F0B12846ECF73E
:10B6C000EAFA36E026B1B37F03F00F03072B11D05F
:10B6D0002A4901222846FDF77FFA04460028EDD1C9
:10B6E0002846FDF7DDF904460028E7D12846FDF796
:10B6F0001FFAE1E722490222ECE7EEB907F5085408
:10B700001134204602F06FFE42F21023022221463D
:10B71000FA542846FDF7DAF904460028CED104A8E9
:10B72000F3F792FD04A92846FDF7ECFA0446002839
:10B73000C4D1204609B0F0BDB37F03F00F03072B3F
:10B7400011D006F10C010846019102F04CFE01995E
:10B750002846FDF7BBF904460028AFD1314604A8BE
:10B76000F3F73DFDDEE702A802F03DFE02A9EFE798
:10B770000324DEE70024DCE7EF150500EE150500E5
:10B78000F11505002DE9F7430F4698461646002AA5
:10B7900046D0937F03F00F03072B14BF0221012132
:10B7A000FDF722F90546002800F09280FDF71DFA0A
:10B7B0000446002841D12846FDF772F904460028C6
:10B7C0003BD10A992846FDF786F90446A8BB2846CE
:10B7D000FDF79EF9044680BB38682830F9F7DCFB9A
:10B7E00001463C48EEF748FF01462846FDF7F9F9C7
:10B7F000044610BBB6B998F82090C144C14527D083
:10B8000018F8013B0A2B1CD0102BF7D0092B5DD167
:10B8100031462846FDF75CFD04460028EED00CE0DA
:10B820000121BDE7B38BC3F30803002BE3D1284606
:10B83000FDF77EF904460028DDD02846ECF72BFA08
:10B840003BE0002E42D0B18B2846FDF76CF9E3E7D0
:10B8500006B3B37F03F00F03072B1BD006F10C01D7
:10B860000846019102F0BFFD01992846FDF72EF927
:10B8700004460028E1D1184901222846FDF7ACF919
:10B8800004460028D9D1FFF766FD0521B060304697
:10B8900003F01EF97C6814F8103BFF2B11D14FF414
:10B8A0007A710020ECF758FF013082B22146284619
:10B8B000FDF72AFC04460028BFD1204603B0BDE8AE
:10B8C000F08321462846FDF71DFAF3E70224B4E78A
:10B8D0000324F2E754890020ED150500F0B595B07A
:10B8E000002306460D468DF828308DF84C30FCF7C5
:10B8F000F2FBE0B1F378D3B908AF28683946FDF719
:10B9000074FDA0B9286803A9FDF755FD78B928682A
:10B9100004A9FDF79EFD60B1172808D128680DF134
:10B920000E0200210AF0D5FA38B1172845D015B01B
:10B93000F0BDB36B049A9A42EFE7BDF80E10C1F365
:10B940000803002B45D106F5D950183006F0E2FF68
:10B9500004460028EBD0837F03F00F03052BE6D0CD
:10B96000072B1DD001462A463046FCF745FD052130
:10B97000204603F0ADF828680BA9FEF711F808B1CE
:10B980001728D4D102232B7529463046FFF788F9B2
:10B9900000970BAB224629463046FFF7F3FEC6E779
:10B9A000686806A91830F3F79AFB082206A9204612
:10B9B00031F0A6FB0028DED0B9E72C692046FFF75E
:10B9C000C2FC0028B3D0A38BC3F30803002BD2D052
:10B9D000ADE70446CFE70000136970B5044616468C
:10B9E00053B3184A934227D302F5D062934223D22D
:10B9F0009D8B04F5D950CA1C1830897807F000F9DE
:10BA00006378032B1BD142F2212204F50753A25C79
:10BA100008339B56002B12DB2046FEF767F8042400
:10BA20004FF6FE739D4205D007480122294603F0D8
:10BA300083F93061204670BD4FF6FE75D9E70024CA
:10BA4000EEE700BFDCA60020148C0020F0B584785F
:10BA500014F0020495B005460E46174608D030682B
:10BA600001A9FDF7B6FF30B1172814BF0624002442
:10BA7000204615B0F0BD324601A92846FFF7ACFFBD
:10BA800004460028F4D105F5D9503A4601A91830EA
:10BA900007F0EEF92B7864F341032B70E8E738B533
:10BAA0000546FCF711FB044660B12846FFF7EAFCA7
:10BAB00030B142F2BC13EC5C012C8CBF0024012499
:10BAC000204638BD0124FBE730B50D791C79A5422D
:10BAD00009D180F0010082F00102904206D10A688B
:10BAE0001B689A4208D009D9012004E000280CBF45
:10BAF0004FF0FF30012030BD0020FCE74FF0FF3059
:10BB0000F9E7000070B590F965101248EEF7B4FD42
:10BB100009281BD8104B114D0E4E47F654029C5C61
:10BB2000342202FB043404F5E3445434AC420FD015
:10BB3000AB7F03F00F03072B01D03435F6E795F9FF
:10BB400025103046EEF798FD0928F6D9012070BD82
:10BB50000020FCE75489002008350020DCA60020E6
:10BB6000F0B50D4687B00A2116461F46FCF73CFF8C
:10BB7000044600284DD090F8303043F0800380F820
:10BB80003030FCF78DFF00284FD12046FCF7D0FF66
:10BB900000284AD12046FCF7BBFF002845D131469A
:10BBA0002046FCF798FF00283FD1AB7F1A0732D11F
:10BBB00005F1B8010846019102F015FC01992046F3
:10BBC000FCF784FF88BB05F12200F9F719FA01465A
:10BBD0002046FDF706F840BB2046FDF723FB20BBBF
:10BBE0002046FDF702F80646F8B9294602A8F3F701
:10BBF000F6FA002F14BF4FF4FA714FF47A71304601
:10BC0000ECF7AAFD013082B202A92046FDF77CFACA
:10BC100058B907B0F0BD2A8C022AC9D9DB09C7D1AF
:10BC20002046FDF753F80028C2D02046ECF733F841
:10BC3000EFE7F0B587B0002305460E468DF81430C7
:10BC4000FFF720FC002800F081806B78012B7DD06D
:10BC5000EB78002B7AD105F5D9541834204606F03C
:10BC600083FE42F21C23EB5C98426FD2204606F022
:10BC7000AFFF0F286AD8706801A91830F3F72FFAC0
:10BC800030680DF10201FDF796FB00285ED13068A7
:10BC90000DF101020E210AF00AF9002856D16B7845
:10BCA000022B4AD052D9033B012B51D9306803A94A
:10BCB000FDF79BFB002849D105F50C77052201A96A
:10BCC0003846F7F734F90446002846D13846F7F7E6
:10BCD0000DF90446002839D0014632462846FCF7C3
:10BCE0008BFB0221204602F0F3FE30686946FDF727
:10BCF00053FB38B99DF800102046F6F7DDFDBDF87E
:10BD0000023023842046EDF7A1FC20B9FFF723FB86
:10BD10000523A060A3650223337531462846FEF74C
:10BD2000BFFF9DF8013083F04003C3F3801303AAE3
:10BD300021462846FFF714FF08E09DF801305B0616
:10BD400004D542F2BC13EB5C1F2BAFD907B0F0BD9A
:10BD50009DF90130002BA9DBF8E7FFF7FCFAA36897
:10BD6000C01AB0F52F7FCDD2F0E706207047000053
:10BD70007FB50E46304669461546F6F7F3FD044694
:10BD8000284694B9F3F707FA40B9102269462846C5
:10BD900031F0B6F900280CBF0324012406482246DE
:10BDA0003146F8F709F804B070BDF3F7F4F900284C
:10BDB000F9D10224F2E700BFD4B400202DE9F04FFE
:10BDC0000F46A5B000238046144638688DF88C30A5
:10BDD00001AA132109F0F3FF0646002854D102A955
:10BDE0002046F6F7BFFD20B11022314602A831F0FF
:10BDF000BDF994F8B63083B3A37F03F00F03072B8C
:10BE000000D0FEE794F8B49004F1640505EB09193D
:10BE10004D4522D02846F3F7E1FAE0B12146284605
:10BE2000F6F7F0FC022816D19DF88C30052B12D0C5
:10BE30005A1C8DF88C2024AA02EB0313543B2A468B
:10BE400005F1100E106851689C46ACE803000832FA
:10BE500072456346F6D11035DAE72046DFF8E49004
:10BE6000DFF8E4A0F6F71EFD09F2244BBDF806301A
:10BE7000002B5AD0386801230DF1030201A9EBF71A
:10BE8000DFFF054620B10646304625B0BDE8F08FFD
:10BE9000012101A809F067FD2946102206A831F00A
:10BEA00065F99DF903309DF80350002B2DDA08AA9F
:10BEB000082301A93868EBF7C3FF082101A809F09E
:10BEC00052FD0AAA05F00F01584603F0E1FC0028D4
:10BED000CCD10AA906A8F3F729FA06A92046F6F755
:10BEE0007DFD9DF81830FF2BC0D0012251460AA8D5
:10BEF000F6F7BAFF0A9898B1844202D006A9F6F77D
:10BF0000B5FD0AA8F6F780FFF4E701A93868102309
:10BF100006AAEBF795FF102101A809F024FDDCE744
:10BF200006A94846F6F719F8A0E702AA21464046B6
:10BF3000FFF71EFF02480FAA214602F06DFDA3E79E
:10BF4000CCB4002068AE002008350020F7B50F46BD
:10BF500011211446FCF748FD054600285FD090F8F3
:10BF6000303043F0800380F83030A38C8384022289
:10BF70001A2369468DF80030EBF7B8FF0446002815
:10BF800047D1284B0193284AEE8B45F2424329467C
:10BF9000D35CDB0648BF542301A848BF8DF80630A8
:10BFA00009F067FE0446A0BB204A08230221284668
:10BFB00009F0C4FF044660BB1D4B10220321284634
:10BFC00009F0E4FF044620BB2846FDF7C5F9044606
:10BFD000F8B91848F1F706FA12210246284609F086
:10BFE000F1FF0446A8B9AB7FB11E9B1B6A468DF8D2
:10BFF000013089B202232846EBF755FFFB2120468A
:10C00000ECF7AAFB394602462846FDF77DF80446C0
:10C0100010B12846EBF73FFE204603B0F0BD0324E5
:10C02000FAE700BF81025000083500209C880020FC
:10C03000A488002008B40020F0B58BB0002305468A
:10C040000C468DF80130FFF71DFA20B3206801AAD5
:10C050001A2109F0B4FEF0B9344EBDF80630A3B38E
:10C06000216801AA07A809F010FEA0B99DF81D30AB
:10C070002BBB9DF81C30022B0FD0802B1FD104232B
:10C0800020686A460DEB0301EBF7DAFE18B99DF85C
:10C090000130012B13D80BB0F0BD0823BDF80410FC
:10C0A00020680DEB030209F0B4FE0028F3D108224A
:10C0B0000DEB0201304631F023F80028EBD0BDF83B
:10C0C000201001A809F04FFCC7E79DF80130012BB3
:10C0D00006D8D4E9002128461031FFF737FFDAE708
:10C0E00042F24C26AF19AB59B3B1606804A91830BD
:10C0F000F2F7F5FF9DF802307968C3F3C0021B1117
:10C1000043EA02139DF8182022F01F0213438DF812
:10C11000183004A8AB5998479DF802301B07D8D5B2
:10C12000034803F00EFE0028D3D1B4E79C8800201A
:10C130008CB20020F0B58B7FDB0987B007460D4637
:10C1400026D144480E1AF310434EA0F54D705E43BD
:10C15000B6B2ECF70FFA0446D0B13146EBF7A5FFC3
:10C16000002850D094F83030C3F3C303082B4AD1D1
:10C17000AB7F03F00F03012B03D10024204607B04F
:10C18000F0BD062BF9D0354A35482946FBF758FA59
:10C190000D213846FCF728FC0646002857D0FCF74E
:10C1A0007FFC044658BB3046FCF7C2FC044630BB5B
:10C1B0002846FFF7D4F801463046FCF7EBFC04466E
:10C1C000E8B93046FCF776FD0446C0B9AB7F03F012
:10C1D0000F03072B1BD105F12200F8F711FF0146D1
:10C1E0003046FCF7FEFC044648B9294602A8F2F79F
:10C1F000F6FF02A93046FCF785FD0446F8B130464B
:10C20000EBF749FDBAE72046ECF735F8A3E7154907
:10C2100002223046FCF7E0FC04460028EFD1AB7F59
:10C2200003F00F03012B05F1B80104D0084601917A
:10C2300002F0D9F801993046FCF748FCD3E7AB7F10
:10C24000DB099AD00621284602F042FC96E7032437
:10C2500094E700BFD88D0020295C8FC235B3010060
:10C26000A48A0020F31505002DE9F3410546FBF7EC
:10C2700032FFF8B11149124E00226846F6F7F4FD7C
:10C28000771C009CB4B1A37FDB090DD1204694F844
:10C29000B780FFF764F858B93B78984504D0214639
:10C2A0002846FFF747FF28B96846F6F7ADFDE8E7EF
:10C2B0003378F2E702B0BDE8F08100BF0835002016
:10C2C00092B200202DE9F0470D460E21DDF82090B6
:10C2D00017461E46FCF788FB0446002800F08380C2
:10C2E00096F8208005F1220AB044B04574D016F8C3
:10C2F000013B112B2AD8DFE803F01D292929182535
:10C3000029292129291429292929290901212046F6
:10C31000FCF7D0FB0028E8D02046BDE8F047EBF75B
:10C32000BABC2046FCF704FCF4E749462046FCF77B
:10C33000D2FBEFE72046FCF7B3FBEBE72046FCF728
:10C34000DDFBE7E72046FCF7CBFBE3E7002DCCD095
:10C35000102B2CD00ED8022B24D00C2B15D0012B57
:10C36000C3D1A97FC1F3031141F004012046FCF7BA
:10C37000A5FBCFE71B2B22D0562B26D0132BB4D1F5
:10C3800029462046FCF760FFC4E72846FEF7E7FF92
:10C3900001462046FCF7FEFB0028BDD12046FCF7F5
:10C3A00089FCB7E7A96D2046FCF78CFBB2E7504645
:10C3B000F8F726FE01462046FCF713FCAAE7B5F87D
:10C3C000C0102046FCF74EFCA4E7AB7FDB098CD104
:10C3D0002046FCF77BFC9DE707F110012046FCF7A7
:10C3E00091FC002898D1BDE8F08700002DE9F047C6
:10C3F0000D46A0B00023814603A928688DF834308B
:10C400008DF858308DF87C30FCF7C6FF044638B9FB
:10C410000BAF28683946FCF7E8FF20B1172828D071
:10C4200020B0BDE8F087042117A8FCF781FA0021AD
:10C4300017A8FCF77DFA686807A9183009F50C7A87
:10C44000F2F74DFE052207A95046F6F770FD0446A7
:10C4500090B99DF80C301A07E2D517A81121FCF706
:10C4600067FA6A68009717AB21464846FFF72AFF2C
:10C47000D6E78DF83440DAE790F81E8008F00F0315
:10C48000072BCDD19DF80C10F6F716FA012117A84D
:10C49000FCF74EFA102117A8FCF74AFA0B2117A84F
:10C4A000FCF746FA9DF834304FEA18183BB10821E2
:10C4B00017A8FCF73DFA052117A8FCF739FA224620
:10C4C00029464846FFF77AFC98B11728A8D1286872
:10C4D00009A9FCF7BEFF88B11728A1D1286805AAD1
:10C4E000022109F008FD0646A0B1172898D10026C0
:10C4F0001CE0132117A8FCF71BFAE8E72046FEF71B
:10C500002EFF20B99DF8293084F8B730E6E79DF872
:10C510002A30F9E7059BA26D934218BFA3654FF03F
:10C52000020117A818BF0126FCF702FA28680DF1CE
:10C530000E021B2109F0CDFC50B117287FF470AF1B
:10C54000238C052B34BF81230023ADF80E3003E08C
:10C550001B2117A8FCF7ECF9BDF80E302868A4F8E9
:10C56000C0300EA9FDF71CFA00283CD017287FF434
:10C5700057AF94F84030DB0917D0B4F84830A3B176
:10C58000286806AA552109F0B6FC88B317287FF45D
:10C5900047AF2868032304AA502109F0BEFC20B944
:10C5A000BDF811305BBA84F84130FEF7D4FEA37FAA
:10C5B000A0601B0948F0040843F0040290451ED017
:10C5C0001B0748BF94F84030134844BF6FF3C713AC
:10C5D00084F8403042462146F7F72AFF214650466C
:10C5E000F6F74CFD0DE00EA917A8FCF7B4F9C0E76B
:10C5F000069B6364562117A8FCF79AF9C9E7002E39
:10C60000ECD117AB6A68009721464846FFF75AFEFF
:10C6100002232B7504E700BF008B00202DE9F047B3
:10C6200098460378DB0707460E46154653D4082183
:10C63000FCF7DAF9044600284DD0FCF731FA30BB9C
:10C640002046FCF775FA10BB2046FCF733FBF0B927
:10C6500095F8209007F1740AA944A9452BD015F844
:10C66000013B182B1ED017D8092B1FD00C2BF4D14F
:10C6700031460122504602F099FB014610B1FEF707
:10C680006EFE01462046FCF785FA0028E5D02046DC
:10C69000BDE8F047EBF7FFBA192BDED12046FCF7D7
:10C6A00058FEF2E72046FCF751FEEEE70021204657
:10C6B000FCF70EFEE9E7B8F1000F0ED00948FBF7D2
:10C6C0000BF83846FCF786F9424631462046FCF71F
:10C6D0001BFD0028DBD1BDE8F08731462046FCF782
:10C6E00011FBF6E7A48A002030B58FB00546002381
:10C6F00008698DF834300C46FEF725FE68B12068D5
:10C7000005A9FDF74DF940B92068082303AA1621B1
:10C7100009F003FC18B1172806D00FB030BD164938
:10C7200003A8F1F733FD18B1182105A8FCF700F9AB
:10C730002068082303AA172109F0EFFB30B117285E
:10C74000EBD1192105A8FCF7F3F805E00B4903A884
:10C75000F1F71CFD0028F4D1022323752146284659
:10C76000FEF79EFAD4E9003105AA009310310023A8
:10C770002846FFF753FFD0E7488800207488002040
:10C7800030B591B0002405468DF83C40FBF7A3FC82
:10C79000C8B103A8F2F746FD0C2107A8FCF7C8F8BA
:10C7A0006B78042B11D04FF4FA712046EBF7D4FFCD
:10C7B000034600220092284607AA03A9FFF72EFF8E
:10C7C0002846FFF751FD11B030BD2346F1E742780E
:10C7D000022A10B4034609D0033A012A0DD800F505
:10C7E000D9505DF8044B183006F000B94033994237
:10C7F00003D15DF8044BFDF779B95DF8044B704740
:10C8000038B58B7F13F00F0305460C465AD000F164
:10C81000400291420ED14378022B01D1FDF766F917
:10C8200004F12200F8F7D9FB20460021BDE838408A
:10C8300002F04EB900F18402914203D10846FDF79F
:10C84000D9F8EDE78A8BC2F308021AB300F50E732C
:10C8500099421ED303F5C85399421AD20846ECF701
:10C86000F5FE28B12246012105F1740002F056FBC5
:10C8700015482146F7F798FDA37F9B0603D5A18BAA
:10C880001248F5F700FB214605F50C70F6F7DCFBC6
:10C89000C6E7FEE7072BC3D100F5D9531C339942F5
:10C8A0000FD303F5D06399420BD20A4674300421AA
:10C8B00002F034FB05F5D9502146183006F096F801
:10C8C000AEE7FEE738BD00BF008B002068AE002059
:10C8D000F0B50D46042D85B0044611461E4607D11D
:10C8E00034480192F0F713F93348F0F710F9019941
:10C8F000324F2046FBF7E6FC29462046FBF762FB59
:10C9000000212046FBF7AEFB0023A38204F5AC70A8
:10C91000ECF714F904F5B870ECF710F904F50070B1
:10C92000ECF70CF92046FEF738FE2548F3F772FACB
:10C9300042F22423A26BE25045F24C42042DBB5C30
:10C9400043F01003BB541CD104F508553435294677
:10C950002046FBF727FD1A482946F3F73FFB012144
:10C9600007F1500009F000F93146164803F0CDFAFE
:10C9700010480AF025F810480AF023F81248F5F795
:10C98000ADF90E49012202A8F6F76EFA04F5085532
:10C990002135029959B18A8B2B78B3EB922F02D0B3
:10C9A0002046FFF72DFF02A8F6F72EFAF1E705B0B3
:10C9B000F0BD00BF388800206488002008350020C2
:10C9C000848600208CB2002068AE00200A46002336
:10C9D0000321FFF77DBF13460A460421FFF778BF06
:10C9E000F8B504462E480D46F0F7CFFA002854D08B
:10C9F0006378002B51D0042B4DD02046FEF742FD2A
:10CA000008B91B20F8BD0DBB04F5D95618363046C1
:10CA100005F024FEEBF784FE42F222230746E55C94
:10CA20003E2D04D93F210020EBF786FE054642F259
:10CA30001F222B46A25C39462046FBF77FFC294685
:10CA4000304605F0C3FE034668B9FEE72046FBF713
:10CA50003BFB0028D8D042F21F23E25C94F83C3024
:10CA60009A42D1D8CDE742F22122A55442F22222A5
:10CA7000A5540C4A92E8030083E803000A4803F037
:10CA8000B1F90A48F1F76EF8A902002201F47C41DD
:10CA90002046FFF7A0FF0020B4E70D20B2E700BF5B
:10CAA00038880020888900208CB2002054B40020EF
:10CAB0002DE9F04F0F46ABB000210546934638688C
:10CAC0008DF8281003AA09F004FA044608BBBDF843
:10CAD0000C80C8F30803002B49D105F5D95A4FEA59
:10CAE00098280AF1180A4146504605F0B7FE064656
:10CAF00010B1807F00F00F04386808A9FCF779FCBA
:10CB0000002840F0FB80052C07D0072C0CD084B304
:10CB1000082420462BB0BDE8F08F06F10C0108A8D0
:10CB200001F080FC0028F3D0396939B1BDF80C2040
:10CB30008B8B9A4202D02846FFF762FE38680DF1CF
:10CB40000A01FCF738FC04460028E2D1386805AA3F
:10CB500004A9FCF767FC04460028DAD138680DF117
:10CB60000902102109F0A3F9A0B117280CD006245E
:10CB7000CFE7AB7B23B942F21023EB5C002BC7D08D
:10CB800005F508511131CAE76B78012B40F0B680EA
:10CB90008DF809406B78042B00F2B980DFE803F0D0
:10CBA0000304B4BABA00FEE738680DF10E020A2198
:10CBB00009F08FF9002840F0A180BDF80E202B8AE3
:10CBC0009A4240F00381386806A9FCF742FC00282D
:10CBD00040F0948006A92846FBF7D4FB504605F0A8
:10CBE0003DFD386817A9FCF7F4FE002840F0868068
:10CBF0003A4617A92846FEF7EFFE00287ED14146A7
:10CC0000504605F02BFE0646002882D095F83F30AE
:10CC1000298A9B029BB28B4272D101221946284677
:10CC2000FFF7D9FE0023AB732B7843F001032B7081
:10CC3000796828461031FCF7F1FA4FF001093A46BD
:10CC400031462846FBF7D8FBBDF80C300499B38376
:10CC500006F10C00EEF706FF049B7361059B336140
:10CC6000BDF80A303384B37F9DF8090043F0F00328
:10CC7000B377F8F7FBF996F8313060F3010386F8E3
:10CC800031300721304601F023FFFB68B3613246A3
:10CC9000032105F1740002F041F9B9F1000F04D04D
:10CCA000424617A9504606F001F801233B75394664
:10CCB0002846FDF7F5FFBBF1000F3FF42AAF0DF159
:10CCC0002C08002338688DF8343041468DF85830F0
:10CCD000FCF78BFB044600287FF41BAF38680EA9D5
:10CCE000FCF75EFE10B117287FF441AFCDF800804D
:10CCF0000EAB324639462846FEF744FD044608E7A7
:10CD00002846FFF763FE8DE7002E3FF402AF4FF099
:10CD1000000994E7002E3FF4FCAE386806A9FCF742
:10CD200098FB0028EAD1AB6B069A9A427FF4F1AEE9
:10CD30002B78DA0708D4264A47F68B53D35C9DF844
:10CD40001D209B1A1B0604D5796828461031FCF774
:10CD500065FA386817A9FCF73CFE98B117287FF4EC
:10CD600006AF4FF0000942F22123EB5C43453FF44C
:10CD700066AF96F830303E2B7FF661AF2846FEF75F
:10CD80000CFC5CE708F00702802313412AAA02EB9F
:10CD9000D80212F8492C1A423FF4E9AE17A95046BE
:10CDA00005F02EFC814670B13A4617A92846FEF7D9
:10CDB00013FE0028A2D14146504605F04FFD06461D
:10CDC0000028D0D1FEE74FF00109CCE70224A0E60D
:10CDD000083500200022FFF76BBE0122FFF768BE76
:10CDE0004378012B9DBF42F22223C15400200D2025
:10CDF000704742F22123C15442F22223C1547047AA
:10CE0000F0B58DB006460F462622002102A830F06C
:10CE1000ADF94FF2BF03ADF82A3042F22023F35CA4
:10CE20009B073CD42048042107F0E8FB0546002876
:10CE300037D01E4A0823012109F080F8044650BB70
:10CE400042F22223F25C3E2A1BD93A4604212846AC
:10CE500009F0ADF80446F0B902A806F0C9FA144B7F
:10CE60001148009602AA294608F032F8044690B903
:10CE700042F22022B35C43F00203B35420460DB0CB
:10CE8000F0BD920202F47C420221284609F09AF891
:10CE900004460028D9D02846EAF7FDFEEEE7002434
:10CEA000ECE70324EAE700BF2887002088890020F8
:10CEB000EDDA010038B5437804460D46BBB3032BC9
:10CEC00037D0FEF7DFFAB0B301211C48F9F74EFA6C
:10CED00042F22E230022E2546178012902D0022975
:10CEE0001FD0FEE723789B0605D404F50C70F6F7F7
:10CEF00055F8052813D90623A37300212046FEF711
:10CF0000B3FB054648B9A37B013B2046A373FBF75F
:10CF1000DBFA0B48012108F027FE284638BD032321
:10CF2000EAE729462046BDE83840FFF769BF0D25EE
:10CF3000F3E70025F1E71B25EFE700BFA48A0020F7
:10CF40005835002030B58BB02622002105466846B2
:10CF500030F00CF94FF2BF031348ADF82230032133
:10CF600007F04CFB0446E0B142F221230221EA5CC7
:10CF7000920202F47C4209F025F878B90B4A0823A2
:10CF80000121204608F0DAFF40B9684606F030FA81
:10CF900005486A46214607F0A7FF10B12046EAF788
:10CFA0007AFE0BB030BD00BF2887002088890020A2
:10CFB000437823B942F230228154184670470D233A
:10CFC000FBE700002DE9FF4105462A48DDF82880EF
:10CFD00017461E4607F04FFB0446002843D03A464A
:10CFE000042108F0E4FF002840D1FEB1B28B0221F9
:10CFF000204608F0E7FF002838D140F60713ADF8C7
:10D00000043042F20C23CDF80700CDF80B0005F5F3
:10D010000750EB5C8DF806300DF10701083005F084
:10D0200059FF214601A808F024FEF8B911484246EC
:10D03000214607F059FFC8B9AFB9A6B108F11001F0
:10D040002846FDF707FA70B1B8F81E10B38B49BA3D
:10D0500089B28B4207D02B8A9B0AB3EB912F02D067
:10D060000548F4F710FF04B0BDE8F0812046EAF768
:10D0700012FEF8E72887002068AE00202DE9F0476F
:10D080004678042E86B004460D4691463BD10846AC
:10D0900008F093F8B8B30DF11008082342460121B7
:10D0A000284608F03AFF70BB31460DF10D022846C4
:10D0B00008F0FDFE064630BB0DF10E0202212846A7
:10D0C00008F007FF28B117281DD14FF6FE73ADF801
:10D0D0000E3004F5D95A0AF1180A4146504606F0B6
:10D0E00011F8074638B99DF80D30042B0ED8022BE5
:10D0F0001CD82CD00626CDF800903B463246294657
:10D100002046FFF75FFF06B0BDE8F087052BF1D1A1
:10D1100042F21D23E25C42F2BC13E35C9A4205D862
:10D120001448012102F06FF9012818D8BDF80E103B
:10D130004FF6FE73994214D1504605F069FB034641
:10D1400068B198E803001F4683E80300D3E742F282
:10D150001D23E25C42F2BC13E35C9A42E6D801264E
:10D16000C9E7890A504605F031FB03460028E8D19B
:10D17000E2E700BF8CB20020F0B54378042B85B005
:10D1800004460D4617462CD1084608F016F840B361
:10D190000DF106020221284608F09BFE08BB082379
:10D1A0000DEB03020121284608F0B7FEC8B9BDF80F
:10D1B000066004F5D954B60A18343146204605F005
:10D1C0004DFB70B108220DEB02012FF099FF40B921
:10D1D0003146204605F054FB03483A46294607F0FD
:10D1E000E6FE05B0F0BD00BF28870020F8B542F28A
:10D1F00031230C46C1568B1C05460FD1002100F58A
:10D200000C70F5F7CBFEB5F83012081A0323B1FB0A
:10D21000F3F188424FF0FF31A8BF0021204601F012
:10D220005CF8002363712371E3706B78022B04D1E7
:10D2300095F86410204601F03AF81B4B1B4F47F657
:10D2400054029E5C342202FB063606F5E346543651
:10D25000B74211D0BA8B2B8A9A420BD0BB7F03F016
:10D260000F03072B06D1384605F078F90146204612
:10D2700001F01DF83437EBE742F2BC1305F5D95045
:10D28000EB5C2372183005F0A3FC102828BF102097
:10D2900042F20C23A071EB5CE3710523637200235F
:10D2A000A3720123E372F8BD08350020DCA600203C
:10D2B0002DE9F84F002500F5085A00F5D9548846A5
:10D2C0009146AB460AF1210A183405F0070380267F
:10D2D0001E419AF80030E9B2C5F3C4078B42F6B29A
:10D2E00047440DD1FB7801351E40002E0CBF5E4631
:10D2F0000BF101063F2D5FFA86FBE6D101201EE00F
:10D300008945EFD0204605F0A9FA0028EAD0837FAE
:10D3100003F00F03072BE5D105F020F90128E1D92F
:10D32000FB7833400DD008EB0B03DB7AC3F301121B
:10D330009B09934228BF13468342D3D20020BDE805
:10D34000F88F1846FBE74378032B2DE9F047044696
:10D350000E4617464AD100F5075308335B56002B9B
:10D3600044DA42F22E2310F80380B8F1000F3DD1C9
:10D3700042F2BC1310F8039042F21E23C35C4B45EB
:10D3800034D200F5D9551C354FF0340A09FB0A5A3E
:10D39000554528D0AB7F03F00F03072B21D128463A
:10D3A00005F0DCF801281CD908F101085FFA88F8BB
:10D3B000B8F1060F15D942F21E230021E55C04F5F1
:10D3C0000C70F5F7EBFDA9EB0505EDB205EB450596
:10D3D000A8420BDA324639462046BDE8F047FFF74F
:10D3E00067BF3435D4E7B8F1060FE4D80020BDE8B4
:10D3F000F087000070B58B7F03F00F03072B96B00A
:10D4000005460C4616D00721204601F061FB214657
:10D4100005F50C70F5F732FE002607488DF85460CC
:10D4200001AA214601F0F8FA2246314605F17400BE
:10D4300001F074FD16B070BDCCB400202DE9F043AE
:10D440000D4685B00C210746FBF7CEFA06460028AC
:10D4500000F09980FBF724FB044600287AD130467F
:10D46000FBF766FB0446002874D13046FBF722FC2C
:10D47000044600286ED1AA8B22B13B8A9B0AB3EBEB
:10D48000922F1ED007F50858DFF8049108F11A080A
:10D49000B8F8003001339BB2B3F5007F28BF0123F9
:10D4A000A8F80030B9F80010B8F800400C43A4B256
:10D4B0000522214607F50C70F5F72CFD0028E7D171
:10D4C000AC83A98B3046FBF72EFB0446002841D1E4
:10D4D00005F1B80805F1BE0918F8013B182B42D038
:10D4E00024D8092B3AD00C2B2AD0C145F4D1AB7FDC
:10D4F0009B0640D529463846FFF77CFFAA7FC2F33A
:10D50000031212F0080203D120482946F6F786FFDD
:10D5100029466846F1F763FE69463046FBF7F2FBA1
:10D520000446B8B9204605B0BDE8F083192B1ED0DB
:10D530001B2BDAD1B5F8C0103046FBF793FB06E0A1
:10D540002846FDF70CFF01463046FBF723FB044657
:10D550000028CAD03046EAF79EFBE3E700213046B8
:10D56000FBF7B6FEF3E73046FBF7F0FEEFE7304699
:10D57000FBF7EFFEEBE729463046FBF765FE044676
:10D580000028B7D0E6E70324CCE700BF008B0020DB
:10D59000868900202DE9F04192B0002306460D4611
:10D5A0008DF84430FDF76EFF002843D03046FAF77F
:10D5B0008BFD00283ED0686805A91830F1F78FFD73
:10D5C000052205A906F50C70F5F7B1FC044688B3F1
:10D5D000286801A9FBF7EFFE60BB04F1B8072868D3
:10D5E0003946FBF70AFF28BB724A73482146FAF70F
:10D5F00027F8286803AA02A9FBF714FFD0B9286806
:10D600006946FBF7C9FEA8B9286804AA022108F0F8
:10D6100072FC78B90DF1240828684146FCF7C0F97E
:10D6200040B928680DF106021B2108F052FC20B118
:10D63000172814D012B0BDE8F0811B214046FBF73B
:10D6400077F92868082307AA162108F066FC78B144
:10D650001728EFD118214046FBF76AF90EE0BDF814
:10D660000430052B34BF81230023ADF80630E8E7F2
:10D67000524907A8F0F78AFD0028EBD12868082353
:10D6800007AA172108F049FC30B11728D2D1192177
:10D690004046FBF74DF905E0494907A8F0F776FD4C
:10D6A0000028F4D19DF84430062BC3D89DF80030F3
:10D6B0009A0751D506F5D95005A9183005F022FD75
:10D6C0000146002850D1A37F03F00F03072B4FD052
:10D6D0000421204601F0FCF9FDF73DFE0299A0600F
:10D6E00004F10C00EEF7BEF9029B6361039B23611A
:10D6F000EB689DF80010A3612046F5F7DDF8286877
:10D70000BDF8043023842830F7F746FC014604F1C5
:10D710002200F7F7AEFC049BA365BDF80630A4F821
:10D72000C0309DF80030DB074CBF96F83D3096F8CE
:10D730003E3084F8B7304FF0FF33C4F8B830BB80C8
:10D740009DF844100023DAB28A4216D218F803205A
:10D7500007F8012B0133F6E7224629463046FEF74B
:10D760002DFB0028A6D065E73046FFF749F8AAE769
:10D7700021463046FFF744F8AEE701232B752946D2
:10D780003046FDF78DFA7378022B09D011D9033B8F
:10D79000012B3FF64FAF21463046FFF74FFE49E7DA
:10D7A0002046042101F094F903213046FFF782FB63
:10D7B00040E7FEE715B30100A48A00204888002056
:10D7C00074880020F0B50C698BB0002706460D4622
:10D7D0008DF824708CB1A38BC3F308036BB1574B46
:10D7E0009C420AD303F5C8539C4206D2286807A975
:10D7F000FBF7FFFD18B117286AD00BB0F0BD04F19C
:10D80000B80107A800F00EFE0028F6D028680DF138
:10D810000602002108F05DFB002861D01728ECD13A
:10D8200028680DF10502112108F041FB002861D0A4
:10D830001728E2D1286803AA052108F05CFB00281C
:10D840005DD01728D9D1286804AA082108F053FB15
:10D8500000285CD01728D0D1286802AA022108F03D
:10D860004AFB002856D01728C7D1286805AA1B21D3
:10D8700008F02FFB002850D01728BED12246294699
:10D880003046FEF79BFA08B11728B6D1286805A9DB
:10D89000FBF7DFFD002845D01728AED121463046E2
:10D8A000FFF7A8FDFDF757FDA0602868EB68A361AE
:10D8B0002830F7F771FB014604F12200F7F7D9FB96
:10D8C0009DF82430002B0CBF022301232B7594E715
:10D8D000A37F03F00F03072B8FD18DF8247095E7FA
:10D8E000BDF80620A38B9A429AD021463046FEF717
:10D8F00087FF82E79DF80530012B9BD1F5E703995F
:10D9000004F10C00EEF7AEF8039B63619BE7049B08
:10D910002361A1E7029BA365A7E7BDF81430A4F833
:10D92000C030ABE72046FDF71AFD20B99DF819304D
:10D9300084F8B730B2E79DF81A30F9E7D88D0020A7
:10D94000032100F50C70F5F717BB000013B5012299
:10D95000044607496846F5F787FA009931B1204631
:10D96000FEF74EFF6846F5F74FFAF6E702B010BD36
:10D9700008350020F0B542F220260D46815D6FF398
:10D980004101815587B004464BBB45B33AB305F11D
:10D99000350323F001035B78442B20D10DF1010204
:10D9A0000421284608F083FAC8B99DF80130DBB19C
:10D9B000A35D43F00403A35542F22223E35C3E2B14
:10D9C0000DD82046FFF7BCFF10B12046FFF7BEFF81
:10D9D00042F221223F23A35442F22222A3542046A2
:10D9E000FAF71AFC07B0F0BD0DF102020221284639
:10D9F00008F06FFA0028F2D103AB0B22072128466A
:10DA0000BDF8027008F0D3F90028E8D19DF80D3078
:10DA1000082BE4D942F22123BE0AE65442F2222323
:10DA200004F5D955E65407F47C4118352046FEF735
:10DA3000CDFF284604F0F0FD9DF80E100DF10F0209
:10DA4000284605F0DDF83146284604F007FF034676
:10DA50000028C4D0234A92E8030083E80300184654
:10DA600004F0B7FDB4F85C102846890A04F0F6FE0D
:10DA700006460028B3D004F14007394604F078FD8B
:10DA80000721304601F024F8304604F0A2FD284674
:10DA900005F09EF80F280BD9284604F05DFF00B969
:10DAA000FEE7B4F85C1094F87220890A04F07AFD5D
:10DAB000B4F86030032B03D839462046FDF7D4FD77
:10DAC0002046FDF78AFD0849022201A8F5F7CCF9A6
:10DAD0000199002983D02046FFF7B0FC01A8F5F793
:10DAE00093F9F5E78889002008350020FFF742BF49
:10DAF0008B1CDBB2032B9DBF42F23123C1540020AB
:10DB00000720704737B500250D600C46FAF7E3FA99
:10DB1000B8B12A460D496846F5F7A6F91725009AC7
:10DB200082B1937FC3F3031313F0020305D1926D07
:10DB30002168914238BF22601D466846F5F764F9B6
:10DB4000EDE70D25284603B030BD00BF08350020A5
:10DB500010B5044641780020EAF7EEFD0130207050
:10DB600010BD38B50446FAF7B6FA80B12046FDF785
:10DB700089FC60B942F22E256019635D3BB9FFF75D
:10DB8000E7FF6378042B02BF635D0A33635538BD3A
:10DB900038B583789B0705460C4600D441BB42F25A
:10DBA0002022AB5C03F00101A14201D1002020E062
:10DBB00064F30003AB546B78022B08D0033B012BBA
:10DBC000F4D8002CF2D12846FBF790FFEEE724B101
:10DBD00005F508502E30FFF7BBFF42F22023054A1F
:10DBE000E85C45F24C43D15C60F30411D154DDE7AD
:10DBF0001B2038BD0835002070B542F220260446AF
:10DC0000835D6FF38203835500F508502E300D4677
:10DC1000FFF79EFF2046FDF773FC3648012107F011
:10DC2000A3FFA35DDB0706D5334945F24C428B5C6D
:10DC300043F010038B543148F2F7ECF842F2222300
:10DC4000E35C3E2B17D8042D15D8DFE805F0332907
:10DC50003F0333002046FFF775F92046FFF770FEBB
:10DC600010B12046FFF772FE42F221223F23A35457
:10DC700042F22222A35442F21D23E25C42F2BC1380
:10DC8000E35C9A420BD842F22223E35C3E2B2AD972
:10DC900042F221223F23A35442F22222A35470BD18
:10DCA0002046FFF74DFE0028E5D003212046FFF770
:10DCB00001F9E0E7228B4FF6FF739A4206D0204627
:10DCC000FFF73EFE10B12046FFF740FE2046FFF76B
:10DCD00037FE0028CFD042F22423E258A36B9A42A9
:10DCE000C9D00421E2E72046FFF72AFE0028CFD062
:10DCF000D5E700BF58350020083500208486002075
:10DD00002DE9F04F0446086895B028300E461746B6
:10DD10009846F7F741F90146A848ECF7ADFC01A990
:10DD200082463068FBF755FE28B1172840F0418144
:10DD300000238DF80530D8F80020A36B9A424FD00D
:10DD4000BAF1090F40F2378101A800F09CFAF8B14E
:10DD500042F22D23E35CDBB142F22823E258D8F8EB
:10DD600000309A4214D142F22C239DF80620E35C45
:10DD70009B1A1B060CD40225316929B18B8BBB423F
:10DD800002D02046FEF73CFD284615B0BDE8F08FD6
:10DD90006378022B06D1326904F140039A4201D123
:10DDA0000025E9E701A800F06EFA054638B10DF14B
:10DDB000070000F005FB01288CBF00250125204647
:10DDC000FDF76DFE04F13803024641462846FDF793
:10DDD0007BFE0028CFDD02212046FBF719FECAE7B3
:10DDE00094F83F2098F807309A420BD03069FDF73D
:10DDF000AAFA0028D4D06378022BD1D02046FBF7B2
:10DE000075FEB8E7C7F30803002BC9D101A800F0DD
:10DE10003AFA0028C4D030694FEAA72B4FEA972876
:10DE2000FDF791FA80B96378022B61D1336904F16F
:10DE30004005AB4233D1B4F85C30BB4215D020462C
:10DE4000FBF754FE102597E704F5D95001A91830C7
:10DE500004F0D6FB0028E6D0324601A92046FDF7A3
:10DE6000BBFD05460028DED086E742F22E23E018EF
:10DE7000E35C4BB942F21D23E25C42F2BC13E35C6B
:10DE80009A4201D9FFF764FE04F5D950424601A930
:10DE9000183004F0EDFFFDF75EFAA86080E704F5A6
:10DEA000D95909F118094146484604F0D7FC0546FE
:10DEB00000283FF475AF837F03F00D03052BEAD0F4
:10DEC0000121484604F062FD42F23023E35C8342C4
:10DED000E1D9324629462046FAF78EFA284605212E
:10DEE00000F0F6FD29462046FDF7BEFB042543E77A
:10DEF000032B0AD101AA41462046FFF724FA20B19C
:10DF000004F508502E30FFF723FE04F5D95909F126
:10DF100018094146484604F0A1FC054600283FF494
:10DF20003FAF837F03F00F03072B2DD032691046DC
:10DF3000FDF709FA40B3224B9A4225D303F5C853A3
:10DF40009A4221D29446BCE80F00AE46AEE80F00DC
:10DF5000BCE80F00AEE80F009CE80F008EE80F0051
:10DF6000AB7F4FEA8B2B43F0F003AB772A460321BC
:10DF700004F17400A5F81CB000F0D0FF3369AA8B3F
:10DF8000998B1048F3F78AFDAB7F03F00D03052B47
:10DF900006D042F21023E35C13B9BAF1090F98D806
:10DFA000FDF7D9F94246A86001A9484604F07EFE73
:10DFB000F6E60625E0E62225DEE600BF54890020CD
:10DFC000D88D002068AE0020037833B1013BDBB26E
:10DFD0000370B3FA83F04009704718467047000099
:10DFE0002DE9F04383789B0785B0044606D4964814
:10DFF000012107F0D1FD05B0BDE8F08342F2102207
:10E00000835C0BB1013B835442F22D22A35C0BB124
:10E01000013BA35404F508502E30FFF7D5FF637879
:10E020000546042B62D8DFE803F0030410385F00D4
:10E03000FEE742F21023E35C002B57D1A37B002BB9
:10E0400054D12046FBF752FDD5E730B342F21D23F1
:10E05000E25C42F2BC13E35C9A421AD92046FDF717
:10E0600051FDB0B102212046FEF724FFD4F808523A
:10E0700004F500739D42BED12046FDF7AEFA4FF67F
:10E08000FF730093714A724B0121284608F03DF856
:10E09000B1E72046FAF7C0F8E8E742F2BC13E35CC8
:10E0A00013B304F5D950183004F05EFC42F21C237F
:10E0B000E35C984203D301212046FBF7A9FCADB1F4
:10E0C00042F21E23E25C42F2BC13E35C9A4203D2AA
:10E0D00003212046FBF79CFC2046FDF7D3F928B925
:10E0E0002046FBF703FD01E0002DF5D15949DFF88B
:10E0F0007481052202A8F4F7B7FE4FF47A77029DE7
:10E10000002D44D0AB7F03F00F03072B2ED8DFE8A0
:10E1100003F02905050429040505FEE7AE6D7E43DD
:10E1200095F84030DB0913D0B5F8483083B1FDF7DE
:10E1300012F9EB6CC01A6B6C7B43984208D395F8CC
:10E1400040306FF3C71385F840304046F5F736F995
:10E15000FDF701F9AB68C01A864209D82946204666
:10E16000FEF74EFB02A8F4F74FFEC8E70026D7E7FC
:10E170002046F9F7B0FF0028F4D0AB7F03F00F037F
:10E18000012BEFD129462046FDF7D4FFEAE7314BBA
:10E19000314DDFF8D49047F6540204F5D9589E5C0F
:10E1A000342202FB063606F5E346543608F1180819
:10E1B000B5423FD0AA8B238A9A4204D1FDF7CBF80F
:10E1C000A8603435F4E7FDF7C6F8AB68C71AAB7F33
:10E1D00003F00F03072B20D1204B9F4216D8637802
:10E1E000042BEED12946404604F097FB0028E8D1E5
:10E1F0002946404604F0E2FB0F28E2D94F45E0D91A
:10E20000A98B4046890A04F03BFBDAE7144B9F4296
:10E21000294620460BD8FDF727FAAB7F03F00F0302
:10E22000052BDCD1B7F5FA6FD9D329462046FEF786
:10E23000E7FAC6E704F5D950183004F00DFF204680
:10E24000FEF712F8D7E600BF5835002090B208005C
:10E25000F09C090008350020DCA600209F86010004
:10E26000579201000C8B00208F5F0100092303707F
:10E27000002148234370C0F80310C0F807103F2264
:10E280000B302EF073BF10B54378082B044601D82D
:10E29000002010BD033000F093F82028F8D86378F0
:10E2A000093BDBB298428CBF00200120F1E7022934
:10E2B00007D0032909D001290AD1437901334371D9
:10E2C00070470379013303717047C3780133C3701A
:10E2D00070478078800907F05FBB10B50446084698
:10E2E00007F052FB8001A07010BD002349BA0370F3
:10E2F000A0F80110704703784BB9B0F8010040BA9C
:10E300000B3880B20F288CBF0020012070470020FE
:10E31000704703780A78C3F3C00363F300020A70FE
:10E3200002780B78C2F3400262F341030B7002786B
:10E3300062F382030B7070470A7812F0010F02F04B
:10E340000201C2F3800214BF082300230A431343CF
:10E3500043F004030370704700220121A0F801205C
:10E3600001708270704790F902306FF00F02934293
:10E37000B8BF1346102BA8BF10238370704700004E
:10E380004178027810B5CC0715D511F0020F14BFF3
:10E3900048234123032A9FBF084CA45C1B19DBB20E
:10E3A000490704D51AB1032A1CBF043BDBB28078AD
:10E3B0001844C0B210BD4023ECE700BF1C16050096
:10E3C00030B5411EC31D002099420BD011F8012F1A
:10E3D0000024E5B2013412B1551E2A40F9E7284461
:10E3E000C0B2F1E730BD0821EAF7F4BD37B5044605
:10E3F00000231068019023720D4601A8082107F040
:10E40000BDFABDF80630032B0AD9224601A92846D9
:10E41000E9F716FD10B9BDF80630237203B030BD20
:10E420000620FBE708B5027A082A05D12EF068FE1F
:10E43000B0FA80F0400908BD0020FCE704289ABF2C
:10E44000024B53F820000248704700BF0816050031
:10E45000F5150500837F13F00F0304D0008C831E95
:10E46000584258417047184670478179002262F33C
:10E4700000010260828081717047000037B5084654
:10E480000C461546F0F7AAFF00B9FEE7094900223D
:10E490006846F4F7E9FC009848B1854203D021466C
:10E4A000F4F7D6FA18B96846F4F7AEFCF3E703B010
:10E4B00030BD00BF083500208388062123B90368DA
:10E4C00013B9034807F068BB014807F04DBB00BF14
:10E4D000583500202DE9F0478EB08A4616460021B7
:10E4E000262204A898462EF041FE4FF2BF03304F7B
:10E4F000ADF8323047F6A473B946FA5A4FF6FE73B8
:10E500009A4251D02B48272106F06AF80546002888
:10E510004CD00E233601022203A98DF80C308DF861
:10E520000D60E9F7E3FC0446002836D13246514637
:10E530002846E9F7DBFC044678BBB8F1000F00D0B1
:10E54000FEE745F29A63FB5C9B0711D41A48FFF77C
:10E5500081FF68B119480DF10B01E9F743F9044651
:10E56000D8B99DF80B10164808AAF9F72EFF07E056
:10E5700047F6A473134939F8032008A8F0F7E1FE21
:10E5800004A804F015FF179B00930A48169B04AAE1
:10E59000294606F09DFC044610B12846E9F77BFBAE
:10E5A00020460EB0BDE8F0870D24F9E70324F7E715
:10E5B0000835002028870020E08B0020ACB4002024
:10E5C000A08B0020288D0020F7B51E4606230D469F
:10E5D00017461370044608B919B90624204603B03B
:10E5E000F0BD01F1350323F001035B78442BF4D136
:10E5F0000421284607F05BFC04460028EED101AA5E
:10E600000E21284607F0DBFBE8B9BDF806301A07F3
:10E61000E3D1FF2BE1D8BDF8062096F8F03092B197
:10E620000F2B1CBF5A1C86F8F02001A914BF06EB63
:10E630000312002210232846E9F702FC102101A84A
:10E6400007F091F9E7E796F8F0301BB13B78002B23
:10E65000C4D1C2E71C46C1E72DE9F3410E46174677
:10E66000134900226846F4F7FFFB009DE5B195F8D9
:10E67000B48005F1640404EB0818444510D020462A
:10E68000F0F7ACFE50B129462046F4F7BBF8B04293
:10E6900004D12A4639462046F4F7D3F81034ECE783
:10E6A0006846F4F7B1FBE0E702B0BDE8F08100BFD7
:10E6B000083500207FB51C4D45F29A620446AA5CDD
:10E6C00093070E4603D41948FFF7C4FEB8B147F6C6
:10E6D000A473EA5A4FF6FE739A4210D0144801A967
:10E6E000E9F774F896B90299B1F5967F38BF4FF4FF
:10E6F0009671480801300939EAF73EF80EE0002328
:10E7000023602046FFF7D8FE04B070BDBDF80610A8
:10E7100001294FF0010001D9EAF71EF823680BB177
:10E720008342EED92060ECE708350020E08B002022
:10E73000ACB400204B0708D5044A45F29963D35C7A
:10E74000022B02D10121FFF7B5BF70470835002029
:10E7500001F0FD014B1E59425941FFF7ABBFF8B51F
:10E7600090F8F0500F4600EB05150446AC422646E3
:10E7700009D02046102239462EF0C2FC1034002861
:10E78000F4D13046F8BD0026FBE7000083792DE97F
:10E79000F3411646DA070F4600D4FEE76FF3000395
:10E7A00083711A4900226846F4F75EFB009D4DB361
:10E7B00095F8B48005F1640404EB0818A0451DD059
:10E7C0002046F0F70BFEA8B129462046F4F71AF8C8
:10E7D00001280FD187B996F8F01039B1214630469B
:10E7E000FFF7BDFF00280CBF022100212A4620466A
:10E7F000F4F727F81034E1E70221F7E76846F4F769
:10E8000003FBD3E702B0BDE8F08100BF083500206C
:10E8100038B505460C46FFF7A2FF88B995F8F00019
:10E820000F280DD0431C85F8F030214605EB00156C
:10E8300004F1100351F8042B45F8042B9942F9D147
:10E8400038BD00002DE9F041C2B000238DF804313D
:10E850008379DA07054663D43A48F9F735FC00288E
:10E860006BD0394F45F29A63FB5C9B0704D4374861
:10E87000FFF7F0FD002860D047F6A473FA5A4FF670
:10E88000FE739A4259D03049002203A8F4F7ECFAFB
:10E89000039E9DF8042146B30F2A27D096F8B53081
:10E8A000FBB196F8B48006F1640404EB0818444503
:10E8B00017D02046F0F792FD88B19DF804310F2B58
:10E8C0000FD031462046F3F79DFF40B9214605A8F9
:10E8D000FFF79EFF324601212046F3F7B2FF1034C6
:10E8E000E5E703A8F4F790FAD2E742B3184B009398
:10E8F0000195002305A92846FFF7ECFD044680B9E1
:10E90000AB7943F00103AB7145F29A63F95C11F006
:10E91000080102D10F48EBF7BDF842B0BDE8F08125
:10E920000524002201212846FFF796FE032CF4D18E
:10E930000121284600F010F8EFE70D24F1E7172435
:10E94000EFE700BFA08B002008350020E08B0020FF
:10E95000F5E90100808B00208379DB0710B50446C0
:10E9600002D583887BB1FEE739B98180FFF76AFF62
:10E970002046BDE81040FFF79FBD83880BB1994248
:10E98000F6D2A180F4E710BD30B5C3B005461846F5
:10E9900000238DF804310DF1070205ABFFF714FEDB
:10E9A0009DF807100143C9B2B1FA81F10446490943
:10E9B00005AA2846FFF7EAFE9DF80710214311F04B
:10E9C000FF0104D12846FFF7C7FF43B030BD084818
:10E9D00002A9E8F7FBFE0028F7D1BDF80A100129CB
:10E9E00004D90120E9F7B8FE0146EBE70121E9E788
:10E9F000ACB40020FFF7C8BF10B5002204460221C6
:10EA0000FFF72AFE20460021FFF7A6FF204600213F
:10EA1000BDE81040FFF74EBE2DE9F0478B7F03F0B5
:10EA20000F03072B07460D46164622D191F8B480F6
:10EA300001F1640404EB081844451AD02046F0F7AD
:10EA4000CDFCA0B196F850A0B14606EB0A1ACA4513
:10EA50001CD04846102221462EF052FB09F1100925
:10EA60000028F4D102212A462046F3F7EAFE1034AA
:10EA7000E2E795F8B53093B105210120E9F76CFE86
:10EA800001463846BDE8F047FFF766BF21462A46F3
:10EA90003846FFF7F3FC01460028E3D1E3E7BDE881
:10EAA000F087838810B504462BB1013B9BB283806D
:10EAB0000BB9FFF7C7FE23682BB1013B236013B9E5
:10EAC0002046FFF799FF2046BDE81040FFF7F4BC51
:10EAD00010B5837F03F00F028A4204460FD061F322
:10EAE0000303837703F00F03072B08D10448EAF7E9
:10EAF00017F94FF47A7200232EF036F9E06210BD58
:10EB00001C35002010B5837F03F00F03072B04464C
:10EB10000AD10648EAF704F900234FF47A722EF07E
:10EB200023F9E36AC01A10BD0020FCE71C35002061
:10EB300070B50D462822002104462EF017FB6968A7
:10EB40002868234603C3E6F7B8FEAB68C01A4FF443
:10EB50007A73B0FBF3F0AB8BA060238205F10C005D
:10EB6000ECF77EFF60612B69A36105F1220695F841
:10EB7000243023773046F6F70FFA607795F9253081
:10EB8000A3773046F6F73CFAE077EB8C23842B8DA5
:10EB90006384AB7F94F82620DB0963F3000284F8DA
:10EBA0002620AB7FD2B2C3F3401363F3410284F853
:10EBB0002620AB7FD2B21B0963F3820284F82620A1
:10EBC0002B8CA3842846FFF79DFFE06070BD0021D9
:10EBD000FFF77EBF807F00F00F00012806D00C30C9
:10EBE00000F00F0003288CBF00200120704708B5FB
:10EBF00007292ED8DFE801F0060E11161A21270486
:10EC0000012008BD807F00F00F00072814BF0020FE
:10EC10000120F6E7EAF71AFDF3E7807F00F00F0026
:10EC20000428F3E7BDE80840FFF7D4BF837F13F063
:10EC30000F0F0CBF01200020E3E7807F10F00F00D2
:10EC400018BF0120DDE7EAF701FD80F00100C0B246
:10EC5000D7E70020D5E738B50C46054601782046B1
:10EC6000FFF7C5FF88B16B884FF6FE72934202D062
:10EC7000A28B9A420AD16B683BB108222146184602
:10EC80002EF03EFAB0FA80F0400938BD0020FCE7D3
:10EC9000002202607047000010B50C46204607496C
:10ECA000FFF7D9FF40B906492046FFF7D4FF0028F7
:10ECB000034808BF002010BD0048FCE7E08B00209F
:10ECC000248C002007B54FF6FE73019169468DF83C
:10ECD0000020ADF80230FFF7DFFF03B05DF804FB62
:10ECE00010B506480C46F4F7EFF828B92146044859
:10ECF000BDE8104004F0E8B910BD00BFD08D002081
:10ED0000D8A6002013B504460A480191F9F7E3F9A3
:10ED1000019928B9204602B0BDE81040FFF7BCBFFA
:10ED200020460191FFF7DCFF01990028F2D002B0E4
:10ED300010BD00BFA08B00204FF6FD73994207B5B0
:10ED40004FF000030AD8ADF8021069468DF8002094
:10ED50000193FFF7D7FF03B05DF804FB1846FAE70D
:10ED600007B54FF6FE73019169468DF80020ADF8A6
:10ED70000230FFF7C7FF03B05DF804FB0B7A012BED
:10ED800007B50CD10B880021019169468DF8002050
:10ED9000ADF80230FFF7B6FF03B05DF804FB022BBD
:10EDA00018BF00214FF6FE73EEE7000070B586B085
:10EDB0000646002308460C4615468DF81430F0F739
:10EDC00005FA20B103A904F10800F0F794F91C48F2
:10EDD0002146FBF73FFB30B1E3895BBAADF80C305D
:10EDE00001238DF814309DF81430BBB1012B03D1F1
:10EDF000BDF80C20002304E0022B4FF6FE72F9D17F
:10EE000003AB01A930468DF80450ADF806200293FB
:10EE1000FFF778FF0546284606B070BD09492A4627
:10EE200001A8F4F721F8019D002DF4D021462846D1
:10EE3000F3F790FE0028EED101A8F3F7E5FFF2E723
:10EE4000A08B002008350020054A45F29963D35C69
:10EE5000022B02D1034804F03CB90020704700BFE8
:10EE600008350020D8A600201FB50246086849686A
:10EE700001AB03C3022301A910468DF80C30FFF744
:10EE8000E3FF05B05DF804FBF8B5B1F90040002CD4
:10EE90000D4616461BDB1F4FA4B221463846F4F739
:10EEA0000AF8014690B1837F03F00F030134072B6A
:10EEB00024B2F1D13046FFF73BFE96F8263043F0FE
:10EEC000080386F826302C800020F8BD28802C8886
:10EED000114F644224B23E2C18DCE1B2384603F0F4
:10EEE000BDFC014678B1837F03F00F03072B0AD1E5
:10EEF0003046FFF71DFE96F826306FF3C30386F801
:10EF00002630E443DFE7013424B2E4E764422C8096
:10EF10001720DAE7D08D0020D8A6002070B503684E
:10EF20008EB006460C46154653B11D4B0093022980
:10EF30000ED9CB1E012B18D9336869462046984755
:10EF4000012C1DD016D9033C012C24D90EB070BD64
:10EF5000144B9A4208D303F5C8539A4204D211467F
:10EF600002A8F3F7D9FBE7E7FEE7114602A8FFF78F
:10EF7000DFFDE1E70C484FF48061E9F727FBE5E7A7
:10EF800009484FF40061E9F721FB084802222946AD
:10EF9000F4F712FFDAE7064804F07CF8D6E700BF82
:10EFA00008350020D88D002030350020D4B4002052
:10EFB000D8A6002090F90230002B04DAC078022392
:10EFC0001844C0B27047C0790623F9E72DE9F04F25
:10EFD000814685B00D4690461C464FF6FF7A4FF0AD
:10EFE000000BD9F800002F7899F80410C6190144D5
:10EFF000B21C9142C0F0D1807378023333449942FD
:10F00000C0F0CB80C35D5B10012B0ED0052B5FD011
:10F01000D9F8002017447B7885F801B002331F44EB
:10F02000BF1A2F7085F802B0DBE7236823B9636845
:10F0300013B9E368002BEBD0F178073106EBD1016F
:10F0400004316A7873780A4402333344901C834253
:10F05000DED392F801C00CF1020C94446345D7D37F
:10F0600033785B10012B029371D113785B10022B64
:10F0700038D0032B5CD0002B40F087806368002BD6
:10F0800000F08380AB7803F1010C85F802C092F8A0
:10F0900001C04FF0030EBCFBFEFC9C4575D903EB91
:10F0A0004303D045034407D0B3F800C09CFA9CFC4E
:10F0B0001FFA8CFCC445E5D100250093C4E9025534
:10F0C0001346374960682560324602F0B3FA2AE0F9
:10F0D000A3680292002B9BD03046FFF76BFF029A89
:10F0E0001118AEE72368002B4FD0AB7803F1010C69
:10F0F00085F802C092F801C0B3EB9C0F45D2D04511
:10F1000000EB830307D0B3F800C09CFA9CFC1FFA05
:10F110008CFCC445E9D10025C4E901552068E560AF
:10F12000314602F055FA2B46184605B0BDE8F08F7F
:10F13000E06850B3AB7843BBC4E90033A360314609
:10F14000039302F0E3FA029BAB70039BECE7A06829
:10F15000D8B113785B10062B17D1AB78ABB9D0457B
:10F1600007D0B2F802C09CFA9CFC1FFA8CFCC44584
:10F170000BD10021C4E90011E1603146029302F095
:10F1800097FA0122029BAA70CEE7537885F802B065
:10F1900002331A44521A6A7053E71723C4E700BFB8
:10F1A000083500201FB500930023CDE901330393F8
:10F1B0006B46FFF70BFF05B05DF804FB13464FF6F7
:10F1C000FF72FFF7EFBF1FB50024CDE900436B4688
:10F1D000CDE90244FFF7FAFE04B010BD13464FF626
:10F1E000FF72FFF7F0BF1FB50024CDE902346B4674
:10F1F000CDE90044FFF7EAFE04B010BD13464FF618
:10F20000FF72FFF7F0BF1FB50023CDE90232CDE951
:10F2100000334FF6FF726B46FFF7D8FE05B05DF87E
:10F2200004FBF7B51546037902681344CDE90023C2
:10F23000EF1D0E46FF080121684602F076F90446EC
:10F2400050B1C378AB42F6D13A4631460430EFF7BD
:10F25000CFFEE3788342EED8204603B0F0BD38B548
:10F26000154690F90220002A044610DBD0F803204E
:10F2700012BA914209D1E27908300EE029798A4226
:10F2800003D30A46014628680FE0002012E04AF640
:10F29000AA729142F9D1E278201D002BEED0012B09
:10F2A000F3D12B799342F0D129682DF029FFB0FAE0
:10F2B00080F0400938BDF7B516461F46026803794D
:10F2C0001344CDE900230D460521684602F02DF9CF
:10F2D000044630B13B4632462946FFF7C0FF0028BE
:10F2E000F2D0204603B0F0BD37B5054608462C687D
:10F2F00011461A462B7930B14578023528441C4412
:10F30000241AE3B204468DF8043068469DF818309C
:10F310000094FFF7D0FF03B030BD07B5009313464C
:10F320004AF6AA72FFF7E0FF03B05DF804FB012A7A
:10F3300030B50FD0022A12D091F8AA200B4601EB6B
:10F3400042049C421D460FD02D88854203F10203E2
:10F35000F7D103E0C0F30803002BEDD030BDC0F3BC
:10F360000803002BE8D1F9E7552AF7D0531C81F8A0
:10F37000AA3021F81200F1E72DE9F0471C46ADF55F
:10F38000127D002380460E461546009384F8AA306D
:10F3900005AF00230DF12C0A0DF1440904934FF63B
:10F3A000FF7201AB694640460197CDF808A0CDF841
:10F3B0000C90FFF70BFE10BB019B7BB1012E07D118
:10F3C0007B7CDA09E5D05A0602D4BB7C5B07E0D52A
:10F3D000B88A2A462146FFF7AAFFDAE7029B23B143
:10F3E000BAF812002A462146F5E7039B002BD0D03D
:10F3F000002ECED1B9F800022A462146EBE70DF5E2
:10F40000127DBDE8F08700B5ADB000230A468DF847
:10F41000AE30012101ABFFF7AFFF9DF8AE002DB07C
:10F420005DF804FB10B514460A7CFFF7FAFE18B12C
:10F4300083782370002010BD1720FCE70279437900
:10F4400011449942DDBF036801719B1800231846DF
:10F45000704770B5044615462279637956199E4265
:10F4600008460EDC23688B420BD89E18B14208D8A0
:10F47000CB1AD21A28442DF05FFE2279154425714B
:10F4800070BDFEE738B5044615462279AA42084603
:10F490000ED3236899420BD3134429448B4207D3DC
:10F4A0005B1ADAB22DF048FE2279551B257138BD62
:10F4B000FEE74A780232D2B2FFF7E4BFF8B506465B
:10F4C00008460C46FFF776FDA51C05446778BB1C73
:10F4D00023449D4219D22B786F78DA070CD55B1044
:10F4E000062B06D1A37803F00F03A3F57C735BBA58
:10F4F0006B80BB1C1D44E9E729463046FFF7D9FF66
:10F500006378023BDB1B6370E0E72046FFF752FDA8
:10F510003B1A58425841F8BD2DE9F843CC782E4F9C
:10F52000073401EBD4040546884604344FF0FF3617
:10F5300098F80100831C43449C4242D22378DA07A6
:10F5400031D55B101ED0022B29D10321404601F09A
:10F55000A5FFA11C0A466378043B0B449A421ED8BF
:10F5600053885BBA03F440634BB140B1837803F036
:10F570000F033B435BBA9BB222F8043BEBE74FF629
:10F58000FF63F9E7A11C0B466FF001006278033AB4
:10F590000A44934203D81E7058700333F6E7637829
:10F5A00002331C44C4E72146284694F80190FFF733
:10F5B00080FF98F80130023BA3EB090388F8013083
:10F5C000B6E798F803300733A0EBD300C0B2831E30
:10F5D00058425841BDE8F88300FCFFFF38B5046885
:10F5E00005462A792B6813449C421DD223785A1071
:10F5F000012A06D0052A0ED003F0010383F0010092
:10F6000003E021462846FFF787FF48B121462846F8
:10F61000FFF74FFFE5E721462846FFF74FFFF4E7E6
:10F62000637802331C44DCE738BD70B514460279B8
:10F630006379934205460E460CD3016820682DF08D
:10F640006DFD2B792371012E02D12046FFF7C6FFF5
:10F65000002000E0032070BD13B5009200221C467C
:10F660008DF804201B788DF805306A46FFF7DDFF22
:10F6700010B99DF80430237002B010BD408840BA24
:10F68000C0F3402070470000014801F09FBC00BF5C
:10F690008CB2002010B54B78CC78023307340B4481
:10F6A00001EBD4010431C0E9001310BD2DE9F04194
:10F6B000ADF5027D1E460023074688461546009399
:10F6C00001AA69463846FFF799FD0446E8B9029B4E
:10F6D0004345F5D12B799DF80C209A42F0D128684A
:10F6E0000DF10D012DF00CFD0028E9D19DF80A3136
:10F6F00003F00103B342E3D1889B9DF804201A7004
:10F7000020460DF5027DBDE8F0811724F8E7F0B53D
:10F7100089B0002307460E460193172402AA01A9C7
:10F720003846FFF75BFD50BB9DF81C305A07F5D5F6
:10F730009DF81800EFF78EFC0028EFD0172C09D1A8
:10F7400002AD0FCD34460FC495E8030084E80300F2
:10F750000024E3E79DF81C30307D43F3010140F3C2
:10F76000010249B252B29142EADC43409B07D5D133
:10F77000314602A8EFF751FC0028E1D1CEE7204640
:10F7800009B0F0BD37B503680D46B2B1517802310A
:10F790000A4401790B44CDE900230121684601F0B8
:10F7A000C4FE044630B1C278011D2846EFF78DFD36
:10F7B0000028F2D0204603B030BD1A46E9E773B501
:10F7C0001546037902681344CDE900230E46012152
:10F7D000684601F0AAFE044650B1032101F05EFE26
:10F7E0000028F4D0837803F00F039E42EFD1286005
:10F7F000204602B070BD000010B50C4640220549FD
:10F800002046EFF7D6FB002363740123A374E3744F
:10F8100010BD00BF288D00202DE9F84300230746C6
:10F8200013741A4888461446FAF70CFE18B121469C
:10F830003846FFF7E1FF00254FF001092A4641460F
:10F840003846FFF79FFF0546C0B1032101F026FEB1
:10F8500006460028F2D0EA78237C9342EED2291D96
:10F860002046EFF7A6FBB37803F00F036374B37879
:10F8700084F81390C3F30013A374DFE7237C002BF9
:10F880000CBF17200020BDE8F88300BFA08B00202C
:10F8900037B514460D4629B91146FFF7ADFF284686
:10F8A00003B030BD01AAFFF78AFF88B1C278011DFD
:10F8B0002046EFF77EFB019A937803F00F03637401
:10F8C0009378C3F30013A3740123E3740025E6E7E0
:10F8D0001725E4E7F7B5064613480F46FAF7B2FDD9
:10F8E0000446E0B905462A4639463046FFF74AFF46
:10F8F0000546A0B101466846FFF7CCFE02216846E6
:10F9000001F013FE0028EED04278831C043A1A441A
:10F910009342F3D8598849BAC90503D50124204632
:10F9200003B0F0BD0433F3E7A08B002070B599421B
:10F93000BDF81040154618D12146104803F03CF997
:10F94000294606460D4803F037F9864210D1C5F323
:10F950000805C4F30803B5FA85F2B3FA83F3520934
:10F960005B099A4208D00DB103E002DD012070BDB1
:10F97000FCD84FF0FF30FAE70020F8E7D8A60020C7
:10F980007FB5054648880E4640BAC0F3813014461C
:10F9900006F002F8338803905BBA9AB2029260884C
:10F9A00040BAC0F3813005F0F7FF248864BAA4B2EE
:10F9B0000346DDE9022100942846FFF7B7FF04B0B3
:10F9C00070BD7FB50546887880090E46144605F05F
:10F9D000E3FF33880390A0785BBA9AB28009029261
:10F9E00005F0DAFF248864BAA4B20346DDE90221F7
:10F9F00000942846FFF79AFF04B070BD07B55388FE
:10FA000049885BBA9BB2009349BA00238AB219466F
:10FA1000FFF78CFF03B05DF804FB2DE9F04F87B0D2
:10FA2000002681468A46934601933546344622464F
:10FA300059464846FFF7A6FE044668B3C778014614
:10FA400004A8FFF727FEA3785345F0D10DB1BE42BD
:10FA5000EDD2002104A801F068FD80460028E6D020
:10FA6000831C194698F80120033A1A449142F0D8B1
:10FA70007DB1BE420DD32A46484603930291FFF75B
:10FA8000A0FF0299039B0028C4BF3E460D460331E8
:10FA9000E8E73E460D46FAE735B12B88019A5BBA96
:10FAA000138007B0BDE8F08F0420FAE72DE9F34793
:10FAB0008046684691461F46FFF7ECFD002502216F
:10FAC000684601F032FD0446B8B100F1020A56461C
:10FAD0006178043951448E42F1D83046C84740B16C
:10FAE0004DB12A4631464046FFF74AFF0028C8BFBD
:10FAF00035460436ECE73546FBE72DB12B885BBA7B
:10FB00003B8002B0BDE8F0870420FAE71346014AC3
:10FB1000FFF7CCBF7DF601002DE9F341054688468D
:10FB200017461E460024224641462846FFF72AFE75
:10FB30000446B8B1022101F0B1FC0028F3D0A1784D
:10FB400033463A462846FFF768FF18B9002002B04E
:10FB5000BDE8F081324621462846FFF7D7FF00284E
:10FB6000E1D1F3E708480DF10702414604F074FAC9
:10FB700038B99DF8071033463A462846FFF74DFF3F
:10FB8000E5E70420E3E700BFA487002003680179CC
:10FB900004221944184601F059BC07B50191FFF73A
:10FBA000F5FF38B14178019A023003B05DF804EBFB
:10FBB00006F023BA03B05DF804FB10B51446FFF756
:10FBC000ECFF58B14378012B0AD906F050F80278BF
:10FBD000437843EA02232380002010BD1720FCE76E
:10FBE0000620FAE773B505461C480E4604F043FDAF
:10FBF000044678B301AA0D21304606F0E0F8F0B9CA
:10FC0000BDF8063033B301230DF1030201A93046DC
:10FC1000E8F716F9012101A805F0A5FE9DF80310EB
:10FC20002846FFF7BAFF0028EAD0214606F021F85F
:10FC30000028E5D02046E8F72EF800240AE0284600
:10FC4000FFF7A4FF30B14278811C2046E8F74EF957
:10FC50000028EFD1204602B070BD00BF28870020E9
:10FC60000A460921FFF7A9BF0A460B21FFF7A5BFE6
:10FC70000A461221FFF7A1BF10B50C460821FFF775
:10FC80008CFF20B12146EEF790F8002010BD172020
:10FC9000FCE72DE9F0410C460546FFF777FF1A22F5
:10FCA0000646002120462DF061FA002E42D0214662
:10FCB0002846FFF7D5FF237EB0FA80F0400960F3B5
:10FCC00000032376A11C2846FFF7CEFF237EB0FA5F
:10FCD00080F0400960F34103237604F116012846C1
:10FCE000FFF7C6FF237EB0FA80F0400960F3C3033C
:10FCF00023762846211DFFF7BFFF237EB0FA80F050
:10FD0000400960F382032376B51C767801272E44E0
:10FD100040F20B48B5420DD22B78083BDBB20A2BE0
:10FD200004D807FA03F313EA080F05D1237E43F042
:10FD300010032376BDE8F081284605F087FF0544CF
:10FD4000E8E77FB501A9FFF797FF014640B901A891
:10FD5000EDF7EBFD80F00100C0B207B05DF804FBE9
:10FD60000020FAE730B587B00D4601A9FFF784FF00
:10FD7000044648B9294601A8EDF776FD002808BFDA
:10FD80001724204607B030BD0D24FAE71FB50446FE
:10FD9000084602A9EDF7DAFD01A902A8EDF793FDE7
:10FDA00001A92046FFF7DEFF04B010BD13B50446DD
:10FDB000084601A9EDF7ABFD01A92046FFF7D2FFE8
:10FDC00002B010BD90F806310279934238BF134655
:10FDD00080F806314FF400710148E8F7F7BB00BF27
:10FDE0003035002010B50446E8F79AFCE071E8F7DA
:10FDF00097FC0023A07123712046FFF7E3FF04F571
:10FE00008470BDE8104000F0D3BD000000F108038D
:10FE100010B503604FF47E43838000230446A0F8AE
:10FE2000063100F5847000F0BFFD064BC4F8483180
:10FE300004F5A4732046C4F85031FFF7D3FF2046E1
:10FE400010BD00BF89F601002DE9F84388460999E5
:10FE5000B1F80290B9F1FE0F044617461E4620D8AD
:10FE60000268098808984B46E7F7DFFF0546A8B9FE
:10FE7000012E84F8049084F80780A77102D12046EF
:10FE8000FFF7ACFB084A45F29963D35C042B02D11F
:10FE9000064801F00FF82046FFF794FF2846BDE81A
:10FEA000F8830625FAE700BF083500208CB2002051
:10FEB000408840BAC0F3C0107047408840BA00F490
:10FEC0004060003818BF0120704790F90230002BC5
:10FED000A6BFD0F8030000BA4AF6AA70704790F99E
:10FEE0000230002BB4BFC378C3790B71B4BF021DBD
:10FEF00000F108020A60704701230370437813B9C8
:10FF00000B7803F001034370704701290CBF0123F4
:10FF1000002380F8073105D14EF6602100F5A4706A
:10FF2000E8F756BE704711B1837901338371C37905
:10FF30000133C371FFF746BF0B7813B14978FFF760
:10FF4000F2BF7047044A45F29963D35C042B02D197
:10FF50000021FFF7E8BF704708350020044A45F24A
:10FF60009963D35C042B02D10121FFF7DCBF7047FA
:10FF70000835002030B585B0154603AA0446019324
:10FF8000FFF71DFC014630B1019B2A462046FFF7D2
:10FF90008DFD05B030BD0420FBE7000037B50E4DE8
:10FFA000019245F299642C5D042C12D190F807312E
:10FFB0007BB9FFF717FE044658B10146019A07487E
:10FFC00004F092FF28B1204603B0BDE83040E7F7C7
:10FFD00062BE03B030BD00BF083500202887002076
:10FFE00037B50D480193154604F045FB044680B132
:10FFF000019A102105F0DBFF28B907482A4621465F
:020000022000DC
:1000000004F072FF28B1204603B0BDE83040E7F7A6
:1000100042BE03B030BD00BF288700201AB1012ABC
:1000200005D000207047431A584258417047890A4A
:10003000B1EB902F0CBF0120002070472DE9F0415B
:100040004578C378023507330024054400EBD3001C
:10005000031DA44620462746AB4233D29A1C954244
:100060001AD393F801E00EF102061E44AE4213D8F3
:100070001A785FEA620817D0B8F1020F0ED112F0B9
:1000800001020DD044B91446BEF1040F04D15B88BF
:100090005BBA9BB28B4201D006201CE03346DBE703
:1000A0000028F9D10120EFE712F0010206D0BCF1DF
:1000B000000FF1D19446BEF1030FE7E7002FEBD11B
:1000C0000127F8E74CB950B9BCF1000F03D1002F5C
:1000D0000CBF06200020BDE8F0810020FBE7204691
:1000E000F9E770B54578023504460E460544FEF73B
:1000F00061FF023423180021AB4216D29A1C9542AC
:1001000018D35C78A21C1A44AA4213D8187840105D
:10011000062808D169B9012C0BD95B885BBA9BB260
:10012000B34206D101211346E6E700290CBF0620A1
:10013000002070BD0620FCE72DE9FF470468057923
:1001400006460F4625444AF6AA78AC4260D2336888
:100150000093E31A8DF80430A31C9D4229D36378E1
:1001600003F1020904EB0902954222D322785210CE
:10017000012A05D0052A1BD0637802331C44E4E72A
:10018000012B16D9E278D11DC910881C834210D3E7
:1001900010290EDC211D6846FFF743F848B939469F
:1001A0002046FFF74BFF0028E6D004B0BDE8F087FB
:1001B0000BB90620F9E794F902A0BAF1000FB4BF19
:1001C000022206229342F4D32046FFF77EFEBAF1C4
:1001D000000FB4BFE378E379404514BF042000204A
:1001E000034404339945E4D302A92046FFF777FE80
:1001F0002046FFF76AFE0123014602AA6846FFF780
:100200005AF80028D5D139462046FFF76AFFCAE7D9
:100210000020CAE770B50E4670B14578841C033DD6
:100220002544AC4207D80322314620462CF068FF13
:1002300018B10334F5E7002070BD0120FCE710B5CC
:10024000144640B10A46002101F036F92146BDE8C6
:100250001040FFF7DFBF10BD70B50E4670B1457896
:10026000841C043D2544AC4207D804223146204674
:100270002CF046FF18B10434F5E7002070BD0120D2
:10028000FCE710B5144640B10A46022101F014F90A
:100290002146BDE81040FFF7DFBF10BD37B50D4662
:1002A0000446E0B1FEF786FE63780233234402344D
:1002B0002044CDE90003AC1C2A78062102F001029B
:1002C000684601F03FF950B143786A789A42F3D119
:1002D000214602302CF014FF0028EDD1012003B09C
:1002E00030BD10B54C7802340C4494420B4606D114
:1002F000FFF7DFF8002010BD517802310A44A24216
:1003000008D21178C907F7D51A7842F001021A709D
:100310000120F0E71A7822F00102F8E7CB780733E2
:1003200001EBD3020432FFF7DCBF13B504460846E5
:100330000191FEF73FFE01998A1C0244204602B05B
:10034000BDE81040FFF7CDBF2DE9F04788461546C0
:1003500018F8022B06468A4602F0010200212846C0
:10036000994601F0A9F80446D8B933797279053372
:100370009A4202DA0320BDE8F0876F780237EC1961
:10038000022221463046FFF764F86B7802336B7027
:100390000023EB5563709AF80030DB0744BF01235C
:1003A000EB5541462046FFF735FFF0B933797279B6
:1003B00003339342DEDC617802310322214430466C
:1003C000FFF747F86378033363706B7803336B7020
:1003D0006278B8F800302244214622F8013C98F8AF
:1003E000023053704846FFF787FD0020C3E72DE930
:1003F000F84F2DED028B0746104608EE103A4E7866
:100400000D461446FFF74AFF814698BB3B79B21C64
:100410005FFA82FA53FA82F27B799A422FDC637890
:1004200095F801B003F1020804EB08065246314684
:100430003846FFF70EF86A8886F801900C2104F818
:1004400008107280ABF10202D2B2291D301D2CF0CF
:1004500065FE86F801B02A78D30744BF0D2204F860
:10046000082063789A4418EE100A84F801A03146F7
:10047000FFF742FD0020BDEC028BBDE8F88F0320A2
:10048000F9E713B5026803791344CDE900230C465C
:100490000521684601F049F820B1837803F00F0385
:1004A0009C42F5D102B010BDF7B51039C9B206466D
:1004B0001546FFF7E6FF044600B3FEF77BFD6378C1
:1004C0000233234402340444CDE9004300270621CB
:1004D000684601F02AF8044650B13FB101463A4659
:1004E0003046FFF78BFA0028D8BF3C462746EEE798
:1004F00027B17B885BBA2B8003B0F0BD0420FBE7FB
:1005000070B5B1F57C4F4FF6FE761546168018D1C2
:10051000254A45F2D763D35C9B022B802B884FF68C
:10052000FE7293423ED0C3F30800E0B11E4945F28B
:10053000A86203F47C438A5A9A4200D02B800020A0
:1005400011E04FF60F43994205D81346174AC9B236
:10055000FFF710FD05E04FF62F43994204D8FFF74F
:10056000A3FF0028DAD070BD4FF63743994203D875
:100570001146FFF775FBF4E74FF63843994207D170
:10058000094A47F6A473D35AB342C6D10220EAE718
:1005900001F570739BB20E2BF8D83F391346C9B2E0
:1005A000034AD5E70420DEE708350020BBFE010042
:1005B000B1FE0100F8B505460E460024E7B2394603
:1005C0002846FFF75EFF08B93770F8BD0134102CDC
:1005D000F4D11720F9E72DE9F0410D4686B004A9C2
:1005E000074628469046FFF77AFC2846FFF76DFC41
:1005F0000123014604AA3846FEF75DFE044620BBEF
:100600000DF10F013846FFF7D5FF064660BB2846BF
:10061000FFF75BFC9DF814304AF6AA71884214BFBC
:1006200004210021043319443846FEF707FF04462D
:10063000C8B19DF80F1001912846FFF746FC0199BB
:10064000024604AB204600F045FF2846FEF7B2FC08
:100650006978AB1C023129440622184400F0F6FEEA
:10066000014628B9FEE70326304606B0BDE8F08112
:10067000434622463846FFF7BAFE2146064638462C
:10068000FFF753FEF0E72DE9F047074608460E4610
:1006900090469946FEF78EFCB51C054471780231F0
:1006A00006223144284600F0D1FE044600B34088BB
:1006B00040BA4A46414680B2FFF7B0FCA0B1089864
:1006C0002146FFF7EBFD78B9099894F801A021467F
:1006D000FFF712FC21463846FEF7EBFE717802392F
:1006E000A1EB0A017170D9E7657802352544D5E799
:1006F000BDE8F0872DE9F04702F102099DF820A03E
:1007000007460E46144698464D466278033A4A44D8
:10071000954221D8288840BA5246414680B2FFF718
:100720007DFCB8B1217809982A4601F00101FFF754
:1007300086FD78B90A982146FFF7DEFB6378033B14
:1007400063707378033B7370032229463846FEF7C3
:1007500099FEDAE70335D8E7BDE8F0872DE9F047E1
:1007600002F102099DF820A007460E46144698465D
:100770004D466278043A4A44954221D8288840BAC6
:100780005246414680B2FFF749FCB8B1217809983A
:100790002A4601F00101FFF774FD78B90A98214655
:1007A000FFF7AAFB6378043B63707378043B7370B4
:1007B000042229463846FEF765FEDAE70435D8E715
:1007C000BDE8F0872DE9F041CC78073401EBD40483
:1007D00006460D461746043469780231294403223F
:1007E000204600F033FE014698B1837890F80180EE
:1007F00003F00F039F4208D13046FEF75AFE6B7894
:10080000023BA3EB08036B70E6E708F10204044423
:10081000E2E7BDE8F081F8B5066804460F462379A3
:10082000216801221944304600F010FE054670B1DF
:1008300001463A462046FFF7C5FF29462046FFF706
:100840006DFD0028EBD06E7802362E44E7E7204697
:100850000121BDE8F840FFF766BBF8B50D46044638
:100860001646FFF793F90146A8B14378AB4214D27C
:10087000EB1A9BB222791344627993421DDC11B1C9
:100880002046FEF716FEA91C89B22046FEF7D6FDCB
:10089000306020B9FEE7AB1CEBE70023EAE7002756
:1008A00008234770037033685D70E3790133204695
:1008B000E371FFF787FA3846F8BD0320FCE773B50C
:1008C00015460E4601AA2946FFF7C7FF044628B978
:1008D00001982A46314602302CF020FC204602B016
:1008E00070BD37B5044668460D4605F033F820461E
:1008F000BDF8021001AAFFF7B0FF044628B9019A1B
:10090000694602322846E7F78CFA204603B030BD2C
:10091000F7B5244E174645F299620446B25C042AA4
:100920000D463CD190F80731CBBB0DF102020921F5
:10093000284605F0CEFA172831D101AA0B21284606
:1009400005F0C7FA58BB0DF106012046FFF78CF9F8
:1009500028B9BDF80420BDF806309A421FD10DF128
:1009600002012046FFF77CF988B129462046FFF7AF
:10097000B8FFA0B9012345F29962B25C042A04D100
:100980003A4629462046FFF72BFB03B0F0BDBDF8E1
:1009900002200921284605F015FB0028E5D0FF2399
:1009A000E9E700BF083500204FF49673C363704732
:1009B000031F0022383043F8042F8342FBD17047D5
:1009C00010B5021F012352F8040FDCB208B90C70F5
:1009D00010BD0133102BF6D11720F9E72DE9F347AD
:1009E00014460A78074602F0010289462046022191
:1009F000984600F061FD03210546204600F04EFDBB
:100A000000238DF807300646002840F087800DF15E
:100A1000070107F58470FFF7D3FF002874D002B0F8
:100A2000BDE8F08794F801A00AF1020A04EB0A0578
:100A3000022229463846FEF70CFD637802336370C4
:100A400000236B70042304F80A3099F80030DA07A9
:100A500068D5052304F80A30F6B93B797A7908336A
:100A6000934259DC94F801A00AF1020A04EB0A0649
:100A7000042231463846FEF7ECFC6378E278043312
:100A800063709DF80730062104F80A1003F00F0385
:100A900002217170B370F27099F80030DB0742BF29
:100AA000337843F001033370B37843F0100203F05E
:100AB0000F0307EB8303B27009F102090122C3F8A7
:100AC000042149462846FFF7C7FBD8B93B797A7914
:100AD0000433934220DC69780231042229443846E9
:100AE000FEF7B7FC6B7804336B7063780433637084
:100AF0006B78D9F800202B44294643F8022C404655
:100B0000FFF7FAF900208AE7002DA6D10A223B79E7
:100B100079791344994285DA032080E7002DBBD10F
:100B20000622F4E7002E98D0BEE72DE9F8430F1D0A
:100B30000E469146CA7839468046FEF772FB044657
:100B4000D0B9F1780731C91004314046FEF776FC80
:100B50000446002838D0F578B378C57000220735F0
:100B60004270ED100222027083702A46394604302A
:100B700002352CF0D3FA6570F578073506EBD5050C
:100B800004357378023333449D4221D22B785B10B5
:100B900005D0022B11D06B7802331D44F1E74B4690
:100BA000224629464046FFF7CFFB07460028F2D0F1
:100BB00021464046FFF7B2FB07E04B462246294656
:100BC0004046FFF70BFFF0E703273846BDE8F88300
:100BD0000027EDE7022AC2F1020301F1FF3188BFCD
:100BE0000023134440F821307047000070B54E1EBA
:100BF000044650F82630012B0D4611D1E4F75DFE76
:100C0000E36B4FF47A72294602FB03022046FFF79A
:100C1000E1FF54F826100348BDE87040E7F7F1BF44
:100C200070BD00BFD4B300202DE9FF47CC78DDE9CB
:100C30000C9A073401EBD40406460D461746984635
:100C400004346978023129448C4228D223785B101D
:100C500005D0022B18D0637802331C44F1E7CDE9AC
:100C6000019ACDF800803B46224629463046FFF7E0
:100C700041FD6378002BEED16B78023B6B7021460F
:100C80003046FEF716FCDCE7CDE9019ACDF800808E
:100C90003B46224629463046FFF760FDE9E703213F
:100CA000284600F0FBFB0446D8B10221284600F09C
:100CB000F5FB06F58476A17850B921F01003304693
:100CC00001F00F01A37004B0BDE8F047FFF78EBF3D
:100CD00041F0100301F00F010139A370012346F820
:100CE000213004B0BDE8F0872DE9F04385B00468F9
:100CF000DDF8309005460E46174698462A792B684F
:100D000013449C4237D223785B10012B05D0052B6E
:100D100017D0637802331C44F0E7E278211D404687
:100D2000FEF77FFA2146CDE900093B4628463246C8
:100D3000FFF77AFF21462846FFF7F0FA0028E8D1AE
:100D4000DCE702A92046FFF7CAF82046FFF7BDF806
:100D500002AA014601234046FEF7ADFA2146CDE93D
:100D600000093B4628463246FFF78DFC21462846BF
:100D7000FFF7DBFAE2E705B0BDE8F083F0B585B038
:100D800000231546ADF80C301A4A8B120646D3568E
:100D9000002B0C4603AF21DA2846FFF7CDF90246B7
:100DA000E0B9214600972B463046FFF79DFF2C689F
:100DB0002A792B6813449C4210D223785B10012BB4
:100DC00005D0052B10D0637802331C44F0E73A4677
:100DD00021463046FFF7A9FE0028F4D039463046B8
:100DE000FFF7AAF805B0F0BD3A4621463046FFF7B6
:100DF000F2FBF1E768AD00201FB50024009302ABC1
:100E000002948DF80C40FFF76FFF04B010BD13B5CE
:100E100000230446ADF8043001ABFFF7EDFF01A954
:100E20002046FFF789F802B010BD000070B545F20A
:100E3000996315461D4AD35C042BC4B006460C4684
:100E400011D190F8073173B905F11800EEF77BF96D
:100E500048B10DF102020221204605F03AF802469F
:100E600018B1172806D044B070BDBDF80210304646
:100E7000FFF7CDFF03AB40F201120A21204604F038
:100E800096FF68B9E98B9DF80D308DF808300DF1AB
:100E90000E0249BA019289B201AA3046FFF76EFFED
:100EA0002A462146024804F082F8DCE70835002093
:100EB00028870020F0B5026803792D4FB1B01344A4
:100EC000CDE90323002205AB80F807211146044633
:100ED000ADF804208DF8BE20FEF74EFA9DF8BE60F6
:100EE00005AB03EB46061D46AE420BD035F8021BA0
:100EF0008B12FB56002BF7DB01AB01222046FFF7DC
:100F00007BFFF1E701A92046FFF716F80125012133
:100F100003A800F00AFBA8B1032100F0BFFA0028E3
:100F2000F5D0837803F00F03013B04F5847242F897
:100F300023508178CB06EAD401F00F011046FFF769
:100F400055FEE4E70DF10A012046FEF78DFE28B9B3
:100F5000084ABDF80A1047F6A273D15202A92046EA
:100F6000FEF77EFE10B90448ECF7FCFD31B0F0BD91
:100F700068AD00200835002054B40020F7B50446C1
:100F80006846E7F772FD0F4F043C0125002654F830
:100F9000041F012908D9009B5B1A002B0EDB266079
:100FA00029463846FFF737FC0135EDB2102DEED15A
:100FB00005486946E7F719FE03B0F0BD6846E7F754
:100FC0005FFDF1E78CB20020D4B3002090F8073128
:100FD00013B10348F8F78ABD00F58470FFF7CEBF60
:100FE000A08B00200246084942F8041F4FF6FE710C
:100FF000C2608183054A817F0261002262F30001A1
:10100000C0E9052281777047A1110200AD110200ED
:101010002DE9F0418EB080460F461646002126226B
:1010200004A82CF0A3F84FF2BF031F48ADF83230EC
:10103000052103F0E3FA0546A0B396B10A238DF823
:101040000C30022233798DF80D3003A9E6F74EFFFC
:101050000446B8B9327931682846E6F747FF0446B6
:1010600080B94FF6FE739F4213D104A802F0B2F983
:101070000E4B0D48CDF8008004AA294603F028FF46
:10108000044610B12846E6F706FE20460EB0BDE83D
:10109000F0813A460221284604F094FF04460028D5
:1010A000E3D0EFE70324F0E728870020F5110200E2
:1010B0002DE9F043ADB0064600241A488DF8AE4045
:1010C000F7F709F860B301AB224621461648DFF86E
:1010D0005C80FEF751F99DF8AE7001AB03EB47075A
:1010E0001C4608F50879A7421AD034F8025BC5F30C
:1010F0000803002BF7D0B8F80020AB0AB3EB922F0F
:10110000F1D1002229464846F1F704FF02460028A3
:10111000E9D129463046FFF77BFF2DB0BDE8F083CB
:101120001720FAE7A08B00208CB20020B08B0020A3
:1011300010B504461848F6F7C7FFE0B1A37FDB07F8
:1011400019D4A3691BB1E268231D9A4213D141F25D
:101150008833A3612046FFF7ABFF0D2813D003D8D7
:1011600028B1032808D0FEE7172804D0FBE7A37FA7
:1011700043F00103A37710BD4FF47A71201DBDE841
:101180001040E7F725BD054A47F6C6034FF47A71CC
:10119000D35C03FB0111F1E7A08B00200835002090
:1011A0000148FFF7C5BF00BFE0B300200148FFF7CB
:1011B000BFBF00BFE0B3002040F6040319421CBFCC
:1011C0000023836140F60423194201D0FFF7B0BF2A
:1011D0007047837F0B296FF30003837707D01C29A7
:1011E00005D031B9816904300131E7F7F1BCFFF76F
:1011F0009FBFFEE71946FFF7ECBF00007FB50DF17A
:101200000F038DF80F1004930092012304AA4AF6ED
:10121000AA7104488DF81430FEF748FA07B05DF85B
:1012200004FB00BF8CB2002010B545F2D7600E4C15
:10123000245C4888A40240BAA4B281B28C420FD088
:10124000588840BA80B2A0420CD0029B12781B781A
:101250009A4205D806D188422CBF0020012010BD3B
:101260000120FCE70020FAE70835002038B50C68BB
:101270000D460CB9172038BD486868B14378023371
:101280001844617802310622214400F0DFF86860DA
:101290000028EFD00020EEE794F90230002B04F193
:1012A000020205DAE3780220184452FA80F0E8E7F7
:1012B000E3790620F8E700002DE9F04F8BB0012319
:1012C00000248DF817300DF117028DF81C30DFF86F
:1012D00088B006924FF6FE7381460D460B80264677
:1012E0002746A2462146002306AA5846FEF715F8CF
:1012F000044600B3CDE9080A08A94846FFF7B6FF3F
:101300000028EFD1DDF8248098F80130023B062B4D
:10131000F2D908F104025FB1414600963B464846C7
:101320000392FFF781FF0028039A04BFB8463246B4
:1013300016464746E0E767B17B885BBA2B80337877
:101340002B72B6F801305BBA6B80D6F803301BBA4B
:101350006B600BB0BDE8F08F8CB200202DE9F04F30
:1013600087B01D46DFF8E0905D2307460C469046A7
:101370008DF80F300DF10F0B4FF0010A2146384662
:10138000FFF774FF064600284AD1B8F1000F25D1B7
:10139000236893F902100029B4BFDA78DA79122AA7
:1013A0003ED90029B4BF043308338DF814200493C8
:1013B0005A1C294603F1110052F8047B41F8047BC2
:1013C0008242F9D1B3F811305BBA2B8263685B8833
:1013D0005BBA6B82304607B0BDE8F08F63685A781D
:1013E000023AD2B2112A0BD91A1D294603F1140070
:1013F00052F8047B41F8047B8242F9D19B8AE3E7EF
:10140000022ABBD15A880F49019352BA92B2284698
:10141000EDF797FF019B1A795B7943EA0223D4E742
:1014200000232168CDF810B004AA48468DF814A016
:10143000FDF773FF00232060636000289ED117260C
:10144000C8E700BF288D00208CB2002010B5831C97
:1014500099420BD3437802330344994206D304786C
:10146000B2EB540F00D110BD1846F0E70020FAE7A8
:1014700030B5841CA1420FD3447802340444A14205
:101480000AD30578B2EB550F04D105F00105AB4244
:1014900000D130BD2046ECE70020FAE710B4C37855
:1014A00044780733023400EBD3030A4601195DF890
:1014B000044B181DFFF7CABF30B4C4784578073411
:1014C000023500EBD40413460A464119201D30BCF6
:1014D000FFF7CEBF38B50446002060700A202070A8
:1014E0004AF6AA7082420CBF8020002001F00F0152
:1014F00040EA010518BF12BAA57019681BBFC4F8ED
:1015000003201A791A79E27112BF04F10800E2701F
:10151000201D2BF003FE2B0604D5E2780223134492
:10152000637038BDE2790623F9E710B50A46044630
:10153000D0E90001FFF78AFF18B143780233034472
:10154000236010BD10B5134604460A46D0E90001D9
:10155000FFF78EFF18B1437802330344236010BDB8
:1015600003460846DA78191DEDF723BDC1F3403371
:1015700010B5C1F300329B0043EAC203C1F3C0229D
:1015800043EA0213C1F3802243EA4213C1F340222B
:1015900043EA8213C1F3002243EAC213427C02F001
:1015A000030213434374C1F3C013C1F380125B0001
:1015B00043EA8203827C22F00602134304468374CA
:1015C000880B04F0E9F9637C60F30103637410BDD8
:1015D000F8B504461D460F461646002118222BF08A
:1015E000C5FD21463846FFF7BBFF698849BA89B275
:1015F0002046FFF7BBFF2B885BBAA3823278A37C1F
:1016000062F30003A374F8BD10B5C1F34013C1F336
:1016100000129B0043EA4213027D22F0240213438E
:1016200004460375880904F0B7F9237D60F30103CC
:10163000237510BD2DE9F041069E04460D469046E7
:10164000002118221F462BF091FD21464046FFF74E
:1016500087FFB1782046FFF7D7FF3A78237D62F302
:10166000C303237533885BBA6382338845F2A8626B
:101670005BBAAA5A9BB29A1A53425341227D63F332
:1016800004122275BDE8F08110B40C7803784A7812
:1016900064F3000303704B88023AD2B242705BBA23
:1016A000A0F8FA305DF8044B043102302BF036BD5F
:1016B00070B50C46164600214FF4017205462BF01A
:1016C00055FD94F90220A378002A03F00F03B4BF5C
:1016D000E278E2792B7094F90230B4BF211D04F155
:1016E0000801002BA8BFD4F803302A72ACBF1BBA84
:1016F0004AF6AA736B6005F109002BF00FFD314625
:1017000005F58370BDE87040FFF7BEBF38B593782C
:10171000044603F00F03237093781546C3F30013B8
:1017200008466370A11CFFF71BFFEB78A37438BD5C
:101730000022026070470000F8B50B78FF2B02BF53
:1017400092F8253043F0100382F8253008460D4604
:101750001446EDF72CFEB8B10D4E224606F11007E7
:10176000334603CBBB42106051601E4602F10802B3
:10177000F6D12946103405F1100351F8042B44F832
:10178000042B9942F9D1F8BD204601F011FEF0E793
:10179000308D002037B545F27C131A4C0D46E158C8
:1017A00000239AB2581C11B149690346F9E799B26E
:1017B0000901FE2917DC08221B018DF804208DF891
:1017C0000530022201A92846E6F790FBC0B945F290
:1017D0007C13E4589CB1102221462846E6F786FB8C
:1017E00070B96469F6E74FF60873ADF80430130179
:1017F0005BBA0422ADF806300DEB0201E3E72046A8
:1018000003B030BD08350020F0B5324885B00C4635
:10181000F6F761FC00285BD02F480021F1F7BEFBF2
:10182000B0F5C77F28BF4FF4C77085B205EB4503FD
:10183000FE2B43D810228DF808208DF809300222A3
:1018400002A92046E6F752FB002841D12349002295
:1018500002A8F1F709FB4FF6FF7601270298B8B30B
:10186000013DADB2B54232D0816D0023DAB207FA44
:1018700002FC8C4503F10103F8D390F82430818BEE
:101880005B02C1F3080103F4C06304320B43D2B21C
:1018900043EAC2235BBAADF80430837FC3F303137A
:1018A00043F00403032201A920468DF80630E6F731
:1018B0001DFB68B902A8F1F7A7FACFE74FF610723F
:1018C0005BBAADF80820ADF80A300422B8E7002072
:1018D00005B0F0BDA08B0020D08D00200835002081
:1018E00030B58BB00D462622002168462BF03EFC19
:1018F00042F20943314CADF8003045F25C53E058F8
:10190000ECF72EFA45F2705245F26C53CDF8020016
:10191000E358A05845F274520344A05845F2785257
:101920000344A05845F27C520344A05804F5AB424E
:10193000034410681844ECF713FA45F23453CDF819
:101940000600E058ECF70CFA45F24453CDF80A00D3
:10195000E058ECF705FA45F24853CDF80E00E05890
:10196000ECF7FEF945F2645245F26053CDF81200EF
:10197000E358A05845F268520344A0581844ECF7C5
:10198000EFF904F5AA43CDF816001868ECF7E8F96A
:1019900045F20453CDF81A00E058ECF7E1F945F2AE
:1019A0003C53CDF81E00E058ECF7DAF92946CDF8A3
:1019B0002200684604F05DF90BB030BD0835002008
:1019C00030B5144695B0232900F2C380DFE801F05A
:1019D00012192237A3AC46646D71C1C1C1C1C1C126
:1019E000B89AC1BCC1C1C12C3481888C94C1C1C119
:1019F000C1C17590594A08230021204604F09EFA7F
:101A000010E0574A45F2A8630121D25A204604F05B
:101A1000D9FA07E0524A45F29A630221D25C204685
:101A200004F0C5FA15B030BD01A94D48E4F78EF8B1
:101A3000082301AA1721E0E705221821E6E7484B11
:101A400045F29A629A5C120700F1838045F2B8620F
:101A500003219A58204604F0C1FAE3E740F6060352
:101A60004048ADF80430F6F7B9FC05460068ECF7DD
:101A700077F9CDF806002B798DF80A306B798DF85F
:101A80000B30AB798DF80C30EB798DF80D302146A9
:101A900001A804F0EEF8C5E7314A47F6845147F64D
:101AA0008853D35C52580721A7E71146FFF772FE0F
:101AB000B8E71146FFF714FFB4E7294A294845F271
:101AC0009963D15CF6F738FA274901A800F004FCC5
:101AD000DDE7264B20221921204604F057FAA1E722
:101AE000234B20221A21F7E7224B10221B21F3E778
:101AF000214B60222321EFE7E5F788F940220346D6
:101B00001C21E9E71D4B1B788DF8063040F21113BC
:101B1000ADF80430BBE740F604231248ADF80430BA
:101B200001A9FBF763FBB2E701A8FCF79FFB0523C4
:101B300013488DF80430002201A901F0E1F9A6E76D
:101B40001146FFF761FE6DE7064801A9FBF7DAFFD2
:101B500008B1002066E7019A13217BE788890020FD
:101B600008350020A08B0020A88C0020201605003E
:101B7000211605002316050022160500CF150500C5
:101B8000D8A60020F7B50D4606461746122101AA31
:101B9000284604F014F90446B8B9BDF80630A3B1DC
:101BA00001230DF1030201A92846E6F749F958B9C6
:101BB000012101A803F0D7FE9DF803103A463046F4
:101BC000FFF7FEFE0028E8D00446204603B0F0BD33
:101BD00070B50D46064621210E48144602F000FD60
:101BE0002860A0B16179E6F7D4FB2968012230466C
:101BF000E6F7BEFAA3680BB92B68A360207938B169
:101C0000628828682121BDE8704004F0DBB9032018
:101C100070BD00BF2887002007B5084601AB04222D
:101C2000202104F0C4F838B9BDF8060040BAC0F36A
:101C3000C03003B05DF804FB0120FAE737B5054674
:101C40000C4621462846FFF7E7FF214660B92046AB
:101C50000194E6F710FB019904462846E6F7CDFA11
:101C6000002CEED103B030BD0024F6E70B68DB8B0F
:101C7000B3F5487F73B506460C46154614D3118854
:101C80004B1C138001A8002200F016FB04222068E0
:101C90000DEB0201E6F72AF920B92A462146304623
:101CA000FFF796FF02B070BD0020FBE7F0B58DB0E6
:101CB00006460D461746FFF7AFFF38BB2846E6F746
:101CC000DAFA04462622002102A82BF04FFA4FF23E
:101CD000BF0329463046ADF82A30E6F769FA02AA72
:101CE00039463046FFF728FD094B0A48009402AAFE
:101CF000294603F0EDF838B12846E5F7CCFF1CB1D2
:101D000021463046FFF79AFF0DB0F0BD0024D9E719
:101D10004D1D02002887002070B49DF80C40054638
:101D20000E466CB962B15BB102F1350424F00104D6
:101D30006278442A04D170BC03F11002FFF7B6BFE9
:101D40003146284670BCFFF779BF000007B530B1B7
:101D5000009313460A4601460248FFF7DDFF03B031
:101D60005DF804FB04B4002070B58EB005460C4647
:101D70001646114900226846F1F776F8009989B1B4
:101D800002A800F0DDF9216802A803F072FF80B913
:101D9000324621462846FFF769FF50B96846F1F7F9
:101DA00033F8EBE71D232168ADF8083002A803F0F3
:101DB00060FF0EB070BD00BF083500202DE9F04176
:101DC000194B1A4E904647F6540288B09C5C342258
:101DD00002FB043404F5E34407460D465434A6429E
:101DE00019D0B37F03F00F03072B01D03436F6E789
:101DF000314601A800F029FA296801A803F039FF4B
:101E000030B9424629463846FFF730FF0028EDD06A
:101E100008B0BDE8F0811F232968ADF8043001A89F
:101E200003F027FFF4E700BF08350020DCA6002000
:101E300070B586B00D46104602A992F8B440164619
:101E4000F0F750FD78BB013424010234FE2C33D866
:101E50001E238DF804308DF80540022201A9284682
:101E6000E6F744F8002839D1B38B02225BBA01A906
:101E70002846ADF80430E6F739F878BB02A8EDF74C
:101E80008AF920B306F1640496F8B46004EB0616F0
:101E9000A6420FD0214610222846E6F727F8103434
:101EA0000028F5D01AE01022002102A82BF05EF9DC
:101EB000002CC9D1002011E04FF61E7364BA042231
:101EC000ADF80430ADF806400DEB0201C7E7102273
:101ED00002A92846E6F70AF80028D3D006B070BD5C
:101EE0007FB504460D4616460F49002202A8F0F7BA
:101EF000BBFF029A286872B101462046FFF798FF9F
:101F000080B9324629462046FFF7B0FE50B902A8F4
:101F1000F0F77AFFEDE71E23022201A9ADF80430A5
:101F2000E5F7E4FF04B070BD0835002070B5154634
:101F300086B0002304460E460DF10E0221212846EC
:101F400003938DF81030059303F0C3FF10B90123FC
:101F50008DF8103095F8313003AAC3F34103694678
:101F600020468DF81130FFF733FE00284DD101AA2D
:101F70001221284603F023FF002846D1BDF8063081
:101F800083B3012302AA01A92846E5F759FF0028D7
:101F90003BD1012101A803F0E6FC9DF808101E29A1
:101FA0000FD01F2913D01D2917D103AA6946204637
:101FB000FFF7DAFE48BB03AA69462046FFF756FE44
:101FC000DAE703AA69462046FFF78AFFF2E703AA89
:101FD00069462046FFF7F2FEECE7009A2046FFF73D
:101FE000EFFCE7E7BDF80C10012202A800F064F94D
:101FF0000098042202A9E5F779FF30B90599324625
:102000002046FFF753FE06B070BD05990029FAD0AF
:102010002046FFF713FEF6E770B501F1350323F014
:1020200001030546587802280C4616460ED11B7847
:1020300013F0300F02D1064802F0B9FF224606F134
:1020400010012846BDE87040FFF770BF70BD00BFAB
:1020500028870020F8B5074608460D46164603F0C7
:10206000ACF8E8B10F48294602F0F8FA0446B8B1D6
:1020700095F83110C1F34101E6F78BF92246294664
:102080003846FFF77FFD20B12046BDE8F840E5F770
:1020900002BE04483246214602F026FF0028F3D152
:1020A000F8BD00BF288700202DE9F74308460C46FD
:1020B000174603F082F8B8B3218C022301AA204608
:1020C000E5F7B3FE80BB9DF80430122B2CD1268C93
:1020D000DFF860800236B6B2054608F5CE799DF885
:1020E0000530E9B28B421AD9314489B201230DF18E
:1020F00003022046E5F799FE0146A8B99DF8033092
:10210000092B03D0222B06D00135E8E78822404670
:102110002BF02CF8F8E74846F5F7FEFEF4E7044804
:102120003A46214602F043FF03B0BDE8F08300BF0A
:1021300028870020048A0020034608BA19BA70478D
:1021400070B52D2204460D4600212BF00FF81D23FB
:1021500023702B236370AA7F02F08002A27053B217
:10216000AA7F12F0200F14BF402200221343A37055
:10217000AA7F12F0100F14BF20220022134343F055
:102180000803A370AB8B5BBAA4F803302B68C4F8C8
:1021900005306B68C4F809302B8CA86D5BBAA4F8C5
:1021A0000D30EBF7DDFDC4F80F00E3F786FBAB68FD
:1021B000C01A4FF47A73B0FBF3F0EBF7D1FDC4F81B
:1021C00013002846FCF79EFCEBF7CAFDC4F8170085
:1021D000AB7FDB0937D1B5F8C0305BBA9BB205F1F4
:1021E0002206A4F81B303046F2F70AFF607730462B
:1021F000F2F7D2FEA07795F92530E377EB8C5BBA46
:1022000023842B8D5BBA6384EB8EC3F30D035BBA1F
:10221000A38495F84030DB0905D0B5F84830002B91
:102220000CBF00231023A2781343A370B5F84830E5
:10223000686C5BBAE384EBF793FDA06295F84130DC
:1022400084F82C3070BD0023C9E770B51A2204460B
:102250000D4600212AF08AFF1F2323701823637084
:102260008023A370AB8B5BBAA4F803302B68C4F84F
:1022700005306B68C4F809302B8C5BBAA4F80D30BC
:102280002846FCF73FFCEBF76BFD05F12206C4F88E
:102290000F003046F2F7B4FEE0743046F2F77CFEF1
:1022A000207595F925306375EB8C5BBAE3822B8D35
:1022B0005BBA238370BD00002023037002234370A8
:1022C000002A044B01F07F0108BF0023194349BADB
:1022D000418070470080FFFF38B5222303704223FE
:1022E00043700B885BBA43804B885BBA83808B88D2
:1022F0005BBAC380CB885BBA03810B895BBA43812D
:102300004B895BBA83818B895BBAC381CB895BBA0A
:102310000382B1F840305BBA044643820D46D1E9EE
:102320000E01FFF709FF6061A161D5E90401FFF724
:1023300003FFE0612162D5E90601FFF7FDFE60625F
:10234000A162D5E90801FFF7F7FEE0622163D5E954
:102350000A01FFF7F1FE6063A163D5E90C01FFF705
:10236000EBFEE063216438BD002202614FF6FF728C
:1023700082820246024942F8181F0262704700BF7B
:10238000B9240200F7B501F1350727F00107064629
:102390007B78022B0C4615462FD101A92046EBF77E
:1023A000BCFD50BB0DF102020121204603F091FD5E
:1023B00018BB019B3361B44605F1100305F1200EF3
:1023C00018685968624603C2083373459446F7D1CA
:1023D000BDF80230B3824FF47A7106F11800E6F7C7
:1023E000F7FB3B7813F0300F07D12B78FF2B04D08D
:1023F00003482A46214602F0DAFD03B0F0BD00BFD3
:102400002887002030B58BB026220021054668467B
:102410002AF0ACFE4FF2BF031048ADF8223019216C
:1024200002F0ECF80446B0B12969EBF7A5FD78B9E4
:10243000AA8A0121204603F0C5FD48B9294668460D
:1024400000F0FEFF05486A46214602F04DFD10B13E
:102450002046E5F720FC0BB030BD00BF28870020E8
:10246000034661B1488E9A8A90420CD191F8361099
:10247000012202FA01F11A690A431A6170470369DD
:102480000BB1FFF7BFBF70470B4601461846FFF779
:10249000E7BF000013B500900169054B0446002218
:1024A0000448E7F736FD0023236102B010BD00BFEA
:1024B00089240200548900200148FFF7EBBF00BFC8
:1024C00038B5002038B50D461422002104462AF004
:1024D0004DFEAB8B23819B12A3722B6823606B682C
:1024E0006360237C43F00103237495F83030E3727A
:1024F000AB7F03F00F03DA1F53425341227C63F397
:102500004102227495F83130C3F38303237395F8A5
:102510002430637395F83130C3F30103A373E3F7F9
:10252000CCF9AB68C01A4FF47A73B0FBF3F0E073E8
:102530002B8CFF2B28BFFF23637438BDFFF7C2BF6E
:1025400010B50021044634222AF010FE204602492C
:10255000BDE81040FCF73BBB0835002090F8313057
:1025600090F8240003F00303984228BF18467047F0
:1025700001F1300351F8042B40F8042B9942F9D1B2
:102580000B8803807047000010B5002104463422F8
:102590002AF0ECFD20460249BDE81040FCF717BBCD
:1025A0000835002010B590F830308B4290F831306B
:1025B00018BF80F83010C3F3830414BF0121002139
:1025C00094421EBF62F3850380F831300121084632
:1025D00010BD00223F21FFF7E5BF00000148F8F7DA
:1025E000C7BF00BFA08B0020CA08802301F00701ED
:1025F00043FA01F1835C0B4214BF012000207047B5
:1026000090F8843633B190F8D4068B78C01AC0F3B2
:10261000C010704701207047F8B590F884360E4F0F
:10262000041D342603FB064600F5D165B44212D0E2
:10263000A37F03F00F03072B07D13846224604215E
:10264000FCF76CFC2846E6F7F5F920460021FCF77C
:102650003FFA3434EAE7F8BD148C002010B5044684
:10266000FFF7DAFF04F5D2603F2200212AF07EFD59
:10267000002384F8843604F5D160BDE81040E6F705
:10268000D9B90000F8B5002304460F46051D80F8AF
:10269000843600F28466AE4205D028463946FCF7FF
:1026A00096FA3435F7E70B4BC4F8883600253F22FD
:1026B0002946C4F88C5604F5D2602AF057FDC4F8B8
:1026C000D056E6F72DF884F8D4062046FFF7C6FF6B
:1026D0002046F8BDDD250200F8B590F88436202BA1
:1026E00006460F4600F104051CD0342413FB04F405
:1026F0005A1C254480F884262846FFF721FFBB0298
:10270000AB832846FFF765FFA310074C37446343AC
:1027100063F07F0387F8903606F5D160E6F78AF913
:102720002846F8BD0025FBE7C54EECC470B58B7F8D
:1027300003F00F03072B06460C4604D10A46214836
:102740000421FCF7EBFBA38B06EB9323642283F8B5
:10275000902696F884364BB3013BDBB2311D34250D
:1027600086F8843603FB05139C420AD0224603F107
:10277000300053F8045B42F8045B8342F9D11B88B4
:102780001380A38B06EB932393F99026002A07DA94
:10279000611A0D4C8910614361F07F0183F8901636
:1027A00006F5D160BDE87040E6F744B91A4603CAA1
:1027B000302A20606160134604F10804F6D11388C2
:1027C0002380FFDE148C0020C54EECC43E2938B5B2
:1027D00005460B4618D8034493F89036A3B9FFF783
:1027E0007BFF044670B1F8F7B6FDA06095F8D436CB
:1027F000013385F8D436F8F7AEFDC5F8D0060348A6
:10280000F8F7CBFE204638BD0024FBE7A08B002064
:102810002DE9F04190F88436202B05461BD000248A
:1028200000F5D2683F27264618F8010B38B9013663
:10283000F6B23146E5F780FF002808BF274601348D
:10284000E4B23F2CF0D13F2F05D039462846FFF7A0
:10285000BDFF08B9FEE70020BDE8F0813E290DD894
:10286000014491F9903691F89026002B06DA02F097
:102870007F023423043002FB0300704700207047BE
:102880003E29F8B506460D4600D9FEE71D4A45F239
:102890009963D35C042B30D1FFF7E0FF014670B39E
:1028A0003046FFF743FF96F88436341D342703FB88
:1028B0000747BC4208D094F83030AB4202D12046E2
:1028C000FFF787FE3434F4E796F8D436013386F800
:1028D000D436F8F740FD2946C6F8D0060A48EFF787
:1028E000CCFAA9020948012201F47C41FEF78FFAD3
:1028F0000748F8F752FE0020F8BD0D20FCE717202E
:10290000FAE700BF0835002068AE00208CB2002036
:10291000A08B0020890AFFF7A1BF91F83010FFF7C4
:102920009DBF3E2910B5144609D8C9B2FFF796FFDE
:10293000014670B12046FFF7C5FD002010BDC1F370
:10294000080323B98B123F2B4FEA9121EED10720C8
:10295000F4E71720F2E70000024A45F2D763D15CA2
:10296000FFF77CBF0835002010B590F88436044688
:102970004BB1F8F7F0FCD4F8D036C01A4FF47A73A4
:10298000B0FBF3F010BD4FF0FF30FBE710B5031DB7
:1029900090F88406342200FB0232002093420CD0CF
:1029A0009C7F04F00F04072C05D193F824408C423F
:1029B00024BF0130C0B23433F0E710BD08B50A4877
:1029C0008A8B45F2A863C35A9A420BD08B7F03F0DF
:1029D0000F03072B06D10846FFF7C0FDBDE80840EE
:1029E000F2F720BB102008BD083500202DE9F84380
:1029F00091F831309A0706460D460AD06FF301036D
:102A000081F83130F8F7A7FCA86006F5D160E6F749
:102A100011F896F88436DFF86090341D342703FBF4
:102A2000074706F5D168BC4216D0AA8B94F830301F
:102A3000B3EB922F0ED12046FFF7CBFD4046E5F7D2
:102A4000F9FF21463046FFF7B9FF0F2802D9484663
:102A5000F8F7A3FD3434E6E795F830303F2B09D181
:102A60000548F8F79AFDA98B0448BDE8F843890AA0
:102A7000EFF703BABDE8F883A08B002068AE002012
:102A80002DE9F74F1C46102323704FF6FE73814645
:102A9000138046480D461746F5F716FB50B1444BD8
:102AA00045F2A8629B469A5A0192954205D10023AD
:102AB00023703D8003B0BDE8F08F4FEA952A514660
:102AC0004846FFF7CBFE064600283AD00146484666
:102AD000FFF723FF804645F299621BF80220022A85
:102AE00031D145F2F6621BF8022002F00F02072AEC
:102AF00002BF45F2F4623BF802203A8045F2F462EC
:102B00003BF80220BAEB922F4FEA922702D0B8F19D
:102B1000000FCFD045F2FC621BF80200F2F782FAF8
:102B2000BA45207005D096F83130C3F383031844BA
:102B30002070C5F30805002DBCD023780133237025
:102B4000B8E78046C7E7019BBAEB932F0DD1194830
:102B500005222946F0F7DEF90028ABD090F82400D2
:102B60003D80F2F75FFA2070A4E7002EA2D0314634
:102B70004846FFF723FF20700F289CBFB38B3B8094
:102B8000B8F1000FD5D04146484696F83160FFF7BE
:102B900015FFC6F3830622783318DBB29A4282BF50
:102BA0002370B8F81C303B80C3E700BFA08B002027
:102BB00008350020D08D002007B50DF105030DF17B
:102BC0000602FFF75DFF9DF8050003B05DF804FB0A
:102BD000044A45F2D763D15C890201F47C41FFF7D6
:102BE000EBBF00BF0835002007B50DF105030DF15F
:102BF0000602FFF745FFBDF8060003B05DF804FBD1
:102C00002DE9F34780F8D41604461746F8F7A3FBDE
:102C100004F5D266C4F8D00604F2CF6935464FF009
:102C20000008A91BC9B238460191FFF7DDFC15F970
:102C300001ABB0EBDA7F13D0BAF1000F2DDA0199B6
:102C40002046FFF70BFE00B9FEE70190FFF7C1FC3D
:102C500001992046FFF7CAFE01992046FFF766FD5D
:102C60004D45DED1B8F1000F1AD0002516F9013B11
:102C7000002B08DB29463846FFF7B6FC18B1294679
:102C80002046FFF729FD0135EDB23F2DEED1064874
:102C900002B0BDE8F047F8F780BC4FF00108DFE76D
:102CA00002B0BDE8F08700BFA08B00202DE9F04FF7
:102CB00089B00546029111469046FFF7CFFD0646C2
:102CC000002800F0CC800024CDE906444FF08009B4
:102CD000A10201F47C412846FFF76EFF0F28E7B2FE
:102CE0000BD808AB03EBD70307F0070713F8082C42
:102CF00049FA07F7174303F8087C01343F2CE7D162
:102D000045F2A863574AD75A029B0024BF0AA2463D
:102D100003F103095FFA84FB59464846FFF764FC58
:102D2000BB4561D0013450443F2C5FFA80FAF1D1A9
:102D300031462846FFF742FE00270390019705F52C
:102D4000D16B5FFA87FA51464846FFF74DFC40B316
:102D500051462846FFF782FD044610B3424B828B52
:102D60001B889A421DD086421BD001462846FFF799
:102D7000D4FDDDE9012313440146DA7A12F00F0293
:102D800008BF102208B186424FD1039BD3180F2BE6
:102D900042DC41462046FFF705FC10B15846E5F7F6
:102DA00049FE51464846FFF71FFC019B0137184476
:102DB000C3B23F2F0193C4D10024E1B206A8FFF7AC
:102DC00013FCA102064601F47C412846FFF7F4FEFD
:102DD0000F288CBF00200120B0423DD0234809B00D
:102DE000BDE8F04FF8F7D9BB0028A1D0029B03EB58
:102DF0000A0096F83130C27A03F003001111C2F3D1
:102E00000112904294D061F3010386F8313005F548
:102E1000D160E5F70FFE8BE78E42C2D12046FFF767
:102E2000D8FBF8F798FAA060B8E794F8313005922B
:102E3000C3F3830328460493FFF7C0FD049B039963
:102E4000059A03445118DBB2C9B28B42A9D9414655
:102E50002046FFF7A7FBA1E701343F2CADD109B015
:102E6000BDE8F08F08350020B08B0020A08B00203B
:102E70002DE9F84F002406460F469046A14601F181
:102E8000030A00F5D16BE5B229465046FFF7ACFBCB
:102E9000A0B1454512D029463046FFF7DFFC68B1A6
:102EA00007EB0903DA7A12F00F0214BF41463F2103
:102EB000FFF778FB10B15846E5F7BCFD29465046B0
:102EC000FFF792FB013448443F2C5FFA80F9DAD1D6
:102ED000BDE8F88F002370B50B604B608025C456A9
:102EE000002CDAB207DAD40802F007020E5D45FAC8
:102EF00002F232430A5501333F2BF0D170BD00007E
:102F00002DE9F04F85B090F8D49606460D4614464C
:102F100002A900F5D260FFF7DDFF002C3FD0B4F826
:102F20001CA0CAF30807002F39D196F88486B8F19F
:102F3000140F34D945F2A8633D4A32F803B03D4B33
:102F40004FEA9B2B4FEA9A2AFCB2A3451CD0A2451C
:102F50001AD01978A14217D0214602A8FFF744FBE6
:102F6000344B802280B104A901EBD40004F00704A3
:102F700010F8081C42FA04F421EA040408F1FF38AE
:102F800000F8084C5FFA88F83E2F04D0B8F1140F0F
:102F900007F10107D8D1A9F140095FFA89F902AB1D
:102FA00003CB85F80290244FC5F803004FF00009C9
:102FB000C5F807104C464FF001085FFA89F102A8E6
:102FC0000191FFF711FB60B13B8801994FEA892B12
:102FD0001FFA8BFB5B450ED12B1983F80B80013454
:102FE000E4B209F10109B9F13F0FE6D109346C707F
:102FF00005B0BDE8F08F3046FFF730FC824600B9DF
:10300000FEE759463046FFF7D7FD9AF824300F28DF
:1030100094BF024600229AF831001B0103F03003EE
:1030200000F00300291943EA80101043C872D6E764
:1030300008350020DF8B0020B08B0020431E3E307F
:1030400013F8012F51B20029C4BF02F1FF321A70E8
:103050008342F5D17047000010B5044600F5D260F8
:10306000FFF7ECFF0A4A45F29963D35C042B0DD1BC
:103070002046FFF779FC092808D994F8D4360133A3
:1030800084F8D436F8F767F9C4F8D00610BD00BF4D
:103090000835002000F5D160E5F7CCBCF8B590F814
:1030A000803634260D4603FB06060446B442274606
:1030B00008D021462846FBF7CEFD34340028F5D051
:1030C0003846F8BD0027FBE708B50430FFF7E6FFF8
:1030D00008BD0B7A012B07B50ED10B880021002209
:1030E0000191043069468DF80020ADF80230FFF7F9
:1030F000D5FF03B05DF804FB022B18BF00214FF68B
:10310000FE73ECE707B507238DF8003001914FF609
:10311000FE7369460430ADF80230FFF7BFFF03B01D
:103120005DF804FB10B50023037004460348E2F782
:1031300083FE0248E2F783FE204610BD08350020DA
:1031400007B591F83720520606D5898B0748E2F774
:1031500043FE03B05DF804FB68460122E8F75FFC1C
:1031600069460248E2F746FEF3E700BF0835002053
:1031700037B505460E4901226846EFF775FE009CFB
:1031800094B194F83730DB090AD021462846FFF77E
:10319000D7FF50B994F8372060F3C71284F837206E
:1031A0006846EFF731FEEAE7204603B030BD00BFC6
:1031B0000835002038B591F8373043F0800381F8A6
:1031C0003730037805460C464BB9FFF7D1FF88B975
:1031D000012129700848BDE83840E2F7FABDFFF741
:1031E000AFFF08B10021F4E794F8373060F3C7135C
:1031F00084F8373038BD00BF08350020CB8EC3F3CC
:103200000D0310B50C460BB9FFF7D4FFE38E5A1C23
:1032100062F30D03E38610BD91F8373013B5044611
:10322000D80905D06FF3C71381F8373002B010BD4D
:103230005B0613D5898B0E48E2F7E6FD0028F5D131
:103240002378002BF2D12046FFF792FF0028EDD122
:10325000012107482170E2F7BCFDE7E7684601223B
:10326000E8F7DDFB69460248E2F7DCFDE6E700BF70
:1032700008350020CA8EC2F30D0310B463B103F504
:103280007F533F33C3F30D0363F30D02CA861BB9AB
:103290005DF8044BFFF7C0BF5DF8044B7047CA8E62
:1032A0006FF30D02CA86FFF7B7BF91F8373070B5DC
:1032B0001546C3F38012AA4206460C4615D0CA8EA4
:1032C000C2F30D026AB1FFF7A7FF94F8373065F338
:1032D000861384F8373021463046BDE87040FFF74A
:1032E00069BF65F3861381F8373070BD10B50446A9
:1032F000ECF712FD002384F8A030204610BD00003A
:1033000090F8A03010B50446CBB901210C48E6F77F
:1033100037FC0C48F2F78EFF012384F8A0302046DA
:10332000ECF7B0FD0848F4F7BBFF084800F0AAF836
:10333000BDE8104006484FF08071E5F747B910BD71
:1033400054890020A48A0020A08B00202887002018
:103350003035002090F8A03010B50446F3B1104885
:1033600001F0C6FB0F48F4F73DFF2046ECF7F8FFED
:103370002046ECF799FF2046ECF76AFD2046ECF773
:103380002DFD0023084884F8A030F2F769FFBDE85E
:10339000104006484FF08071E5F718B910BD00BF26
:1033A00028870020A08B0020A48A00203035002030
:1033B00030B5074C034604F11005224603CAAA4261
:1033C00018605960144603F10803F6D130BD00BF00
:1033D000608D002010B50446FFF7EAFF04F11001EC
:1033E0000248BDE81040F4F7DDBF00BFA08B00200D
:1033F00010B50446FFF7DCFF04F110010248BDE8F8
:103400001040F4F7C4BF00BFA08B002010B50446E5
:10341000FFF7CEFF04F11000BDE81040EBF726BF28
:1034200013B504460191FFF7C3FF019A034904F164
:10343000100002B0BDE81040EBF783BF288D0020DC
:1034400038B50C460546FFF7B3FF214605F11000DD
:1034500004F1100351F8042B40F8042B9942F9D1E0
:1034600038BD000010B5044601F012FB034BC4E95F
:103470000734034B2364204610BD00BF25360200ED
:10348000C135020001224FF2BF0101F015BB00005F
:1034900007B508460192009300F0F0F8DDE900213D
:1034A000252873D8DFE800F0132E2A36324E7272C8
:1034B00072725A1E3E3A7252725672721A72724A80
:1034C0004672222642725E727272666A6E6230487C
:1034D000EEF7C0F9012003B05DF804FB2D48F0F7CA
:1034E0000BFEF7E72C48E9F75AFDF3E72B48E9F71D
:1034F0001CFEEFE72A48FEF745FFEBE72448EEF70E
:1035000061FAE7E72248EEF777FEE3E72548F9F7A7
:10351000B5FDDFE72348F9F72FFEDBE71E4803F090
:10352000FDFBD7E71C4803F007FCD3E71B4803F07B
:1035300011FCCFE71C48EAF7B9FBCBE71A48EAF7DA
:1035400047FBC7E71948FDF771FCC3E71748FCF7CD
:1035500025FDBFE71548FDF7DBF9BBE71448EEF79B
:103560006FFFB7E71348EAF797F8B3E71248F0F7A9
:103570003BFDAFE71148FEF76DFDABE70F48FEF7E7
:103580004BFDA7E70D48FEF78FFDA3E70020A2E75C
:1035900068AE00205CB500203888002064880020D8
:1035A00038B50020A08B002054B400208CB200203D
:1035B0001CB5002008B40020D4B4002004B40020BE
:1035C000FFF766BF37B514464FF2BF02934203D0F0
:1035D0000025284603B030BD08460191EBF7F6FD03
:1035E000019928B1204603B0BDE83040EBF7DFBEBB
:1035F0000B48F6F727FF05460028E9D00848214682
:10360000F6F720FF0028E4D12046EBF7C4FE00289F
:10361000DFD1204603B0BDE83040EBF7D3BE00BF9A
:10362000A08B002008B510460B8C0A461031FFF71E
:10363000C9FF00280CBF1F20002008BD20B10328AF
:1036400014BF0F2007207047172070470F2804D0A1
:10365000172814BF03200020704701207047096815
:10366000006829F0B4BE0000282800D1FEE7024B14
:1036700053F82000704700BFF01605001FB5094C35
:10368000094B0390009328220423214603A8E4F762
:1036900052F920B1001BC0F3870004B010BD2820F0
:1036A000FBE700BFF01605005F36020003881844F0
:1036B000408870470388184441807047028808B5E5
:1036C0004FF6FF739A4205D0FFF7F0FF003818BF9E
:1036D000012008BD0020FCE7F8B50023438041F637
:1036E000FF734FF6FF7243F6F4760446C68000EB94
:1036F000430520F81320871D06210230FFF7DAFF6B
:10370000291B384689B2FFF7D5FF26802046F8BD31
:103710002DE9F0410746084615460E46FFF7C6FF5D
:10372000B5F80080C0F34F0407EB440423884345F9
:1037300008D22046FFF7BAFFC0F34F00264607EB3A
:103740004004F3E73046FFF7B1FF01462846FFF794
:10375000B1FFE91B89B23046FFF7ACFFBDE8F0814D
:1037600011FB02F39BB22DE9F7430546002B58D01D
:1037700000F1020903334FF6FC7648461E40FFF77E
:1037800095FFC0F34F0005EB4004C8462388B342C1
:10379000204607D2FFF78AFFC0F34F00A04605EB93
:1037A0004004F3E7FFF78AFF0346002839D020469C
:1037B000FFF77CFF01464046FFF77CFF2788331D5B
:1037C0009F421FD9C6F57F42FC321744621B134447
:1037D000C3F34E0305EB4302BFB20021104626801F
:1037E00025F813700192FFF765FFB8F80030019AD1
:1037F000BB4234BF414649462846FFF789FF2B8824
:10380000043B2B8022882B889B1A2B80002120468A
:10381000FFF750FFA31C18463246002129F0A6FCF2
:103820000346184603B0BDE8F083091A70B5044694
:10383000861C8DB23046FFF739FFA84204D0C0F392
:103840004F0304EB4306F5E7304670BD2DE9F84F12
:103850000446002900F09A800D1A023DC5F34E057A
:10386000038830F8158008F1040909EB45099844EC
:10387000C9F34E091FFA88F8032D00EB450B00EB46
:10388000490AA0F8008061D03BF8023C002B5DD0D3
:10389000871C3846FFF70AFF08F10408A4F80080E7
:1038A000C0F34F003BF8028C04EB40063046FFF7B4
:1038B000FDFE404505D0C0F34F00374604EB4006FF
:1038C000F4E741463846FFF7F5FE30460021FFF7A2
:1038D000F1FE5046FFF7F2FE58B3238804332380ED
:1038E00034F8192033889A420DD9AAEB04081FFA3C
:1038F00088F83846FFF7DAFE404509D0C0F34F009C
:1039000004EB4007F5E751462046FFF78EFF0746D8
:103910005046FFF7CBFE01463846FFF7CBFE0021AD
:103920005046FFF7C7FE34F8193032880433134489
:10393000338034F8153032880433134433803246F0
:1039400039462046BDE8F84FFFF7E2BE5046FFF784
:10395000B5FEE8B151462046FFF767FF06465046E0
:10396000FFF7A4FE01463046FFF7A4FE34F81530F9
:1039700034F819200433134424F815305A463146DC
:103980002046FFF7C5FE238804332380BDE8F88F67
:103990005A46A11CD5E72DE9F347044600680E46B8
:1039A00015461F4668B329F024FD00F101094FEACE
:1039B00059091FB3012F26D04FF0000A00F0010073
:1039C000D046CA4536D0022F02D1338853452DD078
:1039D000E8B185F8008023680DF107011878E4F755
:1039E0005DFF20BB23689DF80720013323602B78FF
:1039F000134305F8013B0AF1010AE2E733884B451E
:103A0000DAD0072013E033884B45D5D2F9E7236895
:103A10000DF107011878E4F741FF40B9236801333D
:103A200023609DF807301B012B70D4E7242002B0DF
:103A3000BDE8F087A6F800A00020F8E72DE9F047E0
:103A4000DFF898800D4616468246002402F1FF39C1
:103A500057461AF8010BA0B35C2824D19AF800202D
:103A6000A2F10903DBB2172B0DD95C2A0FD138461E
:103A700029F0BFFC51460246384629F05DFB1AF892
:103A8000013C23B9E4E728FA03F3DB07EFD41CB1C8
:103A90001AF8023C002BDBD14C4511D0631C45F8D1
:103AA0002470DCB2D4E70938C3B2172BEFD828FA58
:103AB00003F3DB4313F00103E9D10AF8013CC7E744
:103AC000072005EB84050023B44204D2013445F8F5
:103AD000043BE4B2F8E7BDE8F08700BF13008000C4
:103AE0002DE9F04F85B00446019100284FD00378AE
:103AF000302B16D1437803F0DF03582B11D1023459
:103B00000125002600274FF0FF3A6FF0704B207818
:103B10000DF10F013DB1E4F7C1FEE8B105B0BDE81C
:103B2000F08F0025EDE7E4F7B1FE0028F6D1194B40
:103B30004FF09932BB4208BFB24228D30A21A6FBFC
:103B4000012301FB07330FE014F8010F0028DED139
:103B5000019BC3E90089E1E7BB4508BFB24516D325
:103B60003B0143EA167332019DF80F60002716EB04
:103B7000020857EB03094FF000004FF0000124BF8B
:103B80000120002150EA010346464F46DCD00720C1
:103B9000C4E700BF9999991913B50C466946FFF718
:103BA0009FFF40B9DDE90023002B08BFB2F5807FFD
:103BB00034BF2270072002B010BD13B50C46694611
:103BC000FFF78EFF40B9DDE90023002B08BFB2F5F7
:103BD000803F34BF2280072002B010BDF7B50D46EC
:103BE00010B9072003B0F0BD03782D2B14D101309C
:103BF00001246946FFF774FF0028F3D18CB96FF0F8
:103C00000046DDE9002300279F4208BF9642E8D323
:103C100004B152422A60E5E72B2B08BF0130002493
:103C2000E7E74FF00046ECE713B50C4601A9FFF7B4
:103C3000D5FF30B9019B03F18002FF2A94BF2370A6
:103C4000072002B010BD08B1E3F730B90720704774
:103C500008B1E3F712BA0720704707B500230190B7
:103C6000ADF8022001A80A460DF10201FFF793FE0C
:103C700003B05DF804FB07B50123019001A8FFF72D
:103C80008AFE03B05DF804FB0223FFF784BE0068E0
:103C900008B510B129F0ADFB80B208BD006808B1CD
:103CA000E4F7ECBD704710B50023DAB2013350F8E9
:103CB000224014B141F82240F7E710BD0023DAB2E8
:103CC000013350F822100029F9D11046704713B57E
:103CD0000C466946FFF704FF38B9DDE90023012BE4
:103CE00008BF002A34BF2260072002B010BD08B50B
:103CF000FFF7EDFF08BD13B50C4601A9FFF7E7FF7D
:103D000020B9019B003B18BF0123237002B010BDF6
:103D1000838D0BB908238385C38D0BB90123C3851C
:103D2000036B13B94FF47A730363838E13B940F6B0
:103D3000B83383867047034608461A6A0AB1996AFF
:103D400010477047034608465A6A0AB1996A1047F5
:103D5000704700004FF6FF7210B542640246002320
:103D60000A4980F84830C0E90F33C36442F8501F55
:103D70008265074A4366C0E91720044600F15C01EA
:103D8000044803F0B9F8204610BD00BF153F0200FB
:103D90002D400200AC85002010B504465030E4F7F9
:103DA000CDFEB4F84C300133A4F84C3010BD000007
:103DB000F0B58DB00446E1F780FD00230A93ADF81D
:103DC0002C300646234602AD04F1100718685968E6
:103DD0002A4603C20833BB421546F7D106AD03F1AC
:103DE0001007186859682A4603C20833BB421546B3
:103DF000F7D194F836308DF82C3094F8373094F8A9
:103E000038202448DB0043EA02139DF82D2003F0FC
:103E1000180322F0180213438DF82D3003F066F8D2
:103E2000054648B33046E9F79BFF042201900DEBAD
:103E300002012846E4F75AF888B9A18DEB8B8B4232
:103E400011D3154A134845F2A8032946D35AA4F8BA
:103E50004E3002AAB4F84C3003F05CF848B1284662
:103E6000E3F719FF08E02846E3F719FF0028E8D038
:103E7000F5E7A38F0133A387E38D013B9BB2E38575
:103E800004F1500023B1216BE4F7A2FE0DB0F0BDA8
:103E9000A18EF9E7AC85002008350020826D00F185
:103EA00050039A4270B5064627D10C4605460FCC02
:103EB0000FC50FCC0FC50FCC0FC594E8070085E8E0
:103EC00007003046FFF724FF336B002B17DB4FF65C
:103ED000FF737364337CA3F1FF025342534186F8AE
:103EE0004830B6F84C3000240133C6E90F44A6F838
:103EF0004C30FFF75DFF204670BD0520FCE7072032
:103F0000FAE7C38D01460BB1FFF752BF3C31FFF713
:103F100019BF00000148FFF7F4BF00BF8CB50020B7
:103F20002DE9F0431D46836D00F150079F4289B093
:103F300004460E46914676D02B78812B73D1AB8800
:103F4000B0F84C205BBA9BB29A426CD10423098C26
:103F50000DEB03023046E3F768FF002863D10198B8
:103F6000E9F7FEFE02AA019009F1100309F1200E03
:103F70009046186859689446ACE8030008337345C6
:103F80006246F6D1E1F799FC019B318CC01A4FF6DD
:103F9000FF73984228BF1846F38B5B1AADF81A30AE
:103FA000EB885BBAADF81C3099F824308DF81E30E0
:103FB000E38F0133E387236C82B21844B4F84630B0
:103FC000ADF81820934238BF1346A4F84630B4F831
:103FD00044302064934228BF1346A4F8443094F838
:103FE00048305BB9E38D4BB9EB88B4F84E205BBA2F
:103FF0009BB2934202D13846E4F7A0FD41462046E9
:10400000FFF799FE94F848306BB9E38D5BB9EB8804
:10401000B4F84E205BBA9BB2934204D104F13C0148
:104020002046FFF78FFE09B0BDE8F083FFF778BFA9
:10403000012310B5037003460021064A416043F88E
:10404000082F044603618022143029F08FF820469F
:1040500010BD00BFFD410200F8B50E46174600F145
:10406000140400F19405AC4210D0A37C9B070BD53F
:10407000E3694BB121463046EBF7BDF93F2803D940
:10408000237E3B700020F8BD2034ECE71720FAE7D0
:104090004B7CC3F3C0001B0709D58B7C5A0705D4A2
:1040A000087CA0F1400358425841704700207047F7
:1040B00043680BB10148184718467047083500207F
:1040C00003460846597C027CC90905D0197C9142F7
:1040D00004D11946EBF7EEB8802AF9E700207047C3
:1040E00038B505460C46E1F7E8FB00F5922000F5EF
:1040F000787060B1E061E16905F10800E4F781FDE5
:1041000021460448BDE838400022EBF785BF012373
:10411000E361F0E78486002010B50C460348ECF715
:10412000E2F8A37C6FF34103A37410BD84860020E2
:104130002DE9F041DFF8748088B0054600F11404E1
:1041400000F194060027B4422DD0A37C9A0701D435
:104150002034F8E7019702AA01A94046FBF72EF8A0
:10416000B0B902A92846FFF793FF0028F3D02146F3
:1041700002A8FFF7A5FF0028EDD002A92846FFF707
:1041800097FF0028E4D021462846FFF7C5FFDFE768
:10419000E369002BDCD1A37CDB07F4D5214628465C
:1041A000FFF79EFFD4E708B0BDE8F0818CB2002095
:1041B00073B504466846E4F758FC04F1140504F1AD
:1041C0009406B54212D0AB7C9B0709D5E96939B199
:1041D000009B5B1A002B05DB29462046FFF79CFF5E
:1041E0002035EEE76846E4F74BFCF9E7694604F151
:1041F0000800E4F710FD02B070BD00000148FFF7B1
:10420000D7BF00BFA487002010B50A468AB00C466D
:104210000C482023072101F063FC80B120212046B7
:10422000E4F7D8FE18B120212046E4F7D3FE20237E
:104230000093044802AB2246072101F061FC0AB05A
:1042400010BD00BF6835002070B5D2B0224B03937B
:10425000044614A80E46154602F0A6F9204604A905
:10426000FFF7D2FF4FF4807414A802F0B2F9327C49
:104270000732D208314614A802F0B1F9042203A98A
:1042800014A802F0ACF90122294614A802F0A7F9FB
:10429000202204A914A802F0A2F90CA914A802F083
:1042A000A4F906F108000CA90190EAF700FF0198B3
:1042B000EAF762FF68B12B78013C0133A4B22B709E
:1042C000002CD1D1012414A802F07BF9204652B071
:1042D00070BD0446F7E700BF7770616E73B50024C8
:1042E0000E4605468DF806408DF8074000F1140390
:1042F00000F194018B420FD09A7C920739D5DA698C
:1043000032B13CB1E069121A34EA220428BF1C46DB
:104310002033EFE71C46FBE74CB3A37C9B0703D598
:1043200021462846FFF7F8FE0023E361727CD3099B
:1043300014BF317C8021C2F380022046EBF739FFA5
:1043400031462046EAF7F2FF0DF1070231460A48EE
:10435000FBF768F89DF80730237621460DF1060239
:104360002846FFF771FF05482146EBF737FE02B0FC
:1043700070BD1C46D8E700BF8CB2002084860020A8
:104380002DE9F04188B00023244F254E01930546C6
:1043900002AA01A93846FAF711FF00283AD102A96A
:1043A0002846FFF775FE0028F2D002A92846FFF73D
:1043B0007FFE0028ECD105F1140405F19408444572
:1043C00019D0A37C9A0701D42034F8E7214602A82B
:1043D000FFF776FE0028F7D0E369002BD8D09DF8D0
:1043E00019305B07D4D50023E36101222146304612
:1043F000EBF712FECCE734683CB1214602A8FFF788
:104400005FFE0028C4D16469F6E702A92846FFF7D9
:1044100065FFBDE708B0BDE8F08100BF8CB20020A9
:1044200084860020037810B5044653B18A0506D56A
:10443000FFF77EFE2046BDE81040FFF7A1BF8B07C7
:10444000F9D410BD4308C207CB5C54BF180903F070
:104450000F0070470149FFF7F5BF00BF5A00002069
:104460002DE9F0470F46812181461446E4F7A2F971
:10447000802805462AD81CBB0135ADB20126A81BF1
:10448000DFF84CA0DFF84C8081440024AE4219D202
:1044900019F8013D303BD8B2092817D806F00701BA
:1044A00001EB810124B2514404EB8404FFF7CAFFFD
:1044B00008EB0401FFF7C6FF01360446B6B2E5E794
:1044C0000026DCE73C700020BDE8F0870720FBE712
:1044D000000000202800002037B50D4600220DF115
:1044E0000701FFF7BDFF044628B99DF80700FFF755
:1044F000B1FF30302870204603B030BD07B501222F
:104500000DF10701FFF7ACFF20B99DF80700003857
:1045100018BF012003B05DF804FB353020F0010026
:104520000078C0F30110704770B50025056004469F
:104530001646E4F7F5F823460B4AA08043F8082F07
:10454000C4E904342346094AC4E90655C4E90855B8
:1045500043F8282F236304F12403C4E90D35C4E98B
:104560000F556664204670BDFB4B02002B510200C4
:1045700010B50A4605480021ECF70EFF044610B1BD
:104580000021E3F7B3FB204610BD00BFB485002037
:104590000149FFF7EDBF00BF2814050013B5032242
:1045A0000446012101A8E3F74CFB01A92046FFF7CF
:1045B000DFFF02B010BD10B50C46114644B1022217
:1045C000204600F0C8FE28B12046E3F764FB002433
:1045D000204610BD204600F0D6FE0028F8D0F3E7B4
:1045E00013B504460191FFF7D3FF019B014600225A
:1045F000204602B0BDE81040FFF7DDBF13B504460A
:104600000191FFF7CBFF019B01460022204602B03B
:10461000BDE81040FFF7CFBF13B504460191FFF787
:10462000BDFF019B01460122204602B0BDE81040BB
:10463000FFF7C1BF10B50C4611463CB1204600F053
:10464000E9FE28B12046E3F726FB0024204610BDF2
:10465000204600F098FE0028F8D0F3E713B5044692
:104660000191FFF795FF019A0146204602B0BDE88F
:104670001040FFF7DFBF13B504460191FFF78EFF2F
:10468000019A0146204602B0BDE81040FFF7D2BFB4
:10469000436C18472DE9F8430646104689461446F0
:1046A0009846FFF73AFF074608BB3046FFF770FF12
:1046B0000546F0B149463A46353400F06CFD24F029
:1046C000010405F1350323F0010362885A8028466E
:1046D00000F090FD424629463046FFF7D9FF0446D8
:1046E00010B12846E3F7D7FA2046BDE8F88307243F
:1046F000FAE70324F8E713460A460321FFF7CABF87
:1047000013460A460221FFF7C5BF70B505460846A5
:1047100011461E4600F095FE044670B1382231461F
:10472000E3F7E4FB58B9F16A05F10800E4F769FA28
:10473000012221462846E3F71BFD204670BD204696
:10474000E3F7A9FA0024F8E738B504460D46E3F785
:104750002FFD236904F10800984205D023680BB1AE
:104760005B680BB9E4F7EAF92846BDE83840E3F79F
:1047700092BA73B514461D46069A9DF81C300192F4
:104780000093FFF7E1FF666A46B1DDE90032A06AF7
:104790002946B44602B0BDE87040604702B070BD23
:1047A00037B505460846C98B0192383989B200F001
:1047B00048FE044658B10146019A2846FFF768FFB3
:1047C00028B1204603B0BDE83040E3F764BA03B037
:1047D00030BD02460846C98B372900D8FEE7383974
:1047E000382389B2E3F721BB2DE9F04192B00446AA
:1047F0000D46014602A800F03EFE0B274FF00008D0
:10480000029EBEB1314604A8FFF7E3FF35B1102286
:1048100029460DEB020028F073FC38B9CDE900877A
:10482000002304AA31462046FFF7A3FF02A8E3F7BE
:104830005BFDE5E712B0BDE8F08110B5002104464C
:10484000FFF7D2FF04F12400BDE81040E3F7DDBC20
:10485000FFF7CABF2DE9F04395B004460D46014667
:1048600004A8164600F007FE17274FF00B084FF07C
:1048700000090499B1B106A80391FFF7AAFF0F9BA5
:104880000399AB420AD1109BB34207D1CDE90098FE
:10489000002306AA2046FFF76CFF002704A8E3F7D1
:1048A00023FDE6E7384615B0BDE8F0832DE9F74370
:1048B0000D460146684616461C4600F0DCFD05F133
:1048C000350706F1100827F00107DDF80090B9F16F
:1048D000000F22D049462046FFF77BFF10224146B9
:1048E000A01828F00DFCE0B9228C738C9A4221D1DB
:1048F0002846FFF712FE012820D90238C0B201284D
:1049000018D809F1350323F001035A887B8852BA7D
:104910005BBA92B29BB29A420CD1484603B0BDE852
:10492000F083237CFF2BDFD004F11800EAF719FC99
:104930000028D9D16846E3F7D7FCC6E749462846A0
:1049400000F04FFD0028F5D0E7E702460846C98B86
:104950003839382389B2E3F7A6BA2DE9F04190B08F
:1049600002AB0C4606461746FFF7A0FF0546204659
:10497000002D51D0FFF7D1FD032829D8DFE800F042
:10498000383D1002353424F00104637803BB0B2258
:10499000CDE9003202AA29463046FFF7EAFE17E0C9
:1049A00004F1350323F001035B78A3B99DF83D3092
:1049B0009A0707D543F00103294602A88DF83D3038
:1049C000FFF7C3FF0B9B1BB929463046FFF7BCFE20
:1049D00010B0BDE8F0813F2BFAD92946204600F0FF
:1049E00000FD0028F4D00023CDE900732346D1E771
:1049F0003A4621463046FFF783FEDDF82C80B8F1B9
:104A0000000FF0D09DF81830FF2BECD10C9800234C
:104A10003A462146C047DBE7FFF77FFD0128D7D89C
:104A20003A4621463046FFF766FED1E70246084681
:104A3000C98B2B2900D8FEE72C392C2389B2E3F748
:104A4000F4B903680179427959431846B1FBF2F190
:104A50000131E3F791BE0122036802FA01F14279C4
:104A6000007901394B43B3FBF2F35843704710B55B
:104A700004468179FFF7EFFF236803F5433303F51D
:104A8000A073184410BD81790131C9B2FFF7E3BFAB
:104A900038B5074A04460D46FFF746FD054A23464A
:104AA000294604F14800ECF7CEFB204638BD00BF94
:104AB0001F4B0200CF50020037B5B0F85830CDE997
:104AC00000219BB900F148052846ECF7A5FD0446F6
:104AD00048B9DDE900212846ECF734FC044610B162
:104AE0002846ECF7B9FD204603B030BD0024FAE7B4
:104AF00038B5B0F8584005463CB14830ECF7ACFD4D
:104B0000044610B92846FFF798FE204638BDB0F895
:104B1000583013B14830ECF7DBBC0D207047FFF77D
:104B2000F6BF2DE9F0439FB0054606AE02A8E3F7B5
:104B30009CFF3046E8F71FFD294604A800F09BFCC7
:104B400010AC4FF01C084FF00009049F002F4CD010
:104B500039462046FFF73DFE02991B9A8A1A002A21
:104B60003EDB9DF875309B0702D59DF874205AB93D
:104B7000CDE900980023224639462846FFF7F9FD83
:104B800004A8E3F7B1FBE0E71C9B5B00013A1C9330
:104B900020460B4439468DF874201B93FFF7D5FE51
:104BA0009DF875C01CF0010F1AD114AB0FCB0DF19D
:104BB000280E8EE80F00BDF86030ADF83A3094E86A
:104BC0000F0086E80F009DF83D30CCF3800C6CF3AD
:104BD00004133246394628468DF83D30FFF7E0FD94
:104BE0001B9902A8E3F74CFFCAE702A905F10800E8
:104BF000E3F7FBFF1FB0BDE8F083C068FFF791BF8C
:104C000070B58CB00D46164600F044FC35350446B0
:104C100025F0010514B304F1350323F0010369887D
:104C20005B8849BA5BBA89B29BB2994211D102A89A
:104C3000E8F7A1FC214601A8FFF7F8FEBDF82A20FD
:104C4000738C9A4205D11022B11806A828F058FAA0
:104C500020B12046E3F70FFB0446DBE720460CB00B
:104C600070BD10B51C46FFF7CBFF50B1C18B2C397E
:104C700089B200F0E6FB0028206014BF002003206A
:104C800010BD1720FCE72DE9F0418EB00146054626
:104C900001A800F0F0FB0024A0462646019FA3B225
:104CA000A7B104A8E8F767FC394603A8FFF7BEFEE2
:104CB00026B1039BA3EB0803002B02DADDF80C807E
:104CC0003E4601A8E3F710FB0134E7E7092B03D9BF
:104CD00031462846E3F791FA0EB0BDE8F0812DE9A0
:104CE000F0418CB0054602A8174698460E46E8F7F4
:104CF00042FCE0F7E2FD04464046FFF7B8FE2044E0
:104D000001903C4602AB07F1200C206861681A460E
:104D100003C2083464451346F7D120681060A288A6
:104D20009A8031463A462846FFF76AFF80B92846FE
:104D3000FFF7A9FFF18B304600F083FB044638B142
:104D40002C2201A9E3F7D2F828B12046E2F7A3FF0D
:104D50000CB0BDE8F081214628460122E3F708FAAD
:104D60000199281DE3F74DFFF2E72DE9F0470746CB
:104D70008EB008460D4616469A46FFF7CEFB02282F
:104D8000169C0BD0032805F135032AD0BA8823F0EE
:104D90000103511C52BAB9805A8006E0534632468C
:104DA000294607F12400FFF79AFF284600F022FA6F
:104DB0002846FFF7B2FBD0B9B5F81E80B8F1000F56
:104DC00023D10024294632463846FFF761FC0546C8
:104DD000002874D0002C72D021463846FFF7B4FC6E
:104DE0006DE023F001035B78002BDED0FEE70128A5
:104DF000E7D1002CE6D005F1350323F0010393F849
:104E0000008008F00F0808F104086A46334606F1EE
:104E1000100E9146186859689446ACE803000833B0
:104E200073456246F6D1738CADF820300DF1100C4D
:104E300006F1100306F1200E18685968624603C295
:104E4000083373459446F7D196F825309DF8352000
:104E50000994C3F3001363F38202179B0A9350462D
:104E60009AF806308DF835208DF83430FFF7E9FDDB
:104E70009DF835300C906FF3000328468DF83530DF
:104E8000FFF74BFB9DF83530B0FA80F0400960F336
:104E900041038DF83530E0F710FD9DF835309B0764
:104EA000044610D50C9820440B904B4642462946A8
:104EB0003846FFF72AFC0446002883D103252846FC
:104EC0000EB0BDE8F0875046FFF7DDFDEBE70000D0
:104ED00013B5049CCDE90034024BFFF746FF02B046
:104EE00010BD00BF9017050007B500230093FFF722
:104EF000EFFF03B05DF804FB2DE9F84302F135093B
:104F000029F001091F4699F80130013B032B0646A1
:104F10008846144632D8FFF73BFB054680B320464F
:104F2000FFF7FBFA014630B1012822D007242846BA
:104F3000E2F7B1FE1AE042460221284600F02BF9C2
:104F400005F1350323F00103B9F802205A80214608
:104F5000284600F03DFA04460028E8D13A462946A2
:104F60003046FFF7C1FF04460028E0D12046BDE8E7
:104F7000F8834246284600F00EF9E8E70724F5E7F3
:104F80000324F3E773B5054608460C46164601931D
:104F9000FFF7C3FA40B9019933462246284602B0CA
:104FA000BDE87040FFF7A8BF072002B070BD4423E2
:104FB000FFF7E8BF13460A468421FFF79DBFF0B50F
:104FC0008BB000230093C36904460E461546F3B91F
:104FD0006B462A46314604F12400FFF742FE18B31F
:104FE00003281CD001A9304600F065FBA8B9276C46
:104FF00037BBA769002F2DD0386801A9E3F73EFC25
:1050000030B37B68B8682A463146984716E0026A92
:105010002946304698470028DAD017281CD0009837
:1050200060B1E2F738FE09E0009800F0E3F800997B
:105030002A462046FFF72CFB0028EED10BB0F0BD2E
:105040002B46324601A92046B8470028D1D0F5E7C3
:10505000FF68CFE7A36B43B92B78FF2BDFD02A463D
:1050600031462046FFF7A6FFD9E7E06B2A463146D6
:10507000CBE713B5044608460192009100F0BAFA56
:10508000DDE9001270B11378FF2B1ED00846FFF740
:1050900044FADDE90012C0B9204602B0BDE8104074
:1050A000FFF729BB01F1350323F0010320465B78AC
:1050B000013B032B04D802B0BDE81040FFF77FBFCF
:1050C00002B0BDE81040FFF748BC02B010BDFFF7CA
:1050D000D0BF10B592B0044603A8E3F7C6FC214642
:1050E00005A800F0C8F905990191C1B108A8E8F731
:1050F00042FA019907A8FFF799FC079A039B9B1AAC
:10510000002B07DB01992046E3F777F805A8E3F7C2
:10511000EBF8E8E7114603A8E3F7B2FCF6E703A9CA
:10512000201DE3F762FD12B010BDC068FFF7D1BFCC
:1051300070B500F1350525F0010506462B7802F023
:105140000F0023F00F0303432846144600F8043BE6
:1051500027F0E4FF298A214489B229823046BDE83C
:105160007040E2F79CBD38B500F1350525F001052A
:10517000044614220021284627F0F8FF4023204649
:105180002B700021E2F7B2FD042129822046BDE800
:105190003840E2F784BD70B504460E461546FFF769
:1051A000E2FF04F1350020F001000378457023F0A0
:1051B000300343EA0611017070BD353020F0010064
:1051C000037813F0300F04D14078831E58425841C1
:1051D000704700207047353020F001000378C3F39A
:1051E0000113012B04D14078831E58425841704767
:1051F0000020704770B500F1350424F00104054625
:10520000A37C33B1228AC38B9A4202D10121E2F7F7
:1052100096FD237803F00F03224628460433BDE8A9
:1052200070400021E2F73FBE0C2901D8C8B2704798
:10523000B1F5867F136806D80D39197013680133EC
:1052400013600D2070476FF486700144C1F307208E
:10525000187059701368023313600E2070472DE9DF
:10526000FF4100F1350727F001070E46B989B14229
:10527000054614462AD8711A0DF1090301AA89B20C
:105280000193FFF7D1FF00018DF8080001AA214624
:105290002846FFF7C9FF9DF80830019A0DF108086C
:1052A0001843A2EB0802EB8B8DF8080014FA82F485
:1052B0001C44B4F5007F0BD292B241462846E2F777
:1052C00015FE00B9BE8104B0BDE8F0810720FAE701
:1052D0000320F8E770B5044616461D46FFF7BFFFEA
:1052E00050B9324629462046E2F700FE20B9E38B4A
:1052F000353424F00104238270BD13B504461046F2
:105300000191009228F075F8009B019982B2204625
:1053100002B0BDE81040FFF7DDBF37B50B460546CC
:1053200018462F210193E3F751FA019B044640B13F
:10533000C21A92B20B212846FFF7CCFF48B9631C72
:10534000EEE71A460B21284603B0BDE83040FFF7D0
:10535000D4BF03B030BD37B504461D46FFF71BFF71
:1053600002216846E3F736FE022269462046FFF72F
:10537000DFFE30B92846FEF777F901462046FFF7F1
:10538000CCFF03B030BD37B5FF238DF80730C38B9A
:10539000B3F5007F044614D201220DF10701E2F7B4
:1053A000A5FD054650B904F1350323F00103E18B57
:1053B000198201229A742046E2F798FC284603B02D
:1053C00030BD0325FAE7082A00D9FEE7FFF7B0BE93
:1053D000353121F0010111F8042B02F00F02FFF723
:1053E000F2BF08B53530353120F0010021F0010160
:1053F00003780A7803F00F0302F00F029A4207D1F4
:105400000431043027F07CFEB0FA80F0400908BD7A
:105410000020FCE738B544220D4602210446FFF780
:10542000BAFE05F1350323F0010329465A8804F139
:10543000350323F0010320465A80BDE83840FFF7CA
:10544000C7BF10B50446E3F713F898B104F135036C
:1054500000F1350223F0010322F0010203F11001F3
:1054600053F8044B42F8044B8B42F9D11988118050
:105470009B78937010BD10B50446086818B9206079
:105480006060204610BD406820600028F8D0E2F738
:10549000F2FEF5E7006800B140687047C3880A462D
:1054A0004FF6FF718B4210B507D004890068E41AEB
:1054B000A1B2E2F796FC002010BD1720FCE738B53A
:1054C00004460D460B4601890068E2F7AEFC10B9B0
:1054D00023891D44258138BD0B880C2B13B50C4640
:1054E0001CD90D2B0BD10DF106020121FFF7E7FFAF
:1054F00018B99DF806300D33238002B010BD0E2B75
:105500000ED10DF106020221FFF7D9FF0028F4D1D8
:10551000BDF806305BBA03F20D13EDE70020ECE7AF
:105520000620EAE7C2884FF6FF739A4213B5044695
:1055300041D00DF103020121FFF7C1FF18B99DF819
:105540000330FF2B0BD14FF6FF73E380002832D1DD
:1055500023682289DB8B9A4226D202B010BD1B0938
:1055600001A92046ADF80430FFF7B6FFE8B99DF871
:1055700003300DF1060103F00F032046ADF80630AD
:10558000FFF7AAFF88B921682389C98BBDF80620D7
:10559000C91A8A4208DC1344BDF804102381A38889
:1055A000E2800B44A380D8E706204FF6FF73E38028
:1055B00000232381D1E70020CFE730B401F1350289
:1055C00022F00102CD8BD489127802F00F0204324E
:1055D000224495424FF0000405D3C0E90014028133
:1055E00030BCFFF79FBF4FF6FF720481C28030BC12
:1055F00006207047F0B500F1350626F00106828BD3
:10560000331A203B9A4285B0054600D2FEE7078C4C
:1056100014220021304627F0A9FDF78104233246E9
:1056200039462846E2F701FC044640BB337803F0D4
:105630000F03082B26D8391D321D89B22846E2F700
:10564000F4FB0446D8B9294601A8FFF7B6FF044683
:10565000A8B94FF6FF77BDF80A30BB4206D001A8C3
:10566000FFF760FF0028F6D0044608E0BDF80C10F4
:10567000F389C91A89B231822846E2F72BFB20460A
:1056800005B0F0BD0624FAE770B50446154671B1C1
:10569000FFF793FF4FF6FF7660B9E388B34209D076
:1056A000A388AB4206D02046FFF73CFFF4E7FFF7A4
:1056B00039FFEFE770BD2DE9FF410D460B22014692
:1056C00001A8FFF7E1FF044608BB2E464FF6FF771F
:1056D0004FF02F08BDF80A30BB4216D0AE4216BFBD
:1056E0003146294601F8018BCE1805F121039E426F
:1056F00011D201A8FFF7D2FE0B22002101A8FFF76B
:10570000C3FF0028E6D0044601E0002333702046A2
:1057100004B0BDE8F0810624F9E700220180428050
:105720007047438883EA012108230AB2002AB8BFE0
:1057300002884FEA410189B203F1FF33B8BF5140FB
:1057400013F0FF03F1D141807047F8B504460F46CE
:1057500015461E462BB927F0D3FCB0FA80F040095D
:10576000F8BD0544AC4207D017F8011B14F8010B33
:10577000B0470028F6D1F3E70120F1E700230160EC
:105780008380C2807047838870B50446C0889E18A5
:105790008642154608D82068184427F0BFFCA28826
:1057A0001544A580002070BD0320FCE707B5012249
:1057B0008DF807100DF10701FFF7E5FF03B05DF865
:1057C00004FB07B549BAADF8061002220DF1060137
:1057D000FFF7D9FF03B05DF804FB07B50222ADF86F
:1057E00006100DF10601FFF7CEFF03B05DF804FBD4
:1057F0000A7A012A10B5044603D0022A06D00020F6
:1058000010BDBDE810400988FFF7E7BF8388E28834
:1058100003F10800904208D8206801221844E6F7F6
:10582000FEF8A3880833A380E9E70320E8E7F8B58A
:10583000044608461146A288E6889F18B7421D46CE
:1058400008D826683244E2F7F0FA10B9A3881D445C
:10585000A580F8BD0320FCE7006810B40C46204486
:1058600011465DF8044B1A4627F058BCF8B51746A8
:1058700082888A4204460E461D4600D2FEE7C18851
:10588000D3188B4211D80368701999191844921BC8
:1058900027F052FC20682A463946304427F03EFC67
:1058A000A3881D44A5800020F8BD0320FCE7838861
:1058B00002685B1A114401608380704738B5044662
:1058C0001546A3889342084608D3216827F026FC92
:1058D00020462946FFF7EBFF002038BD0620FCE7F5
:1058E0000122FFF7EBBF10B502220C46FFF7E6FFDF
:1058F00010B923885BBA238010BD13B5044601910B
:10590000E3F7F4FD019A214602B0BDE81040FDF72F
:1059100027BF07B50190E3F7E9FD019903B05DF8F2
:1059200004EBFDF793BFCB43018099B28A4228BFB5
:105930000A464280704791422CBFC1EB0102C1EB85
:105940000202CB4392B2018099B2914228BF114624
:1059500041807047CA8B098CFFF7EDBFCB8B43802A
:1059600000220280704743880288994228BF194666
:1059700012FA81F2591A0280418070474388994295
:1059800028BF194641807047002803D001DC03205E
:105990007047012070470000024B00F003001856CA
:1059A000704700BF98170500014801F003BE00BF13
:1059B0007035002070470000014801F0E3BD00BFD2
:1059C0007035002008B500290CBF0121022192F892
:1059D000FE30034801F060FD00B1FEE708BD00BFE6
:1059E000703500201FB5FE230029ADF80E300DF1F3
:1059F0000E031446009308BF0121134618BF02216D
:105A00000848002201F0EEFB38B9BDF80E30FE2B3D
:105A100006D884F8FE3004B010BD0C28FBD1FEE798
:105A20001720F8E77035002000290CBF0121022162
:105A300008B504484FF0FF3201F04EFD0C2800D1AC
:105A4000FEE708BD703500200A46024811230521F3
:105A500001F02BBD7035002002484FF0FF320521C8
:105A600001F03ABD70350020037D23B9428A034816
:105A7000052101F031BD0D20704700BF70350020B9
:105A80001FB5044611230F220021ADF80E3027F078
:105A90006DFB0223E373002323740DF10E030093C7
:105AA000628A05482346052101F09CFB003818BF97
:105AB0000120207504B010BD7035002010B5002302
:105AC000044643820375FFF7DBFF204610BD027DCD
:105AD00022B9428A01324282FFF7D2BF70470000EA
:105AE0001FB5ADF80E300DF10E03009303481346B9
:105AF000002201F077FB05B05DF804FB7035002053
:105B00002DE9FF4115460DF10E02BDF82860009207
:105B10000F48ADF80E6000220F46984601F062FB78
:105B2000044648B9BDF80E30B34205D1324641466D
:105B3000284627F0E5FA30B1054833462A4639466B
:105B400001F0AAFC0446204604B0BDE8F08100BF85
:105B500070350020002202600246024942F8041F0C
:105B6000C2607047415C02000368012210B502FA6E
:105B700001F104460B4344F8043BC3689C420AD13C
:105B800040F2E9310020E2F7F7FD01462046BDE88A
:105B90001040E3F71DB810BD012303FA01F10368BB
:105BA00023EA0101016011B90430E2F7C7BF704771
:105BB00038B50421856804464FF47A70E2F7EAFDAF
:105BC0002918201DE2F7F4FF2368DA0702D51548EB
:105BD000F0F7B2FF23689B0702D51348F8F700FAE5
:105BE00023685D0702D51148ECF782FB236818078C
:105BF00002D50F48EDF720F82368990602D50D4825
:105C0000EEF74AFA23685A0602D50B48F8F749FF1F
:105C10002368DB0504D5BDE838400848E9F7D4BE61
:105C200038BD00BFA48A0020A08B002068AE0020F1
:105C300004B50020D4B40020CCB40020C0850020DE
:105C40000148FFF7B5BF00BF583500204378FF2B50
:105C500004D1408840BA80B204307047981C704725
:105C60004378FF2B0CBF0423022318447047FFF72F
:105C7000F7BF38B50C460546FFF7E8FF294682B264
:105C80002046BDE83840E2F731B92DE9F7430E462A
:105C90001746044602236A4639463046E2F7D0F8F2
:105CA000054698B99DF8003023709DF80130FF2B10
:105CB00010D0607002334FF002083A68C4F8022036
:105CC000A288934204F1020916D90625284603B09A
:105CD000BDE8F08304230DEB030239463046E2F7BA
:105CE000AFF8E8B901236370BDF806305BBA9BB228
:105CF00004334FF00408E0E799B24846FFF73EFE50
:105D0000A28863881344F28B9BB29A42DDD3D9F800
:105D10000030C4F806304146A01DFFF724FED5E749
:105D20000546D3E737B50C460546114601A8E28B78
:105D3000FFF701FE01AA21462846FFF7A6FF03B0A0
:105D400030BD73B5044601A80D461646FFF702FEA6
:105D500001AA29462046FFF798FF38B92378B342B5
:105D600005D0A18801A8FFF7FEFDF1E7172002B0DA
:105D700070BDF0B585B0054617460A46014601A834
:105D80001E46FFF7DEFF044670B939460DF10600E6
:105D9000FFF7F4FD32460DF106012846E2F741F81F
:105DA0000A9BBDF806201A80204605B0F0BD1FB53D
:105DB0000DF10E040094FFF7DCFF04B010BD1FB519
:105DC00014460A46014601A8FFF7BBFF10B9DDF8EB
:105DD0000A30236004B010BDF0B585B00646174602
:105DE0000A46014601A81D46FFF79CFF044668B914
:105DF00039460DF10A00FFF7C1FD2A460DF10A01EF
:105E00003046E2F70EF8BDF80C30EC54204605B0F1
:105E1000F0BDF0B585B0054617460A46014601A813
:105E20001E46FFF77FFF044670B9BDF80C309E4256
:105E30000DD831460DF10A00FFF7A0FD3A460DF1ED
:105E40000A012846E1F7EDFF204605B0F0BD062423
:105E5000FAE70123FFF7DDBF10B502231446FFF771
:105E6000D8FF10B923885BBA238010BD38B504234E
:105E70001546FFF7CEFF044618B92868E7F770FF0C
:105E80002860204638BD30B587B0044615460A461E
:105E9000014603A80193FFF754FF30B9019BBDF8F9
:105EA0000E102A462046FFF797FF07B030BD30B5E9
:105EB00085B0044615460A46014601A8FFF741FF92
:105EC00028B9BDF806102A462046FFF7C2FF05B0E4
:105ED00030BD30B585B0044615460A46014601A8D6
:105EE000FFF72FFF28B9BDF806102A462046FFF716
:105EF000B3FF05B030BD30B585B0044615460A463F
:105F0000014601A8FFF71DFF28B9BDF806102A4673
:105F10002046FFF7ABFF05B030BD30B585B0154664
:105F200003AA04460193FFF74AFF28B9019B2A46BA
:105F300003A92046E1F784FF05B030BDFE2B73B501
:105F4000054616461C4614D9FF2304228DF804107A
:105F50008DF805300DEB020163BAADF80630E1F7BC
:105F6000C5FF20B9224631462846E1F7BFFF02B0FF
:105F700070BD8DF80010022269468DF80130E1F7FE
:105F8000B5FF0028F3D1002CF1D0EBE770B5054642
:105F90000E461C46114618460BB1E2F70BFCC3B285
:105FA000224631462846BDE87040FFF7C7BF07B517
:105FB00001238DF807200DF10702FFF7BFFF03B0A3
:105FC0005DF804FB07B552BAADF8062002230DF1C7
:105FD0000602FFF7B3FF03B05DF804FB1FB50446EC
:105FE00010460191E7F7BCFE01990390042303AA30
:105FF0002046FFF7A3FF04B010BD10B5014488424E
:10600000044613D2831C994210D34378FF2B02D14C
:10601000031D99420AD32046FFF718FE204481420F
:1060200004D323789342EAD1204610BD0024FBE735
:10603000054901600021C0E90311C0E90511C0E96B
:106040000712806081847047C161020090F82420AB
:106050004368012A01D1426907E090F825201AB16E
:10606000012AF8D01846704782699B1AFAE738B5BA
:106070008368834204461DD0C56803698D4238BFDA
:106080000D46AB4216D043690561AB4212D9FFF70A
:10609000DDFF94F824302169012B014404D120460E
:1060A000BDE83840E2F784BD94F82530656113B14E
:1060B000012BF4D038BDA369AB42FBD9A561EEE753
:1060C000C38B4FF6FF7293421CBF0133C3837047EB
:1060D00090F8243010B504464BB1012B01D143692F
:1060E0008361A1692046BDE81040E2F771BD4169B6
:1060F000B1EB510F4FEA510001D9E2F73DFB00230C
:10610000A061E38384F82530EBE710B593420446A1
:10611000BDF8080000D302B9FEE7A08384F824107C
:10612000C4E90323591C1046E2F726FB60612046B0
:10613000BDE81040FFF7CCBF90F824204AB9826830
:10614000904206D0C2684169914202D04261FFF795
:10615000BFBF704790F8243010B504467BB1012BC7
:1061600008D10169C0680131E2F706FB6061204691
:10617000FFF7AEFF236A2046BDE81040184790F8AD
:1061800025202AB1012AF5D1436973B9626112E071
:10619000012380F82530D0E90513C91AE2F718FD6C
:1061A000E28BA38B9A42E5D310BD0269D11A8B42D0
:1061B000ECD85B0043612046BDE81040FFF788BF84
:1061C000FFF7C8BF1FB50446084601A9E5F75EFC06
:1061D00001A9204600F0D4F904B010BD2DE9F84F14
:1061E00013F00109DDF828A004460E4690461F462C
:1061F00002D1043B0C2B00D9FEE713464A46D0B22D
:1062000001320BB11B0AFAE79DF82C50022838BF67
:1062100002200D2D28BF0D25C5F10F039842B8BFF0
:10622000D8B2C0F10F039D42C8BFDDB20138BB1E1A
:10623000002E5FFA80FB4FEA630314BF4022002266
:106240004BEAC303134384F820312A46514604F233
:10625000211026F063FF04F22F1142460F239D42C6
:1062600005D2013B01F80129DBB2120AF7E704F578
:1062700090721146204600F089F98EB1B6F57F4F35
:1062800094F8202194F82131C6F30720F1B229D2E5
:1062900042404B4084F8202184F821314FF002091C
:1062A0002A46514684F830B104F2311026F036FF08
:1062B00005F23110C5F10F020021204426F056FFEF
:1062C0000023C4E95538C4F85C31102384F86451C4
:1062D000C4F85061A4F86091A4F8623184F8657143
:1062E000BDE8F88F83F0FE0384F8213194F8223161
:1062F00083EA166384F8223194F82331D24383EA87
:10630000164384F8202184F8233194F8242194F84A
:10631000253142404B4084F8242184F825314FF048
:106320000609BDE72DE9F843D0F85431154613446A
:10633000D0F850219342044620D80E464F1900F55C
:1063400090794FF00008B74219D0B4F86031102BA3
:1063500006D14A464946204600F018F9A4F8608163
:10636000B4F860315A1C2344A4F8602116F8010BDC
:1063700093F82021504083F82001E4E7FEE7D4F8A9
:106380005421D4F8503115449D42C4F854510BD1D6
:10639000B4F860312BB104F590721146204600F03C
:1063A000F5F80023A4F86031BDE8F8832DE9F74F34
:1063B0001D469DF830300193D0F85C319046D0F8FE
:1063C00058212B44934204460F4600D9FEE7DFF8DC
:1063D000F8A04FF00009AAEB000A00F5A07B4D459C
:1063E00050D0B4F86221102A17D194F8640104F255
:1063F0003F110AEB0102904206DA0A780132D2B26A
:1064000001F80129002AF4D05A4604F59871204673
:1064100000F0BCF80022A4F86221B4F86221019BCC
:10642000511C89B222441BBB17F80960A4F8621101
:1064300092F84021724008F80920B4F86021102A2F
:1064400008D104F590721146204600F09FF8002212
:10645000A4F86021B4F86021511C2244A4F8601112
:1064600092F820114E4082F8206109F10109B6E747
:1064700018F80960A4F8621192F84021564007F814
:106480000960DAE7D4F85C311D44D4F85831C4F817
:106490005C519D4215D3B4F860312BB104F5907274
:1064A0001146204600F072F894F8642102F231108F
:1064B0000021C2F10F02204403B0BDE8F04F26F0E6
:1064C00055BE03B0BDE8F08FD0FEFFFF70B588B0B9
:1064D0000C4605461146ADF80E300DF10E0205AB27
:1064E00020469DF83060E1F732FCBDF8183063B10A
:1064F000059A009611462846FFF758FF05AA0DF1A8
:106500000E012046E1F757FCEFE708B070BD38B543
:10651000D0E956329A4204460D4600D0FEE700F517
:10652000987100F5A07200F031F804F59071002325
:1065300094F865219A4206DD11F8012BC87F42408C
:10654000EA540133F4E738BD10B504681C604468B0
:106550005C60080E1872080C5872080A9872D9729A
:106560001A7310BD00F1080310B503604FF48C736B
:1065700083800446E0F796F800B1FEE7204610BDA0
:1065800008B5E0F794F800B1FEE708BD08B5E0F7FC
:1065900094F800B1FEE708BD10B50446E0F795F8A1
:1065A00000B1FEE7204610BD00F1080310B50360FE
:1065B000F02383800446E2F799FC00B1FEE7204611
:1065C00010BD10B50446E2F79AFC00B1FEE7204684
:1065D00010BD08B5E2F7A4FC00B1FEE708BD08B5A0
:1065E000E2F7AFFC00B1FEE708BD08B52022E2F7F4
:1065F000B8FC00B1FEE708BD0B78FF2B04BF0A23EF
:106600000B700B7801330B700B781A2B05D80268CE
:10661000DA40D207F6D5002070471720704773B5CF
:10662000FF2305468DF8073000240DF107012846A9
:10663000FFF7E2FFE6B201340028F6D0304602B0A0
:1066400070BD37B5FF238DF8073003680546ABB141
:10665000FFF7E5FF01460020E2F76EF80DF10701B4
:1066600004462846FFF7C8FF40B93CB10DF10701C9
:106670002846013CFFF7C0FFE4B2F5E79DF80700AC
:1066800003B030BD002202608280704737B50949EF
:10669000044605226846ECF7E7FB0025009B2BB17A
:1066A00083F83E506846ECF7AFFBF7E7236003B092
:1066B00030BD00BF083500207047000003689342DA
:1066C00010B40BD1144C45F24D40205C072805D185
:1066D000E9B1012914D05DF8044B704792F83E30BF
:1066E0000E485DF8044B6FF3040382F83E3092F8D5
:1066F00040306FF3060382F840301146EDF732BFA9
:1067000093F83E2042F0800283F83E20E3E793F8BE
:106710003E2042F04002F7E708350020008B0020C1
:10672000F0B585B000238DF80C300B681B781A0784
:1067300006460D4625D51B4A45F29963D35C012BCD
:106740001FD001A92846E4F743FD0746C8B91648FB
:10675000012201A9ECF7F9FB044690B1DFF7ADF88F
:10676000E777EB7DA060DB070DD4E38EC3F30D0369
:106770003BB19DF80C20012A03D10C482146FCF7BF
:1067800094FD05B0F0BD336823B909483460E3F7E0
:1067900015FCF6E794F83E3043F0200384F83E30D1
:1067A000EFE700BF08350020D08D0020018B0020CE
:1067B0005489002038B50368054613B900242046E3
:1067C00038BD0C68021D21461648EDF7DDFF002894
:1067D000F4D1296891F83E3013F01F0F237F04D1C4
:1067E00091F8402012F07F0217D043F00203237784
:1067F00091F83D102046E4F732FC23681B781B0714
:10680000DDD52B682046996BE4F77AFE2B6820468D
:1068100093F83C10E4F7BAFED1E762F34103237723
:10682000CDE700BF008B002030B51C4693F83E300A
:106830000D46590685B00FD503F0200384F83E308D
:1068400094F8403032486FF3060384F84030214614
:10685000EDF788FE05B030BD0E2A19D003D82AB155
:106860000B2A21D0FEE70F2A1ED0FBE794F8401038
:1068700062F3060184F8401003F0600384F83E30B0
:10688000009413462946021D2148EDF7B7FFE1E7C2
:1068900029680978090702D5297FC9070BD5591C32
:1068A00061F3040384F83E3094F83E30D90903D0F4
:1068B00003F06003C2E7FEE703F01F03032B01D8D8
:1068C000AB8823B994F83E306FF30403D6E728462B
:1068D000E4F7B8FB84F83D002B681B781A07B9D59C
:1068E0002B7FDB07B6D503A92846E4F7F9FD00B1F5
:1068F000FEE7039BA3630DF10B012846E4F730FE8E
:1069000000B1FEE79DF80B3084F83C30A2E700BFF1
:10691000008B002013B50122044611496846ECF7AC
:10692000A3FA009B7BB193F83E20920607D521681D
:1069300021B19A688968521A002A00DA23606846F1
:10694000ECF762FAEDE7226842B192F83E10054892
:1069500063F3451182F83E10E3F730FB02B010BD3F
:10696000083500205489002038B5036804461BB15F
:1069700000250560FFF758FF2046BDE83840FFF7C7
:10698000C9BF000037B50D4801931546FDF773FEEA
:10699000044680B1019A1021FFF709FB28B9074886
:1069A0002A462146FEF7A0FA28B1204603B0BDE8EA
:1069B0003040E1F770B903B030BD00BF2887002038
:1069C0007047E6F79DBB07B5042309BA01910DEBAB
:1069D00003023421E5F735FE03B05DF804FB000047
:1069E00037B50C46054669462046E6F7A0FBB8B920
:1069F00008236A4633212046E5F723FE80B9094A79
:106A000047F65C732046D158FFF7DDFF024638B9E0
:106A100021462846E6F73EFB21462846E6F7EAFAF5
:106A200003B030BD083500202DE9F041CEB01C4642
:106A300005460DA817460E46E5F778FC4FF484721C
:106A40000021204626F092FB39466846FEF782FF79
:106A50006A4639460DA8E5F7B1FD20B1062528465E
:106A60004EB0BDE8F0810DA8E5F798FC0028F5D1FF
:106A700001A90DA8E6F75BFB0028EFD12B78012BCD
:106A800040F0858033210DA8E5F7B3FC0028E5D060
:106A9000034609AA53F8020F596803C205F1080119
:106AA00009A8E7F773FB0028D8DD00210DA8E5F75A
:106AB000A0FC60B1B0F80330634945F256425BBABE
:106AC0008A5C9BB29A421CBF012384F805310121E4
:106AD0000DA8E5F78EFC60B18178C3785A4845F27D
:106AE000544243EA0123825A9A421CBF012384F88C
:106AF000053107210DA8E5F77CFC70B1034603AA18
:106B000053F8020F596803C25049082203A826F01F
:106B1000F7FA10B1012384F8053105210DA8E5F736
:106B200068FCD8B1821C0DF1140C00F1120310683E
:106B30005168674603C708329A42BC46F7D14448B9
:106B400009A9EEF796F8102209A905A826F0D8FAA7
:106B500020B1012384F8053184F806312B78012B0C
:106B600019D00B210DA8E5F744FCF8B9012E42D14C
:106B700094F80431002B3FF471AF297800297FF499
:106B80006DAF0DA8E5F74AFC002834D166E705F1A2
:106B9000080101A885E794F80631002BE1D12D49C1
:106BA00001A8E7F7F3FA0028DBDC57E7012390F8A8
:106BB0000280C77884F804310B210DA8E5F759FE4F
:106BC000254809A9F9F750F800287FF447AFBDF828
:106BD000243047EA0827BB427FF440AF2B7823B923
:106BE00094F80531002B7FF439AF002EBED11B483D
:106BF0002146E5F781FE0DA92046E5F765FD05462E
:106C000000287FF42CAF34212046E5F7F2FB002862
:106C10003FF425AFD0F8021094F8063109BA13B149
:106C20000F4B99420ED90F4B074A994228BF19467C
:106C300047F65C73D358994238BF19462046FFF790
:106C4000C2FE0CE70849F9E708350020288D00202E
:106C5000CC880020488800208CB200203888002092
:106C6000DF9304000014730FE0930400F0B5CBB081
:106C7000044608A8019116461F46E5F757FB224A2D
:106C8000019945F29963D35C042B0CD0FF25204673
:106C90002B463A463146FFF775FE012D14BF022000
:106CA00000204BB0F0BD08AB32462046FFF7BCFEDB
:106CB0000028EBD123788BB99DF8253173B11348A7
:106CC00008A9FFF78DFE9DF824312BB910480DF16E
:106CD0000E01F8F7C9FF60B10125D8E7002208A925
:106CE0002046E6F7D7F90028D0D10948F9F736F958
:106CF000E9E7BDF80E10074804AAF1F75BFB064868
:106D000004A9E6F701FFE7E70835002064880020C2
:106D10008CB20020A08B002054B4002010B5134684
:106D20000A4600210446FFF7A1FF20B92046BDE82E
:106D30001040E5F7A1BE10BD10B513460A4601216B
:106D40000446FFF793FF20B92046BDE81040E5F761
:106D500093BE10BD10B513460A4600210446FFF746
:106D600085FF20B92046BDE81040E6F7C9B910BD3F
:106D70008378028803B90902114489B28A4284BF28
:106D8000013189B283F0010301808370704738B507
:106D90000C46090AFFF7ECFFE1B2BDE83840FFF707
:106DA000E7BF38B50C468D18AC4204D014F8011B6F
:106DB000FFF7DEFFF8E738BD034607B51B8810462E
:106DC0004FF6FF72934218BFDB43ADF80630BDF8B3
:106DD00006305BBAADF806300DF106020223E1F78A
:106DE00062F803B05DF804FBF0B585B017460A9D64
:106DF0001E462A8CEB8B9B1A10220446ADF80230FB
:106E0000FFF7CFFF10223946FFF7CBFFBDF8021086
:106E1000FFF7BDFF3146FFF7BAFF298C01AB0DF13B
:106E200002022846E0F793FFBDF8082052B101990D
:106E30002046FFF7B6FF01AA0DF102012846E0F750
:106E4000BAFFF1E705B0F0BD1FB50024134600906E
:106E50000A4603A81031ADF80C408DF80E40FFF73C
:106E6000C3FFBDF80C004FF6FF73984214BF022019
:106E7000204604B010BD2DE9FF411E46112E4FF0F3
:106E8000000304460F469046ADF80C308DF80E30E6
:106E900021D03A2E21D0062E1AD11025218C002384
:106EA0002944ADF80A300DF10A02022389B22046C6
:106EB000E0F7F9FF4246394603A800943346FFF74E
:106EC00093FF218C2944224689B203A8FFF774FF5F
:106ED00004B0BDE8F0810625E0E70225DEE70022E8
:106EE00002600122828003228271704701480821DA
:106EF000E7F7E4B988850020026813462BB1994270
:106F000001D09B68FAE7182070478A600160184634
:106F100070470000F0B58DB002AC07460D4602F197
:106F2000200E264610685168A446ACE803000832DB
:106F300072456446F6D11068CCF800009288ACF82F
:106F400004205BBA0022ADF80430BB88ADF8012004
:106F50008DF8032080228DF800205A1CBA805BBA7D
:106F6000082269462846ADF80630E1F70EF848B920
:106F700001462846E0F7BAFE03483A23324629463E
:106F8000E7F706FC0DB0F0BD888500202DE9F04143
:106F90008EB08846149E0021174604A826221C465F
:106FA00026F0E4F80322012101A8E0F74AFEB379B4
:106FB0003A2B08D196F92830002B04DB0024204618
:106FC0000EB0BDE8F081234603F1200504AC18683B
:106FD0005968224603C20833AB421446F7D11868F9
:106FE00010609B889380154801AA0021E7F75CF99F
:106FF000054608B3082200230DEB0201CDE9023358
:107000008DF808808DF80970E0F770FF044678B9B4
:10701000282231462846E0F769FF044640B9074870
:107020003A2304AA2946E7F7B3FB04460028C5D053
:107030002846E0F730FEC2E70324C0E78885002039
:107040008379013B032B14D8DFE803F00409020F16
:10705000012070470878FF3818BF01207047087872
:10706000A0F1FF0358425841704701F10800E8F7CA
:107070005EB80020704700002DE9F0418CB0044656
:10708000154688462622002102A826F06FF82946D8
:107090002046FFF7D5FF20B9002420460CB0BDE8FC
:1070A000F081002181232548CDE900118DF80030C1
:1070B000E7F704F906460028EED004226946B8F83E
:1070C0002070E0F713FF0446A0BBB8F81E303A1D4D
:1070D00092B29B1A9BB241463046E0F71EFF04462F
:1070E00040BB05F1100306AC05F1200C1F461868E3
:1070F0005968224603C2083363451446F7D12B78FA
:10710000FF2B08D002AA28686968134603C3083514
:10711000BD421A46F7D109483A2302AA3146E7F799
:1071200037FB044630B9318C08236A463046E0F715
:107130007CFEB2E73046E0F7AEFDAEE78885002082
:107140002DE9F3410D460646098C904608236A4610
:107150002846E0F76AFE044600BB3A22414628462C
:10716000FFF772FE0446C8B99DF80030802B0DD0A1
:1071700008212846E0F7AEFD36687EB137687068B2
:107180006B4642462946B847B668F6E74246294666
:107190003046FFF771FF0028EAD00446204602B0CF
:1071A000BDE8F0810148E4F7F7BF00BF8089002007
:1071B0000148E4F781BD00BF808900200148E4F761
:1071C00040BF00BF808900200148E4F79BBD00BF9D
:1071D000808900208088033020F00300083080B2CE
:1071E000704700002DE9F04F87B0CDE9021200246E
:1071F000109FDFF890B0064698460425A2464FF04F
:1072000017097368AB4235D9082300932A4604ABAB
:10721000317A584600F05CFABDF81030029A934279
:1072200023D1BDF8123003F00602042A1DD113F059
:10723000080F039B08BF00249C4215D1B8F1000F32
:107240000ED06FB13B88BDF814209A4294BF0092D3
:107250000093317A434605F10802584600F038FAA7
:10726000BDF814A04FF00009013404A8FFF7B2FFE5
:107270000544C6E70FB1A7F800A0484607B0BDE82F
:10728000F08F00BF083500202DE9FF41DFF84C806A
:1072900005460C46164608276B68A34217D902AB71
:1072A0002246297A0097404600F012FABDF80A30CB
:1072B00003F00602042A05D11B0703D4BDF80830E9
:1072C000B34208D002A8FFF785FF0444E4E700209A
:1072D00004B0BDE8F0810120FAE700BF08350020C6
:1072E0002DE9F043057ADFF8B880B5FA85F56D0928
:1072F000C5B0044629462A4800F0BCF904263746A2
:107300004FF008096368B34236D902AB3246217A9E
:10731000CDF80090404600F0DBF9BDF80A30DA07FE
:107320002AD403F00603042B21D102A8FFF752FF51
:10733000BDF8082081192046FFF7A6FFB8B902A8BA
:10734000FFF748FF217A009002AB3246404600F03A
:10735000BFF902A8FFF73EFF3A46009002AB29466C
:10736000404600F0A1F902A8FFF734FF074402A845
:10737000FFF730FF0644C5E704262946094B0848B5
:107380000096002200F090F9074B217A04480096FD
:10739000002200F089F92572676045B0BDE8F083EE
:1073A000083500209C170500A0170500F0B54568BA
:1073B000AB0785B0044610D10A4F04262368AB42C0
:1073C0000ED903AB217A00962A46384600F080F9A0
:1073D000039B013301D10435F0E72046FFF780FF1E
:1073E00005B0F0BD0835002030B5C5B00446BDF885
:1073F0002051ADF8081052B94FF6FE72ADF80A20D0
:10740000FF2D4FF6FF72ADF80E2003D9FEE74FF6C1
:10741000F672F3E719462A4604A825F07FFE02A873
:10742000ADF80C50FFF7D6FE2368181A032800D8D1
:10743000FEE76368984220D302A8FFF7CBFE62689C
:10744000217A009002AB134800F02EF9BDF80A3003
:107450006268217A0F4823F00203ADF80A3008234E
:1074600000936B4400F020F902A8FFF7B3FE6368B5
:1074700018446060002045B030BD2046FFF730FF63
:1074800002A8FFF7A7FE2368181A63689842D3D2B0
:107490000320F0E70835002007B5009313460122CA
:1074A000FFF7A2FF03B05DF804FBF7B51F4600230A
:1074B000164600931A460D460446FFF793FEA0F1C8
:1074C00017014A424A410097334629462046FFF7B2
:1074D0008BFF03B0F0BD00002DE9F04FDFF8A0A056
:1074E00085B0064688461746042400254FF0170B42
:1074F0004FF008097368A3423ED902AB317ACDF848
:1075000000902246504600F0E3F8BDF808304345AD
:107510002DD1BDF80A3003F00602042A27D113F05A
:10752000080F08BF0025BD4201D07A1C0DD123F001
:107530000403ADF80A30317ACDF8009002AB224650
:10754000504600F0B1F84FF0000B012D0ED16FB98D
:10755000BDF80A30317ACDF8009023F00803ADF879
:107560000A30224602AB504600F09EF8013502A8D0
:10757000FFF730FE0444BDE7584605B0BDE8F08F84
:107580000835002037B504460021084800F072F89D
:1075900004250022064B05480095114600F084F8AA
:1075A00000232372656003B030BD00BF08350020A2
:1075B0009C170500F0B5044685B020481F4E204FAB
:1075C00000F040F81D4800F04FF8002320602372BF
:1075D000217A012904D92046FFF7D4FF05B0F0BD78
:1075E000042502AB00950022304600F071F8029BA2
:1075F000BB4203D0237A01332372E9E70F4E656063
:107600000825D4E90032083B9A4212D802AB217A0D
:107610000095304600F05CF8BDF80A30DA0708D46F
:107620009B0706D402A8FFF7D5FD63681844606085
:10763000E7E72046FFF7BAFED0E700BF0835002095
:10764000EEC55CBE044B054A1A60054B9B1A5B0BEA
:10765000044A1B031360704748F6002000C00F0067
:10766000000010004CF60020014B1868704700BF66
:107670004CF60020F8B50A4E0A4F0D460024336838
:10768000A34200D8F8BD3868204405B1184400F082
:1076900033F800F037F80028FBD104F58054EEE70A
:1076A0004CF6002048F6002010B4074C2468104621
:1076B0002044019A11B10549096808445DF8044B5A
:1076C000194600F029B800BF48F600204CF600200B
:1076D0001846074B1B6810B414461C44019A11B19C
:1076E000044B1B681C4421465DF8044B25F016BD75
:1076F00048F600204CF6002008B525F06BF8002075
:1077000008BD0000034BD3F80004013818BF012066
:10771000704700BF00E0014008B525F077F8002071
:1077200008BDD0E95432013342F10002C0E95432BD
:10773000D0F83821F0B5002A4BD0D4104B1E9D0054
:10774000C4EB83031A44002AD8BF0122C0F83821B1
:10775000002BD0F83C21B8BF631BA3EBA20313445A
:10776000002BD8BF0123C0F83C31D0E94E3213447E
:10777000D0F848219A4201D9C0F848310023C0F816
:107780002831C0F84031D0E94E43D0F8442103EB12
:10779000E4039B10934238BF1346C8330231914231
:1077A0004FEAE3774FF0000538BF1146AF4208BFFC
:1077B0008B4228BF1946B1F57A4F88BF4FF47A4300
:1077C000C0F8301188BFC0F830310023C0F84C3108
:1077D000F0BD4B01CA00C0F83831C0F83C21134459
:1077E000CAE72DE9F0411746984600220023C0E978
:1077F000002304460E46002F01DCBDE8F0813578F9
:107800002B46002DF9D0012D13D0012FF5D075781E
:10781000012DF2DDAF42F0DB082B08D8023B062B2E
:1078200007D8DFE803F009183A4406062700222BA0
:107830004ED07F1B2E44DEE7042DFAD1B8F1000FA5
:10784000F7D0236843F0010323607088A083E9F731
:10785000B0F9A083EDE7032DEBD1B8F1000FE8D02C
:10786000236843F002032360B3780E2BA8BF0E23D6
:10787000A377DEE70A2DDCD1236843F010032360F1
:10788000D6F80200A060E9F797F9A060D6F80600E4
:10789000E060E9F791F9E060CBE7022DC9D1B8F1DA
:1078A000000FC6D0236843F004032360C1E7022D14
:1078B000BFD0AB1E03F0070252EA0802B9D122681A
:1078C000DB1042F08002E377B31C22602361B0E753
:1078D000B8F1000FADD0236843F480732360AB1E72
:1078E000DBB284F8203013B1B31CA361A1E70023FD
:1078F000FBE700002DE9F003D0E94289D0E94067B9
:10790000D0F8F431D0F8CC404F4508BF46452CBFE5
:1079100043F0020323F002030C1B012A0D46C0F8BA
:10792000EC41C0F8F4311ED1D0E944674F4508BF9F
:10793000464523D2D0F834114E00D0F8E411A642C7
:10794000D4BF8C190C19E7174F4508BF444525BF14
:10795000A4EB080443F00103C0F8E441C0F8E4419B
:1079600028BFC0F8F4310B4B5B6A7BB1C0F8F05113
:107970001146BDE8F00300F5F470184723F0010349
:10798000C0F8F4310023C0F8E431ECE7BDE8F003BF
:10799000704700BFA02005000B46511E70B4072998
:1079A00014D8DFE801F02126134B13131304D0F889
:1079B000C81011F4801F09D1D0F8D040C0F8184188
:1079C0004E0103D541F00061C0F8C81031498C6AFE
:1079D000002C5DD013B19B68C0F8F03123461146EE
:1079E00070BC00F5F4701847D0F8C81011F0005FB3
:1079F000E1E7D0F80851D0F80041D0F8C810AC4207
:107A0000A8BF2C4621F0005121F4801104EBD4745E
:107A1000C0F8C8106410D0F83411B4FBF1F4022C93
:107A200038BF02240026A4FB0145C0E94445C0E953
:107A30004216C0F8C060C0F8E461C7E7D0E95A4513
:107A4000D0F86411C0F81811C0E94245D0E95C458E
:107A5000D0F8C810C0E944458D0244BF41F48011FC
:107A6000C0F8C810D0F8C8104C0044BF41F0005115
:107A7000C0F8C810D0F8D010C0F8D410D0F8C81092
:107A800021F40051C0F8C8100021C0F878119DE71A
:107A900070BC7047A020050008464022002125F058
:107AA00065BB0000D0B5044690B06946FFF7F4FF0F
:107AB000D4F8383143BB049931B301F12003C4F841
:107AC0004831DDE9062352EA030004BF01EBD1721D
:107AD0005210C4F83C2102EBA1025210C832D4F873
:107AE0004431C4F83811D71700218F4208BF9A4299
:107AF00038BF1A46B2F57A4F88BF4FF47A43C4F8BC
:107B0000302188BFC4F83031DDE9026756EA070248
:107B1000D4F8343109D000215800B94208BFB0422E
:107B20003CBF30463946C4E94401D4E9420100294A
:107B300008BF01280CD1C4F808310023C4F80C3167
:107B40000C4B1B6A13B104F5F470984710B0D0BD0C
:107B500040F68E0293424FF0000203D95B00C4E965
:107B60004232EDE7B3F5896F2CBF03EB43039B0073
:107B7000F5E700BFA02005007FB50C461946637BE2
:107B8000089D0646104613F004020BD113F0100FA7
:107B90000AD004230293A368CDE90023234632468A
:107BA00002F01EFF04B070BD9B074FF014024FF0AF
:107BB0000003CDE90132636848BF01351D440095DB
:107BC000ECE738B50368044623B12378FE2B0FD0C9
:107BD000002038BD4368002BF7D18368002BF4D117
:107BE000C5680120E8F7E8FF8542EED10120F0E703
:107BF000607800F0C000A0F1800358425841E8E7E7
:107C00002DE9F043154691B06A1CDDF86080064608
:107C10000F461C4607D0013703D032493248E8F7F7
:107C20009DFFA5F138074146304602F073FF8046BC
:107C300089464FF4ED7558EA0903C6F83451C6F881
:107C40001C5109D1002C3CD040220021204611B00B
:107C5000BDE8F04325F08ABA1FB1292F3D46B8BFD1
:107C6000292569463046FFF717FF5CB16B460DF1D9
:107C7000400C1A4603CA624520606160134604F155
:107C80000804F6D1DDE9002352EA03011CD0424585
:107C90001446A8BF4446383CAC42D6F8C830A8BF0A
:107CA0002C46402C03F08802B8BF4024802AC6F836
:107CB0001C4104D1013701D0DB0500D50C3CC6F8CE
:107CC000344111B0BDE8F08306F14000A8F138045A
:107CD000FFF777FF0028DFD1B4F5ED7FA8BF4FF4A1
:107CE000ED74D9E7E31A0500A417050030B50D4679
:107CF00097B0044618B90A490A48E8F72FFF02ABC3
:107D000010220021184625F031FA06AB00904FF002
:107D1000FF3229462046FFF773FF17B030BD00BF82
:107D2000F21A0500B11705002DE9F04F2DED028B79
:107D30001C4695B00D4608EE100ADDF88CA093465F
:107D4000E8F7D0FE23686F7B089008EE903A002396
:107D5000C4F8DC3194F85530012B3E4603D8514924
:107D60005148E8F7FBFE94F855300A2B03D14D49F2
:107D70004E48E8F7F3FE089BC4F8203194F85530DC
:107D8000032B04D94A4A0821204603F09BF894F8B3
:107D90007D21EB899340DA171946D4F8C830CDE934
:107DA00004125A0142D59DF88810380648BF23F0C6
:107DB000805301F0030148BFC4F8C830032902BF53
:107DC000D4F8C83043F08053C4F8C830394B5A6BEC
:107DD0002AB30329D4F8F4315BD000295ED195F998
:107DE0000D10D4F8F4310029D4F8C810B4BF43F012
:107DF000200323F0200389074CBF43F0040323F042
:107E00000403C4F8F43104F5F4709047D4F8F43165
:107E10001B0704D564220121204603F053F878069D
:107E200004D5012229462046FFF7B6FD2A7B120918
:107E30009200C7F34003143A05F114010AA8FFF7B2
:107E4000D0FC0A994FF0000901F010024B46134391
:107E50000FD00D9868B1D4F88831A0EB0308CDF8A5
:107E60003480E8F741FEA8EB00004845C8BFCDF8D4
:107E70003490D4F8C830D90522D40A99002301F0EF
:107E8000100213432BD0074A0B490C48E8F755FE64
:107E900025E043F01003C4F8F431A0E723F0100309
:107EA000F9E700BFD41A0500C0170500D017050078
:107EB00000DD6D00A0200500E3170500181805007F
:107EC0000A99002301F01002134308D1BB4ABC49B0
:107ED000BC48E8F732FED4F8C830DA05CDD594F8BE
:107EE0005530022B60D1BB0740F1CD810A990023A8
:107EF00001F0020213430BD0D4F8C830980641BFFA
:107F000043F04003C4F8C8309DF8463084F87D3112
:107F1000EA890023C4E9402301F01002002313433F
:107F20000CD0D4F8C83043F48073C4F8C8300C9B2C
:107F3000C4F88031E8F7D8FDC4F884010A99002319
:107F400001F00102134304D0BDF844102046FFF7AE
:107F5000CDFED4F8C8309A050AD50A9A002102F05D
:107F6000040050EA010204BF23F40073C4F8C830CF
:107F7000D4F8C830002B17DA0A98002100F4807278
:107F80000B46134300F0F8800B4600F00102134348
:107F900018BFBDF84410109B9DF8482008BF40F260
:107FA000C441204603F08DFD94F85530042B40F079
:107FB0006A816A68D4F8EC309A4240F0648107F034
:107FC0003703102B40F05F81D4E934329A4240F0FD
:107FD0005A81DDE90423134300F05581D4E940239D
:107FE000DDE904018B4208BF824240F04C81D4F8A5
:107FF000C83013F4406840F04681216AA06A11F04D
:10800000070318BF012303EBD10103F0D3FA0028C3
:1080100000F039810A99434601F01002134313D04E
:10802000D4F880210C9B9B1A002BC0F22C816B682A
:10803000D4F860219B1A002B06DCE8F755FD0C9B59
:10804000C4F88401C4F880312199AB68D4F8CC20FD
:10805000002940F0BD809A1A002A40F31481D4F818
:10806000D0209B1A002B00F30E81D4F8C820564B69
:1080700012EA030C40F007810A9B614603F080007E
:1080800050EA010340F0FF80D4F89031002B40F01B
:10809000FA80D4F84031012B0CD193040AD5D4F8DE
:1080A0007831089AD31A002B04DA04222946204694
:1080B000FFF772FC0A99002301F0100213435FD00E
:1080C0000D9B002B5CD0E8F70FFD0D99D4F8E03143
:1080D000401A0BB1834201D9C4F8E0014FF47A7120
:1080E0004843B0FBF1F101312046FFF71AFBA968C4
:1080F000D4F8CC3004F10806A1EB03080AF104021D
:108100004146304603F0CFFB8045074602D02F485A
:10811000E8F724FDD4F81821D4F8CC30DAF80800B8
:108120009B1A3844002BCAF8080007DDAB689A1A7E
:10813000002ADCBF03F1FF33C4F81831A96801221B
:108140002046FFF7D7FBAB68D4F8D010C4F8CC308A
:1081500000228B42C4F8E030C4F8C02024D10221B0
:10816000204602F0AFFE304603F0ECFB002877D04B
:10817000204601F09BFA73E0204603F09BFC13E7D6
:10818000D4F828110029B2D0AB68D4F82C219B1A5E
:10819000002BACDD089AD4F8E031511A0BB18B42B8
:1081A000A2D9C4F8E0119FE70421204602F082FE24
:1081B0000028D8D1D4F83021D1E700BFD41A050067
:1081C000E3170500F3170500000010204218050012
:1081D000934258D104F11808404603F012FA219B4B
:1081E000984250D3D4F8C8309F0505D5D4F89C31B7
:1081F00013B1204602F048F9D4F8EC30219A134428
:10820000C4F8EC306A68C4F8F43094F85430C4F818
:10821000DC209E0600F1CE865846DEF71EFF554B49
:108220000093DDE9202359468218404603F0EFF918
:10823000219B002BC4BF01238AF80D300121204669
:1082400002F038FED4F8C830C0B91D0316D4D4F8F3
:108250001C11219A914211D343F00203C4F8C83093
:10826000D4F8C8309A077BD523F00203C4F8C8308D
:1082700064220121204602F025FE71E043F0010353
:10828000C4F8C83074E704F1180003F0BAF9D4E96F
:108290003B32D31A23EAE3739842B8BF184694F8E6
:1082A0005530C117022BC4E93E0165D0032B2CD1F8
:1082B000F8060AD5AB68D4F8CC209A1A002A0CDD4F
:1082C000D4F8D0209B1A002B07DCD4F8C830002B40
:1082D00007F012020EDA122A35D104230193219BF2
:1082E000009318EE100A18EE903A22462946FFF73E
:1082F00043FC35E0022A08D16968D4F8E8209142AD
:1083000003D143F00103C4F8C8307B0740F1018278
:108310006A68D4F86031D61AD4E93E0103D4361A1B
:10832000002EC0F2CE8101431AD19A4218D194F89E
:108330005530062B00F2DC81032B00F2DC8100F0CB
:10834000E6810025DCE1B9070FD50121204602F0C6
:10835000B1FD28B90221204602F0ACFD0028D4D09E
:1083600015B0BDEC028BBDE8F08F17F0150FCCD126
:10837000F6E700BFDDB5020017F010080CD0AB68BF
:10838000D4F8E4209A1A002A40F33A86D4F8D02090
:108390009B1A002B00F3348607F01403142B04D12E
:1083A00020466F2102F098FB04467A07D8D4BB0719
:1083B000D6D56B68C4F8E8300133C4E93B33D4F850
:1083C000C820B8F1000F00F0678102F06001602959
:1083D00004BF94F87F1184F87E1194F87E014FF663
:1083E000FF718140D4F8F8008142D4BF5B181B189C
:1083F000C4F8F030D4F8CC30002A03F10103C4F8FB
:10840000CC3080F23181D4F8D020934200F02C811E
:10841000AB68C4F8D4304FF001080121204602F0C7
:1084200049FDD4F8C830002840F02181180300F13C
:108430001E81219AD4F81C119142C0F01881002AA3
:1084400000F01581B8F1000F40F011816422012184
:10845000204602F037FD790642BFD4F8C83043F019
:108460008063C4F8C830089BC4F82431D4F8C830FD
:108470001A0540F101810621204602F011FAD4F8D4
:10848000C83023F40063C4F8C83027F00206D4E9EA
:108490003E01219AD5F804C0D317994208BF9042F3
:1084A0000CF1010738BF26F001066F6038BF21903C
:1084B000C4F8F47016F01007C4F8DCC040F0E28392
:1084C000F2062DD5D4F8DC3069685A1A002A11DB7F
:1084D0008B4225D1D4F8E020AB68D01A002809DB04
:1084E0009A421DD1D4E94023DDE904894B4508BFF8
:1084F000424515D2DDE90423C4E94023AB68C4F842
:10850000DC10C4F8E030DDE90401D4E956238B42E5
:1085100008BF82423EBF02460B46C4E956230127EC
:10852000D4F8EC20D4F8F43094F85510D31A002B7A
:10853000C8BFC4F8F420032904BFD4F8C8304FEAF8
:10854000D378219B06F0010618BF4FF000081E43A8
:1085500056EA080300F03B85092900F238856E6869
:10856000B24240F0008594F854309B0640F1EE840E
:1085700094F85530032B40F211850121204602F07A
:1085800099FC219AD4F8C83028B9180303D4D4F838
:108590001C11914203D2B8F1000F00F0048543F0A2
:1085A0000203C4F8C830D4F8EC301344C4F8EC30FB
:1085B00094F854306D7B990605F0010500F1F784BD
:1085C0005846DEF74AFDBF4B0093DDE920235946AC
:1085D000821804F1180003F01AF8219B002B02DD29
:1085E00001238AF80D30219A002A08DDD4F8C8301A
:1085F0009B0504D532443146204601F0E3FEED07E9
:1086000040F1E584B048E8F798FA94F85520092A33
:1086100014D894F8543043F0200384F85430D4F83C
:10862000C83058054CBF43F0020343F00103C4F8BF
:10863000C830D4F8EC300133C4F8EC30E36A0233CC
:108640001FBF01238AF80E306FF00103E362D31ECF
:10865000062B00F2BC84DFE813F0B304B604BA04BE
:10866000C404BA04BA046B044FF00008D5E643F022
:108670000103C4F8C830EEE60421204602F010F9E8
:10868000012320468AF80C30FFF70CFA8F4A0821A4
:10869000204602F017FCFAE642F4806242F0010242
:1086A000C4F8C82002214246204602F00BFC0321F8
:1086B000204602F0F5F8D4F8D430013BC4F8D430A9
:1086C000E5E69A423FF433AE10230293D4F8D43057
:1086D0000193D4F8EC30009318EE102A2B46216851
:1086E000204602F07DF9D4F8EC30C4F8603137E66A
:1086F000092B7FF426AE68250021204602F0D0F831
:10870000204602F035F92946E8F7F3F928E66F2507
:10871000F2E717F0020908D094F85530023B012B1C
:1087200003D96B48E8F709FACEE70A994FF0000839
:1087300001F010024346134311D0D4F8802172B1E6
:108740000C9B9B1A43450ADAE8F7CEF9D4F884313A
:10875000C01A604B984240F28B80C4F8808194F834
:1087600055206B68032A05D1D4F8E8209A1A002A0C
:10877000FFF6B3ADD4F8EC10CA1A002A32DDB9F115
:10878000000F0ED0688A012803F1010388BF00F1B1
:10879000FF306B6086BF27F00206688227F0220652
:1087A000013A219B934202DB0AD1F00708D4D4F8A6
:1087B000C82042F00102C4F8C82026F001061A467B
:1087C00020989B1A104421936B8A209068689342EA
:1087D0001044D4BF00239A1A6860CEBF6A8226F084
:1087E00020066B826868219FD4E93E893A18521AA4
:1087F000A2EB0803002B10DD9F420ADC58EA0902B5
:108800003AD1814238D1D4F8C82042F00102C4F8EC
:10881000C820FB1A219326F009060A99002301F0CB
:108820001002134315D0D4F86031C21A002A10DCAC
:10883000219A1B1A9B1A16F0030218BF01229B1AD9
:10884000002B06DCE8F750F90C9BC4F88401C4F84F
:10885000803116F010073FD194F85520D4F8C83075
:10886000032A23D05A053FF52BAEDF0704D477E562
:10887000219B002B3FF474AD94F85530032B0ED19F
:10888000F3060CD5AB68D4F8CC20D21A002A3FF7F7
:1088900024ADD4F8D0209B1A002B3FF71EADD4F89E
:1088A000C83043F00103C4F8C830F4E0002BBFF631
:1088B00007AEDDE904232046C4E94023FFF7F2F8C0
:1088C000FEE500BFDDB502002219050000DD6D00E8
:1088D0007418050000A0987BCE48E8F72EF994F8AC
:1088E0005530032B04D0043B052B35D90027E7E591
:1088F000D4F8C83003F06002602A01BF94F87F21E9
:1089000084F87E21DDE90412C4E94012089AC4F813
:108910002421002BBEBFD4F8CC200132C4F8CC20D7
:1089200018054ED50621204601F0BAFFD4F8C8300C
:1089300023F40063C4F8C830219A06F001031343FE
:1089400006D1CDE9003A1A461946204601F032FC1C
:108950006B68013BC4F8DC30AA68D4F8D030D31A75
:10896000002B89DCD4F8C83099050DD50A9B00216D
:1089700003F0800050EA010302D1D4F890311BB11A
:108980000AA9204601F08CFDAB68D4F8CC209A1AD5
:10899000002A00F34B81219F002F40F03881D4E959
:1089A0004023DDE904018B4208BF824240F02F8161
:1089B000F3072ED594F85530092B2AD8C4F8C07087
:1089C0007EE50421204601F06BFF01238AF80C307C
:1089D000D4F8C830002B02DB2046FFF763F88E4A3C
:1089E0000821204602F06EFA94F95430002B04DB83
:1089F000D4F8C83023F001039CE718EE102A2B8826
:108A0000606808322146E8F7C1FA002894D16F2344
:108A100064E40221204602F04DFA20B1A968D4F89E
:108A2000CC30994203D00023C4F8C03048E5D4F8D4
:108A3000C0200132032AC4F8C02003DCD4F8C830B7
:108A4000D80234D50222A9682046FEF753FFD4F895
:108A5000C820724B934322D1D4F89831D4F8D8214E
:108A6000D21AD4F8D430D4E944011A44D3178B4233
:108A700008BF82420FD2D4E94223D4F834515219AC
:108A800043F10003994208BF904202D3C4E9422354
:108A900001E0C4E94201204600F008FE60E4D4E9A8
:108AA0004223D4F83411521843F10003EEE7032AAD
:108AB0004ED113F4007304D1D4F818218A1A002A75
:108AC000B2DD082229462046D4F8D460FEF764FFC0
:108AD000A96802222046FEF70DFF0022022120464F
:108AE00002F0F0F9D4F8C830D4F83421002113F49E
:108AF0000073C4F8281106D0D4F8D430C4F8D031AB
:108B0000C4E94221C7E7A968C4F8D410C4E94223E4
:108B1000204600F0CBFD94F87C31D4F8C020D4F886
:108B20003411D21A4FEAE279A2FB012301FB093387
:108B3000D4E94410511843EB0000D4F8D430F31AB0
:108B4000002BC4E942107FF70BACC4F8D46007E4F3
:108B5000A96802222046FEF7CDFED4F8C030D4F832
:108B6000D050013B012BD4E9426703D92C492D4851
:108B7000E7F7F4FFD4F8C030D4F8CC00D4F83411BF
:108B8000012B04BF002284F87C2194F87C219B1ADD
:108B9000D4F8D420121A01FB0323C4F808310023AF
:108BA000C4F80C3104F1080002F0CCFED4F8CC304B
:108BB000D4F8D4209B1A0344002B02DD204600F099
:108BC00075FDD4F8D030D4F834215B1B9A4218D20A
:108BD000D4F8C010022902D194F87C1151B10132AD
:108BE0009A4203D1D4F8C830DB0603D40C490E48AE
:108BF000E7F7B4FF022384F87C31C4E94267FFF74A
:108C0000AFBB002BF9D094F87C310133F3E7002798
:108C1000D4E600BF8A18050000DD6D0000021000D8
:108C2000D41A050099180500B0180500D4F8C8201A
:108C3000D7020DD5D4F81811591A002980F22681CF
:108C400012F4007200F0DD802946204601F0B4FDE8
:108C50000023C4F8C030D4F8C830580512D5D4F871
:108C6000CC2023F4806103F06003602B08BF94F8EC
:108C70007F31C4F8C81002F10102C4F8CC2008BF4B
:108C800084F87E31D4F8CC30AA68D748A2EB030828
:108C90004146E7F752FFD4F84031012B0ED1D4F80A
:108CA000C83099040AD5D4F87831089AD31A002B21
:108CB00004DA042229462046FEF76EFE0A990023B4
:108CC00001F01002134300F0ED800D9B002B00F02B
:108CD000E980E7F709FF0D99D4F8E031401A0BB1AC
:108CE000834201D9C4F8E0014FF47A714843B0FBE4
:108CF000F1F101312046FEF714FDAA68D4F8D03016
:108D00009A4240F0E68000220221204602F0DAF882
:108D10000127B8F1000F3FF4D3AB0122A968204628
:108D200004F10809FEF7E6FD484602F00BFE804517
:108D30000AF1040240F2DC804846069202F002FE8C
:108D40008046D4E94001B0EB080061F10001C4E9BC
:108D50004001069A4846414602F0A5FD80458146FD
:108D600002D0A248E7F7FAFEDAF808004844CAF849
:108D700008000120D4F8C830DFF880C2A968D4F810
:108D8000182113EA0C0F40F03F81D4F8CC309B1A25
:108D9000002B05DD8A1A002A02DC4B1EC4F81831AC
:108DA000D4F8C830C4F8CC109A0506D5D4F81821E8
:108DB0008A1A002AC8BFC4F81811D4F8D420521A4D
:108DC000002A94F85520B8BFC4F8D410072A00F040
:108DD000A880082A00F0B180062A7FF471AB002831
:108DE0003FF46EAB94F85430990604D5804A1021B4
:108DF000204602F067F80921204601F051FDFFF7F7
:108E00005FBB02212046D4E94289D4F8D47009928C
:108E100002F058F8099AC4F82821AB68D4F8341144
:108E2000C4F8D4300B44D4F8CC105B1AC4E94232F5
:108E3000D4F8C83043F00103C4F8C830204600F02D
:108E400035FCD4F8D430FB1A002BC8BFC4F8D4705A
:108E5000D4F8CC30AA68D21A00234B4508BF42454B
:108E60000FD2B8EB020169EB030306910793DDE92A
:108E70000623D4F83411521843F10003C4E9422305
:108E8000E6E600220023CDE90623F0E7594AD26A3C
:108E900022B1C4F8F03104F5F47090470023C4F80F
:108EA000E431D5E6D4F8281100293FF426AFAB68A9
:108EB000D4F82C219B1A002B7FF71FAF089AD4F807
:108EC000E031511A13B18B427FF614AFC4F8E011B0
:108ED00010E70421204601F0EDFF074630B9D4F831
:108EE00030210221204601F0EDFF12E7002710E7B4
:108EF0004846414602F0D7FC8045814602D03E48B4
:108F0000E7F72CFED4E94023DAF80800B2EB0802B8
:108F1000484463EBE873CAF80800C4E94023002022
:108F200028E700283FF4CCAA23F00103C4F8C83096
:108F3000204602F0ABF8FFF713BA00283FF4C0AAAE
:108F4000204601F015FD0021FFF7DEBB216AA06A73
:108F500011F0070318BF012303EBD10102F02AFB34
:108F600000287FF405AB94F854309A0622D4584672
:108F7000DEF773F8209BCDF804A0184400905B4600
:108F8000294621AA204601F015F9D4F8C83043F04B
:108F900001030546C4F8C830FFF725BBB8F1000F40
:108FA000E1D0FFF7EABA43F00103FFF7FABA002A6B
:108FB0007FF719AB7121204601F08EFDFFF7D0B984
:108FC000089BC4F824310521204601F069FC002FDC
:108FD0007FF4CEA8D4F8C830D9077FF541A9FFF7B0
:108FE000C7B80721F0E700BFC2180500D218050076
:108FF000C0270900A0200500F4180500000010207B
:109000004FF0FF33FFF76AB98A1A002AFFF6C8AE9D
:1090100023F0005323F48013C4F8C830C0E600BF27
:109020002DE9F04F93B005460C4600200021CDE914
:109030000801DDF8708093463BB9B8F1000F04D108
:10904000C3480493E7F78AFD049BA8880493E7F7D5
:10905000B0FD07462868E7F7AFFD267B3609B60066
:10906000132E1FDDB7421DDB142E049B08BF4FF0EB
:109070000009C0F30752A7EB06071ABFA6F11409AF
:1090800004F1140ACA4605928BB193F855200A2AB6
:1090900040F04C813A462146184602F025F8002857
:1090A00040F0538140F20B1013B0BDE8F08F637BAA
:1090B000B8F1000F03D0D8F80020012A04D0A54849
:1090C0000493E7F74BFD049B990705D4A24AA349F3
:1090D000A348E7F732FDE5E7DA060FD59E4A9F4938
:1090E000A048E7F72AFD0423CDE900730022D8F851
:1090F000043021462846FEF73FFDD3E713F0140F56
:1091000003D095499848E7F729FD628823889A4259
:109110000BD1102205F1080105F1180023F0F0FF32
:1091200018B98D4A8D499148D3E72B7EFF2B02D089
:109130002B7AFF2B03D1884A88498D48C9E7012340
:109140004A46514608A8FEF74CFB0899002001F456
:1091500080720346134319D006AB9DF840200E9948
:1091600002F09AFC0028D4BF00230123049305F1E8
:10917000080A228851464046E7F739FF8146002811
:1091800090D0B0F1FF3F03D16F23ADE70490EEE73D
:109190001D9B0321186001F083FB99F8542062F0B5
:1091A0007F0289F85420484601F077FB6168C9F8CE
:1091B000E4004A1CC9E93B22C9E93400C9F8E810B7
:1091C000C9F81801C9F8D800C9F8CC00C9F8DC10F2
:1091D000C9F8F42009F1180002F013FA80F3100026
:1091E0000246C317C9E93E23D9F8F0201044D9F844
:1091F000EC20C9F8F000C9F8602109F1300105F14F
:10920000180205F1280052F804CB41F804CB824241
:10921000F9D109F140020AF110015AF8040B42F8A1
:10922000040B8A45F9D12288A9F85220B8F81820F1
:10923000A9F85020D9F8C82041F20C03134012F0CD
:10924000080CC9F8C83031D1089A614602F0020012
:10925000014309D043F06001C9F8C8109DF83E10E1
:1092600089F87D1189F87FC14FF0000A02F01000E3
:10927000514650EA01030CD0D9F8C82042F4C0721C
:10928000C9F8C8200A9AC9F88021E7F72DFCC9E976
:10929000610A089A002102F0040050EA01031EBF8F
:1092A000D9F8C82042F40072C9F8C820627B12F0D5
:1092B000C00F1EBFD9F8C82042F08062C9F8C8208C
:1092C000089A4FF0000C02F00100614650EA0103D9
:1092D00014BFBDF83C1061464846FEF707FD049BED
:1092E000D9F8C820D3B1DDE9060142F00042C9F83F
:1092F000C820D9F8E4201D9BC9E98201C9E93422BC
:109300000393059B0096CDE901735A464B462146CF
:109310002846FEF709FDC9F80480C3E642F00102C1
:10932000C9F8C820484600F0C1F9F4E7012A3FF423
:10933000B9AE1D9A0392059A0096CDE901722146B5
:109340005A462846FEF7F0FCACE64FF0FF30ABE69D
:10935000371905005A190500CA1A0500E317050058
:1093600084190500BB190500F41905001C1A050035
:109370005B1A050010B5044610B90848E7F7EEFB84
:109380002046002101F0C6FB02460B4652EA0301CB
:1093900014BFA2F138004FF4ED7010BDA71A0500FC
:1093A00038B5D0E94E52D0F8C83023F4005302EB60
:1093B000A502C0F8C83002210446551001F07AFD1C
:1093C00010B11148E7F7CAFB104BD4F8402153F80D
:1093D00022206A43C83241F287339A4210D94EF6AE
:1093E00060239A4228BF1A460421204601F06AFDF4
:1093F000D4F840310B2BDCBF0133C4F8403138BD09
:1094000041F28832F0E700BFFA1A0500041C05009B
:109410002DE9F04F4FF0010A85B005460A464FF09E
:1094200009080024D1462B680027002103EA0A0618
:10943000B94208BFB24562D1282C75D0002F08BFB1
:10944000102E00F0A280002F08BF112E13D2002F83
:1094500008BF022E72D0002F08BF042E00F08F80AC
:10946000002F08BF012E63D08D498E480092E7F788
:1094700075FB009A43E0002F08BF802E00F0AD80FE
:10948000002F08BFB6F5807F00F0E580002F08BFF1
:10949000402EE9D1002C00F0998004F00303022B48
:1094A00040F09480C4F12803112B28D913461321CE
:1094B00003F8021B1221517012340A446B6100211F
:1094C000934240F087801A4619E00BF8019B0BEBA2
:1094D0000104A307F9D1C4F12803032B40F2DA8079
:1094E00002238BF8003004238BF80130A88BE7F7B8
:1094F00060FB0434A8830BF10402ABF80200B8F15E
:1095000001084FEA4A0A8ED1A00707D01346A21AD3
:1095100003F8018B9C18A10740F0BE80282C03D9CA
:109520005F496148E7F71AFB204605B0BDE8F08FB8
:109530009346A11ACBE702F8019B0134002CFAD024
:10954000E707F8D5C4F12803022BD8D903231370F9
:109550005370AB7F937003340332D0E703F8019B61
:109560005C18E607FAD4C4F12802012AABD91A46DE
:10957000042102F8021B022102345970BFE713468E
:10958000A11AEDE702F8019B0134002CFAD004F097
:109590000303022BF6D1C4F12803092BAFD908230A
:1095A00013700A235370A8680092E7F705FBA860C0
:1095B000E868E7F701FB009AAB68E860C2F80230A0
:1095C000EB68C2F806300A340A3298E702F8019BC9
:1095D00001345FE703F8011B72E7D5F810B00CB354
:1095E00004F00303022B1DD1C4F12803092B86D9F3
:1095F000A31C00931346052103F8021BC4F12604A3
:10960000E97FE4088C42A8BF0C46E400A11C51701D
:109610000BEB04011A468B4508D11A19009B234411
:109620001C466CE702F8019B0134D8E7DBF8000028
:109630000192CDE90231E7F7BFFA019A1060DBF839
:109640000400E7F7B9FA019ADDE9023150600BF145
:10965000080B0832DFE795F820B0C4F128010BF1C0
:10966000020B594503D223F480732B6047E713465E
:10967000222103F8021B82F801B095F820203AB1AC
:109680001846A96923F058FD95F820200346134495
:109690005C4418E75A4632E703F8018B3AE700BF0B
:1096A000F41B0500241B0500471B05002DE9F04FA6
:1096B0002DED028B0446C7B0E7F714FAD4F8C83092
:1096C0001090002B14DA94F85520023A012A0FD892
:1096D000D4E93312521A002A0ADDD4F8D420914278
:1096E00006D00026304647B0BDEC028BBDE8F08FB7
:1096F00013F4802303D1D4E9332191420ED1109A7F
:10970000D4F82031D31AD4F83021934205D3494BF1
:109710001B6B13B104F5F47098470123D4F8C820EB
:109720000993099922F48023C4F8C83039B1D503CC
:1097300041BF43F48023C4F8C830002309930023B9
:10974000CDE90A33D4F8C830980507D5D4E93423D5
:109750009B1A002B02DA204601F07FF8D4F8D420BF
:10976000D4F8CC30D4F80061D31A0693D4F8083179
:10977000314A9E42A8BF1E4694F8553012F8038025
:10978000D4F8C8302D4A002732EA030313974CD18E
:1097900013A9204601F048F88346002846D0D4F8A3
:1097A0000031D4F80801139DDBF804208342D4BFB4
:1097B000C5EB0305C5EB0005D4F81801DBF808304C
:1097C000111AB94225EAE5752DDD1A1ABA422CDACA
:1097D000C01AD4F8CC20854228BF05469B1A0693B0
:1097E00004D5174917481A46E7F7B8F92B1E18BFD2
:1097F00001230593D4F8C830190548BF48F0010883
:109800005A0548BF48F002081F0204F1080923D591
:10981000D6B9484602F096F8069B984201D928F03E
:109820000108012618E0D01AD3E7BB46CDF814B0E2
:109830005D46DFE7A0200500381C0500000210008F
:10984000E91B0500601B050000220421204601F0F1
:1098500039FB0023C4F84031059B73B9139B48467C
:10986000002B40F0208102F06DF8069B864294BFE9
:10987000C3EB0603C3EB00031D4618F0020F18D01C
:10988000D4F8D430D4F8CC209B1A002B11DD94F8F6
:109890005530D4F8C820032B18BF28F00208002A3E
:1098A00003DA032B08BF28F00208069B013B06934E
:1098B000013518F0020FD4F8C83004D0180744BF9F
:1098C00028F001080025002B09DA18F0020F03D058
:1098D000D4F84031002B04DC18F0040F01D1002D26
:1098E00003DC002E00F0FE800025059BD4F8CC6040
:1098F000002B00F01A81DBF80870484602F022F8CD
:10990000BE1B2E4404F11803301A0028184608EE36
:10991000103AB8BF28F0010801F073FE8246002D0E
:1099200040F00681BAF1000F00F34881D4F8C83046
:1099300008F0040203F001010A4300F07281002DD7
:1099400040F0098100230022CDE92223D4F8C83059
:10995000190700F1D98118F002062FD0D4F8E430AD
:10996000C4F8D4302046FFF705FD229BADF8A400D3
:1099700043F001022292D4F8C820002A14DAD4F865
:10998000401189B994F85510032940F097810821B6
:1099900043F4807343F001038DF8A81004F50271BD
:1099A0002293289101230B93930607D594F87F31D6
:1099B0008DF8A630229B43F002032293D4F8C830DE
:1099C000DA0502D476B11F060CD5E7F78DF8D4F886
:1099D00088311844D4F880312593229B249043F099
:1099E00010032293D4F8C830980506D5002E00F055
:1099F0007781229B43F0040322932DA922A8FFF72D
:109A000007FDD4F8C82007900346002A03F13C0361
:109A10000CDA0B9A52B1229A02F480720E92002252
:109A20000F92DDE90E120A4308BF00250799D4F80A
:109A30001C216918914289BF0799059A551A0A9AFB
:109A40002B4484BFC2F1010228F00108B3F5803F26
:109A50000D9203D3AE49AF48E7F780F8002D05DA41
:109A6000AB49AD4840F25332E7F778F82068E7F7A2
:109A700023F80646002800F0E382079B03F1140751
:109A800015FA87F1BBB289B208EE903ADDF7E3FA36
:109A9000002800F0438120683146E7F71BF80023D7
:109AA00005936926FDE101F04DFFD4F80031069AD7
:109AB000984294BFC2EB0002C2EB0302002A154693
:109AC0007FF7DBAE139AD4F8D0319B1AD4F8082173
:109AD0001344D4F8D4209B1A23EAE3739D42A8BF11
:109AE0001D46CAE694F85530032B7FF6FDAE484676
:109AF00001F028FF069B98427FF7F6AE324602211E
:109B0000204601F0DFF9D4F8CC30C4F84061C4F845
:109B1000D4300421204601F0CDF9054600287FF419
:109B2000E3AE2046FFF73CFCDFE6D4F8D470E4E671
:109B3000D4F83431AB4206D8D4F8FC3143F00403F6
:109B4000C4F8FC31FEE6D4F8C830D9030CD5D4F8FB
:109B5000C8301A0219D5D4F83431AB42ECD9D4F854
:109B6000FC3123F00403EBE7099A03F004031343E9
:109B7000EDD0484601F0E6FE069B2B448342E6D337
:109B8000D4F8C830DB04E2D4E5E7D4E95601EF1796
:109B900042084B0842EAC1729F4208BF95422E46D6
:109BA00002D350EA0103D6D1D4E934239B1A002B07
:109BB000D1DB059B002B3FF4B5AECCE7D4F8C83021
:109BC00040F2024119407FF4B1AE94F85530092BB0
:109BD0003FF6ACAE94F87E71D4E93B024FF6FF73CA
:109BE000BB40121A5345A8BF5346002AD6BF0A46A7
:109BF0009E1A1E463A413B419A423FF497AED4F832
:109C00003431B6EB430FBFF69AAE18EE100A01F0EE
:109C1000FCFC0028B8BF0330B6EBA00FFFF686AE01
:109C20008DE618F0020F02D05F057FF588AED4F8FC
:109C3000CC20D4F8D810891A00293FF780AE18F04C
:109C4000010F07D0DE067FF57AAED4F8D4108A4231
:109C50003FF475AE980516D5D4F8D0309B1A002B7A
:109C600011DD0221204601F025F960B904212046CA
:109C700001F020F9064630B9D4F8302102212046FF
:109C800001F020F92EE5484601F05CFE00283FF483
:109C900028AD0221204601F00DF900287FF421AD06
:109CA0000421204601F006F9064600287FF419AD8C
:109CB000C4F840012046FFF773FB13E502297FF447
:109CC00073AE43F48073D4F800128DF8A81043F0FB
:109CD000010304F502712293012328910A9362E69D
:109CE00094F85530032B7FF688AED4F89C21002AD7
:109CF0007FF783AE229B8DF8A72043F08003229349
:109D000004F5D073269378E600223C2307928DE673
:109D1000E91B0500871B05009E1B05003DB3484657
:109D200001F010FE17AB029316AB019315AB069929
:109D3000119000932A4614AB484601F0DFFD0890CD
:109D40003046DDF78AF93B180C93089B13B1BD48E8
:109D5000E6F704FF149F169B1A68BA4240F0FB8096
:109D6000069B119A2B44934208BF48F0080837AA73
:109D700018A9204600F006FE18F0010F0BD0D4F809
:109D8000C830D90607D5D4E93423934204BF03F180
:109D9000FF33C4F8D43094F85530022B40F0F980EA
:109DA000D4F84031002B01DD032B01DC48F0C00862
:109DB000059B002B40F0298108F003032B4300F0A2
:109DC0001A81D4F8D400E6F7F7FE3890D4F8EC0006
:109DD000E6F7F2FE079B399053B11A462DA93CA82D
:109DE00023F09CF907981430800800018DF8E800F2
:109DF00018EE100A8DF8E98001F007FCBAEB900F1D
:109E000005DAD4F834315345C8BF4FF0000AD4E91D
:109E10003B239B1A002B02DD9A45B8BF9A4694F863
:109E20007E314FF6FF7707FA03F29245A8BF9246BC
:109E300018F0020F00F0F98018EE100A01F0E5FBAF
:109E4000B842A8BF384680B2E6F7B3FEADF8EA00E4
:109E5000BDF8EA20D4F8C830002A40F0E98043F485
:109E60000023C4F8C830D4E93530C01A002840F3C4
:109E7000E28080B2E6F79DFE9DF8E930ADF8EE0095
:109E800043F020038DF8E93018EE903A37AA00210C
:109E90003046DDF7E8F83146206818AAE6F71DFEDF
:109EA0000026D4F8C830190200F1CE8018F0030F54
:109EB000D4F8D41040F0E980059B8BB9D4F8D430A5
:109EC000D4F8D0202B449A1A002AC4F8D43007DDE5
:109ED000C4F8D030D4F8283113B9109BC4E94A3102
:109EE0000221204600F0E6FF002840F0E480059AB9
:109EF000D4F8D4301AB1D4F8D0209A4204D1D4F88E
:109F0000CC209A4200F0D7800421204600F0D2FFF6
:109F100038B100220421204600F0D4FF0023C4F809
:109F20004031D4F830210221204600F0CBFFD4F894
:109F3000C830002E00F018811A0200F1D98018F004
:109F4000020F00F0DD80012E40F0EE800126C4F803
:109F50004C61FFF7C7BBD7E9012108911499B942B9
:109F600004D1159908980A44411A0891BB4201BFCF
:109F7000179B0899CB1A0893BDF82030BDF8301014
:109F80003046DDF770F80C9B089A3F6813440C9339
:109F9000E1E6032B27D0042B7FF40AAFD4F8C830B6
:109FA0005A017FF505AF002D0FDDD4E93412521AA6
:109FB000002A0ADB1F0201D5012D06D09DF885205D
:109FC000022161F301028DF88520180144BF23F0BE
:109FD0000063C4F8C830D4F8C83048BF48F08008DF
:109FE00013F0805F03E0D4F8C83013F0806F18BF1F
:109FF00048F04008DCE60421204600F05BFF002822
:10A000007FF4DFAED4F8D000DDE6DBF80800E6F739
:10A01000D3FDDBF8083038902B44CBF80830D4F867
:10A02000D8312B44C4F8D831D0E64AFA03F00AE715
:10A0300023F4002315E7D4F8CC30C4F8D83023E754
:10A0400005902EE5AF1B05000421204600F032FFED
:10A0500000283FF42BAF18F0020F14BF691C2946EB
:10A0600018F0010F1EBFD4F8C83043F01003C4F835
:10A07000C830D4E9343218BF0131D31A0B44002B55
:10A08000C4BF5219C4F8D02051E718F0020F1CBF0A
:10A090004B1CC4F8D43018F0010F3FF40DAFD4F8C6
:10A0A000D4300133C4F8D430D4F8C83043F01003AE
:10A0B000C4F8C83000E7002D7FF439AF484601F0FE
:10A0C00041FC00283FF433AF0221204600F0F2FEAD
:10A0D00000287FF42CAF0421204600F0EBFE00287E
:10A0E0007FF425AFC4F840512046FFF759F91EE729
:10A0F0000421204600F0DEFE00283FF420AF22E7D6
:10A10000012E3FF423AF059B43B3DBF80830D4F8AE
:10A11000D8015B1B451B002DCBF80830C4F8D85183
:10A1200002DA2348E6F71AFD692E7FF4DBAA022142
:10A13000204600F0BFFE50B90421204600F0BAFED0
:10A1400028B9D4F830210221204600F0BBFED4F813
:10A1500034310026C4E94236FFF7C4BAD4F8D4003B
:10A16000401BC4F8D400DFE7BAF1000FD4F8EC10BC
:10A1700008DBD4F8F0200AEB0100821A002AC8BFDD
:10A18000C4F8F00023F00303C4F86011C4F8C83029
:10A190000121204600F08EFE20B100220121204640
:10A1A00000F090FE0D9B002B7FF4CCAAFFF799BA2C
:10A1B000D11B05002DE9F043044689B0904699462D
:10A1C0000F4600F11806C9B115684B68D0F8EC20AD
:10A1D0009B1A002B02DA4048E6F7C0FC7B68D4F8F3
:10A1E000EC10A26A591A30462B46059101F0EFFA9D
:10A1F0008542059937D80023C8F80030A26A4FF08D
:10A20000FF330021304601F0E2FA0546304601F006
:10A21000F6F994F85430E26A13F0200F01D00028C8
:10A2200051D1002A3DDA4FF00008A26A2946304693
:10A2300001F0A5FA8542074604D002462946274880
:10A24000E6F78CFC94F854309B0636D539463046F8
:10A2500001F011FAD4F8EC002844C4F8EC004046B0
:10A2600009B0BDE8F0831E4B039307AB0293A36ACA
:10A270004A46CDE900533046109B01F028FA7B7B1B
:10A28000D907024606D5E36A013301BF079B5B1974
:10A290001BB2E3629542B1D012482946E6F75EFC54
:10A2A000ACE72946304601F0C3FA0028BBD06FF076
:10A2B0000103E3624FF00108B7E7002FCAD0119BFA
:10A2C00001225A73C6E7023202D00748E6F746FC7D
:10A2D0004FF00008BEE700BF431C0500AF1C05009F
:10A2E000DDB502006F1C0500F01C05000121BC302B
:10A2F00001F0D5B838B5012300F1BC051946044674
:10A300000022284601F02FF9014630B928460122E3
:10A3100001F0C9F804F1580038BD0020FCE7F8B599
:10A320001D46D0F88C31042B04460E46174601DD3D
:10A330000020F8BDFFF7DEFF0028F9D0D4F88C31FB
:10A3400086600133C0E90067C4F88C3100F10C036A
:10A3500085B1EA68C26052B1136145F80C0F05611E
:10A36000D4F8D431002BE4D1C4F8D401E1E7C4F827
:10A370009431F2E7D4F89421C56002611060C4F80A
:10A380009431EDE700F15803CB1A13B50446981049
:10A3900058330A46234409499A4201FB00F104D08C
:10A3A00007480191E6F7DAFB0199012204F1BC00AC
:10A3B00002B0BDE8104001F0A4B800BFCDCCCCCCB9
:10A3C000331D05002DE9F0418B1A002B8CB004469B
:10A3D0000E46174602DB2B48E6F7C0FB0020D4F8F8
:10A3E0009C81D4F8EC10A4460546804511DC711A16
:10A3F00000293BDD052DC4E9686740DD013D0126EC
:10A4000006F13400EA00694604EBC00022F086FE43
:10A410002FE0DCE96832A3EB020EBEF1000F19DA7F
:10A42000A3EB010EBEF1000F14DDA6EB020EBEF190
:10A43000000F13DCA7EB030EBEF1000F0EDBA6EB43
:10A44000030EBEF1000FC8BF1E46BB1A37EA230732
:10A4500028BF174601300CF1080CC6E70DF1300E8D
:10A460000EEBC50E4EE90C320135F3E70026002D48
:10A47000C6D13544C4F89C510CB0BDE8F08101262A
:10A48000F5E700BF4B1D05000023C0F89C3100F12B
:10A490003002C0E9683308309042FAD170470000BA
:10A4A0002DE9F04FD0F8CC3016469A1A002A8DB01C
:10A4B000044689465ADAD0F8905115B1CDE90236F2
:10A4C0000125D9F800104FF0000801F08002434642
:10A4D000134340F08580002D45D002AB4FF0000CB7
:10A4E0009846EE4667460CF1010C1A46E146A9452E
:10A4F00078DB654503F10803F4D1D4F890313BB91A
:10A50000D4F8CC309A1B002AC8BF1E46C4F8986104
:10A510000CAB08EBC70603EBC707D4F8981157F844
:10A52000282C57F8245CC4F8DC518B1A002B7FDAF6
:10A5300000232046FFF7F3FE00286AD0C4F89851A4
:10A54000083ED4F8903113B97B48E6F707FBD4F8FE
:10A550009431DFF8E8915B68DFF8E4A11D684645B7
:10A5600001D3002D6AD10DB0BDE8F08F0025A8E71A
:10A57000D9F8102002EBC80152F838004968534658
:10A5800003C30098E6F718FB074600900198E6F72A
:10A5900013FBC31B002B01901BDDD4F8CC30FA1A3F
:10A5A000002A16DDBA1B002A13DDD4F8D020BF1A0A
:10A5B000002F0EDAC31A002B0BDD801A002808DCEE
:10A5C0009AE803000CAB03EBC503283B83E80300C8
:10A5D000013508F1010899F81F304345C8DC7AE7D6
:10A5E000EA46F8E7D0685968091A002902F108021A
:10A5F0000BDD93E803008EE8030092E8030083E894
:10A6000003009EE8030082E8030009F101096EE7F8
:10A61000083E464595D3D4F8983132689A1A002AF4
:10A62000F6DB72689B1A002B8BDAC4F8982188E756
:10A63000491B0029B8BFC4F8985182E737686B6896
:10A64000FB1A002B02DB083E2F463BE0D6F804B095
:10A650002B68ABEB0302002A03DC2B695B681F68E5
:10A6600030E0D4F8D8211344AA689B1A002BC4F810
:10A67000D83102DA5046E6F771FA2B686A68FB1A9D
:10A68000002BABEB020137DC002920DB2A69536881
:10A690001F68D4F8D4319D42EB6808BFC4F8D431A8
:10A6A00093B11A612A69294613602046FFF76AFEB2
:10A6B000D4F88C31013B002BC4F88C3102DA4846C7
:10A6C000E6F74CFA3D464AE7C4F89421EAE7AB685E
:10A6D000C5F800B0A3EB0B02002AD8BF5B46AB6005
:10A6E0002A68D4F8D831A968BF1A0B449B1A002FE6
:10A6F000C4F8D831A7DCB0E7002907DBAB686F608E
:10A70000DA1B13EA220338BF3B46E8E72B465946DB
:10A710002046FFF704FE0028E2D0AA688368D31A17
:10A72000002BEBDDD4F8D8318260134402689B1A09
:10A73000C4F8D831E2E700BF5F1D0500811D0500A8
:10A74000D11B050038B5194D0446D4F8901179B9DC
:10A75000D4F88C31C4F8D81113B11548E6F7FEF9D6
:10A76000D4F8D4310BB3BDE838401248E6F7F6B957
:10A77000D4F8D4310A699942CB6808BFC4F8D431FF
:10A7800083B11A610A6920461360FFF7FBFDD4F814
:10A790008C31013B002BC4F88C31D6DA2846E6F721
:10A7A000DDF9D2E7C4F89421ECE738BD811D05003E
:10A7B000971D0500AD1D050038B5002204460D4665
:10A7C000022100F07FFB0023D4F8CC20C4F828310C
:10A7D000AB68D4F83411D4F8D0019B1AB3FBF1F371
:10A7E000022BD4F8D831A3EB0003D4F8D40038BF3F
:10A7F0000122034428BF022201FB0232D4E94401B2
:10A800000023C4E942239942D4F8C83008BF9042DB
:10A8100043F0010338BFC4E94201C4F8C830204600
:10A82000BDE83840FEF742BFD0F8D8210A600346A1
:10A83000D0F8D40180B1D0E90112521A002A08DA06
:10A840007047D0E90112521A002A02DAC3F8D40183
:10A850007047C0680028F4D17047D0F8903130B507
:10A8600033B1D0F8D410D0F898410A1B002A09DB84
:10A8700030BD002AFCDB1A688D1A002D02DAC0F800
:10A88000D420F5E71A46DB6852688A1A002BF0D10B
:10A89000002AA8BFC0F8D440EAE7E6F780B9000074
:10A8A00038B50A4A0D4690F8551052F8253052F83E
:10A8B0002120044601460648E6F73FF984F8555042
:10A8C00029462046BDE83840E6F723B95C1E05005E
:10A8D000CB1D050038B50446E6F704F94FF4F472D1
:10A8E0000546002104F1300022F040FC4FF0FF3318
:10A8F000E3624FF4ED73C4F81C31C4F834314FF403
:10A900002873C4F8C83004F5C873C4F8943142F60B
:10A91000E063C4F83C311E230B4AC4F8443140F6CE
:10A92000B833C4F830310023C4E94223C4E94423D6
:10A930000023C4F8F841C4F8205184F8553020466B
:10A94000BDE83840FFF7D2BC00C0FF3F10B5044659
:10A9500000F0DCFA054BDB6913B104F5F47098479D
:10A960002046BDE81040FFF7EDBE00BFA020050067
:10A9700010B500210446FFF793FF2046FFF7E6FFDE
:10A98000204610BD70B50D460646002114462846E7
:10A99000262222F0EBFB06F130032A4606F14001A5
:10A9A00053F8040B42F8040B8B42F9D1103506F131
:10A9B000500253F8041B45F8041B9342F9D1B6F832
:10A9C00050302380B6F85230638050220023C4E90F
:10A9D0000133C4E9032370BD01F12802FFF7D2BFA0
:10A9E0002DE9F04790B005460846DDF868A0884696
:10A9F00016469946E6F760F8074638B11421DCF7A9
:10AA00002AFB30B139464046E6F764F810B0BDE89D
:10AA1000F087002D5AD01AF0040F59D105F1180013
:10AA200000F0EFFD95F87E414FF6FF73A34083429F
:10AA3000A8BF03461C4600230E93ADF83C300DF131
:10AA4000180C06F1180306F1280E186859686246BA
:10AA500003C2083373459446F7D106F108030DF19C
:10AA6000280C183618685968624603C20833B34286
:10AA70009446F7D1B9F80230ADF804301998B9F816
:10AA80000030ADF80630E6F797F802901898E6F730
:10AA900093F8502303908DF810308DF811A0CDB1AC
:10AAA00095F87E0144FA00F080B2E6F782F80021C2
:10AAB000ADF8120001AA142338460591DCF7D3FA49
:10AAC00006AA39464046E6F708F89FE72C46B2E763
:10AAD0000446B0E7A0B2E8E738B590F85530022B4D
:10AAE00005460C4605D90021FFF7DAFE2846FEF799
:10AAF000DDFD742C04D1D5F84C31002B18BF1C4659
:10AB00002846FFF735FFE1B20546E5F7F2FF284694
:10AB100038BD000010B5044610B90848E6F71EF825
:10AB2000236C43B9636C33B9A36C23B9E36C13B9D9
:10AB30000020002110BD40F21220FAE7E01D0500C0
:10AB400010B590F85430DB07044602D40948E6F704
:10AB500005F894F8543023F0010384F85430D4F805
:10AB6000C83043F00103C4F8C8302046FEF79EFD0C
:10AB7000002010BD881E050030B5044695B0E5F7ED
:10AB8000B1FF94F854301B07054602D42048E5F77E
:10AB9000E5FF94F8543094F8552003F0F703032AA6
:10ABA00084F854302ED9072A26D8D4F82001194B1E
:10ABB0002D1A9D4226D805A92046FFF70DFFD4F88F
:10ABC000CC302168013B01930025D4F8EC30009390
:10ABD00005AA0FAB02952046FFF702FF94F8543008
:10ABE0000D4A43F0080384F8543020460821E5F765
:10ABF0007DFF002015B030BD43F00803074A84F8FC
:10AC00005430F2E774212046FFF766FF0120F1E798
:10AC1000AB1E0500BF047700F824010000DD6D00C5
:10AC200038B50446E5F75EFF94F854305B070546F7
:10AC300002D42748E5F792FF94F8543023F0040338
:10AC400084F85430D4F840310C2B1AD1D4F8202198
:10AC5000204BAA1A9A420ED2D4E94E1303EBE10319
:10AC6000D4F844119B108B4238BF0B4640F6FF11BD
:10AC70004B439A4205D374212046FFF72DFF012054
:10AC800038BD94F85530052B06D9D4F820014EF67E
:10AC90005F232D1A9D42EED82046FEF781FBD4F8A3
:10ACA000C83043F40003C4F8C83004F1080000F0D1
:10ACB00049FE01460848E5F740FF2046FEF7F6FC4E
:10ACC000D4F8C83023F40003C4F8C8300020D7E714
:10ACD000CC1E050000DD6D00F01E050038B50446F1
:10ACE000E5F700FF94F85430DB06054602D413481C
:10ACF000E5F734FF94F8543094F8552003F0EF034F
:10AD00000A2A84F8543007D12046FFF731FE00218B
:10AD1000E5F7EFFE012038BDD4F82001084A2D1ACE
:10AD20009542F1D843F010032046064A84F8543087
:10AD30001021E5F7DBFE0020EDE700BF151F050041
:10AD4000C0270900F82401002DE9F8430446E5F77F
:10AD5000C9FE94F854309B07054602D45148E5F7E4
:10AD6000FDFE94F8543023F0020384F8543020465A
:10AD7000FFF7E8FCD4F840114B48E5F7DEFED4F8C5
:10AD8000402101320C2AC4F840210DDDD4F84C11C9
:10AD90000C230029C4F8403108BF74212046FFF776
:10ADA0009BFE0120BDE8F88394F85530D4F8441197
:10ADB000022B41D1012600273C4BC4E9426753F8DE
:10ADC000220040F6B8334343C8334FEAE379002703
:10ADD000B94508BF8B4238BF0B46B3F57A4FC4F86C
:10ADE000303184BF4FF47A43C4F83031032A08DD90
:10ADF000D4E94E2303EB6213C4F83C310023C4F8BA
:10AE00003831D4F8CC30C4F8D430D4F8D030C4F8C9
:10AE10001831D4F8C830002543F00103C4F8C83015
:10AE2000022229462046C4F82851FCF7B5FD2046E9
:10AE3000FEF73CFC2846B5E7012AD4F8C830D4F820
:10AE400038012CD1D4E94267C4E95A67D4E9446790
:10AE5000C4E95C67DF024CBF43F4001323F4001322
:10AE6000D4F81861C4F864619E004CBF43F080437D
:10AE700023F0804305EBA015C4F8785143F4005348
:10AE8000C4F8C830D4F83C3103EBE00083108B42A7
:10AE900038BF0B461846064B53F8223093E723F48D
:10AEA0000053EDE7361F0500581F0500EC1F050095
:10AEB000B81F050090F854300B4214BF0120002049
:10AEC0007047000070B5054690F85430CCB2164675
:10AED00082B1234380F8543003F00603062B02D1DD
:10AEE0000948E5F73BFE324621462846BDE870405A
:10AEF000E5F7FCBD23EA040380F854302146BDE8A1
:10AF00007040E5F7F5BD00BF671F050010B590F86C
:10AF10005430044623F0010380F854300121E5F752
:10AF2000E7FD94F8543023F0020384F854302046AF
:10AF30000221E5F7DDFD94F8543023F0040384F892
:10AF4000543020460421E5F7D3FD94F8543023F023
:10AF5000080384F8543020460821E5F7C9FD94F829
:10AF6000543023F0100384F8543020461021BDE8FB
:10AF70001040E5F7BDBD2DE9F0479EB0002300AFBE
:10AF80000022C7E90A23D0F8C830DB0504460CD5F7
:10AF900000231022C7E90A23E5F7A6FDD4F888317B
:10AFA0001844D4F8803138637B6307F1500107F10E
:10AFB0002800FEF72DFA81462068E5F77DFD06465C
:10AFC00058B109F114081FFA88FA5146DCF743F822
:10AFD00040B120683146E5F77DFD00207837BD4659
:10AFE000BDE8F08709F11B0323F00703ADEB030D68
:10AFF0006D463862B88404F13003BC4604F1400E5B
:10B0000018685968624603C2083373459446F7D1FD
:10B0100004F1400307F1100C04F1500E1868596850
:10B02000624603C2083373459446F7D1236DD4F8C2
:10B03000D4002B60E5F7C0FD6860D4F8EC00E5F7BC
:10B04000BBFD4FEA98081023A8604FEA0818B4F82F
:10B05000C4006B7385F80C80E5F7ABFD4FF000087A
:10B06000E8814A4607F1500105F11400C5F8108047
:10B0700022F054F82A46414653463046DBF7F3FFA8
:10B0800020683A463146E5F728FDA6E738B50A219B
:10B090000446FFF705FCD4E93B239B1A002BC8BFED
:10B0A00094F87E21D4F8C850C6BFD3409BB2002389
:10B0B000A4F8C43005F4C473B3F5C07F1EBF0023E9
:10B0C000C4F88031C4F888312046FFF71FFFEB0732
:10B0D00002D52046FFF74FFF20464EF66022BDE81E
:10B0E00038401021FFF7EEBEF7B54E7B0D4616F047
:10B0F00004010446174601D000200FE0B3070FD526
:10B100006B68D0F8EC209B1A002B09DD0191FFF74A
:10B110002FFC20460199E5F7ECFC012003B0F0BDBF
:10B12000F206E9D5F3070FD56A687B1C1344C6F312
:10B1300040021344D4F8EC20934205D14EF660222D
:10B1400010212046FFF7BEFE102E0AD14FB96A68C3
:10B15000D4F8EC309A4204D1AA68D4F8D4309A4298
:10B16000CAD02046FFF707FFC6E72DE9F04704469F
:10B170008CB01830884600F044FA236BB4F8505075
:10B18000074608F11006002B45D1636B002B42D116
:10B19000A36B002B3FD1E36B002B3CD14FF0010A96
:10B1A00002AB324606F1100E9946106851689C4673
:10B1B000ACE80300083272456346F6D1B8F80800DF
:10B1C000E5F7F7FCADF81800BAF1000F0DD104F166
:10B1D00030020DF11C0C04F1400E106851686346FA
:10B1E00003C3083272459C46F7D12DB1B4F8500024
:10B1F000E5F7DFFCADF82C00B5FA85F35B090093A9
:10B200002068534607AA4946E5F7BEFC30B9162028
:10B210000CB0BDE8F087DDB9AA46C1E7BAF1000F6E
:10B220000FD007AB04F1300C0DF12C0E1A4603CAF7
:10B230007245CCF80000CCF8041013460CF1080C51
:10B24000F4D12DB9BDF82C00E5F7B3FCA4F85000FB
:10B2500096E80F0004F1400585E80F00B8F80830C3
:10B26000A4F852304FF6FF7194F87F310D2B03D8BC
:10B2700001FA03F2BA4212DB02212046FFF710FB6B
:10B280002046FFF70AFBC4E93400C4F8E400C4F820
:10B290001801C4F8D800C4F8CC000020B8E7013386
:10B2A00084F87F31E0E7000070B590F8553005462E
:10B2B0000C4613BB0B7CFF2B21D00B696BB94B6980
:10B2C0005BB94FF6FF708E69E5F776FC864204D1D4
:10B2D0000C48E5F732FC162070BD21462846FFF7E2
:10B2E00044FF0028F8D12846074A0821FFF7EAFD65
:10B2F0002846BDE87040FEF7D9B97F20ECE76A2008
:10B30000EAE700BF20200500F8240100F8B5069FF9
:10B3100004460D4690F855002FB1D4F8C810002906
:10B320001CDA012809D903284FF0000619D8D4F8EF
:10B33000C810002915DB80203FE00126F7E7906860
:10B3400000283AD0114604F1080000F094FA1AE0FF
:10B35000202032E0682030E018462EE00328EAD9A9
:10B36000002694F854104906F2D40A28F2D008B9FD
:10B37000002EEFD0002AE2D1002BEDD0194604F1C7
:10B38000080000F088FA3EB139462046FFF7EDFE8E
:10B3900098B9204600F086FB2DB1D4F8C83043F4AC
:10B3A0008033C4F8C8302046FEF780F92DB1D4F8B8
:10B3B000C83023F48033C4F8C830F8BD08B590F81D
:10B3C00055300A2B0AD04BB1D0F8C820002A01DA38
:10B3D000032B01D0FEF76AF9002000E0682008BDC9
:10B3E00038B590F855300A2B04463FD0002B3DD09D
:10B3F00090F85420013B42F0400280F85420042B86
:10B400001BD8DFE803F00314142C31000021FFF7F0
:10B4100047FA2046FFF7ACFA00210546E5F769FB3D
:10B4200065B91348E5F79AFB95F85530FFDED0F87B
:10B43000C83043F40063C0F8C830254695F855304D
:10B44000092B04D10B4A10212846FFF73BFD94F845
:10B45000550060B12046BDE83840FEF727B9062107
:10B460002046FFF71DFAE8E70821F9E7682038BD14
:10B4700033200500C027090008B590F855300A2B85
:10B4800005D05BB1BDE808407121FFF725BBFFF790
:10B490006FFABDE808400021E5F72BBB08BD0A465E
:10B4A000002121F063BEF8B501F0070302F00704A4
:10B4B0001C44E60800EBD10506EBD20604F00704B5
:10B4C000CF08AA19FF21C4F1080441FA03F301FAD5
:10B4D00004F4954210F807C0DBB2E4B204D11C407A
:10B4E0004CEA0403C355F8BD43EA0C03C355721E6E
:10B4F000681C21F03BFE002CF5D0AB5D1C43AC5525
:10B50000F1E72DE9F04101F0070300EBD104CF088A
:10B5100002F007011944CD0805EBD205FF2604EB24
:10B52000050CC3F1080301F0070106FA03F36445B3
:10B5300046FA01F6C25DDBB25FFA86F805D143EA4E
:10B5400008031340C355BDE8F0811340C3556A1E7C
:10B550000021601C21F00AFEFF2E1EBF635D08EA79
:10B5600003036355EFE7F0B5D508FF24475D02F00C
:10B5700007020646C2F1080044FA02F2D4B23A4089
:10B58000944210D16A1C8A420CD298420AD2B45C0E
:10B59000FF2C05D108300132F5E76400E4B2013038
:10B5A0002306FAD4F0BD52086408A24200F1FF302D
:10B5B000F9D1F7E70144884201D30120704710F820
:10B5C000013B002BF7D000207047D0E900318268A2
:10B5D0005818D31A994228BF801A704730B40546CC
:10B5E0001C461046BDF808306A18A1B230BCDBF723
:10B5F00038BD0023C0E90033C0E90221704740682C
:10B600007047D0E90102101A7047806870472DE931
:10B61000F04F9046D0E90126B21A9A4228BF1A4646
:10B6200085B00F461446D0F80CA0DDF838900546DA
:10B63000FFF7CBFFA6EB000B5C4501460BD800944F
:10B6400043463A465046C8476B68204623446B60E1
:10B6500005B0BDE8F08F43463A460390CDF800B000
:10B660005046C8470399A61B0E4400960BEB0803EF
:10B670003A460021E6E74268034630B500689D6817
:10B68000914228BF11460844521AB0FBF5F405FB5D
:10B69000140018605A60084630BD70B583680568AC
:10B6A000C6685C1B4368A342354405D80022C1E943
:10B6B00000259BB28B6070BDA0B21B1BC1E90025A9
:10B6C00088609BB20021C2E900169360F3E72DE980
:10B6D000F04F8846D0E90114611A85B08845DDE94C
:10B6E0000E67DDE910B948D808EB06058D4288BF22
:10B6F000A1EB0806CDE90223D0F80CA0FFF765FF07
:10B700004044B0FBF4F504FB15057019B0FBF4F1EF
:10B7100004FB11018D42DDE9022312D8009629466F
:10B720005046C84727B1324629463846FFF7BBFE88
:10B73000BBF1000F01D0CBF80050304605B0BDE89A
:10B74000F08FA4EB0508CDE9022329465046CDF839
:10B750000080C847341B039B029A2C440094434446
:10B7600000215046C847002FE2D0424629463846BD
:10B77000FFF799FE22460021D7E70026DDE72DE9F5
:10B78000F041D0E90138A8EB03038B4228BF0B46F8
:10B7900005461C4616465AB1FFF717FFA8EB0002F4
:10B7A000944207460AD8224601463046FFF7A9FED2
:10B7B0006B6823446B602046BDE8F081014630464B
:10B7C000FFF79FFEA4EB08023A440021EDE72DE9C4
:10B7D000F34184680E4614F0070118BF012101EB04
:10B7E000D40117461D4601918046FFF7EEFE304416
:10B7F000B0FBF4F604FB160601992B463246384698
:10B80000FFF7B1FE854204460ED9D8F808309B1BDD
:10B81000834209D82B1AB342019928BF334600222C
:10B820003846FFF7A0FE0444204602B0BDE8F08190
:10B8300070B506460D461446FFF7C7FEB2684119BB
:10B84000B1FBF2F302FB1311884206D8A0420CD8D8
:10B85000A14294BF0020012070BDA14203D8A042A4
:10B8600003D8A242F5E70120F6E70020F4E7102212
:10B87000002121F07BBC43688A682BB9C0E9001124
:10B88000C0E902320B6070471960C368416013441D
:10B89000C3600023F6E7426893680B449360C36873
:10B8A0001944C16070470368F0B52BB384680D4636
:10B8B0004FF0000CD3F808E0C668AEEB0407AF42C7
:10B8C00006D92C44751B03608460C56008460FE0F0
:10B8D0001768A4EB0E040137254434441760C46094
:10B8E00044689C4205D1C0E900CCC0F808C0481BA0
:10B8F000F0BD1B680024DDE71846F9E730B5C568E0
:10B900000C4611448D421BD381680568214411B156
:10B91000A86888420ED91D60039B0A441960A96873
:10B920000AB1914209D3049B1D60059B891A1960D5
:10B93000002030BD2D68091AE9E72D68521AEEE79C
:10B940000120F6E7C06870470169D1F83421D1F8C9
:10B95000083152009A42A8BF1A46D317C1E94223C0
:10B9600070470369D3F8C820D20230B514D5846873
:10B97000D3F8D020D3E94405811A21440029C3BF5C
:10B98000D3F83411121B5218C3E94205C2BFC3F8E1
:10B9900008210022C3F80C2130BD000011F07F4FB8
:10B9A0002DE9F04104460D4604D00A461C481D49C5
:10B9B000E5F7D4F82469D4E94201D4F83481400889
:10B9C00040EAC17042460023490821F0CDF9002920
:10B9D00008BF0228064638BF0226012D06FB08F6DE
:10B9E00012D0082D0ED1D4F8C830DA020AD413F0E0
:10B9F000005208BFC4E9446243F0005343F480138B
:10BA0000C4F8C830BDE8F081D4F8C83013F0005253
:10BA1000F8D1C4E94462C4E9426243F00053EFE75D
:10BA20005C2005008920050001292DE9F04325D17E
:10BA30000269184BD2F8C8401C401FD1C1688D075D
:10BA40001CD5D2E94489D2F80851D2F83431A14545
:10BA500008BFA84514D2CC0710D521F00101C16060
:10BA600063B192F87D114FF6FF7088402B448342FA
:10BA7000A8BF03461846D917C2E94201BDE8F083C2
:10BA80004168D2E93404844208BF5B008B42A8BFFE
:10BA90000B46E5E70000102000200021C3E900016B
:10BAA00001207047D0F83431C0F800310023C0F8CD
:10BAB00004317047D0F8C83023F00043C0F8C830D4
:10BAC0007047704700487047808FFFFF00487047FD
:10BAD000808FFFFF2DE9F04F97B0044603A88DE853
:10BAE00006009846DDF88CA014F06CFB204614F09C
:10BAF0005DFB0746002800F0818014F01DFD05461F
:10BB0000404621F076FC219B184400EB050949468C
:10BB1000012015F0ADFB044600285ED0404621F020
:10BB200068FC04EB050B024606464146584621F0E8
:10BB3000F5FAA819219A2099204421F0EFFA394604
:10BB4000012203A814F06EFB0746002846D1219B72
:10BB50009DE806001E4403A814F02AFC324659460C
:10BB600003A814F07FFC214603A814F08BFCB84610
:10BB70002E440DF1180BD04530D203A814F0ACFCC4
:10BB80003246214603A814F06DFC594603A814F070
:10BB900079FC03A814F0A0FC2A46214603A814F05F
:10BBA00061FC214603A814F06DFC08EB0500229B04
:10BBB00082452CBF2946BAFBF5F14FF0000238BF91
:10BBC00005FB11A143448A4205D012F80BE003F8AB
:10BBD00002E00132F7E78046CDE70A4F03A814F0F0
:10BBE000F5FA4946204610F0FBFB402106A810F06C
:10BBF000F7FB204615F042FB384600E0024817B03C
:10BC0000BDE8F08F0081FFFF0094FFFF1FB5089C87
:10BC10000394079C0294069C8DE8180013460A467C
:10BC200001460620FFF756FF04B010BD1FB5089C63
:10BC30000394079C0294069C8DE8180013460A465C
:10BC400001460720FFF746FF04B010BDF0B5456B75
:10BC5000C9B004460F4605B9056B154B15490CA82C
:10BC6000002A0CBF1E460E460CF024FAA16B0CA84D
:10BC700001F54B710CF038FA04A90CA80CF06EFA1F
:10BC80000CA80CF02BFAA36B019720240C22029233
:10BC90000094D3F80475324604AB302105F12C0032
:10BCA000B847214604A810F09BFB49B0F0BD00BF87
:10BCB000EA200500FA20050070B50646BCB06846CB
:10BCC00014460D460CF0F6F9B16B684601F54B7160
:10BCD0000CF00AFA294668460CF040FA202323604B
:10BCE00068460CF0FBF93CB070BD0000F0B5456B48
:10BCF000C7B004460F4605B9056B154B154910A88A
:10BD0000002A0CBF1E460E4615F0CEFDA16B10A8F2
:10BD100001F5846115F0E6FD04A910A817F08CF96F
:10BD200010A815F0CFFDA36B019730240C220292CE
:10BD30000094D3F80475324604AB214605F12C007B
:10BD4000B847214604A810F04BFB47B0F0BD00BF38
:10BD5000EA200500FA20050070B50646B6B0684630
:10BD600014460D4615F0A0FDB16B684601F58461DF
:10BD700015F0B8FD2946684617F05EF930232360B8
:10BD8000684615F09FFD36B070BD806B00F54B70B6
:10BD90000CF0DCB9806B00F5846017F0B9B870B5B1
:10BDA0000446806B00F54B700D4616460CF0CEF93C
:10BDB000A06B3246294600F58460BDE8704017F05C
:10BDC000A7B800002DE9F04FC368032BD1B005469A
:10BDD00040F05D81846BD4F808355B7A072B07D17E
:10BDE000AC4BC4F80435AC4BC4F8FC34AB4B06E0A8
:10BDF000AB4BC4F80435AB4BC4F8FC34AA4BC4F8C5
:10BE0000003540230F93D4F894356E6B2BBBD4F8D8
:10BE1000A435012B03D004F5A263A44A07E0D4F8AB
:10BE2000FC340FAA10A928469847A14A10AB30212C
:10BE300002912C360F990196009104F5AA67D4F867
:10BE40000465D4F80C153846B04720B9442138466B
:10BE500010F0C6FA01E0044687E1A96B0DF1400934
:10BE6000402201F5A261484621F058F9A86B202232
:10BE700018A900F5A26021F051F9A86B20224946CB
:10BE800000F5A66021F04AF94021484610F0A8FAD2
:10BE90006B6BAC6CD3F868A01A46AB6B0993D3F804
:10BEA00004350A93099B52F82C0B089203F5A26300
:10BEB0000C93EB680B932B6893F88C70C4F84CA030
:10BEC00007F0010307930B9BC4F8C83002F004FF8E
:10BED000834608B9774C48E1007A13F07FF9804631
:10BEE0000028F7D09BF8090014F060F906460028F6
:10BEF000F0D04FF48073029340230093CDF8049068
:10BF00000C9B6D4A08980A9F3021B847002840F0E2
:10BF1000B48098F80130D8F80490062B03D003F0D1
:10BF2000FD02082A18D10022E2609BF81C2012F0C2
:10BF3000020F14BF082210220A2B4FF00C0116BF6B
:10BF40000423A160A360A3682261C3F10C031A4417
:10BF500061602260002639E0072B02D0022B40F0FE
:10BF600096800122314604F1340014F05BF98346D7
:10BF700000287BD10122314604F1400014F052F92F
:10BF80008346002872D1304614F0D6FA98F8013072
:10BF9000D8F80C20E060072B0646626001D12060D3
:10BFA00014E0D8F81430BAF1010F0EBF1B18B0FB23
:10BFB000F3F103FB013323600B9B023B012B02D9FE
:10BFC000DFF8F8B052E023681A442260079A4FEA7B
:10BFD000D9097300002A73D110AA02EB030AA768DB
:10BFE0004B44D318079302EB060B07B96768079B0E
:10BFF0003A4603EB090104F1140021F08FF8079B86
:10C0000009EB070119443A4604F1240021F086F8AF
:10C0100010AB0B9A002AD3DD5EB13246194604F10B
:10C02000340014F0C5F93246594604F1400014F0CA
:10C03000BFF92868D0F848B0BBF1000F07D00197CE
:10C04000CDF80090334610AA0899006DD8472B68A8
:10C05000D3F84CB0BBF1000F51D104F1500641466A
:10C06000304613F0E5F88346002863D04FF4807122
:10C0700010A810F0B5F95C4600E00446002C74D11D
:10C08000A86B402100F5A26010F0AAF96DE00B4CFE
:10C090006BE000BF2DBC020059BD0200EDBC0200E8
:10C0A0000DBC0200B9BC02004DBC0200132105000A
:10C0B0000A210500008FFFFF212105000094FFFFEA
:10C0C00010AA09EB030AA768D318079313469244F2
:10C0D000334407B967680D933A460AEB090104F146
:10C0E000240021F01BF809EB07013A46514404F102
:10C0F000140021F013F80DF1400B0D9B89E7186D2A
:10C10000099B0A9903F5A6621A4B994205D01A4B6E
:10C1100099420CBF0423002300E0032304930C9BEB
:10C12000039302920197CDF80090334610AA089924
:10C13000D84792E78C344146204613F079F883467D
:10C14000002893D10123D8F804205146304613F03B
:10C1500087F88346002889D10346D8F80420079938
:10C16000204613F07DF8834680E7204651B0BDE8B5
:10C17000F08F00BF2DBC02000DBC02002DE9F04382
:10C18000866BD6F8A48285B0814606F29457B8F142
:10C19000000F02D0D6F8A84244B9D9F80030D3F83D
:10C1A0006C80B8F1000F05D01C6F1CB1052903D0BD
:10C1B00008291BD027484AE006F5AA63FB1A012B81
:10C1C00001DC254843E006F25255230AAF4286F8C7
:10C1D000503586F85145F4D37B1BA342F1D3284652
:10C1E0002246002120F0C2FF254415E0D9F8003096
:10C1F000DA69019206F252559B6900932A467B1B2D
:10C2000003A9301D0CF0EEF808BB039B86F85135EE
:10C210001A0A86F850251D447B1B012BD1DD2E46C2
:10C22000230A06F8023BB7426C70CAD3BF1BA74271
:10C23000C7D322463046414620F070FFD9F8383047
:10C24000344403F5AA66A41BC3F80C45002005B0CE
:10C25000BDE8F0830094FFFF008FFFFF826BF8B50D
:10C26000D2F808359B7A013BDBB2092B04460ED885
:10C27000012101FA03F340F24F31194039B101684D
:10C2800091F88C30DB0707D4D4F8D8306BB96368E9
:10C29000013363600020F8BDD2F8AC3213B98B6D66
:10C2A000002B47D01B68002B44D0D2F8AC320BB91E
:10C2B0008B6D0BB31E680723FEB1B568C3F56072C2
:10C2C0000132954238D8D4F8BC20290CD154D4F886
:10C2D000BC201A44290A5170D4F8BC201A44DF1C2F
:10C2E0009570D4F8BC00F1682A46384420F016FF57
:10C2F000EB19D6F85061DFE70723D4F8BC10DA1F3A
:10C30000100C0871D4F8BC10100A4871D4F8BC1095
:10C310008A71C4F8C4301623C4F8C030D4F8BC30D5
:10C320000B221A706368013363602046BDE8F84051
:10C3300001F042BF0148F8BD0148F8BD808AFFFF07
:10C34000008BFFFF4B7A072B836B0CBF024A034A1B
:10C35000C3F8F824704700BF95BD02008BBD0200F2
:10C3600010B50446806B002100F54B700BF0D2FE37
:10C37000A06B012100F58460BDE8104015F0C4BA3F
:10C3800038B50446816C01F06EFA2368D4F8BC100D
:10C3900093F88C20A36B02F00102D3F8003504312E
:10C3A00020469847E368002B14BF10232823C4F8C5
:10C3B000C4301623C4F8C030D4F8BC3014221A702C
:10C3C000A56B2368D5F894255AB193F88C20D10732
:10C3D0005CBF0F22626093F88C20D20704D50A223A
:10C3E00001E062680132626093F88C3003F002036E
:10C3F00003F0FF0104F1CC00F3B1236CC5F8D8328F
:10C400000146082205F5377020F088FE062200213B
:10C4100004F1CE0020F0AAFE94F8CD300133DBB257
:10C4200084F8CD305BB994F8CC300133DBB284F8BA
:10C43000CC3023B9114838BD082220F097FEA36CF8
:10C440002364636BE362236893F88C309B0702D507
:10C45000204601F014F9204601F0AEFE60B92368D1
:10C4600093F88C3003F0020303F0FF0023B1204661
:10C47000BDE8384001F018BC38BD00BF8094FFFF14
:10C48000F0B5036893F88C20836B85B0D24301AD7F
:10C4900004462946D3F8003502F0010298470121ED
:10C4A000204601F0C9FF002854D1636F162B06D037
:10C4B0000A220221204601F04FFF27484AE0E76E9A
:10C4C0003B78142B0FD12168D4F8983091F88C6008
:10C4D00016F0020F0CBF4FF0040E4FF00C0E0EF1D1
:10C4E0000C02934206D032220221204601F034FF92
:10C4F0001A482FE08DF803000EEB0003FB5C2A5C6A
:10C500009DF803C0534001304CEA03030C288DF81A
:10C510000330F1D19DF80330002BE4D1A36BD3F8A5
:10C5200094354BB1F2075CBF0A23636091F88C30FD
:10C53000DB0704D50F2301E063680133636091F8E2
:10C540008C3003F0020303F0FF001BB1204601F022
:10C55000B5FA002005B0F0BD0089FFFF8081FFFF24
:10C5600010B5CC220446002120F000FE04F150005A
:10C5700012F042FE04F18C0012F03EFE04F1340091
:10C5800013F020FE04F14000BDE8104013F01ABE85
:10C590006C22002120F0EABDF022002120F0E6BD4F
:10C5A00090F88C3061F3830380F88C3070478161A0
:10C5B000C2617047C361009B416282610362704740
:10C5C000016041608160C1607047000070B5044641
:10C5D0000E4601200C21154614F04AFE78B10023C6
:10C5E000066045608360A26D12B9A065104670BDFB
:10C5F00093680BB11A46FBE79060184670BD01487E
:10C6000070BD00BF0081FFFFC1650266704700007A
:10C6100013B5846B74B1036863B193F88C008DE833
:10C620000600032300F00101062204F59C700BF0C4
:10C6300097FF00E0014802B010BD00BF008FFFFF70
:10C64000F8B506460C4631B1084620F0D2FEFF2868
:10C65000054601D923E00D46D6F8DC7057B13846BF
:10C6600020F0C7FE014638460FF0BAFED6F8DC00CF
:10C6700014F004FE1CB9C6F8DC402046F8BD691C65
:10C68000012014F0F5FDC6F8DC0050B12A46214621
:10C6900020F044FDD6F8DC3000205855F8BD0248A3
:10C6A000F8BD0248F8BD00BF008FFFFF0081FFFF0B
:10C6B00080F8881080F88920704780F88A1080F808
:10C6C0008B2070470368B3F88C30C3F3C213013B6F
:10C6D000032B9CBF124A32F81330C26A88BF4FF452
:10C6E000617362B192F86420013A032A9ABF0C493F
:10C6F00031F812204FF46172934228BF1346426B07
:10C7000062B192F86420013A032A9ABF044931F8D1
:10C7100012204FF46172934228BF134618467047A7
:10C72000E2200500036893F88C3013F0010303D175
:10C730004268013A012A0BD9826BB0F8D4303AB181
:10C74000B2F8280320B123B1984228BF1846704799
:10C750001846704770B50646FFF7B4FFB0F5617F25
:10C7600028BF4FF4617005463046FFF7DBFF0446F3
:10C7700050B1304601F030F9002808DB844205D979
:10C78000201A854228BF0546284670BD004870BD66
:10C79000808FFFFF10B5044698B103688BB193F802
:10C7A0008C30DA0702D402F035FB00E0064823683B
:10C7B00093F88C30DB0705D52046BDE8104003F028
:10C7C000C7BB024810BD00BF808FFFFF008FFFFF77
:10C7D00010B5044660B1036853B16368102B05D0EF
:10C7E0002046FFF7D7FF0028F7D002E0002010BD59
:10C7F000004810BD008FFFFF38B5846B0546C4B3F9
:10C8000004F54B700BF06AFC04F5846015F05AF8DF
:10C81000201D0BF0F5FC04F59C700BF061FED4F8C4
:10C82000980214F02BFD0023D4F8A002C4F898322B
:10C83000C4F89C3214F022FDD4F8A40238B1D4F824
:10C84000A8120FF0CDFDD4F8A40214F017FDD4F80F
:10C85000B80214F013FDD4F8C80200F003FF284614
:10C8600001F01DF920464FF4B561BDE838400FF0E6
:10C87000B7BD38BD10B50446FFF7BEFFA06B14F07E
:10C88000FDFC606C0023A36320B101F0EFF8606C45
:10C8900014F0F4FCA36C63640023A36410BD10B512
:10C8A000044670B1C06D30B104F045FFE06D14F086
:10C8B000E5FC0023E36520466C21BDE810400FF045
:10C8C0008FBD10BD38B5836B0446006BD3F894550B
:10C8D00038B1636B826E9A66FFF7E1FF206B14F04C
:10C8E000CDFC2268616B216300236363536A23B12B
:10C8F000886810B10DB9906A9847236893F88C3016
:10C900009B0708D5A36BD3F8C83223B1002120467A
:10C9100000F0ABFC02E02046FFF7ACFF6368013398
:10C92000636038BD70B50446806C08B101F09EF8B4
:10C93000606B08B1FFF7B3FFA36B13B12046FFF79D
:10C940005BFFA36C23B9CC21012014F091FCA064FF
:10C95000636B23B96C21012014F08AFC6063A36B24
:10C960002BB94FF4B561012014F082FCA063A06BD9
:10C9700018B1A36C0BB1636B6BB914F07FFCA06CA6
:10C9800014F07CFC606B14F079FC0023A363A364B7
:10C990006363264870BD1846FFF7FAFDA06CFFF7E9
:10C9A000DFFDA56B4FF4B562002105F54B762846F7
:10C9B00020F0DCFB30460BF07DFB0021304605F516
:10C9C00084660BF0A7FB304614F06EFF0121304661
:10C9D00014F09AFF0026164BC5F8F834281D2E7067
:10C9E0006E700BF0DFFB05F59C700BF039FD2168D4
:10C9F000C5F89862C5F89C6291F88C3003F0020388
:10CA000003F0FF0083B1A26B236CC2F8D83291F817
:10CA10008C3013F0010318BF0223204682F8C43281
:10CA2000002100F022FC002070BD00BF0081FFFF4C
:10CA30009FBD020038B5002301600446C0F8A8304D
:10CA400040F2D131012014F013FCA06508B9184D53
:10CA500010E040F2D131012014F00AFCC4F8A80023
:10CA60000028F4D0204600F09EFF2046FFF75AFF32
:10CA70000546D0B1A06D14F001FCD4F8A80014F064
:10CA8000FDFB00232360A365C4F8A8302366E3659B
:10CA90006366A366E366C4F8B030C4F8AC30C4F88B
:10CAA000B430C4F8B830C4F8BC30284638BD00BF34
:10CAB0000081FFFF38B5044600252946456000F097
:10CAC000D4FB2046C4F8E850256700F06CFF2046F0
:10CAD0006567A567C4F88450A4F8805000F01AFE7A
:10CAE00008222946C4F89850C4F89C50C4F8A050B5
:10CAF000C4F8C050C4F8C450C4F8C85004F1CC0005
:10CB000020F034FB40F2D1322946E5632564A5626A
:10CB1000E562D4F8A80020F029FBE56740F2D132A5
:10CB20002946A06D20F022FB606C28B100F09EFF2A
:10CB3000606C14F0A3FB6564206B30B1FFF7AFFEAF
:10CB4000206B14F09BFB00232363D4F8E00014F067
:10CB500095FB0023C4F8E030C4F8E4302046BDE87B
:10CB60003840FFF7DFBE0021FFF7A4BF38B5044609
:10CB7000002852D0D0F8A80050B140F2D1310FF0C7
:10CB80002FFCD4F8A80014F079FB0023C4F8A830D7
:10CB9000A06D40B140F2D1310FF022FCA06D14F035
:10CBA0006DFB0023A365606C20B100F05FFF606C3B
:10CBB00014F064FBA36B8BB12046FFF71DFEA06C45
:10CBC00000F054FF606BFFF76AFEA06B14F056FB99
:10CBD000A06C14F053FB606B14F050FB206B20B181
:10CBE000FFF75DFE206B14F049FBD4F8DC5055B123
:10CBF000284620F0FEFB014628460FF0F1FBD4F852
:10CC0000DC0014F03BFBD4F8E00014F037FB2046C6
:10CC1000F021BDE838400FF0E3BB38BD9022002181
:10CC200020F0A4BA10B5044690F88C0061F300001F
:10CC300062F3410084F88C0029B9C1B2022060F38C
:10CC4000830184F88C1094F88C102148E06341F043
:10CC5000400184F88C1094F88D101E48206441F037
:10CC60005C0184F88D104FF47A71C4F88010022BA7
:10CC70004EF660214FF00303C4F8841084F88A3024
:10CC800084F88B3084F8883084F889300BD1124BCB
:10CC9000E360A36063602360104B6365104B6366C1
:10CCA000104BA36611E0012A04BF022384F88B30E5
:10CCB00002F00EF80C4B63650C4BE060A060606006
:10CCC0002060636607F0D4FFA066002010BD00BF9F
:10CCD000C5BA0200CDBA02006C000020D02D0500BC
:10CCE0006000002078000020E82505007C0000207E
:10CCF00038B50446C06E40B1216F0FF071FBE06E95
:10CD000014F0BCFA0023E3662367606F40B1A16FA3
:10CD10000FF066FB606F14F0B1FA00236367A3673E
:10CD2000A06D20B1856814F0A9FA2846F9E72046DD
:10CD30009021BDE838400FF053BB08B5042113F033
:10CD4000E1FC002814BF0320002008BD022805D004
:10CD5000042803D0431E58425841704703207047AF
:10CD600003280CBF042000207047012903D00429A8
:10CD700003D1407870470078704700207047012940
:10CD800002D0042904D07047037823B90270704799
:10CD9000437803B9427070470170417070470000DA
:10CDA0000238C0B204289ABF014B185C00207047BB
:10CDB000DC200500043804289ABF024B185C0020D0
:10CDC000704700BF6821050003689B6E3BB1013BC3
:10CDD00013F8012F1AB18A42FAD1002070474FF0A0
:10CDE000FF307047836BD3F808352DE9F043997A0B
:10CDF0004B1EDBB2092B87B0044671D8012202FA20
:10CE000003F340F24F321A40002A69D0036893F8C6
:10CE10008C30C3F38108DB0708D5072960D0B8F14F
:10CE2000000F03D1636B80221A6659E0012120466E
:10CE300001F002FB0546002840F01981236893F8B1
:10CE40008C30D80759D513F0020F0CBF04230C23E4
:10CE5000D4F89810DA1C91424FD1626F162A4CD147
:10CE6000E06E02780B2A48D103228349184420F04F
:10CE700047F9002839D040E010F5165F00F08A80AD
:10CE8000002840F08580D4F89800864223D2F11C17
:10CE9000814267D8E56EAB5D002B63D12E4472787A
:10CEA000B37843EA02227F2A5CD98E18B04259D364
:10CEB0002944384605F0BAF848450546E3D0DBDC9E
:10CEC00010F5225F64D150220221204601F044FA7D
:10CED000002D40F0C680B8F1000F5DD1636BDF65B7
:10CEE0006368013363600025C1E0636B4022B8F1E1
:10CEF000010F1A66F4D0614DB9E0656BE86D30B191
:10CF000004F019FCE86D14F0B9F90023EB654FF457
:10CF1000AA71012014F0ACF9074630B95022022161
:10CF2000204601F019FA564DA1E004F0FFFB636FB3
:10CF3000162B06D00A220221204601F00DFA514D8F
:10CF40008FE0E26E13780B2B0CD12368D4F8981085
:10CF500093F88C3013F0020F0CBF04260C26B31D7F
:10CF6000994206D232220221204601F0F5F9464DBF
:10CF700077E09019925D4578837843EA0523002A8B
:10CF8000F0D1033633449942ECD1DFF804917AE7CB
:10CF90002A2299E72B2297E7236922680BB161695E
:10CFA00001E0D36A116BD2F85C900293636B03913A
:10CFB000603301930020D4F8DC3004900093536D6B
:10CFC000126E4946384604F0A7FB0221054607F1D8
:10CFD000CC0013F097FB666B58B1D7F8D0302046E1
:10CFE0001978FFF7F1FE20B1336E43F480333366D6
:10CFF00055B1B8F1010F0CD115F51C5F3FF46EAFC0
:10D0000015F5F44F0BD169E7B8F1010F3FF466AFA6
:10D010001D4DB9F1000F02D1B8F1020F01D00DB9C9
:10D020005CE71A4D336ED9050ED45E070ED413F4A7
:10D03000DC3F0DD1D8070DD499070DD413F0080F9C
:10D040000CBF2E22302208E0312206E02A2204E022
:10D050002B2202E02D2200E02C220221204601F0AA
:10D060007BF9384604F067FB384614F007F9284688
:10D0700007B0BDE8F08300BFD8200500808BFFFF1C
:10D080000081FFFF0089FFFF0086FFFF8089FFFF0F
:10D09000D2D9FFFF03685B6E3BB1043B53F8042F0A
:10D0A0001AB18A42FAD1002070474FF0FF30704722
:10D0B00000207047C368032B0CD1042904D0052934
:10D0C00008D1836B044A01E0836B044AC3F8FC2453
:10D0D000002070470248704759BD0200B9BC0200E9
:10D0E000009AFFFF2DE9FF4105469DF82C00904670
:10D0F0000E461F4613F05AF8044613F01DFAC8F8FE
:10D10000000001A813F05EF82146002201A813F0E8
:10D1100089F80446C8B901A813F0C4F80446A0B9B8
:10D12000A96B402201F5A26101A813F0DBF80446C7
:10D1300058B90A9A394601A813F0D4F8044620B920
:10D14000314601A813F0F0F8044601A813F03EF8A8
:10D1500024B150220221284601F0FEF8204604B0F6
:10D16000BDE8F08110B5D0F8C840FFF7DBFA28B170
:10D1700040F2D133984228BF184601E040F2D13046
:10D18000844294BF001B014810BD00BF0094FFFF04
:10D1900070B5144605460E46082221461FF0BEFF14
:10D1A000237A2B72022204F1090105F109001FF014
:10D1B000B5FFA3691B0AEB72A3692B730D233360C0
:10D1C00070BD10B5044670B1D0F81C0358B1D4F846
:10D1D000E432D4F820239B1AC4F8E43214F04EF859
:10D1E0000023C4F81C3310BD826FD0F898309A42E7
:10D1F00010B5044601D2012010BDC06E08490322BB
:10D2000006301FF07DFF0028F5D1E06E0322411C9F
:10D2100009301FF075FF003018BF012010BD00BF9E
:10D220006D2105000329F8B51ED80C2707FB01F472
:10D23000061996F8EC32DB0716D5D6F8F412D0F8BA
:10D24000E4325B1AC0F8E432D6F8F0020FF0C8F806
:10D25000D6F8F00214F012F83A4606F53B700021B9
:10D26000BDE8F8401FF082BFF8BD036D0A4613B158
:10D270008908C06C1847704708B5436D3BB1C06C56
:10D28000984702284FF0FF3018BF002008BD18460D
:10D2900008BD00002DE9F0471446A2B00D4609B9BB
:10D2A0006948CEE0002AFBD0D768002FF8D0136978
:10D2B00052699342F4D3A169981A8842F0D32E6D33
:10D2C000174402EB0108002E00F0B480B1F5617F35
:10D2D000767800F2AD80072EC8EB030804D0022E4A
:10D2E00049D1EB6C002BDBD1EB689845C0F09E80F8
:10D2F000D5F8C830002BD3DD05F13409224609A941
:10D300000AA8FFF745FF099A0AA9484613F0AAF8A8
:10D310000DF1580AA2693946484613F0A3F8514660
:10D32000484613F0AFF8484613F0D6F8A069EA680B
:10D33000514638441FF0F2FEEA68A369072E1344F1
:10D34000A36104D0C2EB08084FF0010915E08DE895
:10D35000880405F114013B466A6805F1500012F09B
:10D3600047F800286DD1A069374B169A904214BF38
:10D370001846002065E04FF00009062E03D006F0A5
:10D38000FD06082E8CD12B6943454FD8AE68D5F8E1
:10D3900004800C22002116A81FF0E8FE324605F199
:10D3A000140116A81FF0BAFE631E17AAE01D92F81A
:10D3B00000E013F8011F8EEA0101834202F8011B0D
:10D3C000F5D1224609A90AA8FFF7E2FE23462969FA
:10D3D00053F8182F04930691099B0093B9180591EF
:10D3E0000397029201970AAB6A6816A905F15000EB
:10D3F00012F024F828BBA2692B69B0451344A3613D
:10D400000ED06369072B11D908222146A7F1080025
:10D410001FF084FE6369083B6361A3690833A3615D
:10D42000B9F1000F7FF43CAF48460AE0074808E036
:10D43000074806E0B1F5617FFAD8C8EB0308B146AA
:10D440009DE722B0BDE8F0870094FFFF0096FFFF44
:10D45000008FFFFF2DE9F04F0D46C5B01446002A9E
:10D4600000F0A380D668002E00F09F8011695269F9
:10D470009142C0F09A80A369891A9942C0F09580C0
:10D48000D5F88C101644002900F08F8049780729C0
:10D4900013D18DE848000AAA029233466A6805F162
:10D4A000240105F18C0011F0A3FF002840F0D28088
:10D4B000A3690A9A934259D077E0062903D001F074
:10D4C000FD01082971D1D5F808806968414508D067
:10D4D000072B49D90832083B37466261A3610836F9
:10D4E00000E02746A3692A6993423DD39B1AA361B2
:10D4F0000C22002124A81FF039FE424605F1240128
:10D5000024A81FF00BFE7B1E25AA073713F8011F66
:10D510001078BB4281EA000102F8011BF6D12246D5
:10D520000BA90CA8FFF734FEA3692A690692F2182A
:10D53000059202930AAA0B9B00930492039601960C
:10D540000CAB6A6824A905F18C0011F0BBFF18B17F
:10D5500010F5C64F7ED107E0A069404B0A9A904271
:10D5600014BF1846002075E03D4873E0EA689B1A36
:10D57000A36122460BA90CA8FFF70AFED5F8C83014
:10D58000002B12DDA7698022B7F5807F4FF00001E4
:10D5900024A88CBFA7F5807A4FF0000A1FF0E6FDA3
:10D5A000286C12F0CCFF072801D92C4852E0012347
:10D5B00003FA00F010F0D80FF7D005F140080B9AED
:10D5C0000CA9404612F04EFF4FF0000BA269314605
:10D5D00040460DF1600912F045FF49468DF826B02E
:10D5E00040469DF8263012F04DFF404612F05AFE9C
:10D5F00024A9404612F086FF24A9404612F094FE6A
:10D60000404612F069FFE9680F44B24437445B4674
:10D61000BA4503D01AF8012B5340F9E78DF82730AB
:10D620009DF82730A46900238DF890308B420BD0F1
:10D630001A19B25C19F803009DF8905042402A4331
:10D640008DF890200133F1E79DF890300448002BCD
:10D6500008BF002045B0BDE8F08F00BF0094FFFF79
:10D66000808EFFFF38B5044644B12068E56813F0AA
:10D6700005FE204613F002FE2C46F5E738BD036890
:10D68000D3F88010836B10B50446C3F8C012FFF7BF
:10D69000ECFD636F162BA36B05D1E26E1278142A92
:10D6A00001D1032200E0022283F8C42210BD4368A6
:10D6B000102B70B50546846B06D02CB1D4F8F83425
:10D6C000D0F89820C16E98472B6893F88C309B0750
:10D6D0001FD5A86BE8B1D4F8B4320133C4F8B43222
:10D6E0000021FFF79FFD04F54A7604F53E730C33E5
:10D6F0009E4206D013E90700A3F1180585E807004C
:10D70000F5E704F544700C220021BDE870401FF0DD
:10D710002DBD70BD00220023C0E92223C0E92423CF
:10D7200070472DE9F84F036893F88D3003F010032C
:10D7300003F0FF04ABB3C16D8A78CE7991F8048011
:10D74000CB78002415022246224332434FEA086672
:10D7500042EA06082B434E7900273B433204D0E9C6
:10D7600022AB43EA04098E7944EA090342EA08023B
:10D7700023434FEA062842EA08029B4508BF924528
:10D780000FD3BAEB02026BEB0303002B08BF402A56
:10D790000AD2D0E924011FF07FFA40F30000BDE86F
:10D7A000F88F2046BDE8F88F4FF0FF30BDE8F88FC6
:10D7B0002DE9704F036893F88D30DB06064650D58F
:10D7C000C36D9878DC7993F804A0D9789A794FF0F2
:10D7D00000084FEA002948EA080020434FEA0A649B
:10D7E00093F805A0002541EA090129432043454655
:10D7F0004FEA0A442943204345461402D6E922232E
:10D80000294345460D430443AB4208BFA24217D209
:10D81000A21A65EB0303002B08BF402A04D30122A0
:10D820000023C6E9242307E0D6E924011FF040FACB
:10D8300040F00100C6E92401C6E92245BDE8708F29
:10D84000121B63EB0503002B08BF402A09D20120FD
:10D8500000211FF02DFAD6E9242310431943C6E90D
:10D860002401BDE8708F10B5036893F88C3013F075
:10D87000020FD0F8B03008D0DA1CC0F8AC2003F1A9
:10D880000B02C0F8B4200D3307E0A3F10802C0F882
:10D89000AC20DA1CC0F8B4200533C0F8B830D0F89A
:10D8A000B840C0F8BC4051B1D1F8C830012BC5BF59
:10D8B0008B684A680023D31A2344C0F8BC3010BDDB
:10D8C000836910B504463BB3D0F8C80078B910BDE1
:10D8D000D4F8B010A369606A891A984700281EDD41
:10D8E000D4F8C830834219D3181AC4F8C800D4F841
:10D8F000C820002AECD12368216C93F88C3013F0F7
:10D90000020FD4F8A83008BF08332046C4F8B0305E
:10D91000FFF7A9FF002010BD014810BD014810BD50
:10D92000008FFFFF0094FFFF836B37B5026CD3F8C5
:10D93000D8128A4204461BD000F1CC050164C3F81A
:10D94000D8222946082268461FF0E8FBA16B08226E
:10D9500001F5377128461FF0E1FBA06B69460822EC
:10D9600000F537701FF0DAFB216C2046FFF77BFFD4
:10D97000002003B030BD036893F88C3013F0020F21
:10D98000036E06D0DA1CC26503F10B0242660D334A
:10D9900005E0A3F10802C265DA1C4266053383661E
:10D9A000836EC366704710B50368D0F8A82093F85B
:10D9B0008C3013F0020F836D11BFC0F8B020083215
:10D9C0000833C0F8B02003660021FFF74CFFBDE824
:10D9D0001040FFF7D0BF0000D0F8B830D0F8B0103A
:10D9E000026C10B55B1AC2B1146DACB1617802392A
:10D9F000082911D8DFE801F00710101005050510FF
:10DA00000500126806E06169D268C0680A4401280E
:10DA1000C8BF5218134400E0014B184610BD00BFA8
:10DA20000094FFFFF8B50646FEF74CFED6F8C87026
:10DA3000B0F5617F28BF4FF46170B842044601D849
:10DA40000020F8BD3046FFF78DFB051E0CDB30468D
:10DA5000FFF7C2FF002808DB8542F1D9281AE41B32
:10DA6000A04228BF2046F8BD2846F8BD10B50446A0
:10DA7000A0B1503011F0C4FB04F18C0011F0C0FBD8
:10DA800004F1340012F0A2FB04F1400012F09EFBFE
:10DA90002046CC21BDE810400EF0A2BC10BD38B528
:10DAA0000546806B48B1FFF78CFB0024E1B2A86B00
:10DAB0000134FFF7B7FB042CF8D138BD38B5836BC0
:10DAC0000446D3F8C802FFF7CDFDA36B0025D3F8B9
:10DAD000B422C3F8C852C3F8CC52C3F8D42283F896
:10DAE000E8522046FFF7DBFF29462046FFF7BDFB43
:10DAF000636F162BA36B05D1E26E1278142A01D145
:10DB0000032200E0002283F8C42238BD012A08D194
:10DB10000229A0F1020008BF0121C0431870494248
:10DB200000E018705970704770B50268D0F8B030D6
:10DB300092F88C20D0F8C450044601338AB0C2F366
:10DB400040020E46C1688068FFF7E0FF082204F13A
:10DB5000CC01D4F8AC001FF0E1FAD4F8B4302A0AB2
:10DB60001A70D4F8B4305D70236C002B42D0D4F816
:10DB7000B820D4F8A8300692D31AC3F574730133D1
:10DB80000793D4F8C4300993D4F8BC30D4F8AC105F
:10DB90009B1A03A8082208931FF0C0FA2368E168C3
:10DBA00093F88C20A0680DF11503C2F34002FFF733
:10DBB000ADFFD4F8C0308DF814302368216CDA69D9
:10DBC00000929B6903AA2046FFF764FB002865D1F9
:10DBD000089B002B4CD19DF81430099DC4F8C0302F
:10DBE000D4F8B430C4F8C4502A0A1A70D4F8B43047
:10DBF000099A5A70D4F8B020D4F8B8309B1A1D4452
:10DC0000236893F88C309A0717D4D4F8B030D4F83E
:10DC1000C0201A70D4F8C830216C2B44C4F8C83026
:10DC2000D4F8B0301D442046C4F8B050FFF71BFEB6
:10DC30002146082251F8D40B0FE02046FFF792FA54
:10DC400000282BDB8542E0D912E011F8013D0133B9
:10DC5000DBB2551E0B7033B92A4690F88C3003F0B6
:10DC600002039A42F1D890F88C309B070BD401E064
:10DC70000B4813E04AB1012E01D000200EE02046EF
:10DC8000FFF71EFE0AE0022A01D1064806E0002E38
:10DC9000F1D12046FFF7C6FE0028EDDA0AB070BDCC
:10DCA0000094FFFF8094FFFF2DE9F843836B93F806
:10DCB000C422012A05463AD0D3F8C822C3F8CC22A0
:10DCC00012680C32C3F8D022FFF72EFE002840F075
:10DCD000DD80AB6B012283F8C42228E0337A142B59
:10DCE0005AD1002851D096E80600D5F8BC001FF0A4
:10DCF00015FA7368C5F8C430327AC5F8C020AA6B2B
:10DD0000D2F8D0120B44C2F8D03296E80600AB6BC2
:10DD10000A44D3F8D012914280F098807B1E594279
:10DD200059412846FFF700FF002840F0AF80AA6B5A
:10DD3000D2F8CC62002E00F09280337A162B09D1F3
:10DD4000336893F80080A8F11401D1F1000848EB82
:10DD5000010801E04FF0000895F8A470B8F1000F39
:10DD600006D12846FFF75EFE0028B7DABDE8F88343
:10DD70003368D2F8D0220C339A42F2D12846FFF70A
:10DD8000D3FD0028EDD0BDE8F8832846FFF798FDC5
:10DD90000028CCD0BDE8F8830B2805DD74680C287A
:10DDA000A4F10C0411D184B1B8F1000F06D12846BA
:10DDB000FFF786FD0028BAD0BDE8F8832846FFF7B4
:10DDC000B3FD0028F3D0BDE8F883AB6B3168D3F81E
:10DDD000D09201F10C08C8EB0908C8EB04040C3818
:10DDE000844228BF04460622D5F8BC001FF096F9ED
:10DDF000D5F8BC304FEA18429A71D5F8BC304FEADA
:10DE00001822DA71D5F8BC3083F80880D5F8BC3018
:10DE1000220C5A72D5F8BC30220A9A72D5F8BC305E
:10DE2000DC72D5F8BC00224649460C301FF076F96A
:10DE300004F10C03C5F8C430337AC5F8C030AB6BBD
:10DE4000D3F8D0020444C3F8D0425EE7F268C3F8C6
:10DE5000CC220AB112680C32C3F8D0225EE7284601
:10DE6000FFF72EFD044680B96B68102BAB6B03D116
:10DE7000032283F8C42208E0022283F8C422AB6B99
:10DE80002846D3F8C012FFF7F0F92046BDE8F88322
:10DE9000F8B5C36904460E461BB9036A002B00F0AF
:10DEA000A080206EA36DC31AC3F574730133B3420F
:10DEB000C0F09780236893F88C309B0740F18780EF
:10DEC000236D002B00F08D80636D002B00F08980A6
:10DED000D4F8841069B1E26F914201D9444D85E0D4
:10DEE000521AE26712B101441FF026F90023C4F868
:10DEF0008430E36F9E4276D9002BEFD12046FFF7A6
:10DF0000BBF9054638B100212046FFF7AEF963683A
:10DF1000102B1ED125E06368216EA26D266A102B9E
:10DF2000A1EB020215BFA36B2368D3F8C032DB6FED
:10DF3000C2F57472013216B1606AB04702E0E3695B
:10DF4000606A984708B92B4D50E010F5D04F22D1A8
:10DF5000D9E7A16B2068D1F8C022D0F884309A426A
:10DF600001D3254D42E0D0F8800082421CBF4FF41F
:10DF7000FE70A1F828035000824202D8834228BFD5
:10DF80000346C1F8C0322046FFF78EFE1B4D002825
:10DF900018BF05462AE0002827DBE06726E0204678
:10DFA000FFF76AF90028DCD1276A206EE16F751B44
:10DFB0008FB123680144DB6F606A2A46B8470028A6
:10DFC000C1D012DB854289D3E56F2844E067E56F55
:10DFD000AE42E4D807E00144E369606A2A46984704
:10DFE000EDE7074D02E0002500E005462846F8BDB4
:10DFF0000094FFFF808DFFFF0098FFFF0097FFFF59
:10E00000008FFFFFF8B50568866F95F88C3013F028
:10E01000020F14BF0C2104218E4201D22F48F8BDFB
:10E02000C36E9A785C78120242EA0442DC7822439A
:10E030000A44C0F8982095F88C10890722D55A799F
:10E040001C7999789D791F7A42EA04245A7809024A
:10E0500041EA0242D9781143DA79120242EA0542D2
:10E0600017439A7A5D7A120242EA0545DA7A8F42BC
:10E0700042EA0502D2D8C91B9142CFD30C32964254
:10E0800006D2CBE7964201D30020F8BD1448F8BD74
:10E09000826BF2B14168102903D0D2F8B4128C42DD
:10E0A00001E01978012914D0D2F8B4128C4201D9B8
:10E0B0000C48F8BDD2F8D422013A944201D00A4863
:10E0C000F8BD1B78032BFAD0FFF7EEFD0028F6D041
:10E0D000F8BDFFF789F80128D6D1E9E7008EFFFFE8
:10E0E000808FFFFF809BFFFF809AFFFF436F162BFF
:10E0F00010B5044603D0626F142A1ED104E0FFF766
:10E1000081FF0028F7D010BDA36F012B3DD1E36E36
:10E110001B78012B39D1236893F88C309B071ED5CF
:10E1200063680A2B1BD00C2B19D0A06B1C4A1D4B0B
:10E1300000280CBF1846104610BD152A0FD1A36F3A
:10E14000022B22D1E36E1A78022A20D0012A22D192
:10E150005B78F3B1642B144808BF002010BD23681E
:10E1600093F88C3003F0020303F0FF00B3B1172AD9
:10E1700002D16368102B0ED1A06B78B16368102BAD
:10E180000BD12046FEF776FB07E0084810BD084893
:10E1900010BD084810BD044810BD002010BD00BFD0
:10E1A000809BFFFF0099FFFF8099FFFF008EFFFF1C
:10E1B0008088FFFF8087FFFF38B5D0F8C030D0F8E7
:10E1C000BC10D0F8C4200D78162B044602D0142BB6
:10E1D00001D0A5E01DB1A06B002800F0A18020684F
:10E1E00090F88C00800706D5A06B20B190F8C4028F
:10E1F000012800F09580B2F5617F00F29180162B26
:10E2000050D1043A130C4B70D4F8BC30110A9970F9
:10E21000D4F8BC30DA70236893F88C30990777D53E
:10E22000D4F8C430C3F56173072B7BD9D4F8BC0094
:10E23000011D0C301EF080FFD4F8C430D4F8BC208F
:10E240000833C4F8C4308DB1A36BD3F8B0321B0AC5
:10E250001371A26BD4F8BC30D2F8B0225A71A26B01
:10E26000D2F8B0320133C2F8B03203E01571D4F8FD
:10E27000BC305D71D4F8BC000322002106301EF0D2
:10E2800075FFD4F8BC000322411C09301EF046FF84
:10E2900045B1A36BD4F8C420D3F8F834D4F8BC103B
:10E2A00020469847236893F88C309B0732D5D4F8E2
:10E2B000C030162B00D16DB31021012012F0D8FF11
:10E2C000054688B3D4F8C410012012F0D1FF2860AD
:10E2D00018B9284612F0D2FF26E0D4F8C420D4F8AA
:10E2E000BC101EF01BFFD4F8C4306B60D4F8C030F3
:10E2F0002B72A26B0023EB60D2F8C83213B9C2F8BC
:10E30000C85213E0DA680AB11346FBE7DD600DE09E
:10E31000002DBED120460121BDE83840FFF704BCE6
:10E32000034838BD034838BD034838BD002038BD18
:10E330000094FFFF008FFFFF0081FFFF1422D0F841
:10E34000BC10C0F8C0200122C0F8C4200A70426886
:10E3500001324260FFF730BF10B490B1046884B15D
:10E360001524C0F8C0400224C0F8C440D0F8BC4016
:10E370002170D0F8BC305A7001215DF8044BFFF7D2
:10E38000D3BB02485DF8044B704700BF008FFFFF0E
:10E39000F8B50F461646044608B91B48F8BD036891
:10E3A000002BFAD04368102B05D12046FEF7D2F996
:10E3B000051E05DA26E0FEF70BFA0028F5D0F8BDB9
:10E3C000AE4205D9236893F88C309B0701D5E4E76A
:10E3D0003546D4F8C83023B12046FFF771FA88B12A
:10E3E00011E017233946C4F8C450C4F8C0302A4697
:10E3F000D4F8BC001EF092FE01212046FFF794FBEA
:10E4000000B1F8BD2846F8BD008FFFFF012A1A7839
:10E410000ED1C2F58072013202605B78C3F5807262
:10E42000012A01D00A607047C3F58073013301E00F
:10E4300002605B780B6070472DE9F04FD0F8A06068
:10E440008FB004460291D6B94FF0010BD4F8981062
:10E45000236F89B1002B40F03483A26F914206D222
:10E46000E06E521AA26701441EF066FE00E0A36748
:10E470000023C4F8983006E02BB9A36703E0002618
:10E48000C0F8A06020E3A36F002B40F090802368C9
:10E4900093F88C309A075ED5E56FD4F88470A36B3F
:10E4A000BD420CD8002B56D062680A2A10D00C2A24
:10E4B0000ED093F8EC2202F00502052A1AD0002BA8
:10E4C00049D0D3F81C13002945D0BD4243D827E0DA
:10E4D00093F8E822002AF2D014226267E26EC4F8B0
:10E4E00078B082F800B00022E267C4F8842083F894
:10E4F000E8225CE0D3F8F0128A784878120242EA07
:10E500000042C87802430C32B2F5617FD7D8162397
:10E510006367C4F89820A267E06E1EF0FFFD46E036
:10E52000B4F88020D3F82403904214D1D3F82053B8
:10E53000206EA36DC31AC3F5747301339D4200F2BC
:10E54000CD812A461EF0EAFD0023E567C4F8843039
:10E55000A06BFEF736FE236893F88C3013F0020FA1
:10E5600014BF0D2105212046FFF792FCC0B9236896
:10E57000D4F87CA093F88C20256E12F0020F0CBF0B
:10E580004FF003084FF00B0808F10207BA4580F07E
:10E5900043819F48236893F88C309D0700F1A08148
:10E5A00010F5CB4F3FF452AF002840F09581204644
:10E5B000FFF79CFD10F5C94F40F01381D4F8388067
:10E5C000B8F1000F3FF442AF636F142B02D0162B4B
:10E5D00003D03BE788F8E8B238E7E16E0F794B7972
:10E5E00043EA0723D8F8B472BB42C0F06A82DF1B4B
:10E5F000032F3FF62BAF0C2303FB0783D4F898506F
:10E6000093F8EC22D207A5F10C0A03F53A794BD422
:10E610002046FEF7E9FD00F1FF3EDEF1000299F829
:10E62000043042EB0E0262F34103B5F5617F89F8D5
:10E6300004303FF60BAFD8F8E432B3F5004F00F2E8
:10E640004082012806D11AF0070205EBDA0518BF4F
:10E6500001221544C3F50043AB4280F00582002F30
:10E660007FF4F4AEA36B01931846FEF7AAFD019B5D
:10E67000D3F8E422C2F50042954240F2F5814FF012
:10E6800003095FFA89F1A06B0193FEF7CBFD019BB3
:10E69000D3F8E422C2F50042954240F2E58119F137
:10E6A000FF39EED25B4E0FE20422D3F8F0021EF0E7
:10E6B00027FD00287FF4CAAE0C2202FB078202F578
:10E6C0003A7392F8EC1248073FF5C0AEE16ED2F80B
:10E6D000F02291F80790039302F10C038A798D7A66
:10E6E00001934FEA092949EA024291F8089042EA67
:10E6F00009094A7A2D0245EA0242CD7A15432A4693
:10E700000C3103EB09001EF009FD039B1A799107F8
:10E7100063D5019B09F007015344C1F10802E1B13F
:10E7200095424FEAD9010CD8551B194495422FD078
:10E7300091F800E00BFA05F04EEA00000870013590
:10E74000F4E7585C9144AD1A013A0BFA02FE4EEA26
:10E750000000C0B2002AF7D1585415F007020FD0BC
:10E7600005EB0900C008AD1A195CC2F108020BFAEA
:10E7700002FE01324EEA0101082AC9B2F7D119544A
:10E7800003EBD900EA08FF2101931EF0EFFC019B87
:10E7900003EBDA01994204D013F8012BFF2AF9D0D8
:10E7A0000EE000230AF0070A534507D20A78C3F1A6
:10E7B00007000241D00703D50133F5E7002201E04D
:10E7C0004FF0FF320C2303FB0787013297F8EC323E
:10E7D00062F3820387F8EC3238E642F004021A71E1
:10E7E00034E610F5CD4F3FF431AE10F5CB4F3FF48A
:10E7F0002DAE002870D1636F162B40F06581029B0F
:10E80000012B40F061812046FEF751FF5CE100BF23
:10E81000008EFFFF0096FFFF2B788DF82430143B0D
:10E82000032B3FF6B6AE6B788DF82530AB788DF8BC
:10E830002630C2F340020DF1250306A905A8FFF713
:10E84000E5FDA268059B9A420DF11C097FF4A1AE7B
:10E850002368069A93F889109142FFF69AAE93F8CE
:10E860008C3099074FF008024CBFE91CE16D484617
:10E870001EF054FC0C9715F80820A84498F80130B5
:10E880000A9543EA02231F440D930B97002B3FF494
:10E8900080AE256895F88C309B075DD495F88C3058
:10E8A0009F0775D50B9BC4F88430E16B002978D0A5
:10E8B0004A462046FEF7CEFD00287BD0236893F819
:10E8C0008C309B077FF56CAE10F5E34F7FF468AE9C
:10E8D00063680B2B40F0C4800646F5E07C48FBE7FC
:10E8E00010F5C94F2FD1A56B002D00F0B3809DF816
:10E8F0002430162B40F0AE80D5F81C33002B40F0AE
:10E90000A980D5F8E4320B99C3F50043994200F28F
:10E91000A180B4F88030C5F820130133C5F8243342
:10E92000012012F0A5FCC5F81C03002800F092801D
:10E930000B9A0A991EF0F2FBD5F8E4220B9B1344C4
:10E94000C5F8E43286E010F5CE4F00F08380002356
:10E95000C4F88430E36779E5BDF81C30BA455BBA8A
:10E960009BB2FFF416AEB4F88020934204D001327B
:10E9700093420BD057480DE6E76DC4F85C902046F3
:10E98000FEF7CFFEE765002888D0F3E7524801E69E
:10E990000B992046FFF77CFA00287FF401AEE06770
:10E9A00083E7236893F88C30980737D52046FEF725
:10E9B000FFFE33E00D9B83B9E368032B05D19DF87F
:10E9C0002430172B01D0454878E7D4F89C30013328
:10E9D000032BC4F89C3002DD40E0C4F89C0023689F
:10E9E00093F88C309907DCD40822236893F88C3094
:10E9F00003F002039A4206D9511EE06D435C0133D5
:10EA0000DBB2435443B1236893F88C3003F0020324
:10EA10009A42C6D1324851E70A46E6E7A36FB3F5FA
:10EA2000617FD0D82046FEF7A6FF636E226E0233C8
:10EA3000A3669DF82430636713700A9A0C9B1344F5
:10EA4000E3660D9B626EA3671B0A1370636E0D9ADB
:10EA50005A70ACE50B9BC4F88430F7E421482DE7ED
:10EA60000D2B3FF439AF72E72946012012F000FC6C
:10EA70004FF00C0909FB0789C9F8F00218B3C9F86F
:10EA8000F4520622E16ED9F8F0021EF047FBD9F8E5
:10EA9000F0020322002106301EF068FBD9F8F002D4
:10EAA0000322411C09301EF039FB99F8EC3243F087
:10EAB000010389F8EC32D8F8E4321D44C8F8E45276
:10EAC000FAE5034E00E0084E30460FB0BDE8F08F87
:10EAD0000094FFFF0099FFFF809BFFFF008EFFFF68
:10EAE0008094FFFF808EFFFF0081FFFF10B50121A2
:10EAF0000446FFF7A1FC002830D1636F142B06D029
:10EB00000A2202212046FFF727FC154810BDA36CFE
:10EB1000E363636BA362236893F88C3003F0020312
:10EB200003F0FF016BB100230022C4E92223C4E9F2
:10EB30002423B4F8803001339BB2A4F8803023B989
:10EB40000BE00822E06D1EF011FB2046FEF713FFDC
:10EB5000636801336360002010BD024810BD00BF30
:10EB60000089FFFF8094FFFF70B50E4614460546EE
:10EB7000002800F098800368002B00F0948093F840
:10EB80008C309A0703D46B68102B12D132E0FEF759
:10EB900097FE002840F09280AB6B002BF3D093F8E7
:10EBA000C432012BEFD12846FFF77EF80028EAD0C7
:10EBB00070BD2846FDF70CFE10F5D64F1AD0C8B12F
:10EBC00070BD6B6DD3B901212846FFF735FCF8B94C
:10EBD000AB6F13B36B6F162B42D12B68EA6E93F8B1
:10EBE0008C30127813F0010F28D103F002030AB31E
:10EBF000002B5ED0296F0029E3D03FE0E86C9847F6
:10EC00000130E0D12B682846D96FFEF72EFBDAE7FA
:10EC100010F5E54F52D1002070BD6B6F172BD9D185
:10EC200001212846FFF708FC0028D3D010F5E54F56
:10EC3000F1D070BDD5F898202BB13CE0012A04D06A
:10EC40009B07D7D435E0042A33D1EB68002B2CDDA9
:10EC5000642201212846FFF77FFB0028CAD070BD3F
:10EC6000152B24D0172B24D1EB6E2B676B68102B40
:10EC7000C0D100212846FEF7F8FABBE7A86F84420E
:10EC800028BF0446224630461EF048FAAB6F1B1BD5
:10EC9000AB671BB92B67C5F8A03002E02B6F23448C
:10ECA0002B67204670BD064870BD064870BD0648FB
:10ECB00070BD064870BD0C2A9CD1C6E770BD00BF70
:10ECC000008FFFFF0094FFFF0097FFFF0089FFFF09
:10ECD00000487047D8250500054B1A681AB18242D2
:10ECE00003D02033F9E7104670471846704700BF3D
:10ECF00098230500837A0A2B0ED8012000FA03F32B
:10ED000013F08E0F0BD113F4C06F07D113F0100F57
:10ED10000CBF00200420704700207047022070477D
:10ED2000807A18B1032803D9042802D00020704744
:10ED300001207047827A0B2A08D80123934040F6BD
:10ED400018701840003018BF01207047002070472D
:10ED5000807A053803288CBF002001207047836B20
:10ED600013B1D3F8AC3213B903689B6D0BB158687B
:10ED7000704718467047000038B5836B1D7904460C
:10ED8000284605F091FF40B129462046FEF71CF8C1
:10ED9000003018BF0120404238BD014838BD00BFD7
:10EDA0000094FFFF38B50D46044608B9012038BD70
:10EDB00001699942FADC83699342F7DB2B6893F887
:10EDC0008C30990702D5027F5207EFD45B0602D53B
:10EDD000237A2A2BEAD0A37A0B2B04D02046FFF704
:10EDE000B7FF40B938BDA86B00F59C7009F0FEFB79
:10EDF0000028F3D0DAE72B685A6F002AD6D09A6F32
:10EE0000002AD3D0DA6E002AD0D0186FB0FA80F082
:10EE1000400938BD2DE9F04F4368102B9FB00446E0
:10EE200000F04381836B002B00F03F81FEF748FD2B
:10EE3000002840F0BA85236893F88C309B0717D4DC
:10EE4000D4F804B0BBF10F0F00F22F81DFE81BF004
:10EE50001C001F0037003302370204031803490364
:10EE60004D03E9038B048F04930497049B049D04D2
:10EE7000A36B93F8C432012BE2D12046FEF714FFB6
:10EE80000028DDD000F091BD012300F063BF2168B0
:10EE90008B69002B00F07D8491F88A30A36091F893
:10EEA0008B30E36091F88800002800F0FE80D4F8F1
:10EEB000BC9019F56175C0F0968400F091BC0121F9
:10EEC0002046FFF7B9FA0646002840F06584636FD4
:10EED000E56E162B40F02882236893F88C2091076A
:10EEE00056D52B78032B49D1A16F0E2905F10C03C0
:10EEF00040F256810EA9C2F340020DA8FFF786FA30
:10EF00000D99022974DD0E9B012B71DD226892F8A8
:10EF1000880081426CDC92F88920934268DCE26EC2
:10EF2000A36F05F10F061344AD7B9B1BAB42C0F2F0
:10EF30003781A36BD3F8B80212F0A0F9294601205B
:10EF4000A76B12F095F9A36BC7F8B802D3F8B80213
:10EF500080B12A4631461EF0E1F8A36B83F8BC521B
:10EF6000012320466360FDF7FBF92046FEF7A6FD6E
:10EF700000F004BFDFF81CBC00F068BFA36BD3F83F
:10EF8000B80212F07BF9A36BC3F8B86283F8BC62D5
:10EF90002368D4F8981093F88C2012F0020F14BF55
:10EFA0000C26042606F126039942C0F0F9802B783E
:10EFB000022B40F0F5802E443346C2F3400204F1A8
:10EFC0000C0104F10800FFF721FA2368A16893F807
:10EFD0008A2091420CDBE26893F88B00824207DBC7
:10EFE00093F88800814203DC93F889309A4208DD67
:10EFF000462202212046FFF7AFF9DFF89CBB00F064
:10F0000025BFA06B2022B11C00F5A6601EF086F87B
:10F0100096F82250202D00F2C3802368D4F898205F
:10F0200093F88C3013F0020F14BF0C2304232B44ED
:10F0300003F127018A4210D9711991F8267091F8CD
:10F04000271041EA0727791E022940F2A98007F11B
:10F0500028010B449A4205D0A2E026339A4240F0A0
:10F060009F800027731993F8238093F8242093F846
:10F07000253042EA082843B12F2202212046FFF71B
:10F080006BF9DFF818BB00F0E1BE4046D4F83890C9
:10F09000FFF722FEA36BC9F80805D3F8081541B99C
:10F0A000502202212046FFF757F9DFF8F4BA00F0AA
:10F0B000CDBE2046FDF746F9A36BD3F8943506F193
:10F0C00023098BB96368A26B606B01336360002313
:10F0D000C2F894354946C0F80080436085602A46EE
:10F0E0000C301EF01BF81CE0002DEBD0606B0368A9
:10F0F0009845E7D14368002BE4D183689D42E1D174
:10F100002A4649460C301DF0FBFF0028DAD10C23BB
:10F1100063602046FCF756FE834610B1502200F093
:10F1200012BE2368E26853F82230043B53F8040F00
:10F1300008B92F223EE0626B12689042F6D1FFF7C9
:10F14000CBFDE36821461A46FFF72CFE0028F0D1DC
:10F15000636B05F128025860B5184FF0010980462D
:10F160004FF6017A0DE0162B42D01BDC012B30D07C
:10F170000B2B59D0BE1B371F053E022E5D4440F2BB
:10F18000D785002F00F089802A786B78AE7843EA23
:10F190000223EA7842EA062606F1040BBB45E2D9CF
:10F1A000322207E0B3F5807F55D0534508D1012EB8
:10F1B00009D0282202212046FFF7CEF800F0B8BD82
:10F1C000172BD7D122E02B79002BF2D1C4F8E860BD
:10F1D000D0E72368B3F88C3003F46072002AE8D0DB
:10F1E000012EE6D12A79C3F3C2139A42C2D0E0E7D6
:10F1F000236893F88D305B07DBD5E368002BD8D00C
:10F20000002ED6D1636BC3F86890B3E7236893F8F8
:10F210008D301807CDD5E368002BCAD0002EC8D199
:10F22000A36BC3F8A495A5E7002EB9D02B795A1C7F
:10F230009642B5D16A1D1046002BBAD012F8011BB8
:10F24000012906D8A36BC3F8E0100278C3F8BC21EB
:10F2500090E7013BEFE7A36BD3F80825927A0B2ADE
:10F2600088D1D3F8980212F009F8A06B3246C0F8A2
:10F270009882C0F89C82291D00F59C7009F00AFE56
:10F2800000283FF477AF0790282202212046FFF79D
:10F2900063F8079B9B4600F0D9BDD4F8E830002BFB
:10F2A00040F06C85236893F88C3003F03003202BFA
:10F2B00040F064857DE72046FDF794FD75E3A36B80
:10F2C000D3F8087500230C93BB7A093B012B21D896
:10F2D000636BDD6D002D00F02E85022105F1CC0061
:10F2E00011F010FA002800F02985A06BD5F8D01095
:10F2F0000122043009F004F8002840F0228520465D
:10F30000FFF73AFD8346002800F02285DFF894B825
:10F3100000F018BD01212046FFF78EF8002840F0CC
:10F320004483636F162B05D00A2202212046FFF783
:10F3300013F84AE2E16EBA7A0B780C2B07D002F090
:10F34000FD02052AF0D10123C4F8A03088E123682A
:10F35000D4F8985093F88C3013F0020F14BF0C239C
:10F3600004230B440D44511F03290C9303D9D31ECE
:10F37000012B14D815E0E91A01293FDD18785978D6
:10F38000023341EA0021E81A884201DA0C9335E0A1
:10F390000B440C9302F0FD03052BE8D117E0082A7B
:10F3A0000AD1A06B2A460CA9043008F087FF28BBBD
:10F3B0002046FFF7E1FC09E00B2A40F0D1810C99CF
:10F3C000A06B6A1A00F59C7009F01AFEB0B9BB7AFE
:10F3D000023B022B00F24481236893F88C3013F037
:10F3E000020FE36814BF4FF00C0B4FF0040B032B1C
:10F3F00040F0B6810C9EB31C9D4201D22F2223E027
:10F400003078D4F86C90FDF7CBFC80460028F5D01E
:10F410000C9B5878FDF7A4FC82460028EED04146AC
:10F420002046FDF737FE0028E8D10C9B3846023312
:10F430000C93FFF75FFC50450746DFD10C9BAA1EDB
:10F44000934240F26E81322202212046FEF784FF71
:10F45000DFF854B700F0FABCA36BD3F808359B7AF9
:10F46000013BDBB2092B00F28784012606FA03F385
:10F4700040F20F321A40002A00F07E8400F081BC76
:10F4800001212046FEF7D8FF0546002840F09B8169
:10F49000636F162B40F099812268D4F8981092F887
:10F4A0008C3013F0020F14BF0C230423994203D1B4
:10F4B000E36E1B780E2B08D0322202212046FEF785
:10F4C0004BFFDFF8E8B600F0C1BC6368013363604E
:10F4D00092F88C30990740F151842046FEF7EEFAFD
:10F4E00071E12046FCF7BAFE5FE2A06BD0F8086538
:10F4F000B37ADA1E012A02D9093B012B1FD82368EF
:10F50000D4F8BC20D96901919B69009304324FF46F
:10F510007A730EA9043008F025FF002840F04582D8
:10F520002368A06BDA6901929B69009300F5AA62D7
:10F5300000F20C512023043008F054FF3BE0304629
:10F54000FFF706FC88B12268536F002B00F008819A
:10F55000936F002B00F00481D16E002900F0008130
:10F56000126F002A00F0FC802AE0B37A0B2B40F0E7
:10F57000F7802368D4F8BC10DA690192A06B9B690C
:10F5800000934FF460720EAB043100F59C7009F0EB
:10F5900031FE002840F009822368A06BDA690192ED
:10F5A0009B69009300F5AA6100F20C53202200F53C
:10F5B0009C7009F019FF002840F0F781042525E030
:10F5C0009A1DB2F5617F0E9300F20A81D4F8BC2037
:10F5D000190A1171D4F8BC2053712368D4F8BC0007
:10F5E0009A6F596F06301DF099FD2368B27A9D6FAE
:10F5F000052A05F1060540F0128400230E93B17A26
:10F600002046FCF7BBFD002840F0CF810E9B1D4437
:10F610001623C4F8C030C4F8C450D4F8BC3010224B
:10F6200077E0A36B2046D3F8085500230C93FCF732
:10F63000C9FB002840F0B981AB7A013BDBB2092B52
:10F640000ED8012202FA03F340F20F321A403AB107
:10F65000D4F8D83023B1A56B2DB923689B6D33B98D
:10F660006368013389E3D5F8AC32002BF5D01B6811
:10F67000002BF5D02046FFF772FB002800F0E48352
:10F68000D5F8FC340DAA0EA920469847E368032B51
:10F6900066D1A36BD3F808355D7AD4F8BC30072D5A
:10F6A0000BBF052204221A711A71204618BF0625C5
:10F6B000FFF755FBD4F8BC60FDF73FFB70710026E7
:10F6C00020460D96FFF74BFB23680496D9690391FA
:10F6D0009B6902930CAB0193D4F8BC3008330093C0
:10F6E0000EAA3346294611F07DF8002840F05D81CE
:10F6F0000C9BD4F8BC20190A9171D4F8BC20D371AA
:10F700000833C4F8C4301623C4F8C030D4F8BC3071
:10F710000F221A706368013363602046FEF74CFDC8
:10F7200043E193F800A05A7842EA0A2A0233CAEB6E
:10F730000505AB420C937FF486AE09EB0B03F61A7A
:10F74000CDF8048000960DAA0EA92046FDF7CAFC4C
:10F75000002840F02A81636BDD6D002D40F0FC82B3
:10F76000DFF84CB472E32046FEF7E8FD1DE12046C9
:10F77000FCF706FE19E12046FFF7B8F915E120462F
:10F78000FCF77EFE11E10F23F7E22046FDF79AF821
:10F79000F4E2DFF820B459E3834657E300230293F1
:10F7A0000C9B00932846CDF804A00D9B0EAA414661
:10F7B00010F0B0FF054600283FF452AF332202217B
:10F7C0002046FEF7C9FDAB4640E3DFF8ECB33DE36E
:10F7D0001E44236893F88C309F0758D5B5424BD20E
:10F7E000DFF8D8B332E391F88C2091F8891009F151
:10F7F0000403C2F34002FEF789F92368A66B93F86D
:10F800008C20920702D5D6F8B82292B99F69D869A0
:10F81000042206F5A261B847002840F0C68023689C
:10F820001C229F69D86906F21451B847002840F09D
:10F83000BC80A16B202201F5A26109F106001DF038
:10F840006DFC636B9B68A3F11002102A06D8A26BB3
:10F85000D2F89425002A08BF002300E0002309F114
:10F86000270689F8263000229342B1D0616B1144FB
:10F87000097BB1540132F7E7AE42B1D0A26BD2F8A6
:10F88000B832771C002B40F0928033703E462368DC
:10F89000E268B54253F82230A2D3AA1B012A9FD9AD
:10F8A000A3F1040A0023B71C079398465AF804BF33
:10F8B000BBF1000F28D05846FFF70EFA2268214608
:10F8C00092F8893092F88B208346FFF76BFA002874
:10F8D000ECD15846FFF72EFA079BBD4243EA0003DE
:10F8E0000793FFF47DAFEB1B012B7FF679AFDAF8BE
:10F8F00000301A123B4608F1010803F8022BDAF82F
:10F9000000207A701F46D1E7BD42FFF469AFEB1BC0
:10F91000012B63D864E70D23120A8AF80530F3B28D
:10F920008AF806209A1C8AF80720320A8AF804000E
:10F930008AF808208AF809300636079B002B40F029
:10F94000C380A06B00F59C7008F050FE002840F0CA
:10F95000378106F10208B8444545FFF441AFC8EBD2
:10F960000503032B7FF63CAF012388F8003088F8AD
:10F970000100A06BD0F8981208F1040B21B1D0F867
:10F980009C22002A40F057812368D96901919B6924
:10F990000093C8EB05020EAB043A594600F59C7083
:10F9A00009F0A8FA002800F02E8183464EE292F872
:10F9B000BC323370BD42FFF413AFA36B93F8BC228B
:10F9C000E91B8A423FF60CAFD3F8B81238461DF057
:10F9D000A5FBA36B93F8BC623E4458E7BA46FF23ED
:10F9E0000AF802BB7B70236893F88D309B0611D513
:10F9F0005545FFF4F5AECAEB050ABAF1010F7FF6E3
:10FA0000EFAE5623BB7007F1040A87F803B008F184
:10FA1000020801E008F101084FEAD81355454FEA02
:10FA20004808337086F80180FFF4DAAECAEB0503AC
:10FA3000012B7FF6D5AE5746012307F8023B00267F
:10FA4000BD428AF80160FFF4CBAEEB1B012B7FF6C1
:10FA5000C7AE0AF104030893236893F88920032AA8
:10FA60007FF46BAFD3F86480B8F1000F00F0C8806A
:10FA7000334658F8136026B10233B3F5803FF8D10E
:10FA8000BEE0002B00F0BC80089A9542FFF4A8AEBF
:10FA90000633AA1A93423FF6A3AE0AF10A030321E2
:10FAA00058F81600B21C00283FF435AF0B910A92AB
:10FAB0000993FDF77FF9099B0A9A985516469A18FB
:10FAC0000B9902F8011CEBE723689B6E002B00F0FA
:10FAD000978003F1FF38002318F8010F58B10793FE
:10FAE00005F0E2F8002800F08B80079B0233B3F5A5
:10FAF000803FF1D184E0002B00F0828006F1020803
:10FB0000B8444545FFF46CAE0633C8EB050293429A
:10FB10003FF666AE23689A6E4346013A12F8010F2B
:10FB2000C8EB0301023358B10993079205F0BCF802
:10FB30004188099B079A090A197141885971EDE7B3
:10FB40000A2388F801308B1C1B0A063688F802301D
:10FB50000E44CBB29A1C88F80530B31C3B4488F89D
:10FB600003209D424FEA112288F8000088F8042003
:10FB7000FFF436AEEA1A052A7FF632AE0B225A702F
:10FB80000222DA700122187098701A7158710636C4
:10FB9000D7E600BF0081FFFF8091FFFF808FFFFF4E
:10FBA000008FFFFF0086FFFF0085FFFF8084FFFFBF
:10FBB0000094FFFF008CFFFF0089FFFF0096FFFF0E
:10FBC00000222368B3F88C10164411F4607248D0F8
:10FBD000B21C3A449542FFF403AEAB1A042B7FF6F5
:10FBE000FFAD012382F800B0537082F802B0D370E9
:10FBF0002368B3F88C30C3F3C2131371052230E0CD
:10FC0000DFF850B222E1A36B0E990793012011F0A7
:10FC10002FFB079BC3F89802A36BD3F89802002828
:10FC20003FF4A8A90E9A59461DF078FAA36B0E9AD4
:10FC3000C3F89C220BE05D450E92FFF4D1ADCBEBF7
:10FC400005039A423FF6CCAD58461DF067FA0E9A6E
:10FC500088F80320130A88F8023004324FF0000BB2
:10FC6000AFE7206890F88D1001F00401324401F0F4
:10FC7000FF0391B190F889307BB1931C3B449D42C6
:10FC8000FFF4AEADE91A03297FF6AAAD00211620D4
:10FC9000197058709970D97004232168D61891F89A
:10FCA0008D2002F0080202F0FF0392B191F8893032
:10FCB0007BB1B31C3B449D42FFF492ADED1A032D82
:10FCC0007FF68EAD002217211A7059709A70DA7083
:10FCD0000423F31807D01A0A8AF80220089A8AF82F
:10FCE00003301A4417461623C4F8C030D4F8BC3089
:10FCF0000122C9EB0707C4F8C4701A706368134483
:10FD00006360236893F88C309D0702D52046FDF789
:10FD1000B6FC2046FEF750FA00287FF446AE236872
:10FD200093F88C30980729D52046FDF7BDFF3CE6B7
:10FD3000DFF824B18AE0DFF824B103E0DFF820B176
:10FD400000E08346282202212046FEF705FB7DE0E5
:10FD500063680133636079E0CC353946284610F09A
:10FD6000D1FC00287FF41AAD282202212046FEF79C
:10FD7000F3FADFF8ECB069E0062363604FF0000BA4
:10FD800064E031462046FEF757FB00287FF40DAEB5
:10FD9000636F162B7FF4C8AA6368E56E0133636056
:10FDA0002B780D2B0CBF01230023C4F8D83002D0D0
:10FDB000C4F8A060F9E52368D4F8980093F88C3073
:10FDC00013F0020F14BF0C220422904207D83222F3
:10FDD00002212046FEF7C0FADFF888B036E0AB5CBF
:10FDE00099188F1CB842F2D9E668032E0BD16E1811
:10FDF000033196F801E0EE5D46EA0E263144884272
:10FE0000E5D90233334499180D4403326E78A9784A
:10FE1000134441EA06210B449842AFD0D7E7082AA1
:10FE20007FF49EACD9690191D4F8BC20A06B9B698A
:10FE300000932A44C5F561730EA9043008F092FAC4
:10FE400000283FF4DCABB0E5DFF81CB058461FB02B
:10FE5000BDE8F08F80A1FFFF8086FFFF0094FFFFC9
:10FE60000093FFFF8085FFFF008AFFFF836B13B1C4
:10FE7000D3F8AC3213B903689B6D0BB15868704767
:10FE800018467047436B53B9836F53B1436F43B107
:10FE9000C36E33B1006F003018BF012070470120DE
:10FEA0007047184670470000F7B5074600680E46D1
:10FEB000FFF7E8FFB0B30868131A012B01DC2148F3
:10FEC0003DE004784378811C53EA04243160F6D085
:10FED000531A9C42F3DCD7F800E0DEF834503DB111
:10FEE0000A4623463946DEF83800A847E0B922E042
:10FEF000DEF878309C4217D1DEF874E08DF80750B8
:10FF00002B46991C1EF80320415C9DF807504A407F
:10FF100001332A439C428DF80720F2D89DF8073020
:10FF200013B908E008480AE0732202213846FEF7B8
:10FF300013FA064803E033681C443460002003B021
:10FF4000F0BD00BF0084FFFF008AFFFF8093FFFF2A
:10FF50002DE9F04F4368102B9DB0044600F0208639
:10FF6000836B002B00F01C86FDF7AAFC002840F0F4
:10FF70002686236893F88C309D071BD46568122D64
:10FF800000F20E86DFE815F022005400000373042F
:10FF900077048904010526052A05B805F405F80546
:10FFA000FC050006040607060C060C061300A04D0F
:10FFB00001F089B8A36B93F8C432012BDED120463F
:10FFC000FDF772FE0028D9D000F0F9BD012363606F
:10FFD00001F079B8236E1A78162A40F0F28522686B
:10FFE00092F88C200133C2F340020BA90AA8FEF755
:10FFF0000DFA0A9B022B40F3E485236893F88C30BA
:020000023000CC
:10000000980720D5E16D0B78002B40F0DA854D780C
:10001000002D40F0D6850622023104F1CE001DF0FD
:100020007DF82046FDF77DFB50B1C4F88450E567AC
:1000300005212046FDF72CFF0028CBD000F0BFBDE6
:100040002046FDF7B5FB636E1F785B7843EA072710
:10005000B7F5617F00F3B585236893F88C3013F012
:10006000020F0CBF05210D2139442046FDF710FF7A
:10007000002840F0A485236893F88C3003F0020335
:1000800003F0FF0223B107F10D03C4F8843000E050
:10009000E267E66EA36B3146D3F8F8343A46204661
:1000A0009847236893F88C3003F0020303F0FF01B4
:1000B000002B0CBF04230C239F42C0F082853278B2
:1000C000012A40F07E857278002A40F07A85B07867
:1000D000F27842EA002213449F4240F0728571B9DF
:1000E000236893F88C2012F0020F14BF0C23042312
:1000F000FF1A252F06EB030820D800F062BDE06E42
:100100000279437943EA0223A26BC2F8B032013389
:10011000C2F8B432837913B1464D00F0D4BFC3792D
:10012000002BF9D1037A002BF6D100F1090103224B
:1001300001301CF0E5FF0028D2D0EDE74346C2F3C2
:10014000400204F10C0104F10800FEF75FF9A06B16
:10015000A168E2682368C0F89815C0F89C2593F858
:100160008A50A94203DB93F88B50AA4207DA462251
:1001700002212046FEF7F0F82F4D00F0A4BF93F8BF
:100180008850A94203DDA56093F8893003E093F815
:1001900089309A4200DDE360202208F1020100F577
:1001A000A2601CF0BBFF98F82260202E00F2A58010
:1001B00006F12405AF42C0F0A080606B202286606B
:1001C00000210C301CF0D2FF606B08F12301826823
:1001D0000C301CF0A3FF206890F88C3013F0020F55
:1001E00006F1230B2AD018F80B2093440BF10303DC
:1001F0009F4201D2462294E1066C8EB1D4F8E430DD
:10020000009308EB0501D4F8E030406CB047A36BD5
:1002100018B1012283F8BC2205E083F8BC0202E099
:10022000002A40F0CE840BF10103069308E000BFE2
:100230008095FFFF808FFFFF8091FFFFCDF818B002
:10024000069B18F8032043445B7843EA0223012B02
:10025000059352DD069B059A9A18D31C9F424CD3F6
:10026000059B13F0010548D1023218F80230591EDF
:100270000F2942D81A44511C8F423ED3636B5D60F4
:1002800002F103030DD99F4237D3424418F80150BD
:10029000927842EA05256A1E022A2ED95A199742F7
:1002A0002BD108EB030B0023079321E09BF80010F0
:1002B0009BF801209BF8027042EA01229BF8031090
:1002C00041EA07273B1D9D42089316D30D2A31D0E2
:1002D00015DC0A2A5BD00B2A00F0A080012A00F06E
:1002E000E280EF1B3D1F089B053F022F9B4404D972
:1002F000002D00F00781032DD8D8322211E1172AF2
:1003000000F0EE8003DC162A00F0D980E9E7B2F5B0
:10031000807F00F0A6804FF601739A42E1D1012F51
:1003200002D19BF804200AB12822FAE00123C4F884
:10033000E830D6E73B1D012F0BEB030ADDDD9BF810
:1003400004109BF8052042EA0122911C8F42D4D16F
:10035000D207D2D40BF10606B24515D97078FCF756
:10036000FFFC814670B13078FCF71AFD50B10146B0
:1003700007902046FCF78EFE079A18B94946A06BF5
:10038000FCF7FDFC0236E7E701230793A9E7012FFD
:10039000B3DD9BF805209BF8046042EA0626B21CF8
:1003A0009742AAD1F307A8D4A26BD2F8A022002AC0
:1003B000A3D1760801360C2E28BF0C260421304626
:1003C00010F056FF814638B9502202212046FDF731
:1003D000C3FF964D00F077BEA26B0BF1080AC2F87E
:1003E000A0020BF10602CAEB0701CA423FF479AF43
:1003F000012E3FF476AF1AF8020C1AF8011C09928C
:1004000041EA002004F060FC099A20B1C9F800001C
:10041000013E09F104090AF1020AE4E7A16BD1F8EF
:10042000A02542F00102C1F8A025002F3FF465AFDE
:100430009BF80420501C87427FF45FAF0BF105004E
:100440008646002A3FF44DAF10F8016B012E06D806
:10045000C1F8E0609EF80020C1F8BC2141E7013AF4
:10046000EEE7A06B00F59C7008F0C0F800287FF460
:1004700038AFA06B3A460BF1040100F59C7008F010
:1004800009FD064638B12F2202212046FDF764FF00
:10049000354600F018BEA16BD1F8A02542F002024B
:1004A000C1F8A0251DE7012F03D19BF80420042AE1
:1004B00001D92F2235E0616B81F8642011E7002F0C
:1004C0007FF41BAF226892F88D2056077FF509AFA5
:1004D000E268002A3FF405AF626B0123936600E7F0
:1004E000002F7FF40AAF226892F88D2010077FF565
:1004F000F8AEE268002A3FF4F4AEA26B0123C2F822
:10050000A435EEE6069E02364644725D562A0DD1AB
:1005100073195B7853B92368E16893F8893099427D
:1005200008DA02212046FDF717FF4AE3059B023552
:10053000AB42EAD8079B53B904212046FCF7AAFD39
:1005400000280CBF04210021A06BFCF725FC002330
:10055000F25C3AB9F2185278FF2A03D10123C4F8A9
:10056000E83003E0059A02339A42F1D8D4F8E83033
:100570002268012B00F0278392F88C3003F03003BF
:10058000202B40F02083CFE6216891F88C20900743
:100590004ED5A36B93F8BC32002B49D0D4F8BC30B5
:1005A000A06804330C9391F88C20E168C2F34002F8
:1005B000FDF7ACFA0C9D2068AB1C0C93C76B002FA9
:1005C00000F0D4821CA9EE1C41F8406DD4F8E43050
:1005D000D4F8A820009302F2D132D4F8E030406C75
:1005E000B847002840F0EB820C9B9B1BAB70D4F803
:1005F000BC200C9B9B1AC4F8C4301623C4F8C0302E
:1006000003231370122363602046FDF7D5FD0028F5
:1006100040F0D582236893F88C3003F0020303F096
:10062000FF00002B00F0CB82D0E100BF0081FFFF74
:100630008B69002B00F0B682D4F8BC80E168A0681A
:1006400008F10403C2F34002FDF760FA236808F1E1
:1006500006059E69D86904222946B047002840F063
:10066000AE8223681C229E69D86908F10A01B0474E
:10067000002840F0A482A06B2022294600F5A66045
:100680001CF04CFDA36BD3F89435DBB9616B8B6820
:1006900063B12268136A4BB1906A9847A36B10B993
:1006A0000122C3F89425D3F894355BB96368616B74
:1006B00001336360236820228A609D69D8690C3108
:1006C000A84704E00C2363602046FBF77BFB00286F
:1006D00040F07582636B9B6888F82630616B08F187
:1006E00027058A6828460C311CF018FD636B9A6850
:1006F0001B681B12AB54636BAF181B687B70636B7A
:100700005B68BB70D4F8E820012A07F1030607F103
:1007100005094FF0000309D1FF21FB717B7207F13E
:100720000A037971BA713A72C9EB0303626B92F8EA
:10073000645000205DB1991C7218705401215170F1
:100740009070D170616B91F86410117105251D4492
:10075000636B9A6E0AB9002318E0E268002AFAD0A7
:100760001868FEF7B9FA0028F5D0007A0EF036FDC9
:100770000028F0D04378022BEDD1A91C7318002279
:100780007254162159709A70DA700423A26B2B44AC
:10079000D2F8A45555B1E56845B1981C321800212E
:1007A0003154172050709170D17004251D44636B33
:1007B0001868FEF791FAFEF7BDFAA0B1A36BD3F863
:1007C000A03513F001034FF000020BD0A91C7318E1
:1007D00072540B2159700221D97001219A7019713C
:1007E0005A7106231D44A36BD3F808359B7A0B2B53
:1007F00028D1D4F8BC20AB1C06EB030A02F56172C9
:10080000CAEB020103291DDD0121F15400238AF8FE
:1008100001302368A06BD96901919B690093CAEBF1
:1008200002020CAB043A0AF1040100F59C7008F0D6
:1008300061FB38B90C9B8AF803301A0A8AF8022047
:10084000043300E00023ED181EBF2B0A09EB050658
:10085000FB70C8EB060318BF3D71C4F8C430162303
:10086000C4F8C030D4F8BC3002221A7089E02046A7
:10087000FBF7F4FCA3E1A06BD0F80875BB7A5A1E15
:10088000D2B20025092A0A951ED8012101FA02F2E6
:1008900040F251311140B9B141E2A36BD4F8BC50E0
:1008A000D3F80835062262609A7A013AD2B2092A50
:1008B00000F27481012101FA02F240F20F33134079
:1008C000002B00F06B81F6E204220B2BC4F8C4204D
:1008D0001AD11CAB002243F8402D2268D4F8BC107A
:1008E000D56901959269009204314FF4607200F568
:1008F0009C7008F07FFC002840F04682D4F8C420A9
:100900000C9B1344C4F8C430BB7A062B00F00D8254
:10091000082B00F00A82BA7A082A00F21882012312
:10092000934013F48C724FF0000340F0128216468D
:10093000B97A0239022940F263820A9BBBB1D4F82A
:10094000C420D4F8BC10501C1B0AC4F8C4008B543B
:10095000D4F8C430D4F8BC20591CC4F8C4100A9987
:10096000D1540A9BD4F8C4201344C4F8C4301623CD
:10097000C4F8C030D4F8BC300C221A70636801335C
:1009800063602046FDF718FC19E10423C4F8C43065
:100990001623C4F8C030D4F8BC300E221A70636835
:1009A00001336360236893F88C30990702D52046A1
:1009B000FCF765FE2046FDF7FFFB002840F0FF80B6
:1009C000236893F88C309A0740F1E8802046FDF7C1
:1009D0006BF9F4E02046FCF705FAF0E0A36B012187
:1009E0002046D3F80875FDF727FD002840F0E78082
:1009F0002268E36E92F88C20D4F8985012F0020F1F
:100A0000626F0CBF04210C211944162A0C911D445D
:100A100001D0914D57E31B78102BFAD1BB7ADA1E27
:100A2000012A03D9A3F10902012A21D8A06B6A1A6D
:100A3000043007F0C1FC08B1884D44E32368A06B83
:100A4000DA6901929B69009300F5AA6200F20C51E9
:100A50002023043007F0C6FC002849D12046FBF7CC
:100A6000B1F9002840F0AB80636801336360A6E011
:100A7000052B0BD12A460CA92046FFF715FA0028B2
:100A800040F09D800C9B9D4212D0C2E7082B14D1F0
:100A90002A460CA92046FFF707FA002840F08F806D
:100AA0000C99A06B6A1A043007F086FC0028C3D1A9
:100AB000B97A2046FBF762FB17E00B2B56D1A06BEF
:100AC0006A1A00F59C7008F09BFA98B92368A06B2D
:100AD000DA6901929B69009300F5AA6100F20C5358
:100AE000202200F59C7008F07FFC0028B6D066E05C
:100AF0005B4DE8E25B4DE6E2A36BD3F808359B7AE9
:100B0000013BDBB2092B07D8012202FA03F340F2C2
:100B10000F321A40002A47D10A233AE0E3680269FB
:100B20009A4255DD0123059A09F102094A450AD87E
:100B3000CDF818B0069A12680BF1040B002A00F0E9
:100B4000E2804FF000095BF8040C16F80910C0F3BE
:100B500007229142E7D106EB09025178C2B29142D5
:100B6000E1D1FEF7B9F807460028D7D13E4DAAE2F9
:100B70002046FDF7BBFF22E02046FBF781FC1EE08C
:100B80002046FDF7DBFB1AE02046FBF7F9FB16E0F9
:100B90000F23636002E02046FBF794FE002592E2FB
:100BA000324D90E2324D8EE2636BDB6D002BB3D0A1
:100BB00000212046FDF740FC002800F0FA810546A0
:100BC00081E22C4D7FE2E36852F823B00023AFE7C7
:100BD00082699342A6DC236893F88C30990702D58A
:100BE000027F52079ED45B0602D53B7A2A2B99D00E
:100BF000BB7A0B2B04D1A36BD3F8A0359D0791D5FD
:100C00003846FEF797F838B1A36BD3F8A032002B23
:100C100088D01B68002B85D03846FEF799F828B19C
:100C20002068FFF72FF900283FF47CAFE368032B1F
:100C300005D03846FEF75EF80546E8B931E2384699
:100C4000FEF76EF801460028F3D0A06BFCF78DF894
:100C50000028EED166E700BF0084FFFF8083FFFF1E
:100C60000083FFFF0085FFFF0094FFFF008FFFFF61
:100C7000008CFFFF0087FFFF2368D3F85880B8F18E
:100C8000000F3FF44FAF4FF0000AD8F800000023E8
:100C90002946CC300C930FF035FD28B30CAB012264
:100CA0003946D8F80000FCF703FAE8B9042D0ED154
:100CB000D8F80030D3F8D0301978A36BD3F8A0322D
:100CC000043B53F8042F7AB112788A42F9D1E368D1
:100CD000022B13DCD8F8003093F84831042B0DD0E8
:100CE000BAF1000F08BFC246D8F80880B8F1000F6B
:100CF000CBD1BAF1000F3FF415AFD046A36B00255E
:100D0000C3F8AC82CDE12822022120461BB1FDF7B9
:100D100023FBAC4DD7E1FDF71FFBAB4DD3E1093B06
:100D2000012B3AD96368013333E7D4F8C430D4F8DF
:100D3000BC105A1CC4F8C4200022CA54D4F8C430D1
:100D4000D4F8BC10581CC4F8C400CA54E3E500260B
:100D5000EEE522680C93926E013A12F8010F70B31F
:100D6000A36BD3F8A0120B4651F8045B002DF4D00E
:100D70002D788542F7D11B68002B3FD0A06B1978E6
:100D8000043007F033FAE0B110F5CA4F054600F021
:100D90009A810023C4F8C43095E12046FFF766F835
:100DA00002210FF0AFFC0028BCD02046FFF75EF810
:100DB000A36B41682A46181D07F0A2FAB2E7EBB10F
:100DC000D9E72368D4F8C420DD69D4F8BC10A06B3F
:100DD00001959B6900930430C2F561730A440CA924
:100DE00007F032FA0028CFD1D4F8C410D4F8BC20D0
:100DF0000C9B56181944C4F8C41099E5724DC8E705
:100E0000002338460B93D4F8BC90D4F8C480FDF787
:100E100071FFE368032B074606D12FB13946A06B5B
:100E2000FBF7A3FF054608B9684DB2E709EB0801D7
:100E3000891B0190009133460BAA0CA92046FCF7B0
:100E400051F90028A0D1E368032B17D1D4F8C4606E
:100E5000D4F8BC80731CC4F8C4302846FBF7AAFF42
:100E600008F80600D4F8C460D4F8BC80731CC4F839
:100E7000C4303846FBF76AFF08F806002046FEF744
:100E8000F5FFB0B12368DA6903929B6902930AAB5C
:100E90000193D4F8C430D4F8BC2002331344009337
:100EA0000CAA0B9B29460FF0CFFC00287FF46CAFF7
:100EB00043E5474D6DE7236893F88C3013F00C0F32
:100EC0003FF46CAE40236B712971E268032A05F18F
:100ED000060821D123685B6E0026A3F1040992461F
:100EE00059F8040F90B1FBF765FF07460028F7D0CB
:100EF00001462046FCF7DEF80028F1D1B21C46443A
:100F000008F8027086F803A01646E9E7330AEE7186
:100F10000236AB71B04400E00026236893F88D10D0
:100F200001F0400108F1020001F0FF0261B3D3F8C3
:100F30005C8005F5617B0027B8F1000F25D0D8F85B
:100F40001C3013B3D8F8482083451FFA82FA1CD30B
:100F5000C0EB0B030AF102094B4516D303464FEAD7
:100F60001A2103F8021B4270D8F84C100593524620
:100F700018461CF0D3F8059BD8F8508107EB0902FE
:100F800003EB0A0097B2D7E71746431BC4F8C430F7
:100F90001623C4F8C030D4F8BC300D221A70D4F82F
:100FA000BC3033443A0A9A71D4F8BC303344DF7110
:100FB000E7E4636801336360636F162B0CD0054D63
:100FC00081E000BF8096FFFF808CFFFF0094FFFF51
:100FD000008AFFFF8082FFFFE36E1A780F2AEED1AE
:100FE000226892F88C2012F0020F626BD2F85C80BB
:100FF0000CBF04250C25B8F1000F3FF4B7ADE26833
:10100000032A7FF4B3ADD4F8982005F10209914585
:10101000D5D8585DFBF7C4FE06460028CFD0E36E56
:101020002046595DFCF746F80028C8D1E36E2B44F2
:10103000042E587814BF0CAF10AFFBF791FE014699
:101040000028BCD008F1CC0840460FF05BFB00281C
:10105000B5D0D4F8982005F1040A9245AFD8E36ED4
:1010600013F809102B44DB7843EA01250AEB05034A
:101070009A42A4D1A36B0BAAD3F8FC340CA9204646
:101080009847E36E0195534400933A460023314656
:1010900040460FF06BFB0546A8B92046FCF707FB5E
:1010A00011E0069B1A68636B1A60A36BC3F808759E
:1010B000636801336360236893F88C309B0702D523
:1010C0002046FCF7FBFC28461DB0BDE8F08F00BFB2
:1010D00030B5002494420CD0035D0D5D5D4006D018
:1010E000202D08D123F02003413B192B03D80134D4
:1010F000F0E7002030BD4FF0FF3030BD38B5054679
:101100000C46002D35D014B94FF0FF3038BD2A6899
:1011100023689A42F8D16A6863689A42F4D1A16858
:10112000A8681BF0EDFF0028EED1EA68E3689A4258
:1011300003D0EB680C2B0BD10CE02A6923699A428F
:10114000F7D1616968691BF0DBFF0028F1D115E078
:10115000132BD9D1E3680C2B01D0132BD4D12A69DE
:1011600023699A42D0D161696869FFF7B1FF28B15C
:10117000CAE7201C18BF0120404238BD2A7F237FC8
:101180009A42C1D1AD69A469BBE74368934270B587
:1011900005460C4604D181682046FFF799FF28B325
:1011A00020461CF026F96B68022B1DD9AD682A7801
:1011B0002A2A19D16A782E2A16D10022904213D0F9
:1011C000214601340E782E2E01D00132F6E75AB1B5
:1011D000821A013B9A4207D1681CFFF779FF003061
:1011E00018BF0120404270BD4FF0FF3070BD70B598
:1011F000154602688A42044601D1002070BD167867
:101200002A4643F0A00342F8046B0CF07AFB28B1A5
:1012100010F1620FF1D0A0F5065070BD2368AB60ED
:1012200022686B681344236070BD38B505460846D4
:101230000C460FF019FB0238C0B202280DD86368C3
:101240001B7853B10122013B02FA03F32A681342CF
:101250000CBF4FF0FF30002038BD4FF0FF3038BDDD
:101260002DE9F04FB3B091463C9A09911E460023F8
:10127000044613601DAD18464FF0FF315851EA186F
:101280000833502B5160F9D1B9F1000F00F0D08034
:1012900016B94FF0000B28E030461CF0AAF8D4F83D
:1012A00018319B06074610D504F1F8083A46314636
:1012B0004046FFF76AFF0028EBD0D8F80C80B8F161
:1012C000000FF3D14FF0040B0FE004F17008D8F8D1
:1012D0000420032A40F02081D8F80810B1481BF000
:1012E0000FFF002840F018810DE104F1CC063046D4
:1012F0000FF0BAFA002800F016810123013803FA32
:1013000000F0D9F80430184200F00D8109F108030B
:10131000314618460893FFF788FF08B14BF4803B2D
:10132000002706973E461DAB04F1A80043F837405E
:1013300000236B6007F1010801F0DAF808B101231E
:101340006B6004F1900001F0D5F818B16B6843F4BC
:1013500000736B60002E43D194F84831002B00F0ED
:10136000E5800122013B02FA03F3D9F80020134281
:1013700000F0DC8094F84931002B00F0DC80012281
:10138000013B02FA03F3D9F80420134200F0D380A2
:10139000B8F1010F40F0D48004F1700104F1500065
:1013A000FFF7ACFE002840F0CB80099E002E00F035
:1013B000C780A268B3689A4202D0D6F85061F5E7B8
:1013C000F168E0681BF09CFE0028F6D108E032AB23
:1013D00003EBC70757F8503C43F0080347F8503C6D
:1013E0001E9B43EA0B031E9332AB03EBC804583C2D
:1013F00023680D933D9B08F1FF3853B93C9B1A6855
:101400000D9B13433C9A083C1360B8F1000FEFD1D9
:1014100072E00DAB424654F8041C3E983D9DA8472F
:101420000028EBD010F51C5F60D0002864D05EE08F
:101430005D485CE0059B002B40F0C480049B002BC2
:10144000C5D0059BD4F850610493002307930593FE
:10145000002EEFD006F170010B98FFF74FFE002829
:1014600040F0AD80049B002B00F0A480F369022BB8
:1014700000F3A080D6F82031002B68DC94F84801F6
:101480000EF094FE82460FF057F80DAB0A90626999
:10149000A16950460EF062FF00285ED04FF0FF3089
:1014A000049B002B76D1B0FA80FA06F1A8004FEA2F
:1014B0005A1A01F01DF800286ED106F1900001F0D3
:1014C00019F8002868D1B8F1010F7FD004F170013C
:1014D00004F15000FFF712FE10B9069B013306938A
:1014E000049B002B72D1B8F1080F6FD92F483C9A9A
:1014F0004FF0FF33136080E03C9B2D481B68002BAE
:1015000008BF002079E03A46314608F10C00FFF7A9
:101510003CFE00283FF4BDAED8F81880B8F1000FAB
:101520007FF4D5AECEE64BF4004BEFE66B6843F4A8
:1015300080436B601EE76B6843F400436B6027E7F2
:101540000123049304F150030B93099E7DE7069A4F
:10155000C2EB0802934232D390E706F1CC0A94F82A
:10156000491150460FF0CEF8002897D0D4F840111A
:1015700094F8483194F849010A9A0391D4F8441137
:1015800001920DAA009202915246D4F84C110FF02C
:10159000F9F885E798B986E7059B83B9CDF81CA0D3
:1015A00005960CE0F825050000D8FFFF00D0FFFFEE
:1015B00000D9FFFFD6F81C31002B7FF45BAFD6F8C3
:1015C000506145E7059EDDF81CA07CE7BAF1000FED
:1015D00003D16B6843F008036B6006F1CC010898F7
:1015E000FFF723FE20B9344608354746049E9AE6A5
:1015F0006B6843F480336B60F5E733B0BDE8F08F80
:1016000070B5036803F0DF03802B8CB004460D46F1
:1016100010D0822B6FD12822002128461BF0A6FD76
:1016200028460223214640F8043B0C221BF076FD9D
:10163000002467E08368466802931E4401AA0623DB
:10164000314602A80CF05DF9B0B9019A082A52D1CE
:1016500002992E481BF054FD044600284BD1019BF3
:10166000029A13449E4248D9029301AAA02331460C
:1016700002A80CF046F920B1A0F51454002C41D179
:101680002CE0302301AA314602A80CF03AF90028D8
:10169000F2D1062301AA314602A80CF032F9002843
:1016A000EAD10623029A0693019B079313449E42B4
:1016B000089222D9029304230DEB0302314602A8BB
:1016C0000CF01FF90028D7D10423029A0993019B3B
:1016D0000A9313449E420B9202930ED128220021BA
:1016E00028461BF043FD2846242240F8044B03A95A
:1016F0001BF014FD06E0064C04E0242103A80AF0C8
:101700006FFE044C20460CB070BD00BFFC250500E8
:1017100080DFFFFF9ADAFFFF70B41A4603AB78CB85
:1017200005960495039470BCFFF79ABD4FF4AA7216
:1017300000211BF01BBDF8B50646002862D0044608
:1017400004F1CC000EF0ACFFA56E4DB12846AF6998
:1017500020210AF045FE28460FF090FD3D46F4E7B3
:10176000D4F888504DB12846AF6920210AF038FEE0
:1017700028460FF083FD3D46F4E7D4F834514DB1CF
:101780002846EF6810210AF02BFE28460FF076FD60
:101790003D46F4E7D4F804514DB12846EF681021D6
:1017A0000AF01EFE28460FF069FD3D46F4E7D4F826
:1017B00014514DB12846EF6810210AF011FE284659
:1017C0000FF05CFD3D46F4E7E06838B123682BB1CB
:1017D000A1680AF005FEE0680FF050FDD4F8504112
:1017E000002CADD134464FF4AA712046D4F85051A4
:1017F0000AF0F6FDB44202D020460FF03FFD2C4621
:10180000002DF0D1F8BD00002DE9F04FA7B00C4637
:1018100090461F460390002800F0E683002900F060
:10182000E38305464FF0000BEB69A3B1D5F85031C7
:10183000AB460BB11D46F7E74FF4AA7101200FF03C
:1018400017FDC5F85001002800F0D083FFF76EFFA8
:10185000AB46D5F850510C22002110A81BF086FC95
:101860000C22002113A81BF081FC0C22002116A8D9
:101870001BF07CFC002D00F0A58326AE302346F83B
:10188000748D04EB080132460AA80A940CF039F86A
:1018900020B12846FFF74FFF6D4C98E3099B0A9A49
:1018A00002EB0308C4EB0801A960B7B101200FF0F7
:1018B000DFFC0A90E860002800F08683AA682146D1
:1018C0001BF02CFC01232B60099AAB680A999B1A28
:1018D0000B440A9303EB020801E0EC602F600A9BC3
:1018E000AB613246302341460AA80CF00AF80446A0
:1018F000002840F0A780099B0A9F1F44AB69FB1A90
:101900006B611CAAA02339460AA80BF0FAFF38B174
:1019100010F1620F01D1EC6118E0A0F5065412E05D
:101920000A9A1C9B02EB0309494605F11C020AA80E
:101930000CF045F810B1A0F5085404E00A9B994555
:1019400004D0444C0AE3002C40F0088305F1200247
:1019500039460AA800F002FC0446002840F0FE8246
:1019600005F12C0910AB4A4639460AA800F01EFCC6
:101970000446002840F0F282EB69022B04D9284685
:10198000FFF7D9FE344C22E30133EB6105F5A67372
:10199000009305F5A47205F2491310A9484600F01A
:1019A00061FD0446002840F0D9820A9B2B64324630
:1019B000302339460AA80BF0A4FF0446002841D181
:1019C000099B0A9905F1500219440AA800F0F6FB98
:1019D0000446002840F0C2822A6C0A9B9B1AEB63E3
:1019E0001CAA302339460AA80BF08BFF10B1A0F5D2
:1019F000105417E00A9A1C9B02EB0309494605F1B3
:101A000090020AA800F05AFC58B905F1A80249460C
:101A10000AA800F053FC20B90A9B994505D00F4C49
:101A20009CE20446002C40F099820DF19809324660
:101A300059F8703DEB643946302348460BF061FF9E
:101A4000044668B12846FFF776FEA4F50654BDE2C9
:101A500080DEFFFF9ADDFFFF80DAFFFF9ADBFFFFEA
:101A6000099B53B10A9905F170021944484600F0E8
:101A7000A5FB0446002840F071820A9AEB6CC5F879
:101A8000C820D31AAB6405F1CC02394648460FF0A2
:101A9000A7FA0446002840F06182D5F8C8200A9BC6
:101AA0009B1AC5F8C430EB69023B012B0AD801230D
:101AB00005F1D40239464846FFF799FB0446002851
:101AC00040F04C82EB69023B012B0AD8022305F15E
:101AD000E00239464846FFF78AFB0446002840F0FA
:101AE0003D82EB69032B40F02E820A9A974200F068
:101AF0002A8205F1EC023946484600F0D3FC002862
:101B000040F01F82D5F8F420D5F8F030D3180493B4
:101B10000A9B049A9A4240F21182002319931A9365
:101B20001B930C930D930BAA302304990AA80BF076
:101B3000E8FE00BB0B9B0A9E1E441AAA06233146F0
:101B40000AA80BF0DEFEB0B906230A9A19931A9B75
:101B50001B92134431460CAA0AA80A930BF017FFF4
:101B600010B110F1620F06D104230BAA31460AA866
:101B70000BF0C7FE10B1A0F51454E3E10A9B0593E6
:101B8000059A0B9B13449E4240F0CE810DA919A8E3
:101B90000EF0F0FCB8B1309B83B10A9B0093019624
:101BA0000C9B3198309C19AA2946A047002800F0C8
:101BB000B9810C9B002B00F0B581C2E10C9B0A9609
:101BC000002BA5D0B2E1D5F818210D9B12EA030431
:101BD00040F0AE811A43202BC5F8182100F08A800E
:101BE00005DC042B55D0082B00F0088198E1B3F5F3
:101BF000006F70D0B3F5803F00F0E880B3F5807FD0
:101C000040F08E81C5F81C41C5F8204130231CAA44
:101C100031460AA805F58E7905F5907A0BF071FE2C
:101C2000002840F0A1800A9B9E423FF471AF4A46D3
:101C300031460AA80BF0ABFE88B110F1620F40F0FC
:101C400093804A4631460AA80BF0B9FE002840F0BE
:101C50008B80D5F81C3113B10123C5F81C310A9BC8
:101C60009E423FF455AF524631460AA80BF0A7FEFC
:101C7000002879D10A9B9E4240F05681D5F8203148
:101C80006FF00042934200F055810133C5F82031D6
:101C90003EE71CAA31460AA81C948DF874401E9495
:101CA0000BF0A4FE002840F09B801C9A002A00F054
:101CB00041811E9EC5F82401335CC1008B40D5F8DC
:101CC000241101300B438242C5F824313FF420AF88
:101CD0000428F1D11CE7062305F5947231460AA8C1
:101CE0000BF000FF00287BD1D5F83031002B7FF4BA
:101CF0000FAF1FE130230EAA31460AA805F1F809FB
:101D00000BF0FFFD80BB0E9B0A9A13449E4218D035
:101D10000AE10AF0C003802B40F008811CA9484664
:101D2000FFF76EFC044610BBD9F808309BBB0A9A3B
:101D30000F9BC9F804301344C9F800A0C9F8082063
:101D40000A930A9B9E4236D9282200211CA81BF028
:101D50000DFA0A9B0FAA13F801AB0A9331460AA8A1
:101D60000BF081FD0028D4D0A0F514542AE010F522
:101D7000025FD9D0D5F8046156B13046D6F80C9040
:101D800010210AF02DFB30460FF078FA4E46F3E7AB
:101D9000C5F8046116E0D9F80C30002B40F0C8807B
:101DA000102101200FF064FAC9F80C0008B1814637
:101DB000BDE7934CC6E04FF00003C9F80C303FF488
:101DC000A7AEB1E0002C3FF4A3AEBBE01CAA3146A5
:101DD0000AA81C948DF874401E940BF007FE20B1E5
:101DE000B0F514543FF494AEACE01C9B012B40F0D2
:101DF000A1801E9B1B7885F8383189E630231CAA08
:101E000031460AA805F584790BF07BFD002841D105
:101E10001C9A0A9B13449E425DD1002A5BD000238A
:101E200007932CE01C9B0A9A02EB030A51460623F7
:101E30001CAA0AA80BF065FD60BB1C9C0A9B0693BC
:101E4000042C40F0D580224619466E481BF058F904
:101E5000002840F0CD80D9F80820F2B90622C9F850
:101E60000020069BC9F804400A9AC9F808301C9B58
:101E700013449A450A931CD80A9B9A452BD10A9B76
:101E80009E4223D930231CAA31460AA80BF039FD03
:101E90000028C7D0A0F5145424E0D9F80C20E2B9EA
:101EA000102101200FF0E4F9C9F80C00B8B1814607
:101EB000D4E730231CAA51460AA80BF022FD0028C3
:101EC000E8D10A9A1C9B13440A93D5E74FF000030C
:101ED000C9F80C3005D04C4C0AE04C4C08E0484C9A
:101EE00006E0079C002C3FF413AE14F5025F02D00D
:101EF0000C9B83B126E0309B002BF9D0059B01960B
:101F0000009319AA0C9B3198309E2946B0470028AF
:101F10003FF4FEADECE714F5025F3FF4F9AD11E0DC
:101F20000C9B4BB90A96F3E5374C0BE0384C09E0B3
:101F3000364C07E0374C05E0374C03E003D0324C19
:101F40000CE0044654B90A9B9F4236D113AB16AA43
:101F500041460AA800F02AF9044618B12846FFF7BE
:101F6000EAFB33E02A6B179B9A4204D02846FFF71E
:101F7000E2FB2A4C2BE01899686B1BF0C1F8044671
:101F80000028F3D1119A149B9A42EFD12AB11599E6
:101F900012981BF0B5F80028E8D105F59E7241466D
:101FA0000AA800F041FA064620B12846FFF7C3FB15
:101FB00034460BE00A9B98451DD02846FFF7BBFB33
:101FC000174C04E0174C02E0174C00E09CB1BBF149
:101FD000000F02D00023CBF85031039B9D420AD062
:101FE00028460FF04BF906E00E4C04E00E4C02E0E0
:101FF000094B07932FE7204627B0BDE8F08F00BFBD
:1020000096DAFFFFE02505009ADAFFFF00DBFFFF0D
:102010009EDAFFFF9CDAFFFF80DFFFFF80D9FFFF22
:102020001ADEFFFF00D8FFFF80D7FFFF07B50023B0
:10203000019300930123FFF7E7FB03B05DF804FB76
:102040002DE9F0470D4688B017468146002854D048
:10205000002952D0002A54D08B1813F8014C002CC0
:102060004FD12C4928461BF0DFF9002849D0A04663
:10207000A246012F38D905A80FF010F904AB02933E
:10208000002301930093244A22492B4605A80FF010
:1020900009F9064668B9049B069A05994846FF1A4D
:1020A0001D44FFF7C3FF064605A80FF083F96EB97C
:1020B00015E010F5A45F15D010F5845F14D005A8C5
:1020C0000FF078F9049BFF1A1D4402E016F5225F19
:1020D00008D0B8F1000F08BFB0460134C9E74FF08F
:1020E000010AC6E7304611E0BAF1000F07D10B48EC
:1020F000B8F1000F18BF404608E0094806E0204646
:1021000004E03A4629464846FFF790FF08B0BDE88C
:10211000F08700BFB8290500D429050080D8FFFF4B
:1021200000D8FFFF002370B513600A2579B1046859
:102130002378303B092B0CD81368661C6B43136063
:1021400006602478303C234413600139EEE70846EA
:1021500070BD014870BD00BF00DCFFFF38B50368EB
:102160001546CA1A002A044617DD1A7802F07F02C3
:10217000022A14D15A1C02602A461B7842F8043BFA
:102180000BF071FB10B1A0F50A5038BD2368AB60AD
:1021900022686B681344236038BD024838BD02488A
:1021A00038BD00BF20DDFFFF1EDDFFFF08B50BF0CF
:1021B000B7FC08B1A0F50C5008BD00002DE9F743AD
:1021C000DFF8F48004460F46914631236A463946CB
:1021D00020460BF096FB10B1A0F50E5061E026688A
:1021E000009B4D461E44302301AA314620460BF089
:1021F00088FB68BB019A2368002A03EB020901DC13
:1022000029484EE02A461B7842F8043B49460623FB
:1022100020460BF076FBD8B92368AB60206869686C
:102220004318C3EB0902002A2360E9DD425C1E2A41
:102230001CD828FA02F2D20718D501332360435C78
:10224000EB6005F11002494620460BF00CFB18B17B
:10225000A0F50E5070B124E023686B6122682B69F1
:1022600013449945236003D1A86103E00F4818E0A7
:102270000F4816E023689E4208D0012028772021CD
:102280000EF0F6FFA86158B10546ACE7B74208D09A
:10229000202101200EF0ECFF8146A861002894D196
:1022A000044803B0BDE8F08320DCFFFF1EDCFFFF25
:1022B0001ADCFFFF80D7FFFF081058500368F7B5FE
:1022C0001446CA1A002A054640F3A1801A78172A34
:1022D00004D0182A40F09D80042700E00227013333
:1022E0002B6001AA28460BF0BEFA10B1A0F51050E1
:1022F00092E0019E07F108039E42C0F08C802246C6
:1023000039462846FFF70EFF002840F08580022F4F
:1023100008D12368312BDCBF64332360236803F2C8
:102320006C732360221D02212846FFF7FBFE002864
:1023300072D104F1080202212846FFF7F3FE0028BB
:102340006AD104F10C0202212846FFF7EBFE0028B7
:1023500062D104F1100202212846FFF7E3FE0028B3
:102360005AD1F61BA6F10803012B54D904F114022B
:1023700002212846FFF7D6FE00284DD1A6F10A0318
:10238000012B07D12B681A785A2A44D101332B60CC
:10239000A6F10B03002B3ED1236842F20F72934249
:1023A00039D8E268172A36D822693B2A33D86269BD
:1023B0003B2A30D861680C292DD801228A4041F28D
:1023C000AA511140B9B912F4256F16D1510722D57F
:1023D0009A0705D1642193FBF1F201FB123272B925
:1023E0004FF4C87193FBF1F201FB1233002B0CBFC9
:1023F0001D231C2304E01F2302E01E2300E01D23F5
:10240000A268002A07DD9A4205DC002004E00348A8
:1024100002E0034800E0034803B0F0BDA0DBFFFF8B
:102420009EDBFFFF00DCFFFF036873B51546CA1A89
:10243000002A044610DD01AA1E780BF03EFB10B105
:10244000A0F5125009E02268AA60019B22686B6027
:1024500013442E60236000E0014802B070BD00BF4D
:1024600020DBFFFF10B50C461146029A126882B9B4
:102470001A460EF099F810B1A0F5185010BD236857
:10248000052B00D03BB963680448002B08BF00202F
:1024900010BD034810BD014810BD00BF00DDFFFFA7
:1024A00000D8FFFF73B543F0A0041646234604325C
:1024B00005460BF026FA60B92B68B360286873688C
:1024C0003460C41801AA3023214628460BF019FABB
:1024D00010B1A0F5145007E0019B28681844034B85
:1024E000844214BF1846002002B070BD9ADAFFFF84
:1024F00000207047002070470DF0DABD70B50C4623
:102500000546114620461A460CF020F9064680B9C9
:10251000043509E00CF033F803462A4621462046EC
:102520003BB10CF0F2F830B9236800218B42204611
:10253000F0DB304670BD0646304670BD70B50C46C7
:102540000546114620461A460CF04EF9064608B1DB
:10255000304670BD6B6E002B3BD02368002B30DB08
:1025600020460BF003FEAB6DB0EB430F2FD86B6E24
:102570002046984706460028EAD104350AE00BF0C9
:10258000FEFF03462A462146204643B10CF0BDF823
:10259000034698B9236800218B422046EFDB294689
:1025A00020460BF0A7FF0346002B2A462146204673
:1025B000CEDB0CF054F803460028F0D01E4630461F
:1025C00070BD014620460BF0DAFF0028C8D0044E4B
:1025D000BEE72A1D21462046BDE870400CF0BFBB77
:1025E00080B0FFFF70B50C460546012120460BF078
:1025F000BAFE064670B9043502E00CF030F858B95E
:10260000294620460BF076FF0346002B2A4621463A
:102610002046F2DA304670BD0646304670BD00BF37
:102620002DE9F04F87B00E469DF840B00190154659
:102630001F4601F10C08CBF345094FF0000A5FFA81
:102640008AF2A2EB0902B2FA82F252092946304616
:1026500000920BF0A7FC044605F10C01009A0AF168
:10266000010A404624359CB90BF09CFC044678B91D
:102670005745E4D103A80BF0EDFB01994246043124
:1026800003A80CF063F8044630B103A80BF0E8FB94
:10269000204607B0BDE8F08F014640460BF06FFFC3
:1026A000003818BF012000EADB1203A940460BF0F6
:1026B00079FC044603A80BF0D3FBE9E72DE9F043CE
:1026C00001F1180687B00D460746002130460BF091
:1026D00056FF20B90446204607B0BDE8F08368469F
:1026E0000BF0B8FB07F1040803A80BF0B3FB684636
:1026F000424631460CF014FC044630B96A4669463D
:1027000003A80CF071F8044648B168460BF0A8FB2A
:1027100003A80BF0A5FB204607B0BDE8F0837B6E55
:10272000002B00F0A580039B002BC0F2128103A8B0
:102730000BF01CFDBB6DB0EB430F00F2E8807B6E2D
:1027400003A89847044660B1DFE70BF018FF03A920
:102750000346424608467BB10BF0D7FF04460028EB
:10276000D3D1039B00218B4203A8EEDB04E00BF0E6
:1027700076FF04460028C8D1414603A80BF0BAFEF4
:10278000034603A9002B42460846F0DA03AA29466D
:1027900028460CF029F804460028B6D17B6E002BA1
:1027A00000F0CD802B68002BC0F2AA8028460BF0E9
:1027B000DDFCBB6DB0EB430F00F2A9807B6E2846B9
:1027C0009847044660B1A0E70BF0D9FE03464246A5
:1027D000294628467BB10BF098FF0446002894D187
:1027E0002B6800218B422846EEDB04E00BF037FF1C
:1027F0000446002889D1414628460BF07BFE03465B
:10280000002B424629462846F0DA05F10C094946D4
:10281000484603AA0BF0E8FF044600287FF475AF92
:102820007B6E002B00F09D80EB68002BC0F2AB802C
:1028300048460BF09BFCBB6DB0EB430F67D87B6E3B
:1028400048469847044668B15FE70BF098FE034698
:10285000424649464846D3B10BF057FF044600288C
:102860007FF453AFEB6800218B424846EDDB0EE06E
:1028700003A9424608460CF072FA0446002885D0A7
:1028800043E70BF0ECFE044600287FF43EAF4146E0
:1028900048460BF02FFE0346002B42464946484669
:1028A000EFDA6A46494648460BF09EFF0446002888
:1028B0007FF42BAF7B6E002B5CD0EB68002B6ADBC8
:1028C00048460BF053FCBB6DB0EB430F1FD87B6E3B
:1028D00048469847044668B117E70BF050FE034698
:1028E000424649464846D3B10BF00FFF0446002844
:1028F0007FF40BAFEB6800218B424846EDDB0EE026
:10290000014628460BF03BFE00283FF44FAF254C14
:10291000FBE60BF0A4FE044600287FF4F6AE414629
:1029200048460BF0E7FD0346002B42464946484621
:10293000EFDA304601210BF0ABFB0446E5E64246F8
:10294000294628460CF00BFA044600283FF45DAFF8
:10295000DBE6014603A80BF012FE00283FF4E7AEC9
:10296000D5E74246494648460CF0F9F904460028A6
:1029700097D0CAE64246494648460CF0F0F904466C
:102980000028D6D0C1E6014648460BF0F8FD0028E5
:102990003FF44EAFBBE7014648460BF0F0FD002880
:1029A0008ED0B4E780B0FFFF2DE9F04F012A91B03F
:1029B000CDE9022140F2E68006460C21104614467D
:1029C0000EF056FC0190002800F0D78204EB44077B
:1029D000BA00049200EB870B0446054620460C34EF
:1029E0000BF038FAA345F9D107A80BF033FA0AA87F
:1029F0000BF030FA0DA80BF02DFA039CDDF80480E3
:102A00002168404618310BF09CFA074600283DD15A
:102A10000299231F03EB81038A00A2460592341D0D
:102A200099465AF8042F474608F10C0839464046A3
:102A300018320BF0D9FE40BB736E03B3FB68002B5A
:102A4000C0F2978040460BF091FBB36DB0EB430FA3
:102A500000F29680736E4046984750B115E00BF037
:102A60008EFD03462246414640464BB30BF04DFED9
:102A700058B9FB6800218B424046F0DB20E022463B
:102A8000414640460CF06BF920B3074607A80BF00F
:102A9000E7F90AA80BF0E4F90DA80BF0E1F92846D4
:102AA0000C350BF0DDF9AB45F9D101980EF0E6FBE2
:102AB000384611B0BDE8F08F0BF0D1FD0028E4D10D
:102AC000214640460BF016FD0346002B22464146A8
:102AD0004046F1DACA45A4D1049BA3F10C01019B45
:102AE0002246194407A80CF01BFA07460028CDD14E
:102AF000029A03990598019B013A01440C3B9046C8
:102B000089460393B8F1000F00F0C281039B08EBE4
:102B1000480207A903EB82020AA80BF065FE0146F2
:102B2000002840F0BD81736E002B00F0E6810A9B07
:102B3000002BC0F214820AA80BF018FBB36DB0EBA7
:102B4000430F1DD8736E0AA89847014658B1A7E1F4
:102B50000BF015FD0AA9034622460846FBB10BF00F
:102B6000D4FD002891D10A9B00218B420AA8EFDBFB
:102B700015E0014640460BF002FD00283FF462AF2D
:102B8000AB4F83E70968FFF799FD0746384611B058
:102B9000BDE8F08F0BF063FD00287FF476AF21468F
:102BA0000AA80BF0A7FC03460AA9002B22460846F8
:102BB000F0DA59F8042C07A9084618320BF014FE75
:102BC0000146002840F06C81736E002B00F0A0815C
:102BD000079B002BC0F2CA8107A80BF0C7FAB36DA0
:102BE000B0EB430FCCD8736E07A89847014660B18D
:102BF00056E10BF0C4FC07A90346224608467BB108
:102C00000BF083FD00287FF440AF079B00218B422F
:102C100007A8EEDB04E00BF022FD00287FF435AFBF
:102C2000214607A80BF066FC034607A9002B2246A5
:102C30000846F0DA0AAA11460DA80BF0D5FD0146A8
:102C4000002840F02D81736E002B00F02B810D9B2E
:102C5000002BC0F268810DA80BF088FAB36DB0EBC1
:102C6000430F8DD8736E0DA89847014660B117E1E8
:102C70000BF085FC0DA90346224608467BB10BF0FC
:102C800044FD00287FF401AF0D9B00218B420DA86D
:102C9000EEDB04E00BF0E3FC00287FF4F6AE214607
:102CA0000DA80BF027FC03460DA9002B2246084671
:102CB000F0DA59F8047C0DAA394638460BF094FD39
:102CC0000146002840F0EC80736E002B00F0F58088
:102CD0003B68002BC0F22E8138460BF047FAB36DEB
:102CE000B0EB430F3FF64CAF736E38469847014642
:102CF00060B1D5E00BF043FC034622463946384626
:102D00007BB10BF002FD00287FF4BFAE3B680021D1
:102D10008B423846EEDB04E00BF0A1FC00287FF488
:102D2000B4AE214638460BF0E5FB0346002B2246A5
:102D300039463846F0DA59F804AC0AF10C0739463E
:102D400038460DAA0BF050FD0146002840F0A8803F
:102D5000736E002B00F0BC80DAF80C30002BC0F250
:102D6000F08038460BF002FAB36DB0EB430F3FF63C
:102D700007AF736E38469847014660B190E00BF09C
:102D8000FEFB034622463946384683B10BF0BDFCB4
:102D900000287FF47AAEDAF80C3000218B423846F6
:102DA000EDDB04E00BF05BFC00287FF46EAE214607
:102DB00038460BF09FFB0346002B22463946384627
:102DC000F0DA59F804AC0AF10C07394638460AAA79
:102DD0000BF00AFD0146002862D1736E002B00F053
:102DE0008280DAF80C30002BC0F2B28038460BF04B
:102DF000BDF9B36DB0EB430F3FF6C2AE736E38460C
:102E00009847014660B14BE00BF0B9FB0346224600
:102E1000394638469BB10BF078FC00287FF435AE7C
:102E2000DAF80C3000218B423846EDDB07E000BFBA
:102E300080B0FFFF0BF013FC00287FF426AE214684
:102E400038460BF057FB0346002B224639463846DE
:102E5000F0DAB16859F8040C0BF03AF80146F8B909
:102E600059F8040CB1680C300BF032F80146B8B9CF
:102E7000029059F8040D18300AF0F2FF0299B8F1E7
:102E8000000F0DD008F1FF38B8F1000F7FF43EAE0F
:102E900007A90AA80BF055F8014600283FF4CAAE6E
:102EA0000F46F3E50DA9084622460BF058FF0146F0
:102EB00000283FF4FEAE0F46E8E539462246384684
:102EC0000BF04DFF014600283FF435AF0F46DDE51E
:102ED0003946224638460BF042FF014600283FF4AF
:102EE00070AF0F46D2E53946224638460BF037FF21
:102EF00001460028ADD00F46C8E50AA9084622467B
:102F00000BF02DFF014600283FF453AE0F46BDE500
:102F100007A9084622460BF022FF014600283FF48D
:102F200089AE0F46B2E50DA80BF029FB00283FF44F
:102F300092AE25E638460BF022FB00283FF4CCAEDB
:102F40001EE638460BF01BFB00283FF40AAF17E6DD
:102F500038460BF014FB00283FF448AF10E60AA8EF
:102F60000BF00DFB00283FF4E6AD09E607A80BF0D7
:102F700006FB00283FF430AE02E6014F98E500BFA3
:102F800080B2FFFF2DE9F04F85B0866D074601A89E
:102F90008B46914698460AF05DFF0736F6083D1DC0
:102FA0004FF00C0A43464A46314601A80BF084FF15
:102FB000044628B149E00BF024FA0446002844D125
:102FC000294601A80BF096FA0346002B4FF00101A9
:102FD00001A8F0DABAF1010A3ED00BF0D0FA0028CD
:102FE000E0DD01AA594658460BF0FEFB044660BBE3
:102FF0007B6E002B7ED0DBF80030002B1EDB5846AA
:103000000BF0B4F8BB6DB0EB430F1DD87B6E584688
:103010009847044658B118E00BF0B1FA03462A4627
:1030200059465846FBB10BF070FB044668B9DBF813
:10303000003000218B425846EEDB14E00146584632
:103040000BF09DFA0028DAD0374C01A80AF008FFEF
:10305000204605B0BDE8F08F344CF6E70BF0FFFAE0
:1030600004460028F1D1294658460BF043FA03469E
:10307000002B2A4659465846F0DA0BF1180631461D
:10308000304601AA0BF0B0FB04460028DDD17B6E70
:10309000002B41D0DBF81830002B34DB30460BF02E
:1030A00065F8BB6DB0EB430FCED87B6E30469847CA
:1030B000044650B1C9E70BF062FA03462A4631468E
:1030C000304663B10BF021FB20BBDBF81830002148
:1030D0008B423046EFDB02E00BF0C1FAD0B9294653
:1030E00030460BF007FA0346002B2A46314630469D
:1030F000F2DAAAE72A46594658460BF030FE044653
:103100000028BAD0A1E7014630460BF038FA002873
:10311000C4D099E7044698E72A46314630460BF07A
:103120001EFE044691E700BF80B0FFFF00B3FFFF23
:103130002DE9F04F87B0866D074668468B4691466D
:1031400098460AF087FE03A80AF084FE0736F608C0
:103150003D1D4FF00C0A43464A46314668460BF087
:10316000ABFE044628B14CE00BF04BF904460028B6
:1031700047D1294668460BF0BDF90346002B4FF0B6
:1031800001016846F0DABAF1010A44D00BF0F7F910
:103190000028E0DD0BF11806314630466A460BF098
:1031A00023FB044668BB7B6E002B00F0F680DBF847
:1031B0001830002B1EDB30460AF0D8FFBB6DB0EB99
:1031C000430F1DD87B6E30469847044658B118E02F
:1031D0000BF0D5F903462A463146304613B30BF0BF
:1031E00094FA044668B9DBF8183000218B42304667
:1031F000EEDB17E0014630460BF0C1F90028DAD0CB
:10320000B64C68460AF02CFE03A80AF029FE2046B8
:1032100007B0BDE8F08FB24CF3E70BF020FA04469C
:103220000028EED1294630460BF064F90346002B06
:103230002A4631463046F0DA6A46694603A80BF062
:10324000D3FA04460028DCD17B6E002B00F0AF805F
:10325000039B002BC0F2228103A80AF087FFBB6DFD
:10326000B0EB430FCCD87B6E03A89847044660B1FF
:10327000C7E70BF084F903A903462A4608467BB149
:103280000BF043FA04460028BBD1039B00218B427C
:1032900003A8EEDB04E00BF0E2F904460028B0D10D
:1032A000294603A80BF026F9034603A9002B2A465A
:1032B0000846F0DA03AA594658460BF095FA044638
:1032C00000289ED17B6E002B00F0D680DBF800300A
:1032D000002BC0F2DB8058460AF048FFBB6DB0EB14
:1032E000430F8DD87B6E58469847044668B188E7EF
:1032F0000BF045F903462A465946584693B10BF060
:1033000004FA044600287FF47CAFDBF8003000218B
:103310008B425846ECDB05E00BF0A1F9044600288F
:103320007FF46FAF294658460BF0E4F80346002BB4
:103330002A4659465846EFDA03A96A4608460BF072
:1033400053FA044600287FF45CAF7B6E002B49D013
:10335000039B002BC0F2B88003A80AF007FFBB6DE7
:10336000B0EB430F3FF64CAF7B6E03A89847044683
:1033700068B146E70BF003F903A903462A4608465D
:103380002BB30BF0C2F9044600287FF43AAF039B3D
:1033900000218B4203A8EDDB19E02A463146304676
:1033A0000BF0DDFC044600283FF446AF29E703A9F3
:1033B0002A4608460BF0D3FC044600283FF47AAFB7
:1033C0001FE70BF04CF9044600287FF41AAF29469A
:1033D00003A80BF08FF8034603A9002B2A460846E2
:1033E000EFDA08E003A92A4608460BF0B8FC0446C9
:1033F00000287FF406AF0BF10C063146304603AAD5
:103400000BF0F2F9044600287FF4FBAE7B6E002B34
:1034100053D0DBF80C30002B48DB30460AF0A6FE18
:10342000BB6DB0EB430F3FF6EBAE7B6E304698477B
:10343000044658B1E5E60BF0A2F803462A463146A9
:10344000304673B10BF061F9002845D1DBF80C3040
:1034500000218B423046EEDB03E00BF000F9002840
:103460003AD1294630460BF045F80346002B2A4650
:1034700031463046F1DAC4E62A46594658460BF042
:103480006EFC044600283FF457AFBAE601465846A2
:103490000BF075F800283FF41EAFB1E6014603A813
:1034A0000BF06DF800283FF4D7AEA9E60146304690
:1034B0000BF065F80028B0D0A2E62A463146304627
:1034C0000BF04DFC04469CE6014603A80BF057F8B0
:1034D00000283FF441AF93E6044692E680B0FFFF38
:1034E00000B3FFFF2DE9F0438DB0064668468846DD
:1034F00017460AF0AFFC03A80AF0ACFC06A80AF0D5
:10350000A9FC09A80AF0A6FCB369002B00F0A5806D
:103510003A46394603A80BF067F9044678B1684685
:103520000AF09EFC03A80AF09BFC06A80AF098FC8F
:1035300009A80AF095FC20460DB0BDE8F083736E33
:10354000002B00F0BF80039B002BC0F2F68003A885
:103550000AF00CFEB36DB0EB430F00F2F580736E12
:1035600003A8984704460028D9D1351D0BE00BF07D
:1035700006F803A903462A4608467BB10BF0C5F8B6
:1035800004460028CBD1039B00218B4203A8EEDB2D
:1035900004E00BF064F804460028C0D1294603A8D3
:1035A0000AF0A8FF034603A9002B2A460846F0DAD2
:1035B000032203A968460BF086F9044628B1AEE75A
:1035C0000BF04DF804460028A9D1294668460AF0B8
:1035D00091FF0346002B2A4669466846F0DA06F159
:1035E0001009484600210AF0CAFF002840F0A982CD
:1035F00007F10C094A46494606A80BF0F5F80446BF
:1036000000288CD1736E002B00F07C83069B002B6E
:10361000C0F2828306A80AF0A9FDB36DB0EB430F98
:1036200000F29280736E06A89847044678B176E758
:103630000AF0A5FF06A903462A460846002B00F01B
:10364000E1800BF062F8044600287FF468AF069B27
:1036500000218B4206A8EBDBD4E007F118021146EB
:1036600003A80BF0C1F8044600287FF458AF736E2E
:10367000002B00F0AF80039B002BC0F2B58003A8A5
:103680000AF074FDB36DB0EB430F5DD8736E03A801
:103690009847044600287FF442AF351D0CE00AF03D
:1036A0006EFF03A903462A460846E3B10BF02DF846
:1036B000044600287FF433AF039B00218B4203A80C
:1036C000EDDB10E003A9351D2A4608460BF047FB49
:1036D000044600283FF46CAF21E70AF0C0FF04461F
:1036E00000287FF41CAF294603A80AF003FF034615
:1036F00003A9002B2A460846EFDA03AA394606A892
:103700000BF003F8044630B109E70AF0A8FF0446BD
:1037100000287FF404AF294606A80AF0EBFE034612
:1037200006A9002B2A460846EFDA03AA394609A85B
:103730000BF00CF80446B0B1F1E6014603A80AF01C
:103740001EFF00283FF403AFA54CE8E60AF017FF80
:1037500009A903462A46084653B10AF0D6FF044693
:1037600000287FF4DCAE099B00218B4209A8EDDB29
:1037700009AA06A903A80BF037F8044600287FF42D
:10378000CEAE736E002B00F0DA82039B002BC0F2EA
:10379000FF8203A80AF0EAFCB36DB0EB430FD3D865
:1037A000736E03A89847044670B1B8E60AF0E7FEC6
:1037B00003A903462A460846002B7DD00AF0A5FF40
:1037C000044600287FF4ABAE039B00218B4203A884
:1037D000ECDB71E003A9351D2A4608460BF0BFFA61
:1037E0000446002889D09AE6014603A80AF0C7FEDD
:1037F00000283FF444AFA7E70AF031FF0446002851
:103800007FF48DAE294606A80AF074FE034606A989
:10381000002B2A460846EFDA012106A80AF0A3FD8C
:10382000044630B17BE60AF01AFF044600287FF414
:1038300076AE294606A80AF05DFE034606A9002BCF
:103840002A460846EFDA06AA394603A80AF0CCFF52
:10385000044600287FF463AE736E002B00F07A827A
:10386000039B002BC0F29C8203A80AF07FFCB36D7F
:10387000B0EB430F3FF668AF736E03A8984704465A
:1038800070B14CE60AF07BFE03A903462A460846BF
:10389000002B3BD00AF039FF044600287FF43FAEEE
:1038A000039B00218B4203A8ECDB2FE00AF0D7FE3C
:1038B000044600287FF433AE294603A80AF01AFE16
:1038C000034603A9002B2A460846EFDA032203A980
:1038D00068460AF0F8FF044600287FF420AE294627
:1038E00068460AF007FE0346002B2A4669466846EA
:1038F000FFF67EAE0AF0B3FE04460028EFD00EE6D7
:103900000AF0ADFE044600287FF409AE294603A85C
:103910000AF0F0FD034603A9002B2A460846EFDA19
:10392000012103A80AF01FFD044630B1F7E50AF0B3
:1039300096FE044600287FF4F2AD294603A80AF05B
:10394000D9FD034603A9002B2A460846EFDA06AA4A
:10395000114609A80AF048FF044600287FF4DFADAD
:10396000736E002B00F03682099B002BC0F245825B
:1039700009A80AF0FBFBB36DB0EB430F3FF6E4AED2
:10398000736E09A89847044668B1C8E50AF0F7FDC8
:1039900009A903462A4608468BB10AF0B6FE04463A
:1039A00000287FF4BCAD099B00218B4209A8EDDB08
:1039B00005E00AF054FE044600287FF4B0AD294625
:1039C00009A80AF097FD034609A9002B2A460846D4
:1039D000EFDA012109A80AF0C6FC044640B19EE5D1
:1039E00080B0FFFF0AF03BFE044600287FF497AD4D
:1039F000294609A80AF07EFD034609A9002B2A469C
:103A00000846EFDA6A46694606A80AF0EDFE044663
:103A100000287FF484AD736E002B00F0F681069BC6
:103A2000002BC0F2FD8106A80AF0A0FBB36DB0EB3D
:103A3000430F3FF689AE736E06A89847044668B1F7
:103A40006DE50AF09CFD06A903462A4608468BB19F
:103A50000AF05BFE044600287FF461AD069B00215E
:103A60008B4206A8EDDB05E00AF0F9FD04460028CC
:103A70007FF455AD294606A80AF03CFD034606A989
:103A8000002B2A460846EFDA06AA03AB1146304659
:103A9000FEF734FD044600287FF441AD06AA03ABCF
:103AA00011463046FEF72AFD044600287FF437AD64
:103AB00003AA06AB11463046FEF720FD0446002857
:103AC0007FF42DAD03AA6B4611463046FEF736FD56
:103AD000044600287FF423AD03AA09AB1146304603
:103AE000FEF70CFD044600287FF419AD07F118031A
:103AF0004A4609A93046FEF721FD044600287FF416
:103B00000EAD304609A9FEF76DFD044600287FF48E
:103B100006AD06A940460AF014FA044600287FF4D0
:103B2000FEAC03A908F10C000AF00BFA04460028C9
:103B30007FF4F5AC08F1180009A90AF002FA04466E
:103B4000EDE407F11802114603A80AF04DFE044601
:103B500000287FF4E4AC736E002B00F0E580039B3B
:103B6000002BC0F20D8103A80AF000FBB36DB0EB8F
:103B7000430F3FF6E9AD736E03A89847044668B15A
:103B8000CDE40AF0FCFC03A903462A4608468BB1A3
:103B90000AF0BBFD044600287FF4C1AC039B002162
:103BA0008B4203A8EDDB05E00AF059FD044600282E
:103BB0007FF4B5AC294603A80AF09CFC034603A990
:103BC000002B2A460846EFDA03AA114606A80AF097
:103BD0000BFE044600287FF4A2AC736E002B00F0AD
:103BE000C480069B002BC0F2ED8006A80AF0BEFA46
:103BF000B36DB0EB430F3FF6A7AD736E06A89847C1
:103C0000044668B18BE40AF0BAFC06A903462A46CA
:103C100008468BB10AF079FD044600287FF47FAC9A
:103C2000069B00218B4206A8EDDB05E00AF017FD9C
:103C3000044600287FF473AC294606A80AF05AFC13
:103C4000034606A9002B2A460846EFDA4A4606A98B
:103C500003A80AF0C9FD044600287FF460AC736E27
:103C6000002B00F0A580039B002BC0F2BE8003A8B0
:103C70000AF07CFAB36DB0EB430F3FF665AD736E9F
:103C800003A89847044668B149E40AF078FC03A900
:103C900003462A4608468BB10AF037FD0446002841
:103CA0007FF43DAC039B00218B4203A8EDDB05E0D4
:103CB0000AF0D5FC044600287FF431AC294603A85D
:103CC0000AF018FC034603A9002B2A460846EFDA3F
:103CD00003AA694668460AF018FD044600287FF4E6
:103CE0001EAC294668460AF005FC0346002B2A460E
:103CF00069466846FFF67CAC0AF0B1FC0446002831
:103D0000EFD00CE406A92A4608460BF028F8044632
:103D100000283FF481AD02E4014606A80AF02FFC1A
:103D200000283FF477AC0FE503A92A4608460BF0BC
:103D300016F8044600283FF447AFFFF7F0BB03A98D
:103D40002A4608460BF00BF8044600283FF4BEADA7
:103D5000FFF7E5BB03A92A4608460BF000F8044626
:103D600000283FF4DDADFFF7DABB06A92A46084676
:103D70000AF0F5FF044600283FF468AFFFF7CFBB19
:103D8000014603A80AF0FBFB00283FF4ECAEDBE49D
:103D9000214603A80AF0F3FB00283FF4FAACD3E471
:103DA000214603A80AF0EBFB00283FF45DADCBE40D
:103DB00003A92A4608460AF0D2FF0446002887D005
:103DC000FFF7ADBB014606A80AF0D9FB00283FF477
:103DD0000CAFB9E409A92A4608460AF0C0FF044618
:103DE00000283FF4F6ADFFF79ABB014603A80AF09E
:103DF000C6FB00283FF43BAFA6E4214609A80AF021
:103E0000BEFB00283FF4B4AD9EE406A92A4608464E
:103E10000AF0A5FF044600283FF436AEFFF77FBB4B
:103E2000214606A80AF0ABFB00283FF4FCAD8BE46A
:103E30002DE9F04702F1180996B007468A46484630
:103E4000002190461E460AF09AFB002800F0BB8035
:103E5000336A8BB106F11804204600210AF08FFB6B
:103E6000002800F06181336A33B1204601210AF055
:103E700086FB002840F0E48101A809F0EBFF04A8CC
:103E800009F0E8FF07A809F0E5FF0AA809F0E2FF3A
:103E90000DA809F0DFFF10A809F0DCFF13A809F056
:103EA000D9FF4A46494601A80AF09EFC0446C0B123
:103EB00001A809F0D5FF04A809F0D2FF07A809F06E
:103EC000CFFF0AA809F0CCFF0DA809F0C9FF10A880
:103ED00009F0C6FF13A809F0C3FF204616B0BDE8DD
:103EE000F0877B6E002B64D0019B002BC0F2B38067
:103EF00001A80AF03BF9BB6DB0EB430F00F29E81C5
:103F00007B6E01A8984704460028D1D13D1D0BE0E7
:103F10000AF035FB01A903462A4608467BB10AF0A0
:103F2000F4FB04460028C3D1019B00218B4201A869
:103F3000EEDB04E00AF093FB04460028B8D12946E2
:103F400001A80AF0D7FA034601A9002B2A46084621
:103F5000F0DA4A4601A904A80AF046FC0446002803
:103F6000A6D17B6E002B00F0D580049B002BC0F205
:103F7000FD8004A80AF0FAF8BB6DB0EB430F00F225
:103F80005D817B6E04A89847044660B190E70AF013
:103F9000F6FA04A903462A4608469BB30AF0B5FB85
:103FA0000446002884D1049B00218B4204A8EEDB48
:103FB00028E001A93D1D2A4608460AF0D0FE044625
:103FC0000028C6D074E73146504609F0BAFF0446CF
:103FD000002882D106F10C010AF10C0009F0B1FFB2
:103FE000044600287FF479AF06F118010AF11800A1
:103FF00009F0A7FF044670E70AF031FB04460028E9
:104000007FF456AF294604A80AF074FA034604A9BF
:10401000002B2A460846EFDA01A9324608460AF084
:10402000E3FB044600287FF443AF7B6E002B00F0D7
:104030009480019B002BC0F2FA8001A80AF096F848
:10404000BB6DB0EB430F00F2F9807B6E01A898477F
:104050000446A8B12CE7014601A80AF090FA00280E
:104060003FF446AFEAE00AF08AFA01A903462A467D
:1040700008468BB10AF049FB044600287FF418AFCC
:10408000019B00218B4201A8EDDB05E00AF0E7FA75
:10409000044600287FF40CAF294601A80AF02AFA4A
:1040A000034601A9002B2A460846EFDA04A906F1C7
:1040B0000C0208460AF098FB044600287FF4F8AE8C
:1040C0007B6E002B00F0BE80049B002BC0F2C380EF
:1040D00004A80AF04BF8BB6DB0EB430F00F2AE80C2
:1040E0007B6E04A89847044670B1E1E60AF047FAEF
:1040F00004A903462A460846002B45D00AF005FBD2
:10410000044600287FF4D4AE049B00218B4204A80F
:10411000ECDB39E004A92A4608460AF020FE0446F2
:1041200000283FF479AFC3E64146504609F009FF45
:10413000044600287FF4D1AE08F10C010AF10C000E
:1041400009F0FFFE044600287FF4C7AE49460AF195
:10415000180009F0F6FE0446BFE601A92A46084603
:104160000AF0FDFD04460028A0D0A1E6014604A8FF
:104170000AF005FA00283FF4FCAE5FE00AF06FFA9F
:10418000044600287FF494AE294604A80AF0B2F948
:10419000034604A9002B2A460846EFDA01A9424645
:1041A00008460AF0D3FA044668B181E60AF0E7F956
:1041B00001A903462A46084653B10AF0A6FA044666
:1041C00000287FF475AE019B00218B4201A8EDDB36
:1041D00004A908F10C06324608460AF0B7FA04466C
:1041E00068B165E60AF0CBF904A903462A460846F9
:1041F00053B10AF08AFA044600287FF459AE049BB2
:1042000000218B4204A8EDDB002101A80AF0B7F9D8
:1042100048BB014604A80AF0B2F9002840F05F81CB
:10422000424651463846FFF75DF9044640E60146EE
:1042300001A80AF0A4F900283FF4FFAEB44C37E619
:10424000B34C4AE604A92A4608460AF088FD04460B
:104250000028A3D02CE6014604A80AF090F9002813
:104260003FF436AFEAE7494601AA13A80AF0BCFAC0
:10427000044600287FF41CAE7B6E002B00F04A81C0
:10428000139B002BC0F25A8113A809F06FFFBB6D7E
:10429000B0EB430FD2D87B6E13A89847044668B1A1
:1042A00006E60AF06CF913A903462A4608468BB1C4
:1042B0000AF02BFA044600287FF4FAAD139B002184
:1042C0008B4213A8EDDB05E00AF0C9F9044600288B
:1042D0007FF4EEAD294613A80AF00CF9034613A9A2
:1042E000002B2A460846EFDA01AA114607A80AF071
:1042F0007BFA044600287FF4DBAD7B6E002B00F0D8
:104300001381079B002BC0F22B8107A809F02EFF19
:10431000BB6DB0EB430F91D87B6E07A8984704465E
:1043200068B1C5E50AF02BF907A903462A460846F5
:104330008BB10AF0EAF9044600287FF4B9AD079B77
:1043400000218B4207A8EDDB05E00AF088F904465E
:1043500000287FF4ADAD294607A80AF0CBF8034644
:1043600007A9002B2A460846EFDA01AA07A90AA8DE
:104370000AF03AFA044600287FF49AAD7B6E002BCF
:1043800000F0E4800A9B002BC0F2F2800AA809F03A
:10439000EDFEBB6DB0EB430F3FF650AF7B6E0AA84E
:1043A0009847044668B183E50AF0E9F80AA903468C
:1043B0002A4608468BB10AF0A8F9044600287FF483
:1043C00077AD0A9B00218B420AA8EDDB05E00AF0DD
:1043D00046F9044600287FF46BAD29460AA80AF086
:1043E00089F803460AA9002B2A460846EFDA07AAED
:1043F000434611463846FEF7A1F8044600287FF4EC
:1044000057AD07A901A809F09CFD044600287FF4D8
:104410004FAD01A93846FEF7E5F8044600287FF4C1
:1044200047AD04AB1A460DA93846FEF787F8044697
:1044300000287FF43DAD0DAA01AB11463846FEF7CA
:104440005DF8044600287FF433AD0DAA0AAB11468F
:104450003846FEF753F8044600287FF429AD07AA32
:104460000DAB11463846FEF749F8044600287FF4A4
:104470001FAD07AA04AB11463846FEF75FF80446A5
:1044800000287FF415AD0AAA334611463846FEF7D8
:1044900055F8044600287FF40BAD38460AAB07AA4E
:1044A00010A9FEF72BF8044600287FF401AD0DA9F2
:1044B000504609F046FD044600287FF4F9AC10A9E7
:1044C0000AF10C0009F03DFD044600287FF4F0AC31
:1044D0000AF1180013A909F034FD0446E8E40121AB
:1044E000504609F0D5FD044600287FF4E1AC0121D7
:1044F0000AF10C0009F0CCFD044600287FF4D8AC8A
:1045000001460AF1180009F0C3FD0446D0E400BFDB
:1045100080B0FFFF13A92A4608460AF020FC044693
:1045200000283FF4E1AEC3E407A92A4608460AF092
:1045300016FC044600283FF418AFB9E4014613A85E
:104540000AF01DF800283FF49FAE77E60AA92A4634
:1045500008460AF004FC044600283FF448AFA7E4EC
:10456000014607A80AF00BF800283FF4CEAE65E636
:1045700001460AA80AF003F800283FF407AF5DE6F9
:104580002DE9F04F2DED028BF5B0074617A89A469E
:1045900008EE102A05910BF03DFC809B002B7AD091
:1045A0000AF10C0B584607F1340109F0A3FF00286B
:1045B00000F0A280FD6DB5F5C07F58D310230393A2
:1045C000069305234FF0040904930022013D07924E
:1045D0001D44B5FBF3F5069824210CF049FE064670
:1045E000002800F03183039B242414FB030480463D
:1045F000404609F02FFC08F10C0009F02BFC08F1F3
:10460000180008F1240809F025FCA045F0D1514616
:10461000304609F096FCB0460446002800F08D8133
:1046200017A80BF067FD7B6F9E4251D0039B242798
:1046300017FB036706F12405404601E028462435B0
:1046400009F00EFCA5F1180009F00AFCA5F10C0018
:1046500009F006FCAF42F1D130460CF00FFE002C01
:1046600036D1204675B0BDEC028BBDE8F08F082333
:104670000393069304234FF003090493AB42A4D39E
:104680000223013504930393069300236D080793D7
:104690004FF001099FE7FB6D0733DD080BF03EFD8E
:1046A00000780BF083FD422D064600F2C48218EE1E
:1046B000100A32A92A4609F021FE0446002800F01B
:1046C0000182294632A807F08BFE17A80BF012FDD5
:1046D000059D002DC5D0284609F0C2FB05F10C0050
:1046E00009F0BEFB05F1180009F0BAFB204675B0D1
:1046F000BDEC028BBDE8F08F07F12801504609F0B0
:10470000F9FEFD6DB5F5C07F80F0CF8110231A460C
:1047100003934FF004090823052606921C464A46D7
:1047200003210496002840F09482049B9D4240F2AD
:104730003B82013D1D44B5FBF3F57E6F002E00F07A
:10474000DB810BA809F086FB07F14C090EA809F0E4
:1047500081FB4846002109F0B7FC012840F05C824B
:10476000002118EE100A09F0AFFC18EE101A80466E
:104770000BA809F0E6FB0446002840F0B68118EECD
:10478000102A49460EA809F0E1FF0446002840F02F
:10479000AC81B8FA88F35B091A460EA90BA80293FC
:1047A00009F000FC0446002840F09F810DF1C80B81
:1047B00058466A1C214618F0D9FC002D00F08E8066
:1047C000DDF8109008EE107ADA4627464FF0000820
:1047D00039460BA809F078FC9AF8003000FA08F086
:1047E00008F101080343C8452F448AF80030EFD18F
:1047F0000134AC420AF1010AE7D1022D18EE107A19
:1048000040F21582EB1E23F0010303339BF8008076
:104810000493594600234FF0010A91F801C091F822
:10482000029083EA0C02D44304F0010450B214FB5A
:1048300008F252B203EA0C0300EA020C4CEA03034A
:10484000DBB283EA090C42406FEA0C0000F0010081
:104850004FFA8CFE12FB00FC42EAC0124FFA8CFCAD
:104860004A70049A0CEA0E0003EA09030AF1020AEC
:104870008CEA0E0C48EAC41403435FFA8CF89245A4
:104880000C7081F80280DBB201F10201C5D1511E2A
:10489000594498460C4611F8012F82EA080C11F889
:1048A000010C6FEA0C0E0EF0010E10FB0EF34FFA26
:1048B0008CFC5BB2023402EA0802A4EB0B0403EAAC
:1048C0000C0840EACE1083EA0C0342EA0802A54233
:1048D00001F8010C0B705FFA82F8DBD20EA809F028
:1048E000BFFA0BA809F0BCFA0EA809F0B3FA11A898
:1048F00009F0B0FA14A809F0ADFA1BF805300093DE
:104900000599039B32463846FDF78AFE5D4404460E
:10491000002800F0F4800EA809F0A2FA11A809F00E
:104920009FFA14A809F09CFA17A80BF0E3FB7B6F21
:104930009E423FF4CDAEB04678E6594606F10C00F3
:1049400009F0FFFA044600287FF46AAE0AF1180164
:1049500006F1180009F0F5FA044600287FF460AE6D
:1049600005FB09F98346B9F1000F3DD00122BBFBDD
:10497000F5F39A40D2B24FEA520A0AEBCA0A02EBA6
:10498000C20206EB8A0A05FB13B306EB820251460C
:104990000BF1010B1046EBB9029209F0D2FA029A20
:1049A00004460AF10C0102F10C00002C7FF438AE31
:1049B00009F0C7FA029A04460AF1180102F1180038
:1049C000002C7FF42DAE09F0BCFA029A04460028B0
:1049D0007FF426AE11463846FEF784FD04460028D3
:1049E0007FF41EAECB45C1D10DF1C80B039CCDF8B1
:1049F00008B058460022012303EBC3015B00DBB281
:104A000006EB8101A34240F8041B02F10102F3D33B
:104A100059463846FDF7C8FF044600287FF400AE2B
:104A2000CDE9085B0124482211466FF0230204EB14
:104A3000C40311FB042106EB830B7518A14602FB8E
:104A400004FA05EB0A0229465B463846FFF7F0F9FF
:104A5000243D002840F0DE80B9F10109F1D1039B2B
:104A60006400E4B29C42DED3069B0299DDE9085B58
:104A700003EBC30206EB820206F1240341F8043B78
:104A800024339A42FAD1069B59465A1E3846FDF7FE
:104A90008BFF044600287FF4C3AD079A002A3FF439
:104AA00050AE069B7E67BB674BE620231A460393F6
:104AB0004FF005091023062606921C464A4604219B
:104AC00004962FE631462B4632AA17A80BF068FA57
:104AD0002946044632A807F083FC002C7FF4F5AD8C
:104AE0005F4B809317AB81935AE50EA809F0B8F994
:104AF0000BA809F0B5F917E7012307936BE5059BB0
:104B0000012103F1180009F0C3FA044600287FF4DC
:104B100002AFDDF81480DDE9802341463846FEF718
:104B200007FB044600287FF4F6AEDDF80C901CE08D
:104B3000FEF7D8FC04464B4632460EA93846002CF8
:104B40007FF4E9AE15F8014D0094FDF769FD0446C8
:104B50000EAB424641463846002C7FF4DCAEFFF7F0
:104B600067F9044600287FF4D6AE5D4542464146CB
:104B70003846DDD10EA809F073F911A809F070F9D3
:104B800014A809F06DF9059B0EA803F10C0509F0B6
:104B900061F92A46391D0EA809F0D8FD044660B116
:104BA0000EA809F05DF9BFE60223013504936D08F4
:104BB000039306934FF00109BFE52146284609F00B
:104BC000DEFC029B002808BF00231A4628460EA9D7
:104BD00009F0E8F904460EA809F042F9002C7FF428
:104BE000A3AE059DDDE9802329463846FEF7A0FAED
:104BF000044600287FF498AE29463846FDF75EFD4E
:104C0000044617A80BF076FA7B6F9E423FF427AD5F
:104C1000B0460BE5044603E517A80BF06BFA7B6F73
:104C20009E4202D00F4CB04600E50E4C50E50122EA
:104C3000002304922BE6294632A807F0D1FB17A8DF
:104C40000BF058FA084C43E517A80BF053FA074C41
:104C50003EE5039306948946049213460EE500BF91
:104C6000F924030080B0FFFF00B3FFFF80B2FFFF15
:104C7000094B1A686AB9094A094910B40A20094C53
:104C80001160012110815460196004485DF8044BE3
:104C900070470248704700BF5CF6002050F60020C5
:104CA0000504030C06020B01064B0146052202E037
:104CB0001A7B0C331AB19142FAD118467047134649
:104CC00018467047502E0500064B02E01A7B0C3345
:104CD00022B15A888242F9D11846704713461846C5
:104CE000704700BF502E0500036B2BB1C36B002B28
:104CF0000CBF0220012070471846704710B50446CB
:104D000009F0A8F804F10C0009F0A4F804F1180067
:104D1000BDE8104009F09EB838B50025044600F8FB
:104D2000045B09F097F804F1100009F093F804F11E
:104D30001C0009F08FF804F1280009F08BF804F149
:104D4000340009F087F804F1400009F083F804F119
:104D50004C0009F07FF8C4E91655C4E91855C4E9B8
:104D60001A55C4E91C55A56738BD00BF38B50025E4
:104D7000044600F8045B09F06DF804F1100009F036
:104D800069F804F11C0009F065F804F1280009F045
:104D900061F804F1340009F05DF804F1400009F015
:104DA00059F804F14C0009F055F804F17C00C4E90D
:104DB0001655C4E91855C4E91A55C4E91C55A56728
:104DC00009F048F804F1880009F044F804F194006F
:104DD00009F040F804F1A000BDE8384009F03AB805
:104DE00068B110B5044609F03BF804F10C0009F075
:104DF00037F804F11800BDE8104009F031B87047E9
:104E0000002847D070B5036E012B064626D1736F7C
:104E1000D3B1B26FAAB1002505EBC50413EB84042E
:104E2000204617D009F01CF804F10C0009F018F81E
:104E300004F1180009F014F8D6E91D320135954245
:104E4000EAD318460CF01AFA30467C21BDE87040CF
:104E500007F0C6BA01359542DED3F2E7043008F018
:104E6000FFFF06F1100008F0FBFF06F11C0008F040
:104E7000F7FF06F1280008F0F3FF06F1340008F010
:104E8000EFFF06F1400008F0EBFF06F14C0008F0E0
:104E9000E7FFBCE7704700BFA8B110B50446FFF7B5
:104EA000AFFF04F17C0008F0DBFF04F1880008F09C
:104EB000D7FF04F1940008F0D3FF04F1A000BDE88F
:104EC000104008F0CDBF704738B504460D4609F0D4
:104ED00038F800B138BD05F10C0104F10C0009F0FF
:104EE00030F80028F6D105F1180104F11800BDE8EA
:104EF000384009F026B800BF097802F02DBB00BF8A
:104F000008B50021183009F03AFBB0FA80F04009EA
:104F100008BD00BF38B504460D4609F0EBFA70B97C
:104F200005F10C0104F10C0009F0E4FA38B905F1BF
:104F3000180104F1180009F0DDFA00B938BD014884
:104F400038BD00BF80B0FFFF2DE9F04704460430B4
:104F50001E46DDE908890D46174609F027F9236B3F
:104F600093B3E36B824693B32D4C002105F11800F7
:104F700009F005FB40B9B9F1000F4FD0012388F8C3
:104F800000003360BDE8F087CFB94FEA4A03013330
:104F90004B45336042D84146042301F8013B524659
:104FA000284609F0ABF90028ECD10AF1010105F11E
:104FB0000C0041445246BDE8F04709F09FB9012F6B
:104FC00018D02046BDE8F0871548BDE8F087484571
:104FD000306023D802464146284609F059F9002896
:104FE000D0D1236B002BCDD0E36B0446002BBCD17A
:104FF000BDE8F0870AF101034B4533600ED800216C
:1050000005F10C0009F060F84146023001F8010B8F
:1050100052462846BDE8F04709F070B90148B1E7AB
:1050200080B1FFFF00B1FFFF2DE9F843002B72D0E4
:10503000044604301F460E46904609F0B7F8236B2D
:105040008146002B41D0E36B002B42D098F8003012
:105050008BB1042B39D14FEA49030133BB425AD1FA
:105060004A4608F10101304609F0DBF80546D0B1A7
:105070002846BDE8F883012F4DD13946304609F066
:1050800007F805460028F3D1394606F10C0008F070
:10509000FFFF05460028EBD1014606F11800BDE8E8
:1050A000F84308F0F5BF09F1010141444A4606F111
:1050B0000C0009F0B6F805460028D9D106F1180011
:1050C0000121BDE8F84308F0E3BF194D2846BDE8CB
:1050D000F88387421FD13A464146304609F06CF8C2
:1050E00005460028C4D106F10C0008F0B9FE23786B
:1050F000092B12D0012106F1180008F0C9FF05465E
:105100000028B5D1236B002BB2D0E36B002B9DD1CF
:105110002846BDE8F883074DAAE7F9002A46013979
:10512000304608F0E2FF05460028E3D0A0E700BFC4
:1051300080B1FFFF80B0FFFF2DE9F047012B82B067
:1051400040F28380D2F8009009F10108C2F8008093
:1051500099F80070002F78D0013B9F4275D808EB7A
:1051600007030446136004300E4609F01FF8236B52
:1051700001908246002B40D0E36B002B42D099F87F
:10518000013093B1042B38D14FEA4A0301339F42D7
:105190005BD109F102015246304609F042F805465A
:1051A000C0B1284602B0BDE8F087012F4DD1394685
:1051B000304608F06DFF05460028F2D1394606F169
:1051C0000C0008F065FF05460028EAD1014606F10B
:1051D00018000DE00AF101014144524606F10C00AD
:1051E00009F01FF805460028DBD106F1180001215F
:1051F00002B0BDE8F04708F04BBF1A4D284602B098
:10520000BDE8F087874220D13A464146304608F053
:10521000D3FF05460028C4D106F10C0008F020FE9B
:105220002378092B13D0012106F1180008F030FF74
:1052300005460028B5D1236B002BB2D0E36B002BC1
:105240009DD1284602B0BDE8F087074DA9E7F900D7
:105250002A460139304608F048FF05460028E2D0CA
:105260009FE700BF80B1FFFF80B0FFFF2DE9F04F47
:1052700083B00D9E002E7AD00446043091461D4620
:10528000884608F093FF0C9A236B013E824602F198
:10529000010B002B53D0E36B002B55D0364F002170
:1052A00008F1180009F06BF980B9002E61D00C9B51
:1052B0000122587013462A600C9A13702B68013330
:1052C0002B600027384603B0BDE8F08FB9F1000F1E
:1052D0001ED14FEA4A0301339E422B6049D30C9AF8
:1052E000042353700C9B5246991C404609F006F863
:1052F00007460028E6D10AF1010108F10C005944E3
:10530000524608F0FBFF0746002FDBD12B78D3E78E
:10531000B9F1010FF8D10AF101039E422B6028D3A5
:10532000002108F10C0008F0CFFE0C9B02305870F1
:1053300052464046991C08F0E1FF0746E4E70E4F4D
:10534000384603B0BDE8F08F8642286011D302468C
:105350005946404608F09CFF019007460028B1D10D
:10536000236B002BD2D0E36B002B98D1CEE7034FF9
:10537000A8E7034FA6E700BF80B1FFFF80B0FFFFA3
:1053800000B1FFFF022A1FD90B685A1C0A601A7865
:10539000032A19D110B49A1C0A60DA1C5C780A60DE
:1053A0009A780A4B42EA0422052102E013F80C1F06
:1053B00031B15C889442F9D15DF8044B02F0CCB86D
:1053C00003485DF8044B704702487047502E0500B3
:1053D00080B1FFFF80B0FFFF022A20D90B685A1C62
:1053E0000A601A78032A1AD110B49A1C0A60DC1CCD
:1053F0005A780C609C780B4B44EA0224052202E0A8
:1054000013F80C2F3AB15988A142F9D102705DF816
:10541000044B0020704704485DF8044B7047034874
:10542000704700BF502E050080B1FFFF80B0FFFF26
:1054300030B40E4C0578052002E014F80C0F70B162
:105440008542FAD10320022B08600CD910706388C2
:105450001B0A537063889370002030BC7047A0F51E
:105460009F4030BC70470248F7E700BF502E050050
:1054700000B1FFFF2DE9F0410E4686B0074601213D
:1054800006F1180009F07BF8002840F033813B6BEF
:10549000002B00F02181FB6B0446002B00F02181E2
:1054A0000146304609F06BF80028C0F2238106F16E
:1054B0000C052146284609F062F80028C0F21A813E
:1054C00007F104084146304609F014F8002880F23C
:1054D00011814146284609F00DF8002880F20A8122
:1054E000684608F0B7FC03A808F0B4FC2A46294631
:1054F000684609F079F9044648B1684608F0B0FCFE
:1055000003A808F0ADFC204606B0BDE8F0817B6E34
:10551000002B00F0CE80009B002BC0F2C1806846BB
:1055200008F024FEBB6DB0EB430F00F2C0807B6E31
:105530006846984704460028DFD1009B00218B4233
:10554000684616DA09F01BF8034642466946684683
:105550007BB109F0DAF804460028CED1009B002187
:105560008B426846EEDB04E009F079F80446002837
:10557000C3D14146684608F0BDFF0346002B4246B2
:1055800069466846F0DA3246314603A809F02CF93C
:1055900004460028B1D17B6E002B00F0AD80039B48
:1055A000002BC0F2028103A808F0E0FDBB6DB0EB58
:1055B000430F7CD87B6E03A89847044660B19CE7F4
:1055C00008F0DDFF03A90346424608467BB109F017
:1055D0009CF80446002890D1039B00218B4203A82D
:1055E000EEDB04E009F03BF80446002885D1414693
:1055F00003A808F07FFF034603A9002B4246084694
:10560000F0DABB69002B00F0B38003A907F11002A8
:10561000084609F07AF8044630B16EE709F01FF841
:10562000044600287FF469AF414603A808F062FFF2
:10563000034603A9002B42460846EFDA03A9324687
:10564000084609F0D1F8044600287FF456AF7B6E77
:10565000002B00F0B280039B002BC0F2B78003A8A0
:1056600008F084FDBB6DB0EB430F20D87B6E03A820
:105670009847044670B140E708F081FF03A903464C
:1056800042460846002B47D009F03FF80446002860
:105690007FF433AF039B00218B4203A8ECDB3BE09C
:1056A0000021684608F06BFF00283FF438AF4B4CF0
:1056B00023E742466946684609F051FB0446002844
:1056C0007FF41BAF3246314603A809F08DF804463B
:1056D00000287FF412AF5EE7404C204606B0BDE8DC
:1056E000F081304608F062FDFB6D0733B0EBD30F5D
:1056F0007FF609AF3A4C06E703A94246084609F08F
:105700002EFB044600283FF47CAFF6E608F0A7FF26
:10571000044600287FF4F1AE414603A808F0EAFEF3
:10572000034603A9002B42460846EFDA03A907F116
:105730001C02084608F0E9FF044630B1DDE608F037
:105740008EFF044600287FF4D8AE414603A808F037
:10575000D1FE034603A9002B42460846EFDA03A90F
:10576000684608F0C7FE1E4B041E18BF1C46C4E660
:1057700003A90322084609F021F8044678B1BCE6E3
:1057800008F0FDFE03A9034642460846002B3FF4FD
:1057900055AF08F0BAFF044600287FF4AEAE039B75
:1057A00000218B4203A8EBDB48E7014603A808F081
:1057B000E6FE00283FF4F7AE79E703A94246084623
:1057C00009F0CDFA04460028B0D096E6014603A8B9
:1057D00008F0D5FE00283FF442AF68E780B0FFFF35
:1057E00080B3FFFF2DE9F04F2DED028B0446006BD7
:1057F000D5B000284CD00F46E16B15461E46002957
:105800004DD00121104608F0BAFE00285FDB04F1FC
:105810004C01284608F06EFE002858DA3146204632
:10582000FFF728FE024628B1104655B0BDEC028BAA
:10583000BDE8F08F2378052B13D90A3B022B12D831
:10584000619B0193609B00932A463346394620466C
:1058500002F052F80246104655B0BDEC028BBDE88E
:10586000F08F002BECD1236B93B1E36B8BB3619B77
:105870000193609B00932A46334639462046FEF743
:105880007FFE0246104655B0BDEC028BBDE8F08F9E
:10589000B24A104655B0BDEC028BBDE8F08F104601
:1058A00008F012FC98B90121284608F00DFC70B9E7
:1058B000284608F05BFCE36D0138984207D1FE28CA
:1058C000ACD10221284608F0FFFB0028A6D0A44A4C
:1058D000AAE739A80AF09EFA1FA808F0BBFA22A886
:1058E00008F0B8FA25A808F0B5FA04A808F0B2FA4A
:1058F000609B002B00F00A82DDF884B19A463146A5
:1059000004A808F01EFB024688B139A802920AF0EA
:10591000F1FB1FA808F0A4FA22A808F0A1FA25A814
:1059200008F09EFA04A808F09BFA029A7CE7314638
:105930001FA808F006FB02460028E6D106F10C017C
:1059400022A808F0FEFA02460028DED106F118016E
:1059500025A808F0F6FA02460028D6D101213846DB
:1059600008F096FB02460028CFD107F1180901463E
:10597000484608F08DFB02460028C6D107F10C000E
:1059800008F06EFA04F1040804E008F068FE00284C
:1059900040F0EA8141461FA808F0ACFD03461FA96C
:1059A000002B42460846F0DA52465B462046FDF799
:1059B000E9FA02460028A8D1284608F0D7FB08EEED
:1059C000106A431ECDF808A0CDF80CB09A46BB462D
:1059D000BAF1FF3F00F0E3815146284608F074FB1E
:1059E000C7B23A461FA9584608F015FB06460028DC
:1059F00040F08A813A4625A9484608F00CFB064645
:105A0000002840F0818107A808F024FA0AA808F0CD
:105A100021FA0DA808F01EFA10A808F01BFA13A826
:105A200008F018FA16A808F015FA19A808F012FAE2
:105A30001CA808F00FFA28A808F00CFA4A465946A4
:105A400007A808F062FE064628B12FE108F007FE1D
:105A5000002840F02A81414607A808F04BFD034684
:105A600007A9002B42460846F0DA07AA11460AA801
:105A700008F0BAFE0646002840F01881636E002B3D
:105A800000F074810A9B002BC0F27A810AA808F00A
:105A90006DFBA36DB0EB430F00F27981636E0AA832
:105AA0009847064660B101E108F069FD0AA903467E
:105AB000424608467BB108F028FE002840F0F580F9
:105AC0000A9B00218B420AA8EEDB04E008F0C7FD28
:105AD000002840F0EA8041460AA808F00BFD034682
:105AE0000AA9002B42460846F0DA4A4659460DA854
:105AF00008F02CFE064660B1D8E008F040FD0DA984
:105B00000346424608464BB108F0FFFD002840F02E
:105B1000CC800D9B00218B420DA8EEDB0DAA114617
:105B200010A808F061FE0646002840F0BF80636EB2
:105B3000002B00F07B81109B002BC0F2818110A80C
:105B400008F014FBA36DB0EB430F00F22081636EED
:105B500010A89847064688B1A8E000BF80B0FFFFB4
:105B600080B3FFFF08F00BFD10A90346424608462C
:105B70007BB108F0CAFD002840F09780109B0021FF
:105B80008B4210A8EEDB04E008F069FD002840F02D
:105B90008C80414610A808F0ADFC034610A9002BEC
:105BA00042460846F0DA10AA0AA913A808F0CEFD6A
:105BB000064658B17AE008F0E2FC13A903464246D3
:105BC000084643B108F0A1FD00286ED1139B0021C7
:105BD0008B4213A8EFDB25AA1FA916A808F095FD94
:105BE000064620B162E008F03AFD00285DD141464A
:105BF00016A808F07FFC034616A9002B424608466B
:105C0000F1DA25AA1FA919A808F0A0FD064658B187
:105C10004CE008F0B4FC19A903464246084643B1DB
:105C200008F073FD002840D1199B00218B4219A870
:105C3000EFDB07AA19A91CA808F0D6FD0646002824
:105C400034D1636E002B00F044811C9B002BC0F20A
:105C500078811CA808F08AFAA36DB0EB430F00F21C
:105C60009680636E1CA89847064650B11EE008F067
:105C700086FC1CA90346424608463BB108F045FD98
:105C800098B91C9B00218B421CA8F0DB41461CA844
:105C900008F030FC03461CA9002B42460846C0F21F
:105CA000218108F0DCFC0028F0D0064607A808F0A7
:105CB000D7F80AA808F0D4F80DA808F0D1F810A871
:105CC00008F0CEF813A808F0CBF816A808F0C8F82A
:105CD00019A808F0C5F81CA808F0C2F828A808F010
:105CE000BFF88EB93A461FA9584608F094F90646FF
:105CF00050B93A4625A9484608F08DF90AF1FF3A0D
:105D0000064600283FF464AE3246FEE5E36D0733F5
:105D10004FEAD3080AF002FA00780AF047FAB8F11D
:105D2000420F814635D828A94246284608F0E6FAAF
:105D300030B10290414628A806F052FB029AE4E5F1
:105D400028AA4946434639A80AF02AF94146029052
:105D500028A806F045FB029A002A7FF4D6ADDFF8AA
:105D6000F4A20DF1E40BCAE50246CEE50AA94246CB
:105D7000084608F0F4FF064600283FF4B6AE95E763
:105D800031460AA808F0FBFB00283FF47FAEAF4E77
:105D90008CE7414628A806F023FBAD4AB5E5DDF8BF
:105DA00008A05F46DDF80CB052465B4639462046F7
:105DB000FDF7E8F818EE106A024600287FF4A5AD5A
:105DC00042464946484609F0ABF8024600287FF4AF
:105DD0009CAD4A463946384608F006FD0246002882
:105DE0007FF493AD636E002B6AD03B68002B5FDBC2
:105DF000384608F0BBF9A36DB0EB430F5ED8636E75
:105E000038469847024658B17FE508F0B8FB03468C
:105E1000424639463846FBB108F077FC0028A3D14A
:105E20003B6800218B423846EFDB15E010A9424663
:105E3000084608F094FF064600283FF4B4AE35E764
:105E4000314610A808F09BFB00283FF478AE9EE78F
:105E500008F005FC002887D14146384608F04AFB87
:105E60000346002B424639463846F1DA01214846BE
:105E700008F00EF9024639A802920AF03BF91FA871
:105E800007F0EEFF22A807F0EBFF25A807F0E8FFD8
:105E900004A807F0E5FF029A002A7FF4C5AC236B43
:105EA000002B3FF4C1ACE36B002B3FF4BDACDEE450
:105EB0000146384608F063FB002899D0634A24E580
:105EC00042463946384608F04AFF02460028CDD0FF
:105ED0001BE51CA94246084608F041FF064600287B
:105EE0007FF4E4AE0DAA16A928A808F07DFC0646AA
:105EF00000287FF4DBAE636E002B41D0289B002B83
:105F000037DB28A808F032F9A36DB0EB430F3FF65A
:105F10003EAF636E28A89847064660B1C6E608F013
:105F20002EFB28A9034642460846BBB108F0EDFB0C
:105F300000287FF4BAAE289B00218B4228A8EEDB14
:105F40000CE031461CA808F01AFB00283FF481AE93
:105F50001DE708F084FB00287FF4A7AE414628A87F
:105F600008F0C8FA034628A9002B42460846F0DA92
:105F70000FE0014628A808F002FB0028C1D006E780
:105F800028A94246084608F0EAFE064600287FF4A3
:105F90008DAE28AA1CA91FA808F0B7FB064628B199
:105FA00084E608F05CFB00287FF47FAE41461FA822
:105FB00008F0A0FA03461FA9002B42460846F0DA73
:105FC0001FAB1A4619462046FCF7B8FA06460028C9
:105FD0007FF46CAE28AB1CAA25A92046FCF78EFAEC
:105FE000064600287FF462AE25AB1A4619462046C5
:105FF000FCF7A4FA064600287FF458AE25AB04AAA5
:1060000019462046FCF79AFA064600287FF44EAE61
:1060100010AB0AAA59462046FCF790FA064600281B
:106020007FF444AE13AB04F1100249462046FCF75E
:1060300085FA064600287FF439AE4A4610A948463C
:1060400008F063FB064660B130E600BF80B0FFFF9A
:1060500000B3FFFFF924030008F001FB00287FF4E0
:1060600024AE4146484608F045FA0346002B424616
:1060700049464846F0DA4B4613AA2046FCF75EFA3A
:10608000064613E630B585B0DDE9084500940024E6
:10609000CDE90154FFF7A6FB05B030BD2DE9F04175
:1060A00084B006460C4610460121DDF828801746CC
:1060B0001D4608F064FA40B92946204607F041FF22
:1060C00000283CD004B0BDE8F0814FF0FF313846E5
:1060D00008F055FA20BB2946204607F032FF002879
:1060E000F0D104F10C07384605F10C0107F029FF47
:1060F0000028E7D105F1180104F1180007F021FF8D
:106100000028DFD10146384608F039FA0028D9D0F6
:10611000311D3A46384604B0BDE8F04108F016BBE0
:106120004FF0000CCDE900CCCDF808802B463A4664
:1061300021463046FFF756FB04B0BDE8F08105F17B
:106140000C0104F10C0007F0FCFE0028BAD105F1A7
:10615000180104F1180004B0BDE8F04107F0F1BEE9
:10616000F0B50546006B8DB000283DD01F46EB6BA7
:10617000002B39D003A814460E4607F06BFE06A884
:1061800007F068FE09A807F065FE0020224600908F
:106190003B4603A92846FFF781FF044658B103A8F0
:1061A00007F05EFE06A807F05BFE09A807F058FEA0
:1061B00020460DB0F0BD0090DDE91223314628469F
:1061C000FFF76CFF04460028E9D1334603AA3146A5
:1061D0002846FDF72DFE04460028E0D1314628462A
:1061E000FCF76CFA0446DAE7014C20460DB0F0BD2E
:1061F00080B1FFFF38B5036B93B10D46C16B044608
:1062000081B10121284608F0BAF9002822DB04F107
:106210004C01284608F06EF900281BDA002038BD32
:106220000D4838BD284607F04FFF98B90121284690
:1062300007F04AFF70B9284607F098FFE36D013870
:10624000984207D1FE28E9D12846022107F03CFFF9
:106250000028E3D0014838BD80B0FFFF80B3FFFFC6
:1062600001F070BC2DE9F0430378AFB0002B00F0D3
:1062700081800A789A420D467CD101F18806044655
:106280003146883008F036F9002873D105F19407BB
:10629000394604F1940008F02DF900286AD105F17F
:1062A000A00804F1A000414608F024F904460028A3
:1062B00060D105A807F0CEFD08A807F0CBFD0BA81C
:1062C00007F0C8FD0FA88DF8384007F0C3FD12A8ED
:1062D00007F0C0FD15A807F0BDFD18A807F0BAFD2E
:1062E0001BA807F0B7FDA9461EA807F0B3FD21A81B
:1062F00007F0B0FD19F8281B2694002200230EA8F1
:10630000CDE92423CDE92A23CDE9274429942C94EF
:1063100001F022F9CDE9014400944B4605F17C02DD
:1063200005A90EA8FFF75EFA044678B105A807F0A4
:1063300097FD08A807F094FD0BA807F091FD0EA8A3
:10634000FEF75EFD20462FB0BDE8F083314605A87C
:1063500008F0D0F820B9394608A808F0CBF808B101
:10636000074CE3E741460BA808F0C4F804460028B0
:10637000DCD0F5E7024C20462FB0BDE8F08300BF2B
:1063800080B0FFFF4368072B42D930B5073B8FB081
:10639000092B04AD04464FF0010288BF0923019286
:1063A0000021282228460293039516F0DFFE029A68
:1063B000A16828461C31920016F0B0FE01A81F21EA
:1063C00008F01FF808B10FB030BD029B0246013340
:1063D000FF212046029307F088FE0028F3D163686E
:1063E000082B07D90823A16841F82300616801330D
:1063F0009942F8D801A91322084608F064FA002847
:10640000E1D101AA2146204608F0CFF80FB030BDF7
:10641000002070474268102A30D910B5103A96B063
:106420000123122A0446019324D802929200A16803
:1064300004A84031039016F071FE01A8092107F06D
:10644000E0FFA8B9A268136CC3F308031364636880
:10645000112B88BF112306D9A26842F82300626875
:1064600001339A42F8D801AA2146204608F09DF847
:1064700016B010BD122302934822D8E700207047BF
:106480002DE9F04F0C2183B0054607F0FBFC0028F6
:1064900040F01681D5E901A31E6899695A68DC6944
:1064A0009F6871182CBF0126002692192CBF4FF04F
:1064B000010C4FF0000C1419C3E90014AE68B26A65
:1064C0000A441A60B16A2CBF4FF0010E4FF0000E63
:1064D0008A422CBF00220122A4185C60F16A0C449D
:1064E0005C60F26A2CBF0121002194422CBF6246FD
:1064F0000CF101020A447244D719DA682CBF012159
:1065000000218918C3E90271AC68A26917449F6031
:10651000A2692CBF0126002697422CBF002201222F
:106520008918D960E26901961144D960D5F80890BC
:10653000D4F81CC0D9F820203A449A60D9F82040F9
:106540002CBF4FF0010E4FF0000EA2422CBF0024D2
:1065500001240C19DC60D9F824703C44DC60D5F8C7
:106560000880D9F82490D8F828703A449A60D8F86E
:1065700028702CBF4FF0010B4FF0000BBA422CBF1C
:1065800000220122A218DA60D8F82C602CBF012763
:1065900000273244DE44DA60BE4461452CBF7146B8
:1065A0000EF10101D8F82C70019E4C452CBF0C4611
:1065B0004C1CBA422CBF2246621C16441A69596907
:1065C000B6182CBF012200225218C3E90462D5F884
:1065D00008C0DCF820100E441E61DCF820102CBF2F
:1065E000012700278E422CBF0021012152185A6139
:1065F000DCF824100A445A61AC68DCF82450A16A23
:106600000E441E61A16A2CBF4FF0010C4FF0000C2C
:106610008E422CBF0026012696195E61E16A0E4467
:106620002CBF012100215E616144E46AAA422CBFB3
:106630000A464A1CA6422CBF1646561C03EB8A0A81
:1066400003F11C0137448A459F6139D9AAEB030441
:106650001D3C172C4FEA9406C1F3800215D992B362
:10666000D8612033B61A013601EB8202710802EBC1
:10667000C10100240025E2E802458A42FBD126F050
:106680000102964203EB82011AD00A46002342F827
:10669000043B924514D901F1080292454B600FD991
:1066A00001F10C0292458B600AD901F1100292456A
:1066B000CB6005D901F1140292450B6188BF4B6193
:1066C00003B0BDE8F08F0B46CCE700BFF0B591B04A
:1066D00003AB04460D251846342200210126CDE9DE
:1066E0000065029316F042FD2046182107F0CAFB10
:1066F0000546002840F03982A668336B3168F76D93
:10670000D6E91402C9182CBF4FF0010C4FF0000C51
:1067100052182CBF012300238218A2EB070131601D
:1067200063442CBF012100210B44974288BF013BE9
:10673000A168581C4A6800F01B82D2182CBF0123A4
:1067400000234E6B886D0F6BB2182CBF01260026FC
:106750008018CA6D33442CBF0126002610182CBFA8
:106760000122002256FA83F30E6D52FA83F3C21B04
:10677000874288BF013B901B4860964288BF013B1F
:10678000A0685BB2002B8168C0F20D82CB182CBFD1
:1067900001220022816BC66D476BCB182CBF4FF0D6
:1067A000010C4FF0000CF11802EB0C03466D2CBFEE
:1067B0000122002252FA83F3CA1B8F4288BF013B99
:1067C000911B8160964288BF013BA1685BB2002BA0
:1067D000C868C0F2F681C3182CBF01220022CF6B1B
:1067E000086BFB182CBF4FF0010C4FF0000CC718C2
:1067F000D1E9140602EB0C032CBF01220022C019C0
:1068000052FA83F22CBF01230023301853FA82F38B
:10681000D1F838C08F6D2CBF0122002252FA83F3C9
:10682000A0EB0C06844588BF013BC86DF21BB74244
:1068300088BF013B161A904288BF013BCE60A16819
:106840005BB2002B0869C0F2B581C3182CBF0122CE
:1068500000224E6D086C4F6BF3182CBF4FF0010CEB
:106860004FF0000CF3182CBF012600266244C31819
:106870002CBF0120002056FA82F250FA82F2086BF7
:106880000E6DD1F83CC0FF182CBF01230023C7199F
:10689000886D53FA82F22CBF01230023F61953FAB4
:1068A00082F22CBF01230023861953FA82F3C86DAC
:1068B0002CBF01220022A6EB0C0752FA83F3B44549
:1068C00088BF013B3A1AB84288BF013B161A904272
:1068D00088BF013B0E61A1685BB2002B4869C0F222
:1068E0008C81C3182CBF012200228F6D4E6CF818CA
:1068F0002CBF0123002338182CBF01270027134485
:1069000057FA83F38F6B4A6B30182CBF0126002691
:10691000381856FA83F32CBF0126002656FA83F363
:106920004E6D1218C86D2CBF01270027B21857FAF8
:1069300083F30E6C2CBF01270027821857FA83F3CC
:106940002CBF01270027901B57FA83F3486196421A
:1069500088BF013BA0685BB2002B8169C0F2468111
:10696000CB182CBF01220022C76D866CF9182CBFF2
:106970000123002379182CBF01270027134457FA5D
:1069800083F3C76B826B71182CBF01260026791820
:10699000876D56FA83F32CBF01260026521856FA4B
:1069A00083F3416C2CBF01260026BA182CBF0127A7
:1069B000002756FA83F357FA83F3561A914288BF99
:1069C000013B8661A0685BB2002BC169C0F2078100
:1069D000CB182CBF01220022C76C016CC66DFB18BE
:1069E0002CBF4FF0010C4FF0000CCF18C16B02EB25
:1069F0000C032CBF01220022C91952FA83F328BFCD
:106A00000127826C38BF002771182CBF0126002691
:106A100057FA83F356FA83F38E1A8A4288BF013BF2
:106A2000C661A0685BB2002B016AC0F2D180CB18AE
:106A30002CBF01220022066D416CC76CF318066C56
:106A40002CBF4FF0010C4FF0000CC91802EB0C03E7
:106A50002CBF01220022711852FA83F32CBF0122AD
:106A6000002252FA83F3CA1B8F4288BF013B0262A5
:106A7000A0685BB2002B416AC0F28780CB182CBFA4
:106A800001220022466D816CF3182CBF01270027DC
:106A9000C918436C066D3A442CBF012700275918CA
:106AA0002CBF0123002357FA82F253FA82F28B1B88
:106AB0008E4288BF013A4362A06852B2002A816ABE
:106AC0005CDB8A182CBF01230023866DC16CB218D1
:106AD0002CBF012700278918826C466D3B442CBFD0
:106AE0000127002751182CBF0122002257FA83F3F7
:106AF00052FA83F38A1B82628E4288BF013BA068F0
:106B00005BB2002BC26A47DBD3182CBF01210021E6
:106B1000C66D026DF3182CBF01260026D218C36C77
:106B200031442CBF012600269A18836D56FA81F154
:106B30002CBF0126002656FA81F1D61A934288BF4F
:106B40000139C662A36849B221EAE1721A63636837
:106B50000D2B08D90D230020A26842F8230062689B
:106B600001339A42F8D800294EDB284611B0F0BD17
:106B7000002A0CBFFF230023013AE2E55342994269
:106B800034BFFF2300230A449FE75A42914234BF97
:106B9000FF2200220B4475E759428A4234BFFF218D
:106BA00000211344B4E75A42914234BFFF2200222D
:106BB0000B44EFE55A42904234BFFF2200220344C7
:106BC00047E65A42904234BFFF220022034406E6C1
:106BD0005A42914234BFFF2200220B442BE75A4213
:106BE000914234BFFF2200220B44F5E65A42914203
:106BF00034BFFF2200220B44B6E65A42904234BF13
:106C0000FF220022034470E6DDE9013203F18043F4
:106C1000013B494242F8231020462246694607F0CC
:106C20001EFD0028A1D14FF0FF332846236011B08C
:106C3000F0BD00BF4368062B6DD930B5073B93B05C
:106C400004463648072B4FF0010207AD4FF0020112
:106C500088BF0723CDE905100492019200212C2260
:106C600028460293039516F081FA029AA1689200D1
:106C70001C31284616F052FA029B059962680B44B3
:106C8000072A029308D907230021A26842F823109B
:106C9000626801339342F8D301A904AA084607F0B9
:106CA000A3FD08B113B030BD01AA2146204607F06C
:106CB0007CFC0028F6D16368073B072B88BF0723BD
:106CC0002C2200212846029316F050FA029AA1685D
:106CD00092001C31284616F021FA029B0599626841
:106CE0000B44072A029308D907230021A26842F81F
:106CF0002310626801339342F8D301A904AA08461D
:106D000007F072FD0028CDD101AA2146204607F0E8
:106D10004CFC13B030BD0020704700BF9C00002029
:106D2000F0B58DB004AB044608251846202200219A
:106D30000126CDE90165039316F018FA20460E21CD
:106D400007F0A0F80546002840F0C880A168CA698D
:106D50000B68CE6A981A9342A0EB06032CBF002260
:106D600001220B60864288BF0132A1685242486806
:106D700056B2002A40F0B5802B460F6A0E6BC21B3C
:106D8000874288BF013B901B4860A168964288BF3C
:106D9000013B5BB28868002B00F0AA805A42904207
:106DA00034BFFF22002218444F6A4E6BC31B874238
:106DB00088BF013A981B88609E4288BF013AA66846
:106DC00052B2F768002A00F0958053429F4234BFC8
:106DD000FF2300231744B26AF069BA42A0EB020114
:106DE000394494BF00220122884294BF5242C2F12A
:106DF0000102F06A411813442CBF01220022F16005
:106E000052FA83F3A6685BB2002B316974DBCB18AE
:106E10002CBF01220022F16A306A9942A0EB0107DF
:106E2000316B1F4494BF00230123B84294BF5B42DF
:106E3000C3F10103C8191A442CBF01230023306198
:106E400053FA82F2A66852B2002A716962DB8A188C
:106E50002CBF01230023316B706A9142A0EB010724
:106E6000716B174494BF00220122B84294BF524272
:106E7000C2F10102C81913442CBF01220022706123
:106E800052FA83F3A1685BB2002B8A693BDBD3180B
:106E90002CBF012000204A6B8F6A9A42A7EB0206A2
:106EA0001E4494BF00230123B74294BF5B42C3F149
:106EB00001038E61184440B2A36820EAE072DA61EF
:106EC0006368082B08D908230021A26842F8231020
:106ED000626801339A42F8D8002822DB28460DB0B8
:106EE000F0BD7342984234BFFF230023304444E78F
:106EF0001A4659E713466EE75A42914234BFFF22C1
:106F000000220B4487E75842824234BFFF20002012
:106F10001344C0E75342994234BFFF2300230A447D
:106F200099E7DDE9023203F18043013B404242F838
:106F3000230001A92246204607F091FB0028CDD16D
:106F40004FF0FF33284623600DB0F0BD2DE9F04728
:106F50008CB003AB044609251846242200210126E3
:106F6000CDE90065029316F001F92046102106F0E4
:106F700089FF0546002840F0B881A168D1E9086082
:106F80000A68D1E90B3E9219D1E90DC72CBF4FF029
:106F9000010A4FF0000A80182CBF01220022A0EB4A
:106FA0000309A9EB0E085244834294BF1346531EB3
:106FB000A8EB0C06CE4588BF013BA6EB070AC445EB
:106FC00088BF013BC1F800A0A168B74288BF013B60
:106FD000002B4868C0F28D81C3182CBF012200220B
:106FE000D1E90906C3182CBF01200020F318D1E90C
:106FF0000C6C02442CBF0120002050FA82F29E4209
:1070000088BF013A981BD1E90E76A0EB0C038445AA
:1070100088BF013AD81B9F4294BF1346531E821B60
:10702000864288BF013B4A60A0685BB2002B816842
:10703000C0F27B81CB182CBF01220022D0E90A16B6
:10704000CB18D0E90DC72CBF4FF0010E4FF0000E4A
:10705000F11802EB0E032CBF0122002252FA83F337
:10706000A1EB0C068C4588BF013BC16BF21BB742FC
:1070700088BF013B561A914288BF013B8660A168D8
:107080005BB2002BC868C0F25E81C3182CBF01221E
:107090000022D1E90B07C3182CBF01260026C01817
:1070A0002CBF01230023324438184E6BD1F83CC06A
:1070B00053FA82F22CBF01230023381853FA82F2CC
:1070C0002CBF01230023301853FA82F32CBF012276
:1070D00000220F6A52FA83F3A0EB0C06844588BFA6
:1070E000013B486AF21BB74288BF013B161A904227
:1070F00088BF013BCE60A0685BB2002B0169C0F283
:107100001B81CB182CBF01220022D0E90C17CB1811
:107110002CBF01260026C9182CBF012300233244AE
:107120007918866B53FA82F22CBF01230023791859
:1071300053FA82F2476A2CBF01230023711853FAD5
:1071400082F3866A2CBF0122002252FA83F3CA1B03
:107150008F4288BF013B911B0161964288BF013B72
:10716000A0685BB2002B4169C0F2D180CB182CBF64
:1071700001220022D0E90D17CB182CBF01260026D2
:10718000C9182CBF0123002332447918C66B53FA67
:1071900082F22CBF01230023791853FA82F2876A06
:1071A0002CBF01230023711853FA82F3C66A2CBF47
:1071B0000122002252FA83F3CA1B8F4288BF013B8F
:1071C000911B964288BF013B4161A0685BB2002BD6
:1071D0008669C0F29580F6182CBF01220022D0E902
:1071E0000E73BE192CBF4FF0010C4FF0000CBE19EE
:1071F00062442CBF4FF0010C4FF0000C9E19416B04
:107200005CFA82F22CBF4FF0010C4FF0000C9E197B
:107210002CBF012300235CFA82F2BF19D0E908C613
:1072200053FA82F22CBF01230023CF192CBF012176
:10723000002153FA82F351FA83F3A7EB0C02911B5E
:10724000BC4588BF013B964288BF013B8161A06875
:107250005BB2002BC66961DBF6182CBF012100214F
:10726000C76B026ABE192CBF01230023BE190B4451
:107270002CBF01210021BE1951FA83F328BF4FF022
:10728000010CD0E90A7138BF4FF0000C96192CBFE1
:10729000012200225CFA83F352FA83F3B74288BFDB
:1072A000013BF21BD0E90C76914288BF013B521A98
:1072B000D11B974294BF1A465A1E8B1B8E4288BF21
:1072C000013AC361A36852B222EAE27119626368AB
:1072D000092B08D909230020A16841F8230061681F
:1072E00001339942F8D8002A34DB28460CB0BDE8B7
:1072F000F0875A42904234BFFF22002203446FE6D7
:107300005A42964234BFFF2200221E4467E75A4287
:10731000914234BFFF2200220B442BE759428E4298
:1073200034BFFF2100211E449AE75A42914234BFE4
:10733000FF2200220B4481E65A42914234BFFF22D1
:1073400000220B44E1E65A42904234BFFF22002261
:1073500003449EE6DDE9013103F18043013B5242E3
:1073600041F8232020462246694607F078F9002894
:10737000BBD14FF0FF33284623600CB0BDE8F08747
:107380004368072B6DD930B5083B93B004463648A7
:10739000082B4FF0010207AD4FF0020188BF082310
:1073A000CDE905100492019200212C222846029377
:1073B000039515F0DBFE029AA16892002031284661
:1073C00015F0ACFE029B059962680B44082A0293F3
:1073D00008D908230021A26842F82310626801330B
:1073E0009342F8D301A904AA084607F0FDF908B1B1
:1073F00013B030BD01AA2146204607F0D6F8002878
:10740000F6D16368083B082B88BF08232C22002193
:107410002846029315F0AAFE029AA1689200203134
:10742000284615F07BFE029B059962680B44082AEA
:10743000029308D908230021A26842F82310626849
:1074400001339342F8D301A904AA084607F0CCF906
:107450000028CDD101AA2146204607F0A6F813B096
:1074600030BD0020704700BFA40000204368052BFA
:107470006DD930B5063B93B004463648062B4FF025
:10748000010207AD4FF0020188BF0623CDE90510C8
:107490000492019200212C2228460293039515F0B4
:1074A00065FE029AA16892001831284615F036FE52
:1074B000029B059962680B44062A029308D90623A9
:1074C0000021A26842F82310626801339342F8D386
:1074D00001A904AA084607F087F908B113B030BD26
:1074E00001AA2146204607F060F80028F6D163681B
:1074F000063B062B88BF06232C2200212846029338
:1075000015F034FE029AA16892001831284615F051
:1075100005FE029B059962680B44062A029308D96E
:1075200006230021A26842F82310626801339342C7
:10753000F8D301A904AA084607F056F90028CDD1CE
:1075400001AA2146204607F030F813B030BD0020D4
:10755000704700BF9400002070B50D460446FDF74B
:107560004FFC6B1E25700B2B3AD8DFE813F03E0062
:1075700055006D0084009B00B20039003900CB003B
:10758000DA00F5000C000125824B8349834A6366CB
:10759000C4E90455C4E90755C4E910550823E1605E
:1075A000A2617F4E7F488049804A6560E564A5629C
:1075B0006563A3602365E362A36366627C4B6065D9
:1075C0002163E263A364201D06F0D0FDA06504F1F1
:1075D0004C0006F0CBFDC4E917050025284670BD18
:1075E0002046FDF70DFC734DF8E7734B734A636655
:1075F00001250623E260C4E91055714E71487249B5
:10760000724A6560E561E564A5626563A360236213
:107610002365E362A363D0E76D4B6366082301250E
:107620006C4AA3600723E260C4E910556A4E6B48B8
:107630006B496C4A6560E561E564A5626563236238
:107640002365E362A363B8E7674B684A6366012575
:107650000823E260C4E91055654E66486649674AEA
:107660006560E561E564A5626563A36023622365E7
:10767000E362A363A1E7624B624A636601250C23C0
:10768000E260C4E91055604E60486149614A656036
:10769000E561E564A5626563A36023622365E36237
:1076A000A3638AE75C4B5D4A636601251123E260B0
:1076B000C4E910555A4E5B485B495C4A6560E56118
:1076C000E564A5626563A36023622365E362A36347
:1076D00073E7012508235649564AE160A261C4E9CF
:1076E0001055554E55485649564A65602561E56125
:1076F000E564A5626563A360636123622365E36259
:10770000A3635AE7504B514A63661021601807F093
:10771000E7F80546002800F0B7802046FDF770FB2B
:107720005CE74B4B4B494C4A636601250623E160FD
:10773000A261C4E90455C4E90755C4E91055474E90
:1077400047484849484A6560E564A5626563A360A7
:107750002365E362A36330E7444B63660723012597
:1077600043484449444AA360E362A3630823E060BA
:10777000A1616262C4E90455C4E90755C4E9105522
:107780003E483F493F4A6560E564A56265632365FD
:1077900014E700BF81730300E43105007C3105006C
:1077A00080310500C431050084310500A431050095
:1077B000AC00002080B1FFFF816403005830050059
:1077C000F82F050040300500103005002830050076
:1077D000216D03005C310500EC30050040310500EF
:1077E00008310500243105004D6F03008432050087
:1077F00004320500643205002432050044320500DD
:10780000CD66030064330500A4320500343305005F
:10781000D43205000433050015640300A4340500C8
:107820009433050060340500D83305001C3405008E
:10783000702F0500D02E0500F02E0500502F0500FA
:10784000102F0500302F050085630300C82E0500AA
:107850006D740300E02F0500902F0500942F0500A4
:10786000C82F0500982F0500B02F0500356C0300C8
:10787000D03005007030050074300500B0300500D0
:107880007830050094300500261D3046012106F0B1
:10789000FFFB054600287FF440AFFF21304606F08D
:1078A00062FD054600287FF438AF1322314630468A
:1078B00006F084FF054600287FF42FAF304606F01F
:1078C00055FC0921A06504F1280006F0E1FB0546FE
:1078D00000287FF422AF012104F1400006F0D8FB1C
:1078E000054600287FF419AF04F1340006F0B8FA19
:1078F000FE23E36572E600BF2DE9F043A9B000283E
:107900007FD00D4600297CD09046002A79D01F46B2
:10791000002B76D00646012103F1180006F02FFE59
:1079200000286ED141463046FEF764FC044618B18B
:10793000204629B0BDE8F08339463046FDF79AFD70
:1079400004460028F4D1336B002B5AD0F36B002B84
:1079500060D0307817A900F07BFB002858D1179829
:1079600002F02EF90446002852D04FF45371012042
:1079700009F07EFC0646002800F0CF80D4F8B8124B
:1079800011F01F0318BF012303EB5111284606F025
:1079900079FA002840F0CB80D4F8B81211F01F0318
:1079A00018BF012305F10C0903EB5111484606F0FD
:1079B00069FA002840F0B3806B69AA6803960293C5
:1079C0007B69CDE900322046D8E90121BB6802F08D
:1079D00037F80446304609F051FCA4B9012105F1FD
:1079E000180006F055FB04460028A1D0284606F0F2
:1079F00037FA484606F034FA4F4C99E7304609F01A
:107A00003DFC4E4C94E7204600F05CFA04468FE7BC
:107A10004B4C8DE7202342210120069309F028FCDE
:107A20000646002879D001464222404606F066FC10
:107A3000044600286DD117A84222314601F0ACFD62
:107A40000028DBD13046D8F8048009F017FC0FA8D5
:107A5000202104F0C5FC2021012009F009FC064684
:107A600000285AD038462022314606F047FC04460A
:107A700000284ED1202231460FA801F08DFD0028AC
:107A8000BCD1304609F0FAFB4FF4B071012009F087
:107A9000EFFB0446002840D04FEA880820220FABB5
:107AA00006A9029000930192434617AA07A802F084
:107AB00017F9034620461C4609F0E0FB414617A88B
:107AC00004F08EFC002C9ED1012105F1180006F077
:107AD000DFFA10BB05F10C0006F0C2F9069A059218
:107AE0000120114609F0C4FB0646B0B1059A07A96A
:107AF00001F052FD059A002880D13146284606F053
:107B000090FB044628B9012330462B6009F0B6FBF0
:107B10000EE7304609F0B2FB0AE7074C08E73046AB
:107B200009F0ACFB284606F09BF9034C00E7304611
:107B300009F0A4FB004CFBE680B2FFFF80B0FFFF22
:107B400080B1FFFF2DE9F047AAB0DDF8C89000280A
:107B500000F0BB801D46002B00F0B7801646002ABF
:107B600000F0B3808846002900F0AF80B9F1000F23
:107B700000F0AB80036B002B00F0A780C36B002BE1
:107B800000F0A880007819A900F062FA002840F0FF
:107B90007081199802F014F88246002800F069817B
:107BA00040F6FC11012009F063FB0746002800F0B5
:107BB0006281339BC0F84C33C0F85493DAF8B812A2
:107BC00011F01F0318BF012303EB5111284606F0E3
:107BD00059F9044688B12846FDF702F9304606F007
:107BE0003FF940F6FC11384604F0FAFB384609F03C
:107BF00045FB20462AB0BDE8F08728464FF0010932
:107C000040F80C9BDAF8B81211F01F0318BF4B466E
:107C100003EB511106F036F904460028DBD1C5F814
:107C20000C90DAF8B81211F01F0318BF4B4603EBA3
:107C30005111304606F026F904460028CBD1C6F88B
:107C40000090CDE9027407F5D16007F55671D8F8B8
:107C50001430D8F80820CDE90010514607F55370CC
:107C600001F0BAFF002840F00081DAF8B822B068CD
:107C700012F0070318BF012303EBD20207F5577177
:107C800001F080FCDAF8B822A86812F0070318BFE8
:107C9000012303EBD20207F28C6101F073FCDAF8E6
:107CA000B822686912F0070318BF012303EBD20260
:107CB00007F2D46101F066FC494605F1180006F0B0
:107CC000E7F9044600288CD085E77B4C20462AB093
:107CD000BDE8F0874FF0200A4223514611A8CDE9B4
:107CE00007A304F07DFB5146012009F0C1FA0746C5
:107CF000002800F0C08040465246394606F0FEFAA1
:107D0000044600287FF472AF5246394611A801F0AC
:107D100043FC002840F0C480384609F0AFFA4FF425
:107D2000B671012009F0A4FA0446002800F0A380EF
:107D3000339AC0F86021C0F8689100F5B071202333
:107D4000039011A8CDE90131009019AA09A86B444C
:107D500007A902F0C9F80746204609F08FFA002F5C
:107D60007ED1089A05920120114609F081FA074652
:107D7000002800F08F80059A19A901F00DFC059AE2
:107D800000287ED13946304606F04BFA04460028DA
:107D90005ED14FF001083846C6F8008009F06EFA4F
:107DA000089919A804F01CFB414605F1180006F0DB
:107DB0006FF90446002844D105F10C0006F050F894
:107DC000079A05924046114609F052FA07460028E4
:107DD00070D0059A09A901F0DFFB059A002864D14B
:107DE0003946284606F01DFA0446002845D1384693
:107DF000C5F8008009F042FA22462146304606F0D6
:107E000074F90446E8B900220121304606F06DF904
:107E10000446B0B902460221304606F066F904462F
:107E200078B90246FF21304606F05FF9044640B9B2
:107E30000122FE21304606F058F9044600283FF49E
:107E4000D8AE2846FCF7CCFF304606F009F8D0E65D
:107E5000384609F013FA089919A804F0C1FAF0E7B6
:107E6000384600F02FF80446C3E600F02BF804462D
:107E7000B1E6124CBDE6124CBBE6384609F0FEF9FD
:107E8000DFE7384609F0FAF908990B4C19A804F015
:107E9000A7FAD6E708990A4C19A804F0A1FAD0E786
:107EA000384609F0EBF9044CA3E6384609F0E6F948
:107EB000014CC6E7024CC4E780B0FFFF80B1FFFF72
:107EC00080B2FFFF044B984200F29D80FF3B984236
:107ED00040F2968002E000BFFF08F000A0F57000BD
:107EE0006FF400631844FE2800F28A80DFE800F097
:107EF000868484848484848684848484848484843E
:107F00008484888484848484868484888888888619
:107F100084848484848488888888888888888882FF
:107F200084828482848484848682888888888888FD
:107F300088888888888888888888888888888886C3
:107F400084848484848884828888888888888884D3
:107F500084848284848484888888888888888886C1
:107F600084848488888484888888888888888884A9
:107F7000848482808488888888888888888888849F
:107F8000848682828484888888888888888888888B
:107F90008888888888888888888888888888888861
:107FA0008888888888888888888888888888888851
:107FB0008888888888888888888888888888888841
:107FC0008888888888888888888888888888888435
:107FD000828482828484848484848484888488885B
:107FE000888888888888888888888888888686009D
:107FF0001148704711487047114870471148704741
:108000004FF0FF307047104B9842F1D008D90F4A1B
:108010000B4B0244052A34BF18464FF0FF3070471F
:10802000A0F57000A0F50C50054B062834BF18468B
:108030004FF0FF30704700BF00B2FFFF80B3FFFF7B
:1080400080B0FFFF80B1FFFF2023F000D0DC0FFFE6
:1080500001380B2807D8DFE800F00B0F13171B06B9
:108060000606061F22266FF0004311480B6070477A
:1080700001230B600020704703230B600020704732
:1080800005230B600020704706230B60002070471B
:1080900007230B6000207047002008607047022310
:1080A0000B600020704704230B600020704700BF66
:1080B00080B1FFFF10B5044628B12046F021BDE88D
:1080C000104001F065BA044804F0A6F92046F021FA
:1080D000BDE8104001F05CBAE834050010B1F021B1
:1080E00004F07EB9704700BF38B505460C4631B183
:1080F00028B121462846F02215F010F838BD044872
:1081000004F08AF921462846F02215F007F838BD18
:10811000F834050008B561B1012907D1022102F048
:108120000FF8002818BF6FF0360008BD6FF036005A
:1081300008BD012102F004F8F3E700BF08B501F023
:1081400091FF002818BF6FF0360008BD08B502F097
:1081500039F8002818BF6FF0360008BD70B5E8B1D7
:108160000E46D9B1044601F0FFFF0546B0B92368B9
:10817000012B0BD0022B01D0284670BD04F1080161
:1081800030461C2201F0FEF9284670BD04F10801BA
:108190003046202201F0F6F9284670BD6FF0360512
:1081A000EAE700BF10B50446FCF7B6FD04F17C0019
:1081B00005F050FE04F18800FCF7A0FD04F1AC00CE
:1081C000FCF79CFD04F1D00005F044FE04F1E00052
:1081D000FCF794FD04F58270FCF790FD04F59470B3
:1081E00005F038FE0023C4F8DC3010BD08B5FFF7F9
:1081F000B3F9024B002818BF184608BD80B1FFFF35
:1082000008B310B50446E030FCF7EAFD04F58270CF
:10821000FCF7E6FD04F5947005F022FE2046FCF71D
:10822000EFFD04F17C0005F01BFE04F18800FCF773
:10823000D7FD04F1AC00FCF7D3FD04F1D000BDE89C
:10824000104005F00DBE70472DE9F0431E46836DCA
:10825000D0F8DC9085B063B30D9B009300F18808E3
:108260000F4615460C9B424600F17C01044601F086
:10827000B3FE10B105B0BDE8F08333462A4602A92B
:108280002046FDF7D5F80028F4D1029AB61A154415
:10829000CDE900564A464146204603ABFCF7E6FFCF
:1082A0000028E7D1DDE9023213443B6005B0BDE8A8
:1082B000F0830148DEE700BF80B0FFFF70B50B68B8
:1082C00082B015460646D21A0DF107000C46FDF79E
:1082D00083F808B102B070BD9DF807103046FFF773
:1082E0003BF948B923682246EB1A06F1AC01304647
:1082F000FCF722FF02B070BD0048EBE780B1FFFF42
:1083000070B5037804460D461646ABB10A789A421A
:1083100021D1012E17D0F6B905F1880104F18800AA
:10832000FCF7D2FD00B170BD05F17C0104F17C00C9
:10833000BDE8704005F005BE0978FFF70DF900288B
:10834000E7D0064870BD05F1880104F1AC00BDE836
:108350007040FCF7B9BD024870BD00BF80B1FFFF9F
:1083600080B0FFFF2DE9F0431F46836DD0F8DC900D
:1083700083B0DDE90ACEDBB100F188080D46164670
:10838000CDF800E06346424600F17C01044601F06E
:1083900023FE10B103B0BDE8F0832B464A464146A8
:1083A0002046CDE90A6703B0BDE8F043FCF75EBFA5
:1083B0000048EFE780B0FFFF30B583B00D461446AC
:1083C000134600F1AC0101AA0195FCF7B5FE28B9EE
:1083D0000199034B491BA14218BF184603B030BD99
:1083E00080B0FFFF2DE9F04182B00D461646DDE971
:1083F000082188B39846836D04466BB300F1D0071B
:10840000CDE9002100F17C03394600F1AC0201F016
:10841000F1FD10B102B0BDE8F081384605F0C6FEAE
:10842000804519D3A26D12F0070318BF012303EB97
:10843000D20320462B60FCF757FC02282A683146FD
:10844000384604D002B0BDE8F04105F057BF02B095
:10845000BDE8F04105F01CBF0048DBE780B0FFFF3E
:1084600080B582B000AF78607B6800221A607B68BC
:1084700004331846FCF750FC7B680022C3F88420C4
:108480007B6888331846FCF739FC7B68AC331846A8
:10849000FCF734FC7B68D0331846FCF72FFC7B6874
:1084A000F4331846FCF72AFC7B6803F58C731846F6
:1084B000FCF724FC7B6803F59E73184605F0CAFCA4
:1084C0007B6803F5A473184605F0C4FC7B6803F5CC
:1084D000AA73184605F0BEFC00BF0837BD4680BD34
:1084E00080B582B000AF78607B68002B34D07B68A9
:1084F00000221A607B6804331846FCF781FC7B6815
:1085000088331846FCF76CFC7B68AC331846FCF7E4
:1085100067FC7B68D0331846FCF762FC7B68F43359
:108520001846FCF75DFC7B6803F58C731846FCF776
:1085300057FC7B6803F59E73184605F091FC7B6839
:1085400003F5A473184605F08BFC7B6803F5AA734A
:10855000184605F085FC00E000BF0837BD4680BD29
:1085600080B584B000AF7860084611461A460346CD
:10857000FB700B46BB7013467B706FF06D03FB60A6
:108580007B68FA7883F88020BB78184607F00EFEE7
:1085900002467B681A607B681B68002B01D1124B76
:1085A0001EE07B6804337A7811461846FEF7D4FF44
:1085B000F860FB68002B0BD17B6803F5AA73FA699E
:1085C000B969184605F02DFEF860FB68002B00E045
:1085D00000BFFB68002B02D07868FFF781FFFB68C3
:1085E00018461037BD4680BD80AFFFFF80B483B012
:1085F00000AF78607B681B68002B08D07B681B7914
:10860000002B04D07B68D3F85C31002B01D1044BE4
:1086100000E0002318460C37BD465DF8047B704728
:1086200080B0FFFF80B588B002AFF860B9607A60B3
:108630003B606FF06D037B61FB681A68BB689A4210
:1086400005D8BB68FA6812689B1A042B01DC204B22
:108650003AE0FB681B680433BA68F96809680431BA
:10866000521A114607F110020191009313463A681D
:10867000396A7868FCF768FC78617B69002B01D067
:108680007B6921E0FB681B683A69120ED2B21A704E
:10869000FB681B6801333A69120CD2B21A70FB688E
:1086A0001B6802333A69120AD2B21A70FB681B685F
:1086B00003333A69D2B21A70FB681A683B69043313
:1086C0001A44FB681A60002318461837BD4680BD5F
:1086D00000B1FFFF90B5D3B002AF07F10C042060EA
:1086E00007F108000160391D0A603A4613606FF017
:1086F0006D03C7F83C3107F158037B6507F1580358
:10870000D933C7F83831D7F8580114F072FEC7F8DA
:1087100034013B1D07F1080207F15400394609688E
:1087200000911B681268D7F83811FFF77BFFC7F874
:108730003C01D7F83C31002B40F0A8803B1D07F1ED
:10874000080207F15400D7F8501100911B68126815
:10875000D7F83811FFF766FFC7F83C01D7F83C316E
:10876000002B40F095803B1D07F1080207F15400F3
:10877000D7F8541100911B681268D7F83811FFF729
:1087800051FFC7F83C01D7F83C31002B40F0828004
:10879000D7F838317A6D9B1A032B01DC434B80E00C
:1087A0007B6D5A1C7A65D7F83421120ED2B21A703A
:1087B0007B6D5A1C7A65D7F83421120CD2B21A702C
:1087C0007B6D5A1C7A65D7F83421120AD2B21A701E
:1087D0007B6D5A1C7A65D7F83421D2B21A707B6D42
:1087E000D7F838219A4208D3D7F838317A6D9B1AD6
:1087F0001A46D7F834319A4201D22C4B51E07B6DA6
:10880000D7F83421D7F85811184614F087FC7A6D40
:10881000D7F8343113447B657B6D1A4607F1580352
:10882000D31A1A4607F1140307F1580107F10C0097
:10883000006807F093FDC7F83C01D7F83C31002BE6
:108840002AD107F10C03186807F076FE03461A4692
:1088500007F114031946D7F85C0105F0E2FCC7F8EC
:108860003C01D7F83C31002B18D107F108031B68F5
:108870004C331A46D7F85C11D7F85C0106F06FFA52
:10888000C7F83C01D7F83C31002B08E000BF06E0F8
:1088900000BF04E000BF02E000BF00E000BFD7F867
:1088A0003C31184607F5A277BD4690BD00B1FFFFE9
:1088B00080B5A2B004AFF860B9607A603B606FF039
:1088C0006D037B6707F14C031846FCF717FA07F1B5
:1088D00028031846FCF712FA07F11C03184605F0A6
:1088E000B9FA07F11003184605F0B4FAD7F8883042
:1088F0001A68D7F88C309A4201D9564BA6E0D7F8BF
:108900008C30D7F8882012689B1A07F14C01D7F8F1
:108910008820B868FCF710FC78677B6F002B79D152
:10892000D7F888301A68D7F88C309A4207D8D7F829
:1089300088301B681A46D7F88C309A4202D1454BD2
:108940007B676EE0D7F888301B68591CD7F8882001
:1089500011601B783B67D7F888301A68D7F88C30DD
:108960009A4209D8D7F88C30D7F8882012689B1A19
:108970001A463B6F9A4202D2364B7B6751E0D7F8DA
:108980008830196807F11C033A6F184605F049FC56
:1089900078677B6F002B3FD1D7F888301A683B6F20
:1089A0001A44D7F888301A6007F110030393D7F8F8
:1089B00084300293D7F88030019307F14C03009381
:1089C0003B687A68B968F868FFF784FE78677B6F60
:1089D000002B23D107F1100207F128013B68019316
:1089E00007F11C030093D7F88030B868FDF7B8FB97
:1089F00078677B6F002B13D107F14C0207F1280336
:108A000011461846FCF786FA0346002B09D0124B94
:108A10007B6706E000BF04E000BF02E000BF00E0AB
:108A200000BF07F14C031846FCF7DAF907F12803F9
:108A30001846FCF7D5F907F11C03184605F010FAA3
:108A400007F11003184605F00BFA7B6F18467837CC
:108A5000BD4680BD80B0FFFF00B2FFFF80B59AB079
:108A600004AFF860B9607A603B606FF06D037B65BE
:108A7000FB6E1A683B6F9A4201D9684BCAE007F156
:108A800030031846FCF73AF907F12403184605F0BD
:108A9000E1F907F11803184605F0DCF907F1300198
:108AA00007F12402BB6F01937B6F00930B4639687B
:108AB000B868FDF7D5FB78657B6D002B40F08D80A5
:108AC00007F118030393BB6E02937B6E019307F1CA
:108AD000300300933B687A68B968F868FFF7FAFDDD
:108AE00078657B6D002B7AD107F1180107F1180327
:108AF0003A6E184605F078FE78657B6D002B70D1D4
:108B000007F1180207F1240107F11803184605F0D0
:108B10001DFE78657B6D002B65D1BB6803F14C02AF
:108B200007F1180107F11803184606F018F97865DF
:108B30007B6D002B59D1FB6E1B683A6FF96E09688B
:108B4000521A104607F1140207F130010190009308
:108B500013467A68B868FCF789FB78657B6D002B53
:108B600045D1FB6E1A687B691A44FB6E1A6007F1E7
:108B70001803184605F01AFB03467B61FB6E1A6862
:108B80003B6F9A420BD83B6FFA6E12689B1A1A46DB
:108B90007B6901339A4202D37B69FF2B02D91F4BB9
:108BA0007B6527E0FB6E1B68591CFA6E11607A69C1
:108BB000D2B21A70FB6E19687A6907F11803184669
:108BC00005F09CFB78657B6D002B12D1FB6E1A685B
:108BD0007B691A44FB6E1A600CE000BF0AE000BF1C
:108BE00008E000BF06E000BF04E000BF02E000BFF5
:108BF00000E000BF07F130031846FCF7F1F807F179
:108C00002403184605F02CF907F11803184605F05F
:108C100027F97B6D18465837BD4680BD00B1FFFF70
:108C200080B58AB004AFF860B9607A603B606FF0DD
:108C30006D037B61BB6A1A68FB6A9A4201D9184BC3
:108C400029E0FB6ABA6A12689B1ABA6A396AB8687C
:108C5000FCF772FA78617B69002B1AD1386AFCF74D
:108C60004FF90346002B02D00E4B7B6112E0FB6AEA
:108C70000393BB6A02937B6A01933B6A00933B6850
:108C80007A68B968F868FFF713FE78617B69002B92
:108C900000E000BF7B6918461837BD4680BD00BFA5
:108CA00080B0FFFF80B3FFFF80B58EB008AFF860E3
:108CB000B9607A603B606FF06D037B61FB6A1A6894
:108CC0003B6B9A4201D9254B44E0BB6B01937B6B14
:108CD00000937B6A3A6A3968B868FDF7C1FA78612F
:108CE0007B69002B32D1FB6A1B683A6BF96A096811
:108CF000521A114607F110020191009313467A6847
:108D0000796AB868FCF7B2FA78617B69002B1FD1E9
:108D1000FB6A1A683B691A44FB6A1A60BB6B0693CC
:108D20007B6B05933B6B0493FB6A0393BB6A0293D3
:108D30007B6A01933B6A00933B687A68B968F8687C
:108D4000FFF78CFE78617B69002B02E000BF00E03A
:108D500000BF7B6918461837BD4680BD00B1FFFFD4
:108D600080B58CB004AFF860B9607A603B606FF09A
:108D70006D03FB617B6B7B617A6BBB6B1344BB61E7
:108D8000BB69039307F1140302933B6B0193BB6A26
:108D900000933B687A68B968F868FFF741FFF861AB
:108DA000FB69002B19D1BB69039307F114030293EC
:108DB0003B6B0193FB6A00933B687A68B968F8687B
:108DC000FFF72EFFF861FB69002B08D17A69BB69B8
:108DD0009A4205D0054BFB6102E000BF00E000BFF6
:108DE000FB6918462037BD4680BD00BF80B0FFFF3D
:108DF00080B590B008AFF860B9607A603B606FF002
:108E00006D03FB61FB6B7B61FA6B3B6C1344BB61D5
:108E1000FB6C0693BB6C0593BB69049307F11403C9
:108E20000393BB6B0293FB6A0193BB6A00933B689D
:108E30007A68B968F868FFF737FFF861FB69002BBB
:108E400020D1FB6C0693BB6C0593BB69049307F1BF
:108E500014030393BB6B02937B6B01933B6B0093F7
:108E60003B687A68B968F868FFF71EFFF861FB692C
:108E7000002B09D17B691A46FB6BD31A1A467B6C0F
:108E80001A6002E000BF00E000BFFB69184620370F
:108E9000BD4680BDF0B58BB006AFF860B9607A60B2
:108EA000FB681C68FB681D1DFB68D3F88460FB68C9
:108EB00003F12C0EFB68D033FA68F432F96891F8AC
:108EC0008010C1F101010A4850F82110786804901F
:108ED000B868039002910192009373463246294686
:108EE0002046FFF73DFF034618461437BD46F0BD48
:108EF00020350500F0B591B00AAF78613961FA60AC
:108F0000BB607B691E687B6903F1040E7B69D3F843
:108F100084307B607B6903F12C0C7B6903F59E73C5
:108F20007A698832796901F5A4717869AC307C6915
:108F300094F8804025460E4C54F825407D6B0995E9
:108F40003D6B0895BD680795FD6806953D690595DB
:108F50000494039002910192009363467A687146EB
:108F60003046FFF745FF034618461C37BD46F0BDA7
:108F70002035050080B58AB002AFF860B9607A602C
:108F80003B606FF06D03FB6107F11003184604F0BE
:108F900061FF07F110030121184605F079F8F86127
:108FA000FB69002B1FD107F110023B68019307F109
:108FB000100300937B68B968F868FDF7D1F8F86191
:108FC000FB69002B11D107F11002BB6A019307F175
:108FD00010030093BB68B968F868FDF7C1F8F86141
:108FE000FB69002B02E000BF00E000BF07F11003A7
:108FF000184604F035FFFB6918462037BD4680BD92
:10900000F0B5B5B004AFF860B9607A606FF06D0389
:10901000C7F8BC30BB68C7F8B430BA687B68134483
:10902000C7F8B83007F138031846FBF775FE07F1AB
:1090300014031846FBF762FEFB68181DFB6803F17A
:109040008802FB6803F1AC04FB68D03307F114011C
:1090500000932346FFF78EFFC7F8BC00D7F8BC305B
:10906000002B4DD1FB6893F88030002B17D107F10E
:10907000B40107F138037A681846FCF783F9C7F89A
:10908000BC00D7F8BC30002B3CD197F83820FB68E7
:109090001B799A4203D0254BC7F8BC3035E0FB68FA
:1090A0001868FB681C1DFB68D3F88450FB6803F547
:1090B0008C73FA6892F88020C2F101021C4951F8C1
:1090C000222007F11406D7F8B810039107F1B40174
:1090D00002910192009333462A462146FFF7A0FDF4
:1090E000C7F8BC00D7F8BC30002B0DD1D7F8B4209E
:1090F000D7F8B8309A4208D00E4BC7F8BC3004E01D
:1091000000BF02E000BF00E000BF07F138031846CF
:10911000FBF776FE07F114031846FBF761FED7F85C
:10912000BC301846C437BD46F0BD00BF80B1FFFF5C
:109130002035050080B0FFFF80B588B000AFF86033
:10914000B9607A603B606FF06D03FB6107F110035B
:10915000184604F07FFE07F110003B6BFA6A1021FD
:1091600005F0AAFEF861FB69002B32D107F110016E
:1091700007F11003BA6A184605F036FBF861FB697F
:10918000002B28D107F1100107F110033A681846A7
:1091900005F0BBFAF861FB69002B1ED107F1100343
:1091A0001A467968F86805F01FFBF861FB69002B27
:1091B00015D1FB681B68BA6802FB03F2FB681A60F2
:1091C000BA6AF968F86805F0CAFDF861FB69002B16
:1091D00006E000BF04E000BF02E000BF00E000BF07
:1091E00007F11003184604F03BFEFB6918462037D0
:1091F000BD4680BDB0B5A6B008AFF860B9607A6072
:109200003B606FF06D037B67BB68BB61BA687B68CE
:1092100013443B6707F14C031846FBF76FFD07F15A
:1092200028031846FBF76AFD07F11C03184604F0F3
:1092300011FEFB68181DFB6803F1D002FB6803F107
:10924000F404FB68883307F14C0100932346FFF7D1
:1092500091FE78677B6F002B40F0A380FB6803F5DD
:10926000A471FB6803F5AA74FB68503307F11C0076
:10927000D7F88C200292D7F88820019200932346D9
:109280000A460121FFF758FF78677B6F002B40F0FB
:109290008A80FB68181D07F14C0407F11C0207F1D6
:1092A0002801D7F88C300193D7F8883000932346F3
:1092B000FCF7E8FE78677B6F002B76D1FB6893F8AC
:1092C0008030012B18D1BB693A6F9A4202D2444BCD
:1092D0007B6771E0FB68181DBA693B6FB9695B1A5F
:1092E00007F11401FCF7A4F878677B6F002B5ED1BF
:1092F000BA697B691344BB61BB693A6F9A4202D277
:10930000374B7B6758E0FB68181DFB68D3F8844037
:10931000BB693A6FB969521A154607F1140207F191
:1093200028010195009313462246FBF79FFF7867BB
:109330007B6F002B3DD1BA697B691344BB61FB682D
:109340001868FB68191DFB68D3F88440FB6893F824
:1093500080301A46234B53F8223007F14C05D7F8DA
:109360008C200692D7F8882005923A6F049207F174
:1093700018020392029307F12803019307F11C03DB
:1093800000932B462246FFF769FB78677B6F002B23
:1093900011D1BB691A46BB68D31A1A463B681A60DA
:1093A0000AE000BF08E000BF06E000BF04E000BF25
:1093B00002E000BF00E000BF07F14C031846FBF7D6
:1093C0000FFD07F128031846FBF70AFD07F11C0300
:1093D000184604F045FD7B6F18467837BD46B0BD92
:1093E00000B1FFFF2035050090B5A3B004AFF860D1
:1093F000B9607A603B606FF06D037B67FB681B6848
:10940000184607F099F803461A463B681A603B680D
:109410001A687B689A4201D94D4B95E007F14C03DD
:109420001846FBF76BFC07F14003184604F012FDE9
:1094300007F13403184604F00DFD07F13403012150
:10944000184604F025FE78677B6F002B63D1FB681C
:1094500003F5A471FB6803F5AA74FB68503307F1A8
:109460004000D7F88C200292D7F888200192009310
:1094700023460A464FF0FF31FFF75EFE78677B6FA9
:10948000002B4AD1FB68181DFB6803F58C74FB6840
:10949000F43307F1340207F14C01019307F1400363
:1094A00000932346FCF75CFE78677B6F002B36D178
:1094B000FB68181DFB6803F5A47207F14C0407F163
:1094C0004C01D7F88C300193D7F8883000932346AD
:1094D000FCF7D8FD78677B6F002B22D1FB68DB6D32
:1094E0000733DB083B6707F1140107F14C033A6FC0
:1094F000184604F003FF78677B6F002B13D1FB68DD
:10950000186807F11401BB683A6F06F027FF786707
:109510007B6F002B08E000BF06E000BF04E000BF47
:1095200002E000BF00E000BF07F14C031846FBF764
:1095300057FC07F14003184604F092FC07F134038E
:10954000184604F08DFC7B6F18467C37BD4690BDF5
:1095500000B1FFFFA2B1013A30B401398518421EB3
:10956000002012F8013F11F8014F954283EA0403ED
:1095700040EA0300F5D1B0FA80F0400930BC7047F2
:109580000120704713F0D8BD13F0D6BD13F0EEBD27
:109590000A46002113F0EABD88420FD98B18984281
:1095A00024D388421FD33AB10A44013812F8013D4E
:1095B00000F8013F8A42F9D10020704713D3F2D15D
:1095C00010B454080BD0013C04440244013810F894
:1095D000013F12F8011D0170A0421370F7D1002065
:1095E0005DF8044B704783189942DCD800487047F7
:1095F000060DF00010B44C08CB0742BF50F82430E1
:109600001BBA40F8243074B1031F03EB840400EB51
:10961000810053F8042F50F8041D12BA09BAA3426E
:1096200019600260F5D15DF8044B70472DE9F047F1
:10963000DAB38046C8B31C46013B073331D811F07A
:1096400003060F462DD18C422BD814F0030318BF0C
:10965000012303EB9405B1EB850F4FEA850904F074
:10966000030326D390420DD163B9A7EB090108EBA0
:109670000900FFF78DFF29464046FFF7BBFF304644
:10968000BDE8F087A9EB040A114608EB0A00224660
:10969000FFF77AFF4C45E8D251464046FFF778FF86
:1096A000E3E7054E3046BDE8F087044E3046BDE89E
:1096B000F087034EE3E700BF050DF000040DF00056
:1096C000090DF000F8B59AB3064688B31C467BB185
:1096D0008B420DD8DF1C824215464FEA97070AD10C
:1096E00013F0030404D13946FFF784FF2046F8BD88
:1096F000124C2046F8BD39461046FFF77BFFB542B5
:1097000002D22B199E4216D3B54202D933199D427B
:1097100011D3614201F00301224629443046FFF78C
:1097200031FF002428463946FFF764FF2046F8BD84
:10973000034C2046F8BD034CDBE700BF050DF000ED
:10974000040DF000060DF00088420CD0134630B432
:1097500003336FF0404505EB9303002540F8235099
:1097600030BCFFF70FBF7047814202D09200FFF775
:1097700009BF70472DE9F04F91B0604CDDF868B03B
:109780005F4F94F80EA0E67B94F810800D460446D7
:1097900099463B680693069BDB07FAD5594B5A4816
:1097A000574918600B680793079BDF07FAD5554B9D
:1097B0005648534918600B680893089BD807FAD598
:1097C000504B53484E4918600B680993099BDB07BF
:1097D000FAD54FEA8A104B4B4E4F49491F6040EA79
:1097E0000B3040F0245040F400100B680A930A9BA1
:1097F000DF07FAD5A701434B4149186047EA89477B
:1098000047F0924747F400370B680B930B9BDB073D
:10981000FAD5A8013B4B3A491F6040EA8B4040F023
:10982000924040F400300B680C930C9BDF07FAD594
:10983000344B33491860B70147EA864747F0824006
:1098400040F400300B680D930D9BDB07FAD52D4BD0
:109850002B49186047F0924747F404370B680E9382
:109860000E9BD807FAD527492B4B0F6043EA881087
:1098700030310B680F930F9BDB07FAD5214B186033
:1098800092F801C0571CBCF1000F1BD12DE0CDE9AF
:109890000168009501F0DCFB3B782B2BCDE90269D8
:1098A000CDE9004543463246294620460CBFCDF857
:1098B00010B0CDF810A001F0DFFC17F801CFBCF11B
:1098C000000F12D0BCF1300F234632462946204605
:1098D000DDD1CDE90268CDE90045434601F060FAEB
:1098E00017F801CFBCF1000FECD133462A462146D0
:1098F000002011B0BDE8F04F01F014BEA436050001
:10990000B0B0025080B0025000020021008220213D
:10991000408220218082242100002E49002B00F06B
:109920008B802DE9F04F1D460B681446AA1C9A4205
:1099300083B00F4662D86B1E5A0903F01F0354F818
:10994000222022FA03F3012B58D1002315F01F0225
:109950000B6018BF012201686E1C02EB55128B557B
:1099600044F8223080460E4405F01F094FEA551A8C
:109970003B6801333B60D8F80030013E9E423DD346
:109980002368D9073ED59B0744D502F1804B0BF1E4
:10999000FF3B4FF02D03337054F82B300092012120
:1099A0002046019300F07EFC009A04EB8B0198B3F3
:1099B00001234B606AB12068234604EB820C410806
:1099C000196053F8040F41EAC0719C4543F8041C28
:1099D000F5D102F18041B9F1000F0CBF52460AF1F6
:1099E000010254F821305B0844F82130002DBFD12A
:1099F0002846C8F8006003B0BDE8F08F0F4803B0F8
:109A0000BDE8F08F3023013D337005F01F094FEAA8
:109A1000551ACFE72B23F6E754F82B10019809F1DC
:109A2000FF33D94020FA03FB5945C3D8013D05F067
:109A30001F094FEA551ABDE7004870473421F0006E
:109A40002DE9F04F0E468BB0044611463046029287
:109A50009946DDF85CA000F0FDFCD4F8BC22029928
:109A600012F01F0318BF0123074603EB52133046C1
:109A700004F1D80200F070FC002F54D0012852D01D
:109A8000D4E9AEB11BF01F0818BF4FF0010811F068
:109A90001F0518BF012505EB51152023132D08EBD9
:109AA0005B1809933AD8B8F1120F37D8DFF80CC118
:109AB0000AEB850000234AF8253040F8043C9CF965
:109AC00012300393AA009CF914300292314650469A
:109AD0009CF91360049605939CF91560FFF752FDFD
:109AE000029A0023043201350AEB020019466A018A
:109AF000CDE90720FFF74AFD3B46524607A908A8D3
:109B0000FFF70CFF074698B105EBC505A9005046C5
:109B1000FFF73EFD38460BB0BDE8F08F254F3846C5
:109B20000BB0BDE8F08F244F38460BB0BDE8F08F86
:109B3000584609A900F08CFF07460028EAD14346A1
:109B40002246012101F0C0F801219DF80CB0084621
:109B500004F5DC72052301F0B7F8434604F148022E
:109B600001219DF810400B2001F0AEF84A465846FE
:109B70009DF814904346012101F0A6F8F6B2149A1C
:109B800020464346012101F09FF85B46089A009465
:109B900031464846FFF7EEFD15984A46414601F02A
:109BA00067F816983246414601F062F8099801F0CC
:109BB00035F8A9E73108F1003008F100A4360500B6
:109BC000072804D8034B53F8203003B1184700206E
:109BD000704700BF283505002DE9F04F83B0DDE95F
:109BE0000C8ADDF83890002862D00C46002964D039
:109BF0001646002A57D01F46002B54D0B8F1000F4C
:109C00005DD0BAF1000F5CD0B9F1000F49D08346A6
:109C10004FF44C714046FFF7BBFC4FF45D7150466A
:109C2000FFF7B6FCD4F8BC521F356D09AA00013D00
:109C300004F1D80108EB85054846FFF7A3FC002393
:109C40006B60D4F8BC12584608F104034A4602F08F
:109C5000E5FA0546C8B140464FF44C71FFF798FC51
:109C600050464FF45D71FFF793FC0F9B23B140F614
:109C700084011846FFF78CFC48464FF45371FFF7F8
:109C800087FC284603B0BDE8F08FCDE900A93A462D
:109C900031462046434601F0D7FE05460028E4D071
:109CA000D9E7094DEDE7094D284603B0BDE8F08F2F
:109CB000074D284603B0BDE8F08F064DE1E7064D9D
:109CC000DFE7064DDDE700BF0508F0009608F0006D
:109CD0000608F0000208F0000308F0000408F00095
:109CE0002DE9F04F85B0109FF8B10C46E9B116464A
:109CF000DAB19B460E9BC3B1BFB1054602F080F9B5
:109D00002268436AB2EB830F80464FEA830907D388
:109D10000F9B4B4504D1D0F88C30BBEB830F09D09F
:109D2000334B184605B0BDE8F08F324B184605B0EE
:109D3000BDE8F08FABF104035A4607F1400A314603
:109D400038460093FFF700FD0E994A465046FFF74C
:109D5000FBFC009A3968BB58CDE9011323F040435E
:109D600043F08043BB503B6807F1200B23F007030F
:109D70003B60524658464346394601F0D3FE0390B5
:109D8000002832D1009A0198029B3860BB50594696
:109D9000D8F824202846FFF7E7FC039BC4F800907E
:109DA000BE4205D0494638460093FFF7F1FB009BC1
:109DB0005D4505D0584649460093FFF7E9FB009BF7
:109DC0000E9A524505D0494650460093FFF7E0FBF6
:109DD000009B009307F160004FF48071FFF7D8FB00
:109DE000009B184605B0BDE8F08F034BD8E700BFD5
:109DF0003123F0003023F0003423F0002DE9F04F40
:109E000085B00E9F002854D00C46002951D016462C
:109E1000002A4ED0002F4CD09A46054602F0F0F8AA
:109E20002268416AD0F88C30B2EB810F80464FEA4D
:109E300081094FEA830337D39A4535D1AAF1040B40
:109E4000524631463846FFF77FFC57F80B303A68E8
:109E5000CDE9012323F0404343F0804347F80B3022
:109E60003B6807F1200A23F007033B605046434656
:109E700008F12802394601F055FE0390F0B1174B66
:109E8000BE4205D0384649460193FFF781FB019B4E
:109E900055450AD0504649460193FFF779FB019B8F
:109EA000184605B0BDE8F08F0D4B184605B0BDE86B
:109EB000F08F0C4B184605B0BDE8F08F0199029B5E
:109EC000396047F80B305146D8F824202846FFF770
:109ED0004BFC039BC4F80090D2E700BF3423F00092
:109EE0003123F0003023F0002DE9F04784B00D9FBE
:109EF000202F04D0354F384604B0BDE8F087144613
:109F0000002A43D01D46002B40D0804600283DD07B
:109F10000E4600293AD00E9B002B37D00F9B002B0A
:109F200034D002F06DF82A68D0F88C30B2EB830F91
:109F30004FEA830ADED333689A45DBD80E9B9B68D1
:109F4000002B40D00E9A476A106821465246984727
:109F50004FEA87090746F0B90C9BC6F8009043B357
:109F60000F9A029220230C9A009201933146534695
:109F700022464046FFF7B4FE074667B90F98C5F87A
:109F800000A04FF4B071FFF703FBB4E7104F384661
:109F900004B0BDE8F0870F984FF4B071FFF7F8FAFE
:109FA00049464046FFF7F4FA51462046FFF7F0FADB
:109FB000A1E70F9B00933146534622464046FFF7E8
:109FC0001DFF0746D9E7034F95E700BF3123F00097
:109FD0003023F000140CF00030B583B01546069C19
:109FE00000930A462B4600F128010194FDF7AAFDD3
:109FF00003B030BD2DE9F0418CB00F46064603A8F2
:10A0000015469846FAF77AFE47B33DB336B3B8F132
:10A01000000F23D029463046FBF72CFA044630B116
:10A0200003A8FAF7DDFE20460CB0BDE8F081139BD3
:10A030000193129B009342462B46304603A9FDF73D
:10A040005BFC04460028EBD103A8FAF759FF28B9B6
:10A05000384603A903F075FF0446E1E7004CDFE74B
:10A0600080B0FFFF002866D0F0B50F46A5B071B3F1
:10A07000D0E917355C1BB4FBF3F203FB1244064630
:10A0800044BB4024AB4209D0B4FBF3F503FB05F518
:10A0900085BB002C43D1002025B0F0BD802B28BF0C
:10A0A00080231A4606F1640104A8FFF76BFA002327
:10A0B000CDE9003304A8F16D02AA00F0E5F930B94A
:10A0C000F26D02A9304600F03BFA002835D001209D
:10A0D00025B0F0BD402C28BF4024643022462844DF
:10A0E000FFF750FAD6E91735254427443566C4F101
:10A0F0004004C7E70023CDE9003302AA29463846C9
:10A1000000F0C2F90028E2D102A92A46304600F048
:10A1100017FA0028DBD1641B2F44002CBBD0306E13
:10A1200019302246394606EB8000FFF72BFA326ED3
:10A1300022443266AFE701207047F36D3066A3E733
:10A1400078B138B504460D46F021FFF721FA4023D7
:10A150002560E365204600F0C9F9003818BF0120EA
:10A1600038BD0120704700BF70B5056EA4B004462D
:10A1700004AEE5B90122002362603046CDE9003328
:10A1800002AA294600F080F910B1012024B070BD68
:10A190002A4602A9204600F0D3F90028F5D120462E
:10A1A00000F0FCFA0028F0D1206624B070BD802DAC
:10A1B0002A46304628BF802204F16401FFF7E2F905
:10A1C000256ED7E7002854D0F0B51446A5B0B2B13B
:10A1D0000E4651B30546D0E917301A1AB2FBF3F711
:10A1E00003FB1727A74228BF2746002F43D18342EE
:10A1F00008D0B4FBF3F703FB07F7CFB96CBB002023
:10A2000025B0F0BD802B28BF80231A4605F16401DC
:10A2100004A8FFF7B7F90023CDE9003304A8E96DDE
:10A2200002AA00F031F9002832D0012025B0F0BD9B
:10A230000023CDE9003302AA3946304600F024F964
:10A240000028F2D102A93A46284600F079F9002800
:10A25000EBD1E41B3E44002CD1D0286E19302246AD
:10A26000314605EB8000FFF78DF92A6E22442A66FD
:10A27000C5E70120704705F1640318443A46FFF72B
:10A2800081F9D5E9173038443E44E41B2866AEE72F
:10A29000EA6D02A9284600F053F90028C5D1EB6DFC
:10A2A0002866A6E70B466AB1011F01EB8202184639
:10A2B00051F8043F1B182CBF0120002091420B6075
:10A2C000F6D1704708467047F0B4441831B114F81D
:10A2D000015D4E1E15B931460029F8D1D41833B1AD
:10A2E00014F8015D5E1E45B93346002BF8D10D1EF2
:10A2F00018BF01252846F0BC70478B4222D325D8D1
:10A300004C1EA64228BF2646002E23DB0136941998
:10A310000025821904E0012D38BF012590420BD0A1
:10A3200012F8016D14F8017DB742F4D3F6D9002D6F
:10A3300008BF02259042F3D18B4218BF0025284662
:10A34000F0BC704701252846F0BC7047022528461E
:10A35000F0BC70470025EFE7F0B469B100EB810471
:10A3600001E0013908D054F8045D002DF9D03BB963
:10A3700001242046F0BC70471C46002BF9D0002178
:10A3800002EB830401E0013B2BD054F8045D002D67
:10A39000F9D09942ECD82AD34C1E5D1EAC4228BF9E
:10A3A0002C46002C27DB013402EB840500EB8402F1
:10A3B000002404E0012C38BF012490420BD052F855
:10A3C000047D55F8046DB742F4D8F6D2002C08BFCE
:10A3D00002249042F3D1994218BF00242046F0BCD9
:10A3E00070470C1E18BF01242046F0BC70470224A1
:10A3F0002046F0BC70470024EDE700BF4218084635
:10A4000030B112F8013D411E1BB908460028F8D1B1
:10A4100070471A064FEAC00018D4590600F1FF32FF
:10A4200015D49906A0F1020211D4D906A0F10302B5
:10A430000DD41907A0F1040209D45907A0F10502AF
:10A4400005D49B07A0F1060201D4073870471046D7
:10A45000704700BFA1B100EB810001E001390FD0CE
:10A4600050F8043D002BF9D04801A0F1200202E091
:10A470000138904206D0002B4FEA4303F8DA7047C8
:10A4800008467047704700BF2DE9F04182B015467D
:10A490001E4600240DF107030122DDF824808DF80B
:10A4A0000740074601F0EEFED0B99DF807302F6057
:10A4B00004462B71B8F1000F0ED04EB10246089938
:10A4C0000DF10703304601F0DDFE48B99DF8073075
:10A4D000C8F8006088F80430204602B0BDE8F0817A
:10A4E0004FF47504204602B0BDE8F081E8B110B524
:10A4F0000468012C04D0022C10D044B10C4810BDCB
:10A500000C4920220830FFF73DF8002010BD0A4911
:10A5100014220830FFF736F8204610BD07492022E4
:10A520000830FFF72FF8002010BD4FF4730070477C
:10A530000100F3008436050050360500643605003E
:10A540002DE9F041002900F0EF800446002800F0DA
:10A55000EF80036817460E46002B00F0B980013BE0
:10A56000012B00F2CD8074484FF0FF314FF002080C
:10A5700001F08CFE002840F0B580002001F098FE2C
:10A580000546002840F0B8806C4A1368002BFCD1C7
:10A590006B480368002BFCD14FF0FF3001F0CAFE7E
:10A5A000684B186820F0400001F0D2FE6648674A08
:10A5B000674901230360072010600B60A2F59A72BF
:10A5C000A36C1360634BE16C5160C3F80080236897
:10A5D0005BB1013B012B17D85F4B626A1A60226A9C
:10A5E00043F8042CE26943F8082C5C4BA2691A601A
:10A5F000626943F8042C226943F8082CE26843F8A6
:10A600000C2CA26843F8102C554A1368002BFCD17F
:10A61000002F59D06368012B04BF524A1360524A7D
:10A62000524B3168116040201F6001F097FE0546D3
:10A630004B4A1368002BFCD1414A1368002BFCD114
:10A6400023685BB1013B012B17D8434A484B126882
:10A6500062621A682262043B1B68E3613F4A454B11
:10A660001268A2611A68626153F8042C226153F8DF
:10A67000082CE2600C3B1B68A3603F4B3F4A1B6801
:10A68000A3641268324BE26436483D4901221A60E5
:10A690000023334A03600B601368002BFCD12A4A65
:10A6A0001360002D3AD1274B186840F0400001F0AC
:10A6B0004FFE012001F0FCFD60BB1F4801F0EEFDE4
:10A6C00010BB2846BDE8F0812D4B04221A60AFE78D
:10A6D00019484FF0FF314FF0010801F0D7FD002875
:10A6E0003FF44BAF274801F097FE002001F0E0FD5A
:10A6F000054600283FF448AF234801F08DFE43E7AC
:10A70000224D2846BDE8F081214801F085FE28460B
:10A71000BDE8F0811F4801F07FFECEE704F108009C
:10A720001021FEF735FFBEE71B4D2846BDE8F0813E
:10A730004FF47305C5E700BFB80000201CB90250F4
:10A7400020BC025004BA025018B8025000B902509E
:10A75000C4B70250C0B702505CB6025050B60250A7
:10A7600010B9025084B6025028BC02502CBC0250D2
:10A7700058B602504CB60250CCB70250D0B7025077
:10A78000C8B70250E0350500F83505000100F300B8
:10A7900038360500183605000300F30000283BD0CA
:10A7A000F0B482B0436A0193836893FA83FC019BFF
:10A7B000D0E90712D0E90376D0E905541BBA436209
:10A7C000436C019309BA836AC16112BA02623FBA4B
:10A7D000D0E90F1236BA2DBA24BAC0E902C7C0E9CF
:10A7E0000465C76A066B456B846193FA83FC846BCE
:10A7F000019B3FBA36BA2DBA24BA09BA12BA1BBAAB
:10A80000C0E90AC7C0E90C65C0E90E41C0E91023E0
:10A81000002002B0F0BC70474FF47300704700BFD7
:10A8200030B4234A84B013680093009BDC07FAD548
:10A8300000F1A05303F52C439B001D4A18681368D0
:10A840000193019BD907FAD51A4B1B68002B1A46B6
:10A85000B8BF03F11F0213F01F0318BF012303EB5E
:10A860006213591E0FD4124A134D144C13680393EC
:10A87000039BDB07FAD50B182B6023680293029B1E
:10A880002BB90139F2D2580104B030BC7047013104
:10A890004801A0F120014FF0004202E0013881425E
:10A8A000F2D013424FEA5202F8D004B030BC7047E5
:10A8B000B4B00250ACB00250E4B00250DCB0025070
:10A8C000F0B41C6884B001F01F0644B91F2E06D0F6
:10A8D00010684300C00F136004B0F0BC7047134D04
:10A8E0002C680194019CE407FAD500F1A05000F512
:10A8F0002C4080000D4C0568206803900398C00729
:10A90000FAD50B4F0B4C05EB61153D6020680290AA
:10A910001F2E029808D0C94301F01F0100FA01F16F
:10A92000116000211960D3E71060FAE7B4B002505B
:10A93000E4B00250DCB002501F2869D98F28F8B566
:10A94000064658D910F01F0018BF012000EB561022
:10A95000C0F35905013500F001031D4411B18D42CA
:10A9600058D80D46EB004FF48054B4FBF3F4202C80
:10A9700028BF202402B11460274B186840F40070EF
:10A9800001F0E6FC254B264A012000211860023C1C
:10A990000B4605FA00F040F6FC77A34203F10103F1
:10A9A000B6BF1160176009181E2B02F10402F4D122
:10A9B00016F03F031B4A1C4C116018BF012303EB28
:10A9C00096130144DFF884C0184821605A1C184BC4
:10A9D0001849016092011E60174FCCF80020174EF5
:10A9E0001749184AAD013D603560C561A5620D602B
:10A9F00015600020F8BD00F1470505F01F03002B8E
:10AA000014BF0120002000EB5510A1D001309FE7BA
:10AA10000D4870470C48F8BD04BA02501CB80250EB
:10AA200000B0025078B002507CB0025084B00250A6
:10AA300090B0025020F80F0098B002509CB0025025
:10AA4000A8B00250ACB002502221F00094B00250E5
:10AA500070B505460E461C484FF0FF3101F016FC5C
:10AA600028BB002001F024FC40B9324628460021D2
:10AA7000FFF762FF044660B9204670BD134801F03D
:10AA8000CBFC324628460021FFF756FF044600283B
:10AA9000F2D0012001F00CFC88B90B4801F0FEFB5C
:10AAA0000028E9D00A4801F0B7FC204670BD0446F2
:10AAB000084801F0B1FC012CD3D1074CEDE7074861
:10AAC00001F0AAFCE9E700BFB0000020F83505005E
:10AAD00038360500E03505003A21F000183605004B
:10AAE0002DE9F043474C89B023680193019BDD07B2
:10AAF000FAD5454B13449B001B6813F01F0518BF84
:10AB00000125002905EB531576DD00F1A05707F567
:10AB10002C4705F1010E4FF0000C3A4ADFF8F480A3
:10AB20003A4CBF002EF00106604613680293029B68
:10AB3000DB07FAD5D7F8009013680393039BDB0774
:10AB4000FAD5C8F80090002355B101339D4220602A
:10AB5000FBD1AE4204D92B4601339E422060FBD18B
:10AB60000CF1010C614507F10407DED1254A136899
:10AB70000493049BDC07FAD5254B224A1968136815
:10AB80000593059BD807FAD5224B19607DB10023A8
:10AB90001E491A4601339D420A60FBD1B54206D2D6
:10ABA0001A492B4600220133B3420A60FBD1154AF1
:10ABB00013680693069BD907FAD5174B114A1968F3
:10ABC00013680793079BDB07FAD5124B196035B161
:10ABD00000230E491A4601339D420A60FBD1AE4262
:10ABE00007D90A4A002301E00EF1010EB6451360B1
:10ABF000FAD109B0BDE8F08305F1010E2EF001068F
:10AC0000B4E700BFB4B0025024AC0014D8B0025076
:10AC10007CB00250D4B0025078B0025008B558B998
:10AC20000F4B00221A60012001F042FB98B90D4839
:10AC300001F034FB50B908BD1E2801464FF0070251
:10AC400028BF1E210020FFF74BFFE9E7BDE80840C1
:10AC5000054801F0E1BB054801F0DEFBE7E700BF76
:10AC60001CB80250B0000020383605001836050028
:10AC700010B4124C85B023680193019BDB07FAD511
:10AC800002F1A05202F52C4293000C4A1C68136892
:10AC90000393039BDB07FAD5094B1C6051B10438C1
:10ACA000084A00EB810113680293029B40F8043FBD
:10ACB0008842F8D105B05DF8044B7047B4B002503B
:10ACC000E4B00250DCB0025070B4314D85B02C6855
:10ACD0000094009CE407FAD500F1A05000F52C4048
:10ACE00080002B4D0468286801900198C007FAD5B0
:10ACF00028480460002B48D0043A274E02EB830515
:10AD000052F8040F3060AA42FAD15A1C22F0010016
:10AD1000834205D2204E0025013383423560FBD1AA
:10AD20001B4822F0010503680293029BDA07FAD55B
:10AD30001A4B0B449B001B6813F01F0218BF012223
:10AD400002EB5312AA421DD911490B680393039BCE
:10AD5000DB07FAD50F4B2C44521B1C6012D000238A
:10AD60000D481946013393420160FBD15A1C22F071
:10AD70000101994206D90848002300E001328A42C5
:10AD80000360FBD105B070BC70470122C8E700BF6B
:10AD9000B4B00250D4B00250D8B0025024AC001469
:10ADA0002DE9F04198B0DDE91E744FEA043C4CEA0D
:10ADB000844C4CF00458219D984E48F440783468F7
:10ADC0000194019CE407FAD5209C920142EA0436E2
:10ADD000934A924CC2F8008046F0104646F4401662
:10ADE00022680292029AD207FAD58D4ADFF82CE245
:10ADF00016604CEA811C4CF0104C8C01DEF80020EF
:10AE00000392039AD607F9D54FEA073E844A834E48
:10AE1000C2F800C04EEA874E4EF0045747F4407720
:10AE200032680492049AD207FAD57D4A7B4E1760A5
:10AE300032680592059AD707FAD5794E794ADFF834
:10AE400004C2764FC6F800C042EA814C8E043A68CC
:10AE50000692069AD207FAD5714A704FC2F800C01E
:10AE60004EF0104E4EF4807E3A680792079AD20751
:10AE7000FAD56B4F6C4ADFF8A4C1C7F800E042EA8C
:10AE800080188701DCF800200892089AD207F9D5CB
:10AE9000DFF88CC1654ADFF884E1CCF8008042EA33
:10AEA00000384FEA003CDEF800200992099AD207E8
:10AEB000F9D5DFF86CE15E4ACEF800800EF1300E75
:10AEC00042EA8548DEF800200A920A9AD207F9D5AC
:10AED000534ADFF848E1C2F80080DEF800200B9208
:10AEE0000B9AD207F9D54E4ADFF85CE1DFF85C81B6
:10AEF000C2F800E0DFF824E147EA0808DEF80020A5
:10AF00000C920C9AD207F9D547EA0C0C444A434FED
:10AF1000C2F800804CF0045C4CF4401C3A680D927E
:10AF20000D9AD207FAD53E4F424AC7F800C042EA0E
:10AF3000804030373A680E920E9AD207FAD5384AD6
:10AF4000364F10603A680F920F9AD007FAD5344AFC
:10AF50003948324F106046EA013644EA060E4EF098
:10AF6000045C08033A681092109AD207FAD52C4A6A
:10AF70002A4FC2F800C04EF0104E3A681192119A52
:10AF8000D207FAD5264A254FC2F800E03A68129255
:10AF9000129AD207FAD5224A204FC2F800C046F0D2
:10AFA000045646F440763A681392139AD207FAD5BB
:10AFB0001B4F224A3E60194E42EA05353268149210
:10AFC000149AD707FAD5164A144E1560204340F05C
:10AFD000245040F4101032681592159AD507FAD50E
:10AFE0000F4A0E4D10600C4344F0484444F4A21440
:10AFF0002A681692169AD207FAD509481049074AC4
:10B00000046041EA831113681793179BDB07FAD595
:10B01000034B196018B0BDE8F08100BFB0B002501A
:10B0200080B0025000C300900040102100011021A8
:10B030000041002100C3002140C1282900033090B5
:10B040000000324900C3302100C320290C4010C841
:10B05000F0B595B07D4C1A9E370347EA864747F016
:10B06000045545F0800526680096009EF607FAD53F
:10B070001B9C764E920142EA0434754A44F0104417
:10B08000156044F4002432680192019AD507FAD57C
:10B090006F4A6E4E146047EA811747F010478A01E5
:10B0A00034680294029CE407FAD54FEA033C4CEA68
:10B0B000834C674B654C1F604CF0045646F080068D
:10B0C00023680393039BDF07FAD5614B5F4C1E6037
:10B0D00023680493049BDD07FAD55D4B5D4F5E4CFE
:10B0E0005A4E1C6047EA81478C0433680593059BE0
:10B0F000DB07FAD5564B554E1F604CF0104C4CF404
:10B10000807C33680693069BDD07FAD5504E534D7D
:10B110004E4FC6F800C045EA801586013B6807938C
:10B12000079BDB07FAD54A4F4D4BDFF820C13D6046
:10B1300043EA003E0703DCF800300893089BDD0774
:10B14000F9D5434DDFF828C1C5F800E01C9B303528
:10B150004CEA834E2B680993099BDB07FAD53C4BDD
:10B160003A4DC3F800E02B680A930A9BDB07FAD537
:10B17000374B3C4DDFF8FCC01D60344D46EA0C0CEB
:10B180002B680B930B9BDB07FAD5314B2F4DC3F884
:10B1900000C03E4346F0045646F400262B680C934C
:10B1A0000C9BDF07FAD52A4D2F4B2E6043EA8040D7
:10B1B00030352B680D930D9BDE07FAD5244B234DBC
:10B1C00018602B680E930E9BDB07FAD5204B274D9A
:10B1D0001E481D60144344EA013444F004550E0334
:10B1E00003680F930F9BDF07FAD5194B17481D60B3
:10B1F00044F0104403681093109BDB07FAD5144BFE
:10B2000012481C6003681193119BDF07FAD5104B9D
:10B210000E481D60164346F0245646F41016036887
:10B220001293129BDC07FAD5094B08481E600A43AB
:10B2300042F0484242F4A21203681393139BDB07C7
:10B24000FAD5034B1A6015B0F0BD00BFB0B0025084
:10B2500080B0025080200090802008210040102102
:10B260000001102180202029802000214021282950
:10B2700000410021024010C82DE9F04F99B0DDE9EE
:10B2800023C74FEA073B4BEA874B4BEA831B9F4D93
:10B290004FEA87484BF010449F012E680396039EA7
:10B2A000F607FAD5229D9A4EDFF860A234604FEA85
:10B2B000053949EA801949F0245545F420154FEA2B
:10B2C000801EDAF800600496049EF607F9D5259CE6
:10B2D000DFF838A240EA844B8D4C4BEA033B2560F3
:10B2E0004BF0484545F0C0054FEA0339DAF8004015
:10B2F0000594059EF407F9D5854EDFF810A2356058
:10B3000047EA090448EA040B4BF01045DAF80060FC
:10B310000696069EF607F9D57D4EDFF8F0A135605A
:10B32000269D44EA854545F01045DAF80060079609
:10B33000079EF607F9D5DFF8D8A1744ECAF8005079
:10B3400044F0245A4AF4001A35680895089DED0720
:10B35000FAD56F4D6D4EC5F800A044EA8C4A4AF00C
:10B36000045A35680995099DED07FAD5684D674E71
:10B37000C5F800A048EA821848F0104848F4405840
:10B3800035680A950A9DED07FAD5614D5F4EC5F8FF
:10B39000008035680B950B9DED07FAD55C4DDFF805
:10B3A0007C815A4EC5F8008035680C950C9DED07E0
:10B3B000FAD5574DDFF86881544EC5F800803568DE
:10B3C0000D950D9DED07FAD5514D524E2E604FEA69
:10B3D0000C3C4CEA811C4CF0104C8D01DFF82C81A8
:10B3E00001954CF4402CD8F800500E950E9DEE07B8
:10B3F000F9D5DFF81C81484DDFF810A1C8F800C06E
:10B4000045EA80484FEA804CDAF800500F950F9DCE
:10B41000ED07F9D549EA8345DFF8F4B0DFF8EC90A1
:10B42000CBF800804EEA050A4AF0484A9B044AF0ED
:10B43000030AD9F800601096DDF8408018F0010F7B
:10B44000F7D04EEA003E3248DFF8C080C0F800A0D6
:10B450004EF0045E4EF4801ED8F800001190119852
:10B46000C007F9D52A48DFF8A480C0F800E0D8F872
:10B47000000012901298C607F9D52548DFF88C8095
:10B48000C0F800E04CF0045C4CF4824CD8F80000AA
:10B4900013901398C007F9D5019E1C480B431E4317
:10B4A0001B4B46F04846C3F800C046F4804603688C
:10B4B0001493149BDB07FAD5130343EA8242144B1F
:10B4C00012481E603A4342F0104203681593159BE0
:10B4D000D907FAD50E4B0D491A602F4347F0104794
:10B4E0000B681693169BDA07FAD5094B074A1F60BB
:10B4F00044F0104444F4301413681793179BDB078F
:10B50000FAD5034B1C6019B0BDE8F08FB0B0025003
:10B5100080B00250C03020290041009000310C90D2
:10B52000C0400C9030B42D4C88B02068009000983A
:10B53000C507FAD52A4C2B482B4D2560303440EAFC
:10B54000834523680193019BD807FAD5900140EA0F
:10B550008240234B214A1D6040F0104444F4C04413
:10B5600013680293029BDB07FAD51D4B1B4A1C6034
:10B5700013680393039BDD07FAD58B0143EA8141EE
:10B58000174B1A4D1D60154A41F0104545F4C04552
:10B5900013680493049BDB07FAD5114B0F4A1D6017
:10B5A00013680593059BDD07FAD50D4B0B4A1C600C
:10B5B00041F0584113680693069BDC07FAD5084B07
:10B5C000064A196040F0584013680793079BDB0751
:10B5D000FAD5034B186008B030BC7047B0B00250C9
:10B5E00080B0025080710098C021022980611890BB
:10B5F000F0B58FB01203DDE9147C42EA8015564C99
:10B6000045F0245E850122680092009AD607FAD59B
:10B610003F03524A504EC2F800E047EA804747F0E5
:10B62000045747F45077840432680192019AD20794
:10B63000FAD54A4E4A4A376042EA0C3C3036326804
:10B640000292029AD707FAD5444A464F424EC2F8B0
:10B6500000C047EA834732680392039AD207FAD5BB
:10B660003E4A3D4E176032680492049AD207FAD5DA
:10B670003A4A3D4F384E176032680592059AD7070F
:10B68000FAD5364A394F344E176032680692069A18
:10B69000D207FAD51E0346EA8116304B344A2E4FA4
:10B6A0001A6046F0104646F440268A013B6807932C
:10B6B000079BDB07FAD5294B274F1E6044F0104645
:10B6C00046F482463B680893089BDB07FAD5234B78
:10B6D000284F1E60204E2F4333680993099BDB07D8
:10B6E000FAD51E4B1C4E1F6045EA003545F0045547
:10B6F00045F4801533680A930A9BDB07FAD5174B8C
:10B70000154E1D6033680B930B9BDF07FAD5134B67
:10B71000114E1D6044F0045444F4824433680C9389
:10B720000C9BDD07FAD50D4B0B4D1C600A4342F014
:10B73000484444F404242B680D930D9BDB07FAD591
:10B74000064B0A461C6001460D2300200FB0BDE8E1
:10B75000F040FFF7E7BE00BFB0B0025080B002502B
:10B76000800000298020002100D13490C040349016
:10B77000C0302029032008C82DE9F04F90469BB027
:10B780000122A34DDDF89490A24C0793CDE90B2242
:10B7900006460F4645EA884523680D930D9BD8075A
:10B7A000FAD59D4B9D4A1D6013680E930E9BD907D9
:10B7B000FAD59B4B1B68DB0450D49549954A41EA66
:10B7C000894113680F930F9BDD07FAD5924B934A7B
:10B7D000196013681093109BDC07FAD5904B1B6817
:10B7E000D804C3F3003A33D44046FFF719F80446AF
:10B7F0004846FFF715F884428CBF40464846FFF79D
:10B800000FF8279B0193269B079A0093441E249BC5
:10B810000F210E20FFF7ECFE0BAB09AA2146404694
:10B82000FFF74EF80CAB05460AAA21464846FFF73B
:10B8300047F800EB4500022800F0A080032813D051
:10B8400001287CD0DFF8F0A150461BB0BDE8F08F96
:10B85000DFF8E8A150461BB0BDE8F08FDFF8E0A1AB
:10B8600050461BB0BDE8F08F6E486A4A40EA861029
:10B8700013681593159BDB07FAD5674B6A49654A30
:10B88000186041EA871113681693169BDD07FAD5F5
:10B89000614B604A196013681793179BD807FAD554
:10B8A0005D4B62495B4A196013681893189BD9076E
:10B8B000FAD5594B5E49574A196013681993199B79
:10B8C000DB07FAD5544B5B4A1A60013C00F19880C3
:10B8D0004FF0100B09E01123CDE902B3CDE9006769
:10B8E000FFF75EFA013CC0F08B800BAB09AA214642
:10B8F0004046FEF7E5FF0CAB05460AAA214648463E
:10B90000FEF7DEFF84461CEB4505334639463046DC
:10B910004FF010020695DED01125CDE901B5009754
:10B92000FFF796FB069B022B62D0032B52D0012B14
:10B9300043D0DFF810A150461BB0BDE8F08F269B26
:10B94000344AB00140EA834040F0924040F4003075
:10B9500013681193119BD907FAD5279B2D4AB9017A
:10B9600041EA83412C4B41F09241186041F400318F
:10B9700013681293129BDB07FAD589E7079B254AC8
:10B98000B00140EA834040F0924040F40030136838
:10B990001393139BDD07FAD5249B1E4AB90141EA94
:10B9A00083411D4B41F09241186041F4003113680E
:10B9B0001493149BD807FAD56AE7279B0493269B18
:10B9C000CDE90067CDE902B310222B463046FFF7E0
:10B9D00053FC87E7CDE9017B0E230F2204920096EA
:10B9E00003931123102239463046FFF745FC79E7CF
:10B9F000249B0493079BCDE90067CDE902B3F0E7F0
:10BA00003A46314610230020FFF78CFD1CE700BFAB
:10BA100000080251B0B0025080B00250B4B00250E1
:10BA200088B0025000003A4900003E4900044241FB
:10BA30000014424940042E490408F1000708F100AF
:10BA40000608F1000508F1002DE9F04385B01C4619
:10BA5000DDE90C7300284AD0002C4DD0002F4DD0CA
:10BA6000002B4DD00E4659B352B3D0F8BC120393FD
:10BA70001F3107F14C0C04F1040907F1040800928E
:10BA800033464A09CDE9018C49460546FDF7D8FF02
:10BA90000646D0B94FF43772294604F15000FDF73D
:10BAA00071FD184B236029464FF4377207F194005B
:10BAB000FDF768FD144B3B60304605B0BDE8F083F0
:10BAC000124E304605B0BDE8F0830025484625609B
:10BAD00029463D604C22FDF759FD404629469022FB
:10BAE000FDF754FD0A4E304605B0BDE8F083094E1F
:10BAF000304605B0BDE8F083074EDDE7074EDBE7D3
:10BB0000074ED9E7020000EC010000EC9608F000B7
:10BB10003008F0000208F0000308F0000408F0000C
:10BB20000508F0002DE9F04184B007460E460D24CB
:10BB30001E4803944FF0FF3190461D4600F0A6FBCF
:10BB4000F8B9002000F0B4FB38BB286A03AA002132
:10BB5000FEF7F2FE044630B10398FFF75FF8204687
:10BB600004B0BDE8F081D5F88C103046FEF772FCC9
:10BB70000095024643463146384600F021F8044617
:10BB8000EAE704460A4800F047FC012CD9D10748EF
:10BB900000F084FB28B9074CE1E7074800F03CFCC3
:10BBA000D3E70648034C00F037FCD8E7B00000208C
:10BBB000E03505003A21F000F8350500383605007B
:10BBC0002DE9F04F2DED048BA7B08446349D0F4630
:10BBD0001E4602F11F086B6A0297012100201446DD
:10BBE0002A4609EE10CAFFF76FF8012105F1B402E9
:10BBF00008460523FFF768F86B6A05F194020121F6
:10BC00000620FFF761F86B6A324601210820FFF732
:10BC10005BF80B260C230920012204210A25CDE91B
:10BC20000753CDE90506FEF75BFF059A9E49930190
:10BC30004FEA581743EA824343F0924308EE907A62
:10BC400043F404330A680992099AD007FAD5974950
:10BC5000974A0B60069B303142EA83130A680A92C6
:10BC60000A9AD207FAD5914A8F491360089A93012C
:10BC700043EA824343F0924343F404330A680B924D
:10BC80000B9AD707FAD5894A874913600B680C933A
:10BC90000C9BDE07FAD5854B864A83491A600B68F0
:10BCA0000D930D9BDD07FAD5804B834A1A6014F182
:10BCB0001E0248BF04F13D026FF0404303EB6213E4
:10BCC000029A671E52F823300193002FC0F283813D
:10BCD0000DF1200A0DF11C0906ABDFF8F881724D59
:10BCE000724C08EE10AA0022CA460DF1140BB94698
:10BCF0001F4609F01F061F2E05D1029B4FEA69114E
:10BD000053F821300193019B23FA06F606F0010651
:10BD1000724039465846039200F02CFB039A18EE05
:10BD2000101A504600F026FB089A48EA02322B68A7
:10BD30000E930E9BD807FAD5226006995F4A42EA15
:10BD400081422B680F930F9BD907FAD52260079A7F
:10BD500048EA02322B681093109BDB07FAD5226069
:10BD6000059A574B43EA82422B681193119BD807DF
:10BD7000FAD52260059907988A0142EA804242EA90
:10BD8000013242F004522B681293129BD907FAD564
:10BD90002260DDE906020899920142EA804242EA05
:10BDA000013242F004522B681393139BDB07FAD540
:10BDB0002260089905988A0142EA003242F0104256
:10BDC00042F400222B681493149BD807FAD5226002
:10BDD00007998A0142EA013242F0104242F44022BD
:10BDE0002B681593159BD907FAD522602B681693FB
:10BDF000169BDB07FAD5334B236005990A0342EA09
:10BE0000814242F0104242F0C0022B681793179B08
:10BE1000D807FAD52260DDE90710069A920142EAB6
:10BE2000804242EA013242F004522B681893189B78
:10BE3000D907FAD52260079A48EA02322B6819938B
:10BE4000199BDB07FAD52260DDE907108A0142EA77
:10BE5000804242F0045242F480422B681A931A9BAB
:10BE6000D807FAD52260059A174B43EA82122B684D
:10BE70001B931B9BD907FAD522602B681C931C9B34
:10BE8000DB07FAD5114A22602B681D931D9BD8074A
:10BE9000FAD50F4A226007998A0142EA814242EAB2
:10BEA000013242F0104217E0B0B0025080B00250B0
:10BEB000000022494001002140511421804000210E
:10BEC000C040002180300C9000200C9000211429EB
:10BED000C0400C21000114292B681E931E9BD9071A
:10BEE000FAD5226006998A0142EA814242EA013289
:10BEF00042F010422B681F931F9BDB07FAD522608C
:10BF00002B682093209BD807FAD5374A2260DDE9B9
:10BF100007018A0142EA003242F0104242F4001264
:10BF20002B682193219BD907FAD52260079A2F4BC2
:10BF300043EA82122B682293229BDB07FAD509F190
:10BF4000FF39B9F1FF3F226001D03246D1E6D14638
:10BF500018EE10AA3B4619465846324600F00AFA37
:10BF600032465146484600F005FA069A204B2149D0
:10BF700043EA82130A682392239AD007FAD51E4A0D
:10BF80001C481360DDE90621130343EA814343F0B3
:10BF9000184343F0800302682492249AD107FAD50B
:10BFA0001549164A0B60059B303142EA83430A6803
:10BFB0002592259AD207FAD50F4A19EE100A136076
:10BFC00018EE901A0722FEF753FE002027B0BDECB2
:10BFD000048BBDE8F08F002606AB0DF1140B0DF1BC
:10BFE000200A0DF11C09B6E7823018C800200C9019
:10BFF00000200229B0B0025080B00250C021008859
:10C0000000487047C43605002DE9F04F0D4611F089
:10C01000070118BF012185B01646012D01EBD5029D
:10C02000009240F28380B2F5803F1C467ED000280B
:10C0300000F0DD80D0F80890D0F800A0B9F1000F32
:10C0400000F0D780002E54D011463046FEF7D6F9C6
:10C05000022840F2B580032803D13378032B40F245
:10C06000AF8010F00705009B18BF012505EBD00538
:10C0700000F00707591B6019FDF78AFAC7F108009D
:10C0800000F00700FF2747FA00F0A5F110026F1E2D
:10C09000C3B203924FF6FF7227440192984602966C
:10C0A0002A4621465046C847002840F09A802A4632
:10C0B00021462046FDF770FA3B780F2D08EA03036E
:10C0C0003B7038D8ABB2029A19462046FEF7FCF80E
:10C0D000022877D0019B013B0193E1D14A4B0099A3
:10C0E00001932046FDF754FA019B184605B0BDE8C0
:10C0F000F08F50462146C84703460028EFD1009EE6
:10C100000190324621462046FDF746FA711E05F0A1
:10C110000707625C019B42F08002002F71D06D42E4
:10C1200005F0070542FA05F56554DEE7374B18467A
:10C1300005B0BDE8F08F039B029AE61802EB030BF3
:10C140002B464D46994608E0002B4CD0A8470028C6
:10C1500047D13B7808EA03033B70102319465A463F
:10C160003046FEF7B1F80346022B4FF0100231467D
:10C170005046E9D1029E4D46771E39467819012373
:10C1800011F8012F134481420B704FEA2323F7D19A
:10C1900029462046FEF732F901282CD938460123DA
:10C1A0000246023210F8011F921B0B4495420370A5
:10C1B0004FEA2323F4D80023184605B0BDE8F08FDA
:10C1C000134B8CE7029E002DD6D129462046FEF760
:10C1D00015F90128EFD82A4631462046FDF7D2F955
:10C1E000E9E703467BE74B46A9461D466AE7094B4C
:10C1F0007BE7094B79E720462A463146FDF7C2F92D
:10C20000CCE76254D7E700BF010CF000310CF0001E
:10C21000320CF000270CF000140CF0005BB1B1F50B
:10C22000002F10B403D25DF8044BFFF7EDBE0348B6
:10C230005DF8044B70470248704700BF310CF000B6
:10C24000300CF00000487047BC37050000487047CC
:10C25000983A050000487047743D05000048704753
:10C2600050400500004870472C43050000487047C7
:10C270000846050000487047E4480500004870473C
:10C28000C04B050000201870704700BF024B0268C9
:10C290009B681068184700BFD000002008B5034B0A
:10C2A0000268DB6810689847002008BDD0000020B5
:10C2B00070B51A4D1A4E0446B26828699047F0B915
:10C2C0005CB1184C2368ABB1012B1AD0013B236041
:10C2D0002869F3689847002070BD124C216839B96D
:10C2E000114B124A0120C3F800051368002BFCD142
:10C2F00001312160F36828699847002070BD0C481F
:10C3000070BD0A4A1368002BFCD1074A6FF07E40CB
:10C31000C2F8003500F01CF82368D7E7E0000020E1
:10C32000D000002060F6002000A0025010B902509A
:10C33000E98FFFFF430503D5034B4FF0FF321A602F
:10C34000024B1860704700BF08B1025008BA025093
:10C35000014B1860704700BF04BA025008B100F0EA
:10C3600031B84FF47500704708B100F011B84FF4C0
:10C37000750070470B6830B40468524284EA0305C4
:10C380002A4054405340046030BC0B60704700BFEB
:10C3900010B4084C024623681342FCD021B1064B6E
:10C3A00006481B680B600360054B1A6000205DF8AF
:10C3B000044B704700BA025004B1025008B1025059
:10C3C00008BA0250044902460B681A42FCD0034BDB
:10C3D00000201A60704700BF00BA025008BA02502D
:10C3E00038B131B1014400220346013081421A7054
:10C3F000FAD17047BFF34F8F0549064BCA6802F464
:10C40000E0621343CB60BFF34F8F00BFFDE700BF77
:10C4100000ED00E00400FA05014B5B68184700BF1F
:10C42000C000002048B143682BB1BFF35F8F0023E9
:10C43000036018467047024870476FF4E040704749
:10C44000EA8FFFFF10B5044628B1636813B10023DB
:10C450002360636010BD024B02485B689847F4E7B5
:10C46000C00000209C4E050010B5044630B1636842
:10C47000002243F001036360226010BD0148FFF712
:10C48000CBFFF4E7C44E0500A0B1436883B101229D
:10C49000BFF35B8F50E8003F40E800210029F9D14D
:10C4A000BFF35B8F012BF3D0BFF35F8F002070478A
:10C4B000024870476FF4E040704700BFEA8FFFFF0B
:10C4C000E0B1D9B1C02A08B507D0B2F5807F12D04B
:10C4D000802A0DD06FF01F0008BD0C23036000F10F
:10C4E00008034360D208184600F09CFB002008BDFA
:10C4F0000A230360F3E70E230360F0E76FF02000E8
:10C50000704700BFE0B1D9B1C02A08B507D0B2F575
:10C51000807F12D0802A0DD06FF01F0008BD0C2341
:10C52000036000F108034360D208184600F076F972
:10C53000002008BD0A230360F3E70E230360F0E741
:10C540006FF02000704700BF10B504461046D4E9D4
:10C550000032063B9B0000F037FA002010BD00BF00
:10C5600010B504461046D4E90032063B9B0000F0AB
:10C5700003F8002010BD00BF2DE9F14F03F11C04AA
:10C5800002EB840C4FEA930B8A68CB680868496811
:10C5900000F046F93CE9F0006040694072407B40A1
:10C5A0000BF1060E4EE083EA134480EA134582EA5B
:10C5B000134746BA96EA3444604000F00F1684EA06
:10C5C000063420F00F1684EA161054BA94EA0106D5
:10C5D000724002F00F1486EA043622F00F1486EA45
:10C5E00014124CBA6540694001F00F1485EA043515
:10C5F00021F00F1485EA14115CBA67407B4003F008
:10C600000F1487EA043723F00F1487EA141344BA8F
:10C6100044404DBA4D4056BA56405FBA5F4087EA33
:10C62000174886EA174B84EA17464FEA38488BEAE0
:10C630001B4485EA1B4788EA1B4580EA3440694071
:10C6400072407B4000F0703400F0803500F00F3015
:10C6500040EA440040EAD50080EA900404F0332424
:10C6600080EA8400604001F0703401F0803501F010
:10C670000F3141EA440141EAD50181EA910404F015
:10C68000332481EA8401614002F0703402F0803585
:10C6900002F00F3242EA440242EAD50282EA9204F0
:10C6A00004F0332482EA8402624003F0703403F021
:10C6B000803503F00F3343EA440343EAD50383EAAA
:10C6C000930404F0332483EA84036340C943DB43C7
:10C6D00081EA000483EA044686EA020183EA014310
:10C6E00082EA334583EA144383EA040484EA0007B8
:10C6F0007FEA040A8AEA024A8AEA010B87EA1148B9
:10C700008AEA374A80EA060181EA1A418AEA030A7C
:10C7100004EA0A00454088EA040707EA0B004140A2
:10C720008AEA0B0608EA060084EA34428AEA3A46B4
:10C7300002EA060358404540414087EA37438BEA06
:10C740003B4003EA000985EA090582EA03094640FD
:10C7500009EA0606714085EA010005EA35464640C9
:10C7600006EA314181EA304181EA364606EA30463E
:10C7700086EA354634400F4086EA010508EA050896
:10C7800086EA3640024088EA020881EA31421340D4
:10C790005C4080EA020309EA030987EA0907674067
:10C7A00088EA040806EA0A0601EA0B018AEA0B0491
:10C7B00025408AEA3A44204045408BEA3B4B02EA56
:10C7C0000B02564084EA0B04234059406E406940F6
:10C7D00087EA364080EA384080EA060380EA10445F
:10C7E00081EA134585EA344585EA17427D4082EAAD
:10C7F000354180EA05403CE9F00060406940724004
:10C800007B40BEF1010E3FF6CEAE00F05FF810BCEB
:10C8100020606160A260E360BDE8F08F00F002BAC2
:10C8200080EA101404F0F01480EA0410604081EAF9
:10C83000111404F0F01481EA0411614082EA121428
:10C8400004F0F01482EA0412624083EA131404F044
:10C85000F01483EA0413634080EA102404F47F4454
:10C8600080EA0420604081EA112404F47F4481EAD4
:10C870000421614082EA122404F47F4482EA042203
:10C88000624083EA132404F47F4483EA0423634070
:10C8900081EA500404F0553480EA4400614083EAA0
:10C8A000520404F0553482EA4402634082EA900460
:10C8B00004F0333480EA8400624083EA910404F097
:10C8C000333481EA84016340704700BF82EA9004F8
:10C8D00004F0333480EA8400624083EA910404F077
:10C8E000333481EA8401634081EA500404F0553412
:10C8F00080EA4400614083EA520404F0553482EA3D
:10C900004402634080EA102404F47F4480EA042057
:10C91000604081EA112404F47F4481EA04216140EB
:10C9200082EA122404F47F4482EA0422624083EA09
:10C93000132404F47F4483EA0423634080EA101440
:10C9400004F0F01480EA0410604081EA111404F04D
:10C95000F01481EA0411614082EA121404F0F01428
:10C9600082EA0412624083EA131404F0F01483EAAA
:10C9700004136340704700BF2DE9F04F4FF2F002FF
:10C9800080EA1031114080EA0130484041088208B5
:10C99000C3084FF0000EA3E000F0113001F0113198
:10C9A00002F0113203F0113340EA410040EA820004
:10C9B00040EAC3004FF2F00280EA1031114080EAF1
:10C9C00001304840BDE8F08F2DE9F14F94464FEA21
:10C9D000930B8A68CB6808684968FFF721FF0BF161
:10C9E000060E33E083EA134480EA134582EA1347D4
:10C9F00046BA96EA3444604000F00F1684EA0634E2
:10CA000020F00F1684EA161054BA94EA0106724018
:10CA100002F00F1486EA043622F00F1486EA14128C
:10CA20004CBA6540694001F00F1485EA043521F0E5
:10CA30000F1485EA14115CBA67407B4003F00F14B1
:10CA400087EA043723F00F1487EA1413BCE8F000D8
:10CA50006040694072407B4000F0E03400F01035E7
:10CA600000F00F3040EA540040EAC50080EA90042C
:10CA700004F0332480EA8400604001F0E03401F0E7
:10CA8000103501F00F3141EA540141EAC50181EA54
:10CA9000910404F0332481EA8401614002F0E0341F
:10CAA00002F0103502F00F3242EA540242EAC502A7
:10CAB00082EA920404F0332482EA8402624003F0A2
:10CAC000E03403F0103503F00F3343EA540343EA34
:10CAD000C50383EA930404F0332483EA84036340A8
:10CAE00081EA324787EA134581EA354690EA06042F
:10CAF00084EA034B82EA1B4280EA044484EA054448
:10CB000083EA144A85EA14448BEA044B84EA3744E6
:10CB100081EA0B4181EA164104EA0A00454082EAB3
:10CB200004082BEA080041408AEA0B0602EA0600E4
:10CB300084EA34438AEA3A4603EA060778404540E5
:10CB4000414088EA38478BEA3B4007EA000985EA1A
:10CB5000090583EA0709464006EA0906714085EAA5
:10CB6000010005EA3546464006EA314181EA304196
:10CB700081EA364606EA304686EA3546344008EA17
:10CB8000010886EA01052A4086EA364003405A40F9
:10CB900081EA31431F407C4080EA030709EA070924
:10CBA00088EA0908544088EA020806EA0A0601EA07
:10CBB0000B018AEA0B0215408AEA3A4210404540CE
:10CBC0008BEA3B4003405E404240174079404D4075
:10CBD0004E40E443F64386EA18435D4085EA05404B
:10CBE00083EA134386EA034183EA384284EA114325
:10CBF00083EA04435FEA3343BEF1010E3FF6F2AE2F
:10CC00003FF5CAAEBCE8F0006040694072407B402E
:10CC1000FFF75CFE10BC20606160A260E360BDE8CD
:10CC2000F08F00BF2DE9F04102F11C0506460746D2
:10CC300000EB850851F8040B46F8040B043AF9D1CF
:10CC40004FF0010CFFF798FE5FEA302080EA0C00FD
:10CC50004FEA4C0C4FEA1C2140F21B1201FB02F27E
:10CC60008CEA020C1ECF41404A4053405C401EC635
:10CC70002000464510D02C2DE4D03C2D06D1FFF7E6
:10CC80007BFE06CF41404A4006C6100006CF414019
:10CC90004A4006C61000D5E736E90F00FFF7C0FD91
:10CCA00086E80F00043DF7D1BDE8F08190B4ADF502
:10CCB000016D00AF0023C7F80C380123C7F808380E
:10CCC00026E007F58063D7F80C28D7F8081843F852
:10CCD00022103B46D7F80828D7F80C1843F8221042
:10CCE000D7F808385A00D7F8083803F08003002B2B
:10CCF00001D01B2300E000235A40D7F808385340E6
:10CD0000DBB2C7F80838D7F80C380133C7F80C384D
:10CD1000D7F80C38FF2BD4DD0023C7F80C380123DB
:10CD2000C7F808381BE0D7F80828D849D7F80C38D6
:10CD300041F82320D7F808385A00D7F8083803F00C
:10CD40008003002B01D01B2300E000235340DBB203
:10CD5000C7F80838D7F80C380133C7F80C38D7F8BB
:10CD60000C38092BDFDDCA4B63221A70C94B002235
:10CD700083F863200123C7F80C386DE03B46D7F8F1
:10CD80000C2853F82230C3F1FF0207F5806353F8F3
:10CD90002230C7F80838D7F80838C7F80438D7F869
:10CDA00004385A00D7F80438DB111343DBB2C7F854
:10CDB0000438D7F80828D7F804385340C7F808389B
:10CDC000D7F804385A00D7F80438DB111343DBB224
:10CDD000C7F80438D7F80828D7F804385340C7F8FC
:10CDE0000838D7F804385A00D7F80438DB11134351
:10CDF000DBB2C7F80438D7F80828D7F8043853400E
:10CE0000C7F80838D7F804385A00D7F80438DB11C7
:10CE10001343DBB2C7F80438D7F8043883F0630350
:10CE2000D7F808285340C7F80838D7F80838D9B2D7
:10CE3000974AD7F80C3813440A461A70D7F80C38BA
:10CE4000D9B2944AD7F8083813440A461A70D7F86A
:10CE50000C380133C7F80C38D7F80C38FF2B8DDDB0
:10CE60000023C7F80C3806E1894AD7F80C38134478
:10CE70001B78C7F80838D7F808385A00D7F80838A8
:10CE800003F08003002B01D01B2300E0002353405C
:10CE9000DBB2C7F80438D7F80428D7F8083853406D
:10CEA000DBB2C7F80038D7F808381A02D7F80438C8
:10CEB0005A40D7F808381B045A40D7F800381B06E8
:10CEC0005A407549D7F80C3841F82320724AD7F8F0
:10CED0000C3852F823304FEA33627049D7F80C38D7
:10CEE00041F823206D4AD7F80C3852F823304FEA26
:10CEF00033626B49D7F80C3841F82320684AD7F8D9
:10CF00000C3852F823304FEA33626649D7F80C38B0
:10CF100041F823205F4AD7F80C3813441B78C7F830
:10CF20000838D7F80838002B18D03B469A6B3B4698
:10CF3000D7F8081853F821301A445B4B82FB0334AE
:10CF40001319D911D317C91A0B461B025B1AD11A30
:10CF500007F5806353F82130184600E00020D7F829
:10CF60000838002B18D03B465A6A3B46D7F80818B9
:10CF700053F821301A444C4B82FB03341319D91156
:10CF8000D317C91A0B461B025B1AD11A07F5806327
:10CF900053F821301B0200E000235840D7F808382E
:10CFA000002B18D03B465A6B3B46D7F8081853F86D
:10CFB00021301A443C4B82FB03341319D911D31787
:10CFC000C91A0B461B025B1AD11A07F5806353F886
:10CFD00021301B0400E000235840D7F80838002B0C
:10CFE00018D03B46DA6A3B46D7F8081853F8213088
:10CFF0001A442D4B82FB03341319D911D317C91AC4
:10D000000B461B025B1AD11A07F5806353F82130D7
:10D010001B0600E0002380EA03022449D7F80C38FD
:10D0200041F82320214AD7F80C3852F823304FEA30
:10D0300033621F49D7F80C3841F823201C4AD7F82F
:10D040000C3852F823304FEA33621A49D7F80C38BB
:10D0500041F82320174AD7F80C3852F823304FEA0A
:10D0600033621549D7F80C3841F82320D7F80C382B
:10D070000133C7F80C38D7F80C38FF2B7FF7F4AE24
:10D0800000BF07F50167BD4690BC704774180120CA
:10D0900074F600207407012074F7002074FB002050
:10D0A00074FF0020740301208180808074080120B7
:10D0B000740C0120741001207414012080B582B01A
:10D0C00000AF78604FF48C720021786810F04EF851
:10D0D00000BF0837BD4680BD80B582B000AF786024
:10D0E0007B68002B05D04FF48C717868FFF778F9D6
:10D0F00000E000BF0837BD4680BD00BF80B584B0EA
:10D1000000AFF860B9607A607A68B968F868FFF7CC
:10D110001BFA00BF1037BD4680BD00BF80B584B08C
:10D1200000AFF860B9607A607A68B968F868FFF7AC
:10D1300017FA00BF1037BD4680BD00BF80B584B070
:10D1400000AFF860B9607A603B60BB68012B06D124
:10D150003A687968F868FFF7F7F9034605E03A6836
:10D160007968F868FFF7FCF9034618461037BD46A2
:10D1700080BD00BF80B489B000AFF860B9607A604C
:10D180008723FB751B23BB750023BB777B68102BA4
:10D1900002D1FB7DFB7707E07B68082B02D1BB7DCA
:10D1A000FB7701E01E4B35E07B68013BBB6117E07C
:10D1B000BB69FA681344BA69B9680A441278520024
:10D1C00051B297F91E200A4352B2D2B21A70BB690B
:10D1D000BA6813441B78DB09BB77BB69013BBB61B1
:10D1E000BB69002BE4DABB681B785BB2DB115BB276
:10D1F0007B757B68013BFA6813447A68013AF968E9
:10D200000A441178F87F7A7D0240D2B24A40D2B205
:10D210001A70002318462437BD465DF8047B70471A
:10D22000009FFFFF80B58EB002AFF860B9607A60F2
:10D230006FF06D03FB6207F1180310211846FFF72A
:10D24000CFF8FB681B685B69BB6207F1180207F146
:10D25000180107F1140300931346BA6AF86802F044
:10D260004DF8F862FB6A002B13D107F11803BA6A74
:10D270001946B868FFF77EFFF862FB6A002B0AD1F7
:10D28000BA6AB9687868FFF775FFF862FB6A002B25
:10D2900002E000BF00E000BF07F1180310211846AC
:10D2A000FFF79EF8FB6A18463037BD4680BD00BFC9
:10D2B00080B487B000AFF860B9607A603B6000234B
:10D2C0007B6110E0FA687B691344B9687A690A44A3
:10D2D000117878687A69024412784A40D2B21A709A
:10D2E0007B6901337B617A693B689A42EAD300BF6C
:10D2F0001C37BD465DF8047B704700BF80B487B023
:10D3000000AFF860B9607A603B6000237B611EE08B
:10D310007A693B689A4208D2FA687B691344796853
:10D320007A690A4412781A700EE07A693B689A4268
:10D3300005D1FA687B69134480221A7004E0FA6808
:10D340007B69134400221A707B6901337B617A691F
:10D35000BB689A42DCD300BF1C37BD465DF8047B36
:10D36000704700BF80B588B000AFF860B9607A60E0
:10D37000FB68002B06D0FB681B68002B02D0BB6843
:10D38000002B01D1194B2CE07A680123B968F868A9
:10D3900001F066FFF861FB69002B01D0FB6920E01A
:10D3A000FB681B681B78FB76FB7E022B03DB042BE0
:10D3B00003DD242B01D00D4B13E000BF24210120FD
:10D3C00003F056FF78617B69002B01D1084B08E020
:10D3D000FB687A699A637B6910211846FFF700F8A9
:10D3E000002318462037BD4680BD00BF009FFFFFC9
:10D3F000809EFFFF80B58EB002AFF860B9607A60A2
:10D400000023FB62FB68002B0AD0FB681B68002B23
:10D4100006D0BB68002B03D0FB689B6B002B01D1AF
:10D42000494B8CE0FB689B6B7B62FB681B685B690C
:10D430003B62FB689B6BFB617B6A1B6A002B39D0EC
:10D440007B6A1B6A3A6AD21A7B689A4232D27B6A3A
:10D450001B6A10337A6AD0187B6A1B6A3A6AD31A3D
:10D460001A46B9680FF05AFE7B6A03F110013B6A55
:10D47000FA69F869FFF71CFF07F114030093FB69D1
:10D480003A6AF969F86801F039FFF862FB6A002B23
:10D4900051D17B6A1B6A3A6AD31ABA681344BB60DB
:10D4A0007B6A1A6A3B6AD31A7A6813447B607B6A88
:10D4B00000221A627A683B6A13445A1E3B6AB2FB26
:10D4C000F3F3BB610123BB621DE03B6AFA69B968F3
:10D4D000F869FFF7EDFE07F114030093FB693A6A60
:10D4E000F969F86801F00AFFF862FB6A002B24D1A1
:10D4F0007A683B6AD31A7B60BA683B6A1344BB60A4
:10D50000BB6A0133BB62BA6ABB699A42DDD37B68EE
:10D51000002B13D07B6A1B6A10337A6A13447A6833
:10D52000B96818460FF0FAFD7B6A1A6A7B681A44DC
:10D530007B6A1A6202E000BF00E000BFFB6A184687
:10D540003037BD4680BD00BF009FFFFF80B596B05D
:10D5500002AF786039606FF06D03FB647B68002B6D
:10D560000AD07B681B68002B06D07B689B6B002B66
:10D5700002D03B68002B01D13C4B73E07B689B6B76
:10D58000BB647B681B685B697B64BB6C3B6407F1B5
:10D590002C0310211846FEF723FF07F11C0310216E
:10D5A0001846FEF71DFF07F11C0207F12C03194670
:10D5B0007868FFF737FEBB6C1033FB63BB6C1A6AED
:10D5C0007B6C9A4211D2BB6C1B6A07F10C00FA6BA0
:10D5D000796CFFF793FE07F11C0207F10C0107F1CC
:10D5E0000C007B6CFFF764FE07E007F12C0207F1EB
:10D5F0000C007B6CF96BFFF75BFE07F10C017B6C99
:10D600003A6C386CFFF754FE07F1080300933B6C4B
:10D610007A6C396C786801F071FEF864FB6C002B51
:10D6200005D17A6C396C38680FF078FD00E000BFE6
:10D6300007F12C0310211846FEF7D2FE07F11C0358
:10D6400010211846FEF7CCFEBB6C00221A62BB6CA0
:10D65000103310211846FEF7C3FE1021386CFEF778
:10D66000BFFEFB6C18465037BD4680BD009FFFFFD4
:10D6700080B584B000AF78607B68002B07D07B68F2
:10D680001B68002B03D07B689B6B002B01D10C4BDC
:10D6900011E07B689B6BFB60FB6800221A62FB68F1
:10D6A000103310211846FEF79BFEFB681021184628
:10D6B000FEF796FE002318461037BD4680BD00BF1A
:10D6C000009FFFFF80B594B000AFF860B9607A604A
:10D6D0003B606FF06D03FB64FB68002B08D0BB68F8
:10D6E000002B05D03B68002B02D0FB6D002B01D135
:10D6F0001E4B37E007F11003184601F07DFD07F1DE
:10D700001003F968184601F093FDF864FB6C002BD8
:10D710001DD107F110037A68B9681846FFF722FE99
:10D72000F864FB6C002B14D107F11003BA6D396853
:10D730001846FFF75FFEF864FB6C002B0BD107F176
:10D740001003F96D1846FFF701FFF86404E000BF0D
:10D7500002E000BF00E000BF07F11003184601F02F
:10D760004FFDFB6C18465037BD4680BD009FFFFF44
:10D7700090B591B002AFF860B9607A603B606FF02D
:10D780006D037B63FB68002B05D07B68002B02D008
:10D79000BB6C002B01D1244B41E0022001F01EFDA7
:10D7A00038633B6B002B02D1204B7B6330E0BB68BE
:10D7B000102B08D1FB6807F11004186859689A68A3
:10D7C000DB680FC416E007F1200310220021184681
:10D7D0000FF0CCFC07F1200107F110030193BB68A7
:10D7E0000093FB688022386BFFF76CFF78637B6BDC
:10D7F000002B0CD107F11001BB6C01933B68009327
:10D800007B688022386BFFF75DFF786300E000BF24
:10D8100007F1100310211846FEF7E2FD7B6B184656
:10D820003C37BD4690BD00BF009FFFFF809FFFFFBC
:10D830002DE9F04144681F46A36805460E46904610
:10D8400033B11021012003F013FDE06008B906E0B8
:10D85000204680E8C00168600020BDE8F0816FF0DC
:10D860006900BDE8F081036830B5CD1A002D02DCF7
:10D870006FF05F0030BD1C7814F0800F04D15C1C89
:10D8800004601B78136032E004F07F04013C032C39
:10D8900034D8DFE804F00208111D012DE8D05C78CF
:10D8A0001460023322E0022DE2DD5D789C7844EAC8
:10D8B00005241460033319E0032DD9DD9C785D78CD
:10D8C000240244EA0544DD782C43146004330DE05F
:10D8D000042DCDDD9C785D78240444EA05641D792F
:10D8E0002C43DD7844EA05241460053303600368A3
:10D8F000C91A13688B42BBD8002030BD6FF063009B
:10D9000030BD70B404680E1B002E07DD26789E42E1
:10D9100007D10134046070BCFFF7A5BF6FF05F0052
:10D9200001E06FF0610070BC704737B51D461346CB
:10D9300001AA0446FFF7E5FF38BB019B13B96FF05E
:10D94000630022E0236893F90030002BF7DB019B92
:10D9500063B12268117821B90132013B2260019341
:10D96000F5E7042BEBD801D10B06E8D400232B609C
:10D970000198431E019340B12368296813F8012BD5
:10D9800042EA01222A602360F2E703B030BD37B5D6
:10D990000123154601AA0446FFF7B3FF68B9019BAE
:10D9A000012B08D1236813F8012B003218BF012284
:10D9B0002A60236001E06FF0630003B030BD1346BE
:10D9C0000222FFF7B2BF37B50223154601AA04466B
:10D9D000FFF797FF40B9019A2168284600F021FC23
:10D9E0002268019B1344236003B030BD70B503234C
:10D9F00004460E461546FFF784FFD0B913689BB165
:10DA0000013B1360226812782A71072A0FD8226816
:10DA100001322260AA60226813449E42236014BF30
:10DA20006FF06500002070BD6FF05F0070BD6FF09B
:10DA3000630070BD2DE9F74F1746984601AA3023C1
:10DA400004460D469DF830909DF834A00E9EFFF7D9
:10DA500058FF78BB2268019B13449D4225D123685F
:10DA60009D4220D95A1C226093F800B00BEA0703AC
:10DA700043451DD101AA29462046FFF7F4FEC8B947
:10DA80000BEA0903534504D02268019B1344236029
:10DA9000E5E7002EF8D0019B22680F985946B04761
:10DAA0000028F1D006E0002004E06FF0650001E0FE
:10DAB0006FF0610003B0BDE8F08F38B50323044672
:10DAC000FFF71FFF60B9136813B96FF0670038BD27
:10DAD000013B1360236818780028F6D101332360D6
:10DAE00038BD000070B586B005460E46059210465A
:10DAF000002110221C4604930FF038FB04AB039363
:10DB0000064B0293002301930093FF22E3B23146B8
:10DB10002846FFF78FFF06B070BD00BF31D8030065
:10DB20002DE9F34190461F4601AA302305460C46D5
:10DB3000FFF7E7FE00283AD12B68E41A002C32DD0B
:10DB4000019E197842461E4442F8041B06233146C2
:10DB50002846FFF7D6FE044640BB2B68C8F80830BD
:10DB60002968D8F804208B189E422B6004D10C2120
:10DB70003846FEF735FC19E0895C3A46013342F835
:10DB8000041B28462B603146FFF76DFE78B92B68E1
:10DB9000BB602A687B6813449E422B6014BF6FF001
:10DBA0006500002003E06FF05F0000E0204602B057
:10DBB000BDE8F0817FB504460D46164600210C22D3
:10DBC00001A80FF0D3FA01AB324629462046FFF7F1
:10DBD000A7FF60B9019B052B00D033B9029B002B36
:10DBE00014BF6FF06700002001E06FF0670004B021
:10DBF00070BDA2F1300310B5DCB2092C88BFFF2341
:10DC00000360A2F14103052B9CBFA2F1370303601F
:10DC1000A2F16103052B9CBF573A026003688B4257
:10DC20002CBF6FF00500002010BD0023F0B51D468D
:10DC3000854214D00F68FC1A0C6052F82560B4427B
:10DC40002CBF4FF0000E4FF0010EA41BBB4294BF3F
:10DC500073460EF1010341F8044B0135E8E718461D
:10DC6000F0BDF0B50546074600240F2F73D90E46C8
:10DC7000103F56F8040B1168E3FB601442F8041BD4
:10DC800056F8040B1168E3FB601442F8041B56F8C5
:10DC9000040B1168E3FB601442F8041B56F8040BF4
:10DCA0001168E3FB601442F8041B56F8040B11687A
:10DCB000E3FB601442F8041B56F8040B1168E3FB05
:10DCC000601442F8041B56F8040B1168E3FB60145F
:10DCD00042F8041B56F8040B1168E3FB601442F889
:10DCE000041B56F8040B1168E3FB601442F8041B94
:10DCF00056F8040B1168E3FB601442F8041B56F855
:10DD0000040B1168E3FB601442F8041B56F8040B83
:10DD10001168E3FB601442F8041B56F8040B116809
:10DD2000E3FB601442F8041B56F8040B1168E3FB94
:10DD3000601442F8041B56F8040B1168E3FB6014EE
:10DD400042F8041B56F8040B1168E3FB601442F818
:10DD5000041B314689E705F00F05072D39D90E461A
:10DD600056F8040B1168E3FB601442F8041B56F8E4
:10DD7000040B1168E3FB601442F8041B56F8040B13
:10DD80001168E3FB601442F8041B56F8040B116899
:10DD9000E3FB601442F8041B56F8040B1168E3FB24
:10DDA000601442F8041B56F8040B1168E3FB60147E
:10DDB00042F8041B56F8040B1168E3FB601442F8A8
:10DDC000041B56F8040B1168E3FB601442F8041BB3
:10DDD000314605F0070555B10E46013D56F8040BD6
:10DDE0001168E3FB601442F8041B3146F3E7136843
:10DDF00023449C4242F8043B8CBF01240024F6D803
:10DE0000F0BD37B501F18041013900EB8101884255
:10DE10001ED80368C3F30722DCB242EA0424C3F32A
:10DE2000074242EA04221B0E43EA02230A68C2F3B5
:10DE30000724D5B244EA0525C2F3074444EA052481
:10DE4000120E42EA042240F8042B41F80439DEE7BE
:10DE500003B030BD0123036000234360836070473B
:10DE600010B5044668B1806830B161688900FEF77A
:10DE7000B7FAA06803F002FA01232360002363606D
:10DE8000A36010BD42F21073994270B504460D466E
:10DE900002D96FF00F0070BD4368994216D9042172
:10DEA000284603F0E5F906460028F2D0A16859B1EA
:10DEB000626892000FF032F96168A0688900FEF78D
:10DEC0008FFAA06803F0DAF96560A660002070BDE3
:10DED00042F21073994270B505460C4602D96FF0B4
:10DEE0000F0070BD4368994203D3BDE87040FFF74F
:10DEF000C9BF591E03F18043013B9B0029B1AA68A9
:10DF0000D258043B0AB90139F8E701318C4238BFD5
:10DF10000C462046042103F0ABF906460028DED06B
:10DF2000A96851B1A2000FF0F9F86968A8688900E2
:10DF3000FEF756FAA86803F0A1F96C60AE60002005
:10DF400070BD884270B505460E4629D04C6814B99C
:10DF5000FFF786FF24E0631E04F18044013CA40027
:10DF60002BB1B2681259043C0AB9013BF8E76A6860
:10DF70005C1C944233682B6005D921462846FFF784
:10DF800081FF40B170BDA868121B9200002100EB18
:10DF900084000FF0EBF8A200B168A8680FF0BEF89B
:10DFA000002070BD2DE9F8430C4649680546164629
:10DFB000FFF768FF68BB734246EA030221682B68DB
:10DFC000D4F80480D4F80890C2F3C0125143C2F1CF
:10DFD000010603FB06132B60AB680146A3F1040E98
:10DFE00088450AD059F821705EF804CF57430CFBDE
:10DFF0000677CEF800700131F2E7626803EB820326
:10E0000069688A4205D21968714343F8041B0132DA
:10E01000F6E7BDE8F8838842F8B505460C46164693
:10E0200001D10020F8BD4968FFF72CFF78BB696873
:10E030002046FFF727FF50BB72423243296826680B
:10E04000C2F3C012C2F1010303FB01F706FB027623
:10E050002E602668514306FB0311216069688842DF
:10E06000DFD2D5F808E0A7685EF8201057F82060E6
:10E0700003FB01FC06FB02C64EF8206057F8206047
:10E08000514306FB031147F820100130E6E7F8BDC5
:10E0900070B50E4601210446FFF7F4FE054688B927
:10E0A000626801469200A0680FF060F8A36886EAF3
:10E0B000E672002EA2EBE6721A60B4BF4FF0FF3397
:10E0C00001232360284670BD4368B1EB431F3FBF67
:10E0D00083684A0901F01F0053F822303ABF23FA3F
:10E0E00000F000F0010000207047012AF8B5074653
:10E0F0000C4615464FEA51161CD84368B1EB431F36
:10E1000010D2B96804F01F04012303FA04F251F895
:10E11000263005FA04F423EA02031C4341F82640A2
:10E120000020F8BD002AFBD0711CFFF7ABFE0028D1
:10E13000E7D0F8BD6FF00300F8BD70B50023456867
:10E140001946A94210D0826852F82140002224FAD0
:10E1500002F6F60706D40132202A03F10103F6D1B4
:10E160000131EEE7184670BD002070BD436810B560
:10E17000D3B103F18042013A591E9200836821B164
:10E180009C58043A0CB90139F8E753F821004FF0D4
:10E1900000420023104204D10133202B4FEA5202E7
:10E1A000F8D1C3EB41132033184610BD08B5FFF773
:10E1B000DDFF0730C00808BDF8B50E4612F00301B8
:10E1C00018BF0121436801EB92059D4204461746A2
:10E1D00006D100212046FFF75BFF08BB03460DE098
:10E1E000FFF73EFE0123236000236360A3602946FE
:10E1F0002046FFF747FE0028EBD0F8BDBB420FD00A
:10E20000F55CA2684FEA930ED90001F0180105FAF7
:10E2100001F152F82E50294342F82E100133EDE758
:10E22000F8BD2DE9F04112F0030418BF0124436842
:10E2300004EB92049C4207468846154606D100210D
:10E240003846FFF725FF064678B11EE0FFF708FEC7
:10E2500001233B6000237B60BB6021463846FFF70B
:10E2600011FE06460028EAD00FE0B8F1000F0CD0EE
:10E27000BB68C5EB84002A46414618440EF04EFFA9
:10E280001CB12146B868FFF7BCFD3046BDE8F081FF
:10E29000F8B543689B0093420E4612D3114699424B
:10E2A0000DD04FEA910E876801F00304E50057F89E
:10E2B0002E40EC4014F0FF0F1BD10131EFE79646E2
:10E2C00000E09E4600218E450BD04FEA910C8768F6
:10E2D00001F00304E50057F82C40EC407454013180
:10E2E000F1E7934208D2D21A0021F0180EF03EFF57
:10E2F00002E06FF00700F8BD0020F8BDF8B5054654
:10E3000008466C68A400944201D3134614E0121B23
:10E310008E1800210EF02AFF304622460EE04FEA0A
:10E32000930EAF6803F00301CE0057F82E10F140B2
:10E3300011F0FF0F14D10133A342F0D11044002398
:10E340009A420BD09F08AE6803F00301CC0056F848
:10E350002710E14000F8011D0133F1E70020F8BD6E
:10E360006FF00700F8BDF8B506460C464D0901F000
:10E370001F07FFF7FBFE73682044B0EB431F01D873
:10E3800075B90BE010F01F0118BF012101EB50110E
:10E390003046FFF777FD0028F2D0F8BDF7B91BE053
:10E3A000736803F18042013A6FF003019200694300
:10E3B000AB4206D9B0688418013B64588450043AD3
:10E3C000F6E703F18043013B9B000022191DE5D0D5
:10E3D000B168CA50043BF9E70020F8BDAA00002349
:10E3E000C7F1200471688D42F6D2B068815801FAF5
:10E3F00007FE4EEA030383500135043221FA04F389
:10E40000F0E743684A099A42F0B501F01F0101D8CC
:10E4100005D1E9B10021BDE8F040FFF739BE0AB1EE
:10E42000002309E069B3426802F18043013B9B008D
:10E430000024C1F1200717E04468A41AA34209D2BE
:10E4400084689D1854F8255044F823500133F3E7AD
:10E45000BAB10B469A0000254468A342E2D2846810
:10E460000133A5500432F7E75AB18668F55825FA0A
:10E4700001FE4EEA0404F450013A043B05FA07F4A5
:10E48000F2E70020F0BD436870B503F18042013A25
:10E4900092002BB18468A458043A0CB9013BF8E708
:10E4A0004C6804F18042013A9200C4B18D68AE58C4
:10E4B000043A0EB9013CF8E79C420BD313D90BE0A8
:10E4C000A2F1040208D3013B93B181688C58A9588A
:10E4D0008C42F5D9012070BD4FF0FF3070BD181C83
:10E4E00018BF012070BD03F18042013A9200EBE7B2
:10E4F000184670BD436870B503F18042013A92003E
:10E500002BB18468A458043A0CB9013BF8E74C6875
:10E5100004F18042013A920064B38D68AE58043A27
:10E520000EB9013CF8E79C4201D2026825E0096877
:10E5300001D94A4221E00268002A01DD002914DBEA
:10E54000002901DD002A12DB03F180410139890035
:10E5500093B1846866586C58A6420ED8A1F10401A4
:10E5600001D2524209E0013BF2E7012205E04FF0FF
:10E57000FF3202E0002BD8D11A46104670BD1FB5FD
:10E5800081EAE173A3EBE17300290093B4BF4FF07C
:10E59000FF330123019301A901230293CDF80CD08D
:10E5A000FFF7A8FF05B05DF804FB90422DE9F041AC
:10E5B0000646154606D0884205D0FFF7C2FC07463E
:10E5C00008B149E00D466C680123336004F18043D3
:10E5D000013B9B002CB1AA68D258043B0AB9013C0C
:10E5E000F8E721463046FFF74DFC0746002833D1B7
:10E5F000B368D5F808C018463D463946A1420FD049
:10E6000002685CF821E0AD1875442CBF012200229D
:10E6100040F8045B0131AE4594BF1546551CEDE74B
:10E620004FEA84084344BDB17268944204F1010486
:10E6300006D321463046FFF725FC60B9B368434452
:10E640001A682A44954243F8042B94BF00250125FB
:10E6500008F10408E7E707463846BDE8F081F0B561
:10E6600085B00123019390424FF0000305460F4609
:10E6700016460293039307D1014601A8FFF761FCF8
:10E680000446002838D101AEBD4207D17468012389
:10E690002B6004F18043013B9B000BE03946284688
:10E6A000FFF74FFC044638BBF0E7B268D258043B92
:10E6B00012B9013C002CF8D1B268A9682046FFF7D6
:10E6C000B4FAC0B1A2004FF0FF3669688C4209D39A
:10E6D0008C4216D0AA6852F82430013B42F824300C
:10E6E000002409E0AB681344043218680028EFD115
:10E6F0001E600134E9E7044601A8FFF7B1FB20469C
:10E7000001E06FF0090005B0F0BDF8B50C681368C2
:10E71000634305460F46164613D511463846FFF7A4
:10E72000B2FE002805DB324639462846FFF797FF40
:10E7300009E03A4631462846FFF791FF28B964427E
:10E7400002E0FFF732FF00B92C60F8BDF8B50C68A5
:10E7500013686343002B05460F46164613DD11462A
:10E760003846FFF790FE002805DB3246394628463A
:10E77000FFF775FF09E03A4631462846FFF76FFF7D
:10E7800028B9644202E0FFF710FF00B92C60F8BD21
:10E790001FB582EAE273A3EBE273002A0093B4BFD1
:10E7A0004FF0FF330123019301AA01230293CDF817
:10E7B0000CD0FFF7AAFF05B05DF804FB1FB582EA95
:10E7C000E273A3EBE273002A0093B4BF4FF0FF3370
:10E7D0000123019301AA01230293CDF80CD0FFF786
:10E7E000B5FF05B05DF804FB2DE9F04786B00023C6
:10E7F000154688424FF0010281460E468DE80C0016
:10E80000029303920493059306D16846FFF799FBA0
:10E81000044600284DD16E46A94507D1494603A8B4
:10E82000FFF78FFB0446002843D103ADD6F804A0C0
:10E830000AF18043013B9B00BAF1000F06D0B26899
:10E84000D258043B12B90AF1FF3AF5E76F6807F1B5
:10E850008043013B9B002FB1AA68D258043B0AB900
:10E86000013FF8E70AEB07014846FFF70BFB0446B8
:10E87000F8B901464846FFF70BFC0446C8B907F152
:10E88000804808F1FF384FEA88086FB1AB68D9F8C3
:10E89000082053F80830B16842445046FFF7E1F9C8
:10E8A000013FA8F10408F0E732682B685343C9F828
:10E8B000003003A8FFF7D4FA6846FFF7D1FA2046E4
:10E8C00006B0BDE8F0871FB50123009201AA0193AD
:10E8D0000293CDF80CD0FFF787FF05B05DF804FB7D
:10E8E0002DE9FF478B1E0E2B05460F46914602D998
:10E8F0006FF003007FE0012300241046019302948F
:10E9000003940EF076FD102F80463CD1B0F1804F7D
:10E91000EED2830013F01C0F0CBF2146012101EB46
:10E9200053112846FFF7AEFA044600285FD101468E
:10E930002846FFF7ADFB0446002858D14646C6EBF3
:10E9400008075EB3012E07D199F800302D2B03D1B3
:10E950004FF0FF332B604AE0013E102119F80620EA
:10E960006846FFF746F9002840D1F908009BAA68DD
:10E97000BF0007F01C0703FA07F752F821301F43C6
:10E9800042F82170DBE721462846FFF781FB044669
:10E9900068BB06464FF0FF3A464501D1002426E009
:10E9A00036B999F800302D2B02D1C5F800A01BE034
:10E9B00019F8062039466846FFF71BF90446B0B936
:10E9C0003A46294601A8FFF77EFF044678B92B682E
:10E9D000009A012B01A9284602D1FFF7D9FE01E0D8
:10E9E000FFF7ECFE044610B90136D5E7044601A84E
:10E9F000FFF736FA204604B0BDE8F0872DE9F04F66
:10EA00009DB00F4601900021184690460493FFF7F1
:10EA1000B6FD002800F09E810323002401261793F1
:10EA200004990A9619AB40460B940C940D960E94DB
:10EA30000F9410961194129413961494159416969C
:10EA40001893FFF720FDA04216DA019B0BB94FB9CE
:10EA500010E021460198FFF71BFB0446002840F018
:10EA60006781F4E741463846FFF76BFA0446002811
:10EA700040F05E8100206FE141460AA8FFF761FA8D
:10EA80000446002840F054810DAD04992846FFF754
:10EA900058FA0446002840F04B81D8F804100D962F
:10EAA000023110A80A96FFF7EDF90446002840F05D
:10EAB0003F81014610A8FFF7EBFA0446002840F01A
:10EAC0003781022113A8FFF7DDF90446002840F042
:10EAD0002F812846FFF74AFB00F01F001F2813D0A4
:10EAE000C0F11F0319460AA80293FFF73CFC044635
:10EAF000002840F01D8102992846FFF734FC0446A7
:10EB0000002840F0158100E002940B9EDDF838905B
:10EB100006F1FF3A09F1FF33C3EB0A0B00934FEA0A
:10EB20004B13194628460393FFF71DFC04460028A3
:10EB300040F0FE804FEA8B0B29460AA8FFF7DAFC6B
:10EB400000280EDB129A52F80B300AA9013342F862
:10EB50000B3008462A46FFF7F9FD04460028EBD0A3
:10EB6000E6E003992846FFF74CFC0446002840F0F5
:10EB7000DF80009B9B000593043B06F180450993D1
:10EB800006F10063013B013DC9EB050506F1804636
:10EB9000C9EB03094FEA4913023EAD000393B600E7
:10EBA000009B9A4540F29E80331D0599DDF8309018
:10EBB0000F9A0893525859F803301299934203D38D
:10EBC0004FF0FF334B511CE02944089159F80600DF
:10EBD0009AB1079300230693DDE906BC4BEA000BCC
:10EBE000584661460EF0C0F800234FF0FF328B42CA
:10EBF00008BF824203D2104601E04FF0FF30089B6D
:10EC00001860BAF1010F16BF09EB0603002353F891
:10EC1000043C199359F806301A93331D129A59F887
:10EC200003301B93535901335351129A5359013BEB
:10EC30005351002113A8FFF72BFA002875D1009932
:10EC4000159B0F9A11B10999515800E0009919606C
:10EC5000059952585A60129B13A95A590846FFF752
:10EC600032FE002861D116A913A8FFF743FC002843
:10EC7000DBDC129B0DA95A5913A8FFF724FE0028CC
:10EC800053D1039913A8FFF76EFB00284DD10AA9B1
:10EC9000084613AAFFF75AFD0146002847D10AA8E3
:10ECA000FFF76DFC002815DA0DA913A8FFF749F945
:10ECB00000283AD1039913A8FFF755FB002834D157
:10ECC0000AA913AA0846FFF720FD70BB129A5359F0
:10ECD000013B5351039B203B0AF1FF3A043D039350
:10ECE000043E5DE7019B5BB110A91846FFF729F9C7
:10ECF000D8B9049BD8F800201B685343019A1360CD
:10ED0000B7B102990AA8FFF77CFB70B9D8F80030B8
:10ED10000A930AA93846FFF714F9014638B938466C
:10ED2000FFF72DFC20B901233B60044600E00C46B0
:10ED30000AA8FFF795F80DA8FFF792F810A8FFF7BB
:10ED40008FF813A8FFF78CF819A80C21FDF748FBE2
:10ED5000204601E06FF00B001DB0BDE8F08F70B5EC
:10ED600004460E46104600211546FFF708FC002811
:10ED700022DB2B46324621460020FFF73FFE30B112
:10ED800070BD2A4621462046FFF7BFFCB0B90021DE
:10ED90002046FFF7F4FB0028F3DB05E02A46214676
:10EDA0002046FFF7D3FC48B929462046FFF7A2FBCF
:10EDB0000028F3DA002070BD6FF0090070BDF0B5D7
:10EDC00087B0002301260746684615460096019342
:10EDD0000293039604930593FFF7B3F804460028C3
:10EDE00061D1294603A8FFF7ACF8044600285AD1A0
:10EDF0006846FFF7A2F9054603A8FFF79EF985428A
:10EE000028BF054629466846FFF7FBFA0446002856
:10EE100049D1294603A8FFF7F4FA0446002842D155
:10EE20000396009600216846FFF7A9FB80B3684669
:10EE3000FFF783F901466846FFF7E3FA044690BB03
:10EE400003A8FFF77AF9014603A8FFF7DAFA0446A8
:10EE500048BB03A96846FFF74DFB002809DB03AA5E
:10EE600069466846FFF7FBFB0446E0B901216846A6
:10EE700008E003A96A460846FFF7F1FB044690B98B
:10EE8000012103A8FFF7BDFA04460028CAD00AE012
:10EE9000294603A8FFF767FA044620B903A93846B4
:10EEA000FFF74FF804466846FEF7DAFF03A8FEF7BF
:10EEB000D7FF204607B0F0BD2DE9F84311F0030459
:10EEC00018BF01249946436804EB91049C4206460E
:10EED0000F46904606D100213046FFF7D9F8054687
:10EEE000D8B90EE0FEF7BCFF012333600023736046
:10EEF000B36021463046FEF7C5FF05460028EAD03C
:10EF00000BE0B168C7EB84033A4619444846C04752
:10EF10001CB12146B068FEF774FF2846BDE8F883AF
:10EF20002DE9F04180469CB00F461046012116465F
:10EF3000FFF725FB002840F34C81002301253246D2
:10EF4000394601A8049505930693079508930993FC
:10EF50000A950B930C930D950E930F9301950293C5
:10EF6000039310951193129313951493159316957B
:10EF70001793189319951A931B93FFF720FF0446D4
:10EF8000002840F00981294601A8FFF7F8FA002877
:10EF900040F000813246394604A8FFF7E0FE0446FF
:10EFA000002840F0F98004A907A8FEF7CAFF04462C
:10EFB000002840F0F180314610A8FEF7C2FF044659
:10EFC000002840F0E980314613A8FEF7BAFF044656
:10EFD000002840F0E18029460AA8FFF759F80446C6
:10EFE000002840F0D98001460DA8FFF751F80446EB
:10EFF000002840F0D180014616A8FFF749F80446E2
:10F00000002840F0C980294619A8FFF741F80446B6
:10F01000002840F0C180099B1B68D8074CD401210F
:10F0200007A8FFF7EEF90446002840F0B5800C9BD6
:10F030001B68DD0710D40F9B1B68DC070CD4012173
:10F040000AA8FFF7DEF90446002840F0A580012158
:10F050000DA8FFF7D6F9DAE70AA910AA0846FFF7C4
:10F0600054FB0446002840F097800DA904AA0846E6
:10F07000FFF76CFB04460028E1D08DE0012113A8C6
:10F08000FFF7BFF90446002840F08680189B1B68F4
:10F09000D90716D41B9B1B68DA0712D4012116A8C6
:10F0A000FFF7AFF90446002876D1012119A8FFF730
:10F0B000A8F9044600286FD1159B1B68DB07DDD536
:10F0C00010E016A910AA0846FFF71FFB0446002807
:10F0D00062D119A904AA0846FFF738FB04460028A4
:10F0E000DCD059E013A907A8FFF704FA00281FDBBA
:10F0F00007A913AA0846FFF729FB044600284BD1AD
:10F100000AA916AA0846FFF721FB0446002843D1A6
:10F1100019AA0DA90846FFF719FB044600283BD1A0
:10F12000002107A8FFF72BFA00287FF474AF17E03F
:10F1300013A907AA0846FFF709FB044660BB16A9F6
:10F140000AAA0846FFF702FB044628BB0DAA19A924
:10F15000E0E716A932460846FFF7D7FA0446D8B9C1
:10F16000002116A8FFF70BFA0028F2DB06E016A92B
:10F1700032460846FFF7EAFA044668B9314616A84F
:10F18000FFF7B8F90028F2DA16A94046FEF7D9FED3
:10F19000044601E06FF00D0404A8FEF761FE07A825
:10F1A000FEF75EFE0AA8FEF75BFE0DA8FEF758FE0E
:10F1B00001A8FEF755FE10A8FEF752FE13A8FEF7B1
:10F1C0004FFE16A8FEF74CFE19A8FEF749FE204692
:10F1D00001E06FF003001CB0BDE8F081054B53F86F
:10F1E000042C22B1083313F8101C8142F7D11046C9
:10F1F000704700BF444F05003C2200210DF0B6BF10
:10F2000010B5044698B1806B28B12421FDF7E8F8C9
:10F21000A06B02F033F8606B18B123689B699B699F
:10F22000984720463C21BDE81040FDF7D9B810BDF5
:10F2300038B505460C4659B13C2200210DF096FF29
:10F24000A3695B699847686320B12C60002038BDD2
:10F25000014838BD014838BD009FFFFF809EFFFF79
:10F2600030B40468B4B12569AD0702D4656895422D
:10F2700010D1012B4260037203D06578033D022D4B
:10F2800002D8A369DB6802E023B9A3691B69406B5C
:10F2900030BC1847014830BC704700BF009FFFFFDB
:10F2A000036870B505460E460BB9124870BD102AAA
:10F2B0001ED81969C90703D4DC68A24201D2F4E759
:10F2C00014461B78482B02D04CB9204670BD002252
:10F2D0003146686B04F086FD0028F5D0E5E722464C
:10F2E000314605F120000DF019FF2C63002070BDA0
:10F2F000014870BD009FFFFF809FFFFF2DE9F04197
:10F3000014460268069D1F4612B92448BDE8F081E4
:10F3100000262E605669002E37D092F801E0BEF12B
:10F32000010F0CD1B44233D192692C6054680A4663
:10F33000A44690F90810406BBDE8F041604792F890
:10F3400000C0BCF1490F07D12C600A46406B214632
:10F35000BDE8F04104F004BE994208D1C369002B16
:10F36000D3D1B4FBF6F306FB1346002ECDD1BEF18C
:10F37000070F10D19369406B9E680A463B462146B1
:10F38000B04748B92C60BDE8F0810548BDE8F08180
:10F390000448BDE8F0810448BDE8F081009FFFFF0C
:10F3A000809CFFFF809DFFFF809FFFFF016810B5DD
:10F3B0000446A1B14B7800201060DA1E042A11D94E
:10F3C000092B0FD00A78483A012A0BD9012B08D112
:10F3D000E3698342A0F5C54008BF002010BD024884
:10F3E00010BD024810BD00BF009FFFFF809FFFFFC0
:10F3F000F0B585B005461F460B9E0C9CFFF750FFED
:10F40000B8B92B68A3B1E861009433460A9A39462B
:10F410002846FFF773FF60B9216803AA31442846E4
:10F42000FFF7C4FF28B92268039B1344236000E060
:10F43000014805B0F0BD00BF009FFFFF2DE9F04F70
:10F440000468099E94F801B00A9FDDF83C800D46DF
:10F45000BBF1080F0BA9914691E806500FD1CCF8EB
:10F4600000100993CDF83880CDF834E00B970A9658
:10F470004B462A46406BBDE8F04F04F065BC94F85B
:10F4800000A0BAF1490F12D1E468A14512D1B8F138
:10F49000100F0FD1CCF800100B92CDF830E00A9786
:10F4A00009962A46406BBDE8F04F04F05DBD034865
:10F4B000BDE8F08F0248BDE8F08F00BF809FFFFFDE
:10F4C000009FFFFF2DE9F04F046894F801B087B06A
:10F4D000BBF1080F0D469146109E119A1299DDF866
:10F4E0004CE0DDF850C0159FDDF8588013D1CCF802
:10F4F000001002920093CDF814800497CDF80CE030
:10F5000001964B462A46406B04F032FC10F10F0F77
:10F510001DD110481BE094F800A0BAF1490F13D197
:10F52000E468A14512D1B8F1100F0FD1CCF800104A
:10F530008DE8C0000292CDF80CE02A46406B04F042
:10F54000DDFD10F1560FE3E7034800E0034807B084
:10F55000BDE8F08F009DFFFF809FFFFF009FFFFF32
:10F5600010B5044604F0E8FC2046BDE8104001F068
:10F5700085BE10B5E821012001F07AFE044608B1ED
:10F5800004F0C6FC204610BDB2F5807F08B501D05E
:10F59000034808BD04F0D6FC0028F9D108BD00BF1F
:10F5A000009FFFFF10B5044604F006FC2046BDE8AE
:10F5B000104001F063BE10B58421012001F058FE17
:10F5C000044608B104F0E8FB204610BDB2F5807F88
:10F5D00008B501D0034808BD04F0F4FB0028F9D1B8
:10F5E00008BD00BF009FFFFF08B504F00FFC034BF0
:10F5F00010F1510F08BF184608BD00BF009FFFFF64
:10F6000010B5044601F0EEFE2046BDE8104001F0C2
:10F6100035BE10B54FF48471012001F029FE044677
:10F6200008B101F0DAFE204610BD000010B512F05E
:10F63000070404D1D20801F0DBFE204610BD0148CA
:10F6400010BD00BF009FFFFF01F0F6BE10B50446DD
:10F6500004F078FB2046BDE8104001F00FBE10B565
:10F660007421012001F004FE044608B104F066FB99
:10F67000204610BD13460A46022104F061BB10B5B6
:10F680000446FDF729FD2046BDE8104001F0F6BD17
:10F6900010B54FF48C71012001F0EAFD044608B169
:10F6A000FDF70CFD204610BDFCF72CBFFCF708BF92
:10F6B000FDF744BD2DE9F043B2F5C07FADF53F7DC8
:10F6C00007468846154600F29B804FF4D072002111
:10F6D00056A80DF04BFD10A8FDF7F0FC5CAE2B0A10
:10F6E00000248DF86A312A462023414630468DF8A1
:10F6F0006F318DF868418DF869418DF86B510DF0CF
:10F700000DFD8023735523460DF803300133102B74
:10F71000FAD18022694610A8FCF7D2FE04460028E0
:10F7200052D119350646102200210DEB02000DF0D2
:10F730001DFD0DF25718A9460DF10F0308F1100138
:10F7400013F8010F18F8012F424088451A70F7D1BD
:10F7500004ABB9F1100F1A464FF0010110A894BF85
:10F76000C9EB0909A9F11009FDF7E8FC044658BBEB
:10F77000B9F1000FE0D108AB102298190DEB02018E
:10F780000DF0CCFC9DF85B3110360133202E8DF846
:10F790005B31C8D1802208A910A8FCF791FE04466D
:10F7A00090B907F120063D460CAB1A46012110A87E
:10F7B000FDF7C4FC044638B9284610220CA91035C0
:10F7C0000DF0ACFCAE42EFD110A8FDF785FC4FF474
:10F7D000D07156A8FCF704FE20210DEB0100FCF7C8
:10F7E000FFFD10216846FCF7FBFD10210DEB010029
:10F7F000FCF7F6FD3CB120213846FCF7F1FD02E0B4
:10F800006FF0370000E020460DF53F7DBDE8F08346
:10F810002DE9F04188B004460E46202200216846BA
:10F820000DF0A4FC4FF0000804F120070DEB0803D5
:10F8300004F1100111F8012D0132D2B20A700AB997
:10F84000A142F7D1224601213846FDF777FC054653
:10F85000E8B908F11008B8F1200FE7D1731E0DF1D7
:10F86000FF321F3612F8010F13F8011F4140B34257
:10F870001170F7D1802269463846FCF721FE054613
:10F8800028B910220DEB020120460DF047FC684616
:10F890002021FCF7A5FD284608B0BDE8F0812DE940
:10F8A000F04116468269B2F5C07FE0B005460F46CA
:10F8B000984644D8C2F5C0729A4240D3D21AB24296
:10F8C0003DD34FF4C072002168460DF04FFCD5F8CF
:10F8D0003831AA69D5F83C016946984710B16FF0F4
:10F8E00033002EE0AC69B8F1000F09D042466946FA
:10F8F000D5F83C01D5F8383198470028EFD1444479
:10F900003FB136B10DEB0400324639460DF006FC2E
:10F910003444224669466846FFF7CCFE044638B9AF
:10F9200069462846FFF774FF044608B901232B6196
:10F9300068464FF4C071FCF753FD204601E06FF0BC
:10F94000370060B0BDE8F08110B54FF4A4720446F2
:10F9500000210DF00BFC4FF0FF332361034B04F546
:10F96000A0701B68BDE81040184700BF18010020B8
:10F9700010B5044678B1084B00F5A0701B68984795
:10F9800004F12000FDF7A8FB20464FF4A471BDE868
:10F990001040FCF725BD10BD140100200023FFF727
:10F9A0007EBF2DE9FF4105468846144600211022FE
:10F9B000684605F120061F460DF0D8FB3046FDF7DE
:10F9C0007DFBAB69C5F83881C5F83C410BB92023F4
:10F9D000AB612C69002C05DAAC69172C9ABF013495
:10F9E000640800244FF6F073EB61802269463046CC
:10F9F000FCF766FD28B923460A9A39462846FFF7E0
:10FA00004EFF04B0BDE8F0812DE9F0418CB0B2F5B5
:10FA1000806F05460F4616469846129C5AD8B4F594
:10FA2000807F5AD82022002104A80DF09FFB2A696C
:10FA3000EB699A4201DC6B694BB12246414628468C
:10FA4000FFF7ACFF00284AD105F120082BE0002C7D
:10FA5000FAD02246414604A8FFF72CFE044678BBA4
:10FA600004A92846FFF7D4FE044648BBECE7AA42A7
:10FA700006D012F8013D0133DBB21370002BF6D033
:10FA80006B462A4601214046FDF758FB0446B8B9AB
:10FA9000102E344628BF10243846224669460DF001
:10FAA0003DFB2744361B16B105F11002E1E704A91E
:10FAB0002846FFF7ADFE044610B92B6901332B61D0
:10FAC000202104A8FCF78CFC68461021FCF788FC78
:10FAD000204604E06FF0350001E06FF037000CB015
:10FAE000BDE8F0810E4BF7B500F5A07504461B6824
:10FAF00028460E461746984780B9034600903A4676
:10FB000031462046FFF780FF064B04461B68284617
:10FB1000984700280CBF20466FF01D0003B0F0BDD1
:10FB20001C010020200100202DE9F041202B8AB08B
:10FB300080460D4617461E4609D9002302AA3146C3
:10FB4000384604F04BFD044600BB02AF20268DF87A
:10FB5000045045468DF8056055F8041B81B101231A
:10FB6000C8F80030022201A92846F8F7EFFA044647
:10FB700060B9324639462846F8F7E8FA044605E007
:10FB80002846F8F7C7FA04460028E8D002A8202142
:10FB9000FCF726FC20460AB0BDE8F0812DE9F043D1
:10FBA000D0F8F430A7B08046B3B3002604463746F9
:10FBB0006FF03B05B146D8F8F4309F4222DAD4F812
:10FBC0000831D4F8F850CDF80490012B4FF0900292
:10FBD00001AB02A9D4F8FC0008BF0126A8470546DE
:10FBE000A0B9019B5BB102AAF9B24046FFF79CFFA6
:10FBF000A0B9D4F80021019B1344C4F800310137A7
:10FC00001434D8E7002E08BF6FF03C0502A89021FD
:10FC1000FCF7E6FB284601E06FF03F0027B0BDE8A7
:10FC2000F083000038B50A4B04461B6800F52270CB
:10FC300098470025201DF8F751FAC4F8F4504FF406
:10FC4000C87104F1F800FCF7CBFB256038BD00BF9C
:10FC5000140100202DE9F0479846174B00F5227754
:10FC600006461B6838468A4691469847044600BBBC
:10FC7000D6F8F450132D0FDC142000FB0560089B10
:10FC8000C0F8F8A00135C0F8FC90C0F80481C0F8B5
:10FC90000831C6F8F45001E06FF03D04074B3846D8
:10FCA0001B68984700280CBF20466FF01D00BDE878
:10FCB000F087BDE8F08700BF1C0100202001002074
:10FCC00037B50025044629464FF4C872C0F8F450F1
:10FCD000F8300DF04BFA0A4B04F522701B68984778
:10FCE000204640F8045BF8F7E5F9012300932A4623
:10FCF000202304492046FFF7ADFF03B030BD00BF0D
:10FD000018010020717C04002DE9F043202A89B0FD
:10FD100005468946904673D83C4B00F522771B6810
:10FD20003846984700286DD14FF48176013E57D070
:10FD30002846FFF733FF0446002853D1D5F8F4C016
:10FD40002A46012160450EDAD2F800E1D2F80431EA
:10FD50009E4538BF0021D2F80831012B08BF7444FA
:10FD600001301432EEE70029E0D01F2CDED920222A
:10FD7000002168462E1D0DF0F9F969463046F8F766
:10FD8000EDF9044670BB3046F8F7A8F93046F8F7AD
:10FD900091F921463046F8F7BDF9044610BB202200
:10FDA00069463046F8F7D2F90446D8B903466A46A0
:10FDB0002021684604F012FC044698B9D5F8F420D6
:10FDC00003461421934205DA01FB03560133C6F8BA
:10FDD0000001F7E74246694648460DF09FF901E009
:10FDE0006FF03B0420216846FCF7FAFA084B3846CE
:10FDF0001B68984700280CBF20466FF01D0001E0EB
:10FE00006FF03B0009B0BDE8F08300BF1C0100208B
:10FE10002001002010B56C22002104460DF0A6F947
:10FE2000034B04F164001B68BDE81040184700BF95
:10FE3000180100202DE9F047054692B00068894678
:10FE4000924600F079FB0746B9F1000F05D0BAF1F0
:10FE5000000F14BF0226012600E001260023284CD3
:10FE60008DF8043005F10C089DF80430B3423ED201
:10FE7000284600F031FB0446C8BB3A4641462846B6
:10FE800000F0F0FA044690BB012201A9284600F0D8
:10FE9000E9FA044658BB022E06D002A9284600F013
:10FEA000F1FA044648B122E052464946284600F09D
:10FEB000D9FA04460028F0D019E03A4602A92846AB
:10FEC00000F076FA044690B93A464146284600F0DA
:10FED000C9FA044658B94146284600F0D3FA044608
:10FEE00028B99DF8043001338DF80430BCE702A82E
:10FEF0004021FCF775FA204612B0BDE8F08700BF3C
:10FF000000AFFFFF2DE9F0411646E0B004460F4672
:10FF10009846026D13B102EB42025208B6F5807F9B
:10FF200039D83244B2F5C07F35D84FF4C0720021C1
:10FF300068460DF01BF9E36D226D206E6946984707
:10FF400010B16FF0080028E0256DB8F1000F0AD05D
:10FF5000E36D206E6A080DEB050198470028F0D18B
:10FF6000236D05EB53053FB136B10DEB050032466D
:10FF700039460DF0D3F835442A4669462046FFF746
:10FF800059FF064608B90123E36468462946FCF791
:10FF900027FA304601E06FF0040060B0BDE8F08160
:10FFA0002DE9F0411746012204460E46984600F01E
:10FFB00039F9C8B9304600F0BFFA04F10C05024621
:10FFC0002946204600F0F4F970B9304600F0B4FA42
:10FFD0000121024628460DF0C9F84246394620461E
:10FFE000BDE8F041FFF726BFBDE8F0810023FFF731
:10FFF00089BF2DE9F84F044600680A9E15468846D9
:020000024000BC
:100000001F4600F099FAB5F5806F834647D8B6F5DC
:10001000807F48D8E36D73B1636D012B03D0E26C30
:10002000A36D9A4207DD324639462046FFF7DEFFD0
:10003000D8BB002608E03FB1002EFAD03246394640
:100040002046FFF7F7FE80BB04F10C09DDB15D45EA
:100050002046AA4628BFDA4600F03EFA28BB5A4698
:100060004946204600F0FEF9F8B94946204600F01E
:1000700009FAD0B94046524649460DF04FF8D044EF
:10008000CAEB0505E2E7324639462046FFF7D2FEC5
:1000900058B9E36C0133E3642846BDE8F88F6FF08C
:1000A0000200BDE8F88F6FF00400BDE8F88F000093
:1000B0000E4BF7B500F1640504461B6828460E4652
:1000C0001746984780B9034600903A463146204685
:1000D000FFF78FFF064B04461B6828469847002809
:1000E0000CBF20466FF01D0003B0F0BD1C010020C6
:1000F0002001002010B5044660B1074B64301B6836
:100100009847204600F062F820466C21BDE8104078
:10011000FCF766B910BD00BF14010020004870470D
:100120002C51050010B5044600B3014614480DF0EB
:100130004EF908B9134810BD214613480DF047F990
:100140000028F7D0214611480DF041F980B1214631
:100150000F480DF03CF968B121460E480DF037F913
:1001600050B121460C480DF032F938B1002010BDD5
:100170000A4810BD0A4810BD0A4810BD0A4810BD03
:100180004354050014510500962205006E540500E5
:100190009B540500C8540500F55405001C5105008A
:1001A0004C51050024510500445105000438C0B2EB
:1001B00004289ABF024B53F820000020704700BF6C
:1001C000545105000C2200210CF0D0BF10B504469C
:1001D00038B303682BB3406898B11B79043B042BF8
:1001E0000CD8DFE803F003060609090004F082F8E2
:1001F00004E0F7F773FF01E001F064FB606801F0D1
:100200003DF8A06838B1236899794900FCF7E8F80F
:10021000A06801F033F820460C21BDE81040FCF73F
:10022000DFB810BD70B5044616460D46002933D020
:10023000002831D00B79043B042B2DD8DFE803F0E4
:10024000030C0C151500F021012001F011F860607D
:10025000E8B104F03BF810E0F021012001F008F8CB
:100260006060A0B1F7F726FF07E0D821012000F079
:10027000FFFF606058B101F017FB56B1A979022069
:1002800000F0F6FFA06020B92046FFF79FFF03486B
:1002900070BD2560002070BD014870BD80AEFFFFBD
:1002A00000AFFFFFC8B10368BBB11B79043B042B4F
:1002B00013D8DFE803F00306080C0E00406804F0D2
:1002C0001FB8012100E000214068F7F723BF01219A
:1002D00000E00021406801F017BB0148704700BFF3
:1002E00000AFFFFF00B5C8B10368BBB11B79043B89
:1002F000042B13D8DFE803F00308080D0D00406855
:100300005DF804EB04F00EB840685DF804EBF7F715
:100310001DBF40685DF804EB02F0FABD01485DF8CE
:1003200004FB00BF00AFFFFF98B103688BB11B79DE
:10033000043B042B0DD8DFE803F00306060909008F
:10034000406803F0F7BF4068F7F708BF406802F065
:1003500073BE0148704700BF00AFFFFF10B40C46EA
:1003600011461A46E8B10379043B042B19D8DFE89B
:1003700003F003080A10120020465DF8044B04F055
:1003800055B9012300E0002320465DF8044B04F03A
:1003900025B9012300E0002320465DF8044B03F05B
:1003A00077BC02485DF8044B704700BF00AFFFFF09
:1003B0002DE9F0410E4690B09046054600284BD0FE
:1003C0000368002B48D08268002A45D09B794345BA
:1003D00015D2FFF767FF0446002837D14246314661
:1003E0002846FFF77FFF044680BB69462846FFF793
:1003F0009BFF044650BB2B6893F805806E462B6824
:10040000AF689A7936213846BC180CF0AFFE2B68DD
:100410005C219A7920460CF0A9FE0023984509D06A
:10042000F95CF25C4A40FA54E15CF25C4A40E25406
:100430000133F3E72846FFF735FF044630B92B6850
:1004400039469A792846FFF74DFF04466846402111
:10045000FBF7C6FF204600E0014810B0BDE8F08180
:1004600000AFFFFF10B438B104682CB183681BB132
:100470005DF8044BFFF736BF01485DF8044B704749
:1004800000AFFFFFF0B50E4691B00446F8B1036827
:10049000EBB18568DDB169469F79FFF745FFB8B9D3
:1004A0002046FFF7FFFE98B92368E9199A7920469C
:1004B000FFF718FF60B9236869465A792046FFF7AD
:1004C00011FF28B931462046FFF72EFF00E0014812
:1004D00011B0F0BD00AFFFFF38B5044670B103683E
:1004E00063B1856855B1FFF7DDFE40B92368294641
:1004F0009A792046BDE83840FFF7F4BE004838BD81
:1005000000AFFFFF98B103688BB11B79043B042B4C
:100510000DD8DFE803F0030606090900406803F080
:10052000F9BE4068F7F70ABE406801F0BFBA01485B
:10053000704700BF00AFFFFF00B14079704700B1C6
:100540000079704738B5054648B1094C04E0626847
:100550006B689A4205D0143420680028F7D1002037
:1005600038BDA9680CF0CCFD0028F4D1204638BD78
:10057000D45A050070B50E46054680B1094C206876
:1005800068B162686B689A4201D01434F7E7A968D1
:100590000CF0B6FD0028F8D12369336070BD6FF010
:1005A0002D0070BD485A050038B50D461446FFF7BA
:1005B000C9FF28B1037C2B70437C2370002038BD19
:1005C0006FF02D0038BD000070B50E46054680B1B5
:1005D000094C206868B162686B689A4201D0143493
:1005E000F7E7A9680CF08CFD0028F8D1237C337064
:1005F00070BD6FF02D0070BDE051050070B50E4666
:10060000054680B1094C206868B162686B689A42FF
:1006100001D01434F7E7A9680CF072FD0028F8D176
:10062000237C337070BD6FF02D0070BD205A050023
:1006300070B50E46054680B1094C206868B1626805
:100640006B689A4201D01434F7E7A9680CF058FDA2
:100650000028F8D1237C337070BD6FF02D0070BD81
:100660003052050070B50E46054680B1094C206831
:1006700068B162686B689A4201D01434F7E7A968E0
:100680000CF03EFD0028F8D1237C337070BD6FF074
:100690002D0070BD68510500002303604360704762
:1006A00010B5044650B1036813B19B6A406898477F
:1006B00020460821BDE81040FBF792BE10BD0000A7
:1006C0000238C0B202289ABF024B53F82000002023
:1006D000704700BF4C5B050070B505460E4641B142
:1006E000046834B94B6A9847686020B12E60204690
:1006F00070BD024870BD024870BD00BF80C1FFFFE1
:1007000080C0FFFF20B1036813B1DB6808461847BB
:10071000002070472DE9F04717460268DDF8208079
:10072000DDF8249004460E4612B90E48BDE8F08765
:100730003BB90846FFF73AFD0028F6D0FFF7FCFE6C
:1007400003462268156955B1CDF82490CDF8208074
:100750003A4631466068AC46BDE8F047604702481B
:10076000BDE8F08780C1FFFF00C1FFFF1FB5002477
:100770000294079C0194069C0094FFF7CBFF04B001
:1007800010BD00002DE9F14F1E4613680AAF054663
:100790008B46144697E880070BB90F4819E00146CD
:1007A0001046FFF7AFFF88B1062D11D0BBF1000F47
:1007B000F3D143463A4631462046CDF82CA0CDF839
:1007C000289001B0BDE8F04FFFF7D0BF034800E02C
:1007D000034801B0BDE8F08F80C1FFFF00C1FFFFFB
:1007E00080C6FFFF2DE9F0471646026808AF0446B1
:1007F0000D4697E8800712B91148BDE8F0873BB96C
:100800000846FFF7D3FC0028F6D0FFF795FE034615
:100810002268D2F814E0BEF1000F0DD0CDF82CA064
:10082000CDF82890CDF82480089732462946606894
:10083000F446BDE8F04760470248BDE8F08700BFD6
:1008400080C1FFFF00C1FFFF10B586B000240494F3
:100850000B9C03940A9C0294099C0194089C0094AC
:10086000FFF7C0FF06B010BD10B1006800B10078FE
:100870007047023802288CBF002001207047806D2D
:100880007047000002230B708830024B4B60886079
:10089000704700BF585B0500023801288CBF00205C
:1008A00001207047031F58425841704710B5044655
:1008B000F4F7F2FA2046BDE8104000F0DFBC10B5B6
:1008C000AC21012000F0D4FC044608B1F4F74EFA44
:1008D000204610BDF5F7C6BC10B5AC21012000F0D4
:1008E000C7FC044608B103F073FE204610BD10B5E6
:1008F000044603F06FFE2046BDE8104000F0BEBC89
:1009000010B45DF8044B03F0A5BDF0B5B1B00446DA
:1009100005A80D4616461F4603F05AFE214605A8B7
:1009200003F036FE044670B9399B0393389B02935B
:10093000379B0193369B009332463B46294605A8D8
:1009400003F088FD044605A803F044FE204631B0BC
:10095000F0BD000007B511461A46059B0093049BA5
:1009600003F0CAFD034B10F5984F08BF184603B0BB
:100970005DF804FB00C7FFFFF0B5AFB0044603A865
:100980000D4616461F4603F023FE214603A803F03A
:10099000FFFD044650B9359B0193349B00933246CA
:1009A0003B46294603A8FFF7D5FF044603A803F0FA
:1009B00011FE20462FB0F0BDF0B50368062BC1B084
:1009C00004460D460CD101A9FFF718FE002840F09F
:1009D0004B812B789DF80410002B40F03F813FE1C4
:1009E00002A8F4F799F9A368666800931E4421AA47
:1009F00031466846FCF7E3FF002840F0C680219BA3
:100A0000013B022B01D99B4C20E1302301AA314646
:100A10006846FCF776FF0446002840F017819DE801
:100A200088001F4401AA062339466846FCF769FF7F
:100A30000446002840F00A81019A072A01D08E4C12
:100A400004E18E4900980CF05BFB0028F7D19DE88B
:100A50000C0039461344684603AA0093FCF7B3FF21
:100A6000002840F0928003A8FDF780FB009B1890BF
:100A70009F4201D0824CE9E0302301AA314668460A
:100A8000FCF73FFF0446002840F0E0809DE8180096
:100A90001C4404230DEB030221466846FCF731FF9A
:100AA000002872D19DE8060006A8FDF7BAFB0028D1
:100AB0006BD19DE80C001344009304230DEB03025B
:100AC00021466846FCF71DFF00285ED19DE8060020
:100AD00009A8FDF7A6FB002857D19DE80C00134498
:100AE000009301AA032321466846FCF70AFF18B9C0
:100AF0009DE80C0013440093009B9C42BAD1042350
:100B00000DEB030231466846FCF7FBFE00283CD1A2
:100B10009DE80C000CA902A8F4F786FA50B99DE8EC
:100B20000C0031461344684615AA0093FCF74BFFAE
:100B300058BB2EE010F59D4F7FF465AF009B1B78EE
:100B4000023B012B3FF65FAF03A8FDF72FFB019B94
:100B5000411C994202467FF456AF00990CA801311E
:100B6000FDF75FFB00287FF44EAF009B19780FA8BC
:100B70000239FDF78DFA00287FF445AF012112A854
:100B8000FDF786FA0028CAD03DE7A0F5745424B1D9
:100B90005CE015A8FDF7EAFA199021A8F4F7BCF873
:100BA000F4F766F8064633783746002B41D021A883
:100BB000F4F726F9397821A8F6F7CEFC0136044679
:100BC000002837D1379B189A9A42ECD1389B199A52
:100BD0009A42E8D122A903A8FDF78CFC0028E2D1B3
:100BE00025A906A8FDF786FC0028DCD128A909A8BC
:100BF000FDF780FC0028D6D134A915A8FDF77AFCB2
:100C00000028D0D12BA90CA8FDF774FC0028CAD16C
:100C100031A912A8FDF76EFC0028C4D100210FA84D
:100C2000FDF752FA002104462EA8FDF74DFA844242
:100C3000B9D1002421A8F4F7E3F83B788DF804300B
:100C400024B93A780F4B002A08BF1C4602A8F4F7D3
:100C5000D7F8002C3FF4BDAE204608E0994205D1FC
:100C60002846F6F779FC02E0074800E0014841B069
:100C7000F0BD00BF00C3FFFF80C6FFFF005C0500A2
:100C80009AC2FFFF80B1FFFF00C6FFFFF0B5064626
:100C900085B00F461C460021184615460C220CF064
:100CA00065FA234601AA39463046FCF739FF10B1F0
:100CB000A0F56A5014E0294601A8FFF785FC60B949
:100CC0002B78012B0CD12368052B00D03BB963682E
:100CD0000448002B08BF002002E0034800E0014860
:100CE00005B0F0BD80C5FFFF80C3FFFFF0B589B040
:100CF000054604913023114404A803AAFCF701FE21
:100D0000002869D1039B049F1F4402AA394604A806
:100D1000FCF755FE00285FD1029B012B40F0988024
:100D2000042303AA394604A8FCF7EBFD002853D19D
:100D300005F17C06039A04993046FDF772FA0446E1
:100D4000002867D1049A039B13449F4204932FD039
:100D5000A02303AA394604A8FCF7D3FD044620BB10
:100D6000039A049B002A03EB020477DD1B780593AA
:100D7000062B01D0302B73D106AA214604A8FCF71C
:100D8000C0FD48B1B0F574545ED1294605A8FFF7FF
:100D900013FE044660B157E0049A069B0792134481
:100DA0009C420493F1D0304C4EE010F1620F31D1EF
:100DB000049B9F4234D0A12303AA394604A8FCF720
:100DC000A0FD044618BB039B049C1C4403AA2146B7
:100DD00004A8FCF772FE10B1A0F5745042E0049A2A
:100DE000039B13449C4235D105F18807A31A394669
:100DF0002846F4F719F918B939462846F4F73AFBAA
:100E00000494D8B110F59D4F0AD018482AE010F18B
:100E1000620F05D02846F4F73FF8A4F5745021E09E
:100E2000002301930093324605F1280305F1880160
:100E30002846F5F727F904460028EBD13146284625
:100E4000F5F7D8F9044638B12846F4F725F803E059
:100E5000074807E0044805E0204603E0054CF3E7B7
:100E6000054CF1E709B0F0BD9AC2FFFF00C3FFFFD8
:100E700080C2FFFFA0C2FFFF9EC2FFFF70B588B017
:100E80000023064604918DF807301144302303AA4D
:100E900004A8FCF736FDD0B9039B049D1D4402AAAB
:100EA000294604A8FCF78BFD88B9029C002C36D19A
:100EB00005AB0DF10702294604A8FFF7E7FE30B99C
:100EC000042303AA294604A8FCF71BFD10B1A0F5D2
:100ED000745429E0039B23B39DF80700FFF7F0FB50
:100EE000014608B9124C1FE03046FFF7F5FBD0B9B8
:100EF0009DF80730023B012BF4D8716805A8FFF775
:100F00005BFD054630B9039A04997068FFF7EEFE61
:100F1000054648B13046FFF7C3FB2C4604E0054CBC
:100F200002E0054C00E00446204608B070BD00BF5A
:100F300080C3FFFF80C2FFFFA0C2FFFFF0B58DB0EE
:100F40000646129D05911F46114425B3302304AA7D
:100F500005A8FCF7D6FC80B9049B059C1C4406AA96
:100F600009AB214605A8FCF7DBFD30B9042304AA30
:100F7000214605A8FCF7C5FC10B1A0F5745024E08B
:100F8000079A092A09D108991148059C0CF0B8F86C
:100F9000014610B903E00F4817E00F4815E0049B25
:100FA0000193059B009302942B463A4609A800F052
:100FB00087FB28B1094B10F5385F08BF184604E0DD
:100FC000049A21463046FFF759FF0DB0F0BD00BF2F
:100FD000085C050000C4FFFF80C6FFFF80C4FFFF60
:100FE0002DE9F04387B0002317468DF8073002AA99
:100FF00030230646FCF785FC10B1A0F574504BE099
:10100000029B35681D440DF1070203AB29463046AB
:10101000FFF73CFE00283FD102AA29463046FCF7E4
:101020004CFD10B1A0F56C5036E03268029B1344C1
:101030009D4228D19DF80700FFF742FB014620B3EF
:101040003846FFF749FB38BB9DF80730023B012BC0
:101050001DD8796803A8FFF7AFFC0446C0B9D7F8DC
:101060000480326808F18809AB1A49464046F3F714
:10107000DBFF044620B949464046F4F7FBF9044635
:10108000356044B104E0064806E0064804E0054C3B
:101090003846FFF705FB204607B0BDE8F08300BFE8
:1010A0009AC4FFFF80C3FFFF2DE9F04389B00546D6
:1010B0000C461F46DDF840801646002A00F0B88036
:1010C00006F1FF3905A800F0E9F814F809301BB162
:1010D00014F809306BBB30E004AB02938DE880015B
:1010E0002346574A574905A800F0DCF878B9022092
:1010F000FFF7E6FA01462846FFF7EEFA0446002815
:101100004DD1069A05996868FFF7F0FD45E010F5A6
:101110009C5F01D14C4890E010F5985F00F08A8008
:1011200010F5845F40F08980D2E710F5845F40F0CD
:10113000848014F80930ABB91BE004AA0292019331
:101140000093424A4249234605A800F0ABF8002824
:10115000EBD1069A05992846FFF790FE1DE010F5A1
:10116000845F6AD13146012000F082F88146F0B9EF
:1011700062E004AA029201930093364A364923465C
:1011800005A800F08FF80028E9D1CDF800803B4693
:10119000069A05992846FFF7D1FE044610B1284665
:1011A000FFF77EFA05A800F005F9204645E0324633
:1011B00021460BF0B3FF3B4632464946CDF800804E
:1011C0002846FFF7BBFE314607464846FBF708F9BD
:1011D000484600F053F80FB900202EE02846FFF7EC
:1011E0005FFA2846FFF758FA17F56E5F92D032463D
:1011F00021462846FFF742FE0028EDD02846FFF79B
:101200004FFA2846FFF748FA0220FFF759FA01463D
:101210002846FFF761FA18B12846FFF741FA07E0C0
:10122000324621466868FFF761FD0028D4D0F3E715
:101230000A4802E00A4800E00A4809B0BDE8F08325
:10124000125C05002F5C050080C4FFFF4E5C0500AA
:10125000685C0500845C0500A85C050000C3FFFF16
:1012600000C4FFFF80C0FFFF0020704770470000F0
:10127000014B1B68184700BF10010020014B1B6881
:10128000184700BF0C010020024B1860024B0020E1
:1012900019607047100100200C0100200C22002171
:1012A0000BF064BF2DE9F043894685B090461F4698
:1012B0000646002866D018460CF0B6F8044608B971
:1012C000354866E0414638460CF0AEF80546002841
:1012D000F6D08442F4D248460CF08BF8225C2318F6
:1012E000202A08BF01331A780D2A08BF01331A7863
:1012F0000A2AE5D140465C1C0CF07BF82A5C2B18CE
:10130000202A08BF01331A780D2A08BF01331A7842
:101310000A2A08BF0133DB1B0E9A2F1B152F1360FF
:1013200002DCA54209D82FE016221C4920460BF00A
:10133000E7FE0028F5D11A482BE00021009723464C
:1013400003AA084600F09AF82C301FD00399012018
:10135000FFF78EFF0546D8B12346009703AA0399ED
:1013600000F08CF8044648B103992846FBF738F89A
:101370002846FFF783FFA4F588500AE0039B3560F9
:10138000736006E0074804E0074802E0074800E011
:10139000074805B0BDE8F08380EFFFFF025D050060
:1013A00000ECFFFF80EBFFFF00EFFFFFD4EEFFFF3D
:1013B00080EEFFFF10B50446006810B16168FBF7CE
:1013C0000FF82068FFF75AFFA068FFF757FF204685
:1013D0000C21BDE81040FBF703B84FF484720021E4
:1013E0000BF0C4BE18B14FF48471FAF7F9BF70471F
:1013F0000023F0B50360436000F10806F3540133A5
:10140000B3F5807FFAD10024C51D234600F20710F2
:10141000A24298BF002415F8017F11F804E03B4474
:101420007344DBB2A84216F803E085F800E004F14B
:101430000104F754ECD1F0BDF0B50568446800F143
:10144000080E00278F4215D00135EDB21EF805C0F9
:101450006444E4B21EF804600EF8056066440EF8B9
:1014600004C0F6B21EF806C0D65D8CEA0606DE554C
:101470000137E7E7056044600020F0BD2DE9F04347
:10148000079EDFF8388100273C463D46B5423CD2F6
:101490004FF0000C13F805E0BEF1200F04D1013528
:1014A000AE420CF1010CF5D8AE422ED0C5EB060EC3
:1014B000BEF1010F0BD913F805E0BEF10D0F06D1F7
:1014C00003EB050E9EF801E0BEF10A0F1BD013F8E6
:1014D00005E0BEF10A0F16D0BCF1000F69D1BEF1D4
:1014E0003D0F02D10137022F63D81EF0800F60D16B
:1014F00018F80EE0BEF17F0F5BD0BEF13F0F01D8B0
:10150000002F56D101340135C0E71CB914602046C4
:10151000BDE8F08304F0070E0626E40806FB0EFE85
:1015200074430EF1070EE41B04EBDE0460B18C4241
:101530000AD8002603EB050E014603253446DFF8E2
:101540007CC0DFF87C800FE014606FF02900BDE8FC
:10155000F08313F8019BA9F10A07FFB2162F06D8F2
:1015600028FA07F7FF0702D57345F2D11CE01CF8F3
:1015700009700134402F08BF013D07F03F07042CDC
:1015800047EA8616F0D16DB1340C012D0C7001D1F3
:10159000013107E0022D4FEA16244C7016BF8E7001
:1015A000023103310024DFE7081A10600020BDE893
:1015B000F0836FF02B00BDE8F08300BF195D0500DC
:1015C000090040002DE9F04FA3B0044600682E9DAD
:1015D0000E4690461F46FEF7AFFF0DF1040A0422A7
:1015E0000021814650460BF0C1FD012342463146A1
:1015F00020468DF80730FEF7DBFE00285CD112AEE6
:101600000DF10808002D56D02C9A39462046FEF7D9
:1016100029FF002850D1042251462046FEF722FF20
:10162000002849D131462046FEF72CFF002843D13F
:101630002046FEF751FF00283ED14A46314640463B
:101640000BF06CFD4FF0010B2D9B9B451AD24A46C7
:1016500041462046FEF706FF70BB41462046FEF796
:1016600011FF48BB2046FEF737FF28BB484506DA86
:10167000325C18F80030534033540130F6E70BF178
:10168000010BE1E74D45AB4628BFCB465A463146F4
:101690002F980BF043FD2F9B5B44CBEB05052F935D
:1016A000424612F8013D0133DBB21370002BA9D181
:1016B0005245F6D1A6E7284623B0BDE8F08F0000DA
:1016C0002DE9F043BBB01F46002305930693089312
:1016D0004468836807931C4403684FF00409302B67
:1016E0000D4616468DF8129042D10FAB09AA21463D
:1016F00007A8FCF715FA002837D10A9A092A40F002
:10170000C3800B9962480BF0FBFC002840F0BC80C2
:10171000119B109A239303EB02080F9B302B27D1C8
:101720004B4616AA414623A8FCF7EBF8002833D114
:10173000239A169B17921344414605AA23A8239384
:10174000FCF73DF940BB239B984513D19DF812004F
:10175000FEF72CFD8146002800F0968012AB0CAA03
:10176000214607A8FCF7DCF938B3A0F53C508CE023
:1017700048488AE006AA414623A8FCF720F910B1A0
:1017800010F1620F08D1239B9845DFD02BAA414668
:1017900023A8FCF70FFA20B1A0F53C50002874D123
:1017A000D4E70DF112012BA8FEF75CFF00286BD1E6
:1017B000239B9845CAD0384867E00DF113010CA867
:1017C000FEF736FF00285FD19DF81300FDF706FDF8
:1017D0008046002858D04368DB080693129B042BF0
:1017E00050D1C368139A9A424CD118A8FEF7EAFC6C
:1017F0002BA8FDF701FD139A149923A80BF08EFC7A
:101800000122494618A8FEF70DFD0446002831D1F3
:10181000069B0293059B01930DF16C09169B0093A7
:10182000CDF80C90179B3A46314618A8FFF7CAFE30
:101830000446F8B941462BA8FDF7FAFC0446C8B99E
:10184000069A6BB2D20049462BA8FDF709FD044663
:1018500080B908AB0293449B0193439B0093139A76
:10186000429B23A92BA8FDF7C3FDA4F538540028FB
:1018700008BF002418A8FEF7A9FC2BA8FDF7C0FCA0
:10188000204602E0054800E005483BB0BDE8F08393
:10189000995D05009ED0FFFF9AD0FFFF00D1FFFFAA
:1018A00080D1FFFF0000000080B582B000AF7860FB
:1018B000D822002178680BF059FC00BF0837BD46DC
:1018C00080BD00BF80B582B000AF78607B68002B20
:1018D00004D0D8217868FAF783FD00E000BF08370C
:1018E000BD4680BD80B582B000AF786039607A684F
:1018F0003B6810461946D8231A460BF00FFC00BF70
:101900000837BD4680BD00BF90B482B000AF78609C
:1019100039607A684FF000034FF00004C2E90034E8
:101920007A684FF000034FF00004C2E902343B68CC
:10193000002B30D17A6836A4D4E90034C2E90434EB
:101940007A6835A4D4E90034C2E906347A6834A44C
:10195000D4E90034C2E908347A6833A4D4E9003405
:10196000C2E90A347A6832A4D4E90034C2E90C34FA
:101970007A6831A4D4E90034C2E90E347A6830A41C
:10198000D4E90034C2E910347A682FA4D4E90034D1
:10199000C2E912342FE07A682DA4D4E90034C2E9F8
:1019A00004347A682CA4D4E90034C2E906347A6895
:1019B0002BA4D4E90034C2E908347A682AA4D4E913
:1019C0000034C2E90A347A6829A4D4E90034C2E9AF
:1019D0000C347A6828A4D4E90034C2E90E347A6859
:1019E00027A4D4E90034C2E910347A6826A4D4E9E3
:1019F0000034C2E912347B683A68C3F8D02000236F
:101A000018460837BD4690BC704700BFAFF3008052
:101A100008C9BCF367E6096A3BA7CA8485AE67BB01
:101A20002BF894FE72F36E3CF1361D5F3AF54FA52C
:101A3000D182E6AD7F520E511F6C3E2B8C68059B08
:101A40006BBD41FBABD9831F79217E1319CDE05BC0
:101A5000D89E05C15D9DBBCB07D57C362A299A62ED
:101A600017DD70305A01599139590EF7D8EC2F15FE
:101A7000310BC0FF6726336711155868874AB48E4B
:101A8000A78FF9640D2E0CDBA44FFABE1D48B54795
:101A900080B582B000AF7860396039687868FFF748
:101AA00033FF00BF0837BD4680BD00BF2DE9F00FF2
:101AB000ADF5976D00AF07F5EE73186007F5EC73A1
:101AC00019600023C7F8B43416E007F5EE731A68FE
:101AD000D7F8B4340233DB001344D3E9001207F51E
:101AE000F070D7F8B434DB000344C3E90012D7F830
:101AF000B4340133C7F8B434D7F8B434072BE4DD79
:101B00000023C7F8B434D4E0D7F8B434DB001A4665
:101B100007F5EC731B6813441B78DBB24FF000042D
:101B20001B06C7F8BC310023C7F8B831D7F8B43466
:101B3000DB005A1C07F5EC731B6813441B78DBB2FF
:101B40004FF000041B04C7F8B4310023C7F8B031CC
:101B500007F5DC73D3E9000107F5D873D3E9003446
:101B600040EA030041EA0401D7F8B434DB009A1CD0
:101B700007F5EC731B6813441B78DBB24FF00004CD
:101B80001B02C7F8AC310023C7F8A83107F5D4739E
:101B9000D3E9003443EA000344EA0104184621462D
:101BA000D7F8B434DB00DA1C07F5EC731B68134478
:101BB0001B78DBB24FF000041B00C7F8A4310023F0
:101BC000C7F8A03107F5D073D3E9003443EA000326
:101BD00044EA010418462146D7F8B434DB001A1D44
:101BE00007F5EC731B6813441B78DBB24FF000045D
:101BF0004FEA046B4BEA132B4FEA036A40EA0A00F0
:101C000041EA0B01D7F8B434DB005A1D07F5EC7339
:101C10001B6813441B78DBB24FF000044FEA044901
:101C200049EA13494FEA034840EA080041EA09013A
:101C3000D7F8B434DB009A1D07F5EC731B68134426
:101C40001B78DBB24FF000042202C7F8D421D7F88A
:101C5000D42142EA1362C7F8D4211B02C7F8D0315D
:101C600007F5E873D3E9003443EA000344EA0104CA
:101C700018462146D7F8B434DB00DA1D07F5EC73BB
:101C80001B6813441B78DBB24FF0000440EA0305E5
:101C900041EA04062946324607F50870D7F8B434FD
:101CA000DB000344C3E90012D7F8B4340133C7F8AA
:101CB000B434D7F8B4340F2B7FF726AFC9E0D7F888
:101CC000B434023B07F50872DB001344D3E9003457
:101CD0006103DA0C0A43C7F898215A03E30C134353
:101CE000C7F89C31D7F8B434023B07F50872DB0023
:101CF0001344D3E90034590FE2000A43C7F8942192
:101D0000620FDB001343C7F8903107F5CC73D3E9BA
:101D1000000107F5C873D3E9003480EA030081EAC3
:101D20000401D7F8B434023B07F50872DB00134412
:101D3000D3E900349A09C7F8C821D7F8C82142EA84
:101D40008462C7F8C821A309C7F8CC3107F5E4734A
:101D5000D3E9003483EA000384EA010418462146EB
:101D6000D7F8B434073B07F50872DB001344D3E916
:101D70000034C51841EB0406D7F8B4340F3B07F51F
:101D80000872DB001344D3E90034E1075A080A4320
:101D9000C7F88821DA0763081343C7F88C31D7F8EE
:101DA000B4340F3B07F50872DB001344D3E9003469
:101DB00021061A0A0A43C7F880211A06230A134388
:101DC000C7F8843107F5C473D3E9000107F5C07380
:101DD000D3E9003480EA030081EA0401D7F8B4347F
:101DE0000F3B07F50872DB001344D3E90034DA092E
:101DF000C7F8C021D7F8C02142EA4462C7F8C02121
:101E0000E309C7F8C43107F5E073D3E9003483EA86
:101E1000000384EA0104E81846EB0401D7F8B4345F
:101E2000103B07F50872DB001344D3E90034C518F2
:101E300041EB04062946324607F50870D7F8B4345A
:101E4000DB000344C3E90012D7F8B4340133C7F808
:101E5000B434D7F8B4344F2B7FF731AF0023C7F831
:101E6000B43407F5F073D3E90E8907F5F073D3E9BD
:101E70000834A1049A0B0A43C7F878219A04A30BEB
:101E80001343C7F87C3107F5F073D3E90834A10395
:101E90009A0C0A43C7F870219A03A30C1343C7F89E
:101EA000743107F5BC73D3E9005607F5B873D3E96D
:101EB000003485EA030586EA040607F5F073D3E9E2
:101EC0000834590AE2050A43C7F86C21620ADB05A7
:101ED0001343C7F8683107F5B473D3E9003483EAD4
:101EE000050384EA060418EB030A49EB040B07F523
:101EF000F073D3E90C8907F5F073D3E9085607F5B9
:101F0000F073D3E90A1207F5F073D3E90C3483EACE
:101F1000010384EA020403EA050304EA060483EAEF
:101F2000080384EA09041AEB03004BEB0401CA4AD4
:101F3000D7F8B434DB001344D3E90034C01841EBC4
:101F4000040107F50872D7F8B434DB001344D3E971
:101F500000341B1844EB010407F59562C2E9003414
:101F600007F5F073D3E9003421011A0F0A43C7F8CB
:101F700060211A01230F1343C7F8643107F5F0738A
:101F8000D3E900349908A2070A43C7F85C21A208E4
:101F90009B071343C7F8583107F5B073D3E90056D0
:101FA00007F5AC73D3E9003485EA030586EA040635
:101FB00007F5F073D3E90034D90962060A43C7F87C
:101FC0005421E2095B061343C7F8503107F5A873A3
:101FD000D3E900AB8AEA050A8BEA060B07F5F07332
:101FE000D3E9001207F5F073D3E9023401EA0308DC
:101FF00002EA040907F5F073D3E9045607F5F07314
:10200000D3E9001207F5F073D3E9023443EA010380
:1020100044EA020403EA050304EA060443EA080367
:1020200044EA090413EB0A0344EB0B0407F594623A
:10203000C2E9003407F5F073D3E9061207F595639A
:10204000D3E90034C91842EB040207F5F073C3E981
:10205000061207F59563D3E9001207F59463D3E9F7
:102060000034C91842EB040207F5F073C3E90E12FD
:10207000D7F8B4340133C7F8B43407F5F073D3E9B3
:102080000C8907F5F073D3E90634A1049A0B0A43CF
:10209000C7F848219A04A30B1343C7F84C3107F53E
:1020A000F073D3E90634A1039A0C0A43C7F8402120
:1020B0009A03A30C1343C7F8443107F5A473D3E97B
:1020C000005607F5A073D3E9003485EA030586EAD4
:1020D000040607F5F073D3E90634590AE2050A430A
:1020E000C7F83C21620ADB051343C7F8383107F50E
:1020F0009C73D3E9003483EA050384EA060418EBF1
:10210000030A49EB040B07F5F073D3E90A8907F5D5
:10211000F073D3E9065607F5F073D3E9081207F513
:10212000F073D3E90A3483EA010384EA020403EA80
:10213000050304EA060483EA080384EA09041AEBA7
:1021400003004BEB0401444AD7F8B434DB001344DA
:10215000D3E90034C01841EB040107F50872D7F841
:10216000B434DB001344D3E900341B1844EB0104FE
:1021700007F59562C2E9003407F5F073D3E90E3430
:1021800021011A0F0A43C7F830211A01230F134304
:10219000C7F8343107F5F073D3E90E349908A20774
:1021A0000A43C7F82C21A2089B071343C7F828311C
:1021B00007F59873D3E9005607F59473D3E9003413
:1021C00085EA030586EA040607F5F073D3E90E34C1
:1021D000D90962060A43C7F82421E2095B061343C2
:1021E000C7F8203107F59073D3E900AB8AEA050AF6
:1021F0008BEA060B07F5F073D3E90E1207F5F073BF
:10220000D3E9003401EA030802EA040907F5F07390
:10221000D3E9025607F5F073D3E90E1207F5F07310
:10222000D3E9003443EA010344EA020403EA050364
:1022300004EA060443EA080344EA090413EB0A0328
:1022400044EB0B0407F59462C2E9003407F5F07320
:10225000D3E9041202E000BFA85D050007F595630D
:10226000D3E90034C91842EB040207F5F073C3E95F
:10227000041207F59563D3E9001207F59463D3E9D7
:102280000034C91842EB040207F5F073C3E90C12DD
:10229000D7F8B4340133C7F8B43407F5F073D3E991
:1022A0000A8907F5F073D3E90434A1049A0B0A43B1
:1022B000C7F818219A04A30B1343C7F81C3107F57C
:1022C000F073D3E90434A1039A0C0A43C7F8102130
:1022D0009A03A30C1343C7F8143107F58C73D3E9A1
:1022E000005607F58873D3E9003485EA030586EACA
:1022F000040607F5F073D3E90434590AE2050A43EA
:10230000C7F80C21620ADB051343C7F8083107F54B
:102310008473D3E9003483EA050384EA060418EBE6
:10232000030A49EB040B07F5F073D3E9088907F5B5
:10233000F073D3E9045607F5F073D3E9061207F5F5
:10234000F073D3E9083483EA010384EA020403EA60
:10235000050304EA060483EA080384EA09041AEB85
:1023600003004BEB0401C74AD7F8B434DB00134435
:10237000D3E90034C01841EB040107F50872D7F81F
:10238000B434DB001344D3E900341B1844EB0104DC
:1023900007F59562C2E9003407F5F073D3E90C3410
:1023A00021011A0F0A43C7F800211A01230F134312
:1023B000C7F8043107F5F073D3E90C349908A20784
:1023C0000A43C7F8FC20A2089B071343C7F8F8305C
:1023D00007F58073D3E90056D7E93E3485EA030553
:1023E00086EA040607F5F073D3E90C34D9096206CE
:1023F0000A43C7F8F420E2095B061343C7F8F0303C
:10240000D7E93CAB8AEA050A8BEA060B07F5F073BD
:10241000D3E90C1207F5F073D3E90E3401EA03088F
:1024200002EA040907F5F073D3E9005607F5F073E3
:10243000D3E90C1207F5F073D3E90E3443EA010334
:1024400044EA020403EA050304EA060443EA080333
:1024500044EA090413EB0A0344EB0B0407F5946206
:10246000C2E9003407F5F073D3E9021207F595636A
:10247000D3E90034C91842EB040207F5F073C3E94D
:10248000021207F59563D3E9001207F59463D3E9C7
:102490000034C91842EB040207F5F073C3E90A12CD
:1024A000D7F8B4340133C7F8B43407F5F073D3E97F
:1024B000088907F5F073D3E90234A1049A0B0A43A3
:1024C000C7F8E8209A04A30B1343C7F8EC3007F5CC
:1024D000F073D3E90234A1039A0C0A43C7F8E02051
:1024E0009A03A30C1343C7F8E430D7E93A56D7E967
:1024F000383485EA030586EA040607F5F073D3E964
:102500000234590AE2050A43C7F8DC20620ADB05F7
:102510001343C7F8D830D7E9363483EA050384EA91
:10252000060418EB030A49EB040B07F5F073D3E933
:10253000068907F5F073D3E9025607F5F073D3E97E
:10254000041207F5F073D3E9063483EA010384EA41
:10255000020403EA050304EA060483EA080384EAA2
:1025600009041AEB03004BEB0401464AD7F8B434D4
:10257000DB001344D3E90034C01841EB040107F534
:102580000872D7F8B434DB001344D3E900341B18C5
:1025900044EB010407F59562C2E9003407F5F073D6
:1025A000D3E90A3421011A0F0A43C7F8D0201A01CF
:1025B000230F1343C7F8D43007F5F073D3E90A3477
:1025C0009908A2070A43C7F8CC20A2089B07134327
:1025D000C7F8C830D7E93456D7E9323485EA03055D
:1025E00086EA040607F5F073D3E90A34D9096206CE
:1025F0000A43C7F8C420E2095B061343C7F8C0309A
:10260000D7E930AB8AEA050A8BEA060B07F5F073C7
:10261000D3E90A1207F5F073D3E90C3401EA030891
:1026200002EA040907F5F073D3E90E5607F5F073D3
:10263000D3E90A1207F5F073D3E90C3443EA010336
:1026400044EA020403EA050304EA060443EA080331
:1026500044EA090413EB0A0344EB0B0407F5946204
:10266000C2E9003407F5F073D3E9001207F595636A
:10267000D3E90034C91842EB040207F5F073C3E94B
:10268000001201E0A85D050007F59563D3E900128B
:1026900007F59463D3E90034C91842EB040207F547
:1026A000F073C3E90812D7F8B4340133C7F8B4346F
:1026B00007F5F073D3E9068907F5F073D3E9003421
:1026C000A1049A0B0A43C7F8B8209A04A30B13433A
:1026D000C7F8BC3007F5F073D3E90034A1039A0CB6
:1026E0000A43C7F8B0209A03A30C1343C7F8B430C9
:1026F000D7E92E56D7E92C3485EA030586EA040685
:1027000007F5F073D3E90034590AE2050A43C7F824
:10271000AC20620ADB051343C7F8A830D7E92A3496
:1027200083EA050384EA060418EB030A49EB040B69
:1027300007F5F073D3E9048907F5F073D3E9005680
:1027400007F5F073D3E9021207F5F073D3E9043407
:1027500083EA010384EA020403EA050304EA0604A7
:1027600083EA080384EA09041AEB03004BEB040133
:10277000C34AD7F8B434DB001344D3E90034C0189B
:1027800041EB040107F50872D7F8B434DB001344B9
:10279000D3E900341B1844EB010407F59562C2E944
:1027A000003407F5F073D3E9083421011A0F0A4306
:1027B000C7F8A0201A01230F1343C7F8A43007F568
:1027C000F073D3E908349908A2070A43C7F89C209C
:1027D000A2089B071343C7F89830D7E92856D7E9D2
:1027E000263485EA030586EA040607F5F073D3E983
:1027F0000834D90962060A43C7F89420E2095B0647
:102800001343C7F89030D7E924AB8AEA050A8BEA6C
:10281000060B07F5F073D3E9081207F5F073D3E957
:102820000A3401EA030802EA040907F5F073D3E960
:102830000C5607F5F073D3E9081207F5F073D3E9E6
:102840000A3443EA010344EA020403EA050304EA02
:10285000060443EA080344EA090413EB0A0344EBC1
:102860000B0407F59462C2E9003407F5F073D3E96D
:102870000E1207F59563D3E90034C91842EB040240
:1028800007F5F073C3E90E1207F59563D3E900125B
:1028900007F59463D3E90034C91842EB040207F545
:1028A000F073C3E90612D7F8B4340133C7F8B4346F
:1028B00007F5F073D3E9048907F5F073D3E90E3413
:1028C000A1049A0B0A43C7F888209A04A30B134368
:1028D000C7F88C3007F5F073D3E90E34A1039A0CD6
:1028E0000A43C7F880209A03A30C1343C7F8843027
:1028F000D7E92256D7E9203485EA030586EA04069B
:1029000007F5F073D3E90E34590AE2050A43FA6772
:10291000620ADB051343BB67D7E91E3483EA05036C
:1029200084EA060418EB030A49EB040B07F5F0737D
:10293000D3E9028907F5F073D3E90E5607F5F07372
:10294000D3E9001207F5F073D3E9023483EA0103F7
:1029500084EA020403EA050304EA060483EA08039E
:1029600084EA09041AEB03004BEB0401444AD7F84C
:10297000B434DB001344D3E90034C01841EB040144
:1029800007F50872D7F8B434DB001344D3E90034F8
:102990001B1844EB010407F59562C2E9003407F502
:1029A000F073D3E9063421011A0F0A433A671A017A
:1029B000230F13437B6707F5F073D3E906349908B7
:1029C000A2070A43FA66A2089B071343BB66D7E92E
:1029D0001C56D7E91A3485EA030586EA040607F58A
:1029E000F073D3E90634D90962060A437A66E2092C
:1029F0005B0613433B66D7E918AB8AEA050A8BEA04
:102A0000060B07F5F073D3E9061207F5F073D3E967
:102A1000083401EA030802EA040907F5F073D3E970
:102A20000A5607F5F073D3E9061207F5F073D3E9F8
:102A3000083443EA010344EA020403EA050304EA12
:102A4000060443EA080344EA090413EB0A0344EBCF
:102A50000B0407F59462C2E9003407F5F073D3E97B
:102A60000C1207F59563D3E90034C91842EB040250
:102A700007F5F073C3E90C1207F5956302E000BF98
:102A8000A85D0500D3E9001207F59463D3E900348B
:102A9000C91842EB040207F5F073C3E90412D7F832
:102AA000B4340133C7F8B43407F5F073D3E90289BD
:102AB00007F5F073D3E90C34A1049A0B0A43BA6505
:102AC0009A04A30B1343FB6507F5F073D3E90C34A9
:102AD000A1039A0C0A433A659A03A30C13437B653E
:102AE000D7E91656D7E9143485EA030586EA0406C1
:102AF00007F5F073D3E90C34590AE2050A43FA6486
:102B0000620ADB051343BB64D7E9123483EA050389
:102B100084EA060418EB030A49EB040B07F5F0738B
:102B2000D3E9008907F5F073D3E90C5607F5F07384
:102B3000D3E90E1207F5F073D3E9003483EA0103F9
:102B400084EA020403EA050304EA060483EA0803AC
:102B500084EA09041AEB03004BEB0401BE4AD7F8E0
:102B6000B434DB001344D3E90034C01841EB040152
:102B700007F50872D7F8B434DB001344D3E9003406
:102B80001B1844EB010407F59562C2E9003407F510
:102B9000F073D3E9043421011A0F0A433A641A018D
:102BA000230F13437B6407F5F073D3E904349908CA
:102BB000A2070A43FA63A2089B071343BB63D7E942
:102BC0001056D7E90E3485EA030586EA040607F5B0
:102BD000F073D3E90434D90962060A437A63E2093F
:102BE0005B0613433B63D7E90CAB8AEA050A8BEA21
:102BF000060B07F5F073D3E9041207F5F073D3E978
:102C0000063401EA030802EA040907F5F073D3E980
:102C1000085607F5F073D3E9041207F5F073D3E90A
:102C2000063443EA010344EA020403EA050304EA22
:102C3000060443EA080344EA090413EB0A0344EBDD
:102C40000B0407F59462C2E9003407F5F073D3E989
:102C50000A1207F59563D3E90034C91842EB040260
:102C600007F5F073C3E90A1207F59563D3E900127B
:102C700007F59463D3E90034C91842EB040207F561
:102C8000F073C3E90212D7F8B4340133C7F8B4348F
:102C900007F5F073D3E9008907F5F073D3E90A3437
:102CA000A1049A0B0A43BA629A04A30B1343FB6272
:102CB00007F5F073D3E90A34A1039A0C0A433A6288
:102CC0009A03A30C13437B62D7E90A56D7E9083469
:102CD00085EA030586EA040607F5F073D3E90A34AA
:102CE000590AE2050A43FA61620ADB051343BB6134
:102CF000D7E9063483EA050384EA060418EB030ADD
:102D000049EB040B07F5F073D3E90E8907F5F0736F
:102D1000D3E90A5607F5F073D3E90C1207F5F073FF
:102D2000D3E90E3483EA010384EA020403EA0503CB
:102D300004EA060483EA080384EA09041AEB0300A0
:102D40004BEB0401444AD7F8B434DB001344D3E915
:102D50000034C01841EB040107F50872D7F8B43409
:102D6000DB001344D3E900341B1844EB010407F5DE
:102D70009562C2E9003407F5F073D3E9023421010A
:102D80001A0F0A433A611A01230F13437B6107F5B7
:102D9000F073D3E902349908A2070A43FA60A20843
:102DA0009B071343BB60D7E90456D7E9023485EA91
:102DB000030586EA040607F5F073D3E90234D9095E
:102DC00062060A437A60E2095B0613433B60D7E977
:102DD00000AB8AEA050A8BEA060B07F5F073D3E924
:102DE000021207F5F073D3E9043401EA030802EA9A
:102DF000040907F5F073D3E9065607F5F073D3E934
:102E0000021207F5F073D3E9043443EA010344EAFC
:102E1000020403EA050304EA060443EA080344EA59
:102E2000090413EB0A0344EB0B0407F59462C2E9AF
:102E3000003407F5F073D3E9081207F59563D3E979
:102E40000034C91842EB040207F5F073C3E9081215
:102E500007F5956302E000BFA85D0500D3E9001205
:102E600007F59463D3E90034C91842EB040207F56F
:102E7000F073C3E90012D7F8B4340133C7F8B4349F
:102E8000D7F8B4344F2B7EF7ECAF0023C7F8B43437
:102E900023E007F5EE731A68D7F8B4340233DB0089
:102EA0001344D3E9001207F5F070D7F8B434DB000F
:102EB0000344D3E900345B1844EB020407F5EE72D7
:102EC0001168D7F8B4240232D2000A44C2E90034AF
:102ED000D7F8B4340133C7F8B434D7F8B434072B77
:102EE000D7DD0023184607F59767BD46BDE8F00F0C
:102EF000704700BF80B582B000AF78603960396834
:102F00007868FEF7D3FD00BF0837BD4680BD00BF1F
:102F100090B589B000AFF860B9607A606FF06D036A
:102F2000BB617B68002B01D1002371E0FB68D3E912
:102F3000003403F07F03FB61FB69C3F180037B6115
:102F4000FB68D3E900127B684FF000045B1844EB88
:102F50000204FA68C2E90034FB68D3E900127B6816
:102F60004FF00004A24208BF994208D2FB68D3E99F
:102F70000234013344F10004FA68C2E90234FB6907
:102F8000002B34D07A687B699A4230D3FB6803F116
:102F90005002FB6913447A69B96818460AF0BEF812
:102FA000FB6850331946F868FEF780FDB861BB69CD
:102FB000002B01D0BB692BE0BA687B691344BB606E
:102FC0007A687B69D31A7B600023FB610FE0B968E4
:102FD000F868FEF76BFDB861BB69002B01D0BB69D7
:102FE00016E0BB688033BB607B68803B7B607B689E
:102FF0007F2BECD87B68002B09D0FB6803F15002D3
:10300000FB6913447A68B96818460AF087F8002308
:1030100018462437BD4690BD80B584B000AFF86037
:10302000B9607A607A68B968F868FFF771FF00BF25
:103030001037BD4680BD00BF2DE9F04FADF5157DC1
:1030400000AFC7F83402C7F830126FF06D03C7F84D
:103050004C32D7F83432D3E9003403F07F03C7F899
:103060004832D7F84822531CC7F84832D7F83432D0
:103070001A44802382F85030D7F84832702B0FD88A
:10308000D7F8343203F15002D7F84832D018D7F8C5
:103090004832C3F170031A4600210AF067F828E0AD
:1030A000D7F8343203F15002D7F84832D018D7F8A5
:1030B0004832C3F180031A4600210AF057F8D7F8C6
:1030C000343250331946D7F83402FEF7EFFCC7F814
:1030D0004C02D7F84C32002B03D0D7F84C3200F01A
:1030E000C3BDD7F8343250337022002118460AF09D
:1030F0003DF8D7F83432D3E90034630FC7F84031D4
:103100000023C7F84431D7F83432D3E90234E6005B
:1031100046EA5376DD0007F5A073D3E9003443EAAD
:10312000050344EA060407F51072C2E90034D7F833
:103130003432D3E900344FEAC40949EA53794FEAFB
:10314000C30807F50E73C3E9008907F51073D3E9C7
:103150000034230EC7F838310023C7F83C3197F804
:103160003831D7F8342282F8C03007F51073D3E92C
:103170000034230CC7F830310023C7F8343197F8F6
:103180003031D7F8342282F8C13007F51073D3E913
:103190000034230AC7F828310023C7F82C3197F8E8
:1031A0002831D7F8342282F8C23007F51073D3E9FA
:1031B00000342300C7F820310023C7F8243197F8E2
:1031C0002031D7F8342282F8C33007F51073D3E9E1
:1031D00000344FEA136A4AEA042A4FEA146B5FFA92
:1031E0008AF3D7F8342282F8C43007F51073D3E994
:1031F00000341A0CC7F82822D7F8282242EA0442E1
:10320000C7F82822230CC7F82C3297F82832D7F8B1
:10321000342282F8C53007F51073D3E900341A0A56
:10322000C7F82022D7F8202242EA0462C7F82022F9
:10323000230AC7F8243297F82032D7F8342282F8CC
:10324000C63097F84032D7F8342282F8C73007F5F5
:103250000E73D3E90034230EC7F818310023C7F8E2
:103260001C3197F81831D7F8342282F8C83007F5A6
:103270000E73D3E90034230CC7F810310023C7F8CC
:10328000143197F81031D7F8342282F8C93007F595
:103290000E73D3E90034230AC7F808310023C7F8B6
:1032A0000C3197F80831D7F8342282F8CA3007F584
:1032B0000E73D3E900342300C7F800310023C7F8A8
:1032C000043197F80031D7F8342282F8CB3007F573
:1032D0000E73D3E900341A0EC7F81822D7F8182253
:1032E00042EA0422C7F81822230EC7F81C3297F8C6
:1032F0001832D7F8342282F8CC3007F50E73D3E9B0
:1033000000341A0CC7F81022D7F8102242EA0442FF
:10331000C7F81022230CC7F8143297F81032D7F8E8
:10332000342282F8CD3007F50E73D3E900341A0A3F
:10333000C7F80822D7F8082242EA0462C7F8082230
:10334000230AC7F80C3297F80832D7F8342282F8EB
:10335000CE3097F83832D7F8342282F8CF30D7F809
:10336000343250331946D7F83402FEF79FFBC7F8C2
:103370004C02D7F84C32002B03D0D7F84C3200F077
:1033800073BCD7F83432D3E90434230EC7F8F830CD
:103390000023C7F8FC3097F8F830D7F830221370C4
:1033A000D7F830325A1CD7F83432D3E90434230C1E
:1033B000C7F8F0300023C7F8F43097F8F0301370F6
:1033C000D7F830329A1CD7F83432D3E90434230AC0
:1033D000C7F8E8300023C7F8EC3097F8E8301370EE
:1033E000D7F83032DA1CD7F83432D3E9043423006A
:1033F000C7F8E0300023C7F8E43097F8E0301370E6
:10340000D7F830321A1DD7F83432D3E90434190E04
:10341000C7F80012D7F8001241EA0421C7F80012D9
:10342000230EC7F8043297F800321370D7F8303201
:103430005A1DD7F83432D3E90434190CC7F8F811FF
:10344000D7F8F81141EA0441C7F8F811230CC7F87E
:10345000FC3197F8F8311370D7F830329A1DD7F84D
:103460003432D3E90434190AC7F8F011D7F8F0114F
:1034700041EA0461C7F8F011230AC7F8F43197F85C
:10348000F0311370D7F83032DA1DD7F83432D3E97F
:103490000434DBB21370D7F8303203F10802D7F8E6
:1034A0003432D3E90634230EC7F8D8300023C7F8E6
:1034B000DC3097F8D8301370D7F8303203F10902B6
:1034C000D7F83432D3E90634230CC7F8D0300023C0
:1034D000C7F8D43097F8D0301370D7F8303203F1F2
:1034E0000A02D7F83432D3E90634230AC7F8C830C1
:1034F0000023C7F8CC3097F8C8301370D7F83032B3
:1035000003F10B02D7F83432D3E906342300C7F8AD
:10351000C0300023C7F8C43097F8C0301370D7F814
:10352000303203F10C02D7F83432D3E90634190EE5
:10353000C7F8E811D7F8E81141EA0421C7F8E81103
:10354000230EC7F8EC3197F8E8311370D7F8303212
:1035500003F10D02D7F83432D3E90634190CC7F859
:10356000E011D7F8E01141EA0441C7F8E011230C5B
:10357000C7F8E43197F8E0311370D7F8303203F12F
:103580000E02D7F83432D3E90634190AC7F8D81135
:10359000D7F8D81141EA0461C7F8D811230AC7F84F
:1035A000DC3197F8D8311370D7F8303203F10F02BD
:1035B000D7F83432D3E90634DBB21370D7F830329F
:1035C00003F11002D7F83432D3E90834230EC7F8D8
:1035D000B8300023C7F8BC3097F8B8301370D7F86C
:1035E000303203F11102D7F83432D3E90834230C16
:1035F000C7F8B0300023C7F8B43097F8B030137074
:10360000D7F8303203F11202D7F83432D3E9083454
:10361000230AC7F8A8300023C7F8AC3097F8A830C1
:103620001370D7F8303203F11302D7F83432D3E9EC
:1036300008342300C7F8A0300023C7F8A43097F857
:10364000A0301370D7F8303203F11402D7F83432B7
:10365000D3E90834190EC7F8D011D7F8D01141EAD0
:103660000421C7F8D011230EC7F8D43197F8D03110
:103670001370D7F8303203F11502D7F83432D3E99A
:103680000834190CC7F8C811D7F8C81141EA044129
:10369000C7F8C811230CC7F8CC3197F8C83113709C
:1036A000D7F8303203F11602D7F83432D3E90834B0
:1036B000190AC7F8C011D7F8C01141EA0461C7F868
:1036C000C011230AC7F8C43197F8C0311370D7F876
:1036D000303203F11702D7F83432D3E90834DBB2C1
:1036E0001370D7F8303203F11802D7F83432D3E927
:1036F0000A34230EC7F898300023C7F89C3097F897
:1037000098301370D7F8303203F11902D7F83432F9
:10371000D3E90A34230CC7F890300023C7F894305B
:1037200097F890301370D7F8303203F11A02D7F8B7
:103730003432D3E90A34230AC7F888300023C7F8A3
:103740008C3097F888301370D7F8303203F11B02B1
:10375000D7F83432D3E90A342300C7F88030002385
:10376000C7F8843097F880301370D7F8303203F1FF
:103770001C02D7F83432D3E90A34190EC7F8B8114D
:10378000D7F8B81141EA0421C7F8B811230EC7F8D9
:10379000BC3197F8B8311370D7F8303203F11D02FD
:1037A000D7F83432D3E90A34190CC7F8B011D7F876
:1037B000B01141EA0441C7F8B011230CC7F8B43185
:1037C00097F8B0311370D7F8303203F11E02D7F8F2
:1037D0003432D3E90A34190AC7F8A811D7F8A81166
:1037E00041EA0461C7F8A811230AC7F8AC3197F879
:1037F000A8311370D7F8303203F11F02D7F83432F2
:10380000D3E90A34DBB21370D7F8303203F1200267
:10381000D7F83432D3E90C34230EBB670023FB679F
:1038200097F878301370D7F8303203F12102D7F8C7
:103830003432D3E90C34230C3B6700237B6797F8C1
:1038400070301370D7F8303203F12202D7F83432D7
:10385000D3E90C34230ABB660023FB6697F8683073
:103860001370D7F8303203F12302D7F83432D3E99A
:103870000C3423003B6600237B6697F8603013709E
:10388000D7F8303203F12402D7F83432D3E90C34BC
:10389000190EC7F8A011D7F8A01141EA0421C7F802
:1038A000A011230EC7F8A43197F8A0311370D7F8F0
:1038B000303203F12502D7F83432D3E90C34190C35
:1038C000C7F89811D7F8981141EA0441C7F8981140
:1038D000230CC7F89C3197F898311370D7F8303221
:1038E00003F12602D7F83432D3E90C34190AC7F8A9
:1038F0009011D7F8901141EA0461C7F89011230A9A
:10390000C7F8943197F890311370D7F8303203F13B
:103910002702D7F83432D3E90C34DBB21370D7F86E
:10392000303203F12802D7F83432D3E90E34230EB3
:10393000BB650023FB6597F858301370D7F8303219
:1039400003F12902D7F83432D3E90E34230C3B6556
:1039500000237B6597F850301370D7F8303203F1AD
:103960002A02D7F83432D3E90E34230ABB64002389
:10397000FB6497F848301370D7F8303203F12B020C
:10398000D7F83432D3E90E3423003B6400237B6440
:1039900097F840301370D7F8303203F12C02D7F883
:1039A0003432D3E90E34190EC7F88811D7F88811CC
:1039B00041EA0421C7F88811230EC7F88C3197F823
:1039C00088311370D7F8303203F12D02D7F8343232
:1039D000D3E90E34190CC7F88011D7F8801141EAE9
:1039E0000441C7F88011230CC7F8843197F880315F
:1039F0001370D7F8303203F12E02D7F83432D3E9FE
:103A00000E34190AC7F87811D7F8781141EA046121
:103A1000C7F87811230AC7F87C3197F8783113700A
:103A2000D7F8303203F12F02D7F83432D3E90E340D
:103A3000DBB21370D7F83432D3F8D030002B40F01B
:103A40001281D7F8303203F13002D7F83432D3E99B
:103A50001034230EBB630023FB6397F838301370D8
:103A6000D7F8303203F13102D7F83432D3E91034C9
:103A7000230C3B6300237B6397F830301370D7F837
:103A8000303203F13202D7F83432D3E91034230A4A
:103A9000BB620023FB6297F828301370D7F83032EE
:103AA00003F13302D7F83432D3E9103423003B62F8
:103AB00000237B6297F820301370D7F8303203F17F
:103AC0003402D7F83432D3E91034190EC7F8701124
:103AD000D7F8701141EA0421C7F87011230EC7F816
:103AE000743197F870311370D7F8303203F1350222
:103AF000D7F83432D3E91034190CC7F86811D7F865
:103B0000681141EA0441C7F86811230CC7F86C3109
:103B100097F868311370D7F8303203F13602D7F8CE
:103B20003432D3E91034190AC7F86011D7F860119C
:103B300041EA0461C7F86011230AC7F8643197F8B5
:103B400060311370D7F8303203F13702D7F83432CE
:103B5000D3E91034DBB21370D7F8303203F13802F6
:103B6000D7F83432D3E91234230EBB610023FB6152
:103B70003B7E1370D7F8303203F13902D7F8343274
:103B8000D3E91234230C3B6100237B613B7C13702F
:103B9000D7F8303203F13A02D7F83432D3E912348D
:103BA000230ABB600023FB603B7A1370D7F83032E6
:103BB00003F13B02D7F83432D3E9123423003B60DF
:103BC00000237B603B781370D7F8303203F13C025E
:103BD000D7F83432D3E91234190EC7F85811D7F890
:103BE000581141EA0421C7F85811230EC7F85C3177
:103BF00097F858311370D7F8303203F13D02D7F8F7
:103C00003432D3E91234190CC7F85011D7F85011D7
:103C100041EA0441C7F85011230CC7F8543197F812
:103C200050311370D7F8303203F13E02D7F83432F6
:103C3000D3E91234190AC7F84811D7F8481141EAF4
:103C40000461C7F84811230AC7F84C3197F8483186
:103C50001370D7F8303203F13F02D7F83432D3E98A
:103C60001234DBB213700023184607F51577BD46F2
:103C7000BDE8F08F80B582B000AF786039603968F8
:103C80007868FFF7D9F900BF0837BD4680BD00BF8F
:103C900080B5BCB000AFF860B9607A603B606FF08F
:103CA0006D03C7F8EC3007F110031846FDF7FCFD73
:103CB00007F1100339681846FDF726FEC7F8EC0037
:103CC000D7F8EC30002B18D107F11003BA68F96867
:103CD0001846FFF71DF9C7F8EC00D7F8EC30002BB9
:103CE0000DD107F1100379681846FFF7A5F9C7F859
:103CF000EC00D7F8EC30002B02E000BF00E000BF82
:103D000007F110031846FDF7DDFDD7F8EC30184633
:103D1000F037BD4680BD00BF80B584B000AFF8600D
:103D2000B9607A603B603B687A68B968F868FFF709
:103D3000AFFF00BF1037BD4680BD00BF00F0D4BE4E
:103D400000F0E6BE00F0F8BE30B589B0DDE90C4504
:103D5000009401950E9C0F9D02940395109C119D5B
:103D600004940024CDE9055400F0ECFE09B030BD08
:103D700030B589B0DDE90C45009401950E9C0F9D8E
:103D800002940395109C119D04940024CDE90554E0
:103D900000F0EEFE09B030BD10B5044618B10123A5
:103DA000C4E90E3310BD0348F8F736FB0123C4E91C
:103DB0000E3310BD2860050010B14421F8F710BB88
:103DC000704700BF50B108B529B120221430F5F773
:103DD000D9FB002008BD6FF0500008BD6FF0500007
:103DE000704700BF78B138B551B10123154603645F
:103DF0000C220446F5F7C6FB0020C4E9035038BD89
:103E00006FF0500038BD6FF05000704760B370B570
:103E10000C4686B011B322B31BB39A42054602D9B1
:103E2000D11AA1421DD39A4202D2991AA14218D3A3
:103E300004AE1046009402AA01962146F6F724FB30
:103E400078B92346324602A9284601F01FF8002817
:103E50000CBF00206FF0540006B070BD084606B0DD
:103E600070BD6FF05000FAE76FF05000704700BF70
:103E70002DE9F043012699B00127CDE914670DF132
:103E80001809DDE9206700283ED00D46904601461E
:103E900020220BA81C460DF11809F5F773FB9DB302
:103EA000012329460C2248461693F5F76BFB0023A5
:103EB000CDE9098304B33EB337B3BE4202D9F31B45
:103EC0009C4221D8BE4202D2BB1B9C421CD804ADEE
:103ED00000943B46304602AA01952146F6F7D4FAF3
:103EE00090B923462A4602A9484600F0CFFF002891
:103EF0000CBF00246FF0540448464421F8F770FAD0
:103F0000204619B0BDE8F0836FF05004F4E700BF1D
:103F100010B5044628B120462021BDE81040F8F72E
:103F20005FBA0448F8F778FA20462021BDE810402F
:103F3000F8F756BA2860050010B12021F8F750BAFA
:103F4000704700BF48B108B521B12022F5F71AFB30
:103F5000002008BD6FF0560008BD6FF05600704796
:103F60006FF05800704700BF2DE9F04FB1B0002846
:103F700000F0C0809046002A00F0BC809A463D9B2D
:103F8000002B00F0B7803A9B0C4606461BB1BAF1F5
:103F9000000F00F0AF80002C56D03B9B002B00F0B0
:103FA000A9803C9B002B00F0A580002529463C22DF
:103FB00011A8109509F0DAF829463C2221A80DF144
:103FC0001009209509F0D2F82946202208A809F006
:103FD000CDF80DF1800B10ABCDE9003B2A46C9E9C5
:103FE0000155402341463046C9F80C500495FFF76F
:103FF0003FFF0746002853D1202259460DEB02000F
:10400000F5F7C0FA3C9B01933B9B00934146304639
:1040100023460122FFF72CFF0746002840D1012349
:104020000293CDE900493A9A3C9B514608A801F019
:1040300063FA98BB3D9849461022F5F7A3FA00278A
:10404000384631B0BDE8F08F3C22214611A81094CB
:1040500009F08CF83C22214621A80DF1100920948A
:1040600009F084F82022214608A809F07FF820AD45
:1040700010ABCDE900352246C9E901444023414651
:104080003046C9F80C400494FFF7F2FE074678B1B9
:104090003C9B2BB9384631B0BDE8F08F6FF0550727
:1040A0003C982146F5F774FA384631B0BDE8F08FF8
:1040B000202229460DEB0200F5F764FA3C9B0193A0
:1040C0003B9B00934146304623460122FFF7D0FE3A
:1040D00007460028DCD101230293CDE900493A9A32
:1040E0003C9B514608A801F007FA6FF055070028DD
:1040F000CED19FE76FF05607CCE700BF2DE9F04F18
:10410000B5B03F9CDDF80491002A00F0DC80002C63
:1041100000F0D98098463E9B06460F4615461BB1D7
:10412000B8F1000F00F0CF803FB1409B002B00F0B2
:10413000CA80B9F1000F00F0C6804FF0000A514666
:104140003C2215A8CDF850A009F010F851463C22A9
:1041500025A8CDF890A009F009F851460CA8202216
:1041600009F004F8CDE908AACDE90AAA002E00F06A
:10417000AA8014AB0DF1900BCDE9003B52464023D1
:1041800029463046FFF774FE824650B1B9F1000F60
:1041900003D039464846F5F7FBF9504635B0BDE83F
:1041A000F08F594620220CA8F5F7ECF94FF0010BDF
:1041B00008ABCDE900733E9A409BCDF808B041466C
:1041C0000CA801F099F900286AD1102208A90DEB7A
:1041D0000200F5F7D7F9409B0093CDF804905A46BA
:1041E000294630463B46FFF743FE82460028CDD1A4
:1041F000A6789DF8123060789DF81150E1789DF80E
:104200001DC073409DF813606840714025799DF88A
:1042100014600343754060799DF815600B4370404E
:10422000A1799DF816602B437140E5799DF81760E0
:1042300003437540207A9DF818600B437040617A03
:104240009DF819602B437140A57A9DF81A600343CD
:10425000754020789DF810600B437040E17A267B12
:104260002B439DF81B5003439DF81C0069404640BA
:10427000657BA07B0B4333439DF81E60E17B85EAA1
:104280000C049DF81F5023437040034369400B43C7
:1042900083D039464846F8F7A3F86FF0550A7CE713
:1042A000B9F1000F09D048463946F5F771F96FF0BA
:1042B000550A504635B0BDE8F08F6FF0550A5046AC
:1042C00035B0BDE8F08F6FF0560A66E710B50446CA
:1042D00028B12046F021BDE81040F5F759B904484F
:1042E000F8F79AF82046F021BDE81040F5F750B9EC
:1042F000E834050010B1F021F8F772B8704700BF3C
:1043000008B50021F5F71CFF002818BF6FF0340036
:1043100008BD00BF08B5F5F7A5FE002818BF6FF06F
:10432000340008BD08B5F5F74DFF002818BF6FF041
:10433000340008BD70B570B10E4661B10546F5F7A1
:1043400013FF044638B905F1080130461422F5F789
:1043500019F9204670BD6FF03404FAE72DE9F04FEB
:10436000C5B0C56D06469DF84001894692469846FF
:10437000FBF71CFF002867D00735074605A8F9F7AB
:1043800069FDED0808A8FBF745FD23A92A4640462C
:10439000F9F7B4FF044648B108A8FBF7ABFE05A83F
:1043A000F9F75EFD204645B0BDE8F08FF26D4F9BFA
:1043B0004E9902F1070B4FEADB0B9B4528BF9B464A
:1043C0005A4605A8F9F72DFF04460028E4D1F36DFD
:1043D000B3EBCB0F4FEACB0106D2C91A05A8FAF707
:1043E00010F804460028D7D106F14C04214605A850
:1043F000FAF780F800281EDA23AB2A46591905A8D7
:10440000F9F77CFF04460028C6D16B0023AA394681
:1044100008A8FBF7C5FD08AB03934F9B0B4C01931A
:104420004E9B00930294434652464946304601F063
:104430009BF90446B0E705A922460846FAF786F933
:1044400004460028D8D0A7E7014CABE7B100040030
:1044500080B0FFFFF0B5AFB0044605A80F46154683
:104460001E46F9F7F7FC08A8F9F7F4FC04F17C0301
:104470002046CDE90167009508AA05A9FFF76EFF60
:10448000044640B105A8F9F7EBFC08A8F9F7E8FCE9
:1044900020462FB0F0BD0DF1B7030BA904A808AA60
:1044A000049304F08BF8051E1FDB05AA0BA904A8D2
:1044B00004F084F800281ADB05442A460BA904A856
:1044C00003F0FAFF061E14DB0BA904A8302204F047
:1044D00067F800280BDB35440544049934982A46D4
:1044E00008F01CFE359B1D60CCE72C46CAE704464D
:1044F000C8E73446C6E700BFF0B58BB00446109D50
:10450000029304A81D440E461746F9F7A3FC07A81A
:10451000F9F7A0FC294602A8302303AAF9F7F1F91C
:1045200050B9DDE9023213449D422BD104AA294639
:1045300002A8F9F748FA50B1A0F59F4404A8F9F78A
:104540008FFC07A8F9F78CFC20460BB0F0BD02A841
:1045500007AA2946F9F737FA0028EDD107AB0193EE
:1045600004AB0093204604F188033A46314601F03B
:10457000AFF904460028E1D1029A034B954218BFD7
:104580001C46DBE7014CD9E700B4FFFF1AB0FFFF80
:1045900070B505460E46F0F7AFFC044628B115B1DC
:1045A0002846F0F779FC204670BD06F17C0105F144
:1045B0007C00F9F7C6FC04460028F0D106F188011A
:1045C00005F18800F0F780FC04460028EBD0E6E710
:1045D000F0F7CCBB08B1F0F75FBC7047F0B5BDB0E9
:1045E0001C46054668460E461746F3F763FD21460E
:1045F0006846F3F78FFD044628B16846F3F76EFD71
:1046000020463DB0F0BD324629466846F3F79EFD90
:1046100004460028F1D139466846F3F79FFD044669
:104620006846F3F75BFD20463DB0F0BDF0B5BDB088
:10463000054668460E461746FFF748FE6846FFF7F0
:104640005FFE044628B16846FFF754FE20463DB0A1
:10465000F0BD324629466846FFF764FE044600284E
:10466000F1D139466846FFF765FE04466846FFF714
:1046700041FE20463DB0F0BD2DE9F04F8DB00E4615
:104680001D9920B3DDB2C5F10F035FFA83FB1B9BBD
:10469000039617460022CDE908220A920B925FFA90
:1046A00083F8A7B10446C1B9A8F104020C2A0ED8B8
:1046B00018F0010F0BD1C5F10D02D2B2062A06D8AF
:1046C000BBF1030F40F20682EA1F082A40D96FF0BF
:1046D0000C0420460DB0BDE8F08F0129F7D1397BDD
:1046E000032940F251810729F1D8B8F1100FEED813
:1046F00001A353F828F000BFBD4A0400CF460400D0
:10470000CF460400CF460400B94A0400CF46040057
:10471000CF460400CF460400F1480400CF46040011
:10472000CF460400CF460400CF460400CF46040025
:10473000CF460400CF4604003D47040007220D2D5C
:10474000C5D19142C3D14FEACB0236FA02F3BED1B2
:104750001C9BA365032222651021204684F871501A
:1047600084F8728004F1300AF7F73AFE04F1400948
:1047700050461021F7F734FE48461021F7F730FE77
:10478000179B002B40F02E8194F94010A8F10208ED
:1047900008EBD878C5F10E004FEA68025FFA80F89E
:1047A00048EAC2020A4384F8402039462A4604F106
:1047B0004100F4F7E7FE5A46BBF1030F94BFCBF17B
:1047C00010000C20042A28BF042203A94844F4F74F
:1047D000E3FE06A90023CDE9003104AA10214846D2
:1047E000F5F752FE002840F0CC80102306AA0DEB0E
:1047F0000301204600F0EEF9002840F0C2802A466E
:1048000039460DF121008DF82080F4F7BBFE01231D
:1048100008A9102250468DF82F30F4F7B3FE179BED
:10482000002B67D176B3189B002B3FF450AF199B38
:10483000002B3FF44CAF1A46189B934203D23344EB
:104840009A42FFF444AF08ABCDE900631898199B76
:1048500006AA3146F5F718FE002840F09280A36DB5
:10486000002B00F0F2800223236508AA334606A934
:10487000204600F0AFF9002840F08380A36D012BA3
:1048800000F0FE801A9B002B00F02B8194F8711031
:10489000C1F10F01C9B20223C1F1100023655044D8
:1048A000F7F79EFDA36D002B40F09E80102506AB10
:1048B000CDE90053294608AB0DEB05022046F5F77C
:1048C000E3FD002840F0B7802B4606AA04A9204645
:1048D00000F080F9002840F0AE8094F872201A9819
:1048E00008A9F4F74FFE002420460DB0BDE8F08F74
:1048F000062224E70493169B002B3FF4E8AE102118
:104900004846F7F76DFD049BB3F57F4F80F0A98013
:10491000002B40F0D580484610259D4228BF1D46FB
:1049200016992A46F4F72EFE049A08AB0193032148
:104930000023571B216506AA0093102148460497BF
:10494000F5F7A2FDE8B9102308AA06A9204600F051
:1049500041F9B0B9049900293FF464AF169A08AB45
:10496000CDE900030346501906AAF5F78DFD40B9BD
:10497000049B08AA06A9204600F02CF900283FF461
:1049800051AF6FF00E04AFE7B8F1100F3FF69FAED6
:1049900001A353F828F000BFB54A0400CF46040035
:1049A000CF460400CF460400B14A0400CF460400BD
:1049B000CF460400CF460400E1490400CF4604007E
:1049C000CF460400CF460400CF460400CF46040083
:1049D000CF460400CF460400DD4904000322AEE6C2
:1049E0000222ACE64021D1E610214846F7F7F8FC58
:1049F00094F872201A994846F4F7C4FD102506ABC6
:104A0000CDE9005329464B460DEB05024846F5F724
:104A10003BFD80B92B4606AA0DEB0501204600F0B0
:104A2000D9F840B994F8722049462046F4F792FD2F
:104A300000287FF458AF6FF00E0419983146F7F74D
:104A4000CFFC20460DB0BDE8F08F0323236508AAF4
:104A5000334606A9204600F0BDF800283FF403AF16
:104A60008FE74FF6FF63A4F84030042204A904F155
:104A70004200F4F791FD0A25049B04F146004CE73F
:104A8000032208ABCDE9000331460346226519989D
:104A900006AAF5F7F9FC00287FF473AF334608AA9D
:104AA00006A9204600F096F800283FF4EBAE68E730
:104AB000012244E6424642E6052240E604223EE662
:104AC000022204A94846F4F767FD0E25049B04F171
:104AD000420022E74FEACB0236FA02F33FF4F4AD8C
:104AE000F5E56FF00C04A8E710B5044628B12046A0
:104AF0007421BDE81040F7F773BC0448F7F78CFC4D
:104B000020467421BDE81040F7F76ABC3C60050000
:104B100070B16AB102290BD1802B09D110B50024E4
:104B20001146446510221030F4F72CFD204610BDCC
:104B30006FF00C00704700BF10B17421F7F750BC44
:104B4000704700BF30B589B0DDE90C5400950E9D6B
:104B5000019402950F9C109D03940495119C129D45
:104B600005940024CDE90645FFF786FD09B030BD68
:104B70002DE9F0438DB0DDE918C9B9F1100F26D841
:104B8000BCF1000F23D008AF04460D4690466146A5
:104B90004A4638461E46F4F7F5FC1A9B0793179BC6
:104BA0000393169B0293159B01934FF0010C149BEA
:104BB00000930497CDF81490334642462946204688
:104BC000CDF818C0FFF758FD0DB0BDE8F0836FF0C9
:104BD0000C00F9E72DE9F04182B0002958D0904649
:104BE000002A55D00546002800F08C80B3F5803FA0
:104BF0001F4648D20E468B484FF0FF31F7F746FB71
:104C0000002879D10020F7F753FB002870D1864B9C
:104C1000864801221A600468002CFCD1AC6D012C7E
:104C20006ED82A6D022A5CD0032A36D10C246B6D13
:104C3000002B6AD17D4A1368002BFCD14FF0FF3066
:104C4000F7F778FB2B6D23F00403032B784B1868E0
:104C50000CBF20F0400020F08000F7F779FB754989
:104C6000754B764A01200860002111601C6095F8A0
:104C70007030032B00F0AF80042B00F09680002BE7
:104C800045D06F4C0AE06F4C204602B0BDE8F08181
:104C90006D4C204602B0BDE8F0816C4C634A13684D
:104CA000002BFCD1604A13602B6D23F00403032B0F
:104CB0005F4B18680CBF40F0400040F08000F7F7F1
:104CC00047FB0120F7F7F4FA70B95648F7F7E6FA10
:104CD0000028D9D05E48F7F79FFB204602B0BDE818
:104CE000F08144F00804A2E75A48F7F795FBECE797
:104CF0005948F7F791FB8AE75848F7F78DFB81E7AA
:104D0000574CCBE74FF47104BEE7564CC6E7564B01
:104D10002A691A606A695A60AA699A60EA69DA605F
:104D20002B6D3168032B66D0504B2A6BD8F80000EE
:104D30001A606A6B5A60AA6B9A604D4AEC6BDC6031
:104D40001060C3F8CC782B6D022B06D0032B52D009
:104D5000484A3A4B012010601F60474A474B116098
:104D60001F602B6D23F00403032BA2F546720CBFCA
:104D7000402080201368002BFCD1F7F7EFFA04469F
:104D800000288BD1294B1C68002CFCD12B6D032BE8
:104D90003BD0364A3A4B12682A631A686A635A68EB
:104DA000AA6308331B68EB6378E7696DE86D00F070
:104DB000AFF9044600287FF471AFD5E91A32CDE986
:104DC0000032D5E91823696DE86D00F055FA044604
:104DD000002CA5D062E7696DE86D00F0A5F90446E6
:104DE00000287FF45BAF696DE86D00F0ABF9044615
:104DF000002C95D052E7234B2A681A606A685A60E3
:104E0000AA689A60EA68DA60A2E71E4A1E4B126836
:104E10002A601A686A605A68AA6008331B68EB60E7
:104E20003CE700BFB800002010B8025010B9025093
:104E300004BA025000B90250C0B40250BCB40250CF
:104E40000900F1000500F1000B00F1000100F10084
:104E50003836050018360500F8350500E035050040
:104E60000200F1000600F10000B4025060B40250EC
:104E700028BD02507CB4025028BC02502CBC025009
:104E800064B4025040B4025044B402502DE9F041E1
:104E9000002900F0DA809046002A00F0D68004460F
:104EA000002800F0FE801F46836B0E46002B00F0AA
:104EB000C480012B03D1B7F5803F80F0C2807A48CF
:104EC0004FF0FF31F7F7E2F9002840F0D0800020E2
:104ED000F7F7EEF9002840F0C680744B744D0122BC
:104EE0001A6028680028FCD1A36B012B00F2C78050
:104EF000E36B012B00F2C5806D4B18680028FCD1D4
:104F00004FF0FF30F7F716FAE36B012B694B186887
:104F10000CBF20F0800020F02000F7F719FA664A55
:104F2000634B1021116018680028FCD1236C002B02
:104F300000F08F80012B40F0B280604B22681A6035
:104F4000626843F8142CA26843F8102C5C4BE268AA
:104F50001A60626943F8302CA26943F82C2CE2698C
:104F600043F8282C226A43F8242C626A43F8202C48
:104F7000A26A43F81C2CE26A43F8182C226B43F80F
:104F8000142C236C4F4A012B40F2024318BF02231A
:104F90001360E16BD8F80020336801290BBF4A4940
:104FA0004A494B484B4802600F60A26B012A07BF79
:104FB00049494A4A4A494B4A0B601760E36B012B47
:104FC0000CBF80202020F7F7C9F9054690B9384B6F
:104FD0001D68002DFCD1236C002B54D1374A424B65
:104FE000126822611A68226004331B686360344BC4
:104FF0001B68E3602E4A1368002BFCD12B492C4A16
:105000000B601368002BFCD1E36B012B294B186854
:105010000CBF40F0800040F02000F7F799F9012024
:10502000F7F746F938BB2048F7F738F970B12F4841
:10503000F7F7F2F92846BDE8F081B7F5805FFFF495
:105040003EAF2B4D2846BDE8F0812A4D2846BDE8ED
:10505000F0811A4B22691A60226843F8142C6268A6
:1050600043F8102C72E72448F7F7D6F935E72348C0
:10507000F7F7D2F92BE72248F7F7CEF9D3E7214D1E
:10508000B8E7214DB6E7012B09D10C4A164B12683F
:1050900022601A68626004331B68A360A7E71B4D97
:1050A000A8E74FF47605D1E7B800002058B80250C1
:1050B00010B9025004BA025000B90250BCB30250F9
:1050C000B8B3025080B302502CBD025034BD025020
:1050D00028BD025030BD025028BC02502CBC0250EA
:1050E00030BC025034BC0250A8B302503836050020
:1050F0000400F6000600F600F8350500E03505006E
:10510000183605000200F6000300F6000500F60060
:1051100021B9034B002818BF184670470148704753
:105120000C00F1000D00F10028B9044B002918BF54
:105130001946084670470249084670470D00F100BD
:105140000C00F10008B104487047044A044B106099
:1051500001221A60704700BF0C00F10038BA0250FB
:1051600078B402502DE9F04FCDB0DDE9589688466D
:1051700000210C46054617460EA874229B4607F0F0
:10518000F5FF214680222CA82B9407F0EFFF842303
:10519000B6F57F6FCDE90A44CDE90C4405935AD8A2
:1051A00005AB0DF1AC0A01930296DDE95623594691
:1051B0003846CDF800A000F035FC002852D1A542B9
:1051C0000CBF03230223002207271C9010210EA8E6
:1051D0008DF8743001240123CDE92423CDF86880B3
:1051E0001B971E9526940DF12008F4F7D1F9102194
:1051F000CDE900180AAB0599504606AAF5F744F91F
:10520000074690B10EA874220021F4F7BFF9384682
:105210004DB0BDE8F08FF4F7B5F910210EA8F4F702
:10522000B7F90134761BE4B21AD0059B8DF8AC4077
:10523000102E424606A90EA8354628BF102500F0BC
:1052400053FE03462A4609EB07000EA92F44002B04
:10525000E1D01F46D6E7064F38464DB0BDE8F08F87
:105260003746CFE7034F38464DB0BDE8F08F00BF5B
:105270000F00F1000E00F100F0B589B0DDE90E5429
:1052800004AE1027CDE90146009500240397CDE92F
:105290000444CDE906440D46FFF764FF044608B90F
:1052A0001DB10A4C204609B0F0BD094B049A1A60A2
:1052B000059A5A60069A9A60079ADA6030463A462A
:1052C000214607F053FF204609B0F0BD0900F10068
:1052D00000B402502DE9F04F95B000F003070346EB
:1052E00003900846DE1B059200F00F020491C7F1FF
:1052F000040C31464FEA101802928FB1BCF1010F35
:105300001B7807D0039ABCF1020F13881CBF927858
:1053100043EA0243FD0003FA05F74FEACC0C00E034
:105320003D466E4A13680793079BDB07FAD56C4C22
:105330006C4B94F9052003EB82031B680093B8F1D2
:10534000000F5FD0DFF8A891644A6748674BDFF829
:10535000A4E1019706EB0818009EC9F800601668E2
:105360000896089EF607FAD5002D51D0019F4E6889
:10537000EF4006FA0CF63E430660D1E9016707FAF2
:105380000CF7EE403E430660D1E9026707FA0CF7DE
:10539000EE403E4306600E6901963746CE6807FA36
:1053A0000CFAEE4046EA0A06066094F902B094F957
:1053B00005604FEA8B1A01274AEA8B4A07604AEADE
:1053C000063600271031076046F040561F680997DF
:1053D000099FFF07FAD594F902B094F903A0CEF81B
:1053E00000604FEA8B1646EA8B4646EA0A3A4AF0D4
:1053F000084A1E680A960A9EF607FAD54145CEF875
:1054000000A0A9D1029B63B9002015B0BDE8F08FC0
:105410000E6806604E6806608E680660CE6806609C
:10542000C3E71D46049B23F00F01039B0B44194661
:105430002A4600230EA8CDE90E33CDE91033CDE97D
:105440001233F4F79FF8059900292B4614AA18BFC8
:105450001023D3180121214A03F8181C13680B9359
:105460000B9BDD07FAD5224B009A1A601E480E9B53
:1054700003600F9B0360109B0360119A026094F914
:105480000230129A026094F90510139D05601A46C5
:105490009B0143EA824343EA0131144A41F04051FF
:1054A00013680C930C9BD807FAD594F9023094F941
:1054B0000300104C0D4A2160990141EA834141EA01
:1054C000003141F0084113680D930D9BDB07FAD5BD
:1054D000084B0020196015B0BDE8F08FB4B0025041
:1054E000A436050000B00250D8B00250B0B002504F
:1054F000D4B0025080B002502DE9F04F8DB0082496
:10550000DDF858909DF860B00194002800F0B2805A
:1055100017469846B3FA83F2B9FA89F352095B0940
:105520009A4240F0A7808A46044617B1002900F04D
:10553000A180D4E90001D4E902237E4D20F070401F
:1055400029402A402B40C4E90001C4E9022301A9F3
:105550008220F5F77DFA0646002840F08780764DD8
:10556000764A95F90230990141EA834141F08E4132
:1055700041F4003113680293029BD807FAD5704BAF
:10558000704A196095F9000005230721F5F79CFB87
:105590006D4A95F9010003230721F5F795FB95F96D
:1055A0000300042322460721F5F78EFB95F904003A
:1055B00004F1100204230721F5F786FB95F9050095
:1055C0005E4A830143EA804040F08E4040F4003060
:1055D00013680393039BDB07FAD595F90210584B28
:1055E0008A0142EA814141F08E41544A186041F4F7
:1055F000003113680493049BDC07FAD5504B4F4AE3
:10560000196013680593059BD807FAD54C4B4F4991
:105610004A4A196013680693069BD907FAD5484B86
:105620004B4A1A605FBBB9F1000F31D1BBF1000FDB
:1056300038D195F9023095F90410404A18469B017B
:1056400043EA804343EA013141F000511368079374
:10565000079BDB07FAD53A4B95F90220196017989A
:105660000421F5F705FB0198F5F7D8FA30460DB09F
:10567000BDE8F08F374E30460DB0BDE8F08F504694
:105680005A463946FFF726FE0028CCD00646EAE700
:1056900040465A464946FFF71DFE0028F6D1BBF1A9
:1056A000000FC6D02C4A13680893089BDB07FAD575
:1056B0002A4A95F905302A4902EB8303B4321B6864
:1056C0000B6013680993099BDC07FAD595F9022052
:1056D00095F90510234B1046920142EA80420024BE
:1056E00042EA013101221F601C60C3F800901C6077
:1056F0001A60124A1C6041F0405113680A930A9BD9
:10570000D807FAD595F9023095F903200C4C1846C4
:105710009B0143EA804343EA02320848216042F099
:10572000084203680B930B9BD907FAD5044B1A6008
:105730007FE700BFFCFFFF0FA4360500B0B00250AA
:1057400080B00250646005005860050080077A4709
:10575000C0077E470225F000B4B0025000B00250EE
:10576000D4B00250D8B002502DE9F04F9DB00028BF
:105770006CD00E46002969D09046002A66D01D469E
:10578000002B63D0269B002B60D0036B0446002BBC
:105790005CD0C36B002B59D0289B002B56D090F8BF
:1057A0000090002148220AA8099107F0DFFC484632
:1057B00004A9F2F74DFC074618B138461DB0BDE804
:1057C000F08F0498F4F7FCF98246002873D0E36D5B
:1057D000289A089213F0070918BF4FF0010909EB46
:1057E000D3094FEA4903299A03F61C310120CDE978
:1057F0000532FBF73DFD044600285ED0059901F611
:105800001C31F6F7EDFD2846F8F7D0FC279B9B08E6
:10581000053B0B2B98BF2A49024698BF51F823B08D
:10582000284609A988BF4FF0090BF8F767FD07461E
:1058300088B10599204601F61C31F6F7D1FD2046C6
:10584000FBF71CFD38461DB0BDE8F08F1D4F3846F4
:105850001DB0BDE8F08F2846F8F7A8FC04F2EC75FF
:1058600002462B4609A9504600F0AEFFF8B9279B27
:10587000019305A9269B009304F61C3ACDE902A1E9
:105880005B462A46214606A800F04EFD78B9304610
:105890004A465146F8F7C5FC07460028C9D10AEB2D
:1058A00009014A464046F8F7BCFC0746C1E7F2F753
:1058B00009FB0746BDE7044F7FE7044F7DE700BFC4
:1058C0007860050080B0FFFF80B1FFFF80B2FFFF6E
:1058D0002DE9F04FB1B0002878D098463A9B002BC4
:1058E00074D03B9B002B71D0B8F1000F6ED00D46E9
:1058F00000296BD01646026B8246002A66D0C26B26
:10590000002A63D0002190220CA80B9107F02EFCF6
:10591000B208053A0B2A98BF3E499AF8000098BF92
:1059200051F82230DAF85CB088BF09230AA9059340
:10593000F2F78EFB044618B1204631B0BDE8F08F77
:105940000A98F4F73DF9074600285FD04FF0940C11
:105950000DF12C092246CDE9009C4146504609AB89
:10596000EFF7F2FA04460028E6D11BF0070318BF50
:10597000012303EBDB035A0002F6180B5946012002
:1059800006930792FBF774FC8046002840D0CDE9CF
:105990000004099A23464946384600F083FFD0B9EF
:1059A000DDF818903A9808F6180739464A46F8F78D
:1059B000A5FC044688B159464046F6F711FD40461D
:1059C000FBF75CFC204631B0BDE8F08F124C20465E
:1059D00031B0BDE8F08F104CEDE74A463B98B9185E
:1059E000F8F78CFC04460028E5D107990091CDE931
:1059F0000156059A3B46414608F55D7000F018FED9
:105A00000028D8D0F2F75EFA0446D4E7034C93E7B7
:105A1000034C91E77860050080B0FFFF80B1FFFF85
:105A200080B2FFFF2DE9F04782B04FF000090C9ED5
:105A3000CDF80490B6F57F6F45D8F700B7F5807FB5
:105A400001F1FF35904634BF032204223F2D0C465E
:105A5000009238D8002836D0591E3F299A4632D8AD
:105A6000B8F1000F2FD00A9B6BB30B9B1D6855B389
:105A700004EB0A010A44954225D30A9B01462246BB
:105A8000581CF3F77FFD0A9B1A19023482F8019023
:105A9000181941465246F3F775FDFF2F54440097FD
:105AA00015D90A98F3029BB243EA17232044022235
:105AB00001A90193F3F766FD02340B9B00201C60E3
:105AC00002B0BDE8F087064802B0BDE8F0870A9B47
:105AD000012218196946F3F755FD0134EDE700BFBF
:105AE00006000080324A10B504461368002BFCD132
:105AF000304A1368002BFCD12F4A1368002BFCD1CD
:105B00002E4A1368002BFCD12D4A1368002BFCD1C0
:105B10002C4A1368002BFCD14FF0FF30F6F70AFC3B
:105B2000636B23F00403032BE36D36D0012B264B6C
:105B300018680CBF20F0800020F02000F6F708FC69
:105B4000224B1B4A012119601368002BFCD1194A12
:105B50001368002BFCD11E49154A0B601368002BFB
:105B6000FCD1144A1368002BFCD1626B22F00401B3
:105B7000032918BFA36B17494FEA820218BF03F02D
:105B8000010302F01C0213430B60636B072B02D16D
:105B9000114B01221A60002010BD012B0A4B18681E
:105BA0000CBF20F0400020F01000F6F7D1FBC7E753
:105BB00010B9025070B4025020BD025020BC0250F7
:105BC00038BD025038BC025004BA025000B902502D
:105BD000BCB40250C0B402507CB40250002836D08D
:105BE00010B5044690F83C00032882B005D0042884
:105BF0001BD078B1174802B010BD216B206CFFF7A5
:105C000093FA0028F7D1216B206C02B0BDE8104058
:105C1000FFF798BA104A2169116061695160A16962
:105C20009160E169D16002B010BD216B206CFFF77B
:105C30006FFA0028DFD1D4E91332CDE90032D4E97C
:105C40001123216B206CFFF717FB02B010BD4FF43E
:105C5000710070470900F10000B402502DE9F041D5
:105C6000002900F08E801746002A00F08A80054641
:105C7000002800F0A3809846C36D0E46002B41D04B
:105C8000012B02D1B8F5803F3FD27D484FF0FF3164
:105C9000F6F7FCFA002840F088800020F6F708FBB1
:105CA00000287ED1774B784801221A600468002CC6
:105CB000FCD1686B03282CDC00282DDAE96D734CCD
:105CC000714A1368002BFCD120F00400704B0328AC
:105CD00018684DD001290CBF40F0800040F0200032
:105CE000F6F736FB674B00221A600120F6F7E0FA60
:105CF000002852D16248F6F7D1FA002847D1204651
:105D0000BDE8F081B8F5805FBFD3624C2046BDE8A6
:105D1000F081831F012BD1D8AB6BE96D012B4BD8E0
:105D2000012932D82B6E012B00F2A8802846FFF7FC
:105D3000D9FE044600283CD12846FFF74FFF044611
:105D4000686B002C36D10728B8D801A353F820F08F
:105D5000675E0400C35D0400455E0400C35D04008B
:105D6000BD5C0400BD5C0400455E0400C35D04002E
:105D700001290CBF40F0400040F01000F6F7E8FAAF
:105D8000B0E7454C2046BDE8F081444C98E74448D4
:105D9000F6F742FB2046BDE8F0814248F6F73CFBAF
:105DA000A8E74148F6F738FB7CE74048F6F734FBB4
:105DB00073E7686BE96D83E73D4C81E74FF471044D
:105DC0009DE73C4B2A681A606A685A60AA689A6024
:105DD000EA68DA606B6B326823F00403032B0AD0A5
:105DE000296E3B68012907BF334834493448354997
:105DF0000360C1F80080EB6D012B0BBF324B334BBE
:105E0000334934490A60C3F800806B6B23F0040304
:105E1000032B2DD02B6E012B0CBF80202020F6F7FA
:105E20009DFA04460028C4D1174B1C68002CFCD1F5
:105E3000686B431E062B12D8DFE803F00617061125
:105E400011170600244BBDE71A4A244B12682A603A
:105E50001A686A605A68AA6008331B68EB600123FD
:105E6000E96DAB652CE73268BAE71B4A1C4BEDE7DE
:105E7000EB6D012B0CBF40201020D0E7194C1FE721
:105E8000B800002010B8025010B902500100F10013
:105E900004BA02500500F1000B00F1000300F1000C
:105EA0003836050018360500F8350500E0350500E0
:105EB0000200F10040B4025028BD02502CBD025037
:105EC00030BD025034BD02502CBC025034BC0250D4
:105ED00028BC025030BC025060B4025044B402509E
:105EE00064B402500400F1002DE9F04101B3FAB1AD
:105EF000044600287AD01D46436B072B0E461BD064
:105F00005DB9032B10D1836D73B900F16403C0E94F
:105F10001955C0E91B550B6010252B46314620460C
:105F2000BDE8F041FFF79ABE2F463846BDE8F08144
:105F3000664F3846BDE8F081C36D002B59D1B5F5E9
:105F4000805F5BD215B9A36D002B57D160484FF02D
:105F5000FF31F6F79BF9002840F097800020F6F714
:105F6000A7F9002840F08D805A4B5B4A0121196047
:105F70001368002BFCD1636B032B20DD063B012B48
:105F80001FD8A36B012B3BD8E36D012B00F285805A
:105F9000236E012B00F283802046FFF7A3FD074606
:105FA00080B92046FFF71AFE074658B9636B072BE6
:105FB00007D8DFE803F03027552706065527002BC2
:105FC000DFDA464F444A1368002BFCD1414A0120D6
:105FD0001360F6F76DF900285BD13D48F6F75EF9DE
:105FE0000028A2D03E48F6F717FA9EE74FF4710753
:105FF0009BE7012BA6D1B5F5803FA3D3394F94E79A
:10600000394FDFE7394B22681A6062685A60A2682C
:106010009A60E268DA603649364A01230B601560FF
:10602000002D3ED1A26D0AB9334A13602A4B1F6876
:10603000002FFCD1636B013B062BC3D801A252F8A1
:1060400023F000BF656004007D600400656004000B
:10605000C55F0400C55F04007D6004006560040046
:10606000264BD0E7214A264B126822601A686260EC
:106070005A68A26008331B68E360A3E71F4A214BFC
:10608000F2E72148F6F7C8F96EE72048F6F7C4F9B9
:1060900064E71F48F6F7C0F99FE71E4F92E71E4FCF
:1060A00090E7E26D3368012A0AD01C491C4A0B6054
:1060B00010201560F6F752F907460028B6D081E7A0
:1060C0001849194A0B6040201560F3E70B00F100F6
:1060D000B800002010B8025010B902500100F100C1
:1060E000383605000500F1000200F10040B402500E
:1060F0007CB40250BCB4025024B5025060B40250CB
:1061000044B4025064B40250F8350500E03505008F
:10611000183605000300F1000400F10030BC025005
:1061200034BC025028BC02502CBC02502DE9F04F68
:1061300089B0002800F0A5800E46154604460029C7
:1061400000F09980D0F8E8271F466C4B9A4215D092
:10615000DFF8AC8100F54C794FF0000A5146284633
:10616000F3F716FA4846FAF731F8204640F2EC7198
:10617000F3F70EFA404609B0BDE8F08F002D00F0AD
:106180008680002F00F08980129B012B6CD81BB9F0
:10619000139B002B00F0AC80D4F88013092900F287
:1061A0008F80D4F80CB33A681BF0070318BF0123A3
:1061B00003EBDB03B2EB430F05934FEA430AC0F056
:1061C0008680D4F87C330493042904F54C7204F5DA
:1061D0004F7368D91BF01F0818BF4FF0010808EB78
:1061E0005B184FEA880804F5617B41465846CDE9C3
:1061F0000623F3F7CDF9049BD4F80C13069AB1EB00
:10620000431F9146079B6AD3049A19469200584649
:10621000F3F7C2F90BEB480213464344139900917C
:10622000D844CDE902233046129BCDF804801646AF
:10623000211D5A4600F058FD00284DD14246DDF898
:106240001480284643464146F3F73CFA00284CD1D7
:10625000434641463246E818F3F734FA80460028B0
:1062600043D1C7F800A07DE7DFF8988000F54C79AE
:106270004FF0000A72E7DFF890808A4600F54C790B
:106280006CE7DFF88880404609B0BDE8F08FDFF8A2
:10629000808000F54C79AA4660E7DFF87880BA463E
:1062A00000F54C795AE71046194607920693FAF71B
:1062B0003BF8079A069B9146804600288AD04DE716
:1062C000DFF8548004F54C794FF0000A46E7DFF818
:1062D0004C8004F54C7941E7DFF844803EE70A46FC
:1062E0005846194600F0CAFC94E7DFF8308035E7DD
:1062F000DFF8308000F54C799A462FE7030000EC78
:106300005708F0006308F0006508F0005108F0003D
:106310006008F0006108F0005308F0006208F00027
:106320006708F0006408F0002DE9F04F83B0DDE964
:106330000C98DDE90EAB002936D015460C468AB321
:10634000092B1F462CD8544A2968914209D0534F33
:10635000204640F2EC71F3F71BF9384603B0BDE874
:10636000F08F06464FF4FD612046F3F711F94C4AD1
:10637000D25DAAB14B4BC4F8807303EBC70133F86D
:1063800037204B68C4F87C23052B12D8464803EB12
:10639000830300EB4300F9F7C5FE0746002840D110
:1063A000424FD5E7424FD3E7424F384603B0BDE8EE
:1063B000F08F29464FF44C722046F3F7E3F83E4B3A
:1063C000C4F8E837B9F1000F1DD0B8F1005F0CD266
:1063D000D4F88033334A02EBC3035B68052B3AD908
:1063E000D4F87C33B8EB830F42D004F54C70F9F746
:1063F000EDFE204640F2EC71F3F7CAF82F4F384615
:1064000003B0BDE8F08FB8F1000FE1D004F54C7097
:10641000F9F7DCFE204640F2EC71F3F7B9F8284FAB
:106420009BE704F54C7318460193F9F7CBFE019BEB
:10643000394618460022F9F7F5FE019B074630B9A8
:106440001846F9F72FFF019B07460028B1D01846E0
:10645000F9F7BCFE7CE704F54C75424649462846F0
:10646000F9F740FF074648B12846F9F7AFFE6FE756
:106470004246494604F54F70F3F784F8002701259A
:106480005B46524631462046CDE90C5703B0BDE885
:10649000F04FFFF74BBE00BF020000EC5808F000C1
:1064A0009835050048350500A43505005308F0006F
:1064B0005208F0005108F000030000EC5508F0000D
:1064C0005408F0002DE9F04F87B0002800F09080CC
:1064D000504B0D46D0F8A014994204460FD0DFF877
:1064E0003C9100F55D763046F9F770FE204640F2AB
:1064F000A441F3F74DF8484607B0BDE8F08F002DF2
:106500007CD0D0F8C433092B6DD8D0F8508318F064
:10651000070718BF012707EBD807B2EB470F5DD17C
:10652000042B00F55D7200F560730BD81046194618
:1065300004920393F9F7F8FE049A039B16468146EA
:106540000028D0D118F01F0118BF012101EB581805
:1065500004F57279CDE904234FEAC801D4F8C033B9
:10656000039348464FEA880A09EBC80BF3F710F883
:1065700051465846F3F70CF8049A039BD4F850138D
:106580001646B1EB431F09EB8802059B04923AD3F0
:10659000039A194692005846F2F7FEFFAAF1040A40
:1065A000002349F80A3029463A464846F2F7F4FFF4
:1065B00004980023E91940F80A303A460546F2F7F4
:1065C000EBFF4B46009542465946201D00F04EFD1C
:1065D000114BB0F1000918BF994684E7DFF84090ED
:1065E00000F55D767FE7DFF83C9000F55D767AE7B1
:1065F000DFF83490484607B0BDE8F08FDFF82C9004
:1066000000F55D766FE70A465846194600F036FBFE
:10661000C4E700BF040000EC8408F0008208F0002A
:106620007708F0007308F0007108F0007608F000B9
:106630002DE9F04F83B0DDE90CA9DDF838800028A2
:1066400051D00E46044699B1092A15460ED80A685B
:106650001F46514B9A420DD0504D204640F2A44166
:10666000F2F796FF284603B0BDE8F08F4C4DF4E7F3
:106670004C4DF2E74FF494620021F2F787FF4A4B4A
:106680005B5D002BF2D0DFF83CB1C4F8C4530BEBD8
:10669000C5033BF835205B68C4F8C023052B27D819
:1066A000424803EB830300EB4300F9F73BFD05464B
:1066B000002854D004F55D7318460193F9F782FD64
:1066C000019B294618460022F9F7ACFD019B0546BF
:1066D00028B91846F9F7E6FD019B054640B1184672
:1066E000F9F774FDB9E7324D284603B0BDE8F08FE5
:1066F00031464FF45D722046F2F744FF2D4BC4F84B
:10670000A034B9F1000F1CD0B8F1005F0BD2D4F85F
:10671000C4330BEBC3025268052A22D93BF833304D
:10672000B8EB830F2AD004F55D70F9F74FFD2046D2
:1067300040F2A441F2F72CFF1F4D284603B0BDE8FC
:10674000F08FB8F1000FE2D004F55D70F9F73EFD6F
:10675000204640F2A441F2F71BFF184D82E7184D86
:106760007BE704F55D76424649463046F9F7BAFDC7
:10677000054648B13046F9F729FD6EE742464946DD
:1067800004F56070F2F7FEFE52463946204603B02B
:10679000BDE8F04FFFF796BE010000EC8308F00063
:1067A0007308F0007208F00098350500A435050064
:1067B0007108F000040000EC8108F0008008F0008F
:1067C0005308F000483505002DE9F843002952D060
:1067D0001E46002B53D00446002852D0D0F8B832C1
:1067E000B3F5107F2AD81546D0F8BC2201339A425F
:1067F00024D812F0070318BF012303EBD2080DB30E
:10680000A8451FD306F104090A4648462B464C21E9
:10681000F2F70CFF074628BBA84517D00335A90897
:106820004846F3F717FEE8B121464FF4377206F1F8
:106830005000F2F7A7FE144B336000E0134F3846C8
:10684000BDE8F883124F3846BDE8F88308F1030528
:10685000C5F38D03194604F1D8024846F3F77CFDD1
:106860000228DCD00B4F30464FF44C71F2F790FE0B
:106870003846BDE8F883084F3846BDE8F883074F2F
:10688000DDE7074FDBE700BF020000EC9508F000F2
:106890000B08F0000C08F0000908F0000A08F000EE
:1068A0000208F0002DE9F84F2DED028BDDF8308065
:1068B000B8F1000F72D00E46002975D004460028AA
:1068C00074D0022B1D4663D81BB10D9B002B00F02A
:1068D0008380D4F8B832B3F5107F51D8D4F8BC0215
:1068E000591C88424CD813F0070718BF012707EB43
:1068F000D30717F0030918BF4FF0010909EB9709F7
:10690000B9F1110F3CD896F800A0BAF1070F3DD8A5
:10691000BAF1050F3AD00AF00603022B57D07B00DC
:106920000133934256D14FF45D71404608F1040B98
:10693000F2F72EFE3B465846721C4821F2F776FECF
:10694000B0BB4B46224649465846F3F705FD0228A0
:106950005AD11AF0040F41D121464FF4377208F191
:106960009400F2F70FFE5146584600F06FF80446C7
:1069700000284BD1022D4BD0294BC8F800301DE028
:10698000284CBDEC028B2046BDE8F88F264CF8E77A
:10699000BDEC028B254C2046BDE8F88FBDEC028B88
:1069A000234C2046BDE8F88F224CEAE7224CE8E76A
:1069B000224C40464FF45D71F2F7EAFD0D9B002B2F
:1069C000DFD04FF463711846F2F7E2FDD9E77B1C84
:1069D0009342A8D01A4CD4E71A4CD2E708F14C03E2
:1069E0007A1C08EE103A184632443B464821F2F72A
:1069F0001DFE0028DCD118EE100A4B4649462246FF
:106A0000F3F7AAFC0228A7D00C4CBAE70E4CD0E74B
:106A10000D99584600F0FAF80028ADD00446C8E7B2
:106A2000010000EC9508F0000708F0001108F000E4
:106A30000E08F0000D08F0000208F0001008F00049
:106A40000F08F0001208F0003008F000F0B505461D
:106A5000D0F8480310F01F0418BF01248DB004EBD8
:106A600050142023122C00937DD80F466946F3F76B
:106A7000EFFF064610B130460DB0F0BD234605F1DC
:106A800090020121F4F720F901210846052305F5BC
:106A90001272F4F719F923462A4601210220F4F76D
:106AA00013F9234605F1D80201210420F4F70CF96B
:106AB00005F59072234601210520F4F705F9424AB5
:106AC00013680193019BDB07FAD5404B40493E4ACE
:106AD000196013680293029BD807FAD53B4B3D49D6
:106AE000394A196013680393039BD907FAD5374BCA
:106AF0003949354A196013680493049BDB07FAD5BA
:106B0000324B364A1A6007F00603022B2FD005F1EC
:106B10004802234601210320F4F7D6F82A4A1368D5
:106B20000593059BDC07FAD5284B2D49264A1960A9
:106B300013680693069BD807FAD5244B29492A4A9D
:106B4000196013680793079BD907FAD5274A284B82
:106B5000126812F4805F08BF1E460098F4F75EF8D2
:106B600030460DB0F0BD234E30460DB0F0BD00F004
:106B70000BFC002826D01C4A13680893089BDB07EF
:106B8000FAD51D4B184A196813680A930A9BD8074F
:106B9000FAD51A4A1A4B11601B680993099B5F408A
:106BA000F90708D5343A13680B930B9BDB07FAD52A
:106BB000064B144A1A60214605F148000322F4F7F7
:106BC00057F8CAE7104EC8E7B0B0025080B0025084
:106BD000802108888041183180610888005118316F
:106BE00080310C8800681051B4B0025088B0025057
:106BF0001008F0000F08F0000CB00250E4B0025092
:106C0000DCB00250C03000294021F000F0B5D0E9DE
:106C1000D23213F01F0418BF012485B004EB5314C3
:106C200012F01F0318BF01230D4601EB840601EB90
:106C3000C40700F1480103EB52120091034600F52E
:106C4000B471CDE9015603979030F2F7F9FE70B9AF
:106C500030462146F3F7FEFB30B921462846F3F7CC
:106C6000F9FB08B905B0F0BD024805B0F0BD024817
:106C700005B0F0BD1008F0003008F000F8B512F0D3
:106C80001F0318BF012303EB521707F1804314467B
:106C9000013B12F0070218BF0122002640F82360D2
:106CA00002EBD402644205469E00F2F775FC14F034
:106CB000070417D0B7F1010C10D02968A819C4F146
:106CC00020072B4621FA04F6596801FA07F23243ED
:106CD00043F8042B9842F5D105EB8C052B6823FA79
:106CE00004F42C60F8BD00BF2DE9F04F2DED068BAC
:106CF000D1E9C1458A4615F01F0118BF012101EBFA
:106D00005515A1B014F01F0118BF0121132D0593D3
:106D100001EB541100F27E81122900F27B81339B3A
:106D2000B54FB64EDFF8E89203EB81080AEE102A61
:106D3000AB0008EB850208EE903A0792043B02EBA9
:106D4000810206921A44434411930AF14C0309EE5E
:106D5000103A08EE105A662309EE900A1092049336
:106D6000C346059B002B00F05C81109B069D002410
:106D700018EE902A1C600AF592712846F2F702FC80
:106D8000119B1C60DAF808135B4619EE900A2A463C
:106D9000F5F744FA0346002840F03D81069A039235
:106DA000079A0292339A0AF5DC73CDE9003219EEA4
:106DB000100A0AF5B87318EE102A5946F2F740FE89
:106DC0000346002840F02781DAE9C13010F01F02A5
:106DD00018BF012202EB501813F01F0418BF012442
:106DE0002022B8F1130F04EB5314129200F2128117
:106DF000122C00F20F8197F9023097F9032097F9CE
:106E00000650089397F9043009920A9397F90820DD
:106E100097F905300D9512A997F907500B930F9527
:106E20000C92F3F715FE0346002840F0018143461B
:106E30000AF592720121F3F747FF9DF820009DF8B3
:106E400024500E900121084605230AF50672089584
:106E5000F3F73AFF9DF82850339A0E982346012104
:106E6000F3F732FF1AEE102A08989DF82C4043469B
:106E70000121F3F729FF284643465A460121F3F73B
:106E800023FF5246012143462046F3F71DFF9DF89C
:106E900030108A0142EA854C4CF0274CAD0433682F
:106EA0001393139BD807FAD5554B45F0AE40C3F862
:106EB00000C040F4023033681493149BDB07FAD50A
:106EC0004F4B1860D9F800301593159BDB07F9D5A7
:106ED0004C4B1B68D8047DD442F0245040F4083059
:106EE00033681693169BDA07FAD59DF83420444B85
:106EF00045EA821545EA013141F0184118603368CE
:106F00001793179BDB07FAD53F4B3D48016043EAD7
:106F1000824133681893189BDD07FAD5384B196006
:106F2000D9F800301993199BD807F9D5354B1B6850
:106F3000D9044FD49DF83C500E9BA00440EA851024
:106F400040EA033040F00840AC0133681A931A9BC2
:106F5000DB07FAD5089B990141EA8341284B41F0B0
:106F60005841186033681B931B9BD807FAD5089BC0
:106F700044EA033343EA8540214B40F04450196012
:106F8000A90433681C931C9BDB07FAD51C4B44EA0D
:106F900002320A4342F00842186033681D931D9B79
:106FA000D807FAD5164B41F0A24141F402311A60DC
:106FB00033681E931E9BDA07FAD5114B1960D9F876
:106FC00000301F931F9BDB07F9D50E4B1B6813F492
:106FD000805331D01298F3F721FE059B23B1049B17
:106FE000013B04937FF4BDAE084B184621B0BDECC5
:106FF000068BBDE8F08F00BFA4360500B0B002508C
:1070000080B0025088B00250000802511008F10010
:10701000B4B00250134B184621B0BDEC068BBDE84E
:10702000F08F18EE902A30995846F2F7ABFAB5E691
:107030000D4A9042D1D0EEE70E9A31980493414622
:10704000F3F716FE32982A464146F3F711FE1298DE
:10705000F3F7E4FD049B184621B0BDEC068BBDE8B8
:10706000F08F00BF3108F1001008F1002DE9F04F5A
:107070000546D0F84873D5F84C8317F01F0418BFA5
:107080000124002F9B46B4BF07F11F033B4618F0B5
:107090001F0618BF0126B8F1000F04EB6314434626
:1070A000B8BF08F11F0385B006EB63162020132E2E
:1070B00089469246039070DC122C6EDC47453846B8
:1070C00003A9B8BF4046F3F7C3FC034618B11846FE
:1070D00005B0BDE8F08F334B334AC3F8008001217F
:1070E0003346176005F5B472F3F7EEFD012108464B
:1070F00005F517720523F3F7E7FD33465A460121DC
:107100001C20F3F7E1FD0E9A334601210320F3F72B
:10711000DBFD05F1900653464A4601210220F3F7B4
:10712000D3FD2346324601211A2005F51276F3F7E6
:10713000CBFD3246052301211B20F3F7C5FD234675
:1071400005F5DA7201211420F3F7BEFD234605F59B
:10715000FE7201211520F3F7B7FD23462A460121CF
:107160001620F3F7B1FD234605F14802012117204F
:10717000F3F7AAFD234605F1D80201210B20F3F70E
:10718000A3FD00F0D7FB034603980193F3F746FDF8
:10719000019B184605B0BDE8F08F044B184605B0BA
:1071A000BDE8F08F90B0025098B002503108F10065
:1071B0002DE9F043644A93B013680093009BD9070C
:1071C000FAD5624B6249634A196013680193019BC7
:1071D000DB07FAD5604B1B68DF0400F1AF805A4A29
:1071E00013680293029BDE07FAD5584B5B49594A54
:1071F000196013680393039BDD07FAD5564B1B6890
:10720000DC0400F18580534B554E4F494F4FDFF85A
:107210006CC14FF00109DFF868E1524D00241A6893
:107220000492049AD007FAD530681A680692069A32
:10723000D207FAD5CEF800002A680592059A12B94D
:107240005DE052080134D007FBD514F01F0568D16A
:107250001D680995099DE807FAD5434DD5F80080CA
:107260001D680B950B9DED07FAD5DFF814E13D4D38
:10727000CEF800802D680A95E0070A9D05D505F037
:107280000704032C4AD0052C48D002F00302032A3D
:1072900005D105F00305032D08BFC9F100090A68EF
:1072A0000C920C9AD407FAD5304A3A600A680D92CB
:1072B0000D9AD007FAD52E4A3A600A680E920E9AB5
:1072C000D207FAD52B4A3A600A680F920F9AD5076F
:1072D000FAD5294A3A600A681092109AD407FAD56A
:1072E0001B4A3A601A681192119AD007FAD51A4AC5
:1072F0001268D2048FD5484613B0BDE8F0830A68FF
:107300000792079AD207FAD5C7F800C0203486E75B
:107310004FF00109484613B0BDE8F083C9F10009F8
:10732000B3E7DFF860E0013D4EEA053E0D680895E1
:10733000089DED07FAD5C7F800E089E74FF000098E
:10734000484613B0BDE8F083B0B0025080B00250A0
:1073500000082A51B4B0025088B0025000182A51D7
:1073600028B00250DCB002502CB0025000032A4971
:1073700080022E49C0C228A1C002324980F2296190
:10738000E4B00250800228612DE9F047894ABAB082
:1073900013680093009BD807FAD5874B8749884A22
:1073A000196013680193019BD907FAD5854B1B68B7
:1073B000DB0400F19181824A13680393039BDE078B
:1073C000FAD5814B7E4A196813680593059BDD0742
:1073D000FAD57E4A7E4B11601B680493049F07F028
:1073E0000303032B00F0748207F00703052B714A97
:1073F00000F0278113681993199BDC07FAD56E4BAF
:1074000074496C4A196013681A931A9BD807FAD505
:10741000694B714A1A60FFF7CBFE013000F01D8204
:10742000644A13681B931B9BD907FAD562486B4BC0
:107430000360013F40F071825E49DFF8D0C1604BCC
:10744000674E624D624CB8460A681C921C9AD2077D
:10745000FAD5C0F800C008F120081A681D921D9ADC
:10746000D707FAD537681A681F921F9AD207FAD53C
:107470002F6022681E921E9F002FE5D017F0010397
:1074800011D17F08FE07194603F10103F9D54948D8
:1074900002682092209AD507FAD5524A464842EA15
:1074A000013198440160434A13682193219BDC0712
:1074B000FAD5414B4C493F4A196013682293229BED
:1074C000D807FAD53C4B494A3A4CDFF84491484E2C
:1074D000414D1A609A4623682393239BD907FAD516
:1074E000CAF8009023682493249BDA07FAD5CAF8D7
:1074F000006023682593259BDB07FAD5CAF8005066
:10750000FFF756FE0130E6D12A4A13682693269BE0
:10751000DC07FAD5284B3749264A196013682793A8
:10752000279BD807FAD5244B3349224A19601368A0
:107530002893289BD907FAD51F4B2A491D4A196061
:1075400013682993299BDB07FAD51B4B2B49194A52
:10755000196013682A932A9BDE07FAD5164B28492F
:10756000144A196013682B932B9BDD07FAD5124838
:10757000244A104BDFF89C90DFF89CE0224EDFF8A5
:107580009CC002601A682C922C9AD407FAD5C0F8D5
:1075900000901A682D922D9AD107FAD50849094D05
:1075A000C0F800E000241A682E922E9AD207FAD56D
:1075B000066035E0B0B0025080B0025000081251B1
:1075C000B4B0025088B0025000B00250E4B0025093
:1075D000DCB0025080021249C0020249C0100229E8
:1075E0000CB00250C0000C61C0011E41C0111E4908
:1075F00080021E49C0311C98C0100E21C030109866
:1076000040021249809184A800182651C0F00D61F3
:10761000C0111E2140320C88406224884092248888
:107620000A682F922F9AD207FAD52A68D20460D41A
:1076300001341A683092309AD207FAD5C0F800C0E7
:10764000B1E713680993099BDB07FAD5854B864997
:10765000864A196013680A930A9BDF07FAD5814BA3
:107660008349824A196013680B930B9BDE07FAD596
:107670007C4B80497D4A196013680C930C9BDD0795
:10768000FAD5784B7C497D4A196013680D930D9BA0
:10769000DC07FAD57A4B754A1B68D80440F1928012
:1076A00013680E930E9BD907FAD56E4B75496F4A36
:1076B000196013680F930F9BDB07FAD5694B72496A
:1076C0006A4A196013681093109BDF07FAD5654B5F
:1076D0006E4A1A60002054E0644A13680293029BC9
:1076E000DF07FAD55F4B6A4A1A6001203AB0BDE85D
:1076F000F087002C3FD0A8EB0404012C33D0621E8D
:1077000002F01F01002A4FF00107B8BF04F11E026A
:107710008F4051111A683292329AD207FAD55D4AD7
:10772000564C026022683392339AD507FAD55A4AEA
:10773000524C156822683492349AD207FAD5574CC5
:10774000574A2944216017601A683592359AD20742
:10775000FAD5544A02601A683692369AD507FAD595
:10776000514A02600EE71A683192319AD107FAD570
:107770004E4A026006E707F00303032B40F0C58082
:1077800001203A4A13683793379BDC07FAD5354B0B
:107790004749364A196013683893389BD907FAD598
:1077A000304B4449354A196013683993399BDB07DC
:1077B000FAD5334B1B6813F4805F18BF01203AB031
:1077C000BDE8F08713681193119BDE07FAD5254BAE
:1077D00039492A4A196013681293129BDD07FAD5BA
:1077E000274B1B68DC04C3F30030CAD51F4B1A6853
:1077F0001392139AD107FAD51A4B304A1B491A60D3
:107800000B681493149BDA07FAD5164B1E4A1749D6
:107810001A600B681593159BDB07FAD5114B284AA4
:1078200012491A600B681693169BDF07FAD50D4BA9
:10783000244A0E491A600B681793179BDE07FAD586
:10784000084B214A09491A600B681893189BDD07F9
:10785000FAD5044B1D4A1A603CE700203AB0BDE857
:10786000F08700BF80B0025040120229B0B0025031
:10787000C01124618071109800181A51B4B00250E0
:1078800088B002508031022180211861C0601098B8
:10789000C0000E410002224120B00250D4B002507C
:1078A000D8B0025040821C98C0900C88C0700C88E0
:1078B00080310C88004818510098185180510229D5
:1078C00040121071C061249840021071C0901C8851
:1078D000343A13680693069BDC07FAD5104B11491E
:1078E000114A196013680793079BD807FAD50C4B08
:1078F0000E490D4A196013680893089BD907FAD5F9
:10790000074B0B4A1A6000203BE707F00707052FDB
:107910004FF001003FF435AFE8E64FF00008ADE569
:1079200080B00250C0100221B0B0025080110C6132
:10793000C060109830B5864A864B146886491A682C
:10794000A3B00B680493049BDB07FAD5834B8448F0
:10795000814918600B680593059BDD07FAD57F4BBD
:107960008048814918600B680693069BD807FAD5B2
:107970007E4B79491868C0F340200B680793079B3A
:10798000DB07FAD5754B7A4D77491D600B68089374
:10799000089BDD07FAD5754B1B68C3F3402300280D
:1079A00000F03681002B00F033816B490B6809939E
:1079B000099BD807FAD5694B6E486B4918600B686C
:1079C0000A930A9BDB07FAD5684B63491868C0F332
:1079D00040200B680B930B9BDD07FAD55F4B664D80
:1079E00061491D600B680C930C9BDB07FAD55F4B5C
:1079F0001B68C3F34023002800F00781002B00F030
:107A0000048155490B680D930D9BDD07FAD5534B47
:107A10005348514918600B680E930E9BD807FAD54E
:107A20004E4B56484C4918600B680F930F9BDB0771
:107A3000FAD54A4B5248484918600B681093109B7E
:107A4000DD07FAD5454B4F48434918600B68119341
:107A5000119BD807FAD5414B4B483F4918600B683A
:107A60001293129BDB07FAD53C4B48483A49186001
:107A70000B681393139BDD07FAD5384B44483649FE
:107A800018600B681493149BD807FAD5334B414800
:107A9000354918600B681593159BDB07FAD52C4BFD
:107AA0002D491A600B681693169BDD07FAD52B4BF0
:107AB0003949294A196013681793179BD807FAD5D3
:107AC000264B3649244A196013681893189BD90726
:107AD000FAD5224B3249204A196013681993199B31
:107AE000DB07FAD51D4B2F491B4A196013681A93FF
:107AF0001A9BDD07FAD5194B2B49174A19601368F1
:107B00001B931B9BD807FAD5144B2849124A1960BE
:107B100013681C931C9BD907FAD5104B24490E4AB5
:107B2000196013681D931D9BDB07FAD50B4B214A87
:107B30001A6015201321162217238DE80F00142335
:107B4000122219211820F3F717FE00285BD133E029
:107B500090B0025098B00250B0B0025080B00250C5
:107B600000100251C01F7229B4B0025088B00250F8
:107B7000C0CF0129C01F0E29C03F00294021022982
:107B800000510C98400108A180440888C0447088C6
:107B900080077A41C0077E414001024900006A49DE
:107BA0008006164940006E49000200210082202113
:107BB0004082202180822421174A13681E931E9B35
:107BC000DD07FAD5154B164A1C6013681F931F9BDF
:107BD000DC07FAD5134B1449114A19601368209336
:107BE000209BD907FAD50F4B10490B4A196013682F
:107BF0002193219BDB07FAD50D4A0E4B126812F434
:107C0000805F08BF184623B030BD0B4823B030BD9D
:107C10000A4823B030BD00BFB4B0025090B002504B
:107C2000B0B0025080B0025040A161A100C86151C3
:107C300088B002500308F1000208F1000108F100C9
:107C4000014B1B68184700BFD0000020014B5B6848
:107C5000184700BFD0000020014B9B68184700BFA9
:107C6000D0000020014BDB68184700BFD000002087
:107C70002DE9F041ADF51A7D0F460592002114461D
:107C800012A84FF408721E4605F070FA002108A8E9
:107C90002822069105F06AFA002F3CD0002E3AD037
:107CA000002C38D0042106A8F1F772FC08A828217E
:107CB000F1F76EFC08A800F031F878B14FF0FF350D
:107CC00012A84FF40871F4F78BFB06A80421F4F70F
:107CD00087FB28460DF51A7DBDE8F08112AB0DF14A
:107CE0001C08CDE901630390024605AB08A9CDF855
:107CF000008006A800F048FB05460028DED1336866
:107D0000A342DBD3D8F80010384608312246F1F7F9
:107D100039FC3460D4E74FF0FF35DAE730B583B093
:107D20001C2301A90446019300F034F8054638B934
:107D3000019B1C2B07D0154D20461C21F1F728FC78
:107D4000284603B030BDD4E900320121003B18BF02
:107D50000123E1610AB143F00203A26832B9E2688B
:107D600042B9C4E908327BB9094DE5E7E26843F05E
:107D700004033AB143F0080300222846C4E908325C
:107D800003B030BDC4E908321546D9E7370CF0001E
:107D90000E0CF00018B111B10B681C2B01D00120A2
:107DA00070474FF08053D3F8102C013214BFD3F832
:107DB000102C41F25C224FF080530260D3F8142C57
:107DC000013214BFD3F8142C41F664124FF08053E3
:107DD0004260D3F8182C013214BFD3F8182C40F6A7
:107DE000D8624FF080538260D3F81C2C013214BF4C
:107DF000D3F81C2C41F288324FF08053C260D3F884
:107E0000002C013214BFD3F8002C90224FF0805385
:107E10000261D3F8042C013214BFD3F8042C512290
:107E20004FF080534261D3F8082C013214BFD3F8CD
:107E3000083C40F237338361002070472DE9F84356
:107E4000002876D00C46002973D01D46002B70D038
:107E500006461AB1012200232A6003602B68002B1A
:107E600063D02946204600F009FB074600285DD173
:107E70002868214600F0E4FA0746002856D12B680E
:107E8000082B65D0042B66D0A3F10208B8FA88F855
:107E90004FEA5818314B3249324A012018609C464B
:107EA0000860CCF80000636A136011688B42F8D157
:107EB0002D4B4FF00009C3F800904FF0FF30F4F75E
:107EC00039FA2A4B2A4A1A604846F4F741FA294AF5
:107ED000294BC2F80080186840F48060F4F738FA43
:107EE000264B0A221A6008992369626A012924D064
:107EF0002349A1FB03131B0903FB02F303EB430319
:107F00002049194ADB039B090B6001231360336886
:107F10002A6823F07F4343EA026333602A6843EA16
:107F2000022333603846BDE8F883174F3846BDE872
:107F3000F883164F3846BDE8F8834FF08053D3F8E6
:107F40000C1C013102D0D3F80C3CD1E71623D3E747
:107F50004FF003089EE74FF002089BE7C4B10250C0
:107F600040B1025030B102502CB1025000B1025069
:107F7000FEFFFF0F0CB1025004BA025038B102509C
:107F8000ABAAAAAAD8B10250310CF100350CF1000D
:107F9000F0B4C900002401F1FF3C2646274606E064
:107FA0009F4216D00126654519D82C461F46630905
:107FB00004F01F0150F823301F2923FA01F304F1C4
:107FC000010518BF03F00103002CE9D10126354655
:107FD000EBE701369642E6D10248F0BC704700203C
:107FE000F0BC7047360CF100002861D02DE9F0415B
:107FF0004C1EB4F5047F27D233B32AB3CD00012B36
:1080000005F1FF3E30D000218C460F460E4603F1AD
:10801000FF384C0901F01F0550F824401F2D24FAA9
:1080200005F418BF04F0010421B90126B446314615
:108030002746EEE7B34213D0A74201D10CF1010C61
:10804000464504D1624502D21A48BDE8F0813C465B
:1080500001318E4506F10106EAD20020BDE8F0812B
:1080600000264FF0010CF3E70026B44637463446AD
:10807000610904F01F0350F821101F2B21FA03F1AE
:1080800018BF01F001013CB15FB98C4501D06146D8
:1080900008E00136614605E0012634468C4601279A
:1080A000E6E73E46B242CFD30134AC42F6D1D4E744
:1080B00000487047370CF1002DE9F04F8DB0DDE935
:1080C000176507460C46002D4CD1D1F810A01E6054
:1080D000169B00211960002A00F01B81994A9A4BD7
:1080E0001168626A1B689A4247D10A2945D1FB7818
:1080F0000493964BA3FB0A234FEA930B0BEB4B0322
:1081000006F10802AAEB430B042303920293B8463C
:10811000169BC3F800A0BAF1000F00F0C080039EC8
:1081200055464FF0000900F0B9F900230593B8F166
:10813000000F00F0E280002C00F0DF80049B002B99
:1081400000F0D98004A9204600F098F9B8B1804B1E
:10815000984240F0A480029000F0A0F902980DB07F
:10816000BDE8F08F4FF08051D1F80C0C013014BFF6
:10817000D1F80CAC4FF4047AA9E77648EBE7049801
:10818000214600F05DF90028E1D1049F082F00F09E
:10819000B680042F00F0B580A7F10207B7FA87F781
:1081A0007F096D4901230B6041F8843C19466A4BF5
:1081B00065481960636A036000688342F7D1674AC3
:1081C000002313604FF0FF30F4F7B4F864486549BA
:1081D000016000231846F4F7BBF86349634B0F6056
:1081E00018685A4F40F48060F4F7B2F8554B604875
:1081F0000A2119602169636AA7FB01C1090903FB10
:1082000001F303EB4303DB039B090360534B0122A0
:108210001A600499D8F800200B0243EA016322F0A7
:108220007F421343C8F8003005A800F0F9F8002891
:108230008DD1504A504B126806921A6807925A68BC
:1082400008929A680992DA680A921033A7FB052708
:108250001B680B93B9EB970F02D1BBF1000F41D113
:10826000182230460DEB0201F1F78CF9183D183653
:1082700009F10109002D7FF456AFBAF5047F5DD8EE
:10828000039D626951462846FFF782FE00284BD0C5
:10829000169A002313602E4B98423FF45CAF049D66
:1082A000082D34D0002204AB6D00009221464046D8
:1082B0000495FFF7C3FD314B984224D000287FF48A
:1082C0004AAFD8F80020130A03F47F03134323F0C6
:1082D0007F43C8F80030029B013B02937FF418AF44
:1082E000002038E730465A4606A9F1F74BF9A5EBCE
:1082F0000B055E44BCE7214829E7214827E703270F
:108300004FE702274DE7236A002B3FF424AF1D48B7
:1083100021E7009504AB012221463846FFF78EFD88
:1083200000283FF4E6AE16E7A2694FF48063514699
:108330002846FFF759FE0028AAD1D1E7169B1D60F9
:10834000ADE700BF38B1025030B10250ABAAAAAAC3
:10835000020CF100300CF100C4B102502CB10250FB
:1083600000B10250FEFFFF0F0CB1025004BA0250E0
:10837000D8B1025014B1025018B10250310CF100C2
:10838000350CF100320CF1002DE9F0411F4E84B0A4
:1083900004460D4630680C9F4FF0FF319046F3F7CE
:1083A00075FFD8B90020F3F783FFF8B90B9A009254
:1083B00000232046029301970A9B42462946FFF775
:1083C0007BFE04460120F3F773FFD0B93068F3F762
:1083D00065FF78B9204604B0BDE8F0810C48F4F799
:1083E0001BF80020F3F764FF0028DFD00948F4F7FA
:1083F00013F8DBE70848F4F70FF8204604B0BDE8AF
:10840000F0810648F4F708F8E0E700BFBC00002060
:10841000E0350500F835050038360500183605004A
:1084200008B501464FF48060F3F79EFF0249034A06
:1084300000230B60136008BDC8B102502CB102507C
:108440000138072805D8DFE800F00A0E04120404FA
:10845000040609487047CB684B62002070470B68E0
:108460004B62002070474B684B62002070478B685E
:108470004B620020704700BF310CF1000B6802E036
:10848000082B0B6006D8026A13424FEA4303F7D069
:108490000020704700487047310CF1000449054A3C
:1084A00000230B604FF480601360F3F743BF00BFFD
:1084B0002CB10250C4B1025003687F2AA3EB010122
:1084C00007D8002969DD591E016003F8012C01203D
:1084D0007047FF2A0DD801295FDD591E016003F89E
:1084E000012C03685A1E0260812203F8012C02202D
:1084F0007047B2F5803F13D202294EDD591E01604C
:1085000003F8012C0368120A591E016003F8012CBC
:1085100003685A1E0260822203F8012C0320704770
:10852000B2F1807F19D2032937DD591E016003F8AB
:10853000012C0368591E0160110A03F8011C03682D
:10854000120C591E016003F8012C03685A1E0260C8
:10855000832203F8012C0420704704291DDD591ED5
:10856000016003F8012C0368591E0160110A03F829
:10857000011C0368591E0160110C03F8011C0368FB
:10858000120E591E016003F8012C03685A1E026086
:10859000842203F8012C052070476FF06B007047B0
:1085A0000368591A0029C1BF03F1FF31016001209E
:1085B00003F8012CD8BF6FF06B007047F8B5054683
:1085C00010460E461746F5F7F1FD2968B1420446FC
:1085D00002D26FF06B00F8BD8B1B9842F9D8091AD4
:1085E000024629603846F5F789FEF8B93B68012B49
:1085F0000CD12B6893F90020002A07DA9A1B002A75
:10860000E7DD5A1E2A60013403F8010C2246314688
:108610002846FFF751FF002808DB044402223146B8
:108620002846FFF7BDFF0028A8BF0019F8BD034684
:10863000002043FA00F2D20701D529B10021013010
:108640000428F6D10020704720B1012802D002286A
:1086500018BF0320704700002DE9F8439946037BBB
:1086600004468BB3454B657B1878FF2820D11D70DD
:10867000CB784978914214BF414F424FA17B9B0078
:108680001F4479B3012911D1EB0003F1804303F5B5
:10869000F8333D4AD3F81415F1B105F5117342F8DA
:1086A0002370012303FA05F5C2F80455002009E000
:1086B000A84206D1344B00F5117053F82030002B3E
:1086C000D6D00820BDE8F883304B12B193F8205083
:1086D000CEE793F82150CBE72168C3F81015C3F813
:1086E0001475DEE794F808804046FFF7A0FFEA0023
:1086F000266802F1804202F5F83200F1500306EBE1
:108700008303C2F81035012303FA05F51E4BC2F8A6
:108710001475C3F8045565681C4CC0B200F5A87008
:10872000A5EB090546F82050627FE37F9B001AB352
:10873000144F012140461F44FFF779FF94F822C0EF
:108740006246D20002F1804202F5F83200F1500197
:1087500006EB8101C2F810150123C2F814750A4A0C
:1087600003FA0CF3C2F80435A368C0B200F5A87090
:10877000ED1A46F8205099E7014FDAE7480100204A
:10878000606000403060004000F0014024010020A3
:10879000037BA3B1437B0E4901229A40C1F808250F
:1087A000DA0002F1804202F5F83203F5117300207D
:1087B000C2F81005C2F8140541F823007047054BB4
:1087C00011B193F82030E6E793F82130E3E700BFDA
:1087D00000F001402401002070B50D4D2A7D0C46AB
:1087E000A2B110B954B9204670BD2946012251F8F2
:1087F000143BFFF731FF0028F4D0F5E72B6805495B
:1088000020460022BDE87040FFF726BF0F20EBE7AF
:10881000240100203801002070B50D4C227E0D4649
:10882000A2B110B955B9284670BD6368012204F1A0
:108830001801FFF711FF0028F4D0F5E76368054938
:1088400028460022BDE87040FFF706BF0F20EBE787
:10885000240100203C0100200B4A127D10B50C467B
:108860007AB110B93CB9204610BD0121FFF790FF45
:108870000028F7D0F8E720460021BDE81040FFF7B8
:1088800087BF0F20F0E700BF240100200B4A127EB3
:1088900010B50C467AB110B93CB9204610BD012183
:1088A000FFF776FF0028F7D0F8E720460021BDE863
:1088B0001040FFF76DBF0F20F0E700BF240100203C
:1088C000164A137D7BB1C1070DD5D37D517D9B0029
:1088D00003F1804303F5C043C1B1D3F8101521F46F
:1088E0008011C3F81015137E7BB183070DD5D37E9D
:1088F000517E9B0003F1804303F5C043D3F810255C
:1089000049B122F48012C3F810257047D3F810152E
:1089100041F48011E5E742F48012F4E724010020DD
:1089200030B5204D204A95F82040E100012001F1AA
:10893000804100FA04F301F5F83104F51174C2F82E
:1089400008350023C1F81035C1F8143542F8243039
:1089500095F8214000FA04F1C2F80815E10001F190
:10896000804101F5F83104F51174C1F81035C1F8F2
:10897000143542F824300D4C2178FF2911D088405D
:10898000C2F80805C80000F1804000F5F83001F594
:108990001171C0F81035C0F8143542F82130FF23AA
:1089A000237030BD2401002000F001404801002068
:1089B000234BF7B51E7F002E3CD0DD7F5C7FAD00E2
:1089C000002C3AD01F4C2C44DD686F1CCDB205F54D
:1089D000A875503140F8257093F82230DB0003F180
:1089E000804303F5F83300EB8101C3F81015C3F899
:1089F0001445D0F800321449144C43F48073C0F885
:108A00000032D30003F1804303F5F833C3F81015A7
:108A1000C3F8140502F51173002144F82310012353
:108A200003FA02F2C4F80425C0F84011D0F840312E
:108A30000193019B304603B0F0BD054CC3E700BF76
:108A400024010020606000401011004000F001404F
:108A5000306000400E4A002310B513600D4A1370B9
:108A600000F02BFABCF7FEFF044600F04DFA0A4B6B
:108A70004FF40052C3F87845C3F87C05C3F80425C9
:108A8000D3F8042842F48042C3F8042810BD00BF84
:108A9000A0180120A418012000F0014008B500F042
:108AA0000DFA094B4FF40052C3F8082501210022AA
:108AB000C3F87825C3F87C25D960C3F88025C3F8AE
:108AC0008425C3F8482908BD00F0014008B5054BCE
:108AD00000221A7000F0F8F900F01AFABDE8084018
:108AE000BCF728BFB018012008B500F007FABDE8B0
:108AF0000840BCF767BF000010B5044600F02AFA32
:108B0000054B064AC3F88045C3F88405C3F84829D5
:108B100001229A6010BD00BF00F001400CF001403E
:108B20002DE9F84F244B1B78834603F0FF0593B3E0
:108B300000F014FA214B5A68841A214A10789A4698
:108B400018B3204B1968CB1711F58008A4FB0167F7
:108B500043F1000911F5800FACBF0021012104FB96
:108B60000377B1EBD77F4FEAD97117D018EB010229
:108B700049F10003500840EAC3705910301A4246C8
:108B80004B4667EB010104F09FF8DAF800301C4413
:108B9000201ACBF800002846BDE8F88F18EB010238
:108BA00049F10003500840EAC37059108019424649
:108BB0004B4647EB0101E6E7B0180120A818012059
:108BC000A4180120A0180120F7B501A800F0B2F9FF
:108BD00000284CD0284E294C294DBCF747FF33784C
:108BE000009013B32268019FC2F500113A446768F0
:108BF0000144D21B101A4FEAD1524FEA91534BBF96
:108C0000801A801890FBF3F0B0FBF3F02B781D492D
:108C10005BB30B68C3EBC3031B1821D51A1F00D528
:108C2000DA1CD2100A6001232B7000233370BFF3CB
:108C30005F8F02AB13E9030084E80300BFF35F8F8B
:108C40000123337000F064F92B782068002B14BFE7
:108C50004FF080714FF48001BCF79EFE03B0F0BD71
:108C60001A1D48BF03F10B02DBE70860DBE700F0E9
:108C70004FF9BCF75FFEF1E7B0180120A8180120FA
:108C8000A4180120A018012007B501A8FFF748FF8C
:108C900020B90190019803B05DF804FB019B002B03
:108CA000F8D101230193F5E738B5044603F04AF8FB
:108CB0000546204603F04CF8A54203D0BDE83840F5
:108CC00000F0BABC38BD03F03DB803F077B808B582
:108CD00003F046F840B208BD00F0B0BC03F078B82D
:108CE00003F082B803F08EB880085E3840B2704757
:108CF0005E30C0B270474901C031401A704708B5B4
:108D000000F004FD02F0D4F800F0C1F802F04CFFCE
:108D100002F0DCFF00F06AFCBCF7ECFD02F0D8FFCB
:108D200000F075FCBDF718FB00F075FC00F01CF9B5
:108D300000F050FA03F0D0F8BDF774FCFFF78AFE9C
:108D4000BDE8084000F0C2BB08B500F0D1FBFFF75A
:108D5000A5FEBDF768FC00F065FABDF7FEFABCF7AA
:108D6000CAFD00F095F8BDE8084002F0C3B8000065
:108D700008B502F0E3F8092896BF024B0120185C01
:108D800008BD00BFA8600500012000F045BC08B583
:108D9000002000F041FC80F00100C0B208BD0123BA
:108DA00000221146184600F039BC07B50B460021D9
:108DB0000246CDE90011084600F032FC03B05DF830
:108DC00004FB10B49DF8044001945DF8044B00F0DE
:108DD000FFBE0146002000F02BBC00F02BBC00F0D1
:108DE0002FBC07B500230DF107008DF8073000F008
:108DF00029FC10B97F238DF807309DF9070003B0D7
:108E00005DF804FB02F07EBF02F084BF00F098BC66
:108E100007B5002300931A4600F098FC03B05DF8F4
:108E200004FB002200F00ABD002100F049BD08B596
:108E300002F0F0FFBDE8084000F000BC03F006B807
:108E400000F030BE13B50446CDE90021FFF71CFF4A
:108E5000DDE9002103462046BDF706F902B010BD4A
:108E600030B5054685B00C4661B1CDE90223FFF768
:108E70000BFFDDE90223009021462846BDF700FAEA
:108E800005B030BD0846F6E7704770477047704739
:108E900070470000014803F089BB00BF4C0100206F
:108EA00003F0AEBB704708B510B900F057FA08BD23
:108EB0000128FCD1FFF7F6FFF9E77047014B0122CB
:108EC0001A607047108000400B4BD3F8042522F045
:108ED0000302C3F80425D3F8082542F00302C3F8BF
:108EE0000825D3F8102522F00F0242F00402C3F83F
:108EF000102501221A60704700800040014B0122BA
:108F00001A60704710800040004870474880004059
:108F1000054B064901221A60054AD2F84435013B47
:108F20000B60C2F84835704744800040B4180120F7
:108F300000800040054B064AD3F8483512689A4233
:108F40001ABF036001200020704700BF008000406E
:108F5000B4180120004870474C800040014BD3F802
:108F60004C05704700800040014BFF221A7070478B
:108F7000B818012000F06AB913B5044602F096FE55
:108F80000D4B50B11A78FF2A07D1204601F0ACFEF4
:108F900002B0BDE8104002F053BED3E84F2FD2B26A
:108FA0008DF807209DF80720C3E8424F002AF4D12E
:108FB0000028EDD102B010BDB818012070470000A4
:108FC000064AFF23D2E84F0FC2E8413F0029F9D1FA
:108FD000C0B2FF2801D001F087BE7047B818012049
:108FE000024B1878FF3818BF01207047B8180120CD
:108FF0002DE9F04F384EDFF8E49085B00123D6E834
:109000004F4F14F0FF0409D0BFF32F8F334A13786A
:109010000133DBB2137005B0BDE8F08FC6E8453F01
:10902000002DECD1BFF35F8F2D4F99F80030DFF8A2
:10903000BCA05FFA83FB3B78019300F063FA8046A3
:10904000DAF80410DAF808300391029300F05CFAC1
:109050009AF800200399A2420FD9C0F17F4000F591
:109060007F00029B00F57E40203003441A464046B4
:1090700000F04CFA08B99AF80040012D0AF1200AD4
:1090800021D1184B1878019B844238BF0446A34273
:109090000FD020463C7002F041FF3B7803B9A4B9E1
:1090A000114DAC708CB900F0B3FA2C7000F0D0FA0E
:1090B0006C70BFF35F8F084A0023137099F800307B
:1090C0005B459BD1A7E70125BAE700F0A3FAFFF7BC
:1090D000E1FE00F0BBFAECE70319012004190120BE
:1090E00005190120BC180120B9180120C018012061
:1090F00038B50446C5B2FFF77BFF084800EB4513BF
:1091000018465968D9609968196105490C30C3E956
:109110000514BDE83840012100F000BAC018012054
:10912000B1910400F8B51E4D1E4E2F460123D5E81F
:109130004F2F12F0FF0F07D0BFF32F8F194A13786C
:109140000133DBB21370F8BDC5E8423F002AEED10F
:10915000BFF35F8F144B34781A78032A98BF1878BE
:109160005A788CBF0420C0B2904288BF58789A7851
:1091700088BFC0B2824238BF98780C4B1A7838BF8B
:10918000C0B28242E4B202D01870FFF7F5FEBFF31E
:109190005F8F00233B703378A342C7D1D3E700BF72
:1091A0000119012002190120B9180120001901201C
:1091B00010B5C4B2204600F043FD6401044B002208
:1091C0001A55FFF715FFBDE81040FFF7ABBF00BF12
:1091D000C018012008B500F037FA02F09DFE0A4AD7
:1091E00000231370094A1370094A1370094A137057
:1091F000094A1370094A137082F82030084A137024
:109200005370937008BD00BF01190120031901209C
:1092100000190120BC18012005190120C0180120E7
:10922000B918012010B5084C002104F10C0000F021
:10923000B1F904F12C00002100F0ACF902F06DFE50
:10924000BDE8104000F001BAC018012008B5054B78
:109250001870BFF35F8FFFF7CBFEBDE80840FFF744
:1092600061BF00BFBC18012000F0F3B900F0F2B9F3
:109270002DE9F0470D46044699469DF8206000F020
:1092800041F9A5F5F07A52462146804600F03EF9B4
:109290000746A0B11A481B4A730100EB461100F8BB
:1092A00003900C33C1E90145C1E9034AC1E9052630
:1092B0001844002100F032F93846BDE8F087124B1F
:1092C0001B78032BF8D940462A46214600F01EF9A8
:1092D00080460028F0D00A480C49730100EB461282
:1092E00000F803900C33C2E90516C2E90145C2E952
:1092F00003450121184400F011F94746DCE700BF9F
:10930000C0180120F190040005190120B19104005A
:10931000054B1A7832B95A7822B99878003818BFB4
:109320000120704701207047B9180120034B185CD9
:10933000884234BF00200120704700BFB9180120C7
:1093400000F08AB9034B1B7813B1034B04225A7007
:10935000FFF7E8BE05190120B9180120034B1B785F
:1093600013B1034B04221A70FFF7DCBE051901206C
:10937000B918012082B00122D0E84F3FDBB28DF84E
:1093800007309DF8073023B1BFF32F8F002002B0C4
:109390007047C0E8432F002BEED1BFF35F8F012051
:1093A000F5E70000094A82B0D2E84F3FDBB28DF802
:1093B00007309DF807300133DBB2C2E8413F002996
:1093C000F2D1BFF35F8F02B0704700BF07190120D1
:1093D0002DE9F3470F462749DFF89CC04FF0000EF8
:1093E00089460A78CDF804E0D2B2634653E8004FCC
:1093F00024B184421FD004F11003F7E7A04699F886
:1094000000509542EDD1404517D102690192DCF838
:10941000002082422AD1019A002A15BF0025012589
:1094200001260026019A43E8002ABAF1000FD8D19C
:10943000FFF7B8FF05E08046E1E7BFF32F8F002577
:109440002E4654B108F1100353E8003F08F1100113
:1094500041E80032002AF5D1012407B13C70002E0A
:1094600014BF3046284602B0BDE8F08700252E46DE
:10947000D8E700BF071901200C1901202DE9F041A0
:109480000F4E104FB04635780F483C68EDB2FFF7ED
:1094900071FF38B164B9BCF74AFABFF35F8F0A4B6A
:1094A00000221A7098F80030AB42ECD1BDE8F08190
:1094B0003B6820686168A342EFD1BCF735FAECE75E
:1094C000071901200C19012008190120044A002362
:1094D0001360044A1370044A1370044A13707047EF
:1094E0000C19012008190120061901200719012073
:1094F00008B5BCF71CFA024B00221A6008BD00BF79
:109500000C190120BCF70CBABCF70CBA101A0844AD
:109510000028D4BF0020012070470000F8B50446A1
:1095200029B1BCF7FFF96368013B03446360002184
:109530002046FFF74DFF08B1FFF7A0FF134E144D73
:10954000B44630782946C0B251E8002F5AB1D4E968
:1095500000373B441768DB1B5768DB1B002B02DB23
:1095600002F11001F0E79CF800308342E9D122615A
:1095700041E80043002BE4D1FFF714FF2B68A3421E
:1095800003D1BDE8F840FFF779BFF8BD0719012006
:109590000C19012008B5FFF71BFF18B1BDE8084002
:1095A000FFF76CBF08BD000037B50E48FFF7E2FEBD
:1095B00098B10D4B186858B10DF10701D0E902457B
:1095C000FFF706FF9DF8073013B10CB12846A047FE
:1095D000BFF35F8F034B00221A70FFF74FFF03B0FA
:1095E00030BD00BF061901200C1901207047FFF79C
:1095F00029BCBCF7B1BDFFF733BCBCF771BEBCF7EB
:109600007FBEFFF741BCFFF740BCFFF73FBC704790
:10961000FFF746BC7047704701F096BC01F0D2BC22
:1096200010B49DF8044001945DF8044B01F0FCBCBB
:1096300001F036BD01F058BD01F09ABD01F0C8BD82
:1096400001F0D6BD01F0FCBD70477047FFF77ABE50
:1096500070477047012070474FF0FF30704700009F
:109660002DE9F04389461AB1012A08D0002026E0EE
:10967000244A8BBBD2F844710224013230E0224AE2
:10968000D3BBD2F880730B242AE0ACEB060506EBC3
:109690006505AF4229D905FB04FE02EB0E0883B134
:1096A00052F80EE001688E4511D813D3D8F804E0C3
:1096B000416871450BD30DD8C9F800500120BDE8B1
:1096C000F083B0F8008032F80EE0F045F2E705F1E3
:1096D000FF3C08E06E1C06E0D2F8487108244132D5
:1096E0000025BC462E46B445CFDA6B1CB34208BFFA
:1096F0003546C9F80050B9E7D2F88473112402F551
:10970000B072EDE7981C01201019012010B5094C2A
:109710004FF4A6720021204603F028FD4FF4627238
:109720000548002103F022FD01232370034B002292
:109730001A7010BD981C012010190120E41D012091
:10974000014B1870704700BF981C01202DE9F74F9E
:109750001F4600230D4601930B4601A99DF830607A
:1097600081469046FFF77CFF90BBB8F1000F05D013
:10977000B8F1010F09D003B0BDE8F08F002D4AD138
:109780002A4C022304F2431A05E0002D48D1284C4C
:109790000B2304F5607ADAF80020202AEBD0019937
:1097A00001FB0330A0EB030BA344521A5A43594662
:1097B000204403F0C1FC002D14BF082202224946B8
:1097C000584603F0ABFCDAF800300133CAF8003039
:1097D000B8F1010F1DD10199DFF8549075B101EB7B
:1097E000011404F5B47039463246484403F096FC3F
:1097F00009EB0401284681F87061BCE70B244C4357
:10980000A01C39463246484403F088FC09EB0401A9
:109810008E720120AFE7074C082304F2071ABAE75B
:10982000054C112304F5097AB5E700BF991C012006
:1098300010190120D91C0120701A0120F7B50B4620
:109840000D46002701A916460197FFF709FF0446B8
:1098500018B12EB1012E19D03C46204603B0F0BD00
:10986000E5B9134B022503F243163268A2B1019900
:1098700005FB01F0C9430A442918194418446A43F6
:1098800003F05AFC3368013B3360E6E75DB9094BEE
:109890000B2503F56076E8E71446DEE7064B08255E
:1098A00003F20716E1E7054B112503F50976DCE71E
:1098B000991C012010190120D91C0120701A0120C7
:1098C00011B1012908D07047084B10B1C3F84811F5
:1098D0007047C3F844017047054B18B10022C3F824
:1098E00084237047C3F88003704700BF981C012091
:1098F0001019012030B51F4B1D78012D89B0044689
:1099000014D0022D15D0002D32D101A900F007FB93
:10991000194B1B786BB130B19DF804302A4602A96F
:10992000FFF79EFE0346184609B030BD124B1B7868
:109930000BB90123F7E702A9457800F006FB0028E0
:10994000F7D005F00705032D12D19DF81E30E35C1A
:10995000042B0DD19DF81D30022BEAD100231A46AD
:10996000059801A9FFF77CFE80F00100C3B2DAE799
:109970000023D8E7E41D0120981C012073B50E4692
:109980001546044688B10B46012201A9FFF768FE7F
:10999000A8B101980B4C5EB100EB0010231800F544
:1099A000B47093F870312B700444204602B070BD3F
:1099B0000B235843231802309B7A2B70F4E728704E
:1099C0000446F2E71019012070B5BCF7C7FC0C4B38
:1099D0000C4D1C780123A340013B184000260A4B84
:1099E000AB60C4B2EE60FFF78DFD28604FF4A0704D
:1099F00044436C6031462846BDE87040FFF78EBD99
:109A0000E51D0120E81D0120499A040010B50B4A0C
:109A10000B4913780133DBB213700A78042A9CBF18
:109A200001320A70032B4FF0000403D8FFF7CCFF7C
:109A3000204610BD034B01201C70FAE7E71D0120F2
:109A4000E51D0120E61D012013B50B4C23788BB1D9
:109A50000A4B0B4A01930020009012680123032156
:109A6000FFF7DEFD30B9237823B102B0BDE8104026
:109A7000FFF7CCBF02B010BDE61D0120859A04009F
:109A8000FC1D012040B9054B1B78022B04D9044B67
:109A900001211868FFF7B1BD704700BFE71D012025
:109AA000FC1D0120064B1860064B00221A70064B65
:109AB00003221A70054B01221A70FFF785BF00BF01
:109AC000FC1D0120E71D0120E51D0120E61D0120F0
:109AD000012910B507D8074C38B107480021FFF716
:109AE00059FD00232370012002E0207880F001005E
:109AF00010BD00BFE61D0120E81D0120054B1B68BD
:109B0000834204D1044B1B780BB1FFF77FBF0120C8
:109B1000704700BFFC1D0120E61D0120044B1B689F
:109B2000834202BF034B00221A700120704700BF1E
:109B3000FC1D0120E61D012013B50C4A531CD3E87F
:109B40004F3FDBB28DF807309DF80730834204D0D9
:109B5000BFF32F8F002002B010BD541CC4E8431F78
:109B6000002BEBD1BFF35F8F0120F4E7001E012033
:109B700008B5014690B102210120FFF7DDFFFFF794
:109B8000C1FC0A4B0A4A1860002119711060597112
:109B90001046BDE808400121FFF7C0BC0120FFF7D7
:109BA000CBFFBDE808400720FFF723BD041E0120BE
:109BB000101E0120044B00221A7020B9034B07210C
:109BC0001868FFF71ABD7047001E0120281E0120EB
:109BD000F7B5174D064610462A780F4632BB11BB23
:109BE000A3F1C80134787378013464019B0654BF33
:109BF00004F1CE0204F22E4217B102F1A804A2B27F
:109C00000C4B9DF820401E600B4B1F700B4B1C70C3
:109C100001232B70002300930423FFF729FB00B9D5
:109C2000287003B0F0BDA3F5AE71DBE70020F8E7C4
:109C3000001E0120281E0120241E0120251E0120B7
:109C400073B51D4D2B5C012B0446DEB202D118B159
:109C500001281CD002B070BD184B187802F078F8BB
:109C6000FFF7EAFC164A50B1164BCDE90063164BDC
:109C700012681B7805213046FFF7D2FCEAE728700E
:109C80001068072102B0BDE87040FFF7B6BC0F4B6B
:109C9000187802F05DF8FFF7CFFC40B10C4A23467C
:109CA0000521204602B0BDE87040FFF7B7BC02B006
:109CB000BDE87040FFF75CBF001E0120251E01209B
:109CC000281E0120B59B0400241E01200C1E01202B
:109CD000719B0400052910B5044602D101242046D9
:109CE00010BD084B5B78022BD8B2F7D1002CF6D010
:109CF0000021FFF721FF04460028EFD00A20FFF7DC
:109D000078FCECE7001E012038B5084B5B78022B8D
:109D1000044609D1FFF7F6FB054D2378286020465D
:109D20002B7100F073F8687138BD00BF001E012070
:109D3000041E0120837803F030021F2A05D913F096
:109D4000010F0CBF04200320704704207047807867
:109D500000F0C000802806D0C02806D0002814BF1C
:109D6000FF20002070470220704708207047000045
:109D70008378024A03F00C03D05C7047B2600500A0
:109D800082784378900602F00C0103D4081E18BFB5
:109D9000012070470C29C3F3801002F0C00204D1E7
:109DA000C02A08D180F001007047002AEED10029B6
:109DB000F8D1C0B27047002AE8D1F3E7837842783F
:109DC0009906C2F3801203F0C00003D448B182F0B8
:109DD0000100704703F00C030C2BF7D1C028F5D11C
:109DE00000207047807800F0C000A0F1C003584206
:109DF00058417047807800F0C000A0F180035842BD
:109E000058417047807800F0010070474078C0F3F7
:109E10004010704710B50446FFF7B2FF20B120464E
:109E2000BDE81040FFF786BF10BD10B5837813F072
:109E30000C03044609D0FFF7EDFF20B92046BDE82A
:109E40001040FFF777BF0230C3B2184610BD38B5D7
:109E50000146FFF76FFF05460846FFF789FFFF2819
:109E6000044607D00846FFF78BFF08B10235EDB274
:109E70002C44E4B2204638BD38B50546FFF7CAFF8A
:109E800004462846FFF79AFFA8B12846FFF7CDFF02
:109E900001462846FFF76CFF21B1FF2801D0084496
:109EA000C0B238BD14B1A31CD8B2FAE72846BDE849
:109EB0003840FFF73FBF2846FFF762FF002814BF76
:109EC00020460020EDE738B5847814F0C00405463C
:109ED0000AD0FFF7D1FF04462846FFF76FFF28B1ED
:109EE000FF2C01D00234E4B2204638BD2846FFF7EB
:109EF0009CFF01462846FFF73BFF044621B1FF289F
:109F0000F2D00818C4B2EFE72846FFF783FF08B184
:109F10000230F7E72846BDE83840FFF70BBF38B5F9
:109F200004460D46FFF7CFFF431EDBB2FD2B09D8D9
:109F3000A37803F0C003A3F1C0025342534120446D
:109F40002B7038BD00231846FAE72DE9F04106468C
:109F50000D46FFF7EFFE04463046FFF711FF0746B8
:109F60003046FFF72BFF8046A7B131190234E4B227
:109F70002960B37813F00C030ED033196B603046B0
:109F8000FFF7F6FE0444FF282875E4B206D100204E
:109F9000BDE8F0813946EBE76B602B75B8F1000F37
:109FA0001CD033190234AB60E4B2B37813F0C003B1
:109FB00019D03319EB603046FFF7C9FE0444FF287F
:109FC0006875E4B2E3D0AC757378C3F3C0001B07C7
:109FD0004BBFA41928612C610120D9E7002F18BFBD
:109FE0000F46AF60E1E7EB606B75ECE7034B0021D8
:109FF0001970BFF35F8F0248FFF7CCBA2C1E012007
:10A00000301E012010B50B4C237843B10A4A0023BF
:10A0100004210120FFF702FB10B10023237010BDC3
:10A0200006484368BDE8104003F5FA730121436018
:10A03000FFF774BA2C1E012041A00400301E01203D
:10A0400020B1034B05211868FFF7D7BA704700BF4E
:10A05000441E012038B50E4C0E4D0F4BA36000235B
:10A06000E3602860FFF74EFA2B6820601A780B4BEC
:10A070001B6803EB421303F5C07301256360084BB3
:10A08000204629461D70FFF749FA284638BD00BF13
:10A09000301E0120441E012005A0040054010020B0
:10A0A0002C1E0120084B1B7810B503F0FF0433B1C0
:10A0B000042902D028B1FFF799FF204610BD0124E2
:10A0C000FBE70446F9E700BF2C1E0120FFF78EBF17
:10A0D000FFF78CBF08B5FFF789FF012008BD00F12D
:10A0E000804000F58050002382B003600368019334
:10A0F000019B02B070470000034B186808B190F84C
:10A10000800000F001007047581E012008B5FFF7DD
:10A11000F3FF08B1014B186808BD00BF581E0120AD
:10A1200000EB800000F62E10B0F5166F38BFA0F6D9
:10A130003810044B34BF40F48070A0F51660C3F8AB
:10A14000080570470010004000BF00BF00BF00BFFF
:10A1500000BF00BF70470000134B144AC3F84825E6
:10A1600000F1804000F58050C3F84C0521B102F5A4
:10A17000FD424832C3F82C290D4AC3F8402502F5A8
:10A18000AF3202F59672C3F8442529B1D3F80028FE
:10A1900042F08002C3F80028034B8022C3F8042554
:10A1A0004022C3F80425704700F001403C71014093
:10A1B00010110040034B1B781BB1034B1022C3F856
:10A1C00008237047521E01200010004010B50446BD
:10A1D000FFF7B6F8B0F5C07F0B4A12D3C009811E55
:10A1E000B1EBD41F4FEAD41396BFA4EBC1140024E3
:10A1F000C31E1460054AC3F31403C2F86436012079
:10A2000010BD14600020FBE74C1E01200010004030
:10A2100013B501A801F01AFE9DF805009DF8044051
:10A2200001F052FE9DF807309DF806201B0643EA18
:10A230000243234343EA0020024BC3F86C0602B0FA
:10A2400010BD00BF0010004038B5114C114901226B
:10A250002260D1F8002222F44072C1F800220E4A96
:10A260001278042A0546D1B20AD005290DD001235F
:10A27000236025B1094B4FF48072C3F8082538BD1F
:10A2800007490848FEF7E8FAF1E707480021F9E72F
:10A290001090004000900040531E012000F001404B
:10A2A000E0600500C0600500D060050008B50A4800
:10A2B0000021FEF7EBFA094B01221A60084AD2F896
:10A2C000003223F48073C2F80032064B4FF48072E0
:10A2D000C3F8082508BD00BFC0600500109000400D
:10A2E0000090004000F0014008B5FEF7FDFBBDE81E
:10A2F00008400020FEF73EBE08B5054BD3F84805E0
:10A3000000F07F0001F0CBFD404240B208BD00BF2D
:10A310000010004008B50378184410F8010C01F053
:10A32000C5FD00B28000FF2828BFFF20C0B208BDD5
:10A3300013B50446FFF7E0FF01902046FFF7EAFF60
:10A3400001990246204602B0BDE81040FFF74FB920
:10A3500013B5084B01901C680146204601F094FF9C
:10A36000019928B1204602B0BDE81040FFF745B979
:10A3700002B010BD5C1E012007B5019001F098FCF1
:10A380000198FFF736F903B05DF804EB01F01ABC51
:10A3900007B5019001F08CFC0198FFF7C9FF03B0ED
:10A3A0005DF804EB01F00EBC08B5084BD3F850354E
:10A3B00013F0FF0F07D1FFF7C7FE054B18680038F1
:10A3C00018BF012008BD0120FCE700BF00100040BD
:10A3D0003C71014008B50B480021FEF71DFA80B919
:10A3E000094A0A49D2F8003243F48073C2F80032B5
:10A3F000074BC3F85015C3F854254FF48072C3F8C7
:10A40000042508BDC0600500009000403C7101407B
:10A4100000F0014010B5134C4023C4F808358023E8
:10A42000C4F80835FFF742FFD4F8003823F0800362
:10A43000C4F8003800220C4BC4F82C291B7883B1D7
:10A440000A4B0A21C3F808130949C3F80022012066
:10A450000860BDE81040C3F844264FF4AE70FFF723
:10A460003EBE10BD00F00140521E01200010004011
:10A4700010100040094A1368002BFCD0084AD2F89B
:10A48000003223F48073C2F80032064B01221A60B6
:10A49000054B4FF48072C3F8082570474091004087
:10A4A000009000401090004000F0014038B51C4C76
:10A4B0001C484023C4F808358023C4F808354FF4FD
:10A4C0008073C4F808350021FEF7E0F9164A1748F2
:10A4D00001251560D4F80038002123F08003C4F86A
:10A4E0000038C4F82C191560D0F8003223F48073BA
:10A4F000C0F800320E4B1B7883B10E4B4FF4505214
:10A50000C3F80823C3F800120822FEF751FA0A4BD9
:10A510001D6018B1BDE83840FFF7ACBF38BD00BFC3
:10A5200000F00140C0600500109000400090004025
:10A53000521E0120001000401010004010B5154CB4
:10A540004023C4F808358023C4F808350120FFF7FC
:10A550007BFED4F8003823F08003C4F800380021D3
:10A560000D4BC4F82C191B789BB10C4B0C4AC3F84B
:10A5700008230C48C3F800120822FEF719FA0A4A09
:10A580000123136042F8203C18B1BDE81040FFF7EA
:10A5900071BF10BD00F00140521E012000100040AC
:10A5A00002000408009000403010004038B5164CFE
:10A5B0004023C4F808358023C4F80835FFF776FE39
:10A5C000D4F8003823F08003C4F8003800250F4B7E
:10A5D000C4F82C591B78ABB108220D482946FEF768
:10A5E000E7F90C4B4FF40042C3F808230A4AC3F8BA
:10A5F00000520123136042F8183C18B1BDE83840FE
:10A60000FFF738BF38BD00BF00F00140521E0120E7
:10A6100000900040001000402810004038B5164C53
:10A620004023C4F808358023C4F80835FFF73EFE00
:10A63000D4F8003823F08003C4F8003800250F4B0D
:10A64000C4F82C591B78ABB108220D482946FEF7F7
:10A65000AFF90C4B4FF4C022C3F808230A4AC3F8E1
:10A6600000520123136042F8203C18B1BDE8384085
:10A67000FFF700BF38BD00BF00F00140521E0120AF
:10A68000009000400010004030100040F8B5054632
:10A690000F46164601F0E2FD044678B15E4B1B788A
:10A6A000092B0BD8DFE803F0050C0F225B5B656A12
:10A6B000747E022F02D00420FEF75CFC2046F8BD19
:10A6C000FFF778FDFAE7554B1B785B070BD5002D9C
:10A6D00000F0A080FFF7EAFE002EEFD00620FEF784
:10A6E00088FF3446EAE7FFF7E1FEE7E7002D00F0D8
:10A6F00091804B4D4B484023C5F808358023C5F861
:10A7000008354FF48073C5F808350021FEF7A4F82A
:10A71000454801230360D5F80028002122F080027B
:10A72000C5F80028C5F82C190360D0F8F02122F4F0
:10A730008072C0F8F0213D4A127832B13C4A3D485F
:10A74000C2F80803C2F800121361002EB6D03A4BCB
:10A750001868002380F88030FFF7EAFDC1E7002D7C
:10A7600058D0FFF7EBFE002EA8D00620FFF7F0FD33
:10A77000A4E7002D4ED0FFF74DFEF4E7002D49D0A1
:10A78000FFF714FF002E99D00120FEF73AFFA8E74B
:10A79000002D3FD0FFF742FF002E8FD00120FEF7A3
:10A7A00034FF9EE71E4E1F481F4F4023C6F8083552
:10A7B0008023C6F808350021FEF74EF801254FF436
:10A7C00080733D602846C6F80835FEF779F8174BC8
:10A7D0001B78002B3FF472AF184808220021FEF7C7
:10A7E000E7F8174B1D6000283FF468AF154A13685F
:10A7F000002BFCD0114AD2F8003223F48073C2F847
:10A80000003201233B60064B4FF48072C3F80825E9
:10A81000044653E72C4651E7531E0120501E0120E9
:10A8200000F00140D060050010900040521E012051
:10A830000010004002000008581E01200090004057
:10A840001010004040910040044B002282B01A607A
:10A850001B680193019B02B0704700BF3C7101402F
:10A86000424B1B782DE9F04107460D46164613B9B9
:10A870000020BDE8F0810478FFF7C8FA631C5B0193
:10A88000002860D103F1CE0015B100F1A80398B201
:10A89000FEF7ECFC80460028EAD001F061FA344B68
:10A8A000344AC3F80C05002D08BF4FF4A012C3F8BA
:10A8B00004754FF4B670C3F80022FFF710FC002DAA
:10A8C00044D04FF4A470FFF70AFC2B4A4FF4827077
:10A8D000FFF705FC294B19786FF3C3011970244B5E
:10A8E00042F00202C3F804239DB325492548FDF731
:10A8F00093FF002104462248FDF76EFF18B1B4FA19
:10A9000084F0400980B1204A2049D2F8003243F453
:10A910008073C2F800321E4BC3F85015C3F854259B
:10A920004FF48072C3F80425FFF78EFF002D14BF8B
:10A93000042000200121FFF70FFC8EB9154B0122E6
:10A940001A60404695E703F22E409DE74FF0006203
:10A95000BCE711482946FDF73FFFB0FA80F0D0E789
:10A96000FFF722FD0028E9D083E700BF521E012037
:10A97000001000400038140000000408501E0120A0
:10A98000E0600500C0600500009000403C7101409F
:10A9900000F0014010100040D0600500154B1B78FE
:10A9A00010B5044603B3AE20FEF760FCE0B1124AD6
:10A9B0004FF42053C2F800324FF4A470FFF78FFB1E
:10A9C0004FF4A270FFF78BFB4FF4C023C2F804339F
:10A9D000FFF700FDFFF738FF01210420FFF7BCFB64
:10A9E0001CB9064B01221A6010BDFFF7DDFC0028E0
:10A9F000F7D0F9E7521E012000100040101000406F
:10AA00004C4B1B7870B50646002B00F086804A4AF6
:10AA1000137823F01703137001F0A2F9474AC2F824
:10AA20000C05FFF769FB0546002877D0FFF76EFBA2
:10AA3000434BC2F80405C2F800321823C2F860354F
:10AA40004FF49A70FFF74BFB4FF49470FFF747FBFE
:10AA50004FF49870FFF743FB3A4C3B484FF4505388
:10AA6000C2F80433D4F8003243F48073C4F80032DF
:10AA70000021FDF7D1FE002852D1D4F840358133B2
:10AA8000C4F84435FFF7E0FE304B3148314AC3F893
:10AA90004825C3F84C0500F5F030C3F82C09C3F87D
:10AAA0005025C3F85445D3F8002842F08002C3F87B
:10AAB0000028294AC3F8402502F5AF3202F5967204
:10AAC000C3F844258022C3F804254FF48072C3F8EC
:10AAD0000425A0F5EF304022C3F80425D438FEF752
:10AAE0000BF80EBB1D4B01221A60B5B901F002FA3A
:10AAF0001B4B1860FFF700FB78B1FFF707FB0F4B0C
:10AB00000F4AC3F80405C3F80022D3F85035DBB26E
:10AB1000022B02BF134B01221A6070BD52238AE739
:10AB20000123C4F84035AAE7FFF73EFC0028D9D03E
:10AB3000DBE700BF521E0120501E01200010004024
:10AB40005200080000900040C060050000F0014085
:10AB5000041000403C7101401011004010100040F2
:10AB6000581E01200810004010B5044601F0F8F806
:10AB7000144B0021C3F80C051348FDF72DFE80B9D6
:10AB8000124A1349D2F8003243F48073C2F80032FB
:10AB9000104BC3F85015C3F854254FF48072C3F816
:10ABA0000425FFF751FE00210846FFF7D5FA1CB92E
:10ABB000094B01221A6010BDFFF7F6FB0028F7D001
:10ABC000F9E700BF00100040D06005000090004091
:10ABD0003C71014000F0014010100040134B1B7805
:10ABE00010B50446DBB1124B1868FFF7EFFAB0B1AD
:10ABF000104A4FF40041C2F800124FF49E70FFF764
:10AC00006EFAC2F80413FFF7E5FBFFF71DFE012102
:10AC10000420FFF7A1FA1CB9074B01221A6010BDEE
:10AC2000FFF7C2FB0028F7D0F9E700BF521E012052
:10AC30004C1E0120001000401010004008B5064BCB
:10AC40001B7833B1FEF77CFB3B2894BF002001202A
:10AC500008BD0120FCE700BF521E012010B501F025
:10AC600025F8044628B1FFF7E9FF044608B900F0CB
:10AC7000E7FF204610BD00001549402310B5C1F87C
:10AC8000083518B1134B5222C3F80022124B134A55
:10AC900001241C608023C1F80435137823F00703D6
:10ACA00013704FF49470FFF71AFA0A4B1822C3F886
:10ACB0006025FFF7C9FD40230948C1F80435FDF7B9
:10ACC0001BFFFFF771FB08B9064B1C6010BD00BFEE
:10ACD00000F001400010004010900040501E012084
:10ACE0003011004010100040F8B5044600286DD027
:10ACF000FEF726FB3B2840F2C380624D2B7803F021
:10AD0000FF06002B40F0BC805F4C01270F23C4F8E6
:10AD1000FC6FC4F8FC7FC4F810355C4BC4F81435E4
:10AD20007F23C4F8183540F20223C4F85076C4F8E3
:10AD30003435574BC4F83835FFF76AFA554BC4F829
:10AD40004466C4F8483600F0FDFFFFF7E9F9524BBE
:10AD5000022283F80163C3F880212F70FDF7B6FE4D
:10AD60004E493046FDF738FD4C493046FDF754FD5D
:10AD70004B4B1B78023B072B00F28280DFE803F08D
:10AD8000048009118014191EBDE8F8400020FFF767
:10AD900037BE00220121434B1868BDE8F840FFF799
:10ADA0005FBD00221146F6E7BDE8F8400020FFF73E
:10ADB00015BFBDE8F8400020FFF7F0BD2B78002B51
:10ADC0005ED0BDE8F8400020FFF7CEBE2D4B1A78CC
:10ADD000002A35D01870FEF79BFA88B12E4B02225C
:10ADE000C3F88020C3F8802183F80143BFF34F8F5D
:10ADF000BFF36F8F244B0122C3F8FC4FC3F8FC2F25
:10AE000026490020FDF728FD24490020FDF73EFDDE
:10AE10000320FDF755FDFDF767FE0022022101200A
:10AE2000FFF734FC1E4B1A78013A052A08D8DFE8F0
:10AE300002F0030B131D1D1D00221A70FFF754FAB8
:10AE4000BDE8F840FEF710BA174B1B785B07F7D543
:10AE50000520FFF791FAF3E702221A70134B1868E6
:10AE6000002380F88030FFF793FAE9E702221A7096
:10AE700000F01EFF0420FFF76BFA00F0A3FEDFE7EF
:10AE8000F8BD00BF521E012000100040080000065F
:10AE900021100100000700FF00E100E0F060050064
:10AEA000531E01205C1E0120501E0120581E01204F
:10AEB0000D4A002313700D4A13700D4BD3F804256F
:10AEC00022F00302C3F80425D3F8082542F0030258
:10AED000C3F80825D3F8102522F00F0242F004022F
:10AEE000C3F8102501F01DB8531E0120521E012089
:10AEF0000090004008B50E4B1B784BB10D4B002263
:10AF0000C3F8FC2F0122C3F8FC2F0320FDF7D8FC67
:10AF1000FDF706FD084B0222C3F88020C3F880210C
:10AF2000002283F80123BFF34F8FBFF36F8F08BD5B
:10AF3000521E01200010004000E100E0014B187893
:10AF4000704700BF531E0120F8B5074600F0AEFE63
:10AF5000064630B1184D2B7823B9344600F070FE08
:10AF60002046F8BD2B78012BF7D001221146384638
:10AF7000FFF78CFB04460028F0D001232B700F4B09
:10AF80001B7803F0FF071BB92F70FFF7ADF9E5E75A
:10AF90004FF48870FFF7A3F8094B1022C3F804237D
:10AFA000D3F8501511F0FF01D7D1FFF703F93C4654
:10AFB0002970FFF799F9D1E7531E0120521E012095
:10AFC000001000402DE9F84307468846154699468B
:10AFD00000F06CFE044600B3124E3378022B06D00C
:10AFE0003378032B03D0FFF729FE40B900240DB1BD
:10AFF0002046A84700F024FE2046BDE8F8834A46D4
:10B0000041463846FFF742FB04460028EED00223B3
:10B0100001203370FFF7F4FCE9E7002DECD0A847DE
:10B02000EAE700BF531E01202DE9F7430B9D019174
:10B030009DF82890064690461F46FFF70FFE01999F
:10B04000044628B301223046FFF720FB044648B9E6
:10B0500000240DB12046A84700F0F2FD204603B0C1
:10B06000BDE8F0830C4E022333700C4B01223946AD
:10B070004046C3F80080FFF7F3FBB9F1000F01D0A1
:10B080000028E5D0002F14BF042305233370E0E728
:10B09000002DE3D0A847E1E7531E01205C1E0120EC
:10B0A00070B506460D46FFF7D9FD044698B101225A
:10B0B00011463046FFF7EAFA044650B1074B072223
:10B0C0001A70074B1D60074B002201201A70FFF712
:10B0D00085FD00F0B5FD204670BD00BF531E012068
:10B0E0004C1E0120481E012010B50446FFF7B6FD96
:10B0F000012284F8802058B1164B1B7833B1164BCF
:10B100001B78022BD9B205D0062915D000F098FD86
:10B11000012010BD1149D1F85035DBB2022BF5D119
:10B120000F4B1C60FEF7F2FF0E4BC1F80405C1F88F
:10B1300000320D4B1A60E9E70849D1F85035DBB20F
:10B14000022BE3D1064B1C60FEF7E0FF074BC1F872
:10B150000405ECE7521E0120531E012000100040A0
:10B16000581E01205200080008100040120008007C
:10B1700038B5FFF773FD044678B1124D2A781AB13D
:10B1800000F0E0FDFEF7CCFF0F4B1B78022BDAB28C
:10B1900005D0092A0ED000F053FD204638BD01220B
:10B1A00011460020FFF772FA0028F4D00120FFF7C3
:10B1B00027FCF0E72B78002BEDD0044B01221A601E
:10B1C000E9E700BF521E0120531E0120101000406D
:10B1D00010B5FFF743FD044630B1044B1B780BB1AB
:10B1E000FFF716F800F02CFD204610BD521E01207E
:10B1F00010B5FFF733FD0446B0B10D4B1B7803F0DB
:10B20000FF047BB10B4B1B78022B0FD10A4A13783A
:10B210004FF48E7043F010031370FEF760FF074B7E
:10B2200001221A6000F00CFD204610BD0024F9E751
:10B23000521E0120531E0120501E012014100040F8
:10B2400038B50D4B1B78DB06044611D5FFF706FD1C
:10B2500070B10A4B1B7803F0FF0533B1084A13683D
:10B26000002BFCD0FFF748F8207000F0E9FC00E06C
:10B270000025284638BD00BF501E0120521E012067
:10B280001C1100402DE9F04F91B000F099FCAB4B40
:10B29000D3F804339F0711D5A94B1B6873B14FF442
:10B2A0008270FEF71CFFA74B1A78052AD3B200F272
:10B2B000ED80032B00F2F08000F0FD80DFF87C923F
:10B2C000D9F804335E0537D59F4B1B68002B33D06C
:10B2D0004FF49470FEF703FF9A4B1B78022B2BD18F
:10B2E000D9F86035C3F3C708984B8DF828801B68E0
:10B2F00013BB974C237813F0010600F0E78001267A
:10B3000023789D0718D4BEB1924E30680578FEF7B9
:10B310007DFD6B1C5B01002840F0078103F1A0005C
:10B32000FDF7A4FF002800F003812378306843F084
:10B330000203237000F0CEFF804BD3F8043398044F
:10B3400011D5824B1B6873B14FF49A70FEF7C7FE9C
:10B350007C4B1B78022BDCB205D10020FFF78CFC64
:10B360002046FFF709F8754BD3F80433D90440F1B0
:10B370004681794B1B68002B00F04181714E4FF4E0
:10B380009870FEF7ACFE3378022B40F03881704D98
:10B39000704C2B78276823F0140343F01003DA076E
:10B3A0002B7040F1EB802068FEF730FD002800F0A4
:10B3B000EE8000F0B7FC002800F0E9802068674DBF
:10B3C00000F0B6FD28602068FEF7A4FF644B1870FB
:10B3D0002B68002B00F0DB80584DDFF89C81C5F80E
:10B3E00004354FF4A013C5F800324FF4AA70FEF7ED
:10B3F00076FE5C4B5C4AC3F858254FF40072C3F8E4
:10B400005C55C3F80425D8F84495CDF82880002170
:10B410000523CDE90C110AA88DF8303009F1280375
:10B420000B93FDF7D9F9514B01221A60D8F84C253E
:10B43000D8F84035914505D9994540F2CE809A42D9
:10B4400000F2CB80FEF780FED5F85035DBB2092B39
:10B4500000F0C380464B1B68002B40F0BE80226882
:10B4600082F880303F4A4FF40071C2F80815C2F8E4
:10B470005835C2F85C35C2F83439FFF717F80120A7
:10B48000FFF7BEFA3846FEF783FFB8E0062B7FF4DD
:10B4900015AF00F021FF11E7364B1C68204600F085
:10B4A00007FF10B12046BAF73BFF294A137843F053
:10B4B0000803137002E7294B1C68FEF71DFF284B99
:10B4C00001461A782046BAF773FEF7E6214F43F09B
:10B4D0000403386823700AA900F02AFE054660B903
:10B4E0009DF82830984503D0DB00C9F8603506E7A1
:10B4F000237843F00103237001E709280FD1FEF7F9
:10B50000D5FF0120FFF77CFA3B685B7803F0070367
:10B51000022B3FF4F5AE2846FEF72EFFF0E600F0D2
:10B52000F1FB00287FF4EBAEE9E703F53070F7E6B6
:10B53000FEF7BCFF0520FEF75CF8FDE600100040BA
:10B5400004110040531E0120281100403411004016
:10B55000501E0120581E012030110040541E0120B1
:10B56000511E012000F00140449100404C900040E9
:10B57000541100405C1E01200090004000F0C2FB0E
:10B58000002800F0E8802B78DB073FF50CAF0120A6
:10B59000FFF772FB7B7803F00703022B00F0C880F3
:10B5A0002368002283F8802000F0A4FC2060FEF7CE
:10B5B000A3FD00283FF466AFFEF7A8FD6A4B6B4A77
:10B5C000C3F80405C3F80022D3F85035DBB2022BD0
:10B5D00002BF674B01221A6054E7634A03233370AA
:10B5E0004FF45053C2F808334FF4B670FEF777FDAE
:10B5F0004FF48270FEF773FD5E4BC2F804335A4C71
:10B60000D4F804331F0140F13B815B4B1B68002BD6
:10B6100000F03681DFF884914FF4B670FEF75FFDDD
:10B6200099F80020032AD3B24F4600F0B980043BBA
:10B63000012B00F22581514B1B781E0740F1208120
:10B640004F4E3068FEF7E2FBB0460546002800F09A
:10B650006181FEF751FD4B4A4B4B051E08BF12237B
:10B660004FF04001C2F80815C4F8003203D0FEF7CD
:10B670004DFDC4F804054FF48670FEF730FD434BD2
:10B68000C4F808334FF48270FEF729FD0A23C4F88A
:10B6900004330020FEF7D8FDFEF79CFE39493C4BF1
:10B6A000C1F84835A3F5B033A3F59C73C1F84C3508
:10B6B00003F5F033C1F82C39FFF7C6F88023C1F841
:10B6C00004354023C1F8043506233B70FEF76CFEB9
:10B6D00010B9304B01221A60B5B900F00BFC2E4BAB
:10B6E0001860FEF709FD78B1FEF710FD1E4B264AE3
:10B6F000C3F80405C3F80022D3F85035DBB2022B9F
:10B7000002BF1B4B01221A60D8F80020937803F087
:10B710003003202B00F0B4804FF4AE70FEF7DFFC56
:10B72000D378114A1B0643F40073C2F84436A7E0ED
:10B7300000F0E8FA00287FF433AF0B4B0B4AC3F854
:10B740000022D3F85035DBB2022B7FF458AF084B00
:10B7500001221A6053E7FEF7A9FE0120FFF750F916
:10B760000420FEF709FE4AE70010004052000800DE
:10B7700008100040020000086C110040501E01201B
:10B780005C1E012000F001401200080002000408C5
:10B790003C71014010100040581E0120531E012032
:10B7A000AA4DAB4EDFF8ECB2D6F80080A9484FF0B6
:10B7B000400A00214FF00109C5F808A5FDF74CF833
:10B7C0000021A548CBF80090FDF726F85223C4F8D5
:10B7D00000321823C4F86035A04BC4F808334FF486
:10B7E0009A70FEF77CFC4FF49470FEF778FC4FF4EF
:10B7F0009870FEF774FC4FF45053C4F804334FF4C0
:10B800000073CBF80090C5F808350023C5F858350B
:10B81000C5F85C35C5F834398023C5F80435FFF721
:10B8200013F88F48C5F804A5FDF766F9FEF7BCFDCF
:10B8300010B98C4BC3F800903368002283F8802045
:10B8400000F058FB3060FEF757FC78B1FEF75EFC65
:10B85000854B864AC3F80405C3F80022D3F8503557
:10B86000DBB2022B02BF824B01221A60814A022303
:10B870003B70137823F0070313704046FEF788FDF2
:10B88000794AD2F804331D0740F182807A4B1B6855
:10B89000002B7DD0794E4FF48670FEF720FC337874
:10B8A000062B75D1764B1B681BB1D2F80034DC0730
:10B8B00048D4744B1868837803F03003202B26D1CA
:10B8C000634B1D68AB7803F03003202B1FD16B78DE
:10B8D00003F00703022B1AD1634BD3F8004414F092
:10B8E000010415D004A9FEF730FB0AA92846FEF78B
:10B8F0002CFB60B1079850B10B9941B19DF82530F0
:10B900009DF83C209A4202D101F0FAFBD0B100240C
:10B9100025461DE0FEF712FE0223012089F80030C3
:10B92000FFF76EF83068019000F0C2F9019800F05E
:10B93000A9FC01982B462A462946FDF75CFE00F03B
:10B9400041F99DE7424B1D68002385F880300124B2
:10B95000FEF760FD022701203770FFF751F8002C39
:10B960006DD0FEF7C9FC03902846FEF7D3FC45498D
:10B9700002900868019000F09BF9019800F082FCA9
:10B98000DDE9023201982946FDF735FE00F01AF98B
:10B99000354BD3F80433D80610D53B4B1B686BB13D
:10B9A0004FF48870FEF79BFB34490B78012B05D1CF
:10B9B000FEF700FC00230B70FEF796FC2A4BD3F831
:10B9C0000433990318D5314B1B68ABB12B4C4FF4A2
:10B9D000A270FEF784FB2378082B0DD1FEF71EFE24
:10B9E000022301202370FFF70BF800F061F901201A
:10B9F000FDF709FE00F0E6F81B4BD3F804335A03B9
:10BA00004CD5234B1B68002B48D01C4C4FF4A47022
:10BA1000FEF765FB2278052AD3B23DD8032B3DD92A
:10BA2000FEF78CFD022301202370FEF7E9FF00F0F2
:10BA30003FF90120FEF78CFC00F0C4F82EE000F086
:10BA400037F93846FEF784FCA0E700BF00F001405C
:10BA5000581E0120D0600500C060050002000008EB
:10BA6000301100401010004000100040520008004B
:10BA700008100040501E01200C110040531E0120F0
:10BA80005C1100405C1E0120101100404411004078
:10BA90004811004010900040082B26D0284AD2F8C8
:10BAA00004331B041CD5274B1B68CBB1264D4FF428
:10BAB0009E70FEF714FB2B78072B11D1234CD2F884
:10BAC00068362278DBB2934238BF13462370204B8E
:10BAD0001868D0B1FEF77AFBA0B11E4B01221A60A4
:10BAE00000F0AEF811B0BDE8F08FFEF797FD02232D
:10BAF00001202370FEF784FF00F0DAF80020FDF744
:10BB000082FD99E7FEF7D2FBEAE700F01BF9FEF7AA
:10BB100007FBFEF74BFD022301202B70FEF770FFA1
:10BB2000207800F0CAF900B2840000F0C1F8FF2CC0
:10BB300028BFFF24E0B2FDF762FD00F043F8CFE735
:10BB4000001000403C110040531E0120481E0120FF
:10BB50004C1E01202410004008B5104AD2E84F3F87
:10BB60000133DBB2C2E8413F0029F7D1FDF726FAE5
:10BB7000B9F7C2FE01210846FDF7D8FB18B1084B02
:10BB80000222C3F88020BFF34F8FBFF36F8F054AA7
:10BB900013780133DBB21370012008BD621E01204F
:10BBA00000E100E0601E0120034B00221A70034BED
:10BBB000FF221A70704700BF621E0120611E012023
:10BBC000FFF7CABF014BFF221A707047611E0120A8
:10BBD0000D494B68C3F3080393B1103BDAB25BB273
:10BBE000002BBBBF02F00F03043B03F160435B1863
:10BBF000AABF03F56143187E93F80003400970471C
:10BC00004FF0FF30704700BF00ED00E008B50A4B71
:10BC10001B781BB9BDE80840FFF79EBFFFF7D8FFB0
:10BC2000064B1B78B0F1FF3F08BF7F205BB240B2EC
:10BC30009842EFD0002008BD621E0120611E012045
:10BC40002DE9F843164D174F2C78DFF85C90E4B2DD
:10BC5000B8463E78012CF6B20BD1FDF7B1F921467A
:10BC60002046FDF763FB10B10223C9F80030B9F795
:10BC70004FFED5E84F3F013BDBB2C5E8423F002A0B
:10BC8000F7D1012C09D1FDF7ABF918B998F80030BC
:10BC90009E4202D0FFF7BAFFDBE7BDE8F88300BFA2
:10BCA000621E0120601E012000E100E0FFF7AEBF30
:10BCB00008B5FFF78DFF044BB0F1FF3F08BF7F20B1
:10BCC00040B2187008BD00BF611E0120704700001F
:10BCD0000B4B4FF6FF72A3F80120FE22DA70FF2211
:10BCE0001A710022C3F80520C3F809205A731422E0
:10BCF0009A73DA7302221A745A225A74704700BF78
:10BD0000631E0120024B587C00F00100704700BF09
:10BD1000631E0120024B5A7C60F300025A74704784
:10BD2000631E0120024B587CC0F34000704700BFE7
:10BD3000631E0120024B587CC0F38000704700BF97
:10BD4000631E0120014B587CC0087047631E012010
:10BD5000024B5A7C60F3C7025A747047631E01207D
:10BD6000F0B5144B587C93F9001085B0C00800F072
:10BD7000D6F8114B6A46044603F1080715461868C1
:10BD80005968164603C60833BB423246F7D11868D5
:10BD90009B883060072CB38009DC2B46002213F807
:10BDA000010B41B28C4203DD01320E2AF7D108208B
:10BDB00005B0F0BD631E012000610500014B187045
:10BDC000704700BF631E012000487047641E0120B9
:10BDD000024B0288A3F80120704700BF631E0120B8
:10BDE00000487047681E0120034A0368C2F8053006
:10BDF0004368C2F809307047631E0120004870474D
:10BE0000661E0120024B0288A3F80320704700BF82
:10BE1000631E01200378012B0AD003D9023B012BBA
:10BE20000DD97047084B00225A7342789A737047B5
:10BE3000054A53738378D373C37813747047024BE6
:10BE40000268C3F80D207047631E0120024BD3F82F
:10BE50000D300360704700BF631E012008B5BAF7BC
:10BE6000E3FB10F11D0F0FDB10F1090F0EDB0A28A9
:10BE70000EDD1E280EDD32280EDD4728B4BF6FF020
:10BE800001006FF0020008BD0320FCE70220FAE782
:10BE90000120F8E70020F6E74FF0FF30F3E710B598
:10BEA0000446FFF7DBFF2044C0B210BD10B50446C6
:10BEB000FFF7D4FF201AC0B210BD10B50446FFF73B
:10BEC000CDFF201AC0B210BD10B50446FFF7C6FF63
:10BED000201AC0B210BD0000054A00230121013321
:10BEE000102B82F8801002F18102F8D1704700BF58
:10BEF00081210120074A0023114692F8800018B1E1
:10BF000003EBC313C81870470133102B02F18102F1
:10BF1000F3D1704781210120704770477047084670
:10BF2000704708B500F0E2F8BDE8084000F010B82E
:10BF3000837803F03003102B024602D0202B03D06D
:10BF400023B9104600F0E4B800F004B800207047B0
:10BF50007047000070B58EB002A90546FDF7F5FFE9
:10BF6000002871D09DF81D105F4CA1F108004142DE
:10BF700041410DF107020598FDF700FD00232380E4
:10BF8000A370022363706B7803F00803064643F046
:10BF9000020328466370FDF7ADFC18B1637843F0E7
:10BFA000100363706B785B0648BF6378284644BF14
:10BFB00043F040036370FDF725FF18B1A37843F009
:10BFC0000103A3701EB1A37843F00203A3702846B7
:10BFD000FDF708FF002839D0A37843F00C03A370C5
:10BFE000A378414843F0200308A9A370FDF7ADFFF3
:10BFF0009DF83630284601332370FDF703FF08B95A
:10C00000EB78E370089B43B1049818B9029808B91B
:10C01000FFF7DAFE089B02881A80059921B19DF886
:10C020001D20099801F07AF80C9BC3B99DF83630B1
:10C03000E01846B19DF8075031462A4601F06EF8E7
:10C0400022781544257028480EB070BD2846FDF7AB
:10C05000D1FE0028C4D0A37843F00803BFE7069AB6
:10C0600012781A7021780C9A4B1C2370137813F0F5
:10C07000200304BF05312170069903B30131531C1D
:10C08000127802F01802102A1CD0182A1CD0082A94
:10C090001CD101252A46184601F040F822782A448E
:10C0A000034622700C9A127802F00702013A062A1F
:10C0B00011D8DFE802F00D1215100D121500053130
:10C0C000531DDDE70525E5E70925E3E70025E9E759
:10C0D0002278043222705819ABE722780832F9E747
:10C0E00022781032F6E700BF751E0120064B82B0A1
:10C0F00018689B88ADF80430BDF80420034B186025
:10C100009A8002B0704700BF0E610500F51E012045
:10C1100010B5064CC378E370FDF7ECFB002814BFA4
:10C12000122302236370204610BD00BFF51E0120BC
:10C13000F0B50C784278032C89B006460D4602F023
:10C14000070736D10378053B7A2B00F2828083788B
:10C15000052F03F030010BD020D812F0040201D0DB
:10C16000012423E03029FBD0102903D0202917D047
:10C170000029F5D103F00C03082B0ED00C2B0BD0AB
:10C18000002BEDD1FFF7D6FD00B97FB996F902304B
:10C19000002BE5DA062300E00E232B70002405E0D7
:10C1A0001446FDF754FEFF28DAD02870204609B067
:10C1B000F0BD02A9FDF7C9FE0028D1D0029CECB168
:10C1C000FFF702FE02220146204600F099FFA8B1C7
:10C1D000214B02221D88ADF8045001A9204600F031
:10C1E0008FFF58B147B9FFF7EFFD02226946ADF85E
:10C1F000005000F085FF08B10324D7E79DF81C40EC
:10C20000022C0AD0082C1ED0002CA9D1FFF792FDD9
:10C210000028C3D1002FC1D0EEE7039DFFF7EEFD4C
:10C2200022460146284600F06BFF0028B6D00A4B94
:10C230001B88ADF80430224601A9284600F060FFB3
:10C240000028D9D1AAE7039DFFF7CAFD224601467F
:10C25000F3E70924AAE700BF14610500F8B5084E0A
:10C2600005460F46002456F8043B33B139462846AC
:10C27000984718B10134042CF5D10120F8BD00BF56
:10C2800018610500FDF722BFF8B5084E05460F46B8
:10C29000002456F8043B33B139462846984718B174
:10C2A0000134032CF5D10120F8BD00BF2861050041
:10C2B00070B5074E0546002456F8043B2BB12846BE
:10C2C000984718B10134032CF6D1012070BD00BF8E
:10C2D00034610500FDF718BDFDF7FABE0369C168BA
:10C2E0008B429DBF8268D21802F1FF3203F1FF3307
:10C2F00094BF501A581A70472DE9F843D0E90294B8
:10C300000546A9EB04084068904520440F461444B4
:10C3100004D900F003FFEC60BDE8F8834246A4EBCB
:10C32000090400F0FBFE6868224607EB0801F0E70D
:10C330002DE9F843C5680646894617464FF00008C0
:10C340003469B3687068A54228BFE418013C621BD9
:10C350005C1BBC4228BF3C46944228BF1446494659
:10C360002844224600F0DAFEB3682544AB4208BFF9
:10C3700000253F1BA044A144F560E1D14046BDE843
:10C38000F883000010B5114C114AA2610223C4E9E0
:10C390000433104BE361A2644FF400730E4A0F495B
:10C3A0002362E26400231022E01DA3626362E36261
:10C3B000A3656365E365226501F013F8084920462B
:10C3C00001F00FF82023A37110BD00BF94290120B4
:10C3D000406105000B1F0120FB1E01204961050083
:10C3E0004D610500F8B5184C182300FB033503FB1D
:10C3F00000402544C46A012C0F4616460FD0022C7B
:10C400001AD0F4B92846FFF769FF864205D83246AC
:10C4100039462846FFF770FF34462046F8BD2846C7
:10C42000FFF75CFF8642344628BF04462246394661
:10C430002846FFF761FFF0E72846BDE8F840FFF720
:10C4400077BF0024E9E700BF9429012070B50C4DA7
:10C450002B7804460E460BB9FFF794FF2B69A342D5
:10C460000BD9002000F020F8182000FB0454002015
:10C47000E66200F01BF8002070BD4FF0FF30FBE7D4
:10C480009429012072B6024A136801331360704781
:10C490000C210120034A1368013B136003B962B603
:10C4A000704700BF0C210120FFF7ECBFFFF7F2BF80
:10C4B00038B5074C051E04F1080318BF1C46236855
:10C4C0002BB11A6822605B6828469847F7E738BDA9
:10C4D0001821012020B9054B01225A70FFF7E8BF4F
:10C4E000012802D1014A9070F8E77047102101201D
:10C4F00038B5094C23786BB908486360A3602361A1
:10C50000E36000F0A7F8054600F0B0F801232370BF
:10C51000284638BD8525FBE710210120D5C404003D
:10C5200038B5134CA378054603F0FF0073B115B17D
:10C530006B68012098470020FFF7B6FFE3680133DE
:10C54000E3600020BDE83840FFF7B0BFFFF7ACFF65
:10C5500025B1226913463BB92A602561E368002BA7
:10C56000ECD100F099F8E9E79D42F7D01B68F2E7BB
:10C570001021012038B5084C0020FFF795FFE36833
:10C58000013BE360E56815B900F094F8A570BDE8DB
:10C5900038400020FFF78ABF102101204FF0804370
:10C5A000D3F81804C0F300407047000038B5134CAE
:10C5B0006378054603F0FF0073B115B16B68002086
:10C5C00098470020FFF770FF636801336360002025
:10C5D000BDE83840FFF76ABFFFF766FF25B1A268E4
:10C5E00013463BB92A60A5606368002BECD100F0CC
:10C5F00075F8E9E79D42F7D01B68F2E710210120AA
:10C6000038B5084C0020FFF74FFF6368013B6360BB
:10C61000656815B900F06EF86570BDE83840002017
:10C62000FFF744BF102101204FF08043D3F80C04E2
:10C6300000F00110A0F1011358425841704700F179
:10C640008040002382B0036003680193019B02B025
:10C6500070470000044A137923B9012110609180CA
:10C66000184670478520704724210120084B1A681E
:10C67000D2075FBFE02283F8002301221A604FF047
:10C6800080420123C2F81835024A1370704700BF78
:10C6900000E100E00C2A012008B54FF48270FFF79A
:10C6A000CEFF4FF080430222C3F8042301229A6098
:10C6B00008BD00004FF0804208B50223C2F80833DD
:10C6C0004FF48270FFF7BBFF034B01211960D2F8D2
:10C6D0001834DB03FBD408BD0C00004008B54FF450
:10C6E0008070FFF7ACFF4FF080430122C3F80423B2
:10C6F0001A6008BD4FF08042012108B54FF48070E8
:10C70000C2F80813FFF79BFF064B1960D2F80C34F0
:10C7100003F00113B3F1011FF8D0034B00225A714B
:10C7200008BD00BF0400004024210120124B1B68FB
:10C7300010B573B14FF48070FFF781FF4FF0804365
:10C740000122C3F808230D4B587910B95A711B68A0
:10C7500098470B4B1B6873B14FF48270FFF76FFF64
:10C760004FF080430222C3F80823044BBDE8104079
:10C770001B680120184710BD000100402421012042
:10C780000401004082B04FF0FF33019300F003003A
:10C7900001AB18440A44914202D1019802B070479B
:10C7A00011F8013B00F8013BF5E7000070B5084CBB
:10C7B0000023934200D170BD51F82350D4F8006497
:10C7C000F607FBD540F82350BFF35F8F0133F0E746
:10C7D00000E001404FF0805302461869B2FBF0F3CD
:10C7E00000FB132068B9084B0221C3F80415C3F8F5
:10C7F0000825D3F80024D207FBD50022C3F804256E
:10C8000070471020704700BF00E001402DE9F84359
:10C8100015461E4A0123C2F8043510F003030446EE
:10C820000E46914614D0C3F10407AF4228BF2F46ED
:10C830003A46A0EB0308FFF7A5FFD9F80034DA0762
:10C84000FBD5C8F80000BFF35F8FED1B3C443E44AE
:10C85000AA0831462046FFF7A9FF15F003020ED0C3
:10C8600025F003052C4471192046FFF78BFF074A7A
:10C87000D2F80034DB07FBD52060BFF35F8F034B9A
:10C880000022C3F80425BDE8F88300BF00E00140A2
:10C8900000F1804382B01A68002A14BF01200020F2
:10C8A00004D000221A601B680193019B02B07047FC
:10C8B0004FF0804310B5D3F80443620707D54FF417
:10C8C0008470FFF7E5FF10B11E4B1B689847A30665
:10C8D00008D54FF48A70FFF7DBFF18B11A4B002020
:10C8E0001B689847600608D54FF48C70FFF7D0FF9F
:10C8F00018B1154B01201B689847210608D54FF445
:10C900008E70FFF7C5FF18B1104B00201B689847C9
:10C91000E20508D54FF49070FFF7BAFF18B10B4B42
:10C9200001201B689847A3050AD54FF49270FFF7C2
:10C93000AFFF28B1054BBDE810401B680220184727
:10C9400010BD00BF2C210120302101203421012005
:10C9500008B5FFF7ADFFBDE80840FFF7E7BE0000F0
:10C96000074A084B1360084A03F110011160074A97
:10C9700003F120011160064A0120C2F80435704716
:10C9800070210120402101203C210120382101207B
:10C9900000E0004038B51A4B1B688B42054607D0B3
:10C9A00001F1100251F8040B43F8040B9142F9D144
:10C9B000144C0020C4F80001FFF776FD012323602A
:10C9C0004FF08073D4F80021B2B101240020FFF7AA
:10C9D0006DFD7CB10B4B0022C3F800210A4B1B6894
:10C9E000AB4207D003F1100253F8041B45F8041BB7
:10C9F0009342F9D1204638BD013BE3D11C46E5E71F
:10CA00003C21012000E0004038210120054B1B683B
:10CA100000F1100250F8041B43F8041B9042F9D1B6
:10CA2000704700BF702101200649074A074B9B1A37
:10CA300003DD043BC858D050FBDC00F039F8B3F7F5
:10CA400003FC0000D463050000000020C8010020A2
:10CA5000FEE7FEE7FEE7FEE7FEE7FEE7FEE7FEE7AE
:10CA6000FEE7FEE7034B1868A0F10803584258415F
:10CA7000704700BF30010010064B1B68082B06D121
:10CA8000054B1B68052B02D8044AD05C7047002078
:10CA9000704700BF30010010340100105A610500DA
:10CAA000024AD2F80034002BFBD0704700E001406E
:10CAB00010B5FFF7D7FF40B14FF080430022C3F815
:10CAC0000C21C3F81021C3F83825FFF7CBFF00284D
:10CAD00046D04FF08052614BD2F80414C3F82015B1
:10CAE000D2F80814C3F82415D2F80C14C3F828158A
:10CAF000D2F81014C3F82C15D2F81414C3F830155A
:10CB0000D2F81814C3F83415D2F81C14C3F8401521
:10CB1000D2F82014C3F84415D2F82414C3F84815E9
:10CB2000D2F82814C3F84C15D2F82C14C3F85015B9
:10CB3000D2F83014C3F85415D2F83414C3F8601581
:10CB4000D2F83814C3F86415D2F83C14C3F8681549
:10CB5000D2F84014C3F86C15D2F84424C3F87025F9
:10CB6000FFF78AFF10B13E4B3E4A1A60FFF784FF81
:10CB700018B13D4BFB22C3F81825FFF77DFF48B1E4
:10CB80003A493B4B0A681B6822F00F0203F00F037F
:10CB900013430B60FFF770FF18B1364B4FF4007270
:10CBA0001A60FFF75FFF48B14FF08043D3F80024CD
:10CBB000D20744BF6FF00102C3F800242E4AD2F816
:10CBC000883043F47003C2F88830BFF34F8FBFF34F
:10CBD0006F8F2A4B1B68082B0ED1294B1B68052B26
:10CBE00002D8284AD35C3BB14FF01023D3F8082277
:10CBF0004FF08043C3F858254FF01023D3F800229C
:10CC0000002A03DBD3F80432002B22DA1E49012369
:10CC1000C1F80435FFF744FF4FF010201224C0F88C
:10CC20000042FFF73DFFC0F80442FFF739FF002341
:10CC3000C1F80435FFF734FFBFF34F8F0E49134B94
:10CC4000CA6802F4E0621343CB60BFF34F8F00BFAA
:10CC5000FDE70F4B0F4A1A6010BD00BF00C0004037
:10CC60008C5600404881030000F00040E40E004074
:10CC7000580200104096024000ED00E03001001024
:10CC8000340100105461050000E001400400FA0581
:10CC9000580100200090D003D0400B1CD1409C468E
:10CCA000203AD3401843524263469340184370479A
:10CCB0009140031C90409C46203A934019435242B5
:10CCC0006346D340194370477BB972B90029BEBF90
:10CCD00000204FF0004106E008BF00281CBF6FF0A5
:10CCE00000414FF0FF3000F0B9B9ADF1080C6DE92B
:10CCF00004CE002909DB002B1ADB00F04DF8DDF82B
:10CD000004E0DDE9022304B07047404261EB4101D9
:10CD1000002B1BDB00F040F8DDF804E0DDE9022326
:10CD200004B0404261EB4101524263EB4303704760
:10CD3000524263EB430300F02FF8DDF804E0DDE935
:10CD4000022304B0404261EB41017047524263EB61
:10CD5000430300F021F8DDF804E0DDE9022304B02C
:10CD6000524263EB4303704753B94AB9002908BFE5
:10CD700000281CBF4FF0FF314FF0FF3000F06EB9BC
:10CD8000ADF1080C6DE904CE00F006F8DDF804E022
:10CD9000DDE9022304B070472DE9F047089D044601
:10CDA0008C46002B40F083808A42174647D9B2FA5E
:10CDB00082F242B1C2F1200024FA00F09140974083
:10CDC00040EA010C94404FEA1748230CBCFBF8F6EC
:10CDD0001FFA87FE08FB16C143EA014306FB0EF16A
:10CDE000994209D9FB1806F1FF3080F01981994268
:10CDF00040F21681023E3B445B1AA4B2B3FBF8F04A
:10CE000008FB103344EA034400FB0EFEA64509D993
:10CE10003C1900F1FF3380F00581A64540F2028104
:10CE200002383C4440EA0640A4EB0E0400261DB143
:10CE3000D4400023C5E900433146BDE8F08702B97C
:10CE4000FFDEB2FA82F2002A50D1CB1B4FEA174E16
:10CE50001FFA87F80126B3FBFEFC210C0EFB1C33E6
:10CE600041EA034108FB0CF38B4207D979180CF116
:10CE7000FF3002D28B4200F2E9808446C91AA3B285
:10CE8000B1FBFEF00EFB101143EA014408FB00F871
:10CE9000A04507D93C1900F1FF3302D2A04500F2AA
:10CEA000D9801846A4EB080440EA0C40BFE78B4247
:10CEB00009D9002D00F0B1800026C5E900013046F7
:10CEC0003146BDE8F087B3FA83F6002E4AD18B4293
:10CED00002D3824200F2B880841A61EB0301012080
:10CEE0008C46002DA8D0C5E9004CA5E7C2F120036F
:10CEF00020FA03F6974001FA02F04FEA174ED940A4
:10CF00003043030CB1FBFEF61FFA87F80EFB161137
:10CF100043EA014306FB08F1994204FA02F409D9F5
:10CF2000FB1806F1FF3C80F08D80994240F28A8028
:10CF3000023E3B445B1A81B2B3FBFEF00EFB1033A2
:10CF400041EA034100FB08F38B4207D9791800F14D
:10CF5000FF3C73D28B4271D902383944CB1A40EA74
:10CF6000064678E7C6F1200C03FA06F422FA0CF321
:10CF70001C4320FA0CF701FA06F34FEA144E21FA8B
:10CF80000CF11F433B0CB1FBFEF91FFA84F80EFBBA
:10CF9000191143EA014109FB08FA8A4502FA06F22F
:10CFA00000FA06F308D9611809F1FF3048D28A4522
:10CFB00046D9A9F102092144A1EB0A01BFB2B1FB94
:10CFC000FEF00EFB101147EA014700FB08F8B845D8
:10CFD00007D9E71900F1FF312ED2B8452CD9023814
:10CFE000274440EA0940A7EB0807A0FB02894F4508
:10CFF000C64649461AD317D05DB1B3EB0E0267EBB4
:10D00000010707FA0CFCF2404CEA0202F740C5E9BE
:10D01000002700263146BDE8F0872E4628460BE75C
:10D020000646E9E61846FDE64345E5D2B8EB020EB2
:10D0300069EB04010138DFE70846D2E760468DE777
:10D040008146B9E7664675E730464AE7ACF1020C1F
:10D05000394413E702383C4424E700BF704700BF5F
:10D0600008B5074B044613B10021AFF30080054B10
:10D070001868836A03B19847204601F04FFB00BF50
:10D08000000000006061050070B50D4D0D4C641B83
:10D09000A4100026A64209D10B4D0C4C01F040FB18
:10D0A000641BA4100026A64205D170BD55F8043BB0
:10D0B00098470136EEE755F8043B98470136F2E70A
:10D0C000C0010020C0010020C0010020C4010020D8
:10D0D000024B1844407800F020007047336205008E
:10D0E000024B1844407800F0970070473362050007
:10D0F000024B0146186800F091B800BF5C010020A7
:10D1000030B501390024A24201D1002005E0035DC1
:10D1100001340D5DAB42F6D0581B30BD0A4491423C
:10D1200000F1FF3300D1704710B511F8014B03F83F
:10D13000014F9142F9D110BD884210B501EB0204B4
:10D1400002D98442234607D8431EA14208D011F8D1
:10D15000012B03F8012FF8E7024401468A4200D16F
:10D1600010BD13F8014D02F8014DF7E702440346E4
:10D17000934200D1704703F8011BF9E737B5002946
:10D1800048D051F8043C0190002BA1F10404B8BF31
:10D19000E41800F0CBF9204A01981368154633B91A
:10D1A0006360146003B0BDE8304000F0C5B9A3422D
:10D1B0000BD921686218934204BF1A685B686360E8
:10D1C00004BF521822602C60ECE71A465B680BB172
:10D1D000A342FAD911685518A5420BD124682144FD
:10D1E0005418A3421160DDD11C685B685360214470
:10D1F0001160D7E702D90C230360D3E725686119D2
:10D200008B4204BF19685B68636004BF49192160E1
:10D210005460C7E703B030BD74210120F8B5CD1CC0
:10D2200025F0030508350C2D38BF0C25002D0646CA
:10D2300001DBA94203D90C2333600020F8BD00F0C4
:10D2400075F921490A6814469CB9204F3B6823B9F7
:10D250002146304600F06AF838602946304600F032
:10D2600065F8431C23D10C233360304600F064F989
:10D27000E3E723685B1B17D40B2B03D923601C4403
:10D28000256004E06368A2420CBF0B605360304627
:10D2900000F052F904F10B00231D20F00700C21A20
:10D2A000CCD01B1AA350C9E722466468CCE7C41C43
:10D2B00024F00304A042E3D0211A304600F036F8EF
:10D2C0000130DDD1CFE700BF74210120782101209A
:10D2D00038B5104B1D68AB6B0446B3B91820FFF787
:10D2E00007FF0246A86320B90B4B0C48422100F00F
:10D2F000EDF80B490B4BC0E900130B4B83600B237C
:10D30000838100210120C2E90401AB6B00221C6172
:10D310005A6138BD5C010020646105007B61050035
:10D320000E33CDAB34126DE6ECDE050038B5064D9C
:10D330000023044608462B6001F0DAF9431C02D1B1
:10D340002B6803B1236038BD102A01200CB430B51E
:10D35000174B0C1E1D689DB008DA8B232B604FF015
:10D36000FF301DB0BDE8304002B070474FF402738B
:10D37000ADF8143014BF04F1FF3323460493079330
:10D380004FF6FF7302900690ADF81630209A21AB4D
:10D3900002A92846019300F057F9431CBCBF8B2318
:10D3A0002B60002CDDD0029B00221A70D9E700BF51
:10D3B0005C010020C9B2034610F8012B1AB18A4261
:10D3C000F9D118467047002918BF0023F9E710F873
:10D3D000012B11F8013B012A28BF9A42F7D0D01A3D
:10D3E0007047034611F8012B03F8012B002AF9D1ED
:10D3F0007047034613F8012B002AFBD1181A013895
:10D40000704710B50139034632B111F8014F03F8E6
:10D41000014B013A002CF7D11A440021934200D16C
:10D4200010BD03F8011BF9E7F0B50C7864B10346B1
:10D430001A7818465E1C0AB9104605E0944208D1D5
:10D440000D4615F8012F02B9F0BD13F8017F974280
:10D45000F7D03346ECE730B5141E05469BB01846AE
:10D4600005DA8B232B604FF0FF301BB030BD4FF43B
:10D470000273ADF80C3014BF04F1FF33234602935E
:10D4800005934FF6FF7300910491ADF80E300246FC
:10D490001E9B6946284600F0D7F8431CBCBF8B236F
:10D4A0002B60002CE1D0009B00221A70DDE7000009
:10D4B00007B5009313460A46014603480068FFF784
:10D4C000CAFF03B05DF804FB5C0100201FB51446E1
:10D4D0001A46094B1B680546D8684CB1074B0091AA
:10D4E000CDE9013406492B4600F00EF800F05AFD54
:10D4F000044B1C46F3E700BF5C010020F761050008
:10D5000004620500C95305000EB403B5014603AB20
:10D51000054853F8042B0068019300F0BFF902B0EE
:10D520005DF804EB03B070475C010020014800F097
:10D53000F9BE00BF142A0120014800F0F4BE00BF6C
:10D54000142A0120F8B5074614460E4621B9BDE855
:10D55000F8401146FFF762BE22B9FFF70FFE2546DD
:10D560002846F8BD00F094FFA0420FD2214638466D
:10D57000FFF754FE05460028F2D031462246FFF759
:10D58000CDFD31463846FFF7F9FDE9E73546E7E7D7
:10D590002DE9F0478E689E4282460C4690461F4613
:10D5A00038D88A8912F4906F32D025680969A5EBC2
:10D5B0000109656905EB450505EBD57501334B445C
:10D5C0006D109D4238BF1D46530531D52946FFF7E2
:10D5D00025FE064650B90C23CAF80030A38943F053
:10D5E0004003A3814FF0FF30BDE8F08721694A4630
:10D5F000FFF794FDA38923F4906343F08003A38194
:10D60000266165614E44A5EB09052660A5603E468E
:10D61000BE4200D93E46324620684146FFF78CFDA7
:10D62000A36822689B1B3244A36022600020DBE7D2
:10D630002A46FFF787FF06460028E1D121695046B8
:10D64000FFF79CFDC7E700002DE9F04F98468B8956
:10D650001B069DB007460D4614460ED50B6963B9EF
:10D660004021FFF7DBFD2860286120B90C233B60D7
:10D670004FF0FF30D1E040236B610023099320235A
:10D680008DF82930CDF80C803023DFF8A8818DF893
:10D690002A304FF0010923469A4613F8012B0AB1AC
:10D6A000252AF9D1BAEB040B0BD05B46224629465A
:10D6B0003846FFF76DFF013000F0AA80099A5A44FE
:10D6C00009929AF80030002B00F0A28000234FF05E
:10D6D000FF32CDE905230AF1010A049307938DF87F
:10D6E00053301A935446052214F8011B514800F098
:10D6F0007FFE049AD8B9D00644BF20238DF853305A
:10D70000110744BF2B238DF853309AF800302A2B91
:10D7100015D0079A544600204FF00A0C214611F804
:10D72000013B303B092B4ED9B0B1079214E0A0EB7E
:10D73000080309FA03F313430493A246D2E7039BB9
:10D74000191D1B680391002BBBBF5B4242F0020214
:10D7500007930793B8BF049223782E2B0CD16378DC
:10D760002A2B35D1039B1A1D1B680392002BB8BFCF
:10D770004FF0FF3302340593DFF8C8A0217803226D
:10D78000504600F035FE40B14023A0EB0A0003FAFA
:10D7900000F0049B03430134049314F8011B264852
:10D7A0008DF82810062200F023FE002838D0234BE5
:10D7B0001BBB039B073323F0070308330393099B29
:10D7C0003344099367E70CFB02320C460120A5E7BE
:10D7D00000230134059319464FF00A0C204610F837
:10D7E000012B303A092A03D9002BC5D00591C3E794
:10D7F0000CFB012104460123F0E703AB00932A460A
:10D800000F4B04A93846AFF30080421C0646D6D120
:10D81000AB895B063FF52CAF09981DB0BDE8F08FD2
:10D8200003AB00932A46064B04A9384600F0D4F90E
:10D83000EBE700BF346305003E6305000000000015
:10D8400091D504003A6305009368013B002B10B4A6
:10D85000936008DA9469A34201DB0A2903D15DF8D9
:10D86000044B00F0DFBA1368581C106019700846AA
:10D870005DF8044B7047F8B506460F461446D518B8
:10D88000AC4201D1002007E014F8011B3A463046B3
:10D89000FFF7DAFF431CF3D1F8BD00002DE9F04F8C
:10D8A0000D469DB014469846064618B183690BB9DB
:10D8B00000F09AFC894B9D421BD175686B6ED907AD
:10D8C00005D4AB899A0502D4A86D00F02BFDAB8975
:10D8D0001B0701D52B69EBB92946304600F0F4FA55
:10D8E000C0B16B6EDC070ED54FF0FF301DB0BDE848
:10D8F000F08F7B4B9D4201D1B568DFE7794B9D42AC
:10D9000008BFF568DAE7AB899805EDD4A86D00F09B
:10D910000AFDE9E70023099320238DF82930CDF88B
:10D920000C803023DFF8C0818DF82A304FF00109D8
:10D9300023469A4613F8012B0AB1252AF9D1BAEBEE
:10D94000040B0BD05B46224629463046FFF793FF77
:10D95000013000F0AA80099A5A4409929AF80030DE
:10D96000002B00F0A28000234FF0FF32CDE9052309
:10D970000AF1010A049307938DF853301A93544621
:10D98000052214F8011B584800F032FD049AD8B95A
:10D99000D10644BF20238DF85330130744BF2B23F7
:10D9A0008DF853309AF800302A2B15D0079A544638
:10D9B00000204FF00A0C214611F8013B303B092BA7
:10D9C0004ED9B0B1079214E0A0EB080309FA03F3B3
:10D9D00013430493A246D2E7039B191D1B680391CE
:10D9E000002BBBBF5B4242F0020207930793B8BF14
:10D9F000049223782E2B0CD163782A2B35D1039BEC
:10DA00001A1D1B680392002BB8BF4FF0FF3302347E
:10DA10000593DFF8E4A021780322504600F0E8FCEB
:10DA200040B14023A0EB0A0003FA00F0049B03433B
:10DA30000134049314F8011B2C488DF82810062299
:10DA400000F0D6FC00283FD0294B1BBB039B0733BB
:10DA500023F0070308330393099B3B44099367E7CB
:10DA60000CFB02320C460120A5E70023013405938C
:10DA700019464FF00A0C204610F8012B303A092ABB
:10DA800003D9002BC5D00591C3E70CFB0121044647
:10DA90000123F0E703AB00932A46164B04A9304656
:10DAA000AFF300800746781CD6D16B6ED90705D43A
:10DAB000AB899A0502D4A86D00F035FCAB895B06F2
:10DAC0003FF512AF099811E703AB00932A46094BC3
:10DAD00004A9304600F080F8E4E700BF8863050041
:10DAE000A863050068630500346305003E63050014
:10DAF0000000000077D804003A6305002DE9F047E4
:10DB0000164699468A680B69DDF820809342B8BFB3
:10DB10001346336091F8432007460C460AB101339F
:10DB200033602368990642BF336802333360256847
:10DB300015F0060506D104F1190AE36832689B1A4C
:10DB4000AB4226DC94F84320131E226818BF012341
:10DB500092062BD404F1430249463846C0470130AF
:10DB60001ED02368E568326803F00603042B08BF63
:10DB7000AD1AA36822690CBF25EAE575002593421A
:10DB8000C4BF9B1AED1800261A34B5421AD10020E2
:10DB900008E00123524649463846C047013003D1C8
:10DBA0004FF0FF30BDE8F0870135C6E7E1185A1C99
:10DBB000302081F84300224494F8451082F8431045
:10DBC0000233C7E70123224649463846C0470130A1
:10DBD000E6D00136D9E700002DE9FF470C46914613
:10DBE000277E0C99782F80469A4604F1430207D885
:10DBF000622F0AD8002F00F0D880582F00F0A380A1
:10DC000004F1420684F842703AE0A7F16303152B51
:10DC1000F6D801A050F823F071DC040085DC040084
:10DC200001DC040001DC040001DC040001DC040070
:10DC300085DC040001DC040001DC040001DC0400DC
:10DC400001DC040091DD0400B5DC040073DD040098
:10DC500001DC040001DC0400B3DD040001DC04008D
:10DC6000B5DC040001DC040001DC04007BDD040001
:10DC70000B681A1D1B680A6004F1420684F84230E2
:10DC80000123A3E0256808682E0600F104030AD5E5
:10DC900005680B60002D03DA2D236D4284F84330B4
:10DCA0005E480A2319E015F0400F05680B6018BFA5
:10DCB0002DB2EFE70B682568181D0860280601D50E
:10DCC0001D6802E06906FBD51D8854486F2F0CBF04
:10DCD00008230A23002184F843106668A660002EFA
:10DCE000A2BF216821F0040121600DB9002E4DD0A2
:10DCF0001646B5FBF3F103FB1157C75D06F8017D2E
:10DD00002F46BB420D46F4D9082B0BD12368DF0701
:10DD100008D5236961689942DEBF302306F8013CCB
:10DD200006F1FF36921B2261CDF800A04B4603AAF4
:10DD300021464046FFF7E2FE01304CD14FF0FF3064
:10DD400004B0BDE8F087354884F8457023680E6854
:10DD50001F0656F8045B0E6014D5D90744BF43F084
:10DD6000200323601DB9236823F0200323601023C0
:10DD7000B0E7236843F0200323607823284884F821
:10DD80004530E3E75E0648BFADB2E6E71646BBE7BF
:10DD90000B68266860691D1D0D6035061B6801D57E
:10DDA000186002E07106FBD5188000232361164637
:10DDB000BAE70B681A1D0A601E68626800213046C7
:10DDC00000F016FB08B1801B6060636823610023CC
:10DDD00084F84330A8E72369324649464046D04795
:10DDE0000130ABD023689B0713D4E068039B9842B3
:10DDF000B8BF1846A4E70123324649464046D047FB
:10DE000001309BD00135E36803995B1AAB42F2DC29
:10DE1000EBE7002504F11906F5E700BF45630500AF
:10DE200056630500F8B50E461446054618B18369D9
:10DE30000BB900F0D9F9214B9C422BD16C68A36936
:10DE4000A360A3891A072FD523696BB323692068C0
:10DE5000C01A6369F6B28342374604DC214628467D
:10DE600000F02EF930BBA368013BA36023685A1C65
:10DE700022601E7063690130834204D0A389DB07EE
:10DE800006D50A2E04D12146284600F019F988B992
:10DE90003846F8BD0A4B9C4201D1AC68CFE7094B2C
:10DEA0009C4208BFEC68CAE72146284600F00CF8FF
:10DEB0000028CBD04FF0FF37EAE700BF88630500AA
:10DEC000A863050068630500324B70B51D680646FF
:10DED0000C4625B1AB6913B9284600F085F92E4BE5
:10DEE0009C420FD16C68A389B4F90C2019072CD47B
:10DEF000DD0611D40923336042F04003A3814FF0C3
:10DF0000FF303EE0254B9C4201D1AC68EBE7244B4F
:10DF10009C4208BFEC68E6E7580712D5616B41B137
:10DF200004F14403994202D03046FFF727F9002359
:10DF30006363A38923F02403A3810023636023691F
:10DF40002360A38943F00803A38123694BB9A38904
:10DF500003F42073B3F5007F03D02146304600F070
:10DF600007FAA089B4F90C2010F001030AD00023AD
:10DF7000A36063695B42A361236943B910F0800029
:10DF8000BAD170BD810758BF6369A360F4E7002070
:10DF9000F7E700BF5C01002088630500A863050067
:10DFA0006863050008B5062000F0A2FA012000F021
:10DFB000B5FB00008A892DE9F041054610070C46A3
:10DFC00058D44B68002B05DC0B6C002B02DC0020C6
:10DFD000BDE8F081E66A002EF9D0002312F48052E9
:10DFE0002F682B6032D0606DA3895A0705D563680E
:10DFF000C01A636B0BB1236CC01A00230246E66A99
:10E00000216A2846B047431CA38906D129681D29E7
:10E010002CD82A4ACA40D60728D500226260D904E3
:10E020002269226004D5421C01D12B6803B96065C6
:10E03000616B2F600029CAD004F14403994202D0D9
:10E040002846FFF79BF800206063C1E7216A01239F
:10E050002846B047411CC7D12B68002BC4D01D2BCC
:10E0600001D0162B01D12F60B1E7A38943F0400303
:10E07000A381ADE70F69002FA9D093070E6808BFF1
:10E080004B690F6018BF0023A6EB07088B60B8F13F
:10E09000000F9CDD216AA66A43463A462846B047EF
:10E0A000002806DCA38943F04003A3814FF0FF3032
:10E0B0008EE70744A8EB0008E9E700BF0100402015
:10E0C00038B50B6905460C4613B90025284638BDFE
:10E0D00018B183690BB900F087F8144B9C421BD12F
:10E0E0006C68B4F90C30002BEFD0626ED00704D40A
:10E0F000990502D4A06D00F015F928462146FFF7D6
:10E1000059FF636EDA070546E0D4A3899B05DDD489
:10E11000A06D00F008F9D9E7054B9C4201D1AC682D
:10E12000DFE7044B9C4208BFEC68DAE78863050030
:10E13000A863050068630500002310B50446C0E924
:10E140000033C0E90433836081814366C281836107
:10E15000194608225C30FFF709F8054B6362054B4E
:10E16000A362054BE362054B2462236310BD00BF2D
:10E1700029E504004BE5040083E50400A7E504005D
:10E18000014900F0AFB800BFC1E0040070B54A1EFD
:10E19000682555430E4605F17401FFF73FF8044624
:10E1A00040B10021C0E900160C30A06005F1680202
:10E1B000FEF7DCFF204670BD014800F0B3B800BF99
:10E1C000182A0120014800F0AEB800BF182A01202B
:10E1D000014800F0A7B800BF172A0120014800F04D
:10E1E000A2B800BF172A012010B50446FFF7F0FFC0
:10E1F000A3691BB1BDE81040FFF7F0BFC4E91233BB
:10E200002365134B134A1B68A262A34204BF012378
:10E21000A361204600F020F86060204600F01CF862
:10E22000A060204600F018F80022E0600421606839
:10E23000FFF782FFA06801220921FFF77DFFE06858
:10E2400002221221FFF778FF0123A361D2E700BF6A
:10E250006061050081E10400F8B50746FFF7ACFFF7
:10E260001E4B1E68B36913B93046FFF7BDFF483631
:10E27000D6E90134013B03D533680BB33668F7E7C1
:10E28000B4F90C50D5B9164BE36004F1580065663B
:10E2900000F047F8FFF796FFC4E90155C4E90455BB
:10E2A0002560A5610822294604F15C00FEF75EFFA7
:10E2B000C4E90D55C4E912552046F8BD6834D9E7C4
:10E2C00004213846FFF762FF044630600028D5D1AC
:10E2D000FFF778FF0C233B60EEE700BF60610500AD
:10E2E0000100FFFF2DE9F8430646884600F1480487
:10E2F0000027D4E90195B9F1010905D52468002C5E
:10E30000F7D13846BDE8F883AB89012B07D9B5F9B9
:10E310000E30013303D029463046C04707436835E5
:10E32000E9E770477047704770B50E46B1F90E10B7
:10E33000002996B014461D4607DA00232B60B389E6
:10E340001A0610D44FF480630EE06A4600F052F9CA
:10E350000028F2DB019A02F47042A2F500535A42FF
:10E360005A412A60EEE740230020236016B070BDBA
:10E370008B8973B59D0706460C4607D504F1470304
:10E38000236023610123636102B070BD01AB6A4663
:10E39000FFF7CAFF009905463046FEF73FFF48B930
:10E3A000B4F90C309A05EFD423F0030343F00203D1
:10E3B000A381E3E70D4BB362A389206043F08003A0
:10E3C000A381009B6361019B20615BB1B4F90E10D6
:10E3D000304600F021F928B1A38923F0030343F06C
:10E3E0000103A381A0890543A581CDE781E1040054
:10E3F00001F0FF01102A2BDB10F0070F08D010F8F6
:10E40000013B013A8B422DD010F0070F42B3F6D1F9
:10E41000F0B441EA012141EA014122F007047FF012
:10E4200000070023F0E80256083C85EA010586EA69
:10E43000010685FA47F5A3FA87F586FA47F6A5FAA5
:10E4400087F68EB9EED1F0BC01F0FF0102F00702B1
:10E4500032B110F8013B013A83EA010313B1F8D15C
:10E460000020704701387047002D06BF354603383D
:10E47000073815F0010F07D1013015F4807F02BF76
:10E48000013015F4C03F0130F0BC0138704700BFC7
:10E4900051F8043C181F002BBCBF0B58C018704724
:10E4A0001F2938B504460D4604D9162303604FF0E2
:10E4B000FF3038BD426C12B152F821304BB92046C2
:10E4C00000F030F82A4601462046BDE8384000F00A
:10E4D00017B8012B0AD0591C03D116230360012061
:10E4E000E7E7002442F82540284698470020E0E767
:10E4F000024B01461868FFF7D3BF00BF5C01002044
:10E5000038B5074D00230446084611462B6000F03D
:10E51000D7F8431C02D12B6803B1236038BD00BF7C
:10E52000102A012000F0BCB810B50C46B1F90E104D
:10E5300000F094F80028ABBF636DA3891B1823F487
:10E540008053ACBF6365A38110BD2DE9F0411F4628
:10E550008B89DB0505460C46164605D5B1F90E102C
:10E560000223002200F068F8A389B4F90E1023F406
:10E570008053A38132463B462846BDE8F04100F077
:10E5800017B810B50C46B1F90E1000F055F8431C41
:10E59000A38915BF606523F4805343F48053A3819E
:10E5A00018BFA38110BDB1F90E1000F013B8000020
:10E5B00038B5074D04460846114600222A601A461F
:10E5C00000F0A4F8431C02D12B6803B1236038BDCE
:10E5D000102A012038B5064D0023044608462B605A
:10E5E00000F04EF8431C02D12B6803B1236038BD04
:10E5F000102A012038B5074D00230446084611466D
:10E600002B6000F045F8431C02D12B6803B1236056
:10E6100038BD00BF102A012038B5064D002304463E
:10E6200008462B6000F044F8431C02D12B6803B16C
:10E63000236038BD102A012038B5074D044608462E
:10E64000114600222A601A4600F042F8431C02D10B
:10E650002B6803B1236038BD102A012038B5074D5F
:10E6600004460846114600222A601A4600F038F88F
:10E67000431C02D12B6803B1236038BD102A01204E
:10E68000024B58221A604FF0FF307047102A0120C9
:10E69000024B58221A604FF0FF307047102A0120B9
:10E6A000024B58221A604FF0FF307047102A0120A9
:10E6B000024B58221A600020704700BF102A012028
:10E6C000024B58221A604FF0FF307047102A012089
:10E6D000024B58221A604FF0FF307047102A012079
:10E6E000024B58221A604FF0FF307047102A012069
:10E6F000044A05491368002B08BF0B4618441060F4
:10E70000184670477C210120202A0120024B582204
:10E710001A604FF0FF307047102A0120FEE700BF5B
:10E72000F8B500BFF8BC08BC9E467047F8B500BFFE
:10E73000F8BC08BC9E4670474661696C65642074ED
:10E740006F20666F726D617420434C49206F757441
:10E750007075742060257360004661696C65642083
:10E76000746F206F757470757420434C493A20257E
:10E770007300434C49206F75747075742060257365
:10E7800060207472756E6361746564000820080D02
:10E790000A4E52463532383430006D6163006D6C7C
:10E7A00065005478546F74616C3A20256C750025AF
:10E7B000733A20256C75005278546F74616C3A205E
:10E7C000256C750025733A2025750054696D652008
:10E7D0002573204D696C6C693A200054696D652081
:10E7E000547261636B6564204D696C6C693A2000FA
:10E7F0002D7600206F726967696E3A257320706C00
:10E80000656E3A2575207072656665727265643A48
:10E8100025752076616C69643A2575006164640031
:10E820006C696E6B6C6F63616C00726C6F63006D12
:10E830006C65696400506172746974696F6E204917
:10E84000443A20256C7500576569676874696E677E
:10E850003A20257500537461626C652044617461CF
:10E860002056657273696F6E3A202575004C65619C
:10E8700064657220526F757465722049443A202590
:10E880007500796573006E6F00506F776572537510
:10E8900070706C792020202020203A2025730049B8
:10E8A00073426F72646572526F75746572202020B6
:10E8B0003A20257300537570706F72747343636DE3
:10E8C0002020202020203A202573004973556E73A4
:10E8D0007461626C65202020202020203A2025735E
:10E8E0000057656967687441646A7573746D656E15
:10E8F00074203A202564002D7000656E657267797A
:10E9000000747275650066616C7365006170690002
:10E910006C6576656C005B0031352E340063616C8C
:10E9200063756C6174650076616C6964617465001F
:10E93000746F74616C3A20257500667265653A20C3
:10E940002575006D61782D757365643A2025750015
:10E9500025733A20257520257520256C7500617377
:10E96000796E63004C4E41206761696E20256420FA
:10E9700064426D006C6E616761696E007570006461
:10E980006F776E006C6C61746E00726C61746E00F7
:10E99000256325630064657461636865640063686A
:10E9A000696C6400726F75746572006C6561646592
:10E9B000720073746F7000253034783A20007C2028
:10E9C000253475207C2000253475207C2025347565
:10E9D000207C00253473207C20253473207C00307B
:10E9E000782530347820636F73743A2575007C2065
:10E9F000252D34377320007C20252D343773207C5F
:10EA00000045787420416464723A2000526C6F6350
:10EA10003A202578004C696E6B205175616C6974E1
:10EA20007920496E3A202575004C696E6B2051752E
:10EA3000616C697479204F75743A202575004167BF
:10EA4000653A20256C7500736561726368007265B4
:10EA50007163616C6C6261636B002063616E45760B
:10EA60006963743D256400207472616E7354696D2E
:10EA7000653D256C75206569643D002074696D6590
:10EA80006F75743D25750020726574727944656CEC
:10EA900061793D25752072616D70446F776E3D25FB
:10EAA00064005458005258004572726F72202575E8
:10EAB0003A20257300446F6E650046696E6973687D
:10EAC000656420646574616368696E67007C2025F5
:10EAD0003275207C20253464207C0068656C7000D1
:10EAE00024202573007E20446973636F76657279F4
:10EAF00020526571756573742066726F6D20003ADF
:10EB00002076657273696F6E3D25752C6A6F696E2C
:10EB100065723D2564007C20252D31367320007CF4
:10EB20002025303478207C2000207C202532752060
:10EB3000007C2025336420007C20253375207C0058
:10EB40006C697374007C2025337520007C2030783C
:10EB50002530347820007C202531306C7520007CF5
:10EB60002025357520007C2025347520007C25313A
:10EB700064007C253375007C2025316420002575D8
:10EB800020004368696C642049443A20257500528E
:10EB90006C6F633A2025303478004D6F64653A20FD
:10EBA00025730043534C2053796E6368726F6E690E
:10EBB0007A65643A20256420004E657420446174AF
:10EBC000613A2025750054696D656F75743A20258A
:10EBD0006C7500525353493A202564005375706593
:10EBE00072766973696F6E20496E74657276616CB6
:10EBF0003A202564006C696E6B7175616C6974797B
:10EC0000007C202533632020007C2025336C752078
:10EC1000007C2025386420007C20253964200020D9
:10EC20007C20253764207C007C20307825303478A7
:10EC3000207C2000207C2025397320252520007C85
:10EC40002025377320252520007C202537642000CF
:10EC50007C2025356C75207C00636F6E6E74696D49
:10EC60006500207C202531367300207C202531363C
:10EC700073207C00206167653A256C7520636F6E98
:10EC80006E2D74696D653A256C75007C202538758C
:10EC900020007C2025397520007C20253675200039
:10ECA000416C6C6F633A202564004E65787420488F
:10ECB0006F703A2025303478004C696E6B3A20250D
:10ECC0006400436F73743A202575004167653A20EC
:10ECD000257500636865636B74696D656F75740095
:10ECE000696E74657276616C006661696C636F75DC
:10ECF0006E74657200677561726474696D65007227
:10ED000065747269657300696E6469726563740025
:10ED10003078253034780072656D6F766500616CEF
:10ED20006C0067657400737570706F727465640051
:10ED30003078256C78007072656665727265640063
:10ED40006D6F64656C00737776657273696F6E00C2
:10ED500061707075726C00626272006275666665E1
:10ED600072696E666F006363617468726573686F61
:10ED70006C64006368616E6E656C006368696C64E6
:10ED80006970006368696C646D6178006368696CC0
:10ED900064726F757465726C696E6B730063686919
:10EDA0006C647375706572766973696F6E00636801
:10EDB000696C6474696D656F757400636F6E7465FA
:10EDC0007874726575736564656C617900636F75DD
:10EDD0006E74657273006461746173657400646558
:10EDE0006275670064656C617974696D65726D69DF
:10EDF0006E0064657461636800646576696365705C
:10EE0000726F707300646973636F76657200646F0C
:10EE10006D61696E6E616D650065696463616368EB
:10EE200065006575693634006578746164647200E4
:10EE300065787470616E696400666163746F72797D
:10EE400072657365740066656D006966636F6E66F2
:10EE5000696700696E7374616E63656964006970E7
:10EE6000616464720069706D61646472006A6F69E4
:10EE70006E6572706F7274006B657973657175651C
:10EE80006E6365006C656164657264617461006CD9
:10EE90006561646572776569676874006C6F6700A7
:10EEA0006D6F6465006D756C7469726164696F0083
:10EEB0006E65696768626F72006E65746461746123
:10EEC000006E657473746174006E6574776F726B35
:10EED000696474696D656F7574006E6574776F72BF
:10EEE0006B6B6579006E6574776F726B6E616D65C3
:10EEF000006E657874686F7000706172656E740082
:10EF0000706172656E747072696F72697479007085
:10EF10006172746974696F6E696400706C617466A3
:10EF20006F726D00706F6C6C706572696F640070E9
:10EF30007265666572726F7574657269640070726D
:10EF40006F6D697363756F75730070736B630072B7
:10EF5000637000726567696F6E0072656C656173DE
:10EF600065726F75746572696400726C6F633136B7
:10EF700000726F75746572646F776E677261646535
:10EF80007468726573686F6C6400726F7574657213
:10EF9000656C696769626C6500726F757465727320
:10EFA000656C656374696F6E6A697474657200720A
:10EFB0006F75746572757067726164657468726587
:10EFC00073686F6C64007363616E0073696E676C65
:10EFD00065746F6E007463700074687265616400BC
:10EFE0007478706F7765720075647000756E736504
:10EFF00063757265706F727400757074696D650009
:10F0000076656E646F7200766572686F656666001D
:10F010006E6574646174612073686F77006E6574E7
:10F02000646174612073686F77202D78006368696C
:10F030006C64207461626C65006E65696768626FFC
:10F0400072207461626C6500726F757465722074F1
:10F0500061626C65004D4143204164647265737365
:10F06000004368004C514900524C4F433136004E2A
:10F0700065787420486F70005061746820436F7326
:10F0800074004C5120496E004C51204F7574004162
:10F09000676500457874656E646564204D41430082
:10F0A0004C696E6B004E7874486F70004C6F6361F2
:10F0B0006C20416464726573730050656572204111
:10F0C000646472657373004C617374204865617287
:10F0D0006420284167652900436F6E6E656374691B
:10F0E0006F6E2054696D65004672616D65204572D2
:10F0F000726F72004D7367204572726F72004176B5
:10F100006720525353004C61737420525353005282
:10F110006F6C65004176672052535349004C617310
:10F120007420525353490056657273696F6E0062C2
:10F130006174746572790065787465726E616C00D3
:10F1400065787465726E616C2D737461626C6500B4
:10F1500065787465726E616C2D756E737461626C26
:10F160006500736E6F6F70007175657279007265FE
:10F17000747279004E6574776F726B204E616D65A5
:10F1800000457874656E6465642050414E00547883
:10F19000537563636573730054784661696C656485
:10F1A00000527853756363657373005278466169E2
:10F1B0006C656400526F6C652044697361626C65B4
:10F1C0006400526F6C652044657461636865640017
:10F1D000526F6C65204368696C6400526F6C6520E7
:10F1E000526F7574657200526F6C65204C65616476
:10F1F000657200506172746974696F6E2049642091
:10F200004368616E6765730042657474657220506F
:10F210006172746974696F6E2041747461636820EF
:10F22000417474656D70747300506172656E742002
:10F230004368616E676573005278556E69636173E8
:10F240007400527842726F61646361737400527823
:10F250004461746100527844617461506F6C6C0059
:10F260005278426561636F6E005278426561636FE8
:10F270006E526571756573740052784F746865726B
:10F280000052784164647265737346696C74657288
:10F290006564005278446573744164647246696CB5
:10F2A00074657265640052784475706C696361744A
:10F2B00065640052784572724E6F4672616D6500EA
:10F2C00052784572724E6F556E6B6E6F776E4E65EB
:10F2D000696768626F72005278457272496E766132
:10F2E0006C6964537263416464720052784572724F
:10F2F00053656300527845727246637300527845D5
:10F3000072724F74686572005478556E69636173E8
:10F310007400547842726F6164636173740054784E
:10F3200041636B526571756573746564005478410F
:10F33000636B65640054784E6F41636B5265717501
:10F340006573746564005478446174610054784452
:10F35000617461506F6C6C005478426561636F6ECC
:10F36000005478426561636F6E52657175657374A0
:10F370000054784F746865720054785265747279DD
:10F38000005478457272436361005478457272424A
:10F390007573794368616E6E656C0054784572725E
:10F3A00041626F72740054784469726563744D6190
:10F3B0007852657472794578706972790054784929
:10F3C0006E6469726563744D6178526574727945D3
:10F3D000787069727900435F564E0056657200433B
:10F3E000534C00514D7367436E74005375707276C1
:10F3F000736E00366C6F2073656E6400366C6F2020
:10F400007265617300697036006D706C00636F61C6
:10F410007020736563757265006170706C696361FB
:10F4200074696F6E20636F6170003E200000000001
:10F4300057ED0400F9050000000000005BED04003A
:10F44000C50D00000000000066ED0400610E000024
:10F450000000000073ED0400FD2900000000000022
:10F460009EE90400251E0000000000007BED040062
:10F47000851300000000000083ED04007D290000DA
:10F48000000000008CED0400592A0000000000007C
:10F490009DED0400D925000000000000AEED040041
:10F4A000B126000000000000BBED0400C9260000EA
:10F4B00000000000CDED0400010600000000000087
:10F4C000D6ED0400950C000000000000DEED040005
:10F4D000D11C000000000000E4ED0400A90E0000B3
:10F4E00000000000F2ED0400F90E00000000000032
:10F4F000F9ED0400810900000000000005EE0400A1
:10F500000D180000000000000EEE0400212B00008A
:10F510000000000019EE0400B9190000000000000E
:10F5200022EE0400ED1500000000000028EE0400AB
:10F53000B51600000000000030EE040013160000B5
:10F540000000000039EE0400E107000000000000A8
:10F5500046EE0400310F0000000000004AEE0400F7
:10F56000AD0F00000000000053EE04000D1000007D
:10F57000000000005EEE0400ED0700000000000047
:10F5800065EE040035100000000000006DEE040080
:10F59000952900000000000078EE0400E12600003C
:10F5A0000000000084EE04001509000000000000C7
:10F5B0008FEE040079270000000000009CEE04009C
:10F5C000F10C0000000000009AE70400F1270000A1
:10F5D00000000000A0EE04002D1400000000000058
:10F5E000A5EE0400250D000000000000B0EE0400B0
:10F5F000AD20000000000000B9EE0400390B00004F
:10F6000000000000C1EE04004D16000000000000E4
:10F61000C9EE04009127000000000000DAEE0400AB
:10F62000ED16000000000000E5EE04004D2B000088
:10F6300000000000F1EE0400D514000000000000FE
:10F6400033EE04007D28000000000000F9EE040005
:10F65000291700000000000000EF0400A5150000BD
:10F66000000000000FEF0400F11000000000000097
:10F67000FF5505003F0B0000000000001BEF0400D9
:10F68000CD0500000000000024EF0400C9170000B1
:10F69000000000002FEF0400712A000000000000AD
:10F6A0003EEF040019110000000000004AEF0400C2
:10F6B000C50A0000000000004FEF0400490B0000E5
:10F6C0000000000053EF040089110000000000005A
:10F6D0005AEF0400812A000000000000A70E050078
:10F6E000E5050000000000006AEF0400890B00003F
:10F6F00000000000A4E904006D23000000000000E9
:10F7000071EF0400A9270000000000008AEF040048
:10F71000A90B00000000000099EF0400C1270000C1
:10F7200000000000AFEF0400D92700000000000037
:10F73000C6EF0400BD0B000000000000CBEF04008A
:10F740006D0C000000000000BF0E0500E511000078
:10F7500000000000D5EF04009B0C0000000000003A
:10F76000D9EF04007112000000000000E0EF040077
:10F77000D112000000000000E8EF0400A10C00001E
:10F7800000000000ECEF0400AD28000000000000C5
:10F79000F9EF0400191300000000000000F004005D
:10F7A000B52A00000000000007F004005D0D000015
:10F7B0000000000048ED0400B10C00000000000053
:10F7C0001CEE040062F1040068F104006EF1040014
:10F7D00050FC040068F004006FF0040078F00400AE
:10F7E00082F0040088F004008FF0040093F004001D
:10F7F000A0F0040004080A0B070805120600000028
:10F8000008000000F3F3040010000000FCF3040003
:10F810001800000005F404002000000009F40400B2
:10F82000280000009EE704003000000025F40400DA
:10F83000380000000DF404004000000019F404003A
:10F840002FF1040037F1040040F1040050F10400EE
:10F850008AF1040055F0040061F0040070E904002E
:10F8600064F0040061F0040018F1040006120405BD
:10F870000504060050FC0400A5F004007DF004001F
:10F8800006060600ACF00400BAF0040031310000B6
:10F8900050FC040068F00400EC1205008FF0040036
:10F8A00082F00400D6F3040052610500271E050013
:10F8B0008CF10400DBF30400DFF30400E3F3040045
:10F8C000EBF3040093F0040005080C0C070601019B
:10F8D000010303070712000048ED0400BF0E0500F6
:10F8E0006AEF040028EE04005EEE040065EE0400FA
:10F8F00073ED040033EE040030EE040010F0040059
:10F900001DF004000FEF040084EE04002DF004004D
:10F910007BED040039F0040048F00400F1EE04002F
:10F9200019EE0400F9ED04005BED040074F104002D
:10F9300081F104008AF1040055F0040061F0040034
:10F9400070E9040064F004001212061204050500B8
:10F9500068F0040093F00400C7F00400D8F004003D
:10F960000FF1040068F004008FF0040014F10400AB
:10F970001DF1040052610500271E05008CF10400F2
:10F9800093F0040027F1040068F0040093F00400F1
:10F99000E8F00400F4F00400FEF0040006F10400B6
:10F9A0008FF00400081212120608050A0B0101016B
:10F9B000120908120D0B090A0700000000000000E0
:10F9C000B4F1040002000000C2F1040004000000D1
:10F9D000D0F1040006000000DBF104000800000084
:10F9E000E7F104000A00000019F204000C00000016
:10F9F000F3F104000E00000008F2040040000000D3
:10FA000029F20400000000008EF10400080000004C
:10FA100098F1040004000000A1F104000C000000B3
:10FA2000ABF104004800000038F204004C00000074
:10FA300042F20400500000004EF2040054000000A6
:10FA400055F204005800000060F204005C00000061
:10FA500069F204006000000079F204006400000014
:10FA600081F204006800000093F204006C000000C2
:10FA7000A6F2040070000000B3F20400740000005D
:10FA8000C0F2040078000000D7F204007C000000FF
:10FA9000EBF2040080000000F4F204008400000097
:10FAA000FDF204000400000008F304000800000058
:10FAB00012F304000C0000001EF30400100000000C
:10FAC0002DF304001400000035F3040018000000BA
:10FAD00046F304001C0000004DF304002000000069
:10FAE00058F304002400000061F304002800000023
:10FAF00071F304002C00000079F3040038000000CA
:10FB000081F30400400000008AF304003C00000080
:10FB10009BF3040030000000A6F304003400000052
:10FB2000BDF3040010000000B9F10400180000004B
:10FB3000C7F1040020000000D5F1040028000000F7
:10FB4000E0F1040030000000ECF104007365716E18
:10FB50006F3A2020202025750064656C61793A2079
:10FB6000202020257520736563730074696D656FAF
:10FB700075743A2020256C752073656373004242CA
:10FB800052205072696D6172793A007365727665C0
:10FB90007231363A2030782530345800204E6F6E5E
:10FBA000650030782530386C78006163746976655B
:10FBB000006E657700746C767300636C656172002B
:10FBC000636F6D6D6974006D676D74676574636FE5
:10FBD0006D6D616E64006D676D74736574636F6DD8
:10FBE0006D616E640050656E64696E672054696D66
:10FBF000657374616D700070656E64696E677469B9
:10FC00006D657374616D700041637469766520542D
:10FC1000696D657374616D70006163746976657494
:10FC2000696D657374616D70004368616E6E656CBB
:10FC3000204D61736B006368616E6E656C6D6173FE
:10FC40006B0044656C6179004578742050414E200A
:10FC50004944004D657368204C6F63616C2050729D
:10FC600065666978006D6573686C6F63616C70724E
:10FC700065666978004E6574776F726B204B6579A5
:10FC80000050534B6300536563757269747920505B
:10FC90006F6C696379007365637572697479706FED
:10FCA0006C6963790064656C617974696D65720073
:10FCB000E5FB0400F7FB040008FC040019FC040049
:10FCC00093F3040073ED040029FC040036FC0400E7
:10FCD00042FC0400C7ED040048FC040030EE0400C0
:10FCE00053FC040065FC040075FC0400DAEE04001B
:10FCF00074F10400E5EE04004CFC040033EE040053
:10FD000081FC04004AEF040086FC040096FC040019
:10FD1000AAFB04006132000000000000BAFB0400EE
:10FD2000312E000000000000C0FB0400E52D0000A3
:10FD300000000000F90E05007D2E0000000000000C
:10FD4000C7FB0400DD33000000000000D6FB040008
:10FD5000F1320000000000001C1B0500A932000069
:10FD600000000000181A0500052F00000000000028
:10FD7000B5FB0400C92D00000000000019FC0400C0
:10FD800000000000112C0000000000007F2C00008B
:10FD90000000000073ED040008000000212C0000AA
:10FDA00000000000B52C00000000000036FC04003C
:10FDB0000B000000512C000000000000D52C0000BA
:10FDC00000000000C7ED0400060000005D2C0000EC
:10FDD00000000000E52C000000000000A5FC04006D
:10FDE000060000005D2C000000000000E52C000073
:10FDF0000000000030EE040004000000692C000048
:10FE000000000000F52C00000000000069FC040068
:10FE100005000000792C000000000000092D000002
:10FE20000000000065FC040005000000792C0000C3
:10FE300000000000092D000000000000DAEE0400C0
:10FE400002000000712C000000000000452E0000A0
:10FE500000000000E5EE040003000000312C00006B
:10FE600000000000332D00000000000033EE04000D
:10FE700007000000412C000000000000C52C00001D
:10FE800000000000F7FB040001000000192C000036
:10FE900000000000992C0000000000004AEF040060
:10FEA00009000000292E0000000000004D2D000078
:10FEB0000000000096FC04000A00000091300000E1
:10FEC00000000000BD3100000000000063686563B1
:10FED0006B00202573202530347800256C752000B8
:10FEE0002073002025303478202575005072656617
:10FEF000697865733A00526F757465733A0053659B
:10FF00007276696365733A00436F6E7465787473D3
:10FF10003A0020257520256300436F6D6D6973736A
:10FF2000696F6E696E673A002D20002065006D6173
:10FF3000786C656E677468007374656572696E6766
:10FF4000646174610000000031FF04007D35000031
:10FF5000000000002EFF0400A1350000000000009A
:10FF600018F00400E13900000000000038FF040030
:10FF7000DD350000000000002D49002D6D005069A6
:10FF80006E67696E672073796E74686573697A65E8
:10FF900064204950763620616464726573733A2038
:10FFA0000025752062797465732066726F6D20007C
:10FFB0003A2069636D705F7365713D257520686CCB
:10FFC000696D3D25752074696D653D25756D7300FE
:10FFD0002575207061636B657473207472616E7334
:10FFE0006D69747465642C202575207061636B6580
:10FFF00074732072656365697665642E00205061B4
:020000025000AC
:10000000636B6574206C6F7373203D20256C752EB7
:10001000257525252E0020526F756E642D7472692A
:1000200070206D696E2F6176672F6D6178203D209D
:1000300025752F25752E25752F2575206D732E009E
:100040006C696E6B65640063697263756C617200E4
:10005000746C73002D2D2D2D2D424547494E2045A2
:10006000432050524956415445204B45592D2D2D82
:100070002D2D0D0A4D486343415145454950457169
:1000800045794232416E436F504C2F39552F5944B8
:1000900048766471585962496F67547977777970F7
:1000A000362F55664477366E6F416F47434371472D
:1000B000534D34390D0A417745486F5551445167C6
:1000C00041454E3878573258594A486C70795073C8
:1000D000645A4C663867627535382B516152644EEC
:1000E0004374464C583361434A5A59704A4F35510C
:1000F00044594978482F0D0A36692F534E463164CA
:100100004672324B694D4A72647731567A596F7133
:1001100044766F42794C54742F773D3D0D0A2D2D56
:100120002D2D2D454E4420454320505249564154D3
:1001300045204B45592D2D2D2D2D0D0A006D626545
:1001400064746C735F706B5F70617273655F6B6515
:10015000792072657475726E6564202564002D2D9A
:100160002D2D2D424547494E20434552544946497D
:10017000434154452D2D2D2D2D0D0A4D4949434800
:100180007A43434161576741774942416749424356
:1001900054414B42676771686B6A4F5051514441FB
:1001A0006A412B4D5173774351594456515147453C
:1001B000774A4F544445524D4138470D0A41315515
:1001C0004543684D495547397359584A5455307716
:1001D000784844416142674E5642414D5445314250
:1001E000766247467963334E734946526C633351A6
:1001F0006752554D67513045774868634E0D0A4D3B
:10020000544D774F5449304D5455314D6A41305714
:1002100068634E4D6A4D774F5449794D5455314D71
:100220006A4130576A41304D5173774351594456B2
:1002300051514745774A4F544445524D4138470D37
:100240000A4131554543684D495547397359584A14
:100250005455307778456A415142674E5642414D78
:100260005443577876593246736147397A64444229
:100270005A4D424D4742797147534D343941674594
:10028000470D0A43437147534D343941774548413F
:100290003049414244664D56746C32435235616375
:1002A0006A37485753332F4947377566506B476B4A
:1002B000585451725253313932676957574B53541E
:1002C0007555410D0A32434D522F2B6F76306A52CD
:1002D0006458526139696F6A436133634E566332C1
:1002E0004B4B6737364163693037662B6A675A3044
:1002F00077675A6F774351594456523054424149B7
:1003000077414441640D0A42674E56485134454690
:100310006751555547476C6A3951483264654341C6
:10032000517A6C5A582B4D5930616E45373477628B
:100330006759445652306A424763775A5941556E5D
:100340005730674A456B420D0A5079764C654C55DB
:100350005A7648346B796476374E6E7968517152AB
:10036000414D443478437A414A42674E564241599E
:1003700054416B354D4D5245774477594456515150
:100380004B45776851623278680D0A636C4E54545D
:100390004445634D426F474131554541784D545571
:1003A00047397359584A7A633277675647567A64A1
:1003B000434246517942445159494A414D46443499
:1003C0006E356951387A6F4D416F470D0A4343715D
:1003D00047534D343942414D43413267414D4755B2
:1003E000434D5143614C467A587074756935575185
:1003F0004E384C6C4F3364646831684D787836748D
:100400007A674C765430334D54564B32530D0A4371
:10041000313272304C7A3372692F6D6F5345704EA2
:100420005A5771506A6B434D4345326635334758CE
:1004300063594C717966794A52303738632F784E58
:10044000535555352B58786C37565A343134560D30
:100450000A664761356B48764841524250633859C5
:1004600041495649714476484831513D3D0D0A2D68
:100470002D2D2D2D454E4420434552544946494388
:100480004154452D2D2D2D2D0D0A006D626564748E
:100490006C735F783530395F6372745F706172734B
:1004A00065202831292072657475726E6564202577
:1004B00064002D2D2D2D2D424547494E2043455298
:1004C00054494649434154452D2D2D2D2D0D0A4D9E
:1004D0004949427444434341547167417749424119
:1004E0006749425454414B42676771686B6A4F5089
:1004F000515144416A424C4D5173774351594456CE
:1005000051514745774A4F544445524D4138470D64
:100510000A4131554543684D495547397359584A41
:1005200054553077784B54416E42674E5642414D98
:1005300054494642766247467955314E4D494652B6
:100540006C63335167535735305A584A745A57526F
:10055000700D0A5958526C4945564449454E424D12
:10056000423458445445314D446B774D5445304DD9
:100570004467304D316F58445449314D4467794F89
:100580005445304D4467304D316F77536A454C4D7B
:10059000416B470D0A4131554542684D43565573ED
:1005A000784554415042674E5642416F544347315B
:1005B000695A575167564578544D5367774A67597A
:1005C000445651514445783974596D566B494652D9
:1005D0004D557942550D0A5A584E3049476C75644D
:1005E0004756796257566B615746305A53424451C9
:1005F00053417A4D466B77457759484B6F5A497A44
:100600006A3043415159494B6F5A497A6A304441E3
:10061000516344516741450D0A3733326657484CA0
:100620004E504D50735031553169625876623535B0
:1006300065726C45564D6C70584247736A2B4B5926
:10064000775671553158436D57395A396868503764
:10065000582F356A732F4458390D0A324A2F757452
:100660006F48796A55745670514F7A645472627348
:10067000614D514D413477444159445652305442B2
:10068000415577417745422F7A414B426767716800
:100690006B6A4F5051514441674E6F0D0A414442BD
:1006A0006C416A414A52786247526173334E426DDF
:1006B0006B394D6E4757586737505431786E5245F5
:1006C0004C485257574976664C6456517430366CD4
:1006D000312F784667335A7550645164740D0A514E
:1006E0006837434B3830434D5144377761316F3170
:1006F00061387179444B42664C4E363336754B6DDA
:100700004B47676130452B765958426546437939E6
:100710006F415242616E6747434230423276740DF8
:100720000A707A3539304A764757664D3D0D0A2DA5
:100730002D2D2D2D454E44204345525449464943C5
:100740004154452D2D2D2D2D0D0A006D62656474CB
:100750006C735F783530395F6372745F7061727388
:1007600065202832292072657475726E65642025B3
:1007700064006D626564746C735F73736C5F736542
:100780007475702072657475726E656420256400DE
:10079000544C532072656365697665206661696CA7
:1007A0007572653A20256400544C533A20526563B3
:1007B00065697665642025752062797465733A20D1
:1007C000252E2A7300285443503A205265636569E8
:1007D0007665642025752062797465732900544319
:1007E000503A2052656365697665642025752062FC
:1007F000797465733A20252E2A73005443503A20A9
:100800005265616368656420656E64206F6620735D
:10081000747265616D005443503A2025730054434F
:10082000503A2049676E6F72696E6720696E636F18
:100830006D696E6720636F6E6E656374696F6E209D
:10084000726571756573742066726F6D2000202863
:1008500061637469766520736F636B657420697377
:10086000206275737929006D626564746C735F73BF
:10087000736C5F636F6E6669675F64656661756CF4
:1008800074732072657475726E6564202564006DE2
:10089000626564746C735F73736C5F636F6E665FC5
:1008A0006F776E5F636572742072657475726E65C2
:1008B0006420256400416363657074656420636F20
:1008C0006E6E656374696F6E2066726F6D20006175
:1008D0006161616161616161616161616161616108
:1008E00061616161616161616161616161616161F8
:1008F00061616161616161616161616161616161E8
:1009000061616161616161616161616161616161D7
:1009100061616161616161616161616161616161C7
:1009200061616161616161616161616161616161B7
:1009300061616161616161616161616161616161A7
:100940006161616161616161616161616161616197
:100950006161616161616161616161616161616187
:100960006161616161616161616161616161616177
:100970006161616161616161616161616161616167
:100980006161616161616161616161616161616157
:100990006161616161616161616161616161616147
:1009A0006161616161616161616161616161616137
:1009B0006161616161616161616161616161616127
:1009C0006161616161616161616161616161616117
:1009D0006161616161616161616161616161616107
:1009E00061616161616161616161616161616161F7
:1009F00061616161616161616161616161616161E7
:100A000061616161616161616161616161616161D6
:100A100061616161616161616161616161616161C6
:100A200061616161616161616161616161616161B6
:100A300061616161616161616161616161616161A6
:100A40006161616161616161616161616161616196
:100A50006161616161616161616161616161616186
:100A60006161616161616161616161616161616176
:100A70006161616161616161616161616161616166
:100A80006161616161616161616161616161616156
:100A90006161616161616161616161616161616146
:100AA0006161616161616161616161616161616136
:100AB0006161616161616161616161616161616126
:100AC0006161616161616161616161616161616116
:100AD0006161616161616161616161616161616106
:100AE00061616161616161616161616161616161F6
:100AF00061616161616161616161616161616161E6
:100B000061616161616161616161616161616161D5
:100B100061616161616161616161616161616161C5
:100B200061616161616161616161616161616161B5
:100B300061616161616161616161616161616161A5
:100B40006161616161616161616161616161616195
:100B50006161616161616161616161616161616185
:100B60006161616161616161616161616161616175
:100B70006161616161616161616161616161616165
:100B80006161616161616161616161616161616155
:100B90006161616161616161616161616161616145
:100BA0006161616161616161616161616161616135
:100BB0006161616161616161616161616161616125
:100BC0006161616161616161616161616161616115
:100BD0006161616161616161616161616161616105
:100BE00061616161616161616161616161616161F5
:100BF00061616161616161616161616161616161E5
:100C000061616161616161616161616161616161D4
:100C100061616161616161616161616161616161C4
:100C200061616161616161616161616161616161B4
:100C300061616161616161616161616161616161A4
:100C40006161616161616161616161616161616194
:100C50006161616161616161616161616161616184
:100C60006161616161616161616161616161616174
:100C70006161616161616161616161616161616164
:100C80006161616161616161616161616161616154
:100C90006161616161616161616161616161616144
:100CA0006161616161616161616161616161616134
:100CB0006161616161616161616161616161616124
:100CC0006161616161616161616161616161616114
:100CD0006161616161616161616161616161610065
:100CE0005443502042656E63686D61726B204661AB
:100CF000696C6564005443502042656E63686D61A1
:100D0000726B20436F6D706C6574653A205472612C
:100D10006E7366657272656420256C7520627974E5
:100D2000657320696E20256C75206D696C6C697324
:100D300065636F6E64730054435020476F6F647037
:100D400075743A20256C752E25303375206B622F13
:100D50007300726573756C74005443502042656E65
:100D600063686D61726B205374617475733A20000F
:100D70004F6E676F696E6700436F6D706C65746569
:100D80006400556E7465737465640072756E006CF2
:100D90006F63616C686F7374006D626564746C730B
:100DA0005F73736C5F7365745F686F73746E616D8E
:100DB000652072657475726E656420256400544CFC
:100DC000532D6F7665722D5443506C70006D6265C3
:100DD00064746C735F73736C5F7365745F68735F67
:100DE00065636A70616B655F70617373776F72645E
:100DF0002072657475726E656420256400544C53CE
:100E00002048616E647368616B6520436F6D706C20
:100E100065746500544C532048616E647368616B5F
:100E200065204661696C65643A20256400436F6EF5
:100E30006E656374696E6720746F2073796E746871
:100E40006573697A656420495076362061646472FE
:100E50006573733A2000736C6F770066617374007A
:100E60005443503A20436F6E6E656374696F6E2011
:100E700065737461626C6973686564004469736367
:100E80006F6E6E656374656400436F6E6E65637448
:100E9000696F6E207265667573656400436F6E6E70
:100EA000656374696F6E20726573657400456E7456
:100EB000657265642054494D452D5741495420734E
:100EC0007461746500436F6E6E656374696F6E2044
:100ED00074696D6564206F75740061626F7274006F
:100EE00062656E63686D61726B0062696E64006357
:100EF0006F6E6E656374006465696E6974006C6919
:100F00007374656E0073656E64656E640073746FF0
:100F1000706C697374656E696E670000FFC00000D5
:100F2000AEC00000000000007C0E0500890E050028
:100F30009C0E0500AD0E0500C50E0500DA0E05007D
:100F4000C540000000000000E00E050069460000FA
:100F500000000000EA0E0500E34100000000000070
:100F6000EF0E0500FD48000000000000F70E050030
:100F70004140000000000000F90E0500BD3D0000EA
:100F800000000000FE0E05001F42000000000000EF
:100F9000F7F304000741000000000000050F050002
:100FA00021400000000000000D0F0500ED40000092
:100FB000000000002D75002D620053656E64696E9F
:100FC0006720746F2073796E74686573697A6564DD
:100FD000204950763620616464726573733A20004C
:100FE0002D73002D7400256420627974657320666A
:100FF000726F6D2000636C6F7365006C696E6B734C
:1010000065637572697479006F70656E0000000029
:10101000EA0E0500FD4A000000000000F50F050083
:10102000B14B000000000000EF0E05005D4B00001A
:1010300000000000FB0F0500F54B00000000000061
:1010400008100500BD4B000000000000F7F304008D
:10105000BD4C00000000000025752E2530327500C3
:10106000253032780025783A25783A25783A25785F
:101070003A3A2F363400456E61626C6564007C201C
:10108000252A73007C252A2E2A7300656E61626C06
:10109000650064697361626C650068696768006D0A
:1010A000656400736C616163006468637036006D31
:1010B000616E75616C000000570E05009F10050001
:1010C0009A100500756E6B6E6F776E00D9EF040095
:1010D000A3100500A9100500AF10050000000000D6
:1010E00000000100400100000000010001000000BC
:1010F00000000200440100000000020002000000A5
:10110000000004004801000000000400030000008B
:10111000000008004C010000000008000000000072
:101120000338FDD870471B5B306D001B5B313B33D0
:10113000366D0025735B253031306C755D0025738D
:1011400020001B5B313B33316D001B5B313B333384
:101150006D001B5B313B33326D0000004211050016
:101160004A11050026110500521105004F50454E49
:101170005448524541442F7468726561642D72650C
:10118000666572656E63652D3230323330373036C6
:101190002D3836312D673934346132343664313B81
:1011A000204E524635323834303B204F6374202075
:1011B0003320323032342031373A30343A3432004E
:1011C000556E6B6E6F776E4572726F725479706583
:1011D000004F4B0044726F70004E6F427566730093
:1011E0004E6F526F7574650042757379005061726D
:1011F000736500496E76616C696441726773005370
:1012000065637572697479004164647265737351C2
:1012100075657279004E6F41646472657373004E38
:101220006F74496D706C656D656E74656400496EB0
:1012300076616C69645374617465004E6F41636BD1
:10124000004368616E6E656C4163636573734661EC
:10125000696C75726500466373457272004E6F4625
:1012600072616D65526563656976656400496E7685
:10127000616C6964536F7572636541646472657310
:10128000730044657374696E6174696F6E41646460
:101290007265737346696C7465726564004E6F7431
:1012A000466F756E6400416C7265616479005265C9
:1012B0007365727665644572726F7232350049707B
:1012C0007636416464726573734372656174696FE5
:1012D0006E4661696C757265004E6F744361706132
:1012E000626C6500526573706F6E736554696D65ED
:1012F0006F7574005265617373656D626C795469C2
:101300006D656F7574004E6F74546D66004E6F6E30
:101310004C6F7770616E446174614672616D6500F7
:1013200052657365727665644572726F723333000D
:101330004C696E6B4D617267696E4C6F7700496ED8
:1013400076616C6964436F6D6D616E640050656EAB
:1013500064696E670052656A6563746564000000C5
:10136000D1110500EE0C0500D4110500D9110500BE
:10137000E0110500E8110500ED110500F31105006D
:10138000FF1105000812050015120500A0F3040066
:101390001F1205002E1205003B1205004112050028
:1013A000C7F10400561205005D120500C7F20400E3
:1013B0006D1205008D120500821205009D120500B8
:1013C000A6120500AE120500BE120500D9120500D6
:1013D000E4120500A8F20400F4120500061305004B
:1013E0000D13050020130500301305003E13050002
:1013F0004D13050055130500252E2A7325733A2039
:10140000005B2573206C656E3D253033755D0020D3
:101410002530325800202020002D2D2D2D2D2D2D52
:101420002D2D2D2D2D2D2D0001010000E558000042
:10143000EF580000DD580000CD580000D7580000DC
:10144000BB580000256C75642E00253032753A2596
:101450003032753A25303275002E2530337500351F
:1014600006FEB823D4871278581686FDB4580FB0FC
:1014700092546AECBD156606050505050505050AC5
:10148000050505050505050E4F70656E5468726506
:1014900061640025732D25303478000E0035020775
:1014A000050301040C33344661696C656420746F74
:1014B00020736574206368616E6E656C20746F20A4
:1014C0002575207768656E206170706C79696E672C
:1014D00020646174617365743A20257300446174FB
:1014E000617365744D616E6167657200DEAD00BE4B
:1014F000EF00CAFE050702030E35040C4465666161
:10150000756C74446F6D61696E0001010101010128
:1015100001010001010101010101000101010101BD
:1015200001010101010101010101020101010101AA
:101530000101020101010101010102010101010199
:101540000101020102030480813A3A002F25640060
:10155000FF02000000000000000000000000000189
:1015600064150500FF0300000000000000000000FB
:1015700000000001A0150500FF02000000000000AF
:1015800000000000000000028C150500FF030000B1
:1015900000000000000000000000000250150500DF
:1015A000FF0300000000000000000000000000FC3D
:1015B000000000005B25735D3A2575000100010005
:1015C00000000200000000000000035463700000EF
:1015D0005468726561640402020C0C0A1004020172
:1015E000FDDEAD00BEEF00000A0C090C0910100A68
:1015F0000910090213696E76616C6964006469738D
:1016000061626C6564000000FD15050095E9040049
:101610009EE90400A4E90400ABE90400F80004FC1E
:1016200000000000612F616500612F616E00612F75
:10163000617100612F617200612F617300612F730E
:101640006400612F796C00622F626100622F626D0D
:101650007200622F627100632F616200632F616705
:1016600000632F617200632F617300632F63610059
:10167000632F636700632F637000632F63730063DE
:101680002F646300632F657200632F657300632FFF
:101690006A6500632F6A6600632F6C6100632F6CBC
:1016A0007000632F706300632F706700632F707189
:1016B00000632F707300632F727800632F747800BB
:1016C000632F757200632F757400642F646100646A
:1016D0002F646700642F647100642F6472006E2FA2
:1016E000646E006E2F6472006E2F6D720000000039
:1016F00024160500291605002E16050033160500D0
:10170000381605003D16050042160500471605006F
:101710004C16050052160500571605005C1605000C
:1017200061160500661605006B16050070160500AB
:10173000751605007A1605007F160500841605004B
:10174000891605008E1605009316050098160500EB
:101750009D160500A2160500A7160500AC1605008B
:10176000B1160500B6160500BB160500C01605002B
:10177000C5160500CA160500CF160500D4160500CB
:10178000D9160500DE160500E3160500E81605006B
:10179000D007000003020400000100FFEEC55CBE9C
:1017A000ECC55CBE25733A20636F6E666C6963742A
:1017B0000025733A207470203D3D204E554C4C005E
:1017C00025733A20544350535F4C495354454E00BF
:1017D00025733A20544350535F54494D455F574158
:1017E0004954003C616464727320676F20686572BD
:1017F000653E0025733B2025733A2054696D65735F
:1018000074616D70206D697373696E672C206E6FE3
:1018100020616374696F6E0025733B2025733A2045
:1018200054696D657374616D70206E6F7420657896
:101830007065637465642C206E6F20616374696FDA
:101840006E004D6F726520627974657320776572E2
:10185000652061636B6564207468616E20617265E8
:1018600020696E207468652073656E6420627566F9
:101870006665720053656E64696E67206368616CAB
:101880006C656E67652041434B0050726F636573F2
:1018900073696E672041434B0025733A206475706D
:1018A00061636B73206E6F742031206F7220320081
:1018B00025733A2073656E7420746F6F206D7563A5
:1018C000680042797465732061636B65643A202512
:1018D0006400436F756C64206E6F742066756C6C69
:1018E0007920656D7074792073656E642062756609
:1018F00066657200436F756C64206E6F742072654C
:101900006D6F76652061636B6564206279746573C1
:101910002066726F6D2073656E6420627566666501
:10192000720046494E2050726F63657373696E672B
:10193000207374617274004F6E65206F662074703E
:1019400020616E642074706C206D75737420626504
:1019500020706F736974697665006C697374656E65
:1019600020736F636B6574206D75737420626520DE
:10197000696E206C697374656E696E67207374613B
:101980007465210025733B2025733A204C697374DC
:10199000656E20736F636B65743A2053594E2069EE
:1019A00073206D697373696E672C207365676D654D
:1019B0006E742069676E6F7265640025733B202525
:1019C000733A204C697374656E20736F636B657432
:1019D0003A2053594E7C41434B20696E76616C69C5
:1019E000642C207365676D656E742072656A65632B
:1019F0007465640025733A204C697374656E2073B6
:101A00006F636B65743A2054485F525354206F7271
:101A10002054485F41434B207365740025733B207D
:101A200025733A204C697374656E20736F636B6520
:101A3000743A20436F6E6E656374696F6E206174D3
:101A400074656D707420746F2F66726F6D2073658E
:101A50006C662069676E6F7265640025733B202594
:101A6000733A204C697374656E20736F636B657491
:101A70003A20436F6E6E656374696F6E2061747493
:101A8000656D70742066726F6D2F746F206D756C4C
:101A9000746963617374206164647265737320692F
:101AA000676E6F726564007463705F6D73736F70DF
:101AB000742077697468204E554C4C2074637063B1
:101AC0006220706F696E746572007463705F696E16
:101AD000707574007463705F646F5F7365676D65C4
:101AE0006E74007463705F6D73735F75706461749E
:101AF00065007463705F6D73730050414E49433AE3
:101B0000207463705F736574706572736973743A7F
:101B10002072657472616E736D69742070656E6495
:101B2000696E670050414E49433A2025733A20754B
:101B30006E6B6E6F776E20544350206F7074696FB8
:101B40006E20747970650025733A20544350206FDD
:101B50007074696F6E7320746F6F206C6F6E6700A6
:101B600025733A207361636B20626C6F636B207422
:101B70006F20746865206C656674206F6620756ED2
:101B800061203A2025640025733A206C656E203E62
:101B90002049505F4D41585041434B4554005B250F
:101BA000733A25645D3A206C656E203C203000520B
:101BB000656164696E672073656E64206275666630
:101BC0006572206F7574206F662072616E67652183
:101BD000007361636B68696E742062797465732049
:101BE000727478203E3D2030007463705F6F7574AE
:101BF000707574007463705F6164646F7074696F92
:101C00006E730000010000000200000004000000EC
:101C1000080000001000000020000000400000004C
:101C2000800000000001000000020000000200002F
:101C30000002000000020000140002121010111136
:101C4000111010416464696E6720706173742073B1
:101C500065676D656E7420746F20746865207265A9
:101C6000617373656D626C7920717565756500527D
:101C700065617373656D626C792077726974652034
:101C80006F7574206F6620626F756E64733A20748E
:101C90007269656420746F207772697465202564A9
:101CA0002C206275742077726F7465202564005251
:101CB00065617373656D626C79206D65726765200F
:101CC0006F7574206F6620626F756E64733A20744E
:101CD0007269656420746F206D6572676520256484
:101CE0002C20627574206D65726765642025640020
:101CF00043616E27742072656365697665206D6F38
:101D000072652C20616E64206461746120696E20AC
:101D10006275666665722C206275742068617665EE
:101D20006E2774207265636569766564206120465C
:101D3000494E007361636B686F6C6520706F6F6CE8
:101D400020756E616C69676E6564007263765F739F
:101D500074617274203C207263765F656E64005318
:101D600041434B2073636F7265626F617264206DD3
:101D7000757374206E6F7420626520656D70747960
:101D80000074702D3E736E645F6E756D686F6C6568
:101D900073203E3D20300074702D3E736E645F6E84
:101DA000756D686F6C6573203D3D20300074702D3B
:101DB0003E7361636B68696E742E6E657874686FCC
:101DC0006C65203D3D204E554C4C00536F636B6558
:101DD000742025703A202573202D2D3E2025730078
:101DE0007463705F6D61786D74753620776974689F
:101DF000204E554C4C20746370636220706F696E86
:101E000074657200434C4F5345440053594E5F5321
:101E1000454E540053594E5F524356440045535467
:101E200041424C495348454400434C4F53455F574A
:101E30004149540046494E5F574149545F31004380
:101E40004C4F53494E47004C4153545F41434B0064
:101E500046494E5F574149545F320000041E050059
:101E6000C91705000B1E0500141E05001D1E0500E8
:101E7000291E0500341E05003F1E0500471E0500F3
:101E8000501E0500D917050044656C61636B207412
:101E9000696D65722072756E6E696E672C20627551
:101EA0007420756E6D61726B6564004B65657020A2
:101EB00074696D65722072756E6E696E672C206232
:101EC000757420756E6D61726B6564005065727318
:101ED0006973742074696D65722072756E6E696EB7
:101EE000672C2062757420756E6D61726B6564007D
:101EF00050657273697374206F75747075743A20CD
:101F0000257A7520627974657320696E2073656E19
:101F10006462756600324D534C2074696D657220A1
:101F200072756E6E696E672C2062757420756E6DA9
:101F300061726B6564005265786D742074696D65BB
:101F4000722072756E6E696E672C206275742075D2
:101F50006E6D61726B656400727874736869667423
:101F6000206973202564005443502043524954494A
:101F700043414C204641494C5552453A20526574E4
:101F800072616E736D697420616E64205065727346
:101F90006973742074696D65727320617265207352
:101FA000696D756C74616E656F75736C792072758F
:101FB0006E6E696E672100000100000002000000E3
:101FC00004000000080000001000000020000000D5
:101FD000400000008000000000010000000200003E
:101FE00000020000000200000002000001000000EA
:101FF00001000000010000000100000001000000DD
:1020000002000000040000000800000010000000B2
:1020100020000000400000004000000040000000E0
:1020200056342D4D6170706564204164647265732F
:102030007321007463705F757372636C6F73656492
:102040003A207463705F636C6F7365282920726532
:102050007475726E6564204E554C4C0025733A20A1
:10206000636F6E67657374696F6E207369676E6105
:102070006C20747970652030782530387820697349
:102080002070726976617465006E657772656E6F37
:102090005F636F6E675F7369676E616C000000005D
:1020A0006E657772656E6F00000000000000000032
:1020B0000000000000000000000000000000000020
:1020C0000000000029BA02009DB9020063B90200B5
:1020D00049B90200000000000000000004050607E6
:1020E00008000002000400080010636C69656E744B
:1020F0002066696E697368656400736572766572DF
:102100002066696E697368656400657874656E64DD
:102110006564206D617374657220736563726574A4
:10212000006B657920657870616E73696F6E00442D
:10213000544C5376312E300044544C5376312E3269
:1021400000756E6B6E6F776E202844544C532900D7
:10215000756E6B6E6F776E0053534C76332E300076
:10216000544C5376312E3100020304050600000062
:1021700000544C532D45434448452D454344534159
:102180002D574954482D43484143484132302D5042
:102190004F4C59313330352D534841323536005488
:1021A0004C532D50534B2D574954482D43484143D0
:1021B000484132302D504F4C59313330352D534832
:1021C0004132353600544C532D45434448452D503B
:1021D000534B2D574954482D4348414348413230D1
:1021E0002D504F4C59313330352D5348413235360F
:1021F00000544C532D45434448452D4543445341D9
:102200002D574954482D4145532D3235362D4343E2
:102210004D00544C532D45434448452D45434453AC
:10222000412D574954482D4145532D3235362D43C4
:10223000434D2D3800544C532D45434448452D45BE
:10224000434453412D574954482D4145532D313274
:10225000382D43434D00544C532D45434448452DA0
:1022600045434453412D574954482D4145532D3141
:1022700032382D43434D2D3800544C532D454344A3
:1022800048452D45434453412D574954482D524309
:10229000342D3132382D53484100544C532D454391
:1022A00044482D5253412D574954482D5243342D03
:1022B0003132382D53484100544C532D4543444846
:1022C0002D45434453412D574954482D5243342DF5
:1022D0003132382D53484100544C532D50534B2D1F
:1022E000574954482D4145532D3235362D43434DE2
:1022F00000544C532D50534B2D574954482D4145B4
:10230000532D3235362D43434D2D3800544C532D2B
:1023100050534B2D574954482D4145532D31323898
:102320002D43434D00544C532D50534B2D5749547E
:10233000482D4145532D3132382D43434D2D380022
:10234000544C532D50534B2D574954482D52433420
:102350002D3132382D53484100544C532D454344C0
:1023600048452D50534B2D574954482D5243342D39
:102370003132382D53484100544C532D45434A5077
:10238000414B452D574954482D4145532D31323845
:102390002D43434D2D380000A9CC000071210500CC
:1023A00049060400030000000300000003000000D1
:1023B0000300000000000000ABCC00009F210500DE
:1023C00049060500030000000300000003000000B0
:1023D0000300000000000000ACCC0000C521050097
:1023E000490608000300000003000000030000008D
:1023F0000300000000000000ADC00000F121050056
:102400002D0604000300000003000000030000008C
:102410000300000000000000AFC000001222050011
:102420002D0604000300000003000000030000006C
:102430000300000002000000ACC0000035220500CF
:102440002B0604000300000003000000030000004E
:102450000300000000000000AEC00000562205008E
:102460002B0604000300000003000000030000002E
:10247000030000000200000007C0000079220500F0
:102480002A04040003000000010000000300000013
:1024900003000000040000000CC000009A220500A8
:1024A0002A040900030000000100000003000000EE
:1024B000030000000400000002C00000B822050074
:1024C0002A040A00030000000100000003000000CD
:1024D0000300000004000000A5C00000D822050091
:1024E0002D060500030000000300000003000000AB
:1024F0000300000000000000A9C00000F122050058
:102500002D0605000300000003000000030000008A
:102510000300000002000000A4C000000C2305001E
:102520002B0605000300000003000000030000006C
:102530000300000000000000A8C0000025230500E3
:102540002B0605000300000003000000030000004C
:1025500003000000020000008A0000004023050084
:102560002A04050003000000000000000300000032
:10257000030000000400000033C0000059230500E0
:102580002A0408000300000001000000030000000E
:102590000300000004000000FFC0000078230500D5
:1025A0002B060B00030000000300000003000000E6
:1025B000030000000200000000000000C9530500F5
:1025C000000000000000000000000000000000000B
:1025D0000000000000000000FFC00000000000003C
:1025E000551D200000000000F0000000FFFFFF0F5D
:1025F000FFFFFF0F00080000550403002B06010534
:1026000005070804002C20000A4365727469666996
:102610006361746520697320756E696E69746961A0
:102620006C69736564210A002573636572742E20DA
:1026300076657273696F6E20202020203A20256411
:102640000A00257373657269616C206E756D626531
:102650007220202020203A20000A257369737375A8
:102660006572206E616D65202020202020203A2098
:10267000000A25737375626A656374206E616D6507
:102680002020202020203A20000A257369737375CA
:10269000656420206F6E20202020202020203A20FA
:1026A000253034642D253032642D253032642025C8
:1026B0003032643A253032643A25303264000A25DB
:1026C0007365787069726573206F6E2020202020FA
:1026D0002020203A20253034642D253032642D25E9
:1026E00030326420253032643A253032643A253065
:1026F0003264000A25737369676E656420757369B7
:102700006E672020202020203A20000A2573252DE6
:102710003138733A2025642062697473000A257386
:10272000626173696320636F6E73747261696E7442
:1027300073203A2043413D2573002C206D61785F62
:10274000706174686C656E3D2564000A257373754D
:10275000626A65637420616C74206E616D6520200F
:102760003A000A2573202020203C756E7375707026
:102770006F727465643E000A2573202020203C6D32
:10278000616C666F726D65643E000A2573202020BF
:10279000206F746865724E616D65203A000A25737A
:1027A000202020202020202020202020686172640A
:1027B00077617265207479706520202020202020A8
:1027C0002020203A20000A257320202020202020CD
:1027D0002020202020686172647761726520736513
:1027E0007269616C206E756D626572203A20000A14
:1027F000257320202020644E534E616D65203A20C1
:10280000000A2573636572742E2074797065202028
:102810002020202020203A2000257353534C2043B1
:102820006C69656E7400257353534C205365727642
:102830006572002573456D61696C0025734F626A8E
:10284000656374205369676E696E6700257352650E
:1028500073657276656400257353534C20434100C1
:102860002573456D61696C2043410025734F626A91
:10287000656374205369676E696E67204341000A7F
:1028800025736B6579207573616765202020202092
:10289000202020203A200025734469676974616C08
:1028A000205369676E61747572650025734E6F6E93
:1028B000205265707564696174696F6E0025734B91
:1028C000657920456E6369706865726D656E740028
:1028D00025734461746120456E6369706865726D2B
:1028E000656E740025734B65792041677265656D6F
:1028F000656E740025734B657920436572742053AF
:1029000069676E00257343524C205369676E00253A
:1029100073456E636970686572204F6E6C7900252F
:10292000734465636970686572204F6E6C79000A44
:102930002573657874206B657920757361676520F0
:10294000202020203A20003F3F3F002573257300C0
:102950000A257363657274696669636174652070C2
:102960006F6C6963696573203A20000A2573202023
:102970002020202020206861726477617265206DBC
:102980006F64756C65206E616D65203A0025735526
:102990006E6B6E6F776E20726561736F6E20287438
:1029A0006869732073686F756C64206E6F7420683B
:1029B000617070656E290A002D2D2D2D2D42454721
:1029C000494E2043455254494649434154452D2DD3
:1029D0002D2D2D002D2D2D2D2D454E4420434552BE
:1029E00054494649434154452D2D2D2D2D00546801
:1029F00065206365727469666963617465207661D8
:102A00006C69646974792068617320657870697293
:102A10006564005468652063657274696669636102
:102A2000746520686173206265656E207265766FDB
:102A30006B656420286973206F6E20612043524CBF
:102A400029005468652063657274696669636174FE
:102A50006520436F6D6D6F6E204E616D652028435C
:102A60004E2920646F6573206E6F74206D617463EE
:102A7000682077697468207468652065787065637C
:102A800074656420434E0054686520636572746900
:102A9000666963617465206973206E6F7420636F6B
:102AA00072726563746C79207369676E6564206205
:102AB000792074686520747275737465642043416D
:102AC000005468652043524C206973206E6F742057
:102AD000636F72726563746C79207369676E656485
:102AE000206279207468652074727573746564203F
:102AF0004341005468652043524C20697320657837
:102B000070697265640043657274696669636174B3
:102B10006520776173206D697373696E6700436523
:102B20007274696669636174652076657269666945
:102B3000636174696F6E2077617320736B69707065
:102B40006564004F7468657220726561736F6E20F2
:102B50002863616E20626520757365642062792048
:102B60007665726966792063616C6C6261636B295A
:102B70000054686520636572746966696361746591
:102B80002076616C696469747920737461727473FE
:102B900020696E20746865206675747572650054CE
:102BA00068652043524C2069732066726F6D2074F3
:102BB0006865206675747572650055736167652078
:102BC000646F6573206E6F74206D61746368207428
:102BD0006865206B657955736167652065787465F4
:102BE0006E73696F6E00557361676520646F6573FE
:102BF000206E6F74206D6174636820746865206551
:102C00007874656E6465644B65795573616765209A
:102C1000657874656E73696F6E00557361676520C2
:102C2000646F6573206E6F74206D617463682074C7
:102C30006865206E73436572745479706520657899
:102C400074656E73696F6E00546865206365727495
:102C500069666963617465206973207369676E656D
:102C600064207769746820616E20756E61636365A6
:102C7000707461626C6520686173682E00546865C9
:102C80002063657274696669636174652069732085
:102C90007369676E6564207769746820616E20755A
:102CA0006E61636365707461626C6520504B206176
:102CB0006C67202865672052534120767320454376
:102CC000445341292E005468652063657274696617
:102CD0006963617465206973207369676E65642038
:102CE0007769746820616E20756E616363657074C6
:102CF00061626C65206B657920286567206261647C
:102D00002063757276652C2052534120746F6F20BA
:102D100073686F7274292E005468652043524C20EA
:102D20006973207369676E656420776974682061D0
:102D30006E20756E61636365707461626C65206896
:102D40006173682E005468652043524C20697320DB
:102D50007369676E6564207769746820616E207599
:102D60006E61636365707461626C6520504B2061B5
:102D70006C672028656720525341207673204543B5
:102D8000445341292E005468652043524C206973F6
:102D9000207369676E6564207769746820616E20AE
:102DA000756E61636365707461626C65206B6579D3
:102DB00020286567206261642063757276652C2027
:102DC00052534120746F6F2073686F7274292E0004
:102DD000600000000A0000000C000000000000007D
:102DE0007365637035323172310000007365637052
:102DF00033383472310000007365637032353672D7
:102E000031000000736563703235366B31000000AD
:102E1000627261696E706F6F6C503235367231005C
:102E20007365637032323472310000007365637011
:102E30003232346B310000007365637031393272A5
:102E400031000000736563703139326B310000006E
:102E50000500190009020000E02D0500040018001B
:102E600080010000EC2D05000300170000010000A8
:102E7000F82D05000C00160000010000042E0500CE
:102E800006001A0000010000102E050002001500C7
:102E9000E0000000202E05000B001400E000000000
:102EA0002C2E050001001300C0000000382E050084
:102EB0000A001200C0000000442E050000000000BF
:102EC00000000000000000003031444234320000B5
:102ED000D9B530F3444B4AE96C5CDC26C15580FB24
:102EE000E7FF7A413075F6EE57302CFC75095A7DB4
:102EF000B6078CFF18DCCC6BCEE1F75C2916849505
:102F0000BF7CD7BBD9B530F3444B4AE96C5CDC26B7
:102F10006232CE9ABD53443AC223BDE3E127DEB903
:102F2000AFB781FC2F484B2CCB577ECBB9AED28BA1
:102F30009769042FC7541D5C548EED2D134577C23D
:102F4000C91D61141A46F897FDC4DAC335F87E54DA
:102F5000A7564897820E1E90F7A661B5A37A398CC2
:102F6000718D839D900A663EBCA9EEA1DB57FBA93B
:102F700077536E1F1D481320282026D523F63B6E5D
:102F8000728D839D900A663EBCA9EEA1DB57FBA91A
:102F900000000000030000007D6CE0EAB1D1A51D37
:102FA00034F4B780027DB026AEE957C00EF14FDB96
:102FB0009D2F5ED988AA82403486BE15D063418495
:102FC000A728569C6D2F2F9B8DFDDE746A46690FD6
:102FD00017FCF226FEFFFFFFFFFFFFFFFFFFFFFFD3
:102FE00037EEFFFFFEFFFFFFFFFFFFFFFFFFFFFFCB
:102FF000FFFFFFFFFFFFFFFFB1B946C1ECDEB8FEE8
:1030000049302472ABE9A70FE7809CE519052164DC
:103010001210FF82FD0AFFF40088A143EB20BF7C61
:10302000F69030B00EA88D181148791EA177F9736B
:10303000D5CD246BED11106378DAC8FF952B1907F5
:103040003128D2B4B1C96B1436F8DE99FFFFFFFF07
:10305000FFFFFFFFFFFFFFFFFFFFFFFFFFFFFFFF80
:10306000FEFFFFFFFFFFFFFFFFFFFFFFFFFFFFFF71
:1030700000000000050000005CA4B7B60E657E0FDE
:10308000A97570E4E967A469A128FC30DF99F04DC7
:10309000335B45A1A5616D55DB4BCAE259BDB0C09C
:1030A000F719E3F7D6FBCA824234BA7FED9F087E58
:1030B000F7B19F7671A9F0CA8461ECD2E8DC010017
:1030C00000000000000000000000000001000000FF
:1030D0006DE5FFFFFEFFFFFFFFFFFFFFFFFFFFFFAD
:1030E000FFFFFFFFFFFFFFFFFFFFFFFFB4FF5523C1
:1030F00043390B27BAD8BFD7B7B04450563241F541
:10310000ABB3040C850A05B4211D5C11D6803234A2
:103110002211C256D3C1034AB99013327FBFB46B98
:10312000BD0C0EB7347E00859981D5446447075A9B
:10313000A07543CDE6DF224CFB23F7B5886337BD8E
:103140003D2A5C5C4529DD133EF0B8E0A216FFFF86
:10315000FFFFFFFFFFFFFFFFFFFFFFFF010000007A
:103160000000000000000000FFFFFFFFFFFFFFFF67
:10317000FFFFFFFFFFFFFFFF000000000000000057
:10318000070000009817F8165B81F259D928CE2D58
:10319000DBFC9B02070B87CE9562A055ACBBDCF92C
:1031A0007E66BE79B8D410FB8FD0479C195485A693
:1031B00048B417FDA808110EFCFBA45D65C4A32646
:1031C00077DA3A48414136D08C5ED2BF3BA048AF57
:1031D000E6DCAEBAFEFFFFFFFFFFFFFFFFFFFFFFD2
:1031E000FFFFFFFF2FFCFFFFFEFFFFFFFFFFFFFFC3
:1031F000FFFFFFFFFFFFFFFFFFFFFFFFFFFFFFFFDF
:10320000FFFFFFFF4B60D2273E3CCE3BF6B053CCD6
:10321000B0061D65BC86987655BDEBB3E7933AAA18
:10322000D835C65A96C298D84539A1F4A033EB2DAB
:10323000817D0377F240A463E5E6BCF847422CE1C8
:10324000F2D1176BF551BF376840B6CBCE5E316B0C
:103250005733CE2B169E0F7C4AEBE78E9B7F1AFED0
:10326000E242E34F512563FCC2CAB9F3849E17A71B
:10327000ADFAE6BCFFFFFFFFFFFFFFFF000000000D
:10328000FFFFFFFFFFFFFFFFFFFFFFFFFFFFFFFF4E
:10329000000000000000000000000000010000002D
:1032A000FFFFFFFFEF2AECD3EDC8852A9DD12E8AC0
:1032B0008D3956C65A8713508F081403124181FE68
:1032C0006E9C1D18192DF8E36B058E98E4E73EE21D
:1032D000A72F31B3B70A7672385E543A6C2955BFBE
:1032E0005DF20255382A5482E041F759989BA78B2A
:1032F000623B1D6E74AD20F31EC7B18E37058BBEC9
:1033000022CA87AA5F0EEA907C1D437A9D817E1DAA
:10331000CEB1600AC0B8F0B51331DAE97C149A284E
:10332000BD1DF4F829DC9292BF989E5D6F2C269605
:103330004ADE17367329C5CC6A19ECEC7AA7B04877
:10334000B20D1A58DF2D37F4814D63C7FFFFFFFF21
:10335000FFFFFFFFFFFFFFFFFFFFFFFFFFFFFFFF7D
:10336000FFFFFFFFFFFFFFFF000000000000000065
:10337000FFFFFFFFFEFFFFFFFFFFFFFFFFFFFFFF5E
:10338000FFFFFFFFFFFFFFFFFFFFFFFFFFFFFFFF4D
:10339000FFFFFFFF003F506BD41F45EFF1342C3D82
:1033A00088DF733507BFB13BBDC052167B937EECFF
:1033B00051391956E109F18E9189B4B8F315B399D1
:1033C0005B72DAA2EE4085B6A0219A921F9A1C8EFB
:1033D00061B93E955100000066BDE5C2317E7EF9BF
:1033E0009B426A85C1B34833DEA8FFA227C11DFEF8
:1033F0002859E7EF775E4BA1BA3D4D6B60AF28F8D7
:1034000021B53F053981649C42B4952366CB3E9E2D
:10341000CDE90404B7068E85C60000005066D19F32
:103420007694BE8840C272A286703C356107AD3F7B
:1034300001B950C54026F45E9972EE972C663E277E
:1034400017BDAF1768449B574944F598D91B7D2C8D
:10345000B45F8A5C04C03B9A786A2939180100007D
:10346000096438911EB76FBBAE479C89B8C9B53B9C
:10347000D0A509F74801CC7F6B962FBF8387865173
:10348000FAFFFFFFFFFFFFFFFFFFFFFFFFFFFFFF51
:10349000FFFFFFFFFFFFFFFFFFFFFFFFFFFFFFFF3C
:1034A000FF010000FFFFFFFFFFFFFFFFFFFFFFFF28
:1034B000FFFFFFFFFFFFFFFFFFFFFFFFFFFFFFFF1C
:1034C000FFFFFFFFFFFFFFFFFFFFFFFFFFFFFFFF0C
:1034D000FFFFFFFFFFFFFFFFFFFFFFFFFFFFFFFFFC
:1034E000FFFFFFFFFF0100000A637478206973206B
:1034F0004E554C4C0A000000737263206F722064BA
:10350000737420617265204E554C4C0A0000000017
:10351000636C69656E740000736572766572000095
:10352000103505001835050045C203004DC20300E3
:1035300055C203005DC2030065C203006DC20300F3
:1035400075C203007DC203000500000000000000FA
:103550000700000001000000080000000200000059
:103560000C00000003000000100000000400000038
:103570000500000006000000070000000600000033
:1035800008000000060000000C000000060000001B
:10359000100000000600000001010100010101010E
:1035A0000101000053484131000000000000534871
:1035B00041323234000000005348413235360000B9
:1035C000000053484133383400000000534841356F
:1035D0003132000000004D443500000000000000C2
:1035E0004661696C20746F20616371756972652032
:1035F0006D757465780A00004661696C20746F20EF
:10360000696E63726561736520504D20636F756EDE
:103610007465720A000000004661696C20746F20B6
:10362000646563726561736520504D20636F756ECC
:103630007465720A000000004661696C20746F2096
:1036400072656C65617365206D757465780A00003C
:103650000123456789ABCDEFFEDCBA987654321072
:10366000F0E1D2C3D89E05C107D57C3617DD703096
:1036700039590EF7310BC0FF11155868A78FF9643F
:10368000A44FFABE67E6096A85AE67BB72F36E3C6B
:103690003AF54FA57F520E518C68059BABD9831F1D
:1036A00019CDE05B000102030405060708090A0BB7
:1036B0000C0D0E0F101112131415161718191A1BD2
:1036C0001C1D1E1FEDFFFFFFFFFFFFFFFFFFFFFFA2
:1036D000FFFFFFFFFFFFFFFFFFFFFFFFFFFFFFFFFA
:1036E000FFFFFF7FFF00000008000000090000004E
:1036F00000000000000000000000000000000000CA
:10370000000000000000000000000000D9D3CE7EC1
:10371000A2C5E929B2617C6D7E4D3D924CD14877BE
:103720002CDD1EE0B486A0B8A119AE20EDD3F55C67
:103730001A631258D69CF7A2DEF9DE1400000000CE
:10374000000000000000000000000010FD0000006C
:10375000080000000800000042DB0100000000003B
:103760000000000000000000000000000000000059
:103770000000000000000000000000000000000049
:10378000800000000000000000000000FFFFFFFFBD
:10379000FFFFFFFF3F0000000000000000000000EE
:1037A000000000004375727665323535313900000E
:1037B0000000000000000000F87F400037EEFFFF2F
:1037C000FEFFFFFFFFFFFFFFFFFFFFFFFFFFFFFF0A
:1037D000FFFFFFFF000000000000000000000000ED
:1037E00000000000000000000000000000000000D9
:1037F00000000000000000000000000000000000C9
:1038000000000000000000000000000000000000B8
:1038100000000000000000000000000000000000A8
:103820000000000000000000000000000000000098
:103830000000000000000000000000000000000088
:103840000000000000000000000000000300000075
:103850000000000000000000000000000000000068
:103860000000000000000000000000000000000058
:103870000000000000000000000000000000000048
:103880000000000000000000000000000000000038
:10389000000000008DFDDE746A46690F17FCF226F9
:1038A000FEFFFFFFFFFFFFFFFFFFFFFF0000000025
:1038B0000000000000000000000000000000000008
:1038C00000000000000000000000000000000000F8
:1038D00000000000000000000000000000000000E8
:1038E0007D6CE0EAB1D1A51D34F4B780027DB0262D
:1038F000AEE957C00EF14FDB0000000000000000F1
:1039000000000000000000000000000000000000B7
:1039100000000000000000000000000000000000A7
:1039200000000000000000009D2F5ED988AA8240A0
:103930003486BE15D0634184A728569C6D2F2F9BDB
:103940000000000000000000000000000000000077
:103950000000000000000000000000000000000067
:103960000000000000000000000000000000000057
:1039700001000000000000000000000080000000C6
:103980000000000000000000000000000000000037
:1039900080000000000000000000000000000000A7
:1039A0000000000000000000000000000000000017
:1039B0000000000000000000000000000000000007
:1039C00000000000000000000000000000000000F7
:1039D00000000000000000000000000000000000E7
:1039E00000000000000000000000000000000000D7
:1039F00000000000000000000000000000000000C7
:103A000000000000000000000000000000000000B6
:103A100000000000000000000000000000000000A6
:103A20000000000000000000000000000000000096
:103A30000000000000000000000000000000000086
:103A40000000000000000000000000000000000076
:103A50000000000000000000000000000000000066
:103A60000000000000000000000000000000000056
:103A700000000000C0000000C000000005000000C1
:103A800000000000534543475F5052494D455F31A8
:103A900039324B3100000000FFFFFFFFFFFFFFFF47
:103AA000FEFFFFFFFFFFFFFFFFFFFFFFFFFFFFFF27
:103AB0000000000000000000000000000000000006
:103AC00000000000000000000000000000000000F6
:103AD00000000000000000000000000000000000E6
:103AE000FCFFFFFFFFFFFFFFFEFFFFFFFFFFFFFFEA
:103AF000FFFFFFFFFFFFFFFF0000000000000000CE
:103B000000000000000000000000000000000000B5
:103B100000000000000000000000000000000000A5
:103B20000000000000000000B1B946C1ECDEB8FEA4
:103B300049302472ABE9A70FE7809CE519052164A1
:103B40000000000000000000000000000000000075
:103B50000000000000000000000000000000000065
:103B60000000000000000000000000000000000055
:103B70003128D2B4B1C96B1436F8DE99FFFFFFFFCC
:103B8000FFFFFFFFFFFFFFFF00000000000000003D
:103B90000000000000000000000000000000000025
:103BA0000000000000000000000000000000000015
:103BB0000000000000000000000000001210FF8262
:103BC000FD0AFFF40088A143EB20BF7CF69030B0E3
:103BD0000EA88D180000000000000000000000008A
:103BE00000000000000000000000000000000000D5
:103BF00000000000000000000000000000000000C5
:103C0000000000001148791EA177F973D5CD246B0F
:103C1000ED11106378DAC8FF952B1907000000003A
:103C20000000000000000000000000000000000094
:103C30000000000000000000000000000000000084
:103C40000000000000000000000000000100000073
:103C500000000000000000008000000000000000E4
:103C600000000000000000000000000080000000D4
:103C70000000000000000000000000000000000044
:103C80000000000000000000000000000000000034
:103C90000000000000000000000000000000000024
:103CA0000000000000000000000000000000000014
:103CB0000000000000000000000000000000000004
:103CC00000000000000000000000000000000000F4
:103CD00000000000000000000000000000000000E4
:103CE00000000000000000000000000000000000D4
:103CF00000000000000000000000000000000000C4
:103D000000000000000000000000000000000000B3
:103D100000000000000000000000000000000000A3
:103D20000000000000000000000000000000000093
:103D30000000000000000000000000000000000083
:103D40000000000000000000000000000000000073
:103D5000C0000000C00000000500000001000000DD
:103D6000534543475F5052494D455F3139325231D7
:103D7000000000006DE5FFFFFEFFFFFFFFFFFFFFFC
:103D8000FFFFFFFFFFFFFFFFFFFFFFFFFFFFFFFF43
:103D90000000000000000000000000000000000023
:103DA0000000000000000000000000000000000013
:103DB0000000000000000000000000000000000003
:103DC00000000000000000000000000000000000F3
:103DD00000000000000000000000000000000000E3
:103DE00000000000000000000000000000000000D3
:103DF00000000000000000000000000000000000C3
:103E000000000000050000000000000000000000AD
:103E100000000000000000000000000000000000A2
:103E20000000000000000000000000000000000092
:103E30000000000000000000000000000000000082
:103E4000000000000000000000000000F7B19F76B5
:103E500071A9F0CA8461ECD2E8DC01000000000026
:103E60000000000000000000010000000000000051
:103E70000000000000000000000000000000000042
:103E80000000000000000000000000000000000032
:103E900000000000000000005CA4B7B60E657E0FB5
:103EA000A97570E4E967A469A128FC30DF99F04D99
:103EB000335B45A10000000000000000000000008E
:103EC00000000000000000000000000000000000F2
:103ED00000000000000000000000000000000000E2
:103EE000A5616D55DB4BCAE259BDB0C0F719E3F7C8
:103EF000D6FBCA824234BA7FED9F087E00000000E4
:103F000000000000000000000000000000000000B1
:103F100000000000000000000000000000000000A1
:103F20000000000000000000010000000000000090
:103F30000000000080000000000000000000000001
:103F4000FFFFFFFFFFFFFFFFFF000000000000007A
:103F50000000000000000000000000000000000061
:103F60000000000000000000000000000000000051
:103F70000000000000000000000000000000000041
:103F80000000000000000000000000000000000031
:103F90000000000000000000000000000000000021
:103FA0000000000000000000000000000000000011
:103FB0000000000000000000000000000000000001
:103FC00000000000000000000000000000000000F1
:103FD00000000000000000000000000000000000E1
:103FE00000000000000000000000000000000000D1
:103FF00000000000000000000000000000000000C1
:1040000000000000000000000000000000000000B0
:1040100000000000000000000000000000000000A0
:10402000000000000000000000000000E0000000B0
:10403000E100000005000000020000005345434776
:104040005F5052494D455F3232344B310000000021
:10405000010000000000000000000000FFFFFFFF63
:10406000FFFFFFFFFFFFFFFFFFFFFFFF000000005C
:104070000000000000000000000000000000000040
:104080000000000000000000000000000000000030
:104090000000000000000000FEFFFFFFFFFFFFFF29
:1040A000FFFFFFFFFEFFFFFFFFFFFFFFFFFFFFFF21
:1040B000FFFFFFFF00000000000000000000000004
:1040C00000000000000000000000000000000000F0
:1040D00000000000000000000000000000000000E0
:1040E000B4FF552343390B27BAD8BFD7B7B04450D4
:1040F000563241F5ABB3040C850A05B4000000004C
:1041000000000000000000000000000000000000AF
:10411000000000000000000000000000000000009F
:1041200000000000000000003D2A5C5C4529DD1312
:104130003EF0B8E0A216FFFFFFFFFFFFFFFFFFFF0B
:10414000FFFFFFFF00000000000000000000000073
:10415000000000000000000000000000000000005F
:10416000000000000000000000000000000000004F
:1041700000000000211D5C11D68032342211C2568D
:10418000D3C1034AB99013327FBFB46BBD0C0EB7D5
:10419000000000000000000000000000000000001F
:1041A000000000000000000000000000000000000F
:1041B000000000000000000000000000347E0085C8
:1041C0009981D5446447075AA07543CDE6DF224C58
:1041D000FB23F7B5886337BD000000000000000036
:1041E00000000000000000000000000000000000CF
:1041F00000000000000000000000000000000000BF
:1042000000000000010000000000000000000000AD
:10421000800000000000000000000000000000001E
:10422000000000008000000000000000000000000E
:10423000000000000000000000000000000000007E
:10424000000000000000000000000000000000006E
:10425000000000000000000000000000000000005E
:10426000000000000000000000000000000000004E
:10427000000000000000000000000000000000003E
:10428000000000000000000000000000000000002E
:10429000000000000000000000000000000000001E
:1042A000000000000000000000000000000000000E
:1042B00000000000000000000000000000000000FE
:1042C00000000000000000000000000000000000EE
:1042D00000000000000000000000000000000000DE
:1042E00000000000000000000000000000000000CE
:1042F00000000000000000000000000000000000BE
:104300000000000000000000E0000000E0000000ED
:104310000500000003000000534543475F50524929
:104320004D455F3232345231000000002FFCFFFF58
:10433000FEFFFFFFFFFFFFFFFFFFFFFFFFFFFFFF8E
:10434000FFFFFFFFFFFFFFFFFFFFFFFF0000000079
:10435000000000000000000000000000000000005D
:10436000000000000000000000000000000000004D
:10437000000000000000000000000000000000003D
:10438000000000000000000000000000000000002D
:10439000000000000000000000000000000000001D
:1043A000000000000000000000000000000000000D
:1043B00000000000000000000000000007000000F6
:1043C00000000000000000000000000000000000ED
:1043D00000000000000000000000000000000000DD
:1043E00000000000000000000000000000000000CD
:1043F00000000000000000000000000000000000BD
:1044000000000000414136D08C5ED2BF3BA048AFD7
:10441000E6DCAEBAFEFFFFFFFFFFFFFFFFFFFFFF7F
:10442000FFFFFFFF00000000000000000000000090
:10443000000000000000000000000000000000007C
:10444000000000000000000000000000000000006C
:104450009817F8165B81F259D928CE2DDBFC9B0208
:10446000070B87CE9562A055ACBBDCF97E66BE79A2
:10447000000000000000000000000000000000003C
:10448000000000000000000000000000000000002C
:104490000000000000000000B8D410FB8FD0479C43
:1044A000195485A648B417FDA808110EFCFBA45D9D
:1044B00065C4A32677DA3A48000000000000000037
:1044C00000000000000000000000000000000000EC
:1044D00000000000000000000000000000000000DC
:1044E000010000000000000000000000800000004B
:1044F00000000000000000000000000000000000BC
:10450000800000000000000000000000000000002B
:10451000000000000000000000000000000000009B
:10452000000000000000000000000000000000008B
:10453000000000000000000000000000000000007B
:10454000000000000000000000000000000000006B
:10455000000000000000000000000000000000005B
:10456000000000000000000000000000000000004B
:10457000000000000000000000000000000000003B
:10458000000000000000000000000000000000002B
:10459000000000000000000000000000000000001B
:1045A000000000000000000000000000000000000B
:1045B00000000000000000000000000000000000FB
:1045C00000000000000000000000000000000000EB
:1045D00000000000000000000000000000000000DB
:1045E00000000000000100000001000005000000C4
:1045F00004000000534543475F5052494D455F3228
:1046000035364B3100000000FFFFFFFFFFFFFFFFCB
:10461000FFFFFFFF0000000000000000000000009E
:1046200001000000FFFFFFFF00000000000000008D
:10463000000000000000000000000000000000007A
:10464000000000000000000000000000000000006A
:10465000FCFFFFFFFFFFFFFFFFFFFFFF0000000069
:10466000000000000000000001000000FFFFFFFF4D
:10467000000000000000000000000000000000003A
:10468000000000000000000000000000000000002A
:1046900000000000000000004B60D2273E3CCE3BF3
:1046A000F6B053CCB0061D65BC86987655BDEBB30D
:1046B000E7933AAAD835C65A00000000000000006F
:1046C00000000000000000000000000000000000EA
:1046D00000000000000000000000000000000000DA
:1046E000512563FCC2CAB9F3849E17A7ADFAE6BC94
:1046F000FFFFFFFFFFFFFFFF00000000FFFFFFFFC6
:1047000000000000000000000000000000000000A9
:104710000000000000000000000000000000000099
:1047200000000000000000000000000096C298D8C1
:104730004539A1F4A033EB2D817D0377F240A463CA
:10474000E5E6BCF847422CE1F2D1176B000000000F
:104750000000000000000000000000000000000059
:104760000000000000000000000000000000000049
:1047700000000000F551BF376840B6CBCE5E316B0C
:104780005733CE2B169E0F7C4AEBE78E9B7F1AFE8B
:10479000E242E34F000000000000000000000000C3
:1047A0000000000000000000000000000000000009
:1047B00000000000000000000000000001000000F8
:1047C000FFFFFFFF7F0000008000000000000000EE
:1047D00000000000FFFFFFFF7F00000080000000DE
:1047E00000000000000000000000000000000000C9
:1047F00000000000000000000000000000000000B9
:1048000000000000000000000000000000000000A8
:104810000000000000000000000000000000000098
:104820000000000000000000000000000000000088
:104830000000000000000000000000000000000078
:104840000000000000000000000000000000000068
:104850000000000000000000000000000000000058
:104860000000000000000000000000000000000048
:104870000000000000000000000000000000000038
:104880000000000000000000000000000000000028
:104890000000000000000000000000000000000018
:1048A0000000000000000000000000000000000008
:1048B00000000000000000000000000000000000F8
:1048C00000010000000100000500000005000000DC
:1048D000534543475F5052494D455F32353652315B
:1048E00000000000FFFFFFFF0000000000000000CC
:1048F000FFFFFFFFFEFFFFFFFFFFFFFFFFFFFFFFC9
:10490000FFFFFFFFFFFFFFFFFFFFFFFFFFFFFFFFB7
:10491000FFFFFFFF0000000000000000000000009B
:10492000000000000000000000000000FCFFFFFF8E
:104930000000000000000000FFFFFFFFFEFFFFFF80
:10494000FFFFFFFFFFFFFFFFFFFFFFFFFFFFFFFF77
:10495000FFFFFFFFFFFFFFFFFFFFFFFF0000000063
:104960000000000000000000000000000000000047
:1049700000000000EF2AECD3EDC8852A9DD12E8AD5
:104980008D3956C65A8713508F081403124181FE81
:104990006E9C1D18192DF8E36B058E98E4E73EE236
:1049A000A72F31B30000000000000000000000004D
:1049B0000000000000000000000000007329C5CCCA
:1049C0006A19ECEC7AA7B048B20D1A58DF2D37F40B
:1049D000814D63C7FFFFFFFFFFFFFFFFFFFFFFFFEB
:1049E000FFFFFFFFFFFFFFFFFFFFFFFF00000000D3
:1049F00000000000000000000000000000000000B7
:104A00000000000000000000B70A7672385E543AD9
:104A10006C2955BF5DF20255382A5482E041F7599E
:104A2000989BA78B623B1D6E74AD20F31EC7B18EA1
:104A300037058BBE22CA87AA0000000000000000D4
:104A40000000000000000000000000000000000066
:104A50005F0EEA907C1D437A9D817E1DCEB1600A77
:104A6000C0B8F0B51331DAE97C149A28BD1DF4F80A
:104A700029DC9292BF989E5D6F2C26964ADE1736EF
:104A80000000000000000000000000000000000026
:104A90000000000000000000010000000000000015
:104AA0000000000080000000000000000000000086
:104AB0000000000000000000800000000000000076
:104AC00000000000000000000000000000000000E6
:104AD00000000000000000000000000000000000D6
:104AE00000000000000000000000000000000000C6
:104AF00000000000000000000000000000000000B6
:104B000000000000000000000000000000000000A5
:104B10000000000000000000000000000000000095
:104B20000000000000000000000000000000000085
:104B30000000000000000000000000000000000075
:104B40000000000000000000000000000000000065
:104B50000000000000000000000000000000000055
:104B60000000000000000000000000000000000045
:104B70000000000000000000000000000000000035
:104B80000000000000000000000000000000000025
:104B90000000000000000000000000008001000094
:104BA0008001000005000000060000005345434757
:104BB0005F5052494D455F33383452310000000098
:104BC000FFFFFFFFFFFFFFFFFFFFFFFFFFFFFFFFF5
:104BD000FFFFFFFFFFFFFFFFFFFFFFFFFFFFFFFFE5
:104BE000FFFFFFFFFFFFFFFFFFFFFFFFFFFFFFFFD5
:104BF000FFFFFFFFFFFFFFFFFFFFFFFFFFFFFFFFC5
:104C0000FF01000000000000FCFFFFFFFFFFFFFFAF
:104C1000FFFFFFFFFFFFFFFFFFFFFFFFFFFFFFFFA4
:104C2000FFFFFFFFFFFFFFFFFFFFFFFFFFFFFFFF94
:104C3000FFFFFFFFFFFFFFFFFFFFFFFFFFFFFFFF84
:104C4000FFFFFFFFFFFFFFFFFF010000000000006C
:104C5000003F506BD41F45EFF1342C3D88DF733596
:104C600007BFB13BBDC052167B937EEC513919563C
:104C7000E109F18E9189B4B8F315B3995B72DAA2A8
:104C8000EE4085B6A0219A921F9A1C8E61B93E957E
:104C90005100000000000000096438911EB76FBB8E
:104CA000AE479C89B8C9B53BD0A509F74801CC7F70
:104CB0006B962FBF83878651FAFFFFFFFFFFFFFF31
:104CC000FFFFFFFFFFFFFFFFFFFFFFFFFFFFFFFFF4
:104CD000FFFFFFFFFFFFFFFFFF01000000000000DC
:104CE0000000000066BDE5C2317E7EF99B426A8508
:104CF000C1B34833DEA8FFA227C11DFE2859E7EF44
:104D0000775E4BA1BA3D4D6B60AF28F821B53F05EA
:104D10003981649C42B4952366CB3E9ECDE9040460
:104D2000B7068E85C6000000000000005066D19FC7
:104D30007694BE8840C272A286703C356107AD3F52
:104D400001B950C54026F45E9972EE972C663E2755
:104D500017BDAF1768449B574944F598D91B7D2C64
:104D6000B45F8A5C04C03B9A786A29391801000054
:104D70000000000001000000000000000000000032
:104D800080000000000000000000000000000000A3
:104D90000000000080000000000000000000000093
:104DA0000000000000000000000000000000000003
:104DB00000000000000000000000000000000000F3
:104DC00000000000000000000000000000000000E3
:104DD00000000000000000000000000000000000D3
:104DE00000000000000000000000000000000000C3
:104DF00000000000000000000000000000000000B3
:104E000000000000000000000000000000000000A2
:104E10000000000000000000000000000000000092
:104E20000000000000000000000000000000000082
:104E30000000000000000000000000000000000072
:104E40000000000000000000000000000000000062
:104E50000000000000000000000000000000000052
:104E60000000000000000000000000000000000042
:104E7000000000000000000009020000090200001C
:104E80000500000007000000534543475F505249AA
:104E90004D455F3532315231000000006D7574654B
:104EA000785F667265652063616C6C656420776904
:104EB0007468204E554C4C20706172616D6574654C
:104EC0007200000043616E277420696E6974696125
:104ED0006C697A65206D757465782C207761732014
:104EE0004E554C4C0D0A000002000000B1F60300C4
:104EF00000000000ADF60300A9F6030091F60300E0
:104F00007FF603002C080000C000000004500500DC
:104F10000C000000010000001000000034500500EB
:104F2000070000000000000049F603002DF6030012
:104F30002DF6030013F6030001F603000200000043
:104F4000F850050003000000A45005000400000014
:104F5000DC5005002B000000C44F05002C000000B1
:104F6000044F05002D000000885005002A000000B5
:104F7000C0500500480000005050050049000000E6
:104F8000A84F05000000000000000000090000001C
:104F9000000000000000000089F5030089F503000F
:104FA00073F5030061F50300490A000000010000E9
:104FB000E04F05000C0000000000000001000000B0
:104FC0008C4F05002B080000800000004A220500DD
:104FD0000C0000000100000010000000345005002B
:104FE00043484143484132302D504F4C59313330C2
:104FF0003500434841434841323000415243342D4B
:10500000313238004145532D3139322D43434D0063
:105010004145532D3235362D454342004145532DF0
:105020003139322D454342004145532D3132382D1F
:1050300045434200020000000000000000000000A4
:1050400075F6030075F603005FF603004DF60300E6
:105050004807000000010000F24F05000C000000AE
:1050600000000000010000006C5005000900000075
:1050700000000000E9F50300CDF50300CDF50300C5
:10508000B7F50300A5F503002D080000000100009E
:10509000062205000C0000000100000010000000C6
:1050A0003450050003010000C00000001C50050042
:1050B000000000000000000010000000E84E0500A5
:1050C0002A07000080000000FB4F050000000000E0
:1050D0000000000001000000204F05000401000056
:1050E000000100001050050000000000000000005A
:1050F00010000000E84E05000201000080000000E2
:105100002850050000000000000000001000000012
:10511000E84E050043540500041440006E54050099
:10512000051C4000C854050007308000080000003E
:105130000700000006000000050000000400000059
:1051400000000000F5540500084080009B54050055
:1051500006204000145105001C5105004C5105006B
:105160002451050044510500765205000800000056
:105170007F5205008852050004000000935205008C
:10518000080000009C520500A75205000500000021
:10519000B452050008000000BD520500C8520500C9
:1051A00006000000D552050008000000DE52050090
:1051B000E952050007000000F65205000800000053
:1051C000FF5205000A53050008000000000000001F
:1051D00000000000000000000000000000000000CF
:1051E000C053050009000000CA530500D85305004C
:1051F00001000000DC53050007000000E453050037
:10520000F3530500020000000254050005000000F1
:1052100008540500105405000300000000000000C1
:10522000000000000000000000000000000000007E
:1052300075530500050000007B53050082530500EF
:10524000210000008A530500080000009353050068
:10525000A053050025000000000000000000000031
:1052600000000000000000000000000025642E2562
:1052700064002E2575002A864886F70D020700680F
:105280006D61635348413100484D41432D534841BE
:105290002D31002A864886F70D020800686D61638B
:1052A00053484132323400484D41432D5348412D3B
:1052B000323234002A864886F70D020900686D6193
:1052C0006353484132353600484D41432D534841E0
:1052D0002D323536002A864886F70D020A00686DA1
:1052E000616353484133383400484D41432D53489E
:1052F000412D333834002A864886F70D020B0068AA
:105300006D616353484135313200484D41432D535F
:1053100048412D353132002B0E03021A0069642DED
:105320007368613100608648016503040204006906
:10533000642D73686132323400608648016503046D
:1053400002010069642D7368613235360060864859
:105350000165030402020069642D73686133383407
:10536000006086480165030402030069642D7368C8
:1053700061353132002B0E0302070064657343422E
:1053800043004445532D434243002A864886F70D87
:105390000307006465732D656465332D63626300E4
:1053A0004445532D454445332D434243002A864806
:1053B000CE3D0301070073656370323536723100EC
:1053C0002A864886F70D01010100727361456E63FC
:1053D00072797074696F6E00525341002A8648CE0C
:1053E0003D02010069642D65635075626C69634B11
:1053F00065790047656E65726963204543206B657A
:1054000079002B8104010C0069642D656344480018
:105410004543206B657920666F7220454344480000
:105420002A8648CE3D04010065636473612D776967
:1054300074682D53484131004543445341207769F6
:1054400074682053484131002A8648CE3D04030148
:105450000065636473612D776974682D5348413228
:1054600032340045434453412077697468205348DF
:1054700041323234002A8648CE3D0403020065637F
:105480006473612D776974682D5348413235360055
:10549000454344534120776974682053484132356D
:1054A00036002A8648CE3D040303006563647361B9
:1054B0002D776974682D534841333834004543448F
:1054C0005341207769746820534841333834002AA7
:1054D0008648CE3D0403040065636473612D7769DB
:1054E00074682D53484135313200454344534120BF
:1054F000776974682053484135313200616E7950C4
:105500006F6C69637900416E7920506F6C696379C3
:10551000002B060105050703010069642D6B702D42
:105520007365727665724175746800544C532057E8
:105530006562205365727665722041757468656E88
:105540007469636174696F6E002B060105050703BA
:10555000020069642D6B702D636C69656E74417512
:10556000746800544C532057656220436C69656E23
:10557000742041757468656E7469636174696F6ED7
:10558000002B060105050703030069642D6B702DD0
:10559000636F64655369676E696E6700436F646526
:1055A000205369676E696E67002B060105050703C6
:1055B000040069642D6B702D656D61696C50726FAC
:1055C00074656374696F6E00452D6D61696C205060
:1055D000726F74656374696F6E002B0601050507B1
:1055E00003080069642D6B702D74696D65537461D7
:1055F0006D70696E670054696D65205374616D70DC
:10560000696E67002B060105050703090069642D13
:105610006B702D4F4353505369676E696E67004F2F
:10562000435350205369676E696E67002B0601046F
:105630000182E425010069642D6B702D7769737513
:105640006E2D66616E2D6465766963650057692D00
:1056500053554E20416C6C69616E636520466965E7
:105660006C642041726561204E6574776F726B20A7
:105670002846414E2900551D130069642D63652D90
:105680006261736963436F6E73747261696E747380
:1056900000426173696320436F6E73747261696E57
:1056A000747300551D0F0069642D63652D6B65795A
:1056B000557361676500551D250069642D63652D6F
:1056C0006578744B657955736167650045787465D5
:1056D0006E646564204B657920557361676500557C
:1056E0001D110069642D63652D7375626A656374AD
:1056F000416C744E616D65005375626A6563742018
:10570000416C74204E616D65006086480186F842E8
:1057100001010069642D6E657473636170652D63AA
:1057200065727474797065004E6574736361706539
:105730002043657274696669636174652054797089
:105740006500551D200069642D63652D63657274C5
:1057500069666963617465506F6C6963696573003C
:10576000436572746966696361746520506F6C6922
:10577000636965730069642D61742D636F6D6D6F6E
:105780006E4E616D6500436F6D6D6F6E204E616D85
:1057900065005504060069642D61742D636F756E94
:1057A0007472794E616D6500436F756E7472790025
:1057B0005504070069642D61742D6C6F63616C6919
:1057C0007479004C6F63616C69747900550408004A
:1057D00069642D61742D73746174650053540055B0
:1057E000040A0069642D61742D6F7267616E697AB5
:1057F0006174696F6E4E616D65004F7267616E69AD
:105800007A6174696F6E004F0055040B0069642D56
:1058100061742D6F7267616E697A6174696F6E6110
:105820006C556E69744E616D65004F726720556EE0
:105830006974004F55002A864886F70D010901005A
:10584000656D61696C4164647265737300452D6DAB
:1058500061696C20616464726573730055040500AE
:1058600069642D61742D73657269616C4E756D622A
:1058700065720053657269616C206E756D62657248
:10588000005504100069642D61742D706F7374618C
:105890006C4164647265737300506F7374616C2043
:1058A00061646472657373005504110069642D614D
:1058B000742D706F7374616C436F646500506F7307
:1058C00074616C20636F6465005504040069642D85
:1058D00061742D7375724E616D65005375726E61E2
:1058E0006D6500534E0055042A0069642D61742DC6
:1058F000676976656E4E616D6500476976656E20F5
:105900006E616D6500474E0055042B0069642D6182
:10591000742D696E697469616C7300496E6974698C
:10592000616C730055042C0069642D61742D6765EA
:105930006E65726174696F6E5175616C69666965D7
:10594000720047656E65726174696F6E2071756172
:105950006C69666965720055040C0069642D617498
:105960002D7469746C65005469746C650055042E5F
:105970000069642D61742D646E5175616C6966698E
:1059800065720044697374696E67756973686564EC
:10599000204E616D65207175616C69666965720084
:1059A0005504410069642D61742D70736575646FD1
:1059B0006E796D0050736575646F6E796D00099234
:1059C000268993F22C6401190069642D646F6D615E
:1059D000696E436F6D706F6E656E7400446F6D61BC
:1059E000696E20636F6D706F6E656E740044430066
:1059F00055042D0069642D61742D756E697175658E
:105A00004964656E74696669657200556E69717581
:105A100065204964656E74696669657200000000FE
:105A2000AD53050008000000B6530500B65305004D
:105A30000300000000000000000000000000000063
:105A40000000000000000000765605000300000082
:105A50007A5605009156050000010000A356050086
:105A600003000000A7560500D556050004000000FD
:105A7000B656050003000000BA560500CC560500D6
:105A800000080000DF56050003000000E356050093
:105A9000F856050020000000095705000900000025
:105AA0001357050028570500000001004257050064
:105AB000030000004657050060570500080000007D
:105AC00000000000000000000000000000000000D6
:105AD00000000000205405000700000028540500C5
:105AE0003854050004040000485405000800000074
:105AF0005154050063540500050400007554050069
:105B0000080000007E5405009054050006040000C3
:105B1000A254050008000000AB540500BD54050068
:105B200007040000CF54050008000000D854050009
:105B3000EA54050008040000000000000000000016
:105B4000000000000000000000000000D05B050025
:105B5000A05B0500705B050065636B65792E5100E5
:105B600045434453410045435F44480045430000DA
:105B700004000000605B05007F080400A508040025
:105B800055090400010904000000000000000000A5
:105B9000D5080400D9080400EF08040085080400B3
:105BA00003000000665B05007F08040099080400FC
:105BB00000000000000000000000000000000000E5
:105BC000D5080400BF080400AD08040085080400DF
:105BD000020000006C5B05007F08040073080400ED
:105BE000790904000B090400000000000000000017
:105BF000D5080400BF080400AD08040085080400AF
:105C00002A8648CE3D0101002A864886F70D010507
:105C10000D002D2D2D2D2D454E4420454320505255
:105C20004956415445204B45592D2D2D2D2D002DE4
:105C30002D2D2D2D424547494E2045432050524998
:105C400056415445204B45592D2D2D2D2D002D2DE0
:105C50002D2D2D454E442050524956415445204B40
:105C600045592D2D2D2D2D002D2D2D2D2D42454706
:105C7000494E2050524956415445204B45592D2DEF
:105C80002D2D2D002D2D2D2D2D454E4420454E43DF
:105C90005259505445442050524956415445204B86
:105CA00045592D2D2D2D2D002D2D2D2D2D424547C6
:105CB000494E20454E435259505445442050524974
:105CC00056415445204B45592D2D2D2D2D002D2D60
:105CD0002D2D2D454E44205055424C4943204B45D7
:105CE000592D2D2D2D2D002D2D2D2D2D4245474982
:105CF0004E205055424C4943204B45592D2D2D2DBA
:105D00002D0050726F632D547970653A20342C4504
:105D10004E43525950544544007F7F7F7F7F7F7FA1
:105D20007F7F7F7F7F7F7F7F7F7F7F7F7F7F7F7F83
:105D30007F7F7F7F7F7F7F7F7F7F7F7F7F7F7F7F73
:105D40007F7F7F7F3E7F7F7F3F3435363738393ADC
:105D50003B3C3D7F7F7F407F7F7F00010203040546
:105D6000060708090A0B0C0D0E0F1011121314155B
:105D7000161718197F7F7F7F7F7F1A1B1C1D1E1F20
:105D8000202122232425262728292A2B2C2D2E2F9B
:105D9000303132337F7F7F7F7F2A864886F70D013F
:105DA000050C00000000000022AE28D7982F8A4280
:105DB000CD65EF23914437712F3B4DECCFFBC0B540
:105DC000BCDB8981A5DBB5E938B548F35BC2563940
:105DD00019D005B6F111F1599B4F19AFA4823F922A
:105DE00018816DDAD55E1CAB420203A398AA07D8CE
:105DF000BE6F7045015B83128CB2E44EBE853124C8
:105E0000E2B4FFD5C37D0C556F897BF2745DBE7221
:105E1000B196163BFEB1DE803512C725A706DC9B86
:105E2000942669CF74F19BC1D24AF19EC1699BE46B
:105E3000E3254F388647BEEFB5D58C8BC69DC10F85
:105E4000659CAC77CCA10C2475022B596F2CE92DE5
:105E500083E4A66EAA84744AD4FB41BDDCA9B05C7D
:105E6000B5531183DA88F976ABDF66EE52513E986E
:105E70001032B42D6DC631A83F21FB98C82703B05E
:105E8000E40EEFBEC77F59BFC28FA83DF30BE0C63B
:105E900025A70A934791A7D56F8203E05163CA06ED
:105EA000706E0E0A67292914FC2FD246850AB7277F
:105EB00026C9265C38211B2EED2AC45AFC6D2C4DB8
:105EC000DFB3959D130D3853DE63AF8B54730A65B2
:105ED000A8B2773CBB0A6A76E6AEED472EC9C2810E
:105EE0003B358214852C72926403F14CA1E8BFA269
:105EF000013042BC4B661AA89197F8D0708B4BC208
:105F000030BE5406A3516CC71852EFD619E892D18F
:105F100010A96555240699D62A20715785350EF4A7
:105F2000B8D1BB3270A06A10C8D0D2B816C1A419BB
:105F300053AB4151086C371E99EB8EDF4C774827E5
:105F4000A8489BE1B5BCB034635AC9C5B30C1C3931
:105F5000CB8A41E34AAAD84E73E363774FCA9C5B6E
:105F6000A3B8B2D6F36F2E68FCB2EF5DEE828F74E9
:105F7000602F17436F63A57872ABF0A11478C884C3
:105F8000EC39641A0802C78C281E6323FAFFBE90FE
:105F9000E9BD82DEEB6C50A41579C6B2F7A3F9BE59
:105FA0002B5372E3F27871C69C6126EACE3E27CA73
:105FB00007C2C021C7B886D11EEBE0CDD67DDAEA94
:105FC00078D16EEE7F4F7DF5BA6F1772AA67F00633
:105FD000A698C8A2C57D630AAE0DF9BE04983F110C
:105FE0001B471C13350B711B847D0423F577DB28BD
:105FF0009324C7407BABCA32BCBEC9150ABE9E3CC7
:106000004C0D109CC4671D43B6423ECBBED4C54C5C
:106010002A7E65FC9C297F59ECFAD63AAB6FCB5FA0
:106020001758474A8C19446C6374782063616E6E0C
:106030006F74206265204E554C4C000021212121B7
:1060400043434D20636F6E74657874206973204EEE
:10605000554C4C2121210A000000000000000000E6
:1060600080000000FBFFFFFFFFFFFFFFFFFFFFFFC0
:10607000FFFFFFFF03000000050000000900000013
:1060800006000000070000000900000009000000F1
:1060900009000000080000000900000009000000DD
:1060A00009000000090000000202030304040405C3
:1060B000060700FFFFFFFFFFFFFF02FFFFFF0800D3
:1060C00000900040280000000500000000000000D3
:1060D00000900040280000000500000000000000C3
:1060E0004411004000000000000000000109010010
:1060F000101100400000000000000000000001003E
:10610000D8ECF0F4F8FC00020304050607080512B9
:1061100000000000FFFF0000D19A0400A5A00400C9
:10612000D59C040000000000FD9A0400D5A00400E6
:10613000000000001D9B040055A0040000000000AA
:106140005465726D696E616C00525454005345473A
:10615000474552000000000000010100000000005F
:10616000600100205245454E54206D616C6C6F6398
:1061700020737563636565646564002F6D6E742FAD
:10618000776F726B73706163652F776F726B73706B
:106190006163652F4743432D392D706970656C69C4
:1061A0006E652F6A656E6B696E732D4743432D399B
:1061B0002D706970656C696E652D3230305F3230DC
:1061C0003230303532315F31353930303533333775
:1061D000342F7372632F6E65776C69622F6E6577EB
:1061E0006C69622F6C6962632F7374646C69622FCF
:1061F00072616E642E63002C2066756E6374696F25
:106200006E3A2000617373657274696F6E20222587
:106210007322206661696C65643A2066696C65204A
:10622000222573222C206C696E6520256425732538
:10623000730A000020202020202020202028282849
:10624000282820202020202020202020202020203E
:106250002020202088101010101010101010101086
:1062600010101010040404040404040404041010A6
:106270001010101010414141414141010101010143
:1062800001010101010101010101010101010110EF
:106290001010101010424242424242020202020218
:1062A00002020202020202020202020202020210C0
:1062B000101010200000000000000000000000008E
:1062C00000000000000000000000000000000000CE
:1062D00000000000000000000000000000000000BE
:1062E00000000000000000000000000000000000AE
:1062F000000000000000000000000000000000009E
:10630000000000000000000000000000000000008D
:10631000000000000000000000000000000000007D
:10632000000000000000000000000000000000006D
:1063300000000000232D302B2000686C4C006566A7
:1063400067454647003031323334353637383941C6
:1063500042434445460030313233343536373839DC
:1063600061626364656600000000000000000000D8
:10637000000000000000000000000000000000001D
:10638000000000000000000000000000000000000D
:1063900000000000000000000000000000000000FD
:1063A00000000000000000000000000000000000ED
:1063B00000000000000000000000000000000000DD
:0C63C000000000000000000000000000D1
:0863CC00749EFA7F010000003D
:1063D40001234567891576283094580379614289E9
:1063E400160435279453126870428657390127934F
:1063F400806415704691325801234567891234062A
:1064040078952340178956340128956740123956E8
:106414007859876043216598710432765982104314
:1064240087659321049876543210043215678900E5
:106434000600000007000000000000002BC0000060
:106444002CC0000000000000030000000800000051
:106454000700000006000000050000000400000022
:1064640000000000C911000001000000931A0000A0
:1064740001000000D1030000010000000100000041
:10648400E4000020E8000020E0000020B400002028
:1064940000000000F5C3030064F6002001000000C2
:1064A40069C4030045C4030089C4030025C4030070
:1064B40004010020C8000020FC00002000000000AF
:1064C400F400002068F60020010000006CF60020B3
:1064D4000100000070F60020010000006D120400AD
:1064E400691204004D7C0400417C0400597C0400C2
:1064F400657C04000D0000000D0000001200000087
:10650400050000000000000001010F070101100652
:10651400010118050F100500FF0000000000000035
:10652400A78E0400D20000000090D0036001002078
:106534000000000088630500A86305006863050087
:106544000000000000000000000000000000000047
:106554000000000000000000000000000000000037
:106564000000000000000000000000000000000027
:106574000000000000000000000000000000000017
:106584000000000000000000000000000000000007
:086594002502000001020000D5
:040000034000CA29C6
:00000001FF
