:10000000C0930020D177000067C60100BD770000D3
:10001000BD770000BD770000BD7700000000000044
:10002000000000000000000000000000B1790000A6
:10003000BD770000000000007D790000BD77000062
:10004000617B0000FFEB0100617B0000617B000031
:10005000617B0000617B0000617B0000617B000030
:10006000B5EB0100617B0000617B0000E9EB010062
:10007000617B0000617B0000617B0000617B000010
:10008000617B0000617B0000617B0000617B000000
:10009000617B0000617B0000617B0000617B0000F0
:1000A000617B0000617B0000617B0000617B0000E0
:1000B000617B0000617B0000617B0000617B0000D0
:1000C000617B0000617B0000617B0000617B0000C0
:1000D000617B0000617B0000617B0000617B0000B0
:1000E000617B0000617B0000617B0000617B0000A0
:1000F000617B0000617B0000617B0000617B000090
:1001000001F0FF01102A2BDB10F0070F08D010F8C8
:10011000013B013A8B422DD010F0070F42B3F6D1CC
:10012000F0B441EA012141EA014122F007047FF0E5
:1001300000070023F0E80256083C85EA010586EA3C
:10014000010685FA47F5A3FA87F586FA47F6A5FA78
:1001500087F68EB9EED1F0BC01F0FF0102F0070284
:1001600032B110F8013B013A83EA010313B1F8D12F
:100170000020704701387047002D06BF3546033810
:10018000073815F0010F07D1013015F4807F02BF49
:10019000013015F4C03F0130F0BC0138704700BF9A
:1001A0007BB972B90029BEBF00204FF0004106E0C4
:1001B00008BF00281CBF6FF000414FF0FF3000F077
:1001C00057B8ADF1080C6DE904CE002909DB002B0E
:1001D0001ADB04F0E7F8DDF804E0DDE9022304B0FF
:1001E0007047404261EB4101002B1BDB04F0DAF861
:1001F000DDF804E0DDE9022304B0404261EB410197
:10020000524263EB43037047524263EB430304F0F3
:10021000C9F8DDF804E0DDE9022304B0404261EBF7
:1002200041017047524263EB430304F0BBF8DDF831
:1002300004E0DDE9022304B0524263EB430370475C
:1002400053B94AB9002908BF00281CBF4FF0FF313D
:100250004FF0FF3000F00CB8ADF1080C6DE904CEA2
:1002600004F0A0F8DDF804E0DDE9022304B07047F3
:10027000704700BF2DE9F14F03F11C0402EB840C21
:100280004FEA930B8A68CB680868496800F046F922
:100290003CE9F0006040694072407B400BF1060E83
:1002A0004EE083EA134480EA134582EA134746BAD4
:1002B00096EA3444604000F00F1684EA063420F0D9
:1002C0000F1684EA161054BA94EA0106724002F03E
:1002D0000F1486EA043622F00F1486EA14124CBA80
:1002E0006540694001F00F1485EA043521F00F14D0
:1002F00085EA14115CBA67407B4003F00F1487EA6B
:10030000043723F00F1487EA141344BA44404DBA5B
:100310004D4056BA56405FBA5F4087EA174886EAB2
:10032000174B84EA17464FEA38488BEA1B4485EAA4
:100330001B4788EA1B4580EA3440694072407B4095
:1003400000F0703400F0803500F00F3040EA4400D7
:1003500040EAD50080EA900404F0332480EA840067
:10036000604001F0703401F0803501F00F3141EA56
:10037000440141EAD50181EA910404F0332481EA81
:100380008401614002F0703402F0803502F00F32D7
:1003900042EA440242EAD50282EA920404F033249B
:1003A00082EA8402624003F0703403F0803503F087
:1003B0000F3343EA440343EAD50383EA930404F08A
:1003C000332483EA84036340C943DB4381EA0004A6
:1003D00083EA044686EA020183EA014382EA33455E
:1003E00083EA14435C4084EA00077FEA040A8AEA4D
:1003F000024A8AEA010B87EA11488AEA374A80EA08
:10040000060181EA1A418AEA030A04EA0A00454021
:1004100088EA040707EA0B0041408AEA0B0608EA6B
:10042000060084EA34428AEA3A4602EA0603584061
:100430004540414087EA37438BEA3B4003EA0009E5
:1004400085EA090582EA0309464006EA0906714081
:1004500085EA010005EA3546464006EA314181EA6F
:10046000304181EA364606EA304686EA354634406F
:100470000F4086EA010508EA050886EA3640024090
:1004800088EA020881EA314213405C4080EA0203B4
:1004900009EA030987EA0907674088EA040806EAC7
:1004A0000A0601EA0B018AEA0B0425408AEA3A446B
:1004B000204045408BEA3B4B02EA0B02564084EA5F
:1004C0000B04234059406E40694087EA364080EA79
:1004D000384080EA060380EA104481EA134585EA41
:1004E000344585EA17427D4082EA354180EA05407D
:1004F0003CE9F0006040694072407B40BEF1010E73
:100500003FF6CFAE20BC00F05FF828606960AA60BB
:10051000EB60BDE8F08F00BF00F000BA80EA101475
:1005200004F0F01480EA0410604081EA111404F031
:10053000F01481EA0411614082EA121404F0F0140C
:1005400082EA0412624083EA131404F0F01483EA8E
:100550000413634080EA102404F47F4480EA0420FA
:10056000604081EA112404F47F4481EA042161405F
:1005700082EA122404F47F4482EA0422624083EA7D
:10058000132404F47F4483EA0423634081EA500483
:1005900004F0553480EA4400614083EA520404F0D8
:1005A000553482EA4402634082EA900404F0333412
:1005B00080EA8400624083EA910404F0333481EAE3
:1005C00084016340704700BF82EA900404F0333432
:1005D00080EA8400624083EA910404F0333481EAC3
:1005E0008401634081EA500404F0553480EA4400F9
:1005F000614083EA520404F0553482EA44026340C5
:1006000080EA102404F47F4480EA0420604081EAF8
:10061000112404F47F4481EA0421614082EA122417
:1006200004F47F4482EA0422624083EA132404F43F
:100630007F4483EA0423634080EA101404F0F0143A
:1006400080EA0410604081EA111404F0F01481EA99
:100650000411614082EA121404F0F01482EA0412D8
:10066000624083EA131404F0F01483EA0413634035
:10067000704700BF2DE9F14F94464FEA930B8A680B
:10068000CB6808684968FFF749FF0BF1060E33E0B5
:1006900083EA134480EA134582EA134746BA96EA8E
:1006A0003444604000F00F1684EA063420F00F1640
:1006B00084EA161054BA94EA0106724002F00F144C
:1006C00086EA043622F00F1486EA14124CBA65400A
:1006D000694001F00F1485EA043521F00F1485EA12
:1006E00014115CBA67407B4003F00F1487EA0437AB
:1006F00023F00F1487EA1413BCE8F000604069404F
:1007000072407B4000F0E03400F0103500F00F3014
:1007100040EA540040EAC50080EA900404F0332423
:1007200080EA8400604001F0E03401F0103501F00F
:100730000F3141EA540141EAC50181EA910404F014
:10074000332481EA8401614002F0E03402F0103584
:1007500002F00F3242EA540242EAC50282EA9204EF
:1007600004F0332482EA8402624003F0E03403F0B0
:10077000103503F00F3343EA540343EAC50383EA19
:10078000930404F0332483EA8403634081EA32470C
:1007900087EA134581EA354690EA060484EA034B6A
:1007A00082EA1B4280EA044484EA054483EA144A4C
:1007B00085EA14448BEA044B84EA374481EA0B410E
:1007C00081EA164104EA0A00454082EA04082BEA5D
:1007D000080041408AEA0B0602EA060084EA344334
:1007E0008AEA3A4603EA060778404540414088EAEB
:1007F00038478BEA3B4007EA000985EA090583EAA6
:100800000709464006EA0906714085EA010005EA43
:100810003546464006EA314181EA304181EA3646B2
:1008200006EA304686EA3546344008EA010886EA98
:1008300001052A4086EA364003405A4081EA3143A6
:100840001F407C4080EA030709EA070988EA090893
:10085000544088EA020806EA0A0601EA0B018AEA1D
:100860000B0215408AEA3A42104045408BEA3B4071
:1008700003405E404240174079404D404E40E443C3
:10088000F64386EA18435D4085EA054083EA134350
:1008900086EA034183EA384284EA114383EA044347
:1008A0005FEA3343BEF1010E3FF6F2AE1ED4BCE860
:1008B000F0006040694072407B4020BCFFF784FE3E
:1008C00028606960AA60EB60BDE8F08F2DE9E04127
:1008D0004FF2F00280EA1031114080EA01304840C6
:1008E00041088208C3084FF0000E4FE700F01130B6
:1008F00001F0113102F0113203F0113340EA4100EE
:1009000040EA820040EAC3004FF2F00280EA103170
:10091000114080EA01304840BDE8E0812DE9F04F08
:1009200002F11C050646074600EB850851F8040B4A
:10093000043A46F8040BF9D14FF0010CFFF7C6FF5B
:100940005FEA302080EA0C001ECF41404A4053400D
:100950005C401EC62000464517D04FEA4C0C1CF4E4
:10096000807F18BFACF1E50C2C2DE7D03C2D06D1D3
:10097000FFF7ACFF06CF41404A4006C6100006CF45
:1009800041404A4006C61000D8E736E90F00FFF79D
:10099000C5FD043D86E80F00F7D1BDE8F08F00BF2C
:1009A00030B44FF0000310F8014B11F8015B013A2D
:1009B00084EA050443EA0403F5D1A3F101034FEAF5
:1009C000D37030BC704700BF4FF0000310F8012B0C
:1009D000013943EA0203F9D1A3F101034FEAD370CD
:1009E000704700BF30B411F8014B12F8015B6C4046
:1009F00000F8014B013BF6D130BC7047014B1B683E
:100A00005B68184700000020014B1B68DB68184733
:100A100000000020014B1B681B69184700000020E4
:100A2000014B1B685B69184700000020014B1B68E5
:100A30009B69184700000020014B1B68DB691847C1
:100A400000000020014B1B689B6A18470000002033
:100A5000014B1B681B6B184700000020014B1B68F3
:100A6000DB6B18470000002010B4034C2468A46816
:100A7000A44610BC604700BF00000020014B18785E
:100A8000704700BFC40D0020042810B511D883B1F1
:100A900004280CBF10242824A1420AD2064C54F882
:100AA000200018B141568A42A8BF0A461A70002099
:100AB00010BD6FF01500FBE78007002030B503463E
:100AC000114890F91C209A4219DD90F924209A428D
:100AD00017DA9A1A846AA05C0C4A15569D420DD00A
:100AE0000E32002918BF01309442C0B206D129B19C
:100AF000013BDBB2012B01D80130C0B230BD0D206B
:100B0000FCE70020FAE700BF80070020384402001D
:100B100008B5054B93F91C30984203DAFFF7CEFF76
:100B2000024B1B56184608BD8007002038440200BF
:100B300010B51C4C94F82C3073B9012384F82C3078
:100B400004F0EAF848B1184BA362D823236284F872
:100B500024300823A361237710BD04F0F2F80028A5
:100B6000F1D104F0F7F80028EDD104F0BAF838B16B
:100B70000E4BA362D823236284F824300423E9E7D0
:100B800004F0B8F80028F3D104F0BDF80028EFD144
:100B900004F0CBF80028EBD140F2BB11742002F036
:100BA000A1FF00BF800700207344020046440200FA
:100BB000034610B3007888B91A79012A1ED85A79E9
:100BC000012A1BD89A680E49643A8A4216D8D86816
:100BD0000C4B98422CBF00200120704701280CD1FB
:100BE0001A79012A09D85A79012A06D8DA680449FB
:100BF000643A8A4201D89868EAE70020704700BF4B
:100C00003C8601000040420F10B5054C236813B12B
:100C1000984700232360BDE8104001F06DBE00BF7F
:100C2000B00700202DE9F8438846074680B300F05E
:100C300037F84FF0000905465FFA89F6AE420AD24E
:100C4000304600F033F890F8264009F10109002CF5
:100C5000F2D1FF2E03D16FF00B00BDE8F8833046D0
:100C600000F024F80546848480F8264080F8286047
:100C700001460A4801F0E6FF202885F827000AD03F
:100C800001232F6285F82630204688F80060E4E7CB
:100C90006FF01500E1E76FF02200DEE77F4800000B
:100CA000014B1879704700BFB4070020054B1A7933
:100CB000824283BF1B6800EB400003EB0010002062
:100CC000704700BFB407002010B510F003040A46B7
:100CD0000BD107490A71086030B102EB42021201E0
:100CE000214603F097F8204610BD6FF00D00FBE79A
:100CF000B407002043F60952C0F3080302FB03F3D4
:100D0000400A03F5807302FB00F000EB53207047AC
:100D100043F6095CC0F3080210B50CFB02F2C0F305
:100D20004E24030E43EA01230CFB04F0090E02F5E6
:100D300080724FEA411C00EB52205A01B2EB030EC5
:100D40004CEAD36C6CEB01044FEA841C4FEA8E1220
:100D5000B2EB0E024CEA9E6C6CEB040C4FEACC0C2E
:100D60004CEA527CD200D31841EB0C01DA03C903E0
:100D7000801841EA534141F1000110BD430B48F294
:100D8000376C0CFB03F34FEA134C00B5104B43F6E2
:100D9000095E0EFB1C0000FB03F35B0D0EFB03FE64
:100DA00003EB4C230EF5745C0CF1080CB0EB5C2FDC
:100DB00008D80EF5807EA0EB5E20C0B20B601070EC
:100DC0005DF804FB013300200B6010705DF804FB3C
:100DD0006F0C0100F8B5274DA94246D8264E274F83
:100DE000450F45EAC105A6FB0514C0F34F31A40B1E
:100DF00001EB054107FB1411A6FB0151890B41EAE8
:100E000004411F4C04FB110448F2376C600B0CFBCF
:100E100000F04FEA104C43F6095E1A480EFB1C45E1
:100E200005FB00F0400D0EFB00FE00EB4C200EF524
:100E3000745C0CF1080CB5EB5C2F12D80EF5807EBB
:100E4000A5EB5E2E5FFA8EFE069D85F800E00D068E
:100E500028184FEA112141F100011860596014600F
:100E6000F8BD01304FF0000EEEE796219B2002F016
:100E700039FE00BFFF7F841E83DE1B43000024F485
:100E80000080841E6F0C0100420B48F2376303FBA5
:100E900002F2120C43F6095C074B0CFB120101FB3A
:100EA0000333013B5B0D0CFB03FC5002B1EB5C2FE9
:100EB00088BF0130184470476F0C010010B5094A13
:100EC00092F80034202B03D15021022002F00AFEB8
:100ED000590102EB4313BDE81040525858680421F1
:100EE000104700BFC007002008B501B3F0B14FF0B4
:100EF000FF331A46E0FB01320E498A4203D97121C1
:100F00006D2002F0EFFD180D40EA0230C3F30F131D
:100F10004FF22441B0FBF1F203EB0040064B03FB20
:100F20001200B0FBF1F040EA0240013008BD084673
:100F3000FCE700BF3F420F00000024F4014B58883B
:100F4000704700BFFC0B002010B5EFF3108472B6A1
:100F5000064A93790133DBB293719379012B01D166
:100F600003F062FE04B962B610BD00BFFC0B0020A6
:100F700070B50C4C267866B90125A0602570FFF786
:100F8000E3FF00F04BFA30B94FF080432573C3F80C
:100F90000453002070BDA368002BFAD09847A660C8
:100FA000F7E700BFFC0B002038B5FFF7CDFF00F0DE
:100FB00035FA094C4FF0804540B103F022FE012381
:100FC0002B61042363730023A37338BD032363736E
:100FD0000123C5F80433F6E7FC0B002010B5EFF34E
:100FE000108472B60A4B9A7922B94FF496716D202B
:100FF00002F078FD9A79013AD2B29A719A791AB9C7
:10100000DB7B0BB900F0F8F904B962B610BD00BF84
:10101000FC0B002008B5054B1A7822B100221A7388
:101020001A70FFF7DBFF002008BD00BFFC0B00209B
:1010300073B51B4D2B7F63B9286A00F0030003F0E2
:101040000DFE30B1EFF3108372B66A7B1AB103B9AB
:1010500062B602B070BD01226A7303B962B64FF086
:1010600080430822C3F808234FF42073ADF80630FC
:10107000BDF80640A4B2631E9BB2ADF80630002C4A
:10108000F6D14FF080460748C6F80C4103F00BFE3E
:1010900085F82540FFF788FF0823C6F80433D8E712
:1010A000FC0B0020200C00202DE9F041384C94F876
:1010B0002630002B69D04FF08043D3F80071D3F86D
:1010C000046157B10122C3F80823237B2BB1A36825
:1010D000002525730BB19847A5604EB14FF08043B2
:1010E0000022C3F804210222C3F80823FFF7A0FF5F
:1010F0004FF080462748D6F80C8194F82550EDB281
:1011000003F0D5FD20B140F2C5116D2002F0EAFCDC
:1011100047B1637B032B05D10423637303F071FD97
:1011200001233361B8F1000F16D04FF08043002245
:10113000C3F80C21637B042B02D040F2D711E4E703
:1011400003F011FEC0B14FF080430022C3F8342CED
:1011500002236373FFF742FF4DB1002384F825306B
:10116000637B022B01D1FFF71FFFFFF737FFBDE8BD
:10117000F041084803F0AABD03F0D7FD0028E2D1F2
:1011800003F0E8FD0028DED1E2E7BDE8F08100BF12
:10119000FC0B0020200C002010B5044C206A00F04D
:1011A000030003F05BFD0028F8D010BDFC0B00200D
:1011B000F8B5054650B10278042A07D8437842B9F9
:1011C000013B1F2B02D88378212B07D96FF0150024
:1011D00076E0002BFAD18378002BF7D1814B0127E1
:1011E000C3F88070BFF34F8FBFF36F8F4FF080460F
:1011F000C3F880717C4C4FF0FF33C6F808330023EE
:10120000C6F80031C6F80431C6F80C31A371AB88BA
:10121000A38003F00EFD08B12770A771D6F80C2447
:10122000D6F80C34D20303D5DF0701D500F0F0F86F
:1012300040F2F55363802B78A9782377002222624D
:101240002174A273042B4ED8DFE803F005033B4959
:101250004B000123236203F0F3FC00284ED003F07F
:10126000F6FC236A03F00303984247D1AB79002BC5
:101270003ED1FFF791FF237C6BB12B785BB900F077
:10128000CDF8054602F0E4FC6FF00043002D00F0BD
:10129000A580C4E905034FF08043D3F80C24D3F8AC
:1012A0000C34D20303D5DB0701D500F0B1F84D4A69
:1012B00001230020607384F82630C2F88031136067
:1012C000F8BDFFF741FE4FF08043D3F80C14D3F87C
:1012D0000C24CE03F9D5D007F7D50223BAE7434B48
:1012E000B8E7434BB6E740F216316D2002F0FAFB47
:1012F0004FF080430222C3F80423BCE74FF0804341
:101300000122DA600022C3F80421226AC3F81825FA
:1013100003F0E7FC10B34FF080534FF08042D3F856
:101320004432C3F34233C2F83C3503F0DAFC10B365
:101330004FF080430122C3F84C254FF08043012237
:101340009A600222C3F80423AA79002A93D1D3F821
:10135000042391071CD440F2CD21C6E703F0CAFC58
:101360000028D8D103F0CFFC0028D4D103F0DDFC55
:101370000028D0D1D9E703F0BDFC0028D8D103F074
:10138000C2FC0028D4D103F0D0FC0028D0D1D4E78F
:10139000184A1669116941F010011161D3F804313E
:1013A00006F010060BB903F0ECFC4FF08047D7F8BD
:1013B000043183B1FFF7F0FE26B90E4A136923F01A
:1013C000100313614FF080430222C3F80823002268
:1013D000C3F804214FE703F0D2FCE8E7C4E9053085
:1013E00059E700BF00E100E0FC0B00200100020013
:1013F0000100030000ED00E04FF080420123536044
:101400000023C2F80031014A13707047230C0020FA
:10141000014B01221A707047230C00204FF08043CB
:10142000D3F8003123B9034B187800F0010070475E
:101430000120FAE7230C0020094B4FF0FF32C3F8DC
:1014400008230022C3F84025C3F84021C3F84425EF
:10145000C3F84421C3F84825C3F84821704700BFAA
:1014600000800040084B094A1B78012B16BF4FF43F
:1014700040314FF400310023C2F84813C2F808137A
:101480000BB9C2F840317047280C002000B0004072
:1014900070B5EFF3108472B6094A0A4B0025D2F8F2
:1014A0000415D2F804612EB1596801315960C2F8AF
:1014B0000451F4E75B6804B962B6C0E9001370BD7B
:1014C00000B00040280C0020094BD3F80435C01AA6
:1014D00020F07F4323F001033BB120F07F40B0F5C3
:1014E000000F8CBF0220002070470120704700BF12
:1014F00000B00040104B4FF40062C3F88020BFF3EF
:101500004F8FBFF36F8FC3F880210C4B01225A60BD
:101510009A60D3F80425002AFBD10949C3F80813BF
:101520004FF44031C3F84813C3F84021C3F84421B5
:10153000C3F80421704700BF00E100E000B00040A4
:101540000200030008B5144BD3F8042522F003026F
:10155000C3F80425D3F8082542F00302C3F8082590
:10156000102292FAA2F2B2FA82F2092A04DD0B48A2
:1015700040F2913102F0ACFAC3F810250122DA6092
:10158000074A9268C3F80022064B4FF48072C3F8F2
:1015900080211A6008BD00BF0080004099650200EC
:1015A000280C002000E100E008B50A4B4FF48072DF
:1015B000C3F88020BFF34F8FBFF36F8F0649C3F886
:1015C000802101204860FFF737FF044B08610022AB
:1015D0001A7308BD00E100E000800040280C0020E4
:1015E00010B5234C0023FF224FF0FF314FF0FF30A6
:1015F000C4E90401237062736360FFF7D5FFFFF74E
:1016000079FF1C4B4FF400621A60A1691A4A31B984
:1016100001231360184B0222C3F8042310BD174B9B
:101620001748C3F8A805C3F8AC15C3F85C294FF4F4
:101630000022C3F80425134A0521C2F840150121F0
:101640001160D2F840110029FBD04FF40021C3F8FB
:10165000081501215160D1600021C2F84011C2F883
:101660004015C3F8A815C3F8AC15C3F8AC15D1E7FD
:10167000280C002000E100E000B0004000F0014034
:101680004081004000800040014BD3E904017047D5
:10169000280C0020014BD3F80405704700B000402F
:1016A00013B56846FFF7F4FEDDE90004FFF722FBFF
:1016B000024B0021E4FB030102B010BD0080841E38
:1016C000B1F1FF3F08BFB0F1FF3F2DE9F041424CBF
:1016D00005460E463AD1414DD5F800318BB3404E08
:1016E000404BC6F80835FFF7BDFE4FF00008012358
:1016F000A36084F80D80FFF757FFFFF723FF3A4BF5
:10170000C5F80081394FC6F8A8354FF40023C6F854
:10171000AC75C6F8043503F0B1FAD5F800312BB139
:101720000123C5F800817B60FB60F4E7013041F1E3
:1017300000010223C4E904012370FF236370BDE8A4
:10174000F08103F09BFAC51C41F10006D4E9047353
:10175000B34208BFAF42F2D0214B224AC3F808255A
:10176000FFF780FE1D4A4FF4803125F07F480023AB
:10177000C2F808134046C2F84813C2F84031FFF7D8
:10178000A3FE20B140F226316C2002F0ABF9C2F882
:101790004085C2F844132378012B06D127F07F47F8
:1017A0003846FFF791FE0128FAD000230127637322
:1017B000A760FFF7F9FEFFF7C5FE094B27704FF052
:1017C0000042C3F8042504236370044BC4E90456A3
:1017D000C3F84873B3E700BF280C002000B00040F6
:1017E00000F001400000088000B10040008000408F
:1017F000032870B52D4B06D9011FC9B201292FD975
:1018000040F276310BE0D3E90441B1F1FF3F08BF6C
:10181000B4F1FF3F06D11B7B23B940F255316C2058
:1018200002F060F92249234D00F1100401238000E9
:1018300003FA04F4C5F808430B5000F1804101F5A8
:101840000041D1F84005101A022805DDC1F84025F5
:10185000C5F80443012002E00020C1F8400570BD36
:101860001C782CB15B78834202D140F27231D6E70A
:10187000114B124E22F07F458A0013444FF48034FE
:101880008C400022C6F808432846C6F848431A6030
:10189000FFF71AFE40B901F5A87146F82150C6F8C5
:1018A0000443C6F84443D5E71046D8E7280C002087
:1018B000408000400080004040B1004000B0004047
:1018C00008B520B14FF461716C2002F00BF90148AA
:1018D00008BD00BF40810040032837B508D9041F68
:1018E000E4B2012C19D940F2CA316C2002F0FAF8A6
:1018F000234900F1100201239340C1F8083300F599
:10190000A873002241F823201E4B81005A5053F83F
:1019100020300093009B03B030BD1B4D2B7893B15A
:101920006A7882420FD1194A1949C2F80815012B69
:1019300001D1FFF739FE00232B704FF0FF324FF03B
:10194000FF33C5E90423134A4FF48033A340C2F8A0
:101950000833C2F8483304F5A87352F82300FFF7A0
:10196000B3FD012818BF0C4B22B24FEA84041CBF00
:1019700000211951084B53F822300193019BCAE70B
:101980000080004040810040280C002000F0014011
:101990000000088000B0004040B1004010B50A4B84
:1019A0000446012210B1C3F8442310BDC3F84823F4
:1019B000FFF7FAFD054B4FF0FF304FF0FF31C3E961
:1019C00004011C70F1E700BF00B00040280C0020AB
:1019D0001F4A08B5D2F80433D90311D5D2F84031E3
:1019E00073B10023C2F84031D2F84005FFF76CFD17
:1019F00030B14FF48033C2F80833042001F08EFC7C
:101A0000134AD2F804339B0311D5D2F8443173B191
:101A10000023C2F84431D2F84405FFF755FD30B138
:101A20004FF40033C2F80833052001F077FC084B6F
:101A3000D3F8042132B10022C3F80421054A5368C7
:101A400001335360044B4FF40062C3F8802108BD9A
:101A500000B00040280C002000E100E038B5364C12
:101A6000637BFF2B64D0237883B10122022B227386
:101A700019D1324B4FF40022C3F8082500232370FC
:101A80004FF0FF324FF0FF33C4E904232C4BD3F85F
:101A9000042310030DD5D3F84C2152B140F20F416D
:101AA0006C2002F01FF8022360782370FFF714FF08
:101AB000ECE7D3F8042351030DD5D3F8483153B1E3
:101AC0000220FFF709FF1F4B4FF48072C3F88021FB
:101AD000022001F023FC1A4BD3F8042392030DD506
:101AE000D3F8443153B10120FFF7F6FE154B4FF404
:101AF0008072C3F88021012001F010FC104DD5F850
:101B00000433DB0316D5D5F840319BB10020FFF735
:101B1000E3FE0C4B4FF48072C3F880210020FF23BA
:101B20006373A060C5F80002BDE8384001F0F6BB61
:101B30000620F9E738BD00BF280C002000F0014066
:101B40000080004000E100E02DE9F04F97B01C4616
:101B5000CDE90212DFF8FCA28046FFF795FD4FF0B9
:101B600080420123C2F80835DAF800200F461360DE
:101B7000B949082202EB441253185558B3F80E9095
:101B8000CDF81090D3E901B201EB441C06921C7B06
:101B90005A7BDB6800920CF1080C07930646BCE800
:101BA0000F000DF1380EAEE80F009CE803008EE840
:101BB000030025F07F40FFF79DF84B4601331C449E
:101BC000A64B9842044400F237829C4200F3E48022
:101BD000002CC0F2C180FFF721FC009B012B0246C4
:101BE00008D0DAE90613B3F1FF3F08BFB1F1FF3FB8
:101BF00000F0B7800192FFF7A1F940F25633984206
:101C0000019A00F0D78040F2F553984200F0CF805F
:101C1000B0F5C67F00F0C5800023019300210320AA
:101C20000591B7F1FF3F08BFB6F1FF3F1FD0AE42AD
:101C300077EB0B03C0F08280B6EB050C67EB0B0370
:101C4000BCF5000F73F1000380F00082A5EB060CD9
:101C5000BCF1000F33460ADD0598002800F0AD8086
:101C60009AF8200000280CBF0846002000E04346F8
:101C700015F1FF39A9EB030C4BF1FF3184454B46BD
:101C800057DB002A41D00993029B0891B9EB080861
:101C900061EB03020292FFF751F940F2563C6045B6
:101CA000DDE90813029A00F0DD8040F2F55C604542
:101CB00000F0BE80B0F5C67F14BF09201620804515
:101CC00072F1000280F0BA80039A012A00F0CC8001
:101CD000059A002A73D1B7F1FF3F08BFB6F1FF3F65
:101CE0006DD0B6EB090C67EB0102BCF1050F72F188
:101CF000000080F28481BCF1010F72F1000318DA58
:101D000039463346059FB14668E0DAE90620B0F16E
:101D1000FF3F08BFB2F1FF3FB5D0DDF804C0AA1AFB
:101D20006BEB0000624570F10002ACD2009A012A10
:101D3000A9D00026304617B0BDE8F08FB5EB060CF1
:101D40006BEB0703BCF5000F73F1000380D340F287
:101D50003171702001F0C6FE04F1F45404F59024B2
:101D600039E700287FF446AF0190FFF7E7F840F22B
:101D700056339842019A00F04B8140F2F553984255
:101D800000F01D81B0F5C67F00F01F810123032004
:101D900011460192059344E704F1614404F5F70408
:101DA00019E700210D2303200193059139E7322320
:101DB000019333E71C23019330E7084658E7484670
:101DC00005930291FFF77CFC0299059B0027B1F176
:101DD000FF3F08BFB9F1FF3F00F0338123F07F40A0
:101DE0002A1A22F07F42013AB2F5000FA1D2069BD7
:101DF0005B191B1A23F07F43B3F5000F99D80291AA
:101E0000FEF778FF164B0299A4EB000898453BD3E8
:101E1000041B9C42C0F0DF80104B984530D89C4298
:101E200040F22881C4F1614404F5F704A0462CE097
:101E30003B20804572F10002FFF446AF0593009B02
:101E400002915F1E484618BF0127FFF739FC059B2A
:101E50000299BCE7480C0020C0070020FF7F841EC9
:101E60000040420F25202AE7B7F1FF3F08BFB6F137
:101E7000FF3F00F0F58039463346B1460027ADE715
:101E800008F1F45808F5902844467D4B93F8283023
:101E900023B9049B1E33A34280F2A580039B012B30
:101EA00004D001200291FFF717FD0299049B4BB16A
:101EB000A8EB0302012000230291FFF799FC02998D
:101EC000002854D00023424618460291FFF790FCA8
:101ED0000299064600284AD0009BDAF81820012B08
:101EE000DAF81C3000F08480002F44D1B3F1FF3FBA
:101EF00008BFB2F1FF3F00F098800120FFF74EFDD0
:101F00009AF82030002B40F08980049A1932A242BE
:101F100080F2A1800024A8EB020223460220FFF7F2
:101F200067FC30B1DAF800301C604FF08043C3F832
:101F30000845069B1093079B119300238DF85030A2
:101F40000A934FF0FF324FF0FF33CDE90E5BCDE93E
:101F50000C230AAD0FCD4A4C0FC40FCD0FC495E82A
:101F60000F0084E80F00304617B0BDE8F08F012065
:101F7000FFF7B2FCDDE6B3F1FF3F08BFB2F1FF3F70
:101F80000BD00091FFF72AF84FF0FF324FF0FF33EC
:101F9000CAE906230099002FB2D0019BB9EB0302D6
:101FA00061F100030520FFF723FC00285DD09AF8BB
:101FB0002030002BA9D101238AF82030A5E7322157
:101FC00001233520019105932BE60D2101231020DB
:101FD0000191059325E62A4B93F828306442A046E8
:101FE000002B7FF45BAF4FF4F261702001F07AFDBB
:101FF000B3F1FF3F08BFB2F1FF3FCCD0C1E7484685
:1020000008930291059FFFF75BFB0299089BDEE6B0
:102010001C2101231F200191059302E60520FFF7F3
:102020005BFC00238AF820306FE7FEF78DFF02F09B
:1020300025FECAE9060160E740F22141702001F067
:1020400051FD40F27C71702001F04CFD40F2357181
:10205000702001F047FD40F2BA71702001F042FD9E
:1020600040F2A361702001F03DFD40F22621702076
:1020700001F038FD40F65801702001F033FD00BF3B
:10208000C80B00202DE9F04F8F4F97F8214004EB4B
:1020900044033B4483B05E7A202E48D08B4BE5B29C
:1020A0006400002B00F08980894BDFF82892002B18
:1020B0005FD006EB451207EB420A4FEA45189AF843
:1020C0002830013BDBB2052B34D8834A12F803B029
:1020D000BBF1090F2ED0AFF30080EFF3108372B67F
:1020E0002C443C449AF829206272A27AB24204BF7E
:1020F0002022A27213B9AFF3008062B6B04473011C
:1021000007EB480809EB4616012259F803307068BE
:1021100088F828205946984797F8214004EB440353
:102120003B44E5B25E7A202E4FEA4404C1D103B0AD
:10213000BDE8F08F40F26E61702001F0D3FC62B612
:10214000B044730107EB480809EB4616012259F821
:102150000330706888F828205946984797F821403E
:1021600004EB44033B44E5B25E7A202E4FEA44047C
:10217000DDD006EB451207EB420A4FEA45189AF804
:102180002830013BDBB2052BD4D8534A12F803B0F8
:10219000BBF1090FCED0AFF30080EFF3108372B61E
:1021A0002C443C449AF829206272A27A964204BFD9
:1021B0002022A272002BC3D1C1E7454BDFF818B132
:1021C000DFF810A14FF02009002B51D006EB45128B
:1021D00007EB42024FEA451892F82830013BDBB288
:1021E000052BA7D81BF803100929A3D0EFF3108300
:1021F00072B62C443C4492F829206272A27A96422C
:1022000008BF84F80A90002B54D0B04407EB48086C
:1022100073010AEB461601225AF80330706888F8F9
:102220002820984797F8214004EB44033B44E5B24B
:102230005E7A202E4FEA4404C8D178E762B6B044F3
:10224000730107EB48080AEB461601225AF80330DF
:10225000706888F82820984797F8214004EB4403D9
:102260003B44E5B25E7A202E4FEA44043FF45FAF70
:1022700006EB451207EB42024FEA451892F8283068
:10228000013BDBB2052B3FF655AF1BF803100929C4
:102290003FF450AFEFF3108372B62C443C4492F8F5
:1022A00029206272A27A964208BF84F80A90002B15
:1022B000C5D1C3E70191AFF3008062B6B044019984
:1022C00007EB4808A4E700BF480C0020000000000E
:1022D00000000000C0070020A44402002DE9F04FD8
:1022E00085B00D4614461F469DF838B0FEF7CCFD6C
:1022F0002E686968031947F10002B342019372EB3B
:1023000001030292C0F0CA80DFF8A891DFF8A8812B
:102310000BEB4B034B440393DA46039B1C7A202CB4
:102320003BD040F2F5578C460FE06B7B012B02D07F
:10233000537D012B56D004EB4A1409EB440494F866
:102340002940202C29D0D5E9006C08EB44124FEA33
:10235000441B91681369D0685B1840F100009E42ED
:102360007CEB0003E1D240F2563740F2F55608EB21
:102370000B0C2968AB68DCF808006A685B1842F14E
:1023800000029842DCF80C3093411AD39CF81530C7
:10239000012B02D06B7B012B03D0012005B0BDE8DF
:1023A000F08F411A0091FEF7C9FDB84200993FD065
:1023B000B04228D0B0F5C67F14BF01230E23994246
:1023C000EBDA08EB0B032A7C197E91421FD904EB50
:1023D0004A1409EB440494F82940202CDDD04FEA3C
:1023E000441BC4E7761AFEF7A9FD40F25633984223
:1023F00020D0B84209D0B0F5C67F14BF01230E2308
:102400009E42B0DB97E73323D9E73323F8E7D3E9DC
:1024100002611C695B7DA61941F10001012B0BD003
:10242000019BB342029B8B4138D3C5E9006174E73D
:102430001D23C4E71D23E3E76B7B012BF0D0009144
:10244000FEF77CFD40F25633984200992CD040F2C2
:10245000F553984226D0B0F5C67F14BF01230E2352
:102460009C42DDDAFEF76AFD40F2563398421FD0F7
:1024700040F2F553984219D0B0F5C67F14BF01263B
:102480000E26C344DBF80830DBF80C10F618019B6D
:1024900041F10001B342029B8B41C6D2002005B03E
:1024A000BDE8F08F3323DBE71D23D9E73326E8E7C8
:1024B0001D26E6E7480C0020C00700202DE9F04764
:1024C000154692F8008092F80BC0AF7A12891C462C
:1024D00086B00023E3602361C4E9003327749DF8CC
:1024E000389084F80DC00646A3606361E28184F8E9
:1024F00011800F46B8F1000F42D1FEF709FCD5E973
:1025000004C24C4BC31841F1000E9C4572EB0E0304
:102510000AD3013E47F1FF37C4E900674FF47A73ED
:10252000A36006B0BDE8F087263041F10001844584
:1025300072EB0103EDD3288901300021844572EB51
:1025400001036AD3BCEB000062EB010104F10C0350
:10255000009303AA04ABFEF73DFC039B6A6828893D
:10256000473313441844FEF78FFCDDE90432C01AE8
:1025700020F07F40C4E90032A06006B0BDE8F087DB
:102580002D4804A9801A04F10C02FEF7F7FB2B4B2F
:102590001B78202B24D02A490B69D1E9052105336A
:1025A00042F1000A13EB01084AF1000A6B68227B32
:1025B000E089473310441844C4E9008AFEF764FCFC
:1025C0003246A0603B462869CDF800902146FFF7CF
:1025D00085FE0028A5D1C4E9006706B0BDE8F087F4
:1025E000637B16F1090847F1000A012BDED0FEF7E4
:1025F00015FF0028DAD1FEF7A1FC40F256339842CD
:102600000ED040F2F55398420FD0B0F5C67FCDD131
:1026100016F1160847F1000AC8E74046414695E71B
:1026200016F1250847F1000AC0E716F13B0847F10B
:10263000000ABBE70040420FFF7F841EC00B002052
:10264000C80B00202DE9F047374DDFF8E08000EBA4
:1026500040032B4406461C7A4700FFF71BF84FF057
:10266000200C4FEA461E08EB44110EEB0403D1F890
:1026700008A00A69AAEB000929F07F49B9F5000F03
:1026800005EB43030DD812EB0A02121A22F07F4227
:10269000B2F5000F05D8BCF1200F0BD12046BDE8E4
:1026A000F08793F82930202BA4461C46DBD1BCF1DF
:1026B000200FF3D0BB192B440CEB461205EB420262
:1026C00093F8088092F829201A72710144464FF05D
:1026D000040E0B1905EB430322469445204683F86C
:1026E00028E093F82940F4D1BB192B440A4493F80D
:1026F0000AE0BEF1200F5FFA8EFC18BF8C443E4406
:1027000018BF05EB4C0C05EB4202354408BF83F8BB
:1027100009804FF0200318BF8CF82980A87282F836
:1027200029302046BDE8F087480C0020C007002073
:102730002DE9F0414E4D01EB41032B440C461E7A2E
:10274000202E80464FEA410741D14A4B0BB1AFF3EF
:10275000008002F093FA95F82230202B0AD0464BE5
:10276000D3E904E210F1020C41F10003E64572EBFB
:10277000030331D3202E0AD042463346FFF7E4F953
:1027800000283FD085F822600220BDE8F081D5E91D
:102790000623B3F1FF3F08BFB2F1FF3F1FD195F809
:1027A000203043BB0420FFF797F802F075FA0020B1
:1027B000FFF7F4F829684FF08042202085F82200C6
:1027C00000230B600120C2F80835BDE8F0810846FF
:1027D000FFF738FF8642B8D00020BDE8F081FEF751
:1027E000FDFB4FF0FF334FF0FF32C5E9062395F8AC
:1027F0002030002BD6D00520FFF76EF8002385F897
:102800002030CFE73B192B4406EB441205EB420284
:1028100093F808E092F829201A72610173460420A7
:10282000CA189C4605EB4202664592F8293082F8A8
:102830002800F5D13B192B443C44987A2028C2B299
:1028400018BF5218614418BF05EB420205EB410165
:10285000254408BF83F809E04FF0200318BF82F831
:1028600029E085F80AC081F829300020BDE8F08110
:10287000480C002000000000C80B0020F8B5194AE1
:10288000194D002342F2200020214FF0FF364FF077
:10289000FF37A972288185F82130136082F828302B
:1028A000C2E90267AB73C5E906671C4685F82210CA
:1028B00085F8203005F1280202F814300134202C6C
:1028C000FAD101260948EE7301F000FA084B18709E
:1028D000084B1C7001F05AFA2860FEF781FE85F85B
:1028E0002360F8BDC80B0020480C002085200000A4
:1028F000F80B0020C00B00202DE9F04F85B002F04E
:10290000BDF9C04E0746884602F0C6F9D6E9022353
:10291000B3F1FF3F08BFB2F1FF3F05D04FF0FF32E8
:102920004FF0FF33C6E9022396F82830ABB94FF4D5
:102930000C71B069FEF7D8FA33697269B169023374
:1029400042F100025B1842F100021B1842F1000242
:102950009F4278EB020380F06181AB4C4FF0FF3077
:102960004FF0FF31FEF7ACFEE37B002B40F04581DA
:10297000A64991F800B00122BBF1200FE27300F0EC
:10298000378120220A7084F82220A373336094F8E0
:10299000213003EB430AA2445FFA83F99AF8085006
:1029A0005B009542009307D0994B03EB45102A46F4
:1029B000407E012800F0C580009BDFF858A203EBA1
:1029C0000908202DA0444FEA491708D04846FFF7D0
:1029D00039FE854203D098F80850202DF6D1BAF17F
:1029E000000F01D0AFF3008002F048F994F82230D4
:1029F000202B09D0D6E9042310F1020E41F1000C7E
:102A0000724573EB0C03E6D3202D38D02B46012200
:102A1000FFF79AF8002859D084F8225007EB0B03EF
:102A200004EB430393F82820022A1DD1009A4A445C
:102A30002244062183F82810917ACBB220291CBFAA
:102A4000DB1904EB43035F4418BF83F829B0009BF4
:102A500008BF82F809B04B44234404EB470783F8CE
:102A60000AB0202387F82930FF232374009B4B44AE
:102A70001C44637A202B5DD105B0BDE8F08FD4E90A
:102A80000623B3F1FF3F08BFB2F1FF3F07D0FEF7C7
:102A9000A5FA4FF0FF324FF0FF33C4E9062394F854
:102AA0002030002B3FD10420FEF716FF02F0F4F88F
:102AB0000020FEF773FF21684FF0804200232020A2
:102AC00084F822000B60C2F80835A7E77B1904EBF5
:102AD000430398F8080093F8293088F80830024634
:102AE00004211346BA1804EB42029D4282F82810D2
:102AF00092F82920F5D198F80A1088F80A30CAB25D
:102B000020291CBFD21904EB42023B4404EB4303CF
:102B100018BF82F829004FF0200208BF88F809008A
:102B200083F8292057E70520FEF7D6FE002384F816
:102B30002030B8E7384B187805B0BDE8F04F01F009
:102B4000E1B80978202914D0316970694F1DB16945
:102B500040F10000791840F10000019003EB4213AE
:102B6000D3E9020288420198824128BFC3E90210DA
:102B700022E701FB0531487D17F1090148F1000CFE
:102B80000128CDF804C0E9D0CDE90251FEF746FC9A
:102B9000DDE902211E4B10B19AF80850DEE7CDE9BD
:102BA0000221FEF7CBF940F25635A842029A184BA3
:102BB0000CD040F2F555A84214D0B0F5C67F039969
:102BC0000AD0009848442044057AC7E717F1250148
:102BD00048F100000190F4E717F1160148F10000F8
:102BE0000190EEE717F13B0148F100000190E8E7A2
:102BF0004FF43171702000F075FF40F2C121702058
:102C000000F070FFC80B0020480C0020C00B002013
:102C1000C007002000000000F80B0020074B084A06
:102C20001B78580102EB431308211258586890474B
:102C300040F2B621702000F055FF00BFC00B00200D
:102C4000C007002070B5134C0D460646FEF7A4FAE7
:102C500094F8213004F1280CD9B20CEB831C00232A
:102C600002E00133202B12D01CF81320D8B2002A26
:102C7000F7D103EB4111084A04EB4104590102EB7F
:102C800043135650012284F828205D6070BD184619
:102C900070BD00BF480C0020C00700201F280AD8C4
:102CA0000C4991F8213000EB431301EB430393F8F7
:102CB0002820012A01D00020704791F8213000EB34
:102CC000431301EB43034FF0000C104683F828C078
:102CD000704700BF480C002010B5094C04EB4014AD
:102CE000D4E90201FEF714F8227DE38A9B1803F170
:102CF00001034FF000025241181842EB010110BDD0
:102D0000C00700202DE9F04FB14A536891B0C3F3DA
:102D1000080303900791002B40F03D82082306939F
:102D2000079B1B78012B00F2E882DFF8A8B2BBF109
:102D3000000F04D0002140F24350AFF30080002385
:102D4000DFF894A2DFF8948204930124BBF1000F12
:102D500004D000214FF4AA60AFF3008024B9A04B47
:102D60000BB1AFF3008062B69AF821305FFA83F9B5
:102D7000CDF814904FF000038AF81030069B002B1A
:102D800040F0AB80BBF1000F04D0002140F2645052
:102D9000AFF3008001F072FF059B0093079A0AAB26
:102DA0000446FFF78BFBBBF1000F04D0002140F27B
:102DB0006C50AFF30080039B03EB49130AEB430312
:102DC0004FEA491693F82830013B012B00F2CB80E3
:102DD000DDE90A3224F07F441D1B25F07F4121F0FC
:102DE0000101002940F0D680039A09EB49035344BE
:102DF000B218997A0AEB4202042082F828002029AE
:102E00004FEA49020992CAB200F015823244039B8C
:102E10000AEB420282F829301A464FEA49034B4432
:102E2000534416440AEB46069A72202386F829304A
:102E3000002304930125BBF1000F04D0002140F2D0
:102E40007150AFF30080674B0BB1AFF30080EFF32D
:102E50001086344672B69AF81030002B7FF476AFA5
:102E6000039B0AAF08EB43140FCF08340FC497E855
:102E7000030084E80300A5B1069B002B00F0B2819B
:102E8000049B23B1584B1B78202B00F0FC819AF84F
:102E90002130DB4303F001038AF82130FF238AF855
:102EA000103026B94E4B0BB1AFF3008062B6BBF1C8
:102EB000000F04D000214FF4B560AFF30080002D67
:102EC00053D1BBF1000F04D0002140F2B450AFF356
:102ED0000080284611B0BDE8F08F059A434B551C81
:102EE00005F0010503EB821E03EB851C17B2BEE85B
:102EF0000F00ACE80F00BEE80F00ACE80F00BEE822
:102F00000F00ACE80F009EE80F00A9468CE80F0008
:102F10002EB2BBF1000F04D0002140F2DE30AFF33F
:102F20000080334B07EB470706EB4606DA19D95BFF
:102F30009278995333449A70BBF1000F0CD0002162
:102F400040F2E230AFF30080BBF1000F04D000216B
:102F500040F25A50AFF300809AF81030002B7FF403
:102F6000F5AE05950EE7002565E79AF8213003EBED
:102F7000430353445B7A202BA3D0BBF1000F04D052
:102F8000002140F2AF50AFF300801A4B187800F0E8
:102F9000B9FE96E725F07F45B5F5000F3FF624AF63
:102FA0000C99C9180C1B24F07F44B4F5000F3FF6B0
:102FB0001BAF09EB490151440C7A4FEA4901202C1F
:102FC000099100F045812021944604911A4627E09A
:102FD00000ED00E000000000480C0020C0070020C9
:102FE0000000000000000000C00B0020700C00205A
:102FF000500C0020F80B00209DF83510012903D05B
:10300000417D012900F0B18033190AEB430393F8A5
:103010002930202B00F02B81DDE90A2C04941C467A
:1030200008EB4410650187680169C368C91943F159
:10303000000E8A427CEB0E03DED213466246049FEA
:103040000C9908EB0500C918D0F808C042F100023D
:103050008C45C16871EB020275D3427D012A03D011
:103060009DF83520012A59D0049B9F4200F0EA8048
:10307000202F00F04781049B202B06EB07030AEB6F
:10308000430393F8292000F02F81049BF3180AEBE7
:10309000430393F8294083F8292022460520B318DA
:1030A0000AEB430311468F4293F8292083F8280046
:1030B000F5D1099B4B445344987A202808BF5C7291
:1030C000099B4B44C1B253441CBF89190AEB41010F
:1030D0009F72039B18BF81F82940F318F1190AEB7E
:1030E00043030AEB4101202081F8290083F82920BD
:1030F000049B834200F0B2801C4634440AEB440433
:10310000039B84F8293000230493039B1E440AEB9D
:103110004606032386F8283001258CE6ACEB030332
:103120000893FDF70BFF40F256339842089B55D0A9
:1031300040F2F55290424DD0B0F5C67F14BF012247
:103140000E229A4290DD45449DF838302A7E9A42FC
:103150004FD933190AEB4303274693F82940202C13
:103160006CD0DDE90A3265016AE7D71BFDF7E6FEA0
:1031700040F25633984233D040F2F55398422BD068
:10318000B0F5C67F14BF01220E22BA427FF73CAFD2
:10319000DDE90A3253E7103B59B2002943DB01F164
:1031A000604101F5614191F800335B090693002B02
:1031B0007FF4B6AD584B1B78202B00F0A880079BFE
:1031C0001B780693002B3FF4B0AD40F23C517020C9
:1031D00000F088FC3322B4E73322D6E71D22B0E7A3
:1031E0001D22D2E7FF238AF81030002E7FF45FAE55
:1031F00058E6099B039A4B445344B218997A0AEB58
:1032000042020420202982F82800CAB208D03244A1
:10321000039B0AEB420282F829301A46099BFEE51D
:10322000039A5A72FAE703F00F03043B13441B7E20
:103230005B090693BBE7039A5A72EEE5049B9F4233
:103240007FF419AF202B11D1099B4B4453441C7AB6
:10325000039BF3180AEB430383F82940099B039A65
:103260004B4453441A72012304934EE71C4633190E
:103270000AEB430393F82920039BF3180AEB43035B
:1032800083F8292039E705990220FFF751FA002831
:103290007FF4FDAD9AF82130039F03EB43015144C5
:1032A00007EB43128C7A0AEB42020420202C82F8AE
:1032B0002800DDB24FEA4312E0B24FEA430319D0CF
:1032C00011180AEB410181F8297039462B44534407
:1032D0000A440AEB420299722023049D82F82930A5
:1032E000002E7FF4E4ADDDE5099B4B4453441C7A8A
:1032F0001A72D2E64F723946E8E74FF4A86170209F
:1033000000F0F0FB4FF4E871702000F0EBFB40F2AE
:103310003951702000F0E6FBC00B002070B5062884
:103320000DD8DFE800F01C52040C0C740D00B14AFB
:103330004FF0804112680123C1F80835136070BD59
:10334000AD4D2B78202B00F09180AC4C5A0104EB52
:103350004313A2585868BDE8704005211047A54C9A
:10336000D4E90623B3F1FF3F08BFB2F1FF3F00F0FD
:10337000D080A34E0120FEF711FB737F012B04D0F8
:10338000FEF74CF8002800F030819B4D2B78202B65
:1033900000F09B80FF23A373D6E90223B3F1FF3F24
:1033A00008BFB2F1FF3F05D00520FEF721FA002843
:1033B00000F016812B78914A590102EB4313BDE8C6
:1033C000704052585868012110478B4D2B78202BA4
:1033D00000F0A6808A4E737F012B04D0FEF71EF802
:1033E000002800F0F380834CD4E90623B3F1FF3FBB
:1033F00008BFB2F1FF3F61D02B78804A590102EB40
:103400004313BDE870405258586800211047794C6A
:1034100094F820307BB1D4E90623B3F1FF3F08BF15
:10342000B2F1FF3F00F0A2800120FEF7B7FA0023BF
:1034300084F8203070BD704D2A78202A00F09D80DD
:103440006F4E4FF0FF324FF0FF33C6E90223A37BEC
:10345000002B00F0B6802B78684A590102EB431329
:10346000BDE870405258586806211047614890F8EE
:10347000213003EB43010144DAB20B7A202B00F038
:10348000AA8003EB421200EB420292F829400C7230
:10349000FF210174022182F82810584C58492B70E2
:1034A0000022C27381F8282004EB4312127E002A06
:1034B0007FF44CAF00F070FF2B7847E7FDF744FD39
:1034C00001F0DCFBC4E9060196E794F82130DAB29A
:1034D00003EB43032344197A20297CD001EB4212E9
:1034E00004EB420292F829001872FF232374434B25
:1034F000297003EB41110023097EE37386F828301D
:10350000022382F8283000297FF444AF00F044FF02
:1035100040E7FDF719FD01F0B1FBC4E9060128E71A
:10352000344A92F8213003EB43001044DBB2017AB5
:10353000202950D001EB431302EB430393F82940B9
:103540000472FF201074022083F828002B4B29708E
:1035500003EB41112A4E097E0023D37386F82830ED
:1035600000297FF438AF00F017FF34E7FDF7ECFCDB
:1035700001F084FBC4E9060156E794F82120D1B29A
:1035800002EB42022244107A202824D000EB4111A1
:1035900004EB410191F829601672FF222274174A48
:1035A000287002EB4010164E027EE37386F8283036
:1035B000022381F82830002A7FF443AF00F0ECFEAC
:1035C0003FE740F24361702000F08CFA40F2516115
:1035D000702000F087FA40F24721702000F082FA54
:1035E00040F22F61702000F07DFA40F229617020D6
:1035F00000F078FA480C0020C00B0020C007002023
:10360000C80B002070B5274B1A78202A86B044D00A
:10361000254CD4E90213B3F1FF3F08BFB1F1FF3FDE
:1036200036D1224D05EB42150646D5E90201FDF7DC
:103630006FFBEA8A2B7DD31803F101034FF00002E0
:1036400052419B1942F1000218180DF10B0342EB95
:103650000101009303AA04ABFDF7BCFB9DF80B200E
:10366000DDE904310F2A94BF002201229B1841F1A9
:103670000001C4E902310E4B9B7B13B9012006B057
:1036800070BDD4E902230520FEF7B2F806B070BD84
:1036900040F62F01702000F025FA40F62E01702030
:1036A00000F020FAC00B0020C80B0020C00700204B
:1036B000480C002038B5234B93F800E0BEF1200FF2
:1036C0003AD0214D95F8213095F821C003EB430302
:1036D0002B445FFA8CFC1B7A202B1FD01B4C4FEA2B
:1036E0004C1C06E0634405EB430393F82930202B80
:1036F00014D004EB4312117E8142F3D804EB4E1434
:10370000D4E9021320694018D2E9021243F1000300
:10371000814272EB030304D2002038BD4FF0FF302A
:1037200038BD0B4B081A1C68FDF7E4FA04F13203AC
:103730008342F1D8001B38BD40F66801702000F0CC
:10374000D1F900BFC00B0020480C0020C0070020AA
:10375000C80B00202DE9F04F8D4B1E7887B0202E2E
:10376000019000F010818B4F8B4D97F8213003EBC7
:1037700043033B44804628681C7A2B6903930DF170
:103780001302AB6902938946404405A9FDF7F6FA96
:10379000824BA8F132029A4261D8DFF80482059B7D
:1037A000696908EB4616B2689B1832699B182A694A
:1037B0009B1A23F07F40B0F5000F50D897F821A056
:1037C000AB61202C85F820905FFA8AFA18BF4FF081
:1037D000200B00F0CB8008EB441C9B18DCF80800A1
:1037E00041F100019842DCF80C308B414FEA44165D
:1037F0004ED39CF81530012B02D06B7F012B32D0B9
:103800000520FEF769F897F821104FF0FF324FF0CE
:10381000FF33BBF1200FC5E90223C9B240F0A480F9
:1038200001EB4101394420240B7A594A97F82110C1
:10383000127802EB411207EB420282F829302B6822
:10384000019A13442B60FF233B74202C40D0554B2E
:10385000187800F057FA002007B0BDE8F08F01207B
:1038600007B0BDE8F08FA0EB0209FDF767FB40F25F
:103870005633984220D040F2F55398421AD0B0F512
:10388000C67F14BF01230E234B45B9DD95F8209068
:103890004644337E4B4511D904EB4A1307EB4303EF
:1038A00093F82930202B17D0A346D5E904211C46D4
:1038B000AB6990E73323E7E71D23E5E7DDE9023154
:1038C0002A695B189B1A0220AB6107B0BDE8F08F34
:1038D000002007B0BDE8F08F0520FDF7FDFF4FF099
:1038E000FF324FF0FF3397F82110C5E90223C9B228
:1038F00001EB41033B4404EB411207EB420293F816
:1039000008A092F829201A724FEA410C4801534648
:103910004FF0050800EB030E07EB4E0E1A469442DB
:103920001E468EF828809EF82930F3D10CEB010E4C
:10393000BE4461449EF80A90B9F1200F5FFA89F8FD
:1039400018BF80443944024418BF07EB480807EB0E
:1039500042028E724FF0200114BF88F829A08EF821
:1039600009A082F8291060E75C46C1E70520FDF751
:10397000B3FF97F821104FF0FF324FF0FF33C5E946
:103980000223C9B24CE74FF40961702000F0AAF895
:10399000C00B0020480C0020C80B0020CE3F420F77
:1039A000C0070020F80B0020BFF34F8F0549064BDE
:1039B000CA6802F4E0621343CB60BFF34F8F00BFCD
:1039C000FDE700BF00ED00E00400FA05094B01220D
:1039D0005A604FF0FF32C3F80823074B4FF4804280
:1039E000C3F88020BFF34F8FBFF36F8FC3F88021E0
:1039F000704700BF00E0004000E100E0094B0122F9
:103A00005A604FF0FF32C3F80823074B4FF480523F
:103A1000C3F88020BFF34F8FBFF36F8FC3F88021AF
:103A2000704700BF00C0004000E100E0084B0022EA
:103A3000C3F8FC2F0122C3F8FC2F064B0222C3F867
:103A40008020BFF34F8FBFF36F8FC3F88021704783
:103A50000010004000E100E0F8B51B4E3378054649
:103A60000C4617466BBBFDF763F8184B7760002DCB
:103A700008BF1D4628463472FFF7D8FFFFF7BEFF88
:103A8000FFF7A4FFFDF794FB0546C0B9FEF7F6FE6D
:103A9000FDF782FBFDF7CCFA00F0F9FF002C0CDB00
:103AA00004F01F026409A40004F1604404F56144B9
:103AB00001239340C4F880312360012333702846EA
:103AC000F8BD4FF0FF35FAE7F00C0020AA440200E1
:103AD00008B572B6024B5B6803B19847FFF764FF05
:103AE000F00C00201FB572B6134B5D688DB9FFF75F
:103AF0005BFFB2FBF6F2DCB20133002AF9D104F12C
:103B000010036B4403F80C2C0A2234B901A8A8470F
:103B1000EDE7024600230A26EDE7631E04AEDCB2A1
:103B200056FA83F3B0FBF2F602FB1600303003F8CE
:103B30000C0C3046E9E700BFF00C0020074B93F96E
:103B40000830002B09DB5A09012103F01F0301FA99
:103B500003F34032024941F822307047F00C002054
:103B600000E100E0014B1878704700BFF00C002026
:103B70002DE9F84FDFF8C4A0314C324DDFF8C89082
:103B8000074601269AF800805FFA88F8FF238AF832
:103B90000030B8F1000F01D08AF80130EFF3108245
:103BA00072B600236660C4F80031C4F80431C4F86A
:103BB000047526603AB962B605E0D4F8043133B929
:103BC0002B69DB0620D4D4F80031002BF5D0D4F8D3
:103BD0000431002BE2D1B8F1000F13D19AF8013073
:103BE000DBB28AF8018003214FF48042C4F8081345
:103BF000C4F80481C4F80081C9F880218AF80080E3
:103C0000002BBFD1BDE8F88F4FF48043C9F8803155
:103C1000EFF3108B72B60323C4F80433D4F80031E9
:103C200013B9D4F804311BB1BBF1000FCBD1C2E7FB
:103C300001F0A5F8BBF1000FC5D1BCE7FC0C0020DA
:103C400000E0004000ED00E000E100E0FFF790BF81
:103C50001B4B4FF4805270B5C3F88020BFF34F8FD9
:103C6000BFF36F8F174D184C0021C5F80011C3F832
:103C700080212669236943F0100323610123C5F8DD
:103C8000043306F010062B60D5F80031A3B11EB93D
:103C9000236923F0100323610A4B0122D3F808059E
:103CA0005A60C3F808230022C3F80021044B4FF4E4
:103CB0008052C3F8802170BD01F061F8E4E700BFD5
:103CC00000E100E000C0004000ED00E038B50C4924
:103CD000024605200138C0B2FF2803D148216920DF
:103CE000FFF700FF01EBC0031D7905F0FF04002D75
:103CF000F0D141F8302001225C719C711A7138BDFD
:103D0000000D0020042808B503D958216920FFF7C9
:103D1000E9FE094B03EBC0000379012B01D05921C7
:103D2000F4E7437982790133DBB29A4218BF4371D9
:103D3000BDE80840FFF702BF000D002070B5124C2F
:103D400006250026013D15F0FF0500D170BD94F851
:103D5000281004EBC1031A79012A09D158799A79FC
:103D6000904205D05A79D2B29A7154F831309847BE
:103D700094F828300133DBB2042B94BF84F8283048
:103D800084F82860DEE700BF000D002008B500F0D1
:103D9000A8FF70B900F0AEFF58B900F0B4FF40B909
:103DA00000F0C3FF044A054B002808BF134618461D
:103DB00008BD024BFBE700BF00E701400C050040D7
:103DC00008B500F0B2FF08B3EFF3108072B6104AE6
:103DD0001369116941F010011161A2F5406203F00D
:103DE0001003D2F80011D2F804210A4300D040BFDA
:103DF00020BF00BF00BF00BF00BF23B9044A136942
:103E000023F01003136100B962B608BD20BFFCE7C0
:103E100000ED00E02DE9F04184075FFA81FE5FD0FC
:103E2000002A59D0034601E0002A55D003F801EBDF
:103E3000990702F1FF32F7D14EEA0E24032A44EA31
:103E400004443ED9151FAE08172D06F10106C3F331
:103E5000800147D99846002940D048F8044B771A8A
:103E600003EB810C79080CEBC101CCE900440CF1A7
:103E7000080C6145F9D127F0010C08EB8C0167456E
:103E8000CCEB8C7805EB880517D02F1F032F0C6027
:103E900013D9A5F10807032F4C600ED9A5F10C0723
:103EA000032F8C6009D9A5F11007032FCC6004D92A
:103EB000143D032D0C6188BF4C6102F0030203EB3B
:103EC00086034AB1013A83F800E005D0012A83F85D
:103ED00001E018BF83F802E0BDE8F0811546BEE7B7
:103EE0000346A9E719461546CFE700BF014B1B68FB
:103EF0001B68184744000020014B1B685B6818478B
:103F000044000020014B1B689B68184744000020B8
:103F1000014B1B681B6918474400002038B504207A
:103F20001E4CFFF7C7FB2568854228BF05460421C4
:103F30002846FFF70FFC20B1012820D040F24511A0
:103F400008E02368E068AB420DD1FFF75BFB20B9C6
:103F500040F225116B20FFF7C5FDE268236822615E
:103F60001344E36038BD05446089E5600123281AE5
:103F70002375FFF747FB60B940F22F11EAE7638929
:103F80002075E068C01AFFF73DFB10B94FF49E7131
:103F9000E0E76289E3689B1A2361E3E7300D0020C4
:103FA00008B50C4B1A7802F0FF0312B15A1E1A42E0
:103FB00003D0E0216B20FFF795FD19B1034207D133
:103FC000E521F7E723EA00039B0601D1E921F1E7A8
:103FD00008BD00BF4800002008B50D4B01221A762D
:103FE0004FF082721A621A68DA615A689A62094A54
:103FF00093F830000221117003F11801FEF782FEE0
:1040000020B94FF483716B20FFF76CFD08BD00BF32
:10401000300D00204800002070B5EFF3108572B617
:10402000264C94F831600023012E84F8313006D0FC
:10403000022E1DD0002E3BD185F3108870BD85F374
:10404000108894F8323003F0FF0123B14FF4A971C6
:104050006B20FFF747FD1420FFF7A2FF184B84F8F1
:1040600032601B78012BE9D1BDE87040FFF7B4BF87
:1040700094F8322012B940F26311E9E7104984F84C
:1040800032300B78023BDBB21E2B0ED8012202FA33
:1040900003F30C4A1342CFD144F20402134204D07A
:1040A00020230B70FEF728FCC6E740F27F11CFE714
:1040B00085F3108840F2A511CAE700BF300D00203B
:1040C000480000204100004070B5144C94F8335073
:1040D00025B14FF422716B20FFF704FD104B84F8DB
:1040E000325001261E700F4B0F484FF4C852C4E9DE
:1040F00000230E4BA360FFF7E9FD294684F8340046
:104100000B48FEF79FFD202884F8300002D140F2D2
:104110009721E0E784F8336070BD00BF300D0020C8
:1041200048000020FF3F420F194000000500B70083
:10413000A542000008B5104B93F8332022B940F295
:10414000F7216B20FFF7CEFCEFF3108172B693F8E6
:10415000312022B1012A0DD040F20731F1E70222CD
:1041600083F8312001B962B693F83400BDE8084005
:10417000FFF7C8BD0022F3E7300D00200B4B93F88A
:10418000333010B523B940F216316B20FFF7AAFC8B
:10419000EFF3108472B6064B1A78102A03D1082266
:1041A0001A70FEF7A9FB04B962B610BD300D0020ED
:1041B0004800002070B5174B1B78042B27D1164DF3
:1041C0002B7D1BB96B892868C01A70BD00F00EFDED
:1041D00010F11E0495F8300041F10006FEF77CFD59
:1041E0002B691B1841F100019C4276EB01004FF056
:1041F00000020CD2181B4FF0FF3361EB0601834223
:1042000072EB0103E1D2A7216B20FFF76BFC0020CA
:10421000DBE700BF48000020300D002038B5144C0B
:1042200094F8333023B94FF433716B20FFF75AFC05
:10423000EFF3108572B694F8313023B1022B0DD014
:1042400040F2DF21F1E7012384F8313005B962B68D
:1042500094F83400BDE83840FFF754BD054B1B7897
:104260000022042B84F83120F0D111F06FF9EDE732
:10427000300D00204800002008B5094B197810299E
:10428000CAB207D0202A05D0042A04D110221A70FD
:1042900011F06CF908BD4FF4E2716B20FFF722FCBE
:1042A0004800002070B50C46FDF7F4F9611E0629A0
:1042B0004AD8DFE801F00453532823665F00012148
:1042C0000220FFF76DFE314B314A93F8321079B17D
:1042D000042111701A68DA6000221A7593F83130DF
:1042E000022B01D011F032F9BDE87040FFF716BE85
:1042F00020231370BDE87040FEF7FEBA4FF404713E
:104300006B20FFF7EFFB214C94F83230E3B1204BE8
:104310001B78042B19D100F069FC064694F8300094
:104320000D46FEF7D9FC237D012B0BD12269121813
:1043300041F10003964275EB030303D3BDE87040DF
:10434000FFF79ABF0BF050FC70BD124B0222C3F86E
:104350008020BFF34F8FBFF36F8FF5E7012102205D
:10436000FFF71EFE094B93F8323033B1BDE87040C1
:10437000FFF732BE01212820F2E7054B01221A7017
:10438000E2E7024B1B7D012BAED1D7E7300D0020B9
:104390004800002000E100E0014B01229A777047BD
:1043A000680D00202DE9F04786468C460846089E99
:1043B000154674461946002B40F0C2808542B2FA79
:1043C00082F245D94AB1C2F1200300FA02FC2EFA6A
:1043D00003F3954043EA0C0C94404FEA154EA8B203
:1043E000BCFBFEF8230C0EFB18CC08FB00F943EADB
:1043F0000C43994528D9EB1808F1FF3704D29945A9
:1044000002D9A8F102072B44A3EB0903A4B2B3FB22
:10441000FEFC0EFB1C330CFB00F044EA0344A042FC
:1044200014D92C190CF1FF3304D2A04202D9ACF1FB
:1044300002032C44241A43EA07401EB1D44000234F
:1044400034607360BDE8F0874746DDE76346F1E717
:1044500092BB431B01214FEA154EAFB2B3FBFEFCEA
:10446000200C0EFB1C330CFB07F840EA0343984575
:1044700062D9EB180CF1FF3004D2984502D9ACF1A7
:1044800002002B44A3EB0803A4B2B3FBFEFC0EFB1B
:104490001C330CFB07F744EA0344A7424ED92C19FE
:1044A0000CF1FF3304D2A74202D9ACF102032C4431
:1044B000E41B43EA0040C0E7C2F1200320FA03F105
:1044C000954090402EFA03F303434FEA154EAFB2E6
:1044D000B1FBFEFC0EFB1C10190C0CFB07F841EAAB
:1044E0000041884504FA02F422D969180CF1FF3022
:1044F00004D2884502D9ACF102002944A1EB08019D
:104500009BB2B1FBFEFC0EFB1C110CFB07F743EA50
:1045100001439F420ED9EB180CF1FF3104D29F42A8
:1045200002D9ACF102012B44DB1B41EA004192E7C6
:104530006046E3E76146F7E76046A3E76346B7E70F
:10454000834206D916B9002108467BE7C6E900E098
:10455000F9E7B3FA83F78FB9834201D3724508D8DC
:10456000BEEB020460EB030301209C461EB9002150
:1045700068E73846FAE7C6E9004CF8E7C7F1200CCF
:10458000BB4022FA0CF41C432EFA0CF120FA0CF377
:10459000B84001434FEA14490EFA07F5B3FBF9F8A6
:1045A0001FFA84FE09FB18300B0C08FB0EFA43EAD5
:1045B00000439A4502FA07F240D9E31808F1FF30A8
:1045C00004D29A4502D9A8F102002344A3EB0A03BE
:1045D00089B2B3FBF9F809FB183308FB0EFE41EA78
:1045E00003418E452CD9611808F1FF3304D28E4562
:1045F00002D9A8F10203214443EA0040A0FB02983B
:10460000A1EB0E014145CE46434602D306D14D45AE
:1046100004D2B9EB020E68EB04030138002EA6D0D9
:10462000B5EB0E0261EB030101FA0CFC22FA07F371
:104630004CEA0303F940C6E9003198E74046C5E774
:104640004346D9E710F8012B11F8013B012A28BF96
:104650009A42F7D0D01A7047034613F8012B002A6C
:10466000FBD1181A01387047FCF762BA801A00F3C0
:10467000070038B540B20D4659B21446FCF748FA67
:104680000023287020446B7040B238BD73B5A0F190
:104690000B040E46E1B20F29154603D94F216420C1
:1046A000FFF720FA0DF1030332460420FCF7ECF982
:1046B000034608B15821F2E704EB840404F66514BC
:1046C0009DF90300A2B201A9FCF7CEF99DF80430D0
:1046D0002B709DF805306B7002B070BD0023036035
:1046E0007047002070474FF0FF3070474FF0FF30A9
:1046F000704770477047002070474FF0FF30704799
:10470000002070470020704700230370704700228C
:10471000FFF7ACBF002070474FF0FF3070474FF0FD
:10472000FF3070474FF0FF307047C0B2704738B568
:10473000054691F827000C46FEF7B0FA18B9D321C8
:104740006A20FFF7CFF90023A38484F826300921DB
:10475000236A2846984718B103780BB1D721EFE7B1
:1047600038BD426808B5034611441A785960012AD9
:10477000A1F1500006D1FEF745FF40B9B7216A20EC
:10478000FFF7B0F9FEF73EFF08B9BC21F7E708BD17
:10479000F8B504460E4619B9012384F829303CE0E7
:1047A0000D78032DF8D8DFE805F03A0212154868B5
:1047B000C72802D800252846F8BD0421FEF7CAFF05
:1047C0000028F7D171682046FFF7CBFFF3E7FCF72D
:1047D0001BFAF0E790F82470FFB94D682846FCF703
:1047E000E7F90028D8D02978D9B9012222702B798D
:1047F0002181003B18BF0123E3726B79002B0CBFB2
:1048000002230423A372AB6860336360EB68236107
:10481000032384F8263084F82520FCF7F5F90225D7
:10482000C9E794F82630052B04D040F277116A20AE
:10483000FFF758F927702B7994F827002781003B60
:1048400018BF0123E3726B79002B0CBF02230423F2
:10485000A372EB68A96860336360D4E906325B1821
:1048600042EBE172C4E90432042384F82630214685
:10487000FEF748FA0028D0D140F27911D7E770B599
:104880000D46044620B940F291116A20FFF72AF93B
:1048900090F82860082900F2F080DFE811F0EB00C2
:1048A0000900410041007C0086009000A9009700AB
:1048B00090F82630033B012B02D94FF4CE71E4E788
:1048C000052390F8241080F82630002380F8293042
:1048D00011BBFFF746FF2378012B18D194F827006E
:1048E000FEF7FAF9C4E90601236A00213046984729
:1048F00001462046FFF74CFF022820D0002800F098
:10490000BF80012840F0BF80236A0421EEE7D4E98C
:104910000423C4E90623E7E7BDE87040FCF774B957
:1049200090F82630DA1E012A02D94FF4DD71ACE787
:1049300090F8242072B101463046FFF7F8FE002DB2
:1049400040F0A48000F054F9002800F09F8040F26D
:104950002E219AE7042B0CBF02230123022980F8A1
:104960002630036A0CD1052130469847002800F014
:104970008D800378002B00F0898040F2CF1184E70E
:104980000621304698470028D9D00378002BD6D08E
:104990004FF4EA7179E790F82630052B02D040F207
:1049A000DB1172E7036A0221A0E790F82630052B9D
:1049B00002D040F2E11168E7036A012196E790F81E
:1049C0002630052BA8D040F2E7115EE790F826309C
:1049D000052B02D04FF4F67157E7036A0A213046DF
:1049E000984701462046FFF7D3FE40F2EF114CE70F
:1049F00090F82630052B07D090F825200AB1032B1C
:104A000002D040F2F31140E794F824202AB1214665
:104A10003046BDE87040FFF78ABE94F8293073B184
:104A2000022384F8263084F82920236A082130469E
:104A3000984758B303784BB340F2FF1125E794F839
:104A4000252052B194F8270084F825302146FEF73E
:104A500059F9D8B94FF4017117E7022384F82630C9
:104A60000721236A3046984780B1037873B140F23A
:104A70000B210AE74FF4047107E74FF4057104E7CF
:104A8000236A032132E740F22521FEE670BD70B5AE
:104A9000FCF706F9002405462646E0B2854200D818
:104AA00070BDFCF703F90134868480F82660F4E7D2
:104AB000F8B504460D46FCF7F3F800270646F8B2B1
:104AC000864204D8082D0CD96FF0150008E0FCF7D9
:104AD000EDF890F826300137002BF0D04FF0FF3082
:104AE000F8BD2CB129462046BDE8F840FCF7ECB8EB
:104AF00021462046F8E738B50546FCF7D7F80146C9
:104B000088B190F824408CB990F8263073B1013BFD
:104B1000012B04D82846FFF70AFE204638BD0123A2
:104B200080F82430F9E76FF00100F7E76FF022001A
:104B3000F4E770B50D46FCF7B9F8044600284AD0F2
:104B400090F82660731E012B4BD8002D46D02846C6
:104B5000FCF72EF8002841D02A7802BB01232370ED
:104B60002B792281003B18BF0123E3726B79002B64
:104B70000CBF02230423A372AB6860336360EB684D
:104B80002361032394F8270084F826302146FEF79A
:104B9000B9F848BB4FF42B716A20FEF7A3FF022E31
:104BA0001FD1002222702B7922819B1A18BF01236A
:104BB000E3726B79934218BF0426A672EB68A9686A
:104BC00060336360D4E906325B1842EBE172C4E9FA
:104BD00004320423D6E76FF0010070BD6FF01500BA
:104BE000FBE76FF02200F8E70020F6E7FCF758BD7E
:104BF00008B50020FCF764FE0068003818BF0120EB
:104C000008BD08B500F0AFF828B14FF0804302228C
:104C1000C3F8342C08BD00F088F80028F5D100F066
:104C200099F80028F1D1F5E74FF0804301221A608E
:104C300070474FF08043D3F8080400F0010070473C
:104C40004FF08043D3F8140400F0010070474FF098
:104C50008043D3F81C0400F0030070474FF08041FC
:104C60000246D1F81804D1F8181410F4803004D09A
:104C700001F00300831A58425841704707B568464F
:104C8000FCF706FCDDE900024FF080730021E2FB37
:104C9000030103B05DF804FB08B5FCF7E3FBBDE8D6
:104CA0000840FCF7C9BB0346002018707047EFF3BB
:104CB000108272B603780121DBB2017002B962B6CC
:104CC000012B0CBF6FF0220000207047EFF3108320
:104CD00072B60022027003B962B600207047FFF777
:104CE0002DB84FF08053D3F83001A0F10F03584294
:104CF000584170474FF08053D3F83001A0F10A03B8
:104D00005842584170474FF08053D3F83001A0F11A
:104D10000E035842584170474FF08053D3F830018A
:104D2000A0F110035842584170474FF08053D3F818
:104D30003001062803D0431C5842584170470120D7
:104D400070474FF08053D3F83001A0F10D03584263
:104D5000584170474FF08053D3F83001A0F1080359
:104D600058425841704708B5FFF7C4FF30B14FF0C3
:104D70008053D3F83401B0FA80F0400908BDFFF742
:104D80001FB8FFF71DB800280CBF6FF015000020FA
:104D900070470020704707230370002070470020F1
:104DA00070470020704710B50446FFF703FAA04291
:104DB00094BF0020012010BD2DE9F04F1F7C046935
:104DC00087B098467D2FDB68039381460E461546D3
:104DD0000BD9AD4AAD483B46012117F0A5FB6FF05A
:104DE0007905284607B0BDE8F08FBB1C04F2196AAC
:104DF000039984F818363A4650461BF04CFE04F5E9
:104E0000C06B58460EF07AFF022E34D00BD9F31E39
:104E1000012B4BD99E4A9D483346012117F084FB54
:104E20006FF08505DDE70023ADF8153095F85B30B0
:104E3000C3F34002C3F380038DF8113001238DF8D2
:104E40001330944B8DF8102093F8C4368DF814303D
:104E500006F0010604A904F5C3608DF8126008F09D
:104E600061F9002866D18C4A8848012117F053FB6C
:104E70006FF00405B5E70023ADF8143095F85B300A
:104E8000C3F34002C3F380038DF8113001238DF882
:104E90001230804B8DF8102093F8C4368DF8133003
:104EA00004A904F5C36008F06FF9DAE70023CDF830
:104EB000133095F85B30C3F34002C3F380038DF8E1
:104EC0001130331F5E425E418DF810208DF8126064
:104ED00019F0B4FF01238DF814306E4B8DF81300D8
:104EE00093F8C4368DF81530D5E908026B4B834230
:104EF0004FF00203934118D3694BA0FB030103FB5E
:104F00000211AB6AC01841F100014FF47A7200231C
:104F1000FBF746F91BF0B2FB0B4604A902460091D1
:104F200004F5C36019F0AEFF9BE74FF0FF306FF060
:104F30000041EAE7574BD3F8BC361BB1424600218B
:104F4000484698474FF0FF334FF0FF3258460EF077
:104F5000AFFE3A46039851461BF09DFD94F8C226D9
:104F600095F85B3062F3410385F85B3094F8C32613
:104F7000DBB262F3820385F85B3094F89836052B38
:104F80003FF676AF01A252F823F000BFAB4F00000E
:104F90007B50000075500000A54F0000714E0000CE
:104FA000755000006FF068051BE7D4F8A456002D7B
:104FB0003FF417AF04F5D66757E90232134356D0D2
:104FC0002D78206800220023CDE9002300231A4613
:104FD000294603F051FF064670B9324A2B48012199
:104FE00017F099FA6FF00B05D4F8A40619F076FFC4
:104FF0000023C4F8A436F4E6D4F8A4162A460131F6
:1050000018F06EFE00280ADA274A2048012117F01E
:1050100082FA6FF00B05304618F0D8FBE4E794F8FD
:10502000B03686F8593094F9B136AE339BB2FE2BC8
:1050300028BFFE2386F85A3057F8080C57F804CCDE
:105040004FF47A75A0FB050105FB0C110CA3D3E905
:105050000023FBF7A5F8C6E90801B262304618F054
:1050600008FC2068314606F047FE0025D3E76FF0C4
:105070002205B9E76FF02205B3E66FF00F05B0E641
:1050800000CA9A3B00000000875B020060430200F8
:105090009D5B0200000E0020B65B0200037DC1256F
:1050A00000CA9A3BC85B0200E25B020000000000FD
:1050B0002DE9F74F0FF2D80BDBE900AB06464FF0B6
:1050C000FF384FF0FF394FF0FF324FF0FF3306F556
:1050D00088600EF097FD43681F78044600231A4647
:1050E0003946CDE90089306803F0C6FE61683A466A
:1050F0000131054618F0F4FD0746002834D1237C21
:1051000085F8593094F91130AE339BB2FE2B28BF8D
:10511000FE2385F85A30A27C95F85B3062F30003D9
:1051200085F85B30A068D4F80CE04FF47A71A0FBEE
:10513000010C01FB0EC152465B46FBF731F8C5E995
:105140000801AA62E27C95F85B3062F3C30385F83C
:105150005B303068294617F0B3FC00280DDA0A4AA4
:105160000A48012117F0D7F900236068636019F03D
:10517000B5FE284618F02AFBA5E76068676019F0BD
:10518000ADFEA0E7AFF30080FF5B020060430200CA
:1051900000CA9A3B000000002DE9F041464F474EFF
:1051A000BB883268464C474DB97947482980023B55
:1051B00013822368DB68984723682878D3F8148023
:1051C000424D06F009FD01463F48C047FB7E296875
:1051D0003D48C3F30002C3F300135B0043EA8203BC
:1051E00091F85B2022F00602134381F85B302368BC
:1051F0005B689847C00531D5786978B33F69D5F8C1
:105200000080074407F014FA3B1A002B21DB874289
:1052100000D201314FF47A7CA7FB0C0724A3D3E919
:1052200000230CFB0171FAF7BBFFC8E908012368F2
:10523000C8F828209C692A68336804212248A047BE
:10524000431D21D008B310F1230F0CBF0E200F20F7
:105250001BE0874228BF01F1FF31DBE7F97E2368BD
:1052600011F004011ED05B6817489847C1062368F7
:1052700004D59C692A6833680221DFE79B681248DD
:10528000984748B1421DDED10B20114B1870BDE884
:10529000F041042006F0EABC23682A689C69336860
:1052A0000146CBE79C692A683368C7E7AFF3008003
:1052B00000CA9A3B000000008029002020530020F3
:1052C0001C53002084630020044302002453002068
:1052D0002864002038B5044C044DAC4200D338BDDE
:1052E00054F8043B9847F8E738430200384302007B
:1052F00038B5054C256804EB850405B938BD54F86C
:105300000439013D9847F8E72C4302002DE9F04F9E
:1053100091B08407009302F004030293C2F3C20326
:1053200003F10103DDF86890039205460E460593EC
:1053300040F0BA81041D30B1072909D86FF01B0075
:1053400011B0BDE8F08F01F00706341DC6F1080664
:10535000009B4FF00008591E4FF0040A4FF0FF3336
:105360000193CDF810804746C34653460DB1009ACD
:1053700022600598002800F3E8809848009A82424D
:1053800003D397488242C0F0E080039AA4EB050E55
:1053900092074FEA9E0000F103810F2F00F2B180C7
:1053A000002D00F0058107F140020DEB020C019A7F
:1053B0000CF8200C0CF8102C049801300490E7E055
:1053C0007A285DD84B280ED8472859D829282DD8B7
:1053D000252852D054D820287AD02338D0F1000B79
:1053E0004BEB000B74E04C382E2849D8DFE800F076
:1053F0007048484848484848484848484B48484802
:10540000484848484859484B4B595959704B6D4882
:105410007048184B184848827F4B48484B487F00DB
:1054200000204FF0000B4FF0040A38E02A38C0B2D9
:10543000012202FA00F010EA0E0F49D110F0625C6E
:105440002FD110EA020B43D06046013C5444B4FB18
:10545000FAF40AFB04F4002D61D0A3EB050CA4447C
:10546000B4453FF66BAF002868D1042B47D159F8FB
:10547000043B2360043404232AE0019A013A019298
:105480004FF0000B24E011F8010C6C2834D111F816
:10549000023C00206C2B8346C5D14FF0080A5346CE
:1054A000D3E709F1070929F007090734F9E802AB46
:1054B00024F0070435B106982044B0423FF63EAFD1
:1054C000C4E900AB08344FF0000B4FF0080A534614
:1054D00011F8010F002878D0BBF1000F7FF470AFF6
:1054E0002528F5D1019B013301934FF0010B4FF0BB
:1054F000040AECE7584694E700208346A5E7082B0A
:1055000002D06FF015001BE709F1070929F0070920
:10551000F9E80223C4E9002308340823D8E768B96E
:10552000042B02D109F10409A4E7082BE9D109F100
:10553000070929F0070909F10809EDE7059A013A79
:10554000059259F8042B009210E7039A900720D592
:10555000A4EB050E4FEA9E004FF0010CBEF5007F54
:10556000CFD20F2FCDD8F5B107F140020DEB020ECF
:10557000C0B2019A0EF8200C0EF8102CBCF1000FEE
:105580003FF41AAF60F07F000EF8200C08F101081C
:105590000137C5F10802043406924FF6DA7E97E728
:1055A0004FF0000CDAE7BCF1000F01D00136EFE755
:1055B000029802360028EBD10098CDE90631FFF7BA
:1055C0004BF8DDE906310644E2E7631BB3F5806F73
:1055D00097D23DB9A6F10804E018B1E67041020087
:1055E000E0650200029A28609B082B709DF810303D
:1055F000C2B1EB7085F80280B8F1000F05D008A8A1
:105600000022C5F1010C97420ED1C5F101030DF145
:1056100020094FF0000A01930DF1300B574512D1CC
:10562000601B8DE66B70E5E710F8013B190608D5A5
:1056300004EB0C0EB64503F07F033FF67FAE04F893
:10564000013B0132DFE7B8F1000F03D099F90020E8
:10565000002A17DB029BD3B11AF80B2004F8012BA8
:105660000022019B98182044B0423FF667AE99F89B
:10567000000004F8010B0099039220461BF00BFA7E
:10568000039A14440AF1010A09F10109C6E799F8DD
:10569000002055F822300093029B45F822300098F4
:1056A000FEF7DAFF421CDCE76FF00D0048E600BFB2
:1056B0002DE9F04F95B090F802A0DDF878B0029394
:1056C000CBF3C003044616460593894641B9457895
:1056D00000780AEB800020444D4516D8A0EB040961
:1056E000E3780493BAF1000F02D01BF0010F15D13B
:1056F000049B002B39D11EB1029A49462046B0477F
:105700004D46284615B0BDE8F08F471C3846FEF7D9
:10571000A3FF0130384409F10109DDE7227863680D
:1057200000920393009B9200069204EB8301002EEB
:1057300040F0D6804D460F4601EB0A080026B845DA
:1057400022D017F8013B009154F82300FEF784FFA4
:105750001F9B0099013033B1209BB34282BF1F9B36
:1057600023F8160001360544E9E71BF0020FC2D00A
:10577000237800931F469B0006936368039304EB12
:105780008701002E44D14D46049B01EB0A071BF014
:10579000050F07EB43090BF002030CBF4FF0020AA1
:1057A0004FF0010A00934F45ABD017F8021B17F8D2
:1057B000013C54F823808D4B984502D38C4B98457F
:1057C00007D3059B93B1039816F09AF970B1023D87
:1057D000E9E7059B23B1039816F092F90028F6D16A
:1057E0001BF0010F05D1A5EB0A05DCE7009B002BA0
:1057F000D9D04046FEF730FF1F9B3BB1209BB34200
:1058000081BF1F9A431C22F8163001360544CAE7AF
:10581000BAF1000F69D01BF0040769D0D046002709
:1058200010A8524601911BF036F90199049A01EB38
:105830000A030193049B5B000893019B03EB420363
:1058400007930BF002030993079B019A934251D1EE
:1058500063781BF0020F07EB03020CBF4FEA5801FD
:1058600000211BF0010FD2B240F090801BF0040F1A
:1058700014BF404600206270A070E170029A069941
:1058800003932046B047051EFFF63BAF009B2370F5
:10589000039B6370049B029A84F802A04146E37064
:1058A00010A8B047B0F10008C0F29B80069B029A96
:1058B0000198A9EB0A01C91A089BC91AB047002828
:1058C000C0F29180A84400EB08054FF000090DF1EB
:1058D000300BB9455CD30021029A0846B04710E767
:1058E00057460CA84FF000089BE75746D0469DE767
:1058F000B8469BE7019B13F8021B019313F8015C68
:105900003A4B54F825209A4202D3394B9A421AD383
:10591000059B23B1039816F0F3F8002894D1099B56
:10592000E3B908F1500308F101020DEB030014ABD9
:1059300053FA82F208F1020800F8101C5FFA88F8A6
:1059400002F8105C80E7059B2BB1039816F0D8F89D
:1059500000287FF479AF1BF0010F08D007F1500346
:105960007A1C0DEB030707F8205CD7B26CE71BF03D
:10597000040F3FF469AF08F1500308F101020DEB89
:10598000030808F8105C5FFA82F85DE7002072E710
:1059900019F80B308DF82F3054F823A01F9BEBB172
:1059A00033F81980029A01210DF12F00B047002829
:1059B00019DB0544B8F1000F06D15046FEF74CFE46
:1059C00000F101081FFA88F8029A41465046B04794
:1059D000002808DB054409F101097AE7DDF87C803D
:1059E000E0E745468DE605468BE600BF70410200C4
:1059F000E0650200014B1860704700BF4C000020BA
:105A000030B587B00025CDE903010446009503A910
:105A10000548059500F06CF8DDE904309842B8BF00
:105A2000255407B030BD00BF4FBB0100F0B5094E93
:105A3000016802460A2700200B4601311C78355DBB
:105A40006D0701D41360F0BD07FB0043A3F13000E4
:105A5000F2E700BF3B6002002DE9F84F15469A4679
:105A6000D378224A12F803B06F2B80460F460BF012
:105A7000030B29D024D8582B0CBF10260A26DDF89A
:105A800028903246002340463946FAF7D9FB092AC6
:105A9000D4B21ED83034B045E4B277F1000709F82B
:105AA000014D01D3D14511D82B789B0605D5082E81
:105AB00015D1AB7843F00803AB704846BDE8F88FCA
:105AC00003F0F703702BD7E70826D8E780460F4688
:105AD000D7E7BBF1010F0CBF37345734DBE7102E8B
:105AE000EBD1AB7843F01003E6E700BF3B60020068
:105AF0002DE9F04F97B08A46039016461C460025C4
:105B0000307808B928464BE3731C2528049307D046
:105B1000039B514698470028C0F242830135F0E1CB
:105B20001822002110A81AF0DEFF7378252B00F050
:105B3000A3800023711C98469E469C4618460F463B
:105B400011F8012B2B2A00F0C68000F2BD80202A1C
:105B500000F0C480232A00F0C4802BB19DF84830A7
:105B600043F040038DF84830B8F1000F05D09DF8A0
:105B7000483043F020038DF84830BEF1000F05D0C7
:105B80009DF8483043F010038DF84830BCF1000F09
:105B900005D09DF8483043F008038DF8483028B10F
:105BA0009DF8483043F004038DF848309DF84830A4
:105BB00003F04401442903D16FF386138DF8483074
:105BC0009DF84830099743F080032A2A8DF8483021
:105BD00040F08C809DF8493043F001038DF8493046
:105BE0007B1C1A782E2A9DF849200CBF0121002128
:105BF00061F341028DF849200CD15A1C09925A7860
:105C00002A2A40F083809DF8492042F004028DF852
:105C1000492002331A786C2A00F0A48000F28680B2
:105C2000682A00F08C806A2A00F0A5804C2A00F0D7
:105C3000AA801A4612F8013B0492782B9DF849205D
:105C40008DF84B3000F217816D2B00F2A980692B83
:105C500000F21181572B00F2BE80412B03D0453B4F
:105C6000022B00F208819DF84A30042262F30203FD
:105C70008DF84A300123CAE0B21C04928DF84B30F3
:105C80009DF84930D90740F1FD8054F8048BB8F1F4
:105C9000000F07DA9DF8482042F004028DF84820F2
:105CA000C8F100085A0740F1F68054F804BBBBF174
:105CB000000F80F2F5809DF849306FF341038DF8B5
:105CC00049304FF0FF3BEBE02D2A0DD0302A7FF416
:105CD00044AF012333E74FF0010C30E74FF0010EE2
:105CE0002DE74FF001082AE7012028E709A8FFF770
:105CF0009DFE099BBB423FF474AF9DF84820139072
:105D0000C00F60F341028DF848206AE709A8FFF749
:105D10008DFE9DF848301490C3F3400242EAD072E1
:105D200062F341038DF84830099B73E7742A26D04B
:105D30007A2A7FF47EAF9DF8492006210CE05A783C
:105D4000682A9DF8492006D1012161F3C6028DF829
:105D5000492002336DE7022161F3C6028DF8492024
:105D6000013366E75A786C2A9DF8492001D1042155
:105D7000EBE70321F0E79DF849200521ECE79DF8CA
:105D800049200721E8E7BDF8482022F4F04222F03C
:105D9000020242F4804242F00202ADF84820DFE7FE
:105DA0006E3BD9B201238B4040F282410B4238D185
:105DB00013F0240F52D1DF075DD59DF84A3003213F
:105DC00061F302038DF84A3002F07803A3F140003A
:105DD000434243411BE0A3F15801C9B2012000FA3C
:105DE00001F111F4624F7FF43EAF40F601073942F2
:105DF0001DD111F4043F3ED09DF84A3060F30203F8
:105E000002F07802402A8DF84A3034D000239DF801
:105E10004820C2F340010B4363F341028DF8482050
:105E20002EE79DF84A30022161F30203E8E79DF86E
:105E30004A10022002F0780260F30201402A8DF835
:105E40004A1002BF9DF8481041F001018DF848103A
:105E5000632BDBD1131E18BF0123D8E79DF84A300E
:105E6000032161F3020312F0780F8DF84A3014BF5A
:105E700001230023CBE79DF8483043F001038DF860
:105E80004830C3E79DF94820002AB4BFDDF84C80B4
:105E90004FF0FF3806E79F077FF513AFDDF850B0EE
:105EA0009DF849100023CDE913339DF84A3003F0E3
:105EB0000703012BC1F3C30133D1CB1E042B04D83C
:105EC000DFE803F0214646212100236801294FEA3B
:105ED000E372CDE910321CD19DF94030DA17CDE9DB
:105EE000103204349DF8483013F0030750D0049B5F
:105EF00003983246514615F061FE0028C0F25081E9
:105F00000544049EFCE554F8043BDA17CDE9103251
:105F1000E8E70229E5D11AB243F3C033CDE91023F3
:105F2000DFE7022B24D1CB1E042B04D8DFE803F0DB
:105F3000181010181800012954F8043B4FF0000203
:105F400014D00229CDE91032CCD19BB21093C9E70D
:105F5000073424F00704F4E80223CDE91023C1E755
:105F600054F8043B109300231193BBE7DBB2CDE759
:105F7000042B08D1073424F00704D4E900230834A3
:105F8000CDE91023AEE7032BACD154F8043BDDE799
:105F90009DF84B007828B4D862281DD825283FF4F6
:105FA000B7AD5828ADD10DF13E030093DDE91001E6
:105FB0000AAB12AAFFF750FDBBF1000F814680F239
:105FC0009980B9F1000F9CD00DF13E06A6EB0903B4
:105FD000002F50D001334EE06338152891D801A22C
:105FE00052F820F065600000C9600000035F000007
:105FF000035F0000035F0000035F0000C960000052
:10600000035F0000035F0000035F0000035F000008
:1060100055610000EF60000017610000035F0000A1
:10602000035F00003D600000035F0000EF600000C0
:10603000035F0000035F0000EF600000BBF1000F92
:10604000DDF840900ADB594648461AF0E8FDB9F100
:10605000000F3FF456AF09EB000677E04846FEF725
:10606000FBFAF8E7109B8DF8283000270DF1290680
:106070000DF1280901239DF84A1011F01002069233
:1060800000F082800233139A059213444A0644BFFB
:1060900014995B18B8F1000F40F38F80A8EB030848
:1060A0009DF848305807C3F3800B00F186805906ED
:1060B00079D53FB1039B51463846984700286FDB9E
:1060C00001355F4630236FE01E075CBFC3F300134A
:1060D0005F01DDE9102348BF2B27002BBFF663AF1C
:1060E000524263EB4303CDE910232D275BE70027E2
:1060F00059E700279DF848100DF13E03A3EB090373
:106100006FF386119B458DF848107FF65AAFABEBC5
:106110000303139355E7109880B30DF13E060AABC5
:10612000009612AA0021FFF797FCBDF84A3003F051
:10613000EF0343F4F04343F01003BBF1000F81463B
:10614000ADF84A30D5DA00283FF4DBAEA6EB090300
:10615000002790E7109B07293FF6D3AEDFE801F058
:106160000C04060C08080C0C1D70CAE61D80C8E65D
:10617000EA17C3E90052C4E61D60C2E6304E074686
:10618000A6F10509052376E7080748BF01337AE73A
:10619000184607935146039B98470028079B04DA4B
:1061A00017B0BDE8F08F2023C346594600290BF1F4
:1061B000FF3BEDDC45446D1AD84637B1039B514691
:1061C000384698470028EBDB01359DF84A30DA065F
:1061D00001D41B0706D5039B514630209847002861
:1061E000DEDB0135069B3BB19DF84B00039B51461E
:1061F00098470028D4DB0135059F2F4406E0039B18
:106200005146302098470028CADB01357B1B002B04
:10621000F5DC039833464A46514615F0CFFC00287A
:10622000BEDB0544A844A8EB0503002B7FF769AE4D
:10623000039B5146202098470028B1DB0135F2E747
:106240009252020008B50446EFF31183402383F312
:106250001288BFF36F8F05F06BFA204601F0EAFA5F
:10626000024815F087FC16F022FAFCE79352020070
:106270002DE9F047858B04462807904611D4022962
:1062800005F0070540F0CC80204615F01BFF78B1E3
:106290000138A18B042811D8DFE800F0C2106D8509
:1062A000950001290CBF45F0100545F02005A58398
:1062B00088F31188BFF36F8FBDE8F08701F0070AFC
:1062C000AA4500F0A5800027B9463E46A368002BEA
:1062D00000F0BC8041F00801A18388F31188BFF36E
:1062E0006F8FA168002900F0BA800D68002900F0C6
:1062F000B680D1F80480334652462046C047002D70
:1063000076D02B6829461D46F0E701F007035A1F97
:10631000012A1BD8002221F00701062B276889B229
:10632000C4E9002209D13B4603E0E28B0132E2835B
:106330001B68002BF9D141F00201A183204615F022
:10634000C1FE00287AD041F0200176E0042B0AD16A
:1063500021F0070189B2A183204615F0B3FE10B1E8
:1063600041F02001A183A18B01F0070AAA454FD07B
:106370000027B946AAE7236921F0070141F0060189
:10638000062DD3F80090A1832DD1B9F1000F3FD095
:1063900041F00801A18388F31188BFF36F8F3A4958
:1063A0002046C84729E021F00701236941F0040194
:1063B00089B2042DD3F80490A183E6D000273E468D
:1063C0004FF0040A82E721F00701236941F005013B
:1063D00089B2052DD3F80890A183D6D000273E4678
:1063E0004FF0050A72E700273E464FF0060A6DE7B8
:1063F0002B4687E7B9F1000FD1D1EFF31188402385
:1064000083F31288BFF36F8FA38B23F00803A3835A
:10641000A58BEA062ED525F01003A38305F007050A
:10642000A669A18B002EBFF670AF00232768C4E9D0
:10643000003321F0070141F00101A183A18B01F09C
:10644000070AAA454FF000097FF440AF002F9CD007
:1064500041F00801A18388F31188BFF36F8F002FEB
:10646000C8D03D68394633465246204615F056FEA0
:106470002F46F4E7AB067FF51BAF25F02003A3837F
:1064800005F0070500E700BF49C101002DE9F0470D
:10649000DFF85880044607464FF0010914B9384622
:1064A000BDE8F08794FAA4F5B5FA85F509FA05F385
:1064B0002E0108EB05156FEA030A24EA03042B7B7F
:1064C000002BEBD058F806301B694BB9464401222B
:1064D00073682846196807EA0A0700F059FADDE7E9
:1064E000284698470028D9D1F0E700BFE0430200D2
:1064F00030B51049104889B000221AF02AF80F4D23
:106500000F4900220023CDE9062300240E23CDE904
:106510000334CDE901440B4B00944FF4006228464C
:106520000DF012FE0849284619F077FE204609B002
:1065300030BD00BF4D65000058250020001500202B
:10654000C07200203D680000C352020001480DF0F7
:106550008BBB00BF280600202DE9F04780461F486E
:106560000F4615F052FF0646002830D00025284679
:10657000BDE8F087237B6BB12368DB680BB1204655
:10658000984723681B69D3B96368012219682046BC
:1065900000F0FEF9013610344C45EBD3B8F1000F92
:1065A000E5D0002DE2D02846FFF770FF0546002F0A
:1065B000F7D000214FF4A4700EF0A2F8F1E72046C6
:1065C00098470028E0D00AFA06F31D43E2E7044C9E
:1065D000DFF8109005464FF0010ADDE75048002033
:1065E000E043020000440200014B53F820007047D2
:1065F000FC44020008B5034608462BB1044A136068
:1066000000F044FC002008BD6FF01500FBE700BF60
:106610005000002010B5044C237813B903480DF046
:1066200023FB0123237010BD8C630020280600206B
:1066300010B50446084815F0E8FE5CB1BFF35B8F67
:10664000064B53E8001F013943E80012002AF8D135
:10665000BFF35B8F10BD00BF484800204C480020AE
:106660000020064BBFF35B8F014653E8000F43E861
:106670000012002AF9D1BFF35B8F70474848002011
:1066800070B5FFF7EDFF084C084E0546B44200D345
:1066900070BD63685B792BB123685B6813B12946D1
:1066A000204698471034F1E7E0430200004402001E
:1066B00010B5044C0449204615F091FB034B1C60B7
:1066C00010BD00BF78040020E844020040480020CC
:1066D000084A094808B500231370084A1360084A9D
:1066E0004FF400411360FFF785FFBDE80840FFF756
:1066F000DFBF00BF8D63002007C4010048480020B1
:106700004C480020014600220148002315F088BBB8
:1067100078040020014815F01EBC00BF780400205A
:10672000024B0146186815F06ABC00BF40480020C3
:10673000014815F09FBC00BF7804002070B5284BBD
:10674000187800284BD0FFF7E5FF054690B1BFF35E
:106750005B8F244B53E8001F013943E80012002AE5
:10676000F8D1BFF35B8F204C204EB4422DD3284686
:10677000FFF7D6FF1E4B1F4C1B68002B19DD19F0CD
:10678000A1FE4FF47A72A0FB020302FB0131C30B9E
:10679000D4E9002043EA41439B1A4FEAD13140F249
:1067A000E93261EB0001934271F1000101D3FFF77F
:1067B00067FFD4E9003213F57A7342F10002C4E9AD
:1067C0000032BDE87040FFF7B3BF63685B7923B167
:1067D000236829461B68204698471034C5E770BDDA
:1067E0008C6300204C480020E0430200004402007B
:1067F000484800205025002070B50D4D297861B91A
:106800000120FFF7A9FE0B4C0B4EB44206D3FFF755
:1068100095FF0028FBD101232B7070BD63685B7965
:106820001BB1236820469B6898471034EDE700BFF2
:106830008D630020E04302000044020000212DE9A6
:10684000F0470846FFF788FE044648B340F2676801
:106850004FF000090DF072FF1A4B186030B11A4B5F
:106860001B68092B02DD19480DF0FEF9184FDFF8FF
:106870005CA0002544B12046FFF708FE044618B985
:106880004FF0FF384FF0FF39FFF758FF064628B9A1
:10689000B5B942464B4650460DF00AFA3546E9E78F
:1068A0004FF0FF384FF0FF39D4E72B689B691BB1DD
:1068B00000221146284698471035BD42F5D3E8E737
:1068C000044DFAE7444800204C48002028060020E8
:1068D00000440200E043020013B5184815F095FD8E
:1068E000174B1B7873B1EFF31184402383F31288A5
:1068F000BFF36F8FFFF722FF84F31188BFF36F8F11
:1069000002B010BD0F4B1B68002BF9D050B900220C
:106910000023CDE900230C484FF4004200230EF081
:1069200075F9EDE70928EBD1074819F01EFE074875
:1069300002B0BDE810400DF097B900BF4C480020F0
:106940008D630020444800205825002028060020A0
:1069500010B5064B1B68044698472146A0600448C2
:1069600015F0DAFABDE81040FFF7B6BF500000207E
:1069700078040020044A054B9B1AB1EBD30F34BFB7
:1069800052F831000020704738430200E043020013
:10699000084BC31A10B41B114468013323714368B8
:1069A0009A7143681960436801225A7110BCFFF75D
:1069B00031BE00BFE04302002DE9F04F8FB0C1F3BC
:1069C0004A2605900D46904606930C0D002E43D0A6
:1069D000002709AB4FF0040B4FF00A0A0193CDF8E2
:1069E00008B00BABCDF800A03A4631464046CDE9A1
:1069F0000B770D97FEF75CFEB0F5006FB1460346CE
:106A000033D2C0F30A0604F11700184420F007003F
:106A100080080793FFF776FE66F35325044680B19E
:106A2000079B134ACDF808B000F11001CDE90C37EF
:106A300009ABCDE900A30B910BAB49464046FEF7ED
:106A400037FE66F35325069B05992A4620460FB06C
:106A5000BDE8F04F15F00FBD04F1170020F007005E
:106A60008008FFF74FFE0446EBE70FB0BDE8F08F5C
:106A70004BC401002DE9F04F87B0DDE91269DDE973
:106A8000105A04460F4693469846A6B31021CDF8F7
:106A90000090334652460020CDF81490FEF736FCA5
:106AA000014605F117000844144B039104F0070454
:106AB0000BF0070BE40020F0070003EA412344EA4F
:106AC0008B1480081C43FFF71DFE44EA055405465D
:106AD00040B13EB10399CDF8009033465246103094
:106AE000FEF714FC434622463946284607B0BDE867
:106AF000F04F15F0C0BC3146D3E700BF00FE0F00D9
:106B0000406820B1034BC01A40F3CF0070474FF0EC
:106B1000FF307047384302000EB403B503AB0146A3
:106B200053F8042B0448019315F022FD02B05DF8E0
:106B300004EB03B0704700BF99C50100CA0605D435
:106B40008B064CBF02490349FFF7E6BF704700BF01
:106B50003C6302003B6302002DE9F04F89B09A4686
:106B6000149B06939DF84CB0159B0593169B179E9E
:106B7000049304460D469046BBF1000F00F09D8043
:106B800006F48073079315F05EFC06F002090246D6
:106B900000283ED092492046FFF7BEFF0746B9F1D4
:106BA000000F08D016F0440F35D18E492A462046F2
:106BB000FFF7B2FF074406F0010353B18A4B8B493C
:106BC00053F82B208A4B2046002A08BF1A46FFF7AD
:106BD000A3FF06F48073002B49D006F00803002BB6
:106BE00063D1B8F1000F66D0824942462046FFF7D4
:106BF00093FF0546069B3D44002B6DD1049B002B63
:106C000073D1F30700F1E58031462046FFF796FF88
:106C1000D9E00746C3E7784B18680028CAD0774BFD
:106C20004FF47A791B68B5FBF3F54FF46161B5FB5E
:106C3000F0F300FB135509FB05F54FF03C0CB3FBDB
:106C4000F1F201FB1231B5FBF0FEB1FBFCF300FBEE
:106C50001E550CFB131109FB05F50091B5FBF0F572
:106C60006749CDE901E52046FFF756FFA2E706F0A8
:106C70000803EBB1634B644953F82B202046FFF720
:106C80004BFF0546B8F1000F05D05A494246204651
:106C9000FFF742FF0544BAF1000FABD05B49524603
:106CA0002046FFF739FF0544A4E74FF0000AE1E76B
:106CB00006F00805E6E745469CE7BAF1010F069B9A
:106CC00006D1002B65D1049B002B7CD000250CE065
:106CD000002BF8D04E485DE04E48069B4E492246B8
:106CE00014F0DDFE049B002B69D0DFF83081DFF863
:106CF0003091049F3146102F204628BF1027FFF700
:106D00001DFF4FF0000A554546DC059B49461A78A1
:106D10002046FFF701FF4FF0010A1AF0070F03D1D9
:106D200041462046FFF7F8FE57453CD9059B4946AA
:106D300013F80A202046FFF7EFFE0AF1010ABAF124
:106D4000100FEAD1374920464FF0000AFFF7E4FE62
:106D50005246059B9A5C344B995C11F0970F08BF23
:106D60002E2232492046FFF7D7FE0AF1010ABAF176
:106D7000100F1DD01AF0070F03D141462046FFF730
:106D8000CBFE57455246E4D841462046FFF7C4FEA5
:106D9000EBE720485D46A0E741462046FFF7BCFEF2
:106DA0000AF1010AAFE722492046FFF7B5FEC4E722
:106DB000059B3B440593049BDB1B049399D1BBF1DA
:106DC000000F7FF41EAF204609B0BDE8F04F15F06C
:106DD000D6BB074A05492046FFF79EFE14E700BFD1
:106DE000DD520200E15202000C450200065302008F
:106DF000D85202000953020058480020544800208D
:106E0000EA520200204502000D5302001353020013
:106E1000CFC5010099C5010071C5010020530200D2
:106E200018530200225302003B6002002453020068
:106E30001E53020073B542F20F738B4228BF0B46FC
:106E400005680F4A04460521684614F0A0FE6368F1
:106E50000C495B6806460B22284615F07BFB6368ED
:106E60003246694628465B6815F074FB636806493C
:106E70005B681B22284615F06DFB02B070BD00BF99
:106E80009A5C02004353020027530200074A002184
:106E90000123904206D8064A01B901231360054B2D
:106EA0001860704740085B000121F2E740420F0084
:106EB0005448002058480020014B01221A707047A6
:106EC0008E630020014B002019607047704800203D
:106ED000024B034801221A7015F051BB8F6300204A
:106EE000504502000148FFF7A5BF00BF5045020012
:106EF00010B5064B18680C46FFF776FB2146034693
:106F0000BDE8104002480F22184700BF704800201B
:106F10005045020010B9074B18707047064B1B789C
:106F20001BB141F2883018F005BFA42000210DF0FC
:106F3000E7BB00BF8E6300208F6300202DE9F8437C
:106F4000DFF874901D4F80460E46042499F80050D7
:106F500095B90CF08DFB2846324641460CF03AFBC1
:106F600005460CF08FFBE5B101233B7099F800302A
:106F700073B93046BDE8F8833246414600200CF034
:106F800029FB0546EFE72046FFF7C4FF651E2C46A8
:106F900000200CF063FB0028EBD03B78002BF2D1F3
:106FA000E7E73B78002BE4D0013C2046FFF7B2FF37
:106FB0003B78002BCAD1DCE78F6300208E63002072
:106FC000014B00201960704788480020014B0122C6
:106FD0001A707047A063002002484022002119F077
:106FE00082BD00BFA163002038B50C4B0546187860
:106FF0000C4660B105F02CFDA1B2284605F0F8FC66
:1070000022460021064819F06EFD204638BD054A8B
:107010002B460D210FF00CFEF2E700BFA06300200D
:10702000A1630020065302000148FFF703BF00BF21
:107030007C45020010B5064B18680C46FFF7D4FAE1
:1070400021460346BDE8104002481F22184700BFF2
:10705000884800207C450200014B036000207047F7
:107060008C45020008B5044814F084FDBDE80840D2
:10707000024814F07FBD00BF92530200C7530200C4
:10708000014811F06DBB00BF8C45020038B50446C5
:1070900018B90F4B0F485B6898476168B1F5683FB6
:1070A00010D0B1F5680F0DD00B4DA9420AD011F4E4
:1070B0006861206807D00146084818F0F9FE0023EF
:1070C0002360656038BD142219F00DFDF9E700BF9B
:1070D0006C020020F55302002C5F5CA98C4D00204F
:1070E00008B520B34368B3F5683F10D101220368A7
:1070F000BFF35B8F53E8001F002903D143E8002052
:107100000028F7D1BFF35B8F0DD1002008BD094ADD
:1071100093420AD000684FF0FF324FF0FF330CF07B
:10712000BDFC0028F1D00448F0E70448EEE76FF416
:10713000E040EBE72C5F5CA9E98FFFFFEA8FFFFFE0
:1071400008B5D8B14368B3F5683F10D10022036891
:10715000BFF35B8F53E8001F012903D143E80020F0
:107160000028F7D1BFF35B8F0BD1002008BD074A81
:10717000934208D000680CF009FDF6E76FF4E04098
:10718000F4E70348F2E70348F0E700BF2C5F5CA98F
:10719000E98FFFFFEA8FFFFF10B5044618B91D4BBA
:1071A0001D485B6898476368B3F5683F2FD0B3F517
:1071B000680F2CD0194A934219D1236803BB184891
:1071C0004FF0FF324FF0FF3321460CF039FC08B985
:1071D00023681BB90F4B13485B689847206814223B
:1071E000002119F080FC4FF46863636008E0B3F598
:1071F000683F0DD83A2B03D040F6BA629342DED1F5
:10720000206818F08DFE636843F03A03636010BD98
:10721000054AF3E76C020020F55302002C5F5CA9DD
:107220008C4D00201B5402003A00003A08B5064974
:1072300006484023142218F02CFEBDE808400449FB
:10724000044811F051BB00BF8C4800208C4D002039
:1072500094450200A845020038B50C46154615F0C5
:10726000FDF9034B43F8305003EBC0035C6038BDBD
:10727000E00200202DE9F047064600AF0C46002949
:1072800036D0E9468AB0D1E90012A3686D4621489C
:10729000A8464FF0050AC5E90501C5E9072348F8E6
:1072A00010AF1D48424600234FF42151FFF784FBE5
:1072B000CD46D4E903126369AD461848C5F810A05D
:1072C000C5E90501C5E907231348002342464FF4E9
:1072D0002151FFF771FBCD46E369114A0E480121A8
:1072E00015F022F9A3690F4A0B48012115F01CF98A
:1072F000012E07D1EFF305830B4A0748103B3146B7
:1073000015F012F9214630460CF0D8F9BD46BDE81B
:10731000F08700BF48540200A843020077540200DF
:10732000A6540200B5540200E354020030BFFFF738
:10733000FDBF00BF074A936893F90E10002907DBD1
:10734000926993421FBF044A536843F080535360CD
:10735000704700BFF857002000ED00E070B5294CE1
:1073600006460D462848294915F084F9A36AD90430
:107370003CD52548264915F07DF91720A36A1A0542
:1073800004D52148234915F075F918201D4CA36A2E
:107390009B0512D51C48204915F06CF9A36BA26A15
:1073A000100409D51D4A1848012115F0BDF81EB179
:1073B000A36A23F40043A3621920124CA36A59055F
:1073C00004D51148164915F055F91A20A36ADA05B3
:1073D0000ED50D48134915F04DF91B20094A936A43
:1073E00043F47F43936200232B7070BD1620C5E7E2
:1073F000A36A9B04F2D504480B4915F03BF91C2005
:10740000ECE700BF00ED00E0A8430200F6540200E4
:107410000C5502001D55020030550200495502006E
:107420005E550200795502009155020010B5204CBE
:107430002049214815F01EF9A36A990136D51E4846
:107440001E4915F017F91E20A36ADA0104D51A485F
:107450001B4915F00FF91F20154CA36A1B0304D517
:107460001548184915F006F92120A36A590304D5D7
:107470001148154915F0FEF822200D4CA36A9A0315
:1074800004D50D48114915F0F5F82320A36ADB0354
:1074900004D509480E4915F0EDF82420044A936AF2
:1074A0006FEA03436FEA1343936210BD1D20CBE7DD
:1074B00000ED00E0C0550200A8430200D8550200CC
:1074C000EB55020005560200235602004856020002
:1074D000625602002DE9F843364D8046894636480B
:1074E0003649174615F0C6F8AB6ADE0627D534498B
:1074F000314815F0BFF81124AB6A1D0704D5314996
:107500002D4815F0B7F812242A4DAB6A980718D504
:107510002D49294815F0AEF86E6BAB6A190646D5B1
:107520002A4A25483346012114F0FEFFB9F1000F25
:1075300003D0AB6A23F08003AB62132403E0102472
:10754000DAE76FF015061B4DAB6ADA0704D5204960
:10755000194815F08FF81424AB6A9B0604D51D4911
:10756000154815F087F81524124B9A6AD50602D4EF
:107570009A6A90070AD55B68190507D541463046D7
:1075800000F0A8FA10B180F309880224094B9A6A26
:10759000920642BF5A6A22F400525A629A6A42F034
:1075A000FF029A6200233B702046BDE8F8836FF02B
:1075B0001506C2E700ED00E0A84302008D56020068
:1075C000A35602001D550200D6560200EE560200D8
:1075D00004570200915502002DE9F041664B8AB034
:1075E000D3F8048000AF0446C8F30805002686F3EC
:1075F0001188BFF36F8F02F07F43B3F17F4F07D144
:1076000002F00C03082B12D15C495D4815F032F8EA
:10761000002634460023FB71EB1E092B00F28A8002
:10762000DFE803F00A80837D8888888888861007D1
:107630004CBF0C460126EDE7524951484E4D15F01E
:1076400019F80023FB71EB6A9A0705D54E494C489F
:1076500015F010F8002333E0EB6A002B01DA4B49F8
:10766000F5E7EB6A5B00F5D54949454815F002F8A6
:107670006B69A26943F480736B61BFF34F8FBFF3F3
:107680006F8F6B6932F8022C23F480736B61BFF348
:107690004F8FBFF36F8F4DF602739A4209D0AB6ADA
:1076A000DBB27BB3FA1D01212046FFF713FF03462F
:1076B00006E02368374A3248012114F035FF236879
:1076C000FA79DAB907F1080504F1200C206861683D
:1076D0002A4603C2083464451546F7D17A6A002E5B
:1076E00044D0C2F3080121B96FEA52226FEA422264
:1076F0007A6207F108011846FFF7BCFD2837BD463E
:10770000BDE8F081AB6A13F47F4F04D0F91D01206E
:10771000FFF724FECBE7AB6AB3F5803F9AD3FFF7C0
:1077200085FEC4E7FA1D0021BEE7F91D0020EFE742
:1077300019498CE7194A1A4B18F4F87FE8468AB0C1
:1077400018BF13466A461749C2E905134FF4007380
:107750001384103D144BD56142F8103F08480023B4
:107760004FF41151FFF728F9C54673E722F4FF7271
:1077700022F00102BCE700BF00ED00E0515702001B
:10778000A84302007C57020093570200B45702003E
:10779000C2570200E1570200FD57020038570200AD
:1077A000235702002158020004000001024A5369D5
:1077B00043F010035361704700ED00E0EFF30880E1
:1077C000EFF3098101B57246FFF706FF01BD00BF67
:1077D000002080F31488BFF36F8F0AF0F7FD0020BC
:1077E00011490860BFF34F8F104880F3088800F0FC
:1077F00045F8402080F311880D484FF0AA014FF45E
:10780000307218F0C7FA0A484FF43071401880F30C
:107810000988EFF314800221084380F31488BFF332
:107820006F8F00F01FF9000094ED00E0C09300207E
:1078300040860020BFF34F8F0549064BCA6802F40B
:10784000E0621343CB60BFF34F8F00BFFDE700BF83
:1078500000ED00E00400FA050749D1F8902000236C
:10786000C2F307221846934200DB7047C1F89830F4
:10787000C1F8A0000133F6E700ED00E008B572B6EC
:10788000002383F31388FFF7E7FF144B4FF0FF3219
:10789000C3F88020C3F88420C3F88820C3F88C2064
:1078A000C3F89020C3F89420C3F89820C3F89C2014
:1078B000C3F88021C3F88421C3F88821C3F88C2140
:1078C000C3F89021C3F89421C3F89821C3F89C21F0
:1078D00062B6BFF34F8FBFF36F8F08BD00E100E0CA
:1078E000084B9B6883420BD1EFF3058343B1064BF2
:1078F0005A6842F080525A605A6A22F400425A6230
:1079000018F083BDF857002000ED00E0094A9368A5
:107910006FF00A01D967084998674B6843F08053B4
:107920004B60002383F31188BFF36F8F9368D86F88
:10793000704700BFF857002000ED00E010B5044686
:10794000EFF31183402383F31288BFF36F8F094B4A
:1079500098699860084B4FF000625A600022836F6C
:10796000826783F31188BFF36F8F00F017F9204609
:1079700010BD00BFF857002000ED00E00B498A68F9
:107980004FF030001044EFF3098C80E8F01F74468C
:107990007046FFF7D3FFA64604498A6802F130001B
:1079A00090E8F01F8CF3098870470000F85700201A
:1079B0001EF0040F0CBFEFF30880EFF3098081691C
:1079C00011F8021C0229FFD001B514F048FE01BDD8
:1079D00040B2002807DB044A4109012300F01F00E0
:1079E000834042F82130704700E100E040B20028B7
:1079F0000CDB4309064900F01F00203301228240BE
:107A000041F82320BFF34F8FBFF36F8F704700BF44
:107A100000E100E0054B420900F01F0053F822206E
:107A2000012303FA00F01040704700BF00E100E0BE
:107A300040B2D30754BF023100210028ACBF00F18F
:107A40006040074A4FEA4113ACBF00F5614000F0C7
:107A50000F00DBB2B4BF135480F80033704700BF8F
:107A600014ED00E00B4A08B50B4B22F07F029A6040
:107A7000BFF34F8FBFF36F8FD3F8882022F47002CB
:107A8000C3F888200BF006FF0CF0F6FE00F05CF85F
:107A90000BF042FF0000000000ED00E042F8203C47
:107AA000009B42F81C3C0A49019B42F8183C029B8F
:107AB00042F8143C21F001014FF0807342F8043C7D
:107AC00042F8081C0023203A02658367704700BF14
:107AD000A9BB0100094A0346906870B113F1160F63
:107AE000806E05D0A0F140029A4205D8834203D2AD
:107AF000814228BF0020704700207047F8570020BF
:107B000008B50B4B0E461546986000F047F82C461A
:107B100086F309884FF00000064B984720464FF047
:107B200000014FF000024FF00003034C204700BF5C
:107B3000F8570020A1C60100A9BB0100014B10228B
:107B40001A61704700ED00E0044800234021C2188C
:107B50000133302B82F80013F9D1704700E100E0C7
:107B600008B5EFF30583064A103B02EBC30152F858
:107B7000330049688847BDE80840FFF7DBBB00BF1A
:107B8000E0020020024B034A0348012100F08AB8BA
:107B90000000042000000020B8450200826E054B62
:107BA000403A1A60044A4021C3E9011218460121F3
:107BB00000F082B8AC4D002000000B1508B503465C
:107BC0001048D0F89020C2F30722013A934207D917
:107BD0000D480E4A012114F0A7FC6FF0150008BDF6
:107BE000C0F898300A6822F01F021A4342F01002CF
:107BF000C0F89C208A6842F00102C0F8A020184614
:107C0000EDE700BF00ED00E08043020038580200BD
:107C1000F0B50E4685B01F4604460025B5420DDA84
:107C2000606810B397B1431E18420AD0104A114839
:107C30002B46012114F078FC6FF01502104605B0B8
:107C4000F0BD1F28F2D921680B42EFD123680193C0
:107C500014F049FDA36801A90343D0B20393FFF7D1
:107C6000ADFF10F1160FE7D0421C01350C34D5E7FB
:107C70005E58020080430200044B0522C3F89420A2
:107C8000BFF34F8FBFF36F8F704700BF00ED00E071
:107C9000BFF35F8F024B0022C3F89420704700BFF0
:107CA00000ED00E010B5034C01232278FFF7B0FF90
:107CB000207010BDE163002008B50B4A0023127844
:107CC000FFF7A6FF10F1160F07D0084A0021D2F8DF
:107CD0009030C3F30723984200DB08BDC2F8980038
:107CE000C2F8A0100130F2E7E163002000ED00E0EF
:107CF0002DE9F04357485849D0F890300D68C3F348
:107D000007239D4285B000F2A180FFF7C1FF4968BB
:107D10000022954201F10C011AD1504C504F2570B0
:107D20006846FFF799F9DFF83C81DFF83C91064699
:107D30000025AE421FD1237846490020D1F890207B
:107D4000C2F3072293427BDBFFF796FF00204CE053
:107D5000C0F8982051F80C3C23F01F03134343F064
:107D60001003C0F89C3051F8043C43F00103C0F804
:107D7000A0300132CDE7009800EB05114FEA051C59
:107D8000CB683B40B3F5000F44D00AD8B3F5001FD1
:107D90002ED0B3F5800F34D0B3F5801F10D001354D
:107DA000C7E7B3F1807F3ED0B3F1007FF7D150F841
:107DB0000C3088684A6814F096FC40F4802009E092
:107DC00050F80C3088684A6814F08DFC40F08850F8
:107DD00040F43020039001A92078CDE90123FFF77A
:107DE000EDFE002828DA6FF0150005B0BDE8F0833D
:107DF00050F80C3088684A6814F075FC40EA0800B6
:107E0000E8E750F80C3088684A6814F06CFC40EAE7
:107E10000900DFE750F80C3088684A6814F063FC0A
:107E200040F08270D6E750F80C3088684A6814F049
:107E30005AFC40F08870CDE7237801332370AEE719
:107E4000C1F89830C1F8A000013377E74FF0FF3058
:107E5000CBE700BF00ED00E0C4450200E163002075
:107E60000000F0FF0000081100000202014B186042
:107E7000704700BF78000020F8B5084F06460D4651
:107E80000024AC4208DA3B6898470A28305504F1D0
:107E9000010401D00D28F4D12046F8BD7400002063
:107EA000F8B50A4F0D46461EC0F10104A3199D42C4
:107EB00001DC2846F8BD73780A2B02D13B680D20FF
:107EC00098473B6816F8010F9847EFE778000020C5
:107ED00010B5074C2368C2180648C0F1005101F5DF
:107EE00080218A423ABF2260C0184FF0FF3010BD97
:107EF000B84D002000B7002008B5054813F03AFE41
:107F0000002383F31188BFF36F8F0423184602DF29
:107F1000905802000E4A0123C2F840354FF08042CB
:107F20004FF08051C2F87835D1F83001082808D1D7
:107F3000D1F83411052904D80648415C09B1C2F8CA
:107F400038364FF080430122C3F880250020704767
:107F500000E001409958020020B1034B800143F03A
:107F600001031847704700BFD0440200F7B506462A
:107F70000D460D4883688AB21B6831469847002831
:107F800010DA00240CE02F1B042F28BF042716F062
:107F90000DFE3A46019001A9301918F07CFD3C44D1
:107FA000A542F0D803B0F0BDA042020010B50346D0
:107FB0000548826814688AB21946A0470028B4BFF1
:107FC0006FF00400002010BDA042020070B54169AE
:107FD000857A0C4E044659B1437ADB0706D4302328
:107FE00003FB05639B6A1B689B68984700236361DA
:107FF00005EB4505214606EB0510BDE8704018F07D
:1080000020B800BF90060020827A074B302101FB88
:108010000233DA6A93F822301B33801A23F0030309
:10802000B0FBF3F0704700BF9006002038B5074B57
:10803000827A302404FB02339B6AD3E901240C606A
:108040001568FFF7E1FF04FB005038BD90060020E3
:108050002DE9F04F85B005466846039190461C46D1
:1080600091469B4618F030FADDE90067EFF3118A7C
:10807000402383F31288BFF36F8F2B8C002B44D0E7
:10808000EA8B9A4226D90022002328460BF0BAFD3B
:108090000446F8B18AF31188BFF36F8F039B002B5E
:1080A00050D032463B46684618F032FAA27A2B4B43
:1080B000302101FB023320469B6A1B6803A91D681F
:1080C000DDE90023A847606100283CD12046FFF786
:1080D0007DFF2CE0298C4B1E2B848AF31188BFF383
:1080E0006F8F95F82230EA8BEC6A1B3323F0030381
:1080F000521A02FB0344194B194AEB1A1B11534342
:10810000A37295F82230E372C8E78AF31188BFF3AF
:108110006F8F54EA08040FD14FF00009CB464A464E
:108120005B4628460BF06EFD04460028B6D10024BD
:10813000204605B0BDE8F08F0CF000FB094B8342F0
:10814000EDD1E9E76361002301226360228123828C
:10815000039A63696282E360EAE700BF9006002049
:10816000ABAAAAAA2831002070B50C4C302500B962
:1081700070BD037A4668013BDBB20372002BF7D176
:10818000C3604360837A05FB03435B6A13B198477E
:108190003046ECE7FFF71AFFFAE700BF9006002031
:1081A000034B1B6808461A79196818F074BC00BFA5
:1081B000BC4D002008B5034800F0C0F908B10368C1
:1081C000986808BD4C070020F0B50546006885B0EA
:1081D0000B210C3014F02BFB28680C21084414F000
:1081E00026FB2B689C681C4B02930123039304F12C
:1081F000380704F1F006384617F092FE174930466A
:1082000017F0ABFF2B68164A10332046136014F0AA
:1082100030FB0021084616F056FD1AF040F9C4E97B
:10822000000504F099FB54F8500B0E490EF016FEB1
:10823000384614F0FAFA02AB00934FF4A0626FF0E4
:108240000703204608490BF091FE3146204617F0FF
:10825000AFFF05B0F0BD00BFBA58020081C80100F1
:10826000BC4D0020C9C70100007B002038B54FF08D
:10827000FF324FF0FF3305461D4814F0F4FC1D4B50
:108280001B687BB11A684FF0FF344FF47A705BB90A
:10829000631C1BD1184817F0A7FFBDE838401448ED
:1082A00014F004BD1A46EEE7D9691B8C491B00FB8C
:1082B0000313002B09DD9C4228BF1C461AB111682C
:1082C00013460A46E3E71146FAE700244FF4004557
:1082D00040F2E73000214FF47A720023E4FB0501FD
:1082E000F7F7AEFF02460B4603480BF0DBFED4E780
:1082F0009C05002008500020F02500202DE9F04FBB
:1083000087B01F4603908B46049214F0AEFC039B8B
:108310005B68002B00F0A380109A002402F0010299
:10832000191D0194A046A2462646204605922C22FD
:1083300002FB04324B4D926A22F07F4222F47D020E
:1083400022F0FF02AA4244D131F8042C022A40D183
:108350008E4648F2FE023EF80459954239D00BF1A0
:10836000FF3202924A1E94460022029D15F8019F98
:1083700002951CF8015FA94545D10832D2B2802A86
:10838000F3D1049DAA4228BF2A463D78954220D8C1
:108390002C2505FB043595F82A506D0709D53F2A91
:1083A00007D89BF80050FF2D13D19BF80150032DE7
:1083B0000FD12C2505FB0435059E95F82A50C5F3F1
:1083C000C0059EBB002D08BF92463A700E4608BFFE
:1083D00070460134062C01F12C01A8D1109B99079D
:1083E00029D540B1041D3146204614F013FC10B9C4
:1083F00087F800A026460398143014F057FC304646
:1084000007B0BDE8F08F89EA050515F0800FB8D1F7
:1084100002F108095FFA89F90132D2B26D00914583
:10842000EDB2AED015F0800FF6D0AAE73A70019207
:1084300088460E46CDE7109BDA070CD5B8F1000F41
:10844000D9D03146404614F0E5FB0028D3D1019B3A
:108450003B704646CFE7109BDB05CCD5C1E71E46F7
:10846000C9E700BF00010200F8B514F0DBFB4FF0D4
:10847000FF3306464FF0FF321C4814F0F4FB1C4952
:108480000B682BB100221C684FF47A7E17463BB96B
:108490003046FFF7EBFEBDE8F840144814F006BC88
:1084A000DD69188CAD1B0EFB0055002D9C460EDCC3
:1084B000186892B94D680860AB4200D1486093F8E3
:1084C00022001F6067F3000083F82200944654B135
:1084D0002068234662460446D9E710604868834214
:1084E00008BF4A60EBE72046F3E700BF9C05002089
:1084F00008500020002808DD431E054800EB8310CB
:10850000044B984228BF002070470020704700BFEE
:10851000F006002030070020054B064A934205D0A4
:10852000054A1068002808BF1846704700207047A9
:10853000F0060020300700201050002008B5074941
:10854000074B02468B4202D30023184608BD18464B
:1085500014F022FB8242F8D04033F3E730070020CA
:10856000F006002038B504460D4614F07EFB0721C6
:10857000204614F081FB20B3636843B105B12B6042
:10858000002504F1140014F091FB284638BD4FF08B
:10859000FF324FF0FF330C4814F065FB0B4BD3F860
:1085A000282242B96360C3F8284205B12B6006480F
:1085B00014F07CFBE4E7044814F078FB6FF002054C
:1085C000DFE76FF08505DCE79C050020CC4D00203F
:1085D0002DE9F74F1D4DDFF878A080460F464FF08C
:1085E0002C0B554501D3002426E0284614F03DFB12
:1085F0006C6805F1140924B9484614F057FB40355E
:10860000EFE7211D00260BFB064393F82A309B075A
:1086100016D531F8043C022B12D18022404601913C
:1086200014F0D6FA019958B107B13D602C234846A1
:1086300003FB064414F03AFB204603B0BDE8F08F7C
:108640000136062E01F12C01DDD1D5E7F006002020
:10865000300700202DE9F74F234CDFF890A080462B
:108660000D464FF0180B544507D245B12B6833B176
:10867000A34204D040345445F8D3002429E02046D6
:1086800014F0F3FA676804F1140927B9484614F0A6
:108690000DFB4034E7E707F5867100260BFB0673F8
:1086A00093F81C31DB0718D531F8043C022B14D1A8
:1086B00080224046019114F08BFA019968B105B10E
:1086C0002C60182404FB0674484604F5847414F0E6
:1086D000EDFA204603B0BDE8F08F0136082E01F117
:1086E0001801DBD1D2E700BFF006002030070020E0
:1086F0002DE9F04385B0002317460A888DF80F3026
:1087000048F2FE039A4204460D4631D00B78FF2B07
:1087100002D14B78022B2BD02946204614F070FB57
:1087200060B190F82480FCB100970DF10F03424630
:1087300029462046FFF7E2FD044610E04FF080088E
:10874000F1E7304600970DF10F0342462946FFF747
:10875000D5FD4036002818BF04464E45F1D3CCB1B4
:10876000204605B0BDE8F083114EDFF84890F4E7ED
:1087700024B10121204614F0ABFBDDE7FFF7CCFE6E
:10878000012114F0A5FB04460028E9D1084D094E4B
:10879000B54204D305B0BDE8F04300F0B3BA0121FF
:1087A000284614F095FB04460028D9D14035EFE760
:1087B000F006002030070020F0B587B000230193B9
:1087C00001AB05460F46164614F072FA044618B976
:1087D0006FF0150007B0F0BDBFF35B8F6369BFF3A7
:1087E0005B8F04F11402002BF2D0BFF35B8F581E95
:1087F00052E8001F994204D142E8000CBCF1000F7E
:10880000F6D1BFF35B8FE7D1012BE3DC94F82A307C
:10881000022F6FF3410384F82A302CD15EB328462F
:10882000019F14F022FA6B680BB394F82A30DB072F
:1088300014D4124E12484FF0FF334FF0FF3214F0B1
:1088400012FA04F11801304614F07AF9336813B9BA
:108850000C4817F0C9FC0A4814F028FA012F06D179
:10886000201D02A914F087F9284614F087FA05F1B3
:10887000140014F01BFA0020ACE700BF00500020E9
:108880009C050020C02500202DE9FF4114F0CAF905
:108890000023CDE9023307464FF0FF332F484FF056
:1088A000FF3214F0E0F92E4B1C68B4B12568DFF8F4
:1088B000B0804FF0FF36BCB13946204614F00FFDB2
:1088C00068B92146404614F03BF902A814F02EF98D
:1088D0002DB32B682C461D46EDE72546E7E786427B
:1088E00028BF0646AC42F3D1731C10D04FF40044AD
:1088F00040F2E73000214FF47A720023E6FB0401D6
:10890000F7F79EFC02460B4616480BF0CBFB1348CC
:1089100014F0CCF9029C24B904B0BDE8F0812B46D8
:10892000D8E7206A14F0A1F994F82530206A6FF393
:10893000410384F8253001A9FFF714FE00280BDB62
:10894000206A94F82430019904F1100214F014FB09
:10895000206A143014F0AAF92468DCE79C05002092
:10896000F84F0020902500202DE9F04714F05AF927
:108970004FF0FF3380464FF0FF322D4814F073F96B
:108980002C4B1C68002C4DD054F8185905B1183DDB
:108990004FF0FF364FF02C090EE009FB0317BC42E5
:1089A00023D109FB0311043114F0D8FA3DB3AB69AC
:1089B00003B1183B2C461D4604F1180A41465046A7
:1089C00014F08DFC0746A8B951461A4814F0B8F8BF
:1089D0003A465046394614F063FC1748174A90420D
:1089E000E4D241680023A142DAE70133062BD4D157
:1089F0004030F4E7864228BF0646AC42D6D1731C0D
:108A000010D04FF4004440F2E73000214FF47A7266
:108A10000023E6FB0401F7F713FC02460B46084867
:108A20000BF040FBBDE8F047014814F03FB900BF30
:108A30009C05002000500020F00600203007002098
:108A4000C0250020F8B54FF0FF33054617460E4805
:108A50004FF0FF320E4614F006F90C4B1B680BB1B9
:108A60001C6823B9BDE8F840074814F01FB95B68DB
:108A70003A463146284698471CB122682346144698
:108A8000EFE72246FAE700BF9C050020C44D002016
:108A9000F0B5002385B0CDE9003304460D4600292A
:108AA0004CD0294B1B68A3B1C96B95F8406081B1CC
:108AB000062E0ED80DF10A03184632468DF80960CD
:108AC00017F0E9FF95F8413000908DF804608DF8BB
:108AD0000530092120466F6914F0CEF880B30D21CE
:108AE000204614F0C9F838B94FF0FF324FF0FF3389
:108AF00004F1280014F0B7F8204614F04DF8294688
:108B00004368204698470D210646204614F0B4F8E5
:108B100018B904F1280014F0C9F8002E02DA28462A
:108B200014F054FE1FB13146384614F03AF8009B59
:108B300023B1324669462046FFF784FF05B0F0BDF9
:108B40006FF07206EBE700BFC44D00202DE9F04145
:108B50000D460646F8B1F1B10846FBF77DFD082841
:108B60001CD8114FDFF84480441C474508D32246E7
:108B7000294606F1080017F08EFF0020BDE8F081BD
:108B8000B74206D02246294607F1080017F073FFC6
:108B900038B14037E9E76FF01500EFE76FF05A00A2
:108BA000ECE76FF07700E9E7F006002030070020DF
:108BB0002DE9F0433A483B4C3B4D3C4EDFF8F0800A
:108BC00085B04FF0FF324FF0FF3314F04CF815F042
:108BD000D5F82746AC422BD3364B374ADB1B9B09D3
:108BE000AA4288BF0023EBB134493548354C17F011
:108BF000EFFA3549354817F0EBFA4FF4A073A4F8B3
:108C00002432204647F23053C4F8183214F091F958
:108C10002F49C4F81C022F4817F0DAFA2E4B002215
:108C2000C3E900221E4805B0BDE8F04314F03EB889
:108C30000022C4E90222206822740368D3F8089055
:108C4000B9F1000F17D0D9F80030A3B1072114F003
:108C50001EF804F1140017F063F904F1280017F06E
:108C60005FF9D9F800302046984794F83C3023F05B
:108C7000030384F83C30237A7BB9CDE901338DF8C6
:108C80000C3033685A1C32600821424601A812F0A9
:108C90007EFF01A92046FFF759FF40349AE700BF45
:108CA0009C050020F006002030070020C04D002069
:108CB000C55802006F070020B10600206989000036
:108CC000C0250020CC4D0020898800009025002080
:108CD00069840000F02500200850002038B5074CBA
:108CE000074DAC4200D338BD0321204613F0C4FF2A
:108CF00010B9204614F0A3FA4034F2E7F006002041
:108D00003007002000487047F045020002484FF04D
:108D1000FF32012117F09FB914500020014601488D
:108D200014F039BDC006002073B5054616461C4632
:108D300017F06DFA08B10026344601A932462346E1
:108D400028460AF07DFE0146A8B9019C6022204613
:108D500017F0C9FEFF2284F84F20084A65600123FE
:108D60009542236308BF84F85C30204614F081FDEF
:108D7000204602B070BD0024FAE700BF18050020AD
:108D800002460B460148FFF7CFBF00BF1805002081
:108D90002DE9F041DDE9064507461646884629B922
:108DA00022B990F8473013F0700F3AD017F02FFA2D
:108DB00008B100240025384614F02FFD97F847200D
:108DC000002837D112F0700FC2F3021334D0022BF7
:108DD0000CBF28230023112E26D1083308EB0301F2
:108DE000BB69C2F302120BB11B681B8B022A25D18F
:108DF000B3F5A06F38BF4FF4A063181A814228BFA3
:108E000001467E68104822462B46104C104DAE425B
:108E100008BF204614F0EBFB014688B1384614F039
:108E20003CFD0020BDE8F081012E01D03A2ED5D1C5
:108E30000433D3E70023D1E70346CFE70B46DCE753
:108E40006FF00B00EEE700BF90060020C006002088
:108E50001805002030B585B0DDE908450093CDE95F
:108E6000024513460A460146024814F027FD05B0A4
:108E700030BD00BF1805002030B585B0DDE90845DC
:108E80000093CDE9024513460A460146024814F014
:108E900015FD05B030BD00BFF8040020024BA8222C
:108EA00000FB023017F0C2B8202600200828024B31
:108EB00028BF0020185C7047CB58020010B588B05E
:108EC0000F4C204617F0A5F84FF0FF324FF0FF335C
:108ED000CDE906230023CDE90323CDE90133094978
:108EE000094B00944FF4A07204F120000BF02CF910
:108EF00020B108B0BDE8104017F094B908B010BD1B
:108F000020260020408000205DDD01002DE9F34196
:108F10000746884616464FF0FF3315484FF0FF329C
:108F20000AF0BCFD134B1C686FF0010534B9104802
:108F30000AF02CFE284602B0BDE8F081227C33788E
:108F40009A4213D1637C72789A4200D073B9A368B5
:108F500013B1BA69934209D1E36800936568334657
:108F6000424639462046A847051EE0DB2468DDE777
:108F7000B00500202C500020F8B50F4616461D46BF
:108F80000446D0B1CBB11422002117F0ACFD6560CE
:108F9000277466744FF0FF324FF0FF3308480AF031
:108FA0007DFD084B1A6822605A681C6002B95C603B
:108FB00003480AF0EBFD0020F8BD6FF01500FBE759
:108FC000B00500202C50002002460B4601480AF054
:108FD00065BD00BF8805002001480AF0D7BD00BF6D
:108FE000880500202DE9F04F89B0CDE9052390F8E0
:108FF0004730C3F302130393013B012B05460E4692
:1090000000F2A080112A134601BF069B1B681A8834
:10901000049208BFB3F802A0039B1CBF4FF0000AE4
:10902000CDF810A0022B3AD1086800210830FFF7D4
:10903000CFFA34680746102204F1180104F1080041
:1090400017F019FD00B117B1049B9A457AD094F836
:109050001880A8F1FF04D4F1000848EB04084FF091
:10906000FF304FF0FF31FFF7AFFF544B4FF0000BD5
:109070001C684FF0FF330793D9469CB9B9F1000F34
:1090800074D1FFF7A9FFB8F1000F00F08A80BBF19F
:10909000000F57D0284614F099FB002053E04FF002
:1090A0000008DCE7A36B93BB94F84230002B3BD164
:1090B000B4F84030059A934234D1E38813B1049A4E
:1090C00093422FD1E38B0BB153452BD194F84370CE
:1090D000B90706D50123221D3146284614F06AFE41
:1090E00000B37A0707D5002304F11C023146284655
:1090F00014F060FEB0B1079B07F07807BB4211DAAD
:10910000B8F1000F14D13BB20793A1460AE0B3F8BF
:1091100074201005C8D5AF6993F97600FFF7EAF916
:109120008742C1D02468A8E7039A9342C0D0F9E7E8
:1091300040F6CD420023284614F0AFFD074628B97B
:10914000FFF74AFF022009B0BDE8F08FE36B009300
:109150000146069BD4F834C032462046E047022838
:1091600002D1384614F032FBC346DBE7D9F834406D
:10917000D9F83C70FFF730FFB8F1000F0FD0BBF10A
:10918000000F87D1002CDDD0069B00973246294680
:109190004846A047831E584258414000D3E7002C60
:1091A000F2D195F84730C3F30213022BCAD1002342
:1091B00004220121284614F0CFFEC3E734500020DA
:1091C0000B4A002310B5C2E900330A4A184611467B
:1091D00014460133042B086002F1480202D008460D
:1091E0001146F6E7044B054AC3E9002410BD00BF51
:1091F00034500020445000203C5000201C510020DE
:10920000024B034800228021FFF7B6BE75DE010045
:10921000645100202DE9F04F28238DB00026CDE9C0
:10922000066308AB0A9308230B938369039383684F
:10923000044688464BB906A9204614F06CFD054645
:1092400038B902200DB0BDE8F08F1A8A5B68164469
:10925000F0E787887FBABFB22837BE42F1DB03DD73
:109260003946204614F092FCAB6833B9EB6823B959
:109270002B6913B96B69002BE3D02B7AFF2BE0D05D
:10928000297EFF2905F1180602D16B7E002BD8D06C
:10929000B8F1000F7BD02B786A781B0143EA1213D8
:1092A000DAB2C3F3850343EA821384F85030AB7912
:1092B00084F84F30282384F846300021A368A4F8AE
:1092C0004A10DB68DB7984F8493094F84730022291
:1092D00062F3061384F847302B7EFF2B07D030460D
:1092E000FFF776F90028ACD02B7EFF2B03D16B7EE5
:1092F000012B40F086800799204614F015FB95F865
:109300000690B9F12C0F00F0918072D8B9F1000FDE
:1093100000F08E80A9F12B08D8F1000646EB080674
:10932000B6004FF006084FF0000AB9F13A0FA4F862
:109330004C8000F01181B9F1110F00F00D81B9F1ED
:10934000060F00F00981B9F13B0F3FF47AAF2046D8
:1093500014F02DFC012280460DF10B01204614F083
:10936000BBFB00287FF46DAF9DF80B302C2B00F079
:10937000BD805FD82BB12B2B03D0112B60D0062BD7
:109380005ED0204614F013FC0122431EDFE030467D
:1093900014F0D5FE00287FF454AF05F108084046CC
:1093A00014F0CDFE00287FF44CAFFF2903D16B7E73
:1093B000012B3FF446AFFFF7A5FC0146304614F001
:1093C000CFFE48B12B7EFF2B06D16B7E052B3FF4E1
:1093D00038AF082B3FF435AF00214046FFF7F8F8CF
:1093E00000283FF458AF90F92930002B3FF453AFD9
:1093F00027E7A9F13C0CDCF1000646EB0C067600F1
:109400008FE7022B06D16349304614F0A9FE0028ED
:109410007FF471AF03A93046FFF71CF900283FF431
:1094200010AF037D98073FF566AF0AE7082678E797
:10943000012676E73C2B5FD1B10751D446F00206F6
:10944000B9F1000F02D0B9F13C0F9AD100230122EB
:1094500005A920461FFA87FB8DF8143014F03CFB59
:1094600000287FF4EEAE9DF814300133BBEBC30F40
:109470004FEAC309FFF4E5AEA9F103034FF0020B75
:109480000193204614F093FB0122009004A920468A
:1094900014F022FB00287FF4D4AE9DF810208ABB84
:1094A0009DF81020B2B3012A9DF8141037D0019B0B
:1094B0008B427FF7C6AE02F0C002802A45D0C02A98
:1094C0003FD0002A7FF4BDAE204614F02DFA0028CC
:1094D0007FF4B7AE9DF8142002320BEB02031BE0C1
:1094E00072063FF54EAF46F04006A9E733073FF559
:1094F00048AF46F00806A3E7A3F13B02012A9FD933
:109500003A2B3DE7012205A9204614F0E5FA002890
:10951000C6D096E60BF101031FFA83FB07E08A1C15
:109520000BEB020320461FFA83FB14F0FDF9D9452B
:10953000A7D8D1441FFA89FA5FFA88F89DF80B90F2
:10954000F3E62B7EFF2B3FF47CAE009B022204212E
:10955000204614F001FD74E6B9F1110FA4F84AA0F9
:1095600008D0B9F13A0F7FF46CAE2946204614F0CA
:10957000BEFD67E60AA9204614F0F6FE0490002816
:109580003FF45FAE04AB4A4605A920460595FFF7B8
:1095900029FD57E62046020070B50D460649411ADE
:1095A000044649110548402214F018FF2B46014695
:1095B0002046BDE8704018478C5100205042020000
:1095C00037B50C460A490B4A411A4023009349110A
:1095D00005462346084814F02CFF011E05DA2846EC
:1095E000234603B0BDE83040184703B030BD00BF8C
:1095F0008C5100209BE401005042020010B5EFF3B3
:109600001184402383F31288BFF36F8F074A1368D6
:1096100023F00201DB07116002D4012015F011FBD9
:1096200084F31188BFF36F8F10BD00BFE451002099
:10963000002270B5012104461046FEF7F9F90F48E3
:1096400002F036F90E4B984215D115F0FFFA266953
:109650000C49304612F085FD00280BDB0125B5646E
:109660002469084904F1200012F07BFD002801DB89
:109670006565002070BD6FF00400FBE7899700006E
:109680000000AD0B304602007FB500220123CDE97A
:10969000022304ABCDE90433094ACDF800D06B4670
:1096A000CDF804D014F0F2FE002805DB4FF4804220
:1096B000002368460AF0FCFA07B05DF804FB00BF1F
:1096C000B3E4010030B4104B0C2202FB003301461E
:1096D0000020D3E910521864EFF31180402484F382
:1096E0001288BFF36F8F9C6C04F0C00444F0020436
:1096F0009C6480F31188BFF36F8F1DB12B46034824
:1097000030BC184730BC70478C51002050420200DA
:1097100010B4EFF31182402383F31288BFF36F8FED
:109720001748016841F002040460C80707D482F3B7
:109730001188BFF36F8F012010BC02F0A9B84FF061
:109740008041D1F80C04D1F80C14C907EFD5EFF320
:10975000118083F31288BFF36F8F0A498B6C03F07B
:10976000C00343F002038B6480F31188BFF36F8F53
:1097700082F31188BFF36F8F002010BCFFF7A2BFE8
:10978000E45100208C51002010B1012804D0704712
:10979000034B9B6C5B0701D1FFF794BF704700BF81
:1097A0008C510020024BC0B203EB4010704700BF49
:1097B0008C5100202DE9F0413849BFF35B8F0746FB
:1097C000012251E8003F41E800200028F9D1BFF311
:1097D0005B8F33B9324933484B60CB608A6012F0FB
:1097E000D3FC7B1E012B2BD8012F07D14FF08043D8
:1097F000D3F81C3403F00303012B21D016F007FD2E
:109800000546F8B9284B1B78E3B14FF0804302229C
:10981000C3F808230646DFF894804FF08044D4F85C
:109820001824D4F81834D20315D503F00303012B00
:1098300001D0012F0FD155B386F31188BFF36F8F7D
:10984000BDE8F081EFF31186402383F31288BFF364
:109850006F8F0125DFE7ADB1304612F035FFD4F848
:109860001835002BDBD1D4F80421002AD7D0C4F856
:109870000431D4F804310123C4F81835C8F8803114
:10988000A360CCE7002121200AF03AFFE7E74FF080
:1098900080430222C3F80423D2E700BF885100208E
:1098A00078510020AC5100209972002000E100E0C6
:1098B00008B5074816F043FA38B10648FEF7D6FA5D
:1098C0000448FCF797F8002008BD6FF01200FBE792
:1098D000B4420200D99800000A2838B5074D044662
:1098E00004D1AB680D215B6828469847AB680348F4
:1098F0005B68E1B29847204638BD00BFB442020021
:10990000EFF31182402383F31288BFF36F8F0A4B6A
:10991000D3F8001161B10021D3F80805C3F8001194
:10992000D3F80031C0B282F31188BFF36F8F704754
:109930006FF00A00F7E700BF00D00040F0B5034623
:1099400010469C7893F803C0EFF31182402585F30D
:109950001288BFF36F8F1F7893F801E0E41B04EACD
:109960000C04A04288BFA0B23E180CEA06063D4691
:109970001E7082F31188BFF36F8F0A188A4216D1C6
:1099800077450CD1EFF31182402181F31288BFF3A8
:109990006F8F1978597082F31188BFF36F8F1B791D
:1099A000241AA34222BF064B01221A60F0BD5E19A1
:1099B0000135767901F8016B05EA0C05DEE700BF99
:1099C00000D00040DB432DE9F04713F001050E46BF
:1099D000144604D02248FFF7B1FFBDE8F0879AB3E0
:1099E000EFF31188402383F31288BFF36F8F0D20AC
:1099F000FEF710F807460D20FDF7F8FF88F31188F1
:109A0000BFF36F8FDFF85CA0DFF85C80CAF800510D
:109A1000DAF800314FF400590123CAF80030254626
:109A2000C8F88091DAF8003183B1FFF769FF031EAF
:109A3000C8F88091F6DB013DADB27355002DF1D130
:109A400017B10D20FDF7C4FF2046C6E7EFF31180E4
:109A5000402383F31288BFF36F8F12F035FEE1E7E6
:109A60001852002000D0004000E100E02DE9F04154
:109A7000124F0D46144607F1450814B92046BDE8BB
:109A8000F0814FF0FF334FF0FF3238460AF010F903
:109A9000224629464046FFF751FF064638460AF05F
:109AA000E3F83EB94FF0FF324FF0FF3304480AF0BD
:109AB000FFF8E6E7A41BA4B23544DEE7E851002036
:109AC0000052002038B5194C01221146204616F0EC
:109AD000C2FA0122002104F1180016F0BCFA40F28B
:109AE0000743A4F848304FF0706323630C2384F8D5
:109AF000343000250E4B84F84550A4F84650D3F876
:109B0000042522F00102C3F804250121C3F8005105
:109B1000D3F80021C3F804132A4619600D20FDF77D
:109B200087FF0D20FDF754FF284638BDE85100207F
:109B300000D0004010B5FFF7E3FE002820DB174BF4
:109B400093F8322093F8314093F83310141B31EA24
:109B50000404C0B20DD193F8472093F8464093F81F
:109B60004810141B31EA04040BD10D4B01225A603A
:109B70000EE09C180132114084F8350083F8321051
:109B800010BD9C180132114084F84A0083F8471038
:109B90000448BDE810400AF067B800BFE851002053
:109BA00000D000400052002000F1744000F5A600F3
:109BB0000A289ABF024B33F910006FF00F0070476C
:109BC00060500200024B0B6001231360704700BF1E
:109BD0000047020000487047804602000268154BAB
:109BE000FF2A08BF4FF0FF32C3F824254268FF2A3E
:109BF00008BF4FF0FF32C3F828258268FF2A08BF4C
:109C00004FF0FF32C3F83025C268FF2A08BF4FF07B
:109C1000FF32C3F834250269FF2A08BF4FF0FF3234
:109C2000C3F838254269FF2A08BF4FF0FF32C3F856
:109C30003C257047009002402DE9F04F91B04368F9
:109C40005D6B00AF804607F128020021284614F022
:109C5000E5FD041E73DBBB6A2A681979186801F0F8
:109C60008DF8041E6BDB002201212920FDF7E0FEA8
:109C7000D8F80490D8F810207949484609F044FBF8
:109C8000FFF792FF041E55DB764D0FCD07F1280438
:109C90000FC495E8030007F1040A002584E80300D7
:109CA0007D60AB23CAE901553B716F4BD3F8242586
:109CB000D2B23A61D3F82825D2B27A61D3F83025EE
:109CC000D2B2BA61D3F83425D2B2FA61D3F83825CA
:109CD000D2B23A62D3F83C35DBB27B6207F128009E
:109CE000FFF77CFF012009F085FB07F11006014614
:109CF0003046FFF773FF5D4B994225D12946504608
:109D000014F00DFC041E15DB232016F013F84FF0A1
:109D1000030B9F23C7E90A55C7F810A0C7F814B072
:109D200087F828303E63294607F1280014F0F7FB36
:109D3000041E0CDA09F07CFB08B109F067FB204631
:109D40004437BD46BDE8F08F6FF00404F2E75A4691
:109D5000514609F1300016F08EFE044618B36C46E9
:109D60008CB097F804E097F805C0BE7999F83000F8
:109D700099F8311099F832306A46DFF8F480D362EE
:109D80000823C2E9058EC2E907C6C2E9090142F803
:109D9000103F38482B4644F24001FCF70DFEA54623
:109DA0006FF01204C6E7D8F80420537F023B012B62
:109DB00016D992F81C80A8F10208B8F1020F8CBFE6
:109DC0004FF000084FF0010814F0DAFB051E0ADA24
:109DD000294A28482B46012112F0A6FB2C46A9E768
:109DE0004FF00108F0E7EAB2C5F38015A845A1D00D
:109DF0000023012182F04002BB623F6179613B6335
:109E000087F82810FE6207F128003B803A7014F0B2
:109E100086FB041E07D114F0B3FB041E04DB14F010
:109E20000104F8D186E785DA144A154B6D468AB0ED
:109E3000B8F1000F18BF13466A461249D461C2E94F
:109E400005134FF4007313840F4B42F8103F094879
:109E500000234FF41151FCF7AFFDAD466AE700BF98
:109E600013E5010000440200009002400000AD0B29
:109E700026590200B8430200585902001C5902003A
:109E8000205902006859020004000001054B994264
:109E900006D14FF0FF324FF0FF33303009F008BFEA
:109EA000704700BF0000AD0B2DE9F74F0B460F4682
:109EB00046688046C1F30B0114462AB96FF01506B7
:109EC000304603B0BDE8F08FC2F30B0252EA010541
:109ED000F4D1002B03DBF16A1A198A4206D9314A00
:109EE00031480094012112F029FBE7E714F08DFBC3
:109EF0002846D8F8049014F05EFB0646D0B9DFF887
:109F0000ACA0D9F82C309C4218D115F008FFA3461C
:109F10000546D8F810002946FFF7B8FF554534D15B
:109F2000B4EB0B045F44ECD1012014F044FB002E91
:109F300008BF0646404614F053FBC1E7B4F5803F26
:109F400009D3BBB253B93946012009F07BFA4FF46B
:109F5000803B0546DDE7B4F5805F09D3C7F30B000E
:109F600030B9394609F06EFA4FF4805B0546D0E708
:109F70000F4A0D4800943B46012112F0DFFA0D49CB
:109F8000D8F810000B4DFFF781FF07480A4A0094EC
:109F90003B46012112F0D2FA2846FFF705FE06469D
:109FA000C2E700BF79590200B84302000000AD0BC0
:109FB000C35902000400AD0BE15902002DE9FF472F
:109FC0000E46074641681D469046A2B19BB1042B40
:109FD00001D9AB070FD116F003040CD1002E03DB1F
:109FE000CA6A731993420CD9394A3A4800953346E4
:109FF000012112F0A3FA6FF01504204604B0BDE869
:10A00000F087384614F001FB204614F0D4FA0446D9
:10A0100030B1012014F0CFFA384614F0E1FAECE741
:10A02000032D1CD83246042103A815F075FE044602
:10A0300001463869FFF72AFF274B9C4234D12A4654
:10A04000414603A816F027FD3246042103A815F067
:10A0500060FE044601463869FFF718FF24E008F067
:10A060006043B3F1005F02D118F0030F2BD0DFF88B
:10A0700068A0042DA94628BF4FF004094A4641466E
:10A0800003A816F008FD3246494603A815F041FE24
:10A09000044601463869FFF7F9FE544504D1B5EB93
:10A0A0000905C8444E44E4D12046FFF77DFD04462F
:10A0B000012014F080FA0546384614F091FA002C7D
:10A0C00008BF2C4699E7324629464046BFE700BF05
:10A0D000FF590200B84302000000AD0B2DE9F04F1C
:10A0E000824687B00E461C46904682B1002B00F097
:10A0F0008F800029426803DBD26A0B4493420BD95C
:10A10000444A454800943346012112F017FA6FF093
:10A11000150007B0BDE8F08F754205F0030514F097
:10A1200074FAA54228BF2546D8F1000303F00303C3
:10A1300008F0030758BF5F427F4207F00307A742BA
:10A1400028BF2746631BE41B24F0030423F0030904
:10A15000A145C8BFA14603F0030BC8BFA3EB040B86
:10A16000B9F1000F19D008EB0703721949461846D8
:10A17000039315F0D1FD04460146DAF81000FFF70D
:10A1800085FE264A944238D1BD4206D0039B4A46FA
:10A19000194608EB050016F08CFCADB1C5F10407BB
:10A1A000F21B042104A815F0B7FD04460146DAF8B5
:10A1B0001000FFF76BFE194B9C421ED104AB2A46E0
:10A1C000D919404616F067FCBBF1000F1ED072197A
:10A1D0004A44082104A815F09FFD04460146DAF818
:10A1E0001000FFF753FE0D4B9C4206D109EB050012
:10A1F0005A4604A9404416F04EFC504614F0F0F9BB
:10A20000204607B0BDE8F04FFFF7CEBC034CF4E7A3
:10A2100018467EE7495A0200B84302000000AD0B21
:10A22000024B0B6001231360704700BF3C520020BB
:10A23000004870471C47020007B50346054A0091D5
:10A240000548012112F07AF96FF0150003B05DF8AE
:10A2500004FB00BFA85A02004843020010B50122C7
:10A2600011460748074C15F0F6FE01F06BFB15F0A0
:10A270004CFD206015F045FD6060002010BD00BF62
:10A28000445200203C5200204FF08042D2F810157A
:10A29000D2F8103501F01E0123F01F030B4343F0E9
:10A2A0000103C2F81035024B00221A70704700BF3C
:10A2B000E26300204FF08053D3F83031082B20D1D7
:10A2C0004FF08042D2F81015CB071AD5D2F81035CE
:10A2D00001F01E0123F01F030B43C2F81035D2F822
:10A2E00008315BB1D2F8103523F01F030B4343F064
:10A2F0000103C2F810356FF08B007047024B01224A
:10A300001A700020704700BFE2630020F8B50446D1
:10A3100015F0F7FC237B05460BB114F0A6FC134F98
:10A320000026FFF7C7FFE8B9606808F083FDA3685F
:10A330005B1BA36063682B4463603B780BB1FFF742
:10A34000A3FF237B01363BB9A368002BE9D1A068AA
:10A35000003818BF0120F8BD304601F081FB00280D
:10A36000F2D0F4E76FF08B00F5E700BFE263002066
:10A3700070B5037B04460BB114F077FC194E012530
:10A38000A368032B06D8184AD2F80034DB07FBD5A4
:10A39000002070BDFFF78EFF08BB23686068196856
:10A3A00008F068FD33780BB1FFF76EFF6368043384
:10A3B0006360236804332360A368043BA360237BAA
:10A3C0000135002BDCD0284601F04AFB0028D7D00D
:10A3D000054AD2F80034D907FBD50120D9E76FF040
:10A3E0008B00D6E7E263002000E00140F0B589B0C1
:10A3F0000E46154615F085FC29460746304614F0F2
:10A4000013F960B3B6FBF7F307FB136323B9B5FB8E
:10A41000F7F407FB14545CB11F4A009533461F48FC
:10A42000012112F08BF86FF01504204609B0F0BD41
:10A43000AF42FAD84FF0FF334FF0FF32184809F01F
:10A4400037FC14F006FC04AB014660B91022184634
:10A4500016F049FBCDE90565FFF758FF16E0114AF4
:10A4600000953346DBE710222146184616F03BFBE9
:10A4700001228DF81C200C4ACDE902200B48CDE9C1
:10A48000056501F067FA02A801F06AFA044604487B
:10A4900009F0EAFBC9E700BFC55A020048430200C1
:10A4A00044520020A85A02000DA30000645E01007F
:10A4B00070B50D4688B01946284616461C4614F05D
:10A4C000B3F858B91D4A00942B461D48012112F0DB
:10A4D00035F86FF01504204608B070BD45EA040356
:10A4E0009B0703D0174A00942B46EEE7002CF2D0CE
:10A4F0004FF0FF334FF0FF32134809F0D9FB14F04F
:10A50000A8FB0346CDE9046504A806948BB101239A
:10A510008DF81C300D4BCDE9023041F64C5001F066
:10A5200019FA02A801F01CFA0446074809F09CFB3E
:10A53000D1E78DF81C30FFF71BFFF5E7A85A0200A2
:10A5400048430200E45A02004452002071A3000074
:10A55000F0B54068057B01F01F0444EA4514056925
:10A5600087B0002D64D0B2F5001F00F1100506D1B0
:10A570002146284615F0BDFB002007B0F0BD01AE16
:10A580000027B2F5800F0197776039D1B3F1007FD2
:10A5900014BF052304238DF804300023CDE90463A0
:10A5A0000393836823FA01F111F001011AD1B2F18A
:10A5B000A07F17D104F01F03620903F5E0732AD0CE
:10A5C000012A3BD11F4A52F82330DB070AD40DF190
:10A5D000030632462146284608F086FA1A4B98426E
:10A5E0001CD0029603AA2146284608F03FF9174BD3
:10A5F000984220D101222146284608F0D9FABBE72B
:10A60000B3F1C06F05D0B3F1007F14BF0123022363
:10A61000C1E70323BFE74FF0A042D4E73146284605
:10A6200008F0C0FA094B9842DBD06FF00B00A4E7AA
:10A630006FF08500A1E76FF015009EE751F8233019
:10A64000FFDE00BF000300500400AD0B0000AD0BA7
:10A6500038B545682B69B3B11035284608F092FA31
:10A66000044680B90146284608F058FA084B98423B
:10A670000BD108492246284608F030FA2246052127
:10A680000620FDF7D5F9002038BD6FF00400FBE788
:10A690000000AD0B99A60000420970B5034602D038
:10A6A000012A17D070BD0D4E326951680029F9D0CA
:10A6B00003F01F0301250C689D400029F2D08A6831
:10A6C0002A4002D04B68304698472CB12368214677
:10A6D0001C46F2E7024EE7E72346F8E7784202001D
:10A6E000644202002DE9F043466840F20635D00688
:10A6F000337B87B002EA050554BFC2F34010032044
:10A7000001F01F07B5F5837F144647EA43178DF81C
:10A71000030044D00FD8062D18D007D8B5B1022DAC
:10A720003FD06FF0150007B0BDE8F083B5F5807F2E
:10A73000F7D101250AE040F20222954233D0B5F567
:10A74000407F32D0B5F5007FEBD1022522032ED514
:10A75000726801238B40C2F80835326992BB07F05A
:10A760001F037F092BD0012F79D13F4A02EB8302CF
:10A7700084F48033D2F80017C3F30043C4F3404499
:10A7800044EA430421F4E16144EA800421F0070132
:10A7900044EA05230B43C2F800370020C3E707252E
:10A7A000D4E70425D2E70525D0E70325CEE76303E8
:10A7B00041BF012372688B40C2F80C35CDE74FF0E2
:10A7C000A042D3E710360DF102023946304608F0B8
:10A7D0008BF914F4403F80460CD13946304615F0D1
:10A7E00086FA224B9845D8D19DF80210304608F0E1
:10A7F000D3F9D2E701AB4FF0000903AA394630463E
:10A80000CDE90439CDE90199CDF80C9008F02EF886
:10A81000164B984285D114F4003315D09DF80330BF
:10A820008DF80E3084F48034C4F300444B4603AA00
:10A83000394630468DF80C508DF80D4008F0D0F8B0
:10A840000A4B9842CDD06CE7CDE9043303AA0DF151
:10A85000030339463046039308F008F8F0E703F5A0
:10A86000E07352F82330FFDE000300500000AD0B10
:10A87000014BB3F8C0067047000E0020024B0020C9
:10A8800083F8C416704700BF000E002038B50B4D8A
:10A89000D5F8B84664B94FF47A704843C5F8B8267D
:10A8A00014F015FB38B9C5F8B8066FF00F0038BDC5
:10A8B0006FF07700FBE72046F9E700BF000E0020AD
:10A8C00021B1012906D06FF0010070470123136008
:10A8D00000207047004BFAE7BC470200F0B5144671
:10A8E0008BB00C290ED8DFE801F007182F33373C66
:10A8F0005E620D0D0D66C200137843B1507820B131
:10A90000012802D06FF0150005E014F0FDFA207860
:10A9100014F00AFB00200BB0F0BD537911791068D8
:10A9200033B114F003FB0028F4D16FF00B00F2E711
:10A9300030B114F004FB0028ECD16FF00100EAE71D
:10A94000084614F0FFFAE5E7107814F0DBFAE1E7C7
:10A95000107814F0D3FADDE74B4B1268C3F8BC262D
:10A96000D8E7156814F00EFB05F1100400265035E9
:10A9700054F8103C002BCDD01034AC42CAD0049314
:10A9800014F8173C8DF8143054F8143C0896CDE9AF
:10A99000063614F8183C04A883F001038DF824301F
:10A9A00014F0EEFAE4E7106814F0E6FAB2E7106883
:10A9B00014F0E4FAAEE7937A43B10121002014F0D9
:10A9C000B1FA0121084614F0ADFAA3E712894FF657
:10A9D000FF739A4231D063687BB304A9ADF80820B5
:10A9E0000F4603F1080212F8010D01F8010B9A421B
:10A9F000F9D1266816B135786B060AD101220021FB
:10AA000002A814F08DFA01221146384614F088FA93
:10AA100080E772781D4B02F07F02520019889B7804
:10AA2000ADF80C1052EAD5128DF80E3008D1032281
:10AA300003A9B01C16F01FF820B16FF085006AE77B
:10AA40001A2AFAD105F07F03012532460095023318
:10AA5000002102A814F05AFA22681378009503F036
:10AA60007F0302332946384614F050FA52E7107833
:10AA700014F046FA2378044A82F8C536002B7FF496
:10AA800049AF14F0EAF945E7000E0020425B0200EE
:10AA900070B5054688B04668046904F5886015F00D
:10AAA000B8FA0122002104F5C06015F0D4FA0122A1
:10AAB000002104F2E45015F0CEFA02F007FB14F086
:10AAC0004DFA82B2D301110101F4016103F48073E4
:10AAD00012020B4302F48062134343F49553144A69
:10AAE00043F00F03A2F8C036012384F8C53633685B
:10AAF0002846984704F5707600220023CDE9062306
:10AB000000256FF00D03CDE90335CDE90155094B63
:10AB100000944FF4487204F14001304609F014FBF0
:10AB20000549304615F079FB284608B070BD00BFD6
:10AB3000000E0020B1500000465B020008B5044A38
:10AB40000448012111F0E7FC6FF0040008BD00BFCC
:10AB50004E5B02006043020008B5044A044801212C
:10AB600011F0D9FC6FF0040008BD00BF695B020062
:10AB70006043020008B5074B93F9C40614F060F96E
:10AB800014F073F918B9BDE80840FFF7E5BF0020DD
:10AB900008BD00BF000E00202DE9F0418C46184C86
:10ABA0000746DDE9060100232646D4F86484B8F19F
:10ABB000000F06D00133102B04F11804F5D1BDE8C5
:10ABC000F08118245C433519C5F8647485F871C4A4
:10ABD00085F870243A7815F04BFD05F58D63C3E9CF
:10ABE0000001B6F8E035A5F8723404F58C61A6F8DA
:10ABF000E08531440348BDE8F04115F017BA00BFC5
:10AC0000000E00204012002007B5124A11680346CA
:10AC10000968013B0868072B17D8DFE803F0180420
:10AC200014161616161801238DF807300023A2F803
:10AC3000E035D2F8BC361BB10DF10702012198476F
:10AC400003B05DF804FB0223EEE70323ECE70023E7
:10AC5000EAE700BF000E00204378054AC3F3001363
:10AC600082F8E0354378C3F3C00382F8E1357047DA
:10AC7000000E002010B5154B002283F898260A78A4
:10AC800083F8C2264A7883F8C3268A68C3F8A426C4
:10AC90008AB191F90D0083F8B106887B83F8B0067C
:10ACA000D1E9040150EA010403F5D66408D1002279
:10ACB000002344E902230648BDE8104008F0D4BF51
:10ACC000127815F0D5FC44E90201F4E7000E0020EB
:10ACD00000140020064880F89816137880F8C236D1
:10ACE000537880F8C33600F5C06008F0BDBF00BFE0
:10ACF000000E0020034B83F8FC0503F2E45008F03B
:10AD0000B3BF00BF000E00200348002380F8FC35CD
:10AD100000F2E45008F0A8BF000E0020064BD3F864
:10AD2000B82642B10021C3F8B8161B6890F900108C
:10AD30001B68186810477047000E0020064BD3F8B8
:10AD4000B82642B10021C3F8B8161B681B6847F645
:10AD5000FF71186810477047000E0020036803F069
:10AD60001F025B09026004D0012B034818BF0020BA
:10AD700070474FF0A0407047000300502DE9F04F9E
:10AD8000DFF89491DFF894A185B01546834600EB77
:10AD9000810140F2FF18594503D1002005B0BDE8FC
:10ADA000F08FDBF800305E04C3F3C322C3F3080462
:10ADB00000F1AC805B0C19F80270444508BF4FF0FD
:10ADC000FF34222B00F2A580DFE803F012191F22C6
:10ADD000252B22A3A3A3A33B68A3A3A3A3A3A3A35D
:10ADE000A3A36B818487A3A3A38A9194979A9D00C0
:10ADF000C5F80C45601C5ED10BF1040BCBE7C5F820
:10AE00001445621CF8D000265FE0C5F80845F1E75C
:10AE1000C5F81045F5E7631CC5F80845ECD00026D9
:10AE200004E0661CC5F80C45E6D0012603A803948F
:10AE3000FFF794FF039B012202FA03F3C0F80C35DD
:10AE400008E0C5F80845002FDBD1631CD4D00026EC
:10AE500032460627DBF80030019303F40040002857
:10AE600018BF002203A8009218BF01260394FFF721
:10AE700075FF039C019B009A00EB8400C3F3412CF7
:10AE8000D0F800473B0243EA8C03134304EA0A0468
:10AE9000234343EA4603C0F80037ADE7C5F80C4545
:10AEA000D1E7C5F86045601CDBF80030A4D0C3F3DF
:10AEB0000043002BB9D003A80394FFF74FFF039B77
:10AEC000012606FA03F3C0F808353246C2E7C5F892
:10AED0006445E8E7C5F86845E5E7C5F86C45E2E78D
:10AEE000C5F82445621C87D000220126B2E7C5F8C8
:10AEF00028457FE7C5F83045F4E7C5F83445F1E764
:10AF0000C5F83845EEE7C5F83C4573E76FF0150026
:10AF100044E76FF0850041E7365C0200F0F8FCFF83
:10AF20002DE9F743476805693C684FF00008C4F80D
:10AF300000852860D7F80C90064601AA414648468D
:10AF400013F06CFC002837DB019BD9F8002019793D
:10AF50001868FFF713FF00282EDB6B7A3169012B8D
:10AF600003D0032B26D14FF01008AB7A032B21D14D
:10AF700095F80BC0BCF1000F02D0BCF1010F19D144
:10AF80002A7A12B1022A15D10E226B687068B3F5C5
:10AF9000164F00687BD02DD8B3F5165F7AD016D83F
:10AFA000B3F5966F78D00AD8B3F5967F77D0B3F51E
:10AFB000167F77D06FF0850003B0BDE8F083B3F55E
:10AFC000166F72D0B3F5965FF4D15C4B3EE0B3F5EB
:10AFD000E14F6DD007D8B3F5615F6BD0B3F5964FF5
:10AFE000E8D1574B32E047F6122E7345E2D14FF4C9
:10AFF00000032BE0B3F5613F5ED013D8B3F5963F65
:10B000005DD009D84DF6C02E73455AD0B3F5614FC7
:10B01000D0D14FF46B0319E0B3F5E13FCAD14FF043
:10B02000EB7313E0B3F5612F4ED009D8DFF814E1CC
:10B0300073454CD0B3F5E12FBCD14FF0E86305E088
:10B04000DFF804E17345B5D14FF08053C0F82435E3
:10B05000736848EA0C081B6842EA0802C3F86C25CA
:10B060000B1DD5E9010183E803007B6899073DD5F5
:10B0700005F11C0007F00CFF344B98422AD03448ED
:10B08000344A012111F047FA6FF0040094E74FF4BD
:10B090001D03DBE7304BD9E74FF49E23D6E74FF48F
:10B0A000A033D3E74FF41C33D0E74FF41D23CDE793
:10B0B0002A4BCBE72A4BC9E74FF06C73C6E7294B05
:10B0C000C4E74FF46503C1E74FF07063BEE74FF08C
:10B0D0008063BBE7287F04F10C0204F5907114F043
:10B0E00080FD2B7F0120984007F092FA0823C4F8D6
:10B0F00000353B7A53B9C4F81031D4F81031AB693C
:10B10000C4F834350123C4F8383523607B689A07C6
:10B110005CBF4FF48073C4F804337B68DB0644BF24
:10B120004FF48003C4F804336B69C4F8443500203D
:10B130000123C4F84805A360E3603DE700B01300B5
:10B1400000A04E0090D0030040420F000000AD0B65
:10B15000D84302003E5C02000050270000C075008A
:10B1600000F03A0000903A012DE9F04104460769E9
:10B170000D4615F04CF84FF04008B0B91F4B1B7846
:10B180009BB16426606813F022FCF0B9012014F032
:10B1900026FD013EF6D10021212009F0B1FAF0E7A9
:10B1A00081F31188BFF36F8FF5E7EFF311810E463E
:10B1B00088F31288BFF36F8F606813F008FC80B9C2
:10B1C00081F31188BFF36F8FEFE7EFF311810E4624
:10B1D00088F31288BFF36F8F606813F0F8FB0028C4
:10B1E000DED07B691D7079690122204613F030FBA7
:10B1F00086F31188BFF36F8FBDE8F081997200204C
:10B2000070B5012383400E4ABFF35B8FDC4352E8E5
:10B21000001F01EA040542E80056002EF7D1BFF3F3
:10B220005B8F4FF4803282400648C0F80823BFF39A
:10B230005F8FBFF36F8F0B4214BF0120002070BDE2
:10B240007C5200200010014070B40E49D1E9003456
:10B25000D01AC31844F1000422F07F46C1E900343B
:10B26000A6F50013B3F5400F09D2074B1B681A0A65
:10B270001B069C19054B42F10005C3E9004570BC53
:10B2800009F0D4BB1028002080520020182800208C
:10B2900011B3BFF35B8F0123104A834052E800CF04
:10B2A0004CEA030C42E800C10029F7D1BFF35B8FE1
:10B2B0000B4A4FF480338340C2F80433094BBFF389
:10B2C0005B8F1B68BFF35B8FC340DB0742BF064B3E
:10B2D0004FF40032C3F80021704700BF7C520020B9
:10B2E000001001407452002000E100E0C3B20248A7
:10B2F0009B001844704700BF40110140D0B5044680
:10B30000FFF77EFF124B014603EB04134FF0FF36AD
:10B310004FF0FF372046C3E9026713F01FFC0D4AC8
:10B320004FF48033A340C2F848330123A3400A4AB4
:10B33000BFF35B8FDB4352E8006F1E4042E80064BE
:10B34000002CF8D1BFF35B8FBDE8D040FFF7A0BF62
:10B35000D027002000100140745200200D4B1868C7
:10B36000010A0006BFF35F8F0B4BD3F804351818A2
:10B3700041F10001B3F5801F0AD2084BD3E9002345
:10B38000904271EB030303D210F1807041F1000190
:10B39000704700BF80520020001001401828002094
:10B3A0002DE9F04F85B016461F469DF840A0044693
:10B3B000FFF726FF0190FFF7D1FFB04271EB0703C3
:10B3C00054D23E4B301A67EB0101984271F10001F3
:10B3D0004FD23B4B03EB0413D3E902239F4208BF38
:10B3E00096425ED037494FF4803804F1500508FA90
:10B3F00004F8AD00C1F848832046ADB213F0AEFBAF
:10B4000026F07F4B05F1804504F5A87305F58835D6
:10B41000DC464FF003090293029A2CF07F4341F877
:10B420002230C1F84483D1F80435274A6FF0020076
:10B43000C01A604420F07F40904232D9286868B139
:10B44000D1F804350393A3EB0B0020F07F40B0F557
:10B45000000F26D9204613F081FB039BBAF1000FA1
:10B4600007D109EB030C09F10109D5E7BAF1000F87
:10B4700009D06FF0150520460199FFF709FF28460E
:10B4800005B0BDE8F08F0123104ABFF35B8FA340E6
:10B4900052E8000F184342E800010029F8D1BFF339
:10B4A0005B8F07490E98230101EB0412C8500F9BD4
:10B4B0005360C2E902670025DDE700BF010080009C
:10B4C000D027002000100140FDFF7F0074520020B3
:10B4D0007FB5264C264BC4F80833C4F84833254BB7
:10B4E00000254FF0FF304FF0FF314FF48032C4F8A9
:10B4F00008554FF48026C3E90201C4F804234FF431
:10B500000032C3E90601C4F80423C3E90A01C4F800
:10B510000463C3E90E014FF40023C4F80433164B4F
:10B5200002260121C4F804631120C3F880212A46B1
:10B53000FCF77EFA1120FCF74BFA0123A36023608D
:10B540000E4B0F221A600E4B0E221A600D4B0E4A44
:10B550000093CDE9015500232846FFF721FF30462F
:10B56000FEF728F9284604B070BD00BF0010014066
:10B5700003000F00D027002000E100E07C520020F3
:10B580007852002049B20000FFFF7F002DE9F04F04
:10B59000354ED6F804339A0787B00BD5D6F8043168
:10B5A00043B1324A0023C6F80431D6F80431136897
:10B5B000013313602E4DDFF8BCA00024A9464FF4E0
:10B5C0008038D6F8042308FA04F7174228D0BFF3CE
:10B5D0005B8F0122A240284BD24353E8001F01EAAF
:10B5E000020043E8000CBCF1000FF6D1BFF35B8F03
:10B5F00021FA04F2D30702D45AF8242082B120465B
:10B6000013F0ACFAFFF7AAFEEFF3108B72B609EB5A
:10B61000041CDCE902239042994109D28BF3108883
:10B620000134042C05F11005CBD107B0BDE8F08F33
:10B63000CDE90423D5E900134FF0FF320393002036
:10B640004FF0FF332860CCE902232046C6F8487348
:10B6500013F084FA8BF310880029E1D0039B009348
:10B66000DDE904238847DBE7001001408052002019
:10B67000D027002040110140745200200F4B70B5BC
:10B6800001241868B0B1BFF35B8FB0FA80F0C0F14D
:10B690001F0004FA00F1C94353E8002F02EA010534
:10B6A00043E80056002EF7D1BFF35B8FC240D207AC
:10B6B000E7D570BD6FF00B00FBE700BF78520020AC
:10B6C00030B5431C124C85B005D08442A8BF044657
:10B6D000012CB8BF0124FFF741FE0E4B0C4DD3E9FE
:10B6E0000013401AB0F5000F10D22218AA4228BF4A
:10B6F0002A4652184FF0000007490091CDE9010099
:10B7000043F10003FFF74CFE05B030BD2A46F0E7D9
:10B71000FFFF7F001028002049B2000008B5FFF7A6
:10B720001DFE024B1B68C01A08BD00BF1028002078
:10B7300010B5084C012363601120FCF757F9064B44
:10B74000C4F80833C4F84833044B4FF40032C3F84C
:10B75000802110BD0010014003000F0000E100E057
:10B7600002460B46014808F099B900BFC405002005
:10B77000014808F00BBA00BFC405002037B53223DA
:10B78000ADF80430134A00230125192168468DF8CD
:10B790000630ADF800508DF80230F8F75DF9044638
:10B7A000A0B90D482946F9F783F9044670B9014656
:10B7B0002A460820FCF73CF92A4621460B20FCF7D4
:10B7C00037F92A4621462846FCF732F9204603B0CD
:10B7D00030BD00BFEDB7000084520020014902488F
:10B7E00014F0E6BCB45200202028002098B500AF29
:10B7F0006C468AB06A460D4BD161C2E905304FF400
:10B80000007313840A4B42F8103F0A4800234FF498
:10B810001151FBF7D1F80023A54683F31188BFF33C
:10B820006F8F0323184602DFBD4698BD895C020076
:10B83000040000017843020037B50D4D0D49002486
:10B8400000946FF00F034FF40072284608F08EFB4F
:10B850000949284614F0E1FC0849094814F07DFC28
:10B86000224604211920FCF7E3F8204603B030BD3E
:10B8700020280020C08100209D5C0200CFEB010049
:10B88000B4520020014B00201B681847C45200200E
:10B8900020B1012806D10448F5F76ABB034B01200B
:10B8A0001B681847704700BF85B80000C4520020CD
:10B8B000014B186001487047C45200200000AD0BD6
:10B8C00010B51D48BFF35B8F0368BFF35B8F23B9CF
:10B8D000062904D8042923D839B1002010BD07292E
:10B8E000FBD1403808F0C0F9F7E750F8203CA0F150
:10B8F0004004D3E900209047012805D00223E063EB
:10B9000084F834300D48E9E747F2305323630323CA
:10B9100084F8343004F1240384F82900A363F1E7A8
:10B9200000F8173C064B40F8103CA0F11C014038D1
:10B93000007EF9F7FEF8D0E708530020FC52002003
:10B94000FF3F420F02480122002114F084BB00BFD8
:10B95000C8520020014BD861704700BFC852002078
:10B9600038B54FF0FF3105464FF0FF30FFF7F8FED6
:10B9700034493548F5F756F90446FFF7F9FE002C2F
:10B9800008DA3248324A2346012110F0CDFD6FF02B
:10B990000B0038BD2F4C40F201132385E36925626B
:10B9A0006433E36247F23053236300226FF0730382
:10B9B00084F82420E36304F14005BFF35B8F55E86E
:10B9C000003F45E800210029F9D1BFF35B8F4FF01C
:10B9D000FF314FF0FF30FFF7C3FE04F12401207E5A
:10B9E000F9F7A7F8FFF7C4FE1B4A0023204608F02A
:10B9F0005FF900280FDA194A1448012110F08BFD75
:10BA0000BFF35B8F012355E8002F45E80031002983
:10BA1000F9D1BFF35B8F4FF0FF314FF0FF30FFF7ED
:10BA20009FFE207EF9F767F8FFF7A2FEBFF35B8F5A
:10BA3000236CBFF35B8F13B1064808F05FF9E06B2E
:10BA4000A7E700BFE0520020C1B800005043020049
:10BA5000C65C0200C8520020447B0B00EC5C020074
:10BA6000074B01221A64D3F84035B3FBF0F01844B9
:10BA7000044BDB69984234BF00200120704700BFAF
:10BA800000800040C852002010B50C29036912D173
:10BA900018680A4C80EAE073A3EBE073990803F09E
:10BAA0000303002804FB03F3BCBF49425B42C2E925
:10BAB0000013002010BD6FF08500FBE790D003005D
:10BAC000024B01221A7010F0D1BE00BF2764002083
:10BAD00010B50A4B1A78044672B100221A7000F0B1
:10BAE00073FE20B12046BDE8104016F045BE20464A
:10BAF000BDE810400BF076BB10BD00BF27640020EE
:10BB000008B514F0DFFC4FF47A72A0FB020302FBCD
:10BB10000133C00B40EA4340014B1B68C01A08BD0B
:10BB20001053002037B58C18FFF7EAFF241A002CB9
:10BB300016DD4FF4004540F2E73000214FF47A72F1
:10BB40000023E4FB0501F4F77BFB02460B460021D2
:10BB50000020CDE90001064809F058F803B030BDD7
:10BB6000044B01221A7003B0BDE8304010F07EBED5
:10BB7000C004002027640020014814F0F6BC00BF78
:10BB8000C004002008B514F09DFC064AA0FB020387
:10BB900002FB0133C00B40EA4340034B1B68C01A51
:10BBA00008BD00BF40420F001453002010B5FFF73E
:10BBB000E9FF0446002013F0A0F8054B201A186096
:10BBC0004FF47A7390FBF3F0024B186010BD00BF86
:10BBD00014530020105300200D4BA0F10B020F2A2C
:10BBE00093F9003003D97F2B0BD100207047094A0D
:10BBF00002447F2B12F90B0C04D17F2808BF0020D0
:10BC000070477F209842A8BF184640B2704700BFD7
:10BC10003C6400202A640020024B1980024808F08E
:10BC200023B800BF8063002040060020054BBFF30F
:10BC30005B8F1B68BFF35B8F43FA00F000F00100DD
:10BC4000704700BF1853002001238340064ABFF30A
:10BC50005B8FDB4352E8000F184042E800010029E7
:10BC6000F8D1BFF35B8F7047185300200123074AB8
:10BC7000BFF35B8F834052E8000F184342E8000196
:10BC80000029F8D1BFF35B8F10F0F0BD18530020EE
:10BC9000044B834204D1044B06201980FFF7E6BF12
:10BCA000704700BF0443020080630020012908D0D0
:10BCB00002291AD0D9B90E4B1878032817D1FFF7EB
:10BCC000D5BF0B4B1B78022B11D11378012B08D059
:10BCD000022B08D0002B08BF1221064B022019703E
:10BCE000EDE71121F9E71621F7E70720E7E77047AD
:10BCF000BC640020296400202DE9F0418B680C46CB
:10BD00001D46002725B97F2F06D90120BDE8F08107
:10BD10002A8A6D681744F5E7DB681B7803F0070390
:10BD2000022BF2D1DFF86C803A464146204611F0F2
:10BD3000D3FE0028E9DB184E94F85930B37594F817
:10BD40005A30C6F80080FF2B18BFAE3BD4E908027A
:10BD500018BF5DB2114BB78083424FF0020393418D
:10BD6000757511D30E4BA0FB030103FB0211A36AEF
:10BD7000C01841F100014FF47A720023F4F710FA71
:10BD8000C6E902010020C1E74FF0FF306FF000412B
:10BD9000F1E700BF3D64002060290020037DC1253C
:10BDA00000CA9A3B30B5002189B00020FCF7E8FFBB
:10BDB000204D214C2860002200237F20FCF7AEFF9D
:10BDC0000146206028681D4D11F067FD23681C485E
:10BDD000DA681C4B1C4C1A607F21102214F083FE81
:10BDE000AB6823601BB300230093184918486FF019
:10BDF00007034FF4007208F0B9F81649144814F01C
:10BE00000CFA236828465B68984710F0200006D19A
:10BE100080F31188BFF36F8F0423184602DF0E4BA7
:10BE20000293236805489B6A02AA0421984709B037
:10BE300030BD00BF245300202053002004430200E3
:10BE40002A640020802900201C5300200084002048
:10BE5000C0280020215D0200ADBC000008B50146ED
:10BE6000034814F0E3F80120FFF700FF002008BDAD
:10BE70005806002008B50146034814F0D7F8002002
:10BE8000FFF7F4FE002008BD7406002013B5064B32
:10BE9000ADF806101B6805481C6902220DF1060367
:10BEA0000121A04702B010BD1C5300200443020032
:10BEB00013B5054B01911B6804481C69002201ABB6
:10BEC0000121A04702B010BD1C5300200443020012
:10BED00013B5064BADF806101B6805481C69012216
:10BEE0000DF106031146A04702B010BD1C530020FF
:10BEF00004430200024B1878003818BF0120704735
:10BF0000BC640020034B1A780AB901221A70002081
:10BF1000704700BFBC640020034B1A780AB10022AE
:10BF20001A700020704700BFBC64002010B5084C98
:10BF30002378013B022B08D8064B07481B681B6A75
:10BF4000984701232370002010BD0D20FCE700BF9F
:10BF5000BC6400201C530020044302002DE9F04380
:10BF6000054689B00020FFF761FE00285ED1012060
:10BF7000FFF75CFE78B10120FFF766FEDFF8608214
:10BF8000DFF86092984F00220023404607F03AFE07
:10BF90000446002858D10220FFF748FE70B1022065
:10BFA000FFF752FE00F010FC904B01461A78002873
:10BFB00000F0B0800021284617F0ACF80320FFF70E
:10BFC00035FE30B10320FFF73FFE8949284617F0C0
:10BFD00089F80420FFF72AFE864E002800F0A6808C
:10BFE0000420FFF731FE3378032B40F097800223C3
:10BFF0003370814B7E4F1B6893F85B30C3F3400274
:10C00000C3F3800343EA0213FA7E22F011021343C2
:10C01000FB7600F0D9FB794B0446002800F0A8809D
:10C020001A783946284617F078F87FE00020FFF7A5
:10C030000BFE734C00220023204607F0E3FD00288E
:10C0400095D011F0C3FBF5E720220021684614F0DB
:10C050004AFDA06810F08EFBC3680093A36800221D
:10C06000002B49D1ADF80420664A94F85B60128831
:10C070008DF8062094F859208DF8162094F85A204F
:10C08000FF2A1CBFAE3A53B28DF815309DF8173019
:10C0900066F300038DF81730D4E9080302228145C6
:10C0A0009A412DD3A0FB070107FB0311A36AC01817
:10C0B00041F100014FF47A720023F4F771F89DF812
:10C0C0001730C6F3C00666F341038DF81730636D71
:10C0D000049394F858308DF81430CDE9020100F043
:10C0E00073FB024688B100226946284617F012F811
:10C0F000204611F06BFB46E7198A5B680A44AFE7FC
:10C100004FF0FF306FF00041D4E76946284616F043
:10C11000E2FFEDE7284616F0DEFF4FE73A4B3B48DB
:10C120001B685B68984783053FF561AF0720FFF701
:10C130007DFD28B10720FFF787FD2846FFF7F6FEB3
:10C140003378032B49D00520FFF770FD00BB062094
:10C15000FFF76CFD002840D02D4B284693F90010C6
:10C1600016F0D1FF062009B0BDE8F043FFF76CBD23
:10C17000DFF8A0801B78B8F80420002A14BF4246DC
:10C1800000223946284616F0B4FFA8F80440CDE74F
:10C190001D4C214A23681178DB681C4898472368A6
:10C1A0001E49DB6A1E4A09881848984788B106204C
:10C1B000FFF73CFD40B1164B284693F9001016F0EE
:10C1C000A2FF0620FFF740FD09B0BDE8F04310F0E4
:10C1D0004DBB0520FFF738FDB9E709B0BDE8F08396
:10C1E00058060020037DC12500CA9A3B296400201F
:10C1F00080290020BC6400202453002028640020F3
:10C2000074060020846300201C53002004430200B5
:10C2100080630020602900203A64002082630020AF
:10C2200091BC0000F8B50C4D0C4C2B680C4EDB6833
:10C230003180204698472B6830785F69FFF7CCFC47
:10C2400001462046B8472B682046DB699847054BD6
:10C2500002221A700020F8BD1C5300200443020083
:10C2600084630020BC64002070B5134D2A68536AB3
:10C27000E3B1124C237889B1022B1BD1104B5669C4
:10C280001878FFF7A9FC01460E48B0472B680D4807
:10C290005B6A984760B90323237070BD032B09D1F3
:10C2A000074BBDE870401978FFF7BCBF0C20F4E7DE
:10C2B0000120F2E70D20F0E71C530020BC640020B1
:10C2C000846300200443020038B50D4B0D4D1B68FC
:10C2D0000D485B6898472B78022B03D0830501D467
:10C2E0000D2038BD094813F041FF04460028F7D15E
:10C2F0000323064906482B7013F05AFF2046F0E747
:10C300001C530020BC6400200443020030010020C4
:10C31000C0280020004870478029002010B50E4C2E
:10C320000E4823685B68984710F0010010D023681E
:10C330000B4ADB6A09480121984750B94FF0FF3397
:10C3400008484FF0FF3207F0B3FC074B93F90000A9
:10C3500010BD7F20FCE700BF1C53002004430200F7
:10C3600019BC0000400600208063002008B5134B74
:10C3700013481B685B689847024600F001035800A9
:10C38000D30648BF40F00800910648BF40F00100C6
:10C39000930548BF40F01000110548BF40F0200051
:10C3A000D30548BF40F04000510548BF40F0800031
:10C3B000D30448BF40F4807008BD00BF1C53002068
:10C3C0000443020010B586B00C46182200216846CE
:10C3D00014F089FB054B8DF800401B6804489B6AEC
:10C3E0006A460C21984706B010BD00BF1C530020C0
:10C3F00004430200014B1878704700BF3B640020E3
:10C4000010B586B00C4618220021684614F06BFB6C
:10C41000064B8DF800401C70054B06481B686A46A9
:10C420009B6A0321984706B010BD00BF3B64002003
:10C430001C53002004430200F8B5114E114B37681D
:10C44000114D1970FB6A2A800C46B3B10520FFF725
:10C45000FBFB0620FFF7F8FBFB680C4821469847DA
:10C4600033680B4ADB6A29880848984708B90020D6
:10C47000F8BD0520FFF7FAFBF9E70C20F8E700BF4D
:10C480001C5300203A640020826300200443020011
:10C4900091BC000010B586B00C46182200216846F9
:10C4A00014F021FB054B8DF800401B6804489B6A83
:10C4B0006A460021984706B010BD00BF1C530020FB
:10C4C0000443020010B588B00C461422002103A8D2
:10C4D00014F009FB01AB0293084BADF804401B6854
:10C4E00007489B6A01218DF80D1002AA9847002881
:10C4F00014BF0320002008B010BD00BF1C53002053
:10C500000443020010B586B00C46122200210DF142
:10C51000060014F0E8FA094B00941B6808489B6A6F
:10C5200001218DF804108DF805106A4698470028FF
:10C5300014BF0320002006B010BD00BF1C53002014
:10C540000443020010B588B00C461422002103A851
:10C5500014F0C9FA01AB0293074BADF804401B6815
:10C5600006489B6A02AA01219847002814BF0320AD
:10C57000002008B010BD00BF1C530020044302007F
:10C5800010B586B00C46132200210DF1050014F001
:10C59000AAFA084B00941B6807489B6A01218DF892
:10C5A00004106A469847002814BF0320002006B0F4
:10C5B00010BD00BF1C530020044302007FB51822A9
:10C5C0000021684614F08FFA044B05481B686A4640
:10C5D0009B6A0121984707B05DF804FB1C530020BB
:10C5E000044302007FB518220021684614F07BFA4C
:10C5F000054B06481B6801219B6A8DF804106A46AA
:10C60000984707B05DF804FB1C5300200443020068
:10C6100021B1034B1B780B70002070470720704737
:10C620003C640020014B0020197070473C640020DE
:10C6300008B50C4B1B680BB11B6B5BB913F042FFC9
:10C64000094AA0FB020302FB0131C00B40EA414052
:10C65000C90B08BD054898474FF47A720023F3F7D9
:10C660009FFDF6E71C53002040420F0004430200E8
:10C67000F0B59FB00EADCC088DF807200021402208
:10C68000284604AF1E4614F02EFA10220021384628
:10C690008DF841408DF851408DF8614014F023FA37
:10C6A000012C08AC0BD10DF10F0311930DF1070311
:10C6B0001593249B1293259B0E961994169314227E
:10C6C000002109A814F00FFA9DF807300648002B46
:10C6D00008BF3D46054B08951B6822469B6A05210D
:10C6E00098471FB0F0BD00BF044302001C53002058
:10C6F00010B586B00C461422002101A814F0F3F9FD
:10C70000044B00941B6804489B6A6A4606219847BC
:10C7100006B010BD1C5300200443020010B586B0C3
:10C720000C461422002101A814F0DDF9044B0094FA
:10C730001B6804489B6A6A460721984706B010BDEB
:10C740001C53002004430200024B03481B685B6B30
:10C75000184700BF1C53002004430200A1F10B0343
:10C760000F2B10B512D80A4B0B4403F80B2C094BB6
:10C770001888884201D0002010BD074B1B685C69F7
:10C78000FFF72AFA01460548A047F4E70720F3E738
:10C790002A640020846300201C530020044302000C
:10C7A00008B5029918461368024A0FF0F0F90C20F8
:10C7B00008BD00BF305D0200024A107008B9FFF7E3
:10C7C000B5BB7047BD640020014B1878704700BFAF
:10C7D000BD640020034B1B780BB1FFF745BD0D2056
:10C7E000704700BFBD6400202DE9F743484E044662
:10C7F000A368DB6B002B7DD1A3689B6B002B40F003
:10C800008180A368DB6AFBB94FF00008306801A99A
:10C81000C2690FF07CFDA368074600284AD01B6957
:10C820000199002B3BD00246204698470546002838
:10C8300038D0306829460FF089FDBD424FF001081D
:10C84000E4D010F013F803E0204698470028DBD12D
:10C85000A368DB691BB1204698470028C8D02D4D3E
:10C86000BFF35B8FD5F80090BFF35B8FB9F1010F79
:10C87000BED1DFF8A480B8F800703FB3A368274D9D
:10C88000DB682968FBB13A46204698472B68034489
:10C890002B60B8F800301B1AA8F80030A8E76FF03A
:10C8A0005705C6E7014630680FF050FDB8F1000F9C
:10C8B000CED0C6E71B69002BF8D001220DF1030191
:10C8C00020469847F2E76FF05700DFE7204612F066
:10C8D00020FA2B4643F808790C33BFF35B8F53E8FB
:10C8E000002F43E800910029F9D1BFF35B8F0FF0CF
:10C8F000BDFF7DE72046984700287FF47DAF03B059
:10C90000BDE8F0832046984700287FF47AAFF6E729
:10C9100040010020480100208663002028530020A9
:10C9200037B50C4D286801A9C2690FF024FD0446F3
:10C9300030B9EB6813B115F078FDEC6003B030BD91
:10C940000198A1B215F07AFD286821460FF033FD59
:10C95000E8E700BF4001002010B50B4C0B486060B9
:10C9600013F0EDF970B16068836823B11B6C13B1EB
:10C97000074922469847606883681B6A03B1984755
:10C98000002010BD0120FCE740010020C842020049
:10C99000E9C70000F8B5124E124D3388E3B9002400
:10C9A000114BAC600122BFF35B8F53E8001F43E8DB
:10C9B00000200028F9D1BFF35B8F0FF057FF20460E
:10C9C000F8BD3B686868195D83685B689847013407
:10C9D0003388A342F5D8E2E7044F0024F8E700BF0C
:10C9E00086630020400100204C01002028530020D5
:10C9F000034610B50120C3B1BFF35B8F104A52E864
:10CA0000004F002C04D142E8000CBCF1000FF6D11D
:10CA1000BFF35B8F12D10B4803600B4B19800B4B9C
:10CA20001B781BB1FFF7B6FF002010BD52F8040CB5
:10CA300083685B69002BF7D09847F5E70520F4E79A
:10CA4000480100202853002086630020BE64002097
:10CA500010B5064C064B606801221A7012F059F9A5
:10CA60006068BDE8104012F04FB900BF40010020DF
:10CA7000BE64002030B5144687B005460A4699B119
:10CA800094B1042112F056F970B105AB28680293F5
:10CA90001023CDE90043064900680BF0E7FC07B01E
:10CAA000BDE8304012F03AB9072007B030BD00BFF2
:10CAB0000044400438B5064B064C9D6805492B6878
:10CAC0000348042298472368002BF7D038BD00BFE5
:10CAD000A04202002C530020044B186880EA40302A
:10CAE00080EA504080EA4010186070472C530020C4
:10CAF000024B01221A7008F045BD00BFBF64002040
:10CB000008B50020FCF74EFE05490023CB60054B1D
:10CB10004B6003238B60BDE808400FF035BB00BFBE
:10CB200030530020F1CA000010B50020FCF73AFE97
:10CB3000064904460FF0A3FB783002D120460FF0DF
:10CB40007AFB034B00221A7010BD00BF3053002047
:10CB5000BF64002040B2002808DB4309044900F00C
:10CB60001F0001224033824041F82320704700BF5C
:10CB700000E100E040B2002808DB4309044900F06E
:10CB80001F0001226033824041F82320704700BF1C
:10CB900000E100E040B20028A7BF00F1604000F5CE
:10CBA000614000F00F00034BACBF90F80003185C2D
:10CBB0004009704714ED00E010B5064C06492046C8
:10CBC00013F006FB00220023204607F037FA00206E
:10CBD00010BD00BFA0290020DDCB000037B50F4CF1
:10CBE000A5683B21EB682046984770B90C212B695A
:10CBF0006A462046984740B9094B009A93F90010BD
:10CC0000914202D01A7012F01DF94FF4F012002375
:10CC1000044807F047FA03B030BD00BF18430200D4
:10CC2000DC020020A0290020014B93F9000070478E
:10CC3000DC020020084BD3F8082542F00302C3F8B9
:10CC400008250422C3F81025D3F8042522F0030296
:10CC5000C3F80425704700BF00900040014B01223B
:10CC60001A60704700900040014B01221A61704722
:10CC7000009000400048704748900040054A06492F
:10CC800001235364D2F84435013B0B60C2F84835A8
:10CC9000704700BF009000404053002008B5094B8A
:10CCA000D3F8483528B9084B084A09485D2108F0EF
:10CCB00075FF084A12689A4216BF036000200120DF
:10CCC00008BD00BF009000406C5D0200CD5D020019
:10CCD000805D020040530020004870474C900040A7
:10CCE000014BD3F84C0570470090004008B5084B45
:10CCF0001B69834205D0074B074A0848462108F0C4
:10CD00004DFFFEF72BFBBDE8084008F021BD00BF3A
:10CD1000002A0020EF5D0200B75E0200025E020002
:10CD200010B508490C69844205D0074B074A0848EA
:10CD3000542108F033FFC1E90223BDE8104008F098
:10CD400029BE00BFE8290020615E0200A45E020047
:10CD5000025E020038B5174A174C00231370236097
:10CD6000FEF78CFC0028606006DA144B144A40F28F
:10CD70000311144808F012FF134D4FF0FF33A36066
:10CD8000124B134C2B60134B2360FEF777FC0028EB
:10CD9000286104DA094B0A4A40F20D11E9E7FEF76F
:10CDA0006DFC0028206104DA044B054A40F213119F
:10CDB000DFE738BDC0640020D0290020795E020082
:10CDC0007F5E0200025E0200002A0020EDCC00001F
:10CDD000E829002021CD000002460B46014811F051
:10CDE000F3BF00BF002A0020014B1869FEF786BA86
:10CDF000002A002070B5EFF3108672B6084C237835
:10CE00005BB9084D286911F0B5FE6861064D2869C7
:10CE100011F0B0FE01236861237086F3108870BDA5
:10CE2000C0640020002A0020E829002010B5EFF39C
:10CE3000108472B60A4B00221A700A4B596918699D
:10CE4000891A18BF012111F097FE074B596918691B
:10CE5000003918BF012111F08FFE84F3108810BD36
:10CE6000C0640020002A0020E829002010B5FEF749
:10CE700075FAC21CBDE81040024841F1000311F0F0
:10CE8000A3BF00BFE829002002460B46014811F06D
:10CE90009BBF00BFE8290020014B1869FEF72EBA9E
:10CEA000E8290020014B1869FEF720BAE829002084
:10CEB000014BD3E902017047E82900202DE9F74F23
:10CEC000464CBFF35B8F05460E461746012354E8D8
:10CED000002F002A03D144E800310029F7D1BFF325
:10CEE0005B8F0CBF98464FF00008A14673D14FF0FE
:10CEF000000ACDE900AA2A466068334611F04AFECE
:10CF0000E0B1BFF35B8F54E8003F012B03D144E84D
:10CF100000A2002AF7D1BFF35B8FFEF71FFAA842E9
:10CF200071EB060338D22E4B281A66EB01019842AA
:10CF300071F1000130D34FF002082DE06068FEF778
:10CF4000D5F98246EFF3108B72B6FEF707FA02307E
:10CF500041F10001854276EB010121D28BF310886B
:10CF60007A1C06D06068FEF7C1F90146F8B205F0F8
:10CF70005DFB4FF0FF336068A360FEF7BFF9BFF3BE
:10CF80005B8F002359E8002F012A03D149E80031C3
:10CF90000029F7D1BFF35B8F404603B0BDE8F08FA7
:10CFA0007B1C03D05146F8B205F038FBA760C4E9FA
:10CFB00004568BF31088BFF35B8F022359E8002FD0
:10CFC000012A03D149E800310029F7D1BFF35B8F73
:10CFD0004FF00008E0E74FF00308DDE7D02900201C
:10CFE0000100400070B5174CBFF35B8F042054E87C
:10CFF000003F022B03D144E80002002AF7D1BFF31F
:10D000005B8F25461CD16068FEF778F9A668731C13
:10D0100006D06068FEF76AF90146F0B205F006FB3B
:10D020004FF0FF33A3600020BFF35B8F55E8003F54
:10D03000042B03D145E80002002AF7D1BFF35B8F30
:10D0400070BD00BFD0290020F8B51F4CBFF35B8F27
:10D050000546032354E8002F022A03D144E8003197
:10D060000029F7D1BFF35B8F26462AD1EFF3108753
:10D0700072B66068FEF73AF90146E8B205F0CEFAFA
:10D080006068A560FEF732F90568FEF767F9D4E934
:10D0900004239042994112D2281E18BF012087F321
:10D0A00010880223BFF35B8F56E8002F032A03D1B9
:10D0B00046E800310029F7D1BFF35B8FF8BD0120AE
:10D0C000EDE70420FAE700BFD029002008B504F0FE
:10D0D00007FB01F015FB11F055FE01F053FD104860
:10D0E00007F0ECFF12F019F805F006F801F002FE67
:10D0F00004F058F808F0CCFAFFF7DCFC05F0A0F8D3
:10D1000008F064FA08F0AAF801F0D0FE11F052FE1F
:10D1100008F076FB04F008FABDE8084003F0C6BB4F
:10D12000844802007FB505460C4631B34B792BB3DA
:10D1300088792388ADF808300026A378CDF80A60F6
:10D1400021798DF80D30E378ADF80E6043EA0121C6
:10D150000DF10A028DF80C0012F0CDF99DF80900CE
:10D160009DF8083000B933B90021009602AB2A4679
:10D17000084612F006FC04B070BD024C01F012FE2D
:10D18000D7E700BFCB5E0200064B002918BF0B4655
:10D190005A78197802B911B9194612F0FEBC104636
:10D1A000704700BFC55E020037B5EFF3108372B65B
:10D1B000054CD4E9124583F31088CDE90045FDF70D
:10D1C000EBFC03B030BD00BF782A002010B5094A3F
:10D1D000094C53780949013353702046102211F04D
:10D1E000D5FE94E80F0004E90F00054B01221A70E8
:10D1F00010BD00BFD264002064530020F4640020FE
:10D20000C164002070B50F4E96F8243004460D46D8
:10D210000BB9002070BD10220021284613F063FCDA
:10D2200096F824202301DBB29342F2D2D21A102ABC
:10D23000316AA8BF1022D2B21944284613F02BFC41
:10D240000120E7E7182A002030B5124B1249587820
:10D250000B46012203F8012B104A02F10C0452F88C
:10D26000045B43F8045BA242F9D112781A700023E0
:10D270008B73094B0A4CC87303F110051868596881
:10D28000224603C20833AB421446F7D1054B0122B4
:10D290001A7030BDD2640020D46400203D2A0020E2
:10D2A00054530020C164002070B5144C14496078B8
:10D2B000FFF7A8FF054618B1BDE87040FFF786BF2D
:10D2C000104B114A93F832301049D65C1048324660
:10D2D00013F0E1FB02230F49657028462370FFF726
:10D2E00091FF28B101236370BDE87040FFF7ACBF28
:10D2F0001EB1FFF7A9FF0323237070BDD264002085
:10D30000F4640020182A0020D25E0200645300203A
:10D31000C2640020E4640020014B00225A6370477D
:10D32000182A002070B50446406B00283DD0D4E98F
:10D330000632134302D02069002836D094F82430F6
:10D340000BB1206A88B394F83230032B30D8194DD2
:10D35000234604F13806186859682A4603C2083380
:10D36000B3421546F7D1636B256A1A78F5B9551C97
:10D37000802D01D911F01FFDE8B202F0C3FF606BF0
:10D3800002F072FF0C4B616B186006460B4B2E448B
:10D390002A461E6013F07FFB636B1A780132521B22
:10D3A0000021304613F09FFB012070BDED1ADFE72E
:10D3B0000020FAE7182A0020745300207853002038
:10D3C0002DE9F74F7A4C636B8342014626465DD1C7
:10D3D00000285BD0D4E90632DFF8D891134394F8E3
:10D3E000323019F8037014BF01250025AD0117B1C3
:10D3F000023FC7F34707DFF8C0A1DFF8C0B1DAF892
:10D400000000DBF80020DFF8B881121A13F043FBAC
:10D41000102200216B4813F066FB45EAC70543461E
:10D42000694A45F0010503F8015B02F10C0152F86D
:10D43000040B43F8040B8A42F9D112781A7094F85D
:10D4400024305F495F4888F80F301022002388F8A5
:10D450000E3011F09BFD96E80F005C4D85E80F0043
:10D46000584B103503F11006186859682A4603C254
:10D470000833B3421546F7D1554F564A00237B7007
:10D480003B7001231370534B1B7813B903B0BDE8F5
:10D49000F08F504A4D4800231370F6F7D7FB3B78C6
:10D4A000032BF0D8DFE803F0023B3E6BD4E90653D0
:10D4B00055EA03027E7801932DD0414810220021C5
:10D4C00013F011FB019B96B90F2D4FEA152273F152
:10D4D00000032169404888F8002088F801502A4656
:10D4E00028BF0E2213F0D7FAFFF770FECBE7360104
:10D4F000023EF6B2AE424FF000029A410BD2AA1B96
:10D5000063F1000321692E48112A73F1000328BF3B
:10D5100010223144E6E700237B7001233B70FFF7C4
:10D52000C3FEB0E72D492E48102211F02FFD7D7863
:10D5300094F82420DBF8000029496B1E1B01DBB2A4
:10D54000D21A102AA8BF1022D2B2184413F0A3FA9C
:10D5500023492846FFF756FE20B101357D70FFF7BD
:10D5600073FE90E794F8323019F803501DB103238D
:10D5700078703B70F3E702F0B9FE656383E794F8D7
:10D580003230164919F8035016482A4611F0FEFCAD
:10D59000DAF8000013490278EB43134418442A4692
:10D5A00013F079FA02F0A2FE002363636BE700BF79
:10D5B000182A0020D25E0200745300207853002005
:10D5C000F4640020046500203D2A0020445300201C
:10D5D000D2640020C1640020F6640020645300205F
:10D5E000E4640020C2640020034B5A6B824204BFF3
:10D5F00000225A63704700BF182A0020034B1868A6
:10D6000008B190F8800000F001007047A45300209A
:10D6100008B5FFF7F3FF08B1014B186808BD00BF5C
:10D62000A453002008B5082811D8DFE800F012053F
:10D630000507090714141400012008BD0420FCE7A5
:10D64000064B1B7813F0100F18BF0120F5E711F0FF
:10D65000B2FB0020F1E70220EFE700BF1A650020CF
:10D6600010B5064B1C78064B1878FFF7DBFFE4B2C9
:10D67000844234BF0020012010BD00BF1865002087
:10D680001B65002010B5044601F01CFB044B20462E
:10D690001968012212F0D4F8BDE8104001F0A8BAD0
:10D6A0007C53002010B5044601F00CFB054B1A78A2
:10D6B000054B204693F9001012F0B9F8BDE8104070
:10D6C00001F096BA206500201C650020014A107008
:10D6D00011F079BC1B65002038B504460D4601F0F9
:10D6E000F1FA054B2A461868214611F073FCBDE893
:10D6F000384001F07DBA00BF9C5300200348044B22
:10D7000000680022114611F0E9BF00BFA4530020B9
:10D7100080530020F7B5244B1B7807460E4615466C
:10D72000002B37D0047811F064FC631C5B010028E7
:10D7300034D103F1CE000DB1A83080B213F062F8FD
:10D7400040B3FFF78DFF044620B355B302F04CFC05
:10D7500008F0AEF8154B187811F0BAFE144B291EDC
:10D760001A7818BF012161F3C30238461A7002F01B
:10D7700083FD104B1B7800932A460F4B314601F076
:10D78000BDFF012E07D111F0A7FE07F0BFFE10B9B3
:10D7900002F00AF90024204603B0F0BD03F22E4047
:10D7A000C9E702F029FCD3E7196500201D650020B8
:10D7B0001A650020166500201E65002008B5064B7E
:10D7C0001B7833B113F06AF83B2894BF0020012086
:10D7D00008BD0120FCE700BF1965002010B5114C01
:10D7E00011F091FC07F0D4FB2378012B17D913F02B
:10D7F00076F80D4BD3E90423904299410FD20123CF
:10D80000237007F075FB01F033FB012803D1074BB0
:10D81000187811F0D8FBBDE8104001F0BFB9002323
:10D820002370F0E715650020502A00201B650020BA
:10D83000F0B5144B87B004460E4615460021182259
:10D8400068461F6813F04FF902948DF80D608DF84B
:10D850000E504CB1EFF3108372B60B4AD2E91001AF
:10D86000CDE9040183F3108801F02CFA384611F059
:10D8700036FC6946384611F0E5FF01F0B9F907B00A
:10D88000F0BD00BF9C530020782A002073B5234BC5
:10D890001B7805460C46002B3ED0FFF7E1FE002822
:10D8A0003AD01F4A137823F007031370FFF7A6FE40
:10D8B0000646FFF7ADFE01F0C1FD002301A8ADF85B
:10D8C000043011F02CFE01F06DFA11F001FE154A42
:10D8D00001AB12782946032001F0E4FD012D09D1A6
:10D8E00011F0FAFD07F012FE20B90CB911F063FA3D
:10D8F0000123237002F07CFB07F0DAFF3EB901F050
:10D90000E3FA094B1860FFF783FE01F097FDFFF77C
:10D91000F5FE064B00221A6002B070BD19650020AA
:10D920001A65002017650020A4530020A053002092
:10D9300008B5074B1B7853B1AE2012F063FF30B12E
:10D94000FFF78EFE18B1BDE8084002F0E9B808BD47
:10D95000196500207FB511F087FB18220021684669
:10D9600013F0C1F8054B6946186802F091FC69464E
:10D970000220FFF7B1FE07B05DF804FB9C530020C6
:10D9800010B5114B1B78EBB1FFF76AFED0B10F4C0D
:10D99000204607F021FB12F081FFB0F5C07F11D3C4
:10D9A0002268C009831EB3EBD21F4FEAD21094BF86
:10D9B000A2EBC31200222260BDE8104098BF1846B7
:10D9C00002F0DEB810BD00BF19650020985300209A
:10D9D00010B5044601F0E8FF082C1ED8DFE804F07B
:10D9E000211D051D0B131D1519000021BDE8104058
:10D9F0000846FFF74BBF01220A4BBDE810401868EC
:10DA00000021FFF787BE0022F6E7BDE81040FFF7D0
:10DA1000B7BFBDE81040FFF78BBFBDE8104011F065
:10DA2000CAB910BD9C53002010B586B008284FD845
:10DA3000DFE800F03333050F24243542480061B39A
:10DA4000264B19680122062006B0BDE8104011F0EF
:10DA5000F7BE234C2368002283F88020214B062147
:10DA6000186811F03EFB204B20681A781F4B93F981
:10DA7000001006B0BDE8104011F0D9BE1C4C1822B1
:10DA80000021684613F02FF86946206802F000FC78
:10DA90006A460621206811F09DFA06B010BD144CAC
:10DAA00018220021684613F01EF86946206802F02B
:10DAB000EFFB6A460521EDE7012006B0BDE8104006
:10DAC00011F0E1BE012006B0BDE8104011F0EDBE3E
:10DAD00006B0BDE8104011F06EB900BF7C530020C5
:10DAE000A4530020A0530020206500201C650020C6
:10DAF0009C5300202DE9F0410646174600F0F0FF48
:10DB0000054680B11F4C2378022B10D02278022AC0
:10DB1000D3B216D04FF00008022B17D9033B052BC8
:10DB200012D911F048F900252846BDE8F08101F02E
:10DB30006BFC2278022A8046D3B2EDD136B9002898
:10DB4000F1D14FF0000801E0002EECD001F02CFFE5
:10DB50002378022B0AD10C4B0C4800221A7007F0D4
:10DB6000DFFD07F0A3F9207811F02DFA2378072BB9
:10DB700001D107F065FA002FD6D020784146FFF793
:10DB800053FFD1E71B65002015650020502A0020B7
:10DB900010B5FFF7AFFF044658B1074B1B782BB108
:10DBA0000120FFF793FD01F095FF10B90020FFF76A
:10DBB0008DFD204610BD00BF1965002073B50D46D0
:10DBC0001E46FFF797FF044628B312F0AEFE38B1A9
:10DBD00001F04EF9421ED2B2022A01D911F0EBF83F
:10DBE0000E4B03221A700E4B02201E60FFF76EFDD3
:10DBF0006B1F5842584100260DF107018DF8076050
:10DC0000FFF744FE9DF807302BB101F0CDFE314601
:10DC10003046FFF73BFE204602B070BD176500207E
:10DC20007C5300202DE9F041674A1378107086B0CC
:10DC3000044603F0FF0773BB002800F08A8001F060
:10DC4000C3FA624B01221A7007F0F4FD604E35787A
:10DC5000EDB22846FFF7E6FC80462846FFF7E2FCD7
:10DC6000474579D384426CD2357802210120EDB248
:10DC700000F036FF08B911F09EF8022D7CD101F0BA
:10DC8000C3FB074601F090FE002F00F088800620BD
:10DC9000FFF7F8FC84E00028D8D14C4B1A78002A12
:10DCA0004FD04B4D18702B78022B02D101F0ACFBFA
:10DCB000044601F0FBFA07F0DFFD07F02FFB02211D
:10DCC000012000F00DFF08B911F075F82B78082B32
:10DCD0003AD8DFE803F036050B1225252536360045
:10DCE000002006B0BDE8F041FFF7F0BC4CB30520C2
:10DCF00006B0BDE8F041FFF7C5BC364C0220FFF787
:10DD0000E5FC2368002283F88020334B0421186847
:10DD100011F0E7F9206806B0BDE8F041FFF7C2BC9A
:10DD20000220FFF7D3FC18220021684612F0DBFE28
:10DD30002A4B6946186802F0ABFA69460420FFF7DF
:10DD4000CBFC06B0BDE8F08106B0BDE8F04111F0B3
:10DD500032B807F0E3FA79E78442F2D33378204A05
:10DD6000022F1278DBB205D1042C03D1042B01D190
:10DD7000032AE6D030781FE001F016FE082D20D8E7
:10DD8000DFE805F00D0D1F0A050A0A0D0D00154B01
:10DD90001A786FF304121A700220FFF797FC00271D
:10DDA00028463946FFF740FE3578EDB22846FFF7A2
:10DDB00039FC8442C5D3284606B0BDE8F041FFF7E0
:10DDC00007BE10F0F8FFEAE718650020196500208B
:10DDD0001B650020A4530020A05300209C5300206A
:10DDE000146500201A65002008B5054B1B78062B2A
:10DDF00001D010F0E0FFBDE8084011F076B900BF97
:10DE00001B65002070B5002007F03CF9224B1B7801
:10DE100003F001031843C0B208B910F0CCFF1F4B48
:10DE20001B78022B01D010F0C6FFEFF3108172B601
:10DE30001B4A93680133936081F3108807F058F808
:10DE4000002007F01FF9044601F012F8012820D144
:10DE5000022012F025FD12F042FD124D0446284624
:10DE60000E4607F05DFCA0344FF0010346F10006BA
:10DE70002B7728460C4B2B62C5E9044607F018FCAB
:10DE800008B110F098FF094A13780133DBB2137020
:10DE900001E0002CDFD170BD176500201B6500205C
:10DEA000782A0020502A0020DDD7000015650020C8
:10DEB00008B51A4B1B78022B01D010F07CFF184BD1
:10DEC0001B789B0701D410F076FFEFF3108172B638
:10DED000144AD3680133D36081F3108800F0C8FF7F
:10DEE00001280FD0022813D0002007F0CBF898B1FA
:10DEF0000D4B0E4800221A7007F012FCBDE80840D6
:10DF000007F00AB8084B094800221A7007F008FC0D
:10DF1000022012F0C5FCE7E708BD00BF1B6500202A
:10DF200017650020782A002015650020502A00205F
:10DF30002DE9F843DFF85891564D99F800302C79C7
:10DF4000022B804601D010F036FF042C55D8DFE8B4
:10DF500004F003250754230001240126274601E08D
:10DF6000042400264B482246414611F0D0FB10B352
:10DF70003EB14848394602F0DBFD064628BB022F79
:10DF80000ED000F0DBFE022C3FD0042C6FD0012C11
:10DF90006FD1EC7C01343AE00524E2E70224DCE7AF
:10DFA0003D4A1378384643F00103137012F078FCB1
:10DFB00011F0FCFBE5E700F0C1FE20B12B6893F9FE
:10DFC0000030002BDFDC012607E000F0B7FE20B1B7
:10DFD0002B6893F90030002BD5DC01F0E5FC002123
:10DFE0000846FFF753FC99F8000010F0ECFF2B688F
:10DFF0005B7803F00703022B03D100242046BDE821
:10E00000F8833046FFF73EFBF7E72C7D0234E4B29D
:10E01000214E3378580719D4DFF88080D8F80030C3
:10E0200018782B685B7801304001990654BFA03006
:10E0300000F5307012F0E6FB0746E0B13378D8F80F
:10E04000000043F00403337011F04DF83378DA0721
:10E05000D4D52B685B789B06D0D500F08BFE0028CA
:10E06000CCD00C4811F0A9FB0D4B1860C6E76C7DB5
:10E0700090E70024CCE701F097FC39463846FFF7DB
:10E0800005FC084B01221968052011F0D9FBDDE7DA
:10E090001B650020805300201A650020A453002037
:10E0A000A05300207C53002013B5114C2378022B81
:10E0B00001D010F080FE0F4A137823F0070313708D
:10E0C000FFF71CFB207810F07EFF002401A8ADF8BC
:10E0D000044011F024FA084A01AB127821460320CB
:10E0E00001F0E0F90220FFF7CDFA02B010BD00BF49
:10E0F0001B6500201A6500201765002008B5054B38
:10E100001B78062B01D010F056FEBDE80840FFF743
:10E1100021BC00BF1B6500202DE9F047644EDFF8ED
:10E1200094813568644F10F074FF644B18702B783D
:10E130002B4413F8010C11F090F900B28000FF2875
:10E140005F4B28BFFF201870D8F8003019780131D4
:10E150000622C9B2404611F0DAFA8146002846D0BC
:10E160003B78D80743D40321404602F0E1FC044643
:10E1700080B94FF4087012F045FB002839D03B7885
:10E1800023F0050343F005033B7011F00FFB3068EB
:10E1900010F0A9FF3B78D9072DD5EFF3108272B6A6
:10E1A000484C63680133636082F3108810F039FFD4
:10E1B00002460B46EFF3108172B6C4E9122381F3D5
:10E1C000108806F0C9FE3B78DA0726D43E4B187853
:10E1D00010F0F9FE6B7803F00703022B5DD0336873
:10E1E000002283F8802000F06FFE30603CE00424C1
:10E1F000D0E70524CEE700F0A1FD82460028CCD16F
:10E20000314B187810F0DFFE50465146FFF73EFBC9
:10E210002046BDE8F047FFF735BAB9F1000FD5D079
:10E22000D8F800305B789B06D0D500F0A3FD00281D
:10E23000CCD02648264F01F0FFFF1E4811F0BDFA52
:10E2400038600028C2D00320FFF740FA214B1B782A
:10E25000032B10D9386802F00FF8C02101F020FB21
:10E2600020BB336883F8800010F0FEFE2846BDE82E
:10E27000F047FFF717BA0421022007F05DF938B91B
:10E28000EFF3108272B6A3690133A36182F31088A1
:10E290003368002283F88020E6E700F04FFD014656
:10E2A00000289CD1BDE8F047FFF7F0BABDE8F08741
:10E2B000A4530020805300201A6500201C65002014
:10E2C00020650020782A00201B650020D65E020011
:10E2D000A05300201865002030B51A4B1A78052A83
:10E2E00087B004D01B78042B01D010F064FD164DCC
:10E2F0002B685A7812070AD42C68204600F030FCAC
:10E30000F0B1204607B0BDE8304010F03EBE1C78AA
:10E3100012F0C4FA013424018442EDD901F044FB27
:10E3200010F0A2FE18220021684612F0DCFB2868DB
:10E33000694601F0ADFF28686A46042110F04AFEE4
:10E3400007B030BD1B6500209C53002070B5164BF4
:10E350001B78032B01D010F02EFD144D2B685A783A
:10E36000120707D4286810F0C2FE2868BDE8704084
:10E37000FCF772BC1C7812F091FA0134240184423B
:10E38000F0D90B4C266801F00FFB236828680022A7
:10E3900083F88020052110F0A4FE10F065FE3046C1
:10E3A000BDE87040FFF77EB91B650020A053002038
:10E3B000A453002010B5094B1B78032B01D010F09B
:10E3C000FAFC074B1C68002384F8803010F04CFEE8
:10E3D0002046BDE81040FFF765B900BF1B6500206F
:10E3E000A453002070B510F01CFE02460B46EFF35C
:10E3F000108172B6224EC6E90E2381F31088214C9B
:10E400002148217811F0080F10D06FF3041121700A
:10E41000016809784901D431541A63F10005EFF31A
:10E42000108372B6C6E90C4583F31088006810F0BB
:10E43000E0FD0446D0B10620FFF748F9FFF7DEF80B
:10E440000446FFF7E5F800F0F9FF01F0D1FD07F011
:10E450002FFA01F0D3F894B900F036FD0B4B186099
:10E46000FFF7D6F8BDE8704000F0E8BF10F0FCFD03
:10E47000224621462046BDE87040FFF7D9B970BD5D
:10E48000782A00201A6500209C530020A453002005
:10E49000F0B54B4E4B4D30682C688DB0002838D00D
:10E4A000BCB3637803F00703022B32D1837803F007
:10E4B0003003202B32D1017801316B460322C9B2DF
:10E4C00011F00CF928B32178013106AB0322C9B24F
:10E4D000204611F003F9DDF818C09CF8023003F073
:10E4E0003003202B15D19DF80970FF2F11D09DF816
:10E4F0001F10009BFF290CD09DF812209DF829E0E9
:10E5000038B1D81905D0724503D1614412F0B3FA7D
:10E5100070B10DB0BDE8F040FFF71CBA2378052BB1
:10E52000F7D1A3789A06F4D4E278C3789A42F0D16E
:10E5300010F077FD02460B46EFF3108172B62248C9
:10E54000C0E9102381F310882D683068002785F812
:10E5500080700178013106AB0622C9B211F0BEF815
:10E5600058B3069A537803F00703032B25D19DF87F
:10E570002830FF2B21D0D35C042B1ED16378DB061F
:10E580001BD50220FFF7A2F839463846FFF77EF97F
:10E5900010F03FFD2B782B44044613F8010C10F0CB
:10E5A0005CFF02B29200FF2A28BFFF22D2B22146AE
:10E5B0002846FFF73DF90DB0F0BD10F055FDE7E737
:10E5C0009C530020A4530020782A002038B5144B17
:10E5D0001B78042B01D010F0EEFB124B1B789B072D
:10E5E00001D410F0E8FB10F01CFD0D46044601F0CC
:10E5F00003FD07F05DF9EFF3108372B60A4AC2E932
:10E600000A4583F31088094B1B78032B07D104209C
:10E6100012F046F9064B1A786FF304121A7038BDDF
:10E620001B65002016650020782A00201465002054
:10E630001A6500207FB5EFF3108172B60C4A13689B
:10E640000133136081F3108810F00EFD18220021B1
:10E65000684612F048FA074B6946186801F018FE40
:10E6600069460120FFF738F807B05DF804FB00BFEA
:10E67000782A00209C53002037B51F4D1F4C2B7863
:10E680008342236838BF28707F2B16D912F006F911
:10E69000B0F5C07F2ED32268C009831EB3EBD21F12
:10E6A0004FEAD21096BFA2EBC31200221846226096
:10E6B00003B0BDE8304001F063BA06F0B9FC04468F
:10E6C00020B103B0BDE83040FFF75AB900F06AFB53
:10E6D00010F0FEFE10F0C8FC28788DF8044010F011
:10E6E000CDFE8DF8040000F0EDFA01A811F0C2F89B
:10E6F00000F07EFA03B030BD216500209853002061
:10E70000084A094808B500231370084A1370084ADC
:10E71000137012F0EBF810F0D4FEBDE8084011F0D1
:10E720003EB800BF1B650020502A0020196500205C
:10E730001565002038B5054610F0E2FC044668B1C6
:10E74000074B1A7842B11B78012B05D001221146E4
:10E750002846FFF71DFA044600F020FA204638BD8F
:10E760001B6500202DE9F04106460F4615469846E8
:10E7700010F0C6FC0446C8B10E4B1A78022A0DD020
:10E780001B78032B0AD0FFF719F8044630B1069B1B
:10E79000424639463046FFF711FA04460DB120468D
:10E7A000A84700F0FBF92046BDE8F081002DFAD023
:10E7B000A847F8E71B6500202DE9F047089F814630
:10E7C000884616461C4610F044FC054600286DD0CD
:10E7D000384A2146304610F080FC002852D00122F1
:10E7E00041464846FFF786F900284AD0204601F006
:10E7F00023FD304A2146304600F086F900283ED0FD
:10E8000000F03CFBDFF8B0A094F805908AF8000017
:10E8100012F08BF840B100F031FB03283FD039D81B
:10E820000138C0B2012837D84FEA49095FFA89F99F
:10E83000224B234A83F800909AF80030D91E4B42AD
:10E840004B41117863F3041111706079C0F1050038
:10E85000C0B2FEF73BFF1B4B62881E601A4B1A804A
:10E860001A4B22791A706279E2B9A8F1050359426C
:10E8700059413046FEF74EFFA3791BB110B910F095
:10E88000F3FB00250FB12846B84700F087F928466A
:10E89000BDE8F0870428C7D010F08DFAC4E74FF028
:10E8A0000209C5E7E279531CDAB2DEE7002FEED0A9
:10E8B000B847ECE7D5EF010014650020166500208D
:10E8C0001A6500209C5300201E6500201D65002055
:10E8D00030B587B0044610F0BCFB054618B3174BA3
:10E8E0001B78062B1DD1164B22681B689A4218D143
:10E8F00000F034FA0246C8B904210120FFF748F9B4
:10E9000008B910F058FA18220021684612F0EBF806
:10E910002068694601F0BCFC20686A46052110F0B9
:10E92000A0FF00F03BF9284607B030BD6FF00103AF
:10E93000002204210120FFF741F9E1E71B650020D7
:10E940009C53002070B506460D4610F082FB04462D
:10E95000A8B1012211463046FFF7CCF8044660B159
:10E96000084B802D38BF80251D60074B00220720F3
:10E970001A70FEF7ABFEFFF703F800F00FF9204620
:10E9800070BD00BF985300202165002010B50446DB
:10E9900010F05FFB012384F8803068B1074B1B78CF
:10E9A00043B100F037FD28B1054B1C60FEF730FE87
:10E9B00000F044FD00F0F2F8012010BD19650020C0
:10E9C000A453002038B5054610F043FB0446B0B10F
:10E9D0000C4B1B781BB100F0E5F910F079FD0A4BE8
:10E9E0001B78022B09D1012229461046FFF782F835
:10E9F00018B100210846FEF749FF00F0CFF8204685
:10EA000038BD00BF196500201B65002010B510F04F
:10EA100020FB044630B1044B1B780BB110F05AFDBB
:10EA200000F0BCF8204610BD1965002010B510F0AC
:10EA300010FB044668B1094B1B7803F0FF0433B1A7
:10EA4000074B1B78022B06D100F016FE044600F09F
:10EA5000A5F8204610BD0024F9E700BF1965002085
:10EA60001B65002038B5054600F030FE10B90024C3
:10EA7000204638BD10F0EDFA0028F8D0094B1B787D
:10EA80001BB9002400F08AF8F2E700F01FFE00280E
:10EA9000F7D000F029FE04460028FAD010F0B9FAA9
:10EAA0002870EFE719650020014B93F900007047CB
:10EAB0001C650020014B1878704700BF20650020BE
:10EAC00010B510F0C6FA044630B1044B1B780BB1F8
:10EAD00000F052FC00F062F8204610BD19650020DD
:10EAE000F8B5084F05460E46002457F8043B33B1ED
:10EAF00031462846984718B10134042CF5D101203D
:10EB0000F8BD00BFC44802002DE9F041094C05469C
:10EB10000E46174604F1100854F8043B33B13A4648
:10EB200031462846984710B14445F5D10120BDE84B
:10EB3000F08100BFB4480200F8B5084F05460E4604
:10EB4000002457F8043B33B131462846984718B1A2
:10EB50000134042CF5D10120F8BD00BFA448020007
:10EB600070B5074E0546002456F8043B2BB12846E5
:10EB7000984718B10134062CF6D1012070BD00BFB2
:10EB80008C480200034B00221A70034BFF221A70BC
:10EB9000704700BF236500202265002070B5134E2A
:10EBA000EFF3108572B6337803F0FF0433B910F039
:10EBB00002F9FF24347085F3108870BD013C14F015
:10EBC000FF04F7D106F040FD20B185F3108806F070
:10EBD0002BFDE5E70121084606F0AEFC10B101204F
:10EBE00010F0DDF8FEF722F9E4E700BF236500200E
:10EBF00010B5074C23781B0601D510F0DCF8054B47
:10EC00001B780BB910F0D7F8FF23237010BD00BF9D
:10EC1000226500202365002010B5104B5C68C4F30A
:10EC20000804BCB1E4B2A4F11002D3B252B2511D37
:10EC300006DA10F0C0F80A4B04F00F04185D07E084
:10EC4000002AF8DB03F1604303F5614393F8000306
:10EC5000400910BD4FF0FF30FBE700BF00ED00E0C2
:10EC600014ED00E038B50446FFF7D6FF431C08BF9B
:10EC70007F20EFF3108572B6104A3CB913782BB1A0
:10EC80000F4B197843B249B2994206D11478013436
:10EC9000E4B2012C147004D0012485F310882046BE
:10ECA00038BDFEF7A7F82146204606F045FC0028AF
:10ECB000F2D0204610F075F8EEE700BF2365002083
:10ECC0002265002010B5094C2378FF2B01D010F0ED
:10ECD00072F8074B1B780BB910F06DF8FFF79CFF2B
:10ECE000431C08BF7F2040B2207010BD2265002069
:10ECF0002365002010490B464FF6FF7223F80129C7
:10ED0000FE22DA70FF221A710022C3F805208A6001
:10ED10005A732D229A73DA7302221A745A2203212B
:10ED20005A7401229A74D9740422597505211A75EE
:10ED30009975DA75704700BF25650020024B587C35
:10ED400000F00100704700BF24650020024B5A7C90
:10ED500060F300025A74704724650020014B987CD0
:10ED6000704700BF24650020014B9874704700BFB6
:10ED700024650020024B587CC0F34000704700BF60
:10ED800024650020024B587CC0F38000704700BF10
:10ED900024650020024B5A7C60F382025A7470474B
:10EDA00024650020014B587CC00870472465002072
:10EDB000024B5A7C60F3C7025A74704724650020E6
:10EDC000014B93F90000704724650020014B187037
:10EDD000704700BF2465002000487047256500206B
:10EDE000024B0288A3F80120704700BF2465002071
:10EDF0000048704729650020034A0368C2F80530BF
:10EE00004368C2F809307047246500200048704705
:10EE100027650020024B0288A3F80320704700BF3B
:10EE2000246500200378012B0BD004D9023B012B71
:10EE30000ED90FF0C0BF094B00225A7342789A7363
:10EE40007047064A53738378D373C378137470473B
:10EE5000024B0268C3F80D20704700BF24650020F4
:10EE6000024BD3F80D300360704700BF24650020CB
:10EE7000014BD87C704700BF24650020014B187DF2
:10EE8000704700BF24650020014B587D704700BFCC
:10EE900024650020014B987D704700BF2465002049
:10EEA000014BD87D704700BF24650020054A002330
:10EEB00001210133102B82F8801002F18102F8D178
:10EEC000704700BF3C650020074A0023114692F8B6
:10EED000800018B103EBC313C81870470133102B1F
:10EEE00002F18102F3D170473C65002010B5074C58
:10EEF00023784BB9064A012117200FF044FF172051
:10EF00000FF04DFF0123237010BD00BF4C6D00209A
:10EF100089F4010008B5F1F789FD064B01221A6159
:10EF2000D3F8002222F48072C3F80022BDE8084022
:10EF300001F052B90080004010B5094CD4F80032FD
:10EF400023F48073C4F8003208B1F1F76FFDF1F7D4
:10EF500067FD01F041F910F0C7FA0123236110BDEC
:10EF60000080004010B5094C207810F09FFA2078FE
:10EF7000FFF7E2FF064A074BC2F808330023C2F846
:10EF80000032054A1371537010BD00BF4E6D002052
:10EF900000100040130006084F6D0020074BD3F807
:10EFA000502502F0F702042A06D00022C3F81021EF
:10EFB000D3F8102101221A61704700BF00100040F1
:10EFC00010B50021094C042001F082F80023C4F898
:10EFD0000032FFF79FFF4FF4C023C4F8083301232A
:10EFE0002363BDE81040FFF7D9BF00BF0010004009
:10EFF00008B50021042001F06BF8FFF78BFF074BE9
:10F000004FF40042C3F808230022C3F80022012273
:10F010009A62BDE80840FFF7C1BF00BF0010004082
:10F0200008B501F091F830B9034B01221A61C3F819
:10F030001001D3F8103108BD0010004008B5084891
:10F040000021F1F7E7FC50B9064AD2F8003243F448
:10F050008073C2F80032BDE8084001F0ABB808BDCB
:10F06000104902000080004013B501A8FFF7F8FE28
:10F070009DF805009DF8044010F0FEF99DF807305A
:10F080009DF806201B0643EA02432343034A43EA52
:10F090000023C2F86C3602B010BD00BF0010004063
:10F0A00010B500EB80040B380F2804F62E140CD991
:10F0B0000FF081FEB4F5166F07D2A4F6381444F4AD
:10F0C0008074034BC3F8084510BDA4F51664F8E737
:10F0D0000010004010B5184B184A1B681848B3FBC5
:10F0E000F2F33222534300229A421ED10FF063FE04
:10F0F00010F0FAF910F0D0F9F1F798FC114A104924
:10F10000D2F8003223F48073C2F800320E4A002392
:10F1100043F213401370C1F808030C480824C0F8E8
:10F120000843C1F80032537010BDD0F85015C9B271
:10F130000029DDD00132D7E77401002040420F00E2
:10F1400000100040008000404F6D00200070014022
:10F1500010B500210D4C042000F0BAFF43F2020369
:10F16000C4F80833F1F762FC01F036F8084BD3F825
:10F17000002222F48072C3F8002201221A61054A9B
:10F180000023C4F80032537010BD00BF00100040CF
:10F19000008000404F6D0020064A00231370064A8D
:10F1A0001360064A1370064A1360064A1360C2F8D9
:10F1B00003307047566D0020AC5300204E6D002088
:10F1C000A85300204F6D002070B5324D2B780BB145
:10F1D0000FF0F1FD304B314C01211961D3F80425BA
:10F1E00022F00302C3F80425D3F8082542F00302F5
:10F1F000C3F808250422C3F810250023C4F8FC3FF7
:10F20000C4F8FC1FF1F73AFCA0B14FF08053D3F8DB
:10F210003003D3F83413D3F83823204B461C18BFDF
:10F22000C4F84C07481C18BFC3F88415511C18BFFC
:10F23000C3F88825194C0F23C4F81035184BC4F8AF
:10F2400014357F23C4F81835012640F20223C4F890
:10F250005066C4F83435134BC4F8383510F040F913
:10F26000FFF702FFFFF79EFDFFF71AFF0FF08CFE7E
:10F2700030460FF094FDD4F800320BB10FF09BFD37
:10F2800001210948F1F7E4FB0320F1F7D5FB012345
:10F290002B7070BD566D00200080004000100040B3
:10F2A00008000006211001001011004010B52C4C80
:10F2B0002378002B41D02B4B0022C3F8FC2F23785E
:10F2C000013B0B2B49D8DFE803F00808060839405A
:10F2D00045394848390810F0DFF810F002F90120EC
:10F2E000FDF748FC204B0822C3F808230022C3F88E
:10F2F0000C21D3F80C311D4BD3F8002222F44072BC
:10F30000C3F8002201221A61A3F5E043C3F8FC2FE1
:10F31000F1F78CFBF1F784FBF1F7A0FB2378012BCD
:10F3200004D00320F1F788FBF1F768FB104A0023B3
:10F330001370537053711371237010BD002104209A
:10F3400000F0C6FE00F048FFC7E70A4B187810F03F
:10F35000ADF8F7E700F020FFBFE70FF02CFDBCE7AA
:10F36000566D0020001000400070014000800040F9
:10F370004F6D00204E6D002010B5224C23780BB944
:10F380000FF019FD2378033BDBB2082B09D80120CD
:10F3900000FA03F340F21312134203D113F02C0FBF
:10F3A00028D110BD002005F06DFE012807D00228ED
:10F3B0000DD00028F5D0BDE810400FF0FCBC0020B7
:10F3C00005F06EFE11F072F90028EAD1F3E7227819
:10F3D000072AD3B20AD006D8033B012BEBD8BDE8ED
:10F3E000104005F04FBD0B2BDBD0E4E7BDE810402B
:10F3F00005F02CBE05F046FE0028D2D00128DAD157
:10F40000DEE700BF566D0020014B1878704700BF43
:10F410004F6D002008B5074B07491B784878032B30
:10F42000DAB203D0052A01D008B9002008BD0FF0D8
:10F43000C2FCFAE7566D00204F6D0020134B70B5EB
:10F440000446186000B3124E7578BDB1114B1B789D
:10F45000032BDAB214D0052A14D00FF0ACFC002232
:10F46000002373700C4BC3F80445C3F80022D3F893
:10F470005025D2B2022A01D101229A60284670BDDD
:10F48000064AEDE7064AEBE70546F7E7A8530020F2
:10F490004F6D0020566D0020001000405200080003
:10F4A000120008002DE9F04798464B4B4B4C4FF0AB
:10F4B000010AC3F810A04A4B154603221A704FF0F8
:10F4C0000009C5F34003A37084F8019084F800900C
:10F4D00084F8059084F80690064698F900000F46D7
:10F4E000F5F723F93F4B404AC0B2C3F80C05116849
:10F4F000002961D0126884F80190C3F804253B4AC2
:10F50000C3F800220EB90FF056FC364C0023F6006B
:10F51000C4F86065C4F83431D4F83421C4F8283113
:10F52000D4F82821C4F83031D4F83021C4F804319B
:10F53000012FD4F8042105BFC4F80031D4F80031FC
:10F5400043F2024443F2134415F0010038D00C207A
:10F5500000F050FE234B0022C3F86821D3F8683135
:10F56000234BC3F80C21D3F80C210822C3F8042341
:10F570001C4B2048C3F804430021F1F74BFA164B0B
:10F5800018BBD3F8404598F80100F1F75BFA1A4B25
:10F590001C60FFF7F1FE104AD2F8003243F480738A
:10F5A000C2F8003239460122042000F029FD87B953
:10F5B000BDE8F047FFF734BD84F801A052229FE771
:10F5C00005F060FD0028C2D1D2E70124C3F8404510
:10F5D000D9E7BDE8F08700BF008000404F6D0020F4
:10F5E000566D002000100040A85300205200080073
:10F5F0000070014010490200AC53002010B5194BB7
:10F60000194905221A700868184A194B28B30020B6
:10F6100050700A68C3F80425164AC3F80022002473
:10F62000C3F80441D3F80421C3F83041D3F83021A2
:10F63000C3F83441D3F8342143F20202C3F804235F
:10F64000FFF7FCFCFFF798FE22462146042000F05D
:10F65000D7FCBDE81040FFF7E3BC01215170122236
:10F66000DBE700BF566D0020A85300204F6D00203F
:10F67000001000401200080038B5104B1B78032B17
:10F680001AD10F4CD4F85035023BDBB2012B13D802
:10F690000C4DAB793BB90C4B4FF4707043F0010348
:10F6A00098470123AB710023C4F81C310120D4F822
:10F6B0001C316061687138BD0020FCE7566D002088
:10F6C000001000404F6D0020E0440200014B5879CB
:10F6D000704700BF4F6D0020024BD3F8480500F083
:10F6E0007F00704700100040034BD3F81C01003826
:10F6F00018BF0120704700BF001000402DE9F84FEF
:10F7000098465B4B9DF82890DFF868A15A4C0E464E
:10F7100001211961594B062119701546584B003AC1
:10F7200018BF012200271A708AF80370554B8346D0
:10F7300098F900001D70F4F7F8FF012DC0B2C4F86D
:10F740000C05C4F804B531D94F4BC4F8003200F0B1
:10F7500095FCC4F86C71012ED4F86C3105D1C4F855
:10F760000071D4F80031494C01E04FF00064424B85
:10F77000002219F0020FC3F84821D3F848111BBF2B
:10F78000C3F84421D3F8442144F4802444F4C02431
:10F7900019F0040F1ED00022C3F80021D3F8003165
:10F7A000012344F001048AF8033013E003D1384BFD
:10F7B000C4F80032CDE74FF4A013C4F80032012E94
:10F7C000C4F86C71D4F86C3128D1C4F80071D4F845
:10F7D00000312E4C284B0027C3F8047144F002047A
:10F7E000D3F804218AF80470C3F8044398F80100A0
:10F7F000F1F728F945B327492748F1F70BF90146F6
:10F8000078B92448F1F700F9194AD2F8003243F4E4
:10F810008073C2F8003200F0CDFC08E04FF00064C5
:10F82000D8E71C483946F1F7EFF80028ECD0FFF78D
:10F83000A3FD042500223146284600F0E1FBAEB9C5
:10F84000BDE8F84FFFF7ECBB14482946F1F7DCF8A8
:10F8500010B1FFF791FDEDE7054AD2F8003243F40D
:10F860008073C2F8003200F0A5FCF2E7BDE8F88F23
:10F87000008000404F6D002000100040566D0020B9
:10F880004E6D00204D6D002000181400110000087E
:10F8900000381400E048020010490200F848020055
:10F8A0002DE9F0413A4D2B78042B07460C4601D048
:10F8B0000FF081FA0FB90FF07EFA07233F2C2B705F
:10F8C000344D04D801232B610020BDE8F081324B78
:10F8D0001E682644314CA6F13F08C5F844854FF414
:10F8E000A013C4F804750027C4F80032C4F854719A
:10F8F000D4F854312A4B18221846394611F0F3F83F
:10F90000173E0522394645600274C660F1F77CF85F
:10F91000D5F8003298BB43F48073C5F80032FFF786
:10F920002BFD0023C4F86C31D4F86C21C4F80431E9
:10F93000D4F80431194C00F01DFC164B0122DA6496
:10F94000D3F84C25D3F84035904503D9984519D9BB
:10F95000934217D30FF0C8FDD4F85035DBB2092B12
:10F9600010D0D4F854316BB900F016FCF1F758F808
:10F970000120F1F761F8074B01221A61A4E743F473
:10F980000073CAE7074BC4F8043301209DE700BFAA
:10F99000566D002000800040AC5300200010004055
:10F9A000B053002012000008F8B5424C23780C2B0D
:10F9B0007CD8DFE803F00D0D070E2D314A60757B12
:10F9C0007B780D003C4B1022C3F808230C232370D6
:10F9D000F8BD0FF061FDF1F729F838493648D1F844
:10F9E0000032374A23F48073C1F8003243F21345E2
:10F9F00000231370C0F80853324D0826C5F8086379
:10FA0000C0F800325370FFF7C9FA01230B61DDE73C
:10FA10002A4B01221A61D9E70021274D042000F06A
:10FA200057FB43F20203C5F80833F0F7FFFF00F07D
:10FA3000D3FB2249224AD1F8003223F48073C1F863
:10FA400000320023C5F80032DCE71F4F1A4D38782A
:10FA500000260FF02BFDC5F800623878FFF76CFA2E
:10FA60001A4BC5F80833164B1E715E7001232B63C9
:10FA7000FFF794FAAAE7104D00F08EFB0023C5F8BB
:10FA80000032F0F7CDFF0D4BD3F8002222F4407284
:10FA9000C3F8002201221A610D4BC5F80833E7E7CD
:10FAA000FFF78EFA92E7FFF7A3FA8FE7BDE8F84079
:10FAB0000FF081B9566D002000100040008000401A
:10FAC0004F6D0020007001404E6D002013000608AD
:10FAD0000200000808B50F4A1378013B0B2B07D82A
:10FAE000DFE803F00815060A060606060606060DF8
:10FAF0000FF061F900200BE0074B0121196102238F
:10FB00001370FFF74BFA054B1022C3F804230120B2
:10FB100008BD00BF566D002000800040001000406E
:10FB200010B5154C2378012B04D023780C2B01D071
:10FB30000FF041F908232370104B00244FF420529A
:10FB4000C3F80022C3F84841D3F84821C3F8444120
:10FB5000D3F844214FF4C022C3F80423FFF76EFA10
:10FB6000FFF70AFC22462146042000F049FABDE8CE
:10FB70001040FFF755BA00BF566D0020001000403E
:10FB800038B5174D2B780C2B044604D02B78012B5D
:10FB900001D00FF010F9013C0B23B4F5001F2B70BE
:10FBA00001D30FF008F90F4BC4F31404C3F86446F3
:10FBB0004FF400420024C3F80022C3F83C41D3F8BC
:10FBC0003C11C3F80423FFF739FAFFF7D5FB2246AF
:10FBD0002146042000F014FABDE83840FFF720BAAF
:10FBE000566D00200010004070B50FF08CFA994B54
:10FBF000D3F80423150714D5974AD2F8681181B1B8
:10FC00000021C2F86811D2F86821C3F80C11D3F8AA
:10FC10000C31924B1B78032B01D00FF0CCF8FEF780
:10FC2000F1F88D4BD3F80423D40718D5D3F800216D
:10FC3000AAB10022C3F80021D3F800210122C3F8A1
:10FC4000082300F02DFA854B1B78032BDAB206D07F
:10FC5000062A1ED1824BDB780BB10FF026FA7E4BC1
:10FC6000D3F8042390071CD5D3F80421CAB100228D
:10FC7000C3F80421D3F804211022C3F80823774ADB
:10FC80001278033A042A5FD8DFE802F0065E494F93
:10FC900058000FF090F8E2E7714B9B780BB1FEF73C
:10FCA00007F96D4BD3F80423510521D5D3F828214A
:10FCB000F2B10022C3F82821D3F82831674B1B7812
:10FCC000032B01D00FF077F8654B634D01221A70BA
:10FCD000D5F8343163B9D5F86045C4F3C70420467C
:10FCE000FEF726F984423EBF00B2C000C5F86005A9
:10FCF000594BD3F80423920432D5D3F834217AB384
:10FD00000022564CC3F83421D3F834312378032B26
:10FD1000DAB21CD0052A3AD00FF04DF820E0504B53
:10FD200001225A71FEF760F8BBE70222C3F80823EC
:10FD30004B4B01221A71FEF7CFFAB2E70222C3F849
:10FD40000823FEF703FBACE70FF035F8A9E7FFF750
:10FD5000C1F9444B01221A610C232370FEF7A4F968
:10FD60003D4BD3F80423D60421D5D3F83021F2B18A
:10FD700000223A4CC3F83021D3F830312378032BDA
:10FD8000DAB20BD0052A29D00FF015F80FE0FFF7F3
:10FD9000DFF90C232370FEF7B1F9E1E7304B0122C4
:10FDA0005A71FFF797F904232370FEF7B5F92A4C2F
:10FDB000D4F804331D011ED5D4F86C31DBB1274DC6
:10FDC0000026C4F86C61D4F86C312B78062BDAB2BB
:10FDD0000BD0072A27D00EF0EEFF0CE0FFF7B8F9A2
:10FDE0000C232370FEF754FBE1E7FFF7BBF80C236D
:10FDF0002B70FEF7F7FA184BD3F80423D40638D546
:10FE0000D3F81021AAB30022144CC3F81021D3F860
:10FE1000102121780329CAB22BD027D8022A5BD01F
:10FE20000EF0C9FF25E000F0B7F9C4F80062F0F762
:10FE3000F7FD0C4BD3F8002222F44072C3F80022E5
:10FE400001221A61084BC4F808330C232B70FEF70B
:10FE5000B1FAD0E70070014000100040566D00205C
:10FE60004F6D00200080004012000008063A012A71
:10FE7000D6D84B4BD3F80423900315D5D3F844219F
:10FE800092B10022474CC3F84421D3F8443123787F
:10FE9000062BDAB22DD0082A2ED1FFF791F80C23C9
:10FEA000012023700FF0F4F83D4BD3F804235103E5
:10FEB0004DD5D3F84821002A49D03A4C0025C3F843
:10FEC0004851D3F848312378062BDAB217D0082AE4
:10FED0005ED00EF070FF3AE01022C3F80823032032
:10FEE000F0F7AAFDF0F78AFD012323700FF0CDF89B
:10FEF000BFE7FEF76BFBD7E70EF05DFFD4E72A4BB9
:10FF00001B780BB90EF057FF284A1378012B18D92C
:10FF10001378013BDBB213701378012BDDB216D1DD
:10FF200000F004F91E49224BC1F80032D1F84831E3
:10FF30006BB10D63FFF732F80023C1F84831D1F8F7
:10FF40004831FFF70FF80C232370FEF773FB144BB7
:10FF5000D3F80423120417D5D3F83C21A2B1114CD5
:10FF60000022C3F83C21D3F83C3123780B2B01D07D
:10FF70000EF021FF0A4BD3F86856FFF739F80C232F
:10FF8000E8B22370FEF778FBBDE87040FEF706BECE
:10FF9000FFF716F80C23284623700FF079F8D6E700
:10FFA00000100040566D00204E6D00204D6D002069
:10FFB0000038140010B5EFF3108472B6094BD3F873
:10FFC000042312070AD5D3F80C213AB10022C3F852
:10FFD0000C210120D3F80C31FCF7BCFD84F3108810
:10FFE00010BD00BF0070014000487047DC480200AF
:10FFF00000487047D848020000487047D4480200C3
:020000021000EC
:1000000010B5174B0024C3F83C41D3F83C31154BD5
:10001000154CC3F8484500F1804000F58050C3F806
:100020004C051248C3F82C09BAB1114AC3F850451F
:100030004FF4E070C3F854250E4A11B90E49C3F8C5
:100040004015C3F84425074BD3F8002842F080023E
:10005000C3F80028C3F8040510BDC020ECE700BFBA
:100060000070014000F001403C71014004F001408B
:10007000008000403C70014010110040064B074AD0
:10008000C3F86025A2F58E72C3F864254FF4806230
:10009000C3F80425704700BF00F00140481100403C
:1000A000084B0022C3F83C21D3F83C31064A074BE9
:1000B000C3F8402502F5AF3202F59672C3F8442525
:1000C000704700BF007001401011004000F0014077
:1000D000154BA1B9C022C3F80825C3F84815C3F8C9
:1000E0004C15C3F82C19C3F84015C3F844150E4A33
:1000F000D2F8003823F08003C2F8003870474FF47C
:10010000E072C3F808250022C3F84825C3F84C253F
:10011000C3F82C29C3F84025C3F84425C3F850255B
:10012000C3F85425E3E700BF00F00140054B4FF44E
:100130008062C3F808250022C3F86025C3F864254F
:10014000704700BF00F0014008B5084BD3F85035A8
:10015000DBB243B9064B0FF0C7F9D3F83C010038C6
:1001600018BF012008BD0120FCE700BF00100040BF
:1001700000700140054B064AC3F85825054AC3F8EC
:100180005C254FF40072C3F80425704700F001406D
:100190004481004000100040054B4FF40072C3F84A
:1001A00008250022C3F85825C3F85C25704700BF16
:1001B00000F00140054B064AC3F85025054AC3F834
:1001C00054254FF48072C3F80425704700F00140B5
:1001D0003C71014000800040054B4FF48072C3F831
:1001E00008250022C3F85025C3F85425704700BFE6
:1001F00000F00140074B084AC3F8682500F1804031
:1002000000F5B8304FF40062C3F86C05C3F804255C
:10021000704700BF00F0014068110040054B4FF4EB
:100220000062C3F808250022C3F86825C3F86C25CE
:10023000704700BF00F00140074A00231360074ADF
:100240001370074B18B91870064B18707047027876
:100250001A704078F8E700BFC8530020596D00209D
:10026000586D0020576D0020014B18600148704701
:10027000C85300205A6D0020034B1A68034B002A14
:1002800018BF1846704700BFC85300205A6D0020A1
:1002900038B504460D4609B90EF08DFD0E4A0F4BD8
:1002A00010780F4A1B7812682B70687092B10D4954
:1002B0000A780132D2B240B123B12046BDE83840BD
:1002C00010F0E9BB084B1A78F7E71BB1064B1B7817
:1002D000D21AF2E738BD00BF576D0020586D0020DC
:1002E000C85300205A6D0020596D0020014B012297
:1002F0001A707047586D0020014B01221A70704728
:10030000576D0020014B1870704700BF596D0020D9
:1003100010B586B0044618220021684610F0E3FBB1
:10032000054B1B88ADF80030044B6A46186821461F
:100330000FF097FA06B010BDDE6D0020CC53002000
:1003400030B589B0FCF7C8FB204B1C78012505FAB5
:1003500004F4013C04404FF4A07320220021E4B2D5
:1003600068465C4310F0BFFB10F0B9FA0223001995
:100370008DF81130164B059341F100016FF0020327
:10038000CDE900010693FEF779FD022817D004D8C5
:10039000A84209D00EF00FFD09E00338C0B20128D1
:1003A000F8D88DF8105002E004238DF8103068461C
:1003B00005F01AF808B90EF0FEFC09B030BD054B87
:1003C0001B78002B14BF04230123EEE7E06D00200F
:1003D00091040100E16D002010B5012104466FF089
:1003E000020010F011FA54B9FEF75AFD044B1B78C5
:1003F000834204D3BDE810400120FFF789BF10BD40
:10040000E16D0020BFF35F8F084AD2E84F3FDBB2B7
:10041000834203D0BFF32F8F00207047C2E8431FF1
:10042000002BF2D1BFF35F8F01207047DA6D0020FF
:1004300010B501210220FFF7E5FF08B9012010BD2A
:10044000104C237801332370FEF724FD0E4A1378F5
:10045000984284BF01331370FEF722FD2378834254
:100460004FF000040AD9094B214601201C60FFF718
:10047000C9FF0028E2D10EF09EFCDFE7FFF760FF26
:100480002046DCE7E16D0020E06D0020CC53002029
:100490001FB5C31C044601D00EF08DFC02210120C3
:1004A000FFF7B0FF68B31A4B1C78FEF7E7FC4CB9B6
:1004B000022807D104216FF0020010F0C3F908B937
:1004C0000EF079FC134B144A1B88ADF80830134B1F
:1004D0001B88ADF80A30124B1B788DF80C300123C5
:1004E0008DF80D300F4B009300201268ADF80E0010
:1004F00002AB03210FF045FA08B9FFF799FF04B0EA
:1005000010BD0121204604B0BDE8104010F07CB9B8
:10051000E16D0020DE6D0020CC530020DC6D00205A
:10052000DB6D0020D903010070B506460C4610F0C3
:10053000D6F902460B46EFF3108172B61648C0E9B1
:10054000082381F3108801210020FFF75BFF08B921
:100550000EF031FC2379D3B16579104B22881E60EF
:100560000F4B1A800F4B00221A70FEF78DFC0E4BBA
:10057000E17818700D4B0E4A1D70A378284643EAA7
:1005800001210EF0B8FFFFF7DBFE012070BDFEF782
:1005900009FC0546E1E700BF782A0020CC53002083
:1005A000DE6D0020E16D0020E06D0020DB6D00209D
:1005B000DC6D0020012908B501D9012008BDBFF379
:1005C0005F8F0A4B1A78BFF35F8F002AF5D000289F
:1005D000F4D0BFF35F8F03221A70BFF35F8F002147
:1005E0006FF0020010F010F9E7E700BFDA6D0020AD
:1005F00070B5124AA1F10803012B166804460D4696
:100600000BD8B04207D100231360BFF35F8F0C4AB1
:100610001370BFF35F8F012070BD00210320FFF72F
:10062000F1FE28B1B442F6D02846FFF771FEF2E79A
:10063000B442F0D1BDE87040FFF7FABECC530020C1
:10064000DA6D0020064A1368834207D10023136045
:10065000BFF35F8F034A1370BFF35F8F01207047B2
:10066000CC530020DA6D002008B5024607484368E5
:10067000C16D9A4205D18A4201D10EF09CFB03481C
:1006800003E058308A4218BF002008BD202B00200C
:1006900030B50C4C6368043387B0054602D00EF0C9
:1006A0008AFB002465B918222946684610F01BFA17
:1006B000A38A2069ADF800306A4607210FF0D1F80F
:1006C00007B030BDC82A002013B5184C63689842A3
:1006D00002D00EF070FB00240422022120460EF00E
:1006E0002CFF08B90EF067FB114B0093052122691E
:1006F00004F1140301200FF044F96068012110F0A7
:1007000083F860B90EF057FB0122042120460EF059
:1007100014FF40B902B0BDE810400EF04CBB4FF0E2
:10072000FF336360F0E702B010BD00BFC82A0020AD
:100730009106010070B50F4C00254FF0FF3604F113
:10074000100004F0EDFF024678B961680A200FF04E
:1007500077F808B90EF02FFB6660012204212046CD
:100760000EF0EBFE08B90EF026FB583405B170BD53
:100770000125E4E7202B002070B50546EFF3108635
:1007800072B61B480EF021FE044619480EF023FEF7
:1007900086F3108824681CB9BDE870400EF00BBBCE
:1007A000EDB1FFF7C7FF10F09AF80B46A16BA462FA
:1007B0000246891843F100050020C4E9081501210B
:1007C000C4E9102384F82C1084F8480084F8490008
:1007D00004F1100004F06CFF0028DDD170BD6168E9
:1007E0002A4607200FF02CF80028F7D1D4E700BFE5
:1007F000D853002073B50546FFF736FF044600289E
:1008000043D0042202210EF098FEA0B9012128460F
:100810000FF0FAFF08B90EF0CEFA4FF0FF33636025
:100820000122042120460EF088FE70BB02B0BDE814
:1008300070400EF0C0BAEFF3108672B619480EF091
:10084000D3FD08B10EF0B7FA16480EF0AFFD046004
:1008500014480EF0B1FD86F31088FEF7A3FA94F861
:100860005030984213D163680093012305210E4A4A
:1008700018460FF057F80121064628460FF0C4FF2E
:1008800008B90EF098FA002EC7D002B070BD184615
:10089000FEF78EFA05200FF01EF90028E3D1FFF7CE
:1008A0006BFFB3E7D85300207907010070B50D4CFA
:1008B0000D490E48042308220EF05AFD01264FF080
:1008C000FF3504F110002670656010F00FF804F198
:1008D000680084F85860E56510F008F8044B1E7055
:1008E0005D6070BD202B0020D0530020D853002025
:1008F000C82A00202DE9F04188B080460121254812
:100900000E9D16461F460EF032FE044600283FD0CC
:10091000AB78002B39D1B6F59B764FF000032372EC
:10092000C4F810802B88A3822B796979E87843EA90
:10093000012104F1160247F1FF370EF0DCFDAB7820
:1009400063760123A376AA79E276EA7822766FF0BD
:10095000030262604FF487718DF808308DF8123011
:100960000D4B039168460421CDE90067CDE90532BE
:10097000ADF8101004F038FD054610B920460EF011
:100980004AFE284608B0BDE8F081B6F5E576C4E732
:100990000546F6E7C82A0020C90601002DE9F04304
:1009A00089B00546DDF8408040460E461746994618
:1009B000FFF75AFE20B10025284609B0BDE8F083B4
:1009C000174802210EF0D3FD04460028F3D0154B42
:1009D000036301224FF487730272C0F8048003930B
:1009E00040F20113B5F59B75ADF8103007F59B7714
:1009F0000D4B876380F8509046F1FF366846CDE98D
:100A00000056CDE905388DF808208DF8122004F045
:100A1000EBFC05460028CFD120460EF0FCFDCBE7CD
:100A2000202B002097F50100F507010010B5094CB7
:100A3000002160680FF0E8FE50B14FF0FF33012253
:100A40000221204663600EF078FD10B90EF0B3F974
:100A5000002010BDC82A002008B5064B1A78042AC9
:100A600003D093F85830042B02D110B1FFF762FE87
:100A7000012008BD202B002030B5134B01781A78D7
:100A8000042A08BF1C4613F8582F87B018BF00244B
:100A90000131042A08BF1C46C9B26B460122054633
:100AA0000EF01CFE68B164B10FF019FFC4E910012B
:100AB0002B7884F84830009B5B78C3F3401384F8AC
:100AC000493007B030BD00BF202B00202DE9F34195
:100AD0004FF0FF320023CDE900230027134D0646D7
:100AE0004FF0FF3838462B78022B16D168686946DC
:100AF0000FF0B5FE009B019A13F59B7342F10002C3
:100B0000CDE9003248B14345AC6B72F1000238BF09
:100B10009846A4F59B7408EB5404583527B100B1EE
:100B2000346002B0BDE8F0810127DCE7202B002013
:100B30002DE9F34103680446C8075D789E7893F871
:100B400000800F462FD523790BB90EF034F9A8F1A8
:100B50000508B8F17A0F00F28F8005F00705052D22
:100B600006F0300614D01ED8042D13D0302E11D02C
:100B7000202E30D00ED823689B78190703F00C0282
:100B800011D43AB9FEF7FEF840B93DB1032002E0B6
:100B9000002EF0D0012002B0BDE8F081236893F967
:100BA0000230002BF6DABB0753D52379012B01D88D
:100BB0000EF001F92668A2797778E579FF2A07F027
:100BC00007070CD1FF2D2FD1FEF7DCF8002840D10C
:100BD000002F3ED0DAE7E37CFF2BE4D1DAE7FF2DEC
:100BE0002DD035441644FEF7F7F802220146304670
:100BF0000FF041FFB0B1214B0222B3F80080ADF8F5
:100C0000048001A930460FF036FF58B1002FBDD146
:100C1000FEF7E2F802226946ADF800800FF02BFFE4
:100C20000028B3D10DB9CFE73544647C022C08D03D
:100C3000082C1CD0002CC7D00EF0BDF8AAE7002568
:100C4000D0E7FEF7E3F82246014628460FF013FFEF
:100C500008B900209FE7094B1B88ADF804302246F5
:100C600001A928460FF007FF00288FD1F1E7FEF712
:100C7000BFF822460146F4E709208CE7C844020089
:100C80002DE9F04704460E462779062F00F20E8123
:100C9000DFE817F007007D0087008D00BB00C10072
:100CA0001301002E78D06379022B75D922689078D1
:100CB000517800F00105C5F1040310F0200FDBB2FC
:100CC00000F00C0C1DD1BCF1000F29D191787C48AB
:100CD00011F00C0F18BFE371917801F00C01415C29
:100CE000FF2959D00B44DBB26174E37491785078DA
:100CF0008D06C0F3801020D43F2926D980F0010151
:100D00003BE0BCF10C0FC1F380110ED100F0C00C20
:100D1000BCF1C00F02D181F001010BE03F28FAD9EC
:100D2000C5F10605A371EBB2D0E73F28CBD8BCF1E3
:100D3000000FF0D10029F3D1C8E701F00C050C2D0C
:100D400015D101F0C005C02DD6D191783F2988BFBB
:100D50006372927802F0C002802A14D0C02A14D0A4
:100D6000D2B913442375A274012323718CE73F2960
:100D7000EBD980F00101002DC0D10029E5D023720C
:100D80000233DBB2E1E70222EBE70822E9E762790E
:100D9000E37C9A4280F08F80BE428CBF002001200D
:100DA00087E06279237D9A42F6D30323DDE7032EA1
:100DB000F2D92268237D51780D0702D4637504238C
:100DC000D3E761799942E7D9A372D118D25C5D1C4F
:100DD0009006EDB25EBFE5720533DDB20B7813F01D
:100DE000180FC3F3C1000AD00EF06FFC257310B1C9
:100DF00065730544EDB2A5730135A075EDB22046CB
:100E00000EF047FC2B46E075D8E76279637D9A4285
:100E1000C2D30523A9E7052EBED9D4F80090627984
:100E200099F8003094F81580591C9142B4D11A06F3
:100E3000B2D499F802309B0721D584F80F8099F835
:100E40000050013DEDB2FF2D204614BF4D4400255A
:100E50000EF01FFC09EB080A2D1A294650460EF029
:100E600006FC60B99AF8003003F07F0302339A441D
:100E7000554591D30BD1A5EB09055FFA85F899F893
:100E80000030013BDBB243450DD106236DE75046F0
:100E90000EF0EDFB0028E0D00AF10208A8EB0908EB
:100EA0005FFA88F8EBE784F81080EEE70DF083FF37
:100EB0000020BDE8F087022357E70120F9E700BFD3
:100EC000D85E02002DE9F341494D2B78012B0446F1
:100ED00001D00DF070FF474F02232B703B68002BB1
:100EE0004CD0454E3368002B48D0444B1B78002B28
:100EF0003FD0DFF80C81B8F80030002B3ED00FF067
:100F0000EEFCB8F80080A02303FB08F83D4B10F17D
:100F10004005D3E9000C41F10001854271EB0C035F
:100F20004FF000031ED3281A61EB0C014246EFF785
:100F300087F9A8EB02020192019B50339F2B50D8F6
:100F40002F4B1B883F689DB20FB90DF034FF3D80D9
:100F50002B4B35681F880DB90DF02DFF01232F8015
:100F600023700BE0401B42466CEB0101EFF768F980
:100F7000E1E701A8FFF7AAFD0028DDD1224D234EAD
:100F80002B680BB933680BB3FDF78EFD2A685AB195
:100F900000EAE07382339BB2C3EB03238221B3FBED
:100FA000F1F313700123237032687AB100F15C030E
:100FB0001BB223EAE373822BA8BF8223C3EB032374
:100FC0008221B3FBF1F3137001232370104B1D68D2
:100FD00025B1FDF76FFD01232870237002B0BDE835
:100FE000F081B3F5200FC9D2A022B3FBF2F3A9E739
:100FF000E36D0020F0530020EC530020E26D002050
:1010000088630020D02B0020E8530020E453002008
:10101000E0530020064A00231370064A1360064A74
:101020001360064A1360064A1360064A136070474D
:10103000E36D0020F0530020EC530020E853002023
:10104000E4530020E0530020F7B50D46044608B9EC
:101050000DF0B1FEAC4201D30DF0ADFE2F4E337852
:101060000BB10DF0A8FE0123DFF8B4C02D4F337093
:1010700021786278CB0943EA420311F07F02DBB2A8
:1010800029D1A3F17E00012846D9A54244D9002BDD
:101090003FD01A2B3DD111F07C0F05D0A31CCCF80A
:1010A0000030231D3B6034E003B0BDE8F040FFF7A3
:1010B000B1BF187802280AD003280AD00128F3D13A
:1010C00019480668002EEFD1036001331FE017486E
:1010D000F7E71748F5E7A5421ED9002BD9D1022A18
:1010E00017D90193608823798DF80630ADF8040094
:1010F0000198104B98420CD111F07C0F09D0637904
:101100003BB9531F012BCFD8911CA31D21448B4207
:10111000CFD102321444ABE703B0F0BDE36D002041
:10112000F0530020EC530020E8530020E45300204B
:10113000E05300209BB8EA0007B50B4B1B78012B4E
:101140000DD100230DF107008DF80730FFF7BAFE2F
:10115000FFF760FF9DF807300BB1FFF7CDF80120D6
:1011600003B05DF804FB00BFE36D002007B50C4B36
:101170001B78012B10D100230DF107008DF80730EB
:10118000FFF7A0FEFFF746FF9DF8073023B103B03D
:101190005DF804EBFFF7B0B803B05DF804FB00BFE7
:1011A000E36D0020044B002083F8210083F8450004
:1011B00083F86900704700BFF85300202DE9F84319
:1011C000044608B90DF0F7FDE568002D54D12379E8
:1011D000032B53D82C4F04F10409A8463E46494638
:1011E00038460EF0BEFA00284AD108F10108B8F1DD
:1011F000030F07F12407F2D196F8213043B196F896
:101200004530002B36D096F86930002B3AD10225B4
:10121000226824236B4306EB030C02F1100E1068C6
:101220005168674603C708327245BC46F7D1277933
:10123000242202FB056203F110007B1E022B57766D
:101240009ABF6FF0020202EB87020022A1683044CD
:101250000FF021FC242303FB05632269DA61227D60
:1012600083F82020BFF35F8F012283F82120002024
:10127000BDE8F8830125CBE70420F9E70520F7E76F
:101280000320F5E70120F3E7F8530020044B002288
:1012900083F8212083F8452083F86920704700BF38
:1012A000F8530020F8B506460D4609B90DF083FD48
:1012B0000EB90DF080FD0E4C0027314620460EF091
:1012C00050FA68B12B4604F11005224603CAAA421F
:1012D00018605960144603F10803F6D10020F8BDE8
:1012E0000137032F04F12404E7D10220F7E700BF00
:1012F000F8530020014B1860704700BFF4530020E2
:10130000094B1A6882420ED2BFF35F8F53E8001F69
:101310008A4202D0BFF32F8FF3E743E80001002990
:10132000F4D1BFF35F8F7047F45300202DE9F041F3
:101330008846064608B90DF03EFDB8F1000F01D110
:101340000DF039FD154F00243D46414638460EF05C
:1013500008FA78B124235C432B1993F820308BB919
:101360001C342C4454E8002F531C0DD1BFF32F8F95
:10137000062005E00134032C07F12407E5D1022003
:10138000BDE8F081064CEDE7013244E8002000287A
:10139000E8D12368013B3360F2E700BFF853002037
:1013A000F45300202DE9F047DFF8E49091F8018034
:1013B0008EB0002305460E461746019389F800308B
:1013C000B8F1000F4BD10178013108AB0522C9B249
:1013D0000EF084F908B90DF0EEFC9DF82A20FF2AE2
:1013E0003DD0089BD3423AD09A5C510737D0C2F324
:1013F000C1028DF80020013A022A06D89DF82C205F
:10140000FF2A14BFD218002201929DF82B206946B2
:10141000FF2A02A814BF03EB020A4FF0000AFFF7ED
:1014200085FF00F0FB03022B04460ED1022C1CD0DA
:10143000062C2AD11822002102A80FF054FB338871
:10144000ADF8083002AA092119E058B9BAF1000F25
:1014500002D0029BCAF80030012389F800304FF017
:1014600001080EE00DF0A7FCE0E71822002102A819
:101470000FF039FB3388ADF8083002AA082128465E
:10148000B84740460EB0BDE8F0870DF094FCF8E791
:10149000E46D002008B5034B1B780BB1FEF72CFF61
:1014A000012008BDE46D0020034B00221A70BFF339
:1014B0005F8F024804F034B9E56D0020D82B00207E
:1014C00013B5144C237843B1134B01A81B68019347
:1014D0000EF086FA18B10023237002B010BD0F4A37
:1014E000136803F5FA7313600D4A934201D90DF0A6
:1014F00062FC0C48D0E9043213F5FA7342F10002A1
:10150000C0E9043204F0D4F80028E6D00DF053FC12
:10151000E3E700BFE56D002064540020685400201C
:1015200040420F00D82B0020064B0748D2221A60F9
:10153000064A00231360064A1370064A13600FF030
:10154000D5B900BF70010020D82B002068540020BE
:10155000E56D00206454002038B5114C114D206019
:101560000FF0BDF923681A780F4B1B6803EB421389
:101570000E4A03F5C07313601B180D4A41F10001B8
:10158000C2E904310B4B15620124104614771C701C
:1015900004F08EF808B10DF00EFC012038BD00BF3C
:1015A00064540020C1140100700100206854002020
:1015B000D82B0020E56D002008B5054B1B7823B122
:1015C000042902D010B1FFF76FFF012008BD00BF52
:1015D000E56D002008B5064B1B68834204D0054B1F
:1015E0001B780BB10DF0E7FBBDE80840FFF75CBFCF
:1015F00064540020E56D002008B5044B1B780BB93E
:101600000DF0D9FBBDE80840FFF74EBFE56D0020A7
:1016100008B5064B1B68834204D0054B1B780BB101
:101620000DF0C9FBFFF740FF012008BD6454002006
:10163000E56D00202DE9F84332B1012A15D00DF0F7
:10164000BAFB0020BDE8F883234ACBB9D2F8A470D6
:10165000022401320025BC462E46B44515DA6B1C27
:10166000B34208BF35460D60EBE71C4A1BB9D2F800
:10167000C0710B24EEE7D2F8C4711124B032E9E74F
:10168000D2F8A87008242132E4E7ACEB060506EB9B
:101690006505AF42E3D905FB04FE02EB0E0883B1FA
:1016A00052F80EE0D0F80090CE450FD811D3D8F8FC
:1016B00004E0D0F80480F04508D30AD80D6001207A
:1016C000C0E7B0F8008032F80EE0F4E705F1FF3C27
:1016D000C3E76E1CC1E700BF345600206C540020E5
:1016E00010B5094CAC22002120460FF0FCF94FF454
:1016F000E472064800210FF0F6F901232370044B31
:1017000000221A7010BD00BF345600206C54002017
:10171000E66D0020014B1870704700BF3456002062
:101720002DE9F04F85B0984600230D4603930B46F4
:1017300003A99DF8387001909246FFF77BFF78BBB4
:101740000399BAF1000F09D0BAF1010F3CD0019012
:101750000DF031FB019805B0BDE8F08F002D39D0B8
:10176000274C082604F18709D9F80020102AF2D066
:1017700001FB0660831B04EB030B521A72435946AC
:1017800020440FF096F9002D019914BF082202227F
:1017900058460FF080F9D9F800300133C9F800300D
:1017A000BAF1010F0ED1039C164EEDB104EB0414F7
:1017B00004F1B8003A46414630440FF06CF9321952
:1017C00082F8C0700120C6E74DB90E4C0B2604F517
:1017D000E079C9E70C4C022604F1A309C4E70B4CDD
:1017E000112604F58A79BFE70B235C43A01C304423
:1017F00026443A4641460FF04EF9B772E2E700BF81
:10180000555600206C540020355600201C550020F1
:1018100073B5002301930C460B4601A91546FFF74B
:1018200009FF064628B1019A3DB1012D1BD00DF0EC
:10183000C2FA0026304602B070BDD4B1124B082562
:1018400003F1870421680029F3D005FB02F0891A0F
:101850004A1E2918194418446A430FF02AF92368CC
:10186000013B2360E6E74CB9084B0B2503F5E07418
:10187000E8E7074B022503F1A304E3E7054B112535
:1018800003F58A74DEE700BF555600206C54002033
:10189000355600201C55002011B1012908D0704791
:1018A000084B10B1C3F8A8107047C3F8A4007047E4
:1018B000054B18B10022C3F8C4217047C3F8C0011A
:1018C000704700BF345600206C540020022802D814
:1018D000024B187070470DF06EBA00BFE66D002025
:1018E00013B5234A1278012A034618D0022A3DD0A4
:1018F000002A37D1407AFF2838D01E4909780029BC
:1019000034D01C68A37803F0C003A3F1C0014B429C
:101910004B41204401A9FFF78DFE02B010BD1549CF
:10192000087818B31A685C7A5178FF2C01F0070127
:1019300014BFA4180024032916D11B7CFF2B13D03D
:10194000D35C042B10D1937803F0C003802BE4D137
:1019500000231A4601A92046FFF76CFE80F0010023
:10196000C0B2DAE70DF027FA0020D6E70120D4E76D
:10197000E66D00203456002073B50E461546D0B1F2
:101980000B46012201A9FFF755FE98B1019C0B48B7
:101990004EB104EB04140319B83493F8C0302B7023
:1019A000204402B070BD0B235C43031902349B7AC0
:1019B0002B70F5E728700020F3E700BF6C5400207F
:1019C00008B5FFF78DFF20B1024A537843F01003AA
:1019D000537008BDE86D002010B50A4C802200212C
:1019E00020460FF080F80022074B114620460DF0EC
:1019F00075FE064A00231360054A1370054A1370EA
:101A000010BD00BFE86D0020E4560020E056002025
:101A1000E76D0020686E00202DE9F04FDFF834827A
:101A200098F8003087B00446032B00F20B82DFE801
:101A300013F004000D0009000C02FFF7EBFA02237B
:101A400088F80030844D26792B791EB9002007B024
:101A5000BDE8F08F002B4AD1804F7B7843F0020223
:101A60007A7022685278110744BF43F00A037B70F2
:101A700023685B785A0642BF7B7843F040037B7053
:101A800023689B78DB0742BFBB7843F00103BB7040
:101A900023689A78BB7802F0C002C02A22D143F0B2
:101AA0000C03BB70BB78052E43F02003BB7002D93A
:101AB0002046FFF785FF397867488B1C03310122E8
:101AC000C9B23B700DF023FE08B90DF074F9022E77
:101AD000BCD92368DFF884919A7812F0010F1DD0E9
:101AE00000231FE0802ADDD143F00803D9E7022E4E
:101AF000ACD9022BEDD9042EA8D9042B69D9062E16
:101B0000A4D12046FFF75CFF0DF0E9FB2A6853786B
:101B1000190700F189815148032376E1DB7889F8C0
:101B20000330012399F80020A17C0191134489F826
:101B30000030AB79FF2B1CBF2F68FF18EB7908BF73
:101B40000027FF2B1CBF2A6802EB030A227A08BF7A
:101B50004FF0000AFF2A1CBF23689B18A27908BF18
:101B60000023FF2A1CBF20688018627A08BF00206B
:101B7000FF2A33D1002F5ED199F80030384A1F4434
:101B8000637A89F80070FF2B1CBF2068C018236897
:101B9000997801F0C001A1F1C00708BF0020794287
:101BA0007941FFF7E9FE2F4B186028B199F8023010
:101BB00043F0020389F8023099F8001026480131F9
:101BC0000322C9B20DF0A3FD002840D0042E7FF6F9
:101BD0003DAF297DFF2947D1002177E0216801EB46
:101BE000020B57BBBAF1000FC6D0BBF1000FC3D038
:101BF00023689A782B689B7802F0C00203F00C03EC
:101C0000A2F1C00CDCF10002A3F10C0E42EB0C02BD
:101C1000DEF1000343EB0E039A4201D00DF0CBF846
:101C20005946019A50460EF036FFDDF804B0BB4429
:101C30005FFA8BF7A0E74FF0000B33B908B9FDF757
:101C4000CBF803883B800227CCE71846F9E70DF074
:101C5000B2F8BBE7686E0020E4560020E86D002073
:101C6000E76D0020E0560020A37A2A68FF2B02EBE4
:101C7000010AB1D02068C718BAF1000FACD0002F0C
:101C800000F0CE80C35C5354013171480422C9B2C4
:101C90000DF03DFD08B90DF08EF8A37AFF2B03D0AF
:101CA0002168CA5C520766D194F81590A9EB030924
:101CB0005FFA89F909F1FF32791CD2B20AF1010009
:101CC0000EF0E9FEEB7D99445FFA89F1614F6048BF
:101CD0003B781944C9B2397001310522C9B20DF0FF
:101CE00016FD08B90DF067F85B4B6A7D19682B6823
:101CF000DFF868A103EB020989B19AF800B0B9F1E5
:101D0000000F03D101910DF056F801995A4648464B
:101D10000EF0C1FE09EB0B014846FFF795F93B7841
:101D20009AF8002013443B704B4B196891B12B6813
:101D30005878C0F3C00100070CD5A97AFF2971D0EB
:101D4000595C11F0070105D0697D13444FF47E52B0
:101D50005A5202213B783E4802331944C9B23970C5
:101D600001310622C9B20DF0D2FC00287FF4C7AEC3
:101D70000DF021F8C3E6237B2A7BFF2B14BFC91883
:101D80000021FF2AAB7A21D1FF2B25D000202A6821
:101D9000D75CC7F3C1077B1E022B1BD8BF00033FD4
:101DA000FFB218B111B13A460EF075FE95F80BA0CE
:101DB0000137BAF1FF0FFFB204D0D5F8009019EB4C
:101DC0000A0F0BD1EB7D3B44D9B27FE72868FF2B8C
:101DD0001044DCD10027E4E70027E7E7AB7AFF2BCC
:101DE00016BF19F803300023C3F3C1038DF8103078
:101DF0002B7BFF2B14BF4B44002304A903A805939E
:101E0000FFF794FA20B10020012388F800301EE685
:101E1000039B49F80A30EB7D0433F918C9B255E742
:101E2000394653E7002195E7AB7AFF2B3FF473AEB9
:101E3000D35C5B073FF46FAE05480DF035FA002820
:101E4000E1D068E60CF0B7FF00E60248FFE500BF0E
:101E5000E4560020E86D0020E0560020E76D0020E9
:101E6000064B82B018689B88ADF80430BDF804209A
:101E7000034B18609A8002B0704700BFCA4402004A
:101E8000696E002038B50546FFF7C4F82B79052B9D
:101E900010D92B689A78D2070CD4074CDB78E37002
:101EA0002846FFF71DFD00280CBF02231223637094
:101EB000204638BD0020FCE7696E002038B5044696
:101EC000EFF310830B4D2B6072B60B480DF08CFABC
:101ED00008B10CF070FF08480DF068FA047006486D
:101EE0000DF06AFA054B01221A602B6883F3108803
:101EF00038BD00BFFC560020005700200070014094
:101F0000F8B50D4C07460E462046152115460DF036
:101F100073FCFF2803464FF000000CD0282202FB80
:101F20000344607063F07F00C0B2A76026736573DE
:101F3000FFF7C4FF0120F8BDA02C0020F8B5114B1D
:101F4000114C002A18BF1C460D46064614BF04213A
:101F50001521204614BF002780270DF04DFCFF28D7
:101F60000ED003B203EB830304EBC3033843012415
:101F7000C0B25C701E72DD60FFF7A0FF2046F8BDA6
:101F80000020FCE7002C0020A02C0020F8B5104C0D
:101F900007460D46204615210DF02EFCFF2806466B
:101FA00013D0282303FB004402236370A7600FCDE6
:101FB00010340FC495E8030084E8030066F07F0046
:101FC000C0B2FFF77BFF0120F8BD0020FCE700BF97
:101FD000A02C00202DE9F041114C80460F462046F0
:101FE000152115460DF008FCFF28064616D02823BB
:101FF00003FB004403236370C4F8088027730FCDEC
:1020000010340FC495E8030084E8030066F07F00F5
:10201000C0B2FFF753FF0120BDE8F0810020FBE7CD
:10202000A02C002038B50C4C0546152120460DF09B
:10203000E3FBFF280DD0282303FB00440423637037
:1020400060F07F002B782372C0B2FFF737FF0120CA
:1020500038BD0020FCE700BFA02C002038B50B4C99
:102060000546152120460DF0C7FBFF280CD028237C
:1020700003FB004460F07F000523C0B2637025724B
:10208000FFF71CFF012038BD0020FCE7A02C00203A
:1020900038B50B4C0546152120460DF0ADFBFF2849
:1020A0000CD0282303FB004460F07F000623C0B25D
:1020B00063702572FFF702FF012038BD0020FCE7A6
:1020C000A02C002038B50B4C0546152120460DF0FC
:1020D00093FBFF280CD0282303FB004460F07F0013
:1020E0000723C0B263702572FFF7E8FE012038BDF8
:1020F0000020FCE7A02C002008B51A220123064985
:1021000006480DF035F9064B0122C3F80423BDE85B
:102110000840FCF7EBBE00BF6F6E002000570020A8
:1021200000700140F8B52E4BD3F800215AB10022BF
:10213000C3F80021D3F800312A4D2B4E2B4FAA793A
:10214000EB799A4200D1F8BD28460DF03EF90478AB
:1021500014F0800F04F07F0404EB840414BF07EB39
:10216000C40406EBC4046378072B36D8DFE803F019
:102170000412171D24292D31627B94F90C10A068DC
:102180000CF019FF28460DF026F9BFF35F8F0023EE
:102190002370D4E7E168207A0CF00FFFF2E7A06823
:1021A00004F110010CF00BFFECE7217BA06804F1B7
:1021B00010020CF006FFE5E704F108000CF0F7FE52
:1021C000E0E7207A0CF0F5FEDCE7207A0CF0EBFE7D
:1021D000D8E7207A0CF0E9FED4E70CF0ECFDD1E76B
:1021E0000070014000570020002C0020A02C00208F
:1021F00008B5EFF31082074B1A6072B606480DF06F
:10220000F3F808B10CF0D7FDBDE8084002480DF026
:10221000CDB800BF085700200C57002008B505486E
:102220000DF0CAF8044B01229A60044B1B6883F33B
:10223000108808BD0C57002000700140085700208E
:1022400008B540222023064906480DF091F8064BB8
:102250000422C3F80423BDE80840FCF747BE00BFD2
:10226000E82F00200C5700200070014073B5484B48
:10227000D3F808214AB10022C3F80821D3F8083165
:10228000444DAA79EB799A4201D102B070BD28463B
:102290000DF09BF803780446122B76D8DFE803F0A4
:1022A0000A131D272C327575373C41464A4F535C43
:1022B000606A6F00C668007AFCF73CFA3070284606
:1022C0000DF089F8DDE722694669837B417B007B5D
:1022D0000092A268FCF746FAF0E7A3688669417BA2
:1022E000007B0093D4E90423FCF766FAE6E7D0E923
:1022F0000206FCF7EDFAE1E7D0E90361007AFCF7AA
:1023000021FBDBE7C668007A0CF0D1FED6E7D0E906
:102310000206FCF73BFBD1E7C668007AFCF752FBEC
:10232000CCE78468FCF772FB2070C8E78468FCF790
:102330007DFBF9E7D0E90206FCF794FBBEE7846871
:10234000FCF7BEFBF0E7D0E906360093D0E90423A2
:102350008068FEF7CFFAB1E78468FEF767FBE3E732
:102360008269C669037D00920269D0E90201FEF725
:1023700015FBA3E7D0E902060DF05BF99EE7D0E973
:1023800003168068FEF7D0F898E70CF014FD96E786
:10239000007001400C5700204FF08053D3F83021DB
:1023A000082A06D1D3F83431052B02D8024AD05C72
:1023B00070470020704700BFEB5E0200024AD2F86F
:1023C0000034002BFBD0704700E0014010B54FF007
:1023D0008053D3F83021082A4ED14FF0804200219B
:1023E000C2F80C11C2F81011C2F8381502F54042BB
:1023F000D3F80414C2F82015D3F80814C2F8241531
:10240000D3F80C14C2F82815D3F81014C2F82C1500
:10241000D3F81414C2F83015D3F81814C2F83415D0
:10242000D3F81C14C2F84015D3F82014C2F8441590
:10243000D3F82414C2F84815D3F82814C2F84C1560
:10244000D3F82C14C2F85015D3F83014C2F8541530
:10245000D3F83414C2F86015D3F83814C2F86415F0
:10246000D3F83C14C2F86815D3F84014C2F86C15C0
:10247000D3F84434C2F87035FFF78EFF18B13A4BE9
:102480003A4AC3F88C26FFF787FF18B1384BFB2276
:10249000C3F81825FFF780FF70B14FF080414FF06F
:1024A0008053D1F8E42ED3F8583222F00F0203F013
:1024B0000F031343C1F8E43EFFF76EFF20B12D4B2D
:1024C0004FF40072C3F840264FF08053D3F83031F8
:1024D000082B1AD14FF08043D3F80024D20744BF11
:1024E0006FF00102C3F800244FF08053D3F8343169
:1024F000052B02D8204AD35C3BB14FF01023D3F810
:1025000008224FF08043C3F858254FF01023D3F82A
:102510000022002A03DBD3F80432002B22DA174909
:1025200001234FF01020C1F804351224FFF746FFB5
:10253000C0F80042FFF742FFC0F80442FFF73EFF39
:102540000023C1F80435FFF739FFBFF34F8F0C4963
:102550000C4BCA6802F4E0621343CB60BFF34F8FA9
:1025600000BFFDE710BD00BF0050004048810300E0
:1025700000F0004000900240E55E020000E00140F3
:1025800000ED00E00400FA0530B50468CCB1BFF3FB
:102590005B8FB4FA84F3C3F11F03DBB201229A40CC
:1025A00024EA020250E8005FA54204D140E8002C72
:1025B000BCF1000FF6D1BFF35B8FE6D102480B7080
:1025C00030BD0248FCE700BF0000AD0B0200AD0BC0
:1025D00010B50368CB40DB0714D401238B4002689D
:1025E000BFF35B8F43EA020150E8004F944204D1ED
:1025F00040E8001CBCF1000FF6D1BFF35B8FEED1B9
:10260000014810BD0148FCE70000AD0B0400AD0B14
:10261000014BC3F80405704700F00140024BA230A3
:1026200043F83010704700BF00F00140024BA23069
:10263000002243F83020704700F00140036803F0A7
:102640001F025B09026004D0012B034818BF002061
:1026500070474FF0A040704700030050034A430901
:1026600000F01F00D35C1844C0B27047F15E020056
:1026700070B50546FFF7F2FF0C4C08300E4634F8F3
:102680001030DA0508D5C3F3432304EBC302284610
:1026900054F8333052689847A3682BB1E26831464A
:1026A0002846BDE87040184770BD00BF7801002083
:1026B00008B5FFF7D3FF034B083033F81000400B89
:1026C00008BD00BF7801002008B5FFF7C7FF034B26
:1026D000083033F81000C0F3400008BD7801002036
:1026E00008B5FFF7BBFF034B083033F81000C0F309
:1026F000401008BD78010020034611F0010010B51C
:10270000CCB20DD1A207C4F3400012D5094AD2F8C9
:1027100020055860C2F82005003818BF012008E0E5
:102720004FF0A041D1F820251A60C1F82025002AD9
:10273000E8D010BD0003005010B5FFF78FFF124A1C
:10274000083032F81030D9051CD5C3F3432123F4E7
:10275000F85322F8103002F10E04002034F8023F42
:1027600013F4807F03D0C3F3432399420AD001308E
:102770003028F3D1002342F831300448BDE810403E
:10278000FFF726BF10BD00BF78010020F001002038
:10279000F0B5054600200446012607468C420BD1C1
:1027A000114BD3F87C2132B10022C3F87C21D3F83D
:1027B0007C3140F00040F0BDE3B29B0003F5807235
:1027C0009B0806FA03F31D420BD002F1804202F58A
:1027D000C042D2F800C0BCF1000F02D017601268EE
:1027E00018430134DAE700BF00600040F7B5064641
:1027F0000846FFF733FF194F00F108050C4637F87C
:102800001530DB0727D530460DF04DFA2046FFF78F
:1028100067FF40B12046FFF74BFF316800F5A2701B
:10282000002341F820302046FFF786FF002301A84F
:1028300027F815300194FFF701FF019B00EB83009F
:10284000074BD0F80027134043F00203C0F80037CD
:10285000044803B0F0BD0448FBE700BF7801002046
:10286000F0F8FCFF0000AD0B0400AD0B2DE9FF41BB
:10287000164680460846FFF7F1FE0D4631680446CD
:1028800009B32846FFF720FF18B12846FFF728FFB5
:1028900010BB0023CDE900338DF80E308DF80F30DA
:1028A0000DF10F020B4628460DF10E010DF0A3F9B4
:1028B000474A04F1080132F8113023F0020343F0D3
:1028C000010322F81130736863B328461F785968F2
:1028D000FFF7FAFE10B1D1B13E4826E03C4A04F1C0
:1028E000080032F8103023F02003DB04DB0C22F860
:1028F000103061B1032FEFD87168496891F800C0BA
:10290000D8F80010A7B90CF5A27C41F82C70304A19
:1029100004F1080132F8113023F01C0343EA870365
:1029200022F81130B3684BBB2B4804B0BDE8F081EE
:1029300001EB8C0143EA4C33D1F810E52EF0030E85
:10294000C1F810E5D8F8001001EB8C0E43F020031D
:10295000DEF8101522F8103021F44F3121F44071C7
:10296000CEF810152902DEF8108501F47C5141EAF9
:10297000074141EA0801CEF81015C8E7D3E900671E
:102980002846FFF7D9FE002ECED0114DD5E9002301
:10299000964203D19F4201D1002209E00F480DF178
:1029A0000F01FFF7F1FD0C4B9842BED19DF80F20AF
:1029B00045F8326005EBC20308345F6035F8143027
:1029C00043EA422343F4807325F81430ACE700BF98
:1029D000780100200400AD0B0000AD0BF0010020D9
:1029E0002DE9F0430C4685B08046204611461E4630
:1029F000FFF734FE054629B32046FFF765FE18B9F8
:102A00002046FFF76DFE18BB314F05F1080937F876
:102A1000193013F01C0F02D04B78012B18D0012372
:102A20008DF80F300023CDE900134A1C8B1C204683
:102A30000DF10F010DF0DFF837F8193043F0030303
:102A400027F81930002E41D02046FFF73DFE18B977
:102A5000204805B0BDE8F08396F800C0D8F80030F3
:102A60001B4F0CF5A272002143F8221005F1080259
:102A700037F8121021F02001C904C90C27F81210F0
:102A800075781DB3D8F80000B67800EB8C002D04E3
:102A9000D0F8103523F4991323F4F853C0F8103507
:102AA000230203F47C5305F440353605D0F810E5D5
:102AB0002B4306F4801641EA4C31334341F02001A8
:102AC00043EA0E0327F81210C0F810350248C0E799
:102AD000780100200400AD0B0000AD0B014BC3E9F1
:102AE000021270477801002010B508461446FFF71F
:102AF000F7FD50B10846FFF7B1FD054B083033F83C
:102B0000103004485B0B237010BD0348FCE700BF86
:102B1000780100200000AD0B0400AD0B70B5164D20
:102B200095F8804006462CBB2146602205F1100036
:102B30000DF0D9FF30682E6F21468E420ED1002352
:102B4000C0F87C31D0F87C3140F30730F4F740FF17
:102B500001230A4885F88030AB6770BDCBB29B007B
:102B600003F580727C2B08BF845001F1010108BF7E
:102B70008358E2E70248F0E7780100200000AD0B3F
:102B80000C00AD0B034B93F88000003818BF0120F8
:102B9000704700BF780100200148FFF719BD00BF52
:102BA000EC0100200148FFF7EFBC00BFEC01002062
:102BB00073B503681646D3F80423002AA8BF4FF064
:102BC00000420546A8BFC3F8042308460C46FFF799
:102BD00087FD00B30846FFF777FD0146D8B92046C8
:102BE000FFF766FD04B2A40004F58072034628686E
:102BF0008150296882582144D1F8102542F0010201
:102C0000C1F810252EB12968012202FA03F3C1F898
:102C1000043302B070BD2046FFF720FD0F4B083093
:102C200033F81030C3F38203042B12D0052B12D0DB
:102C300001A80194FFF702FD019AD0F81035D340A6
:102C400003F00103991C204602B0BDE870400DF06E
:102C50001BB80321F7E70221F5E700BF7801002048
:102C60002DE9F04F694BDFF8A881D3F80403D8F8B9
:102C70007010C0B289B040F00040FFF789FD051E1A
:102C80002FDAC24600235AF87C1F06A8CDE9063386
:102C9000FFF732FD5F4B01930DF118094FF0000B68
:102CA000019A12F8013B0192DA0803F007031AF8BF
:102CB000022022FA03F3DA071CD409F10409BBF15C
:102CC000000F14D0D8F870104FF00040FFF760FDEF
:102CD000D8F87C1006A8FFF70FFD0028DAD125F000
:102CE00000450124002D79D109B0BDE8F08F4FF0E7
:102CF000010BD5E7484B5B440293D9F8001000293B
:102D0000DBD0029B91FAA1F11C78B1FA81F141EA82
:102D100044142046FFF7A2FC0830059438F81070E0
:102D2000C808BB0819F80020039301F0070101232C
:102D300003FA01F122EA010209F8002005A8FFF7D1
:102D40007DFC059A039B02F5E072C7F3820650F8FA
:102D500022205B073746C2F3014224D5204639467C
:102D6000D6B2FFF785FC05A80594FFF767FC059B25
:102D700003F5E07350F82330C3F301439E4207D1BB
:102D8000002120460CF080FF314620460CF07CFFED
:102D900005A80594FFF752FC059B012202FA03F3F4
:102DA000C0F82035A9E7022A0CD1032120460CF0F7
:102DB0006BFF06F00503012BEAD139462046FFF7E9
:102DC00057FCE5E70221204603920CF05DFF032E3D
:102DD000F3D0039A032ADBD1022EEDE795FAA5F38F
:102DE000B3FA83F304FA03F29B0003F1804303F583
:102DF000C04325EA0205D3F81005D3F81015C0F337
:102E00000520C1F30141FFF733FC6BE70060004090
:102E100078010020015F0200015F0200044AD2F83D
:102E20000034DB07FBD50160BFF35F8F704700BF45
:102E300000E001404FF080531A69B0FBF2F302FB4F
:102E4000130373B9084B0222C3F80425C3F808051D
:102E5000D3F80024D207FBD500220448C3F8042588
:102E600070470348704700BF00E001400000AD0B11
:102E70000A00AD0B10B5054C0123C4F80435FFF76B
:102E8000CDFF0023C4F8043510BD00BF00E00140B1
:102E900001460148FFF778BBFC01002070B5104DDA
:102EA0006C6B9CB14FF47A735C430A23B4FBF3F46C
:102EB0000C4ED6F8003163B995F839304BB90A2079
:102EC0000CF08DFE013CF4D1074870BD4CF250343B
:102ED000EEE795F83930002BF6D10448F5E700BF4E
:102EE00014570020009002400700AD0B0000AD0B0E
:102EF000094B10B500220124C3F80045C3F8002196
:102F00001C6038B1FFF7CAFF044B984203D1044B51
:102F100083F83840014810BD009002400000AD0B1E
:102F20001457002070B500F06044B4F1005F5DD12B
:102F300084075BD12F4C94F83050012D05D09D4271
:102F400056D194F83850002D52D02B4D022B0BBF88
:102F5000C5F81025C5F80425C5F81405C5F80805F9
:102F60000CBFC5F81815C5F80C154FF0000684F80D
:102F7000396026680CBF08250425BEB994F838309E
:102F80006BB11D4B05F1804505F524350022C3F8D2
:102F9000002101232B60BDE87040FFF77FBF0120B7
:102FA000FFF7A6FF154B9842EBD170BDA66826B17E
:102FB000E0606161E2611248F7E7A2610E4A84F8BD
:102FC00030300123A0602161C2F80061C2F80433EF
:102FD00094F8382002F0FF0012B9FFF789FFEAE702
:102FE00005F1804505F524352B60E4E70548DCE76D
:102FF0000548DAE714570020009002400700AD0BA7
:103000000000AD0B0A00AD0B0B00AD0B084B9A682E
:103010005A621A699A629A69DA62DA689A6032B117
:103020005A691A61DA699A610022DA60704770475A
:103030001457002000F01F0340090FD0012810D1C1
:103040000B4A02EB83020B4BD2F80007034043EA22
:10305000012343F00203C2F8003770474FF0A0424B
:10306000EFE7002203F5E07352F82330FFDE00BFE4
:1030700000030050F0F8FCFF10B50E4B0238D3F8F7
:103080003C26D3F83836072813D8DFE800F0110FB4
:103090000D0B0A080604100EC871100C8871100A76
:1030A00048710A711A0ECA701A0C8A701A0A4A708C
:1030B0000B7010BD00900240023807281FD8DFE8CF
:1030C00000F02927251123211F04CB791B068A79BB
:1030D00043EA02434A7943EA02230A7913430E4A38
:1030E000C2F83C36CB781B068A7843EA02434A781A
:1030F00043EA02230A781343074AC2F83836704776
:103100000023E4E70023E5E70023E6E70023EBE7FD
:103110000023ECE70023EDE7009002400268154B26
:10312000FF2A08BF4FF0FF32C3F824254268FF2A68
:1031300008BF4FF0FF32C3F828258268FF2A08BF76
:103140004FF0FF32C3F83025C268FF2A08BF4FF0A6
:10315000FF32C3F834250269FF2A08BF4FF0FF325F
:10316000C3F838254269FF2A08BF4FF0FF32C3F881
:103170003C257047009002400A4B002283F838201B
:10318000094B01214FF08050C3F808131961D0F8A2
:103190003001082808BF5965C3F80025C3F800218D
:1031A000704700BF145700200090024030B5194D01
:1031B0000FCD8DB006AC0FC495E8030084E8030082
:1031C0001549D1F82435DBB20093D1F82835DBB2AC
:1031D0000193D1F83035DBB20293D1F83435DBB24C
:1031E0000393D1F83835DBB20493D1F83C3506A807
:1031F000DBB20593FFF792FF0023C1F800310123F2
:103200000B60D1F80031002BFBD06846FFF786FF3A
:103210000DB030BD184402000090024070B590F827
:103220002930044613B190F82A204ABB6068FF2871
:1032300060D0A268FF2A5DD0E268FF2A5AD02269D6
:10324000FF2A57D0B3B90321FFF7F4FEA068FFF7B8
:10325000F1FEE068FFF7EEFE2069FFF7EBFE606924
:10326000FF2801D0FFF7E6FEA069FF2802D0032166
:10327000FFF7E0FE94F82A3013B9201DFFF74EFF48
:103280001D4E636A73631D4D94F8293086F83A30F9
:103290000123C5F80833FFF789FF2368C5F84035D7
:1032A000A37F617F227F9B0143EAC1031343E27F37
:1032B00043EAC213C5F84435D5F8002694F8203007
:1032C00022F07F4222F0FF02134394F8212043EAC8
:1032D000026394F8222043EA426394F8232043EAED
:1032E0000273C5F80036336813B12920F4F770FB78
:1032F000034870BD0348FCE71457002000900240CB
:103300000000AD0B0400AD0B38B50C4C94F83050F8
:1033100095B9C4E9001248B90023C4E90233012277
:10332000074884F8302084F8383038BDFFF776FF3E
:10333000034B9842F9D1EFE70248F6E71457002013
:103340000000AD0B0C00AD0B2DE9F843DFF89090B9
:10335000074699F830000128884614463DD199F86F
:103360003830204E6BB3204D0123C5F80833FFF7EA
:103370001DFFB8F1000F2BD14FF0000889F83980FC
:10338000C5F80081BB787A781B0343EA02233A78B8
:103390001343FA7843EA42333A7943EA82337A793B
:1033A00043EAC233C5F83436FFF778FDB0420CD09B
:1033B000C5F800811CB178782146FFF75DFE0B4807
:1033C00004E0FFF795FDB042CDD10648BDE8F88393
:1033D00078784146FFF770FECEE70548F6E700BF74
:1033E000145700200700AD0B009002400000AD0B09
:1033F0000B00AD0B034B93F838300BB9FFF778BDDA
:1034000001487047145700200C00AD0B08B5054B60
:1034100093F83030012B03D1FFF7AEFE024808BD10
:103420000248FCE7145700200000AD0B0B00AD0B69
:10343000034B93F83000003818BF0120704700BFDD
:103440001457002038B511F0030539D11E4B1A6806
:10345000D2B193F83040012C34D11C4AC2F81C156B
:103460000421C2F8200583F8395083F83010C2F8DF
:103470000051C2F8044393F8383003F0FF00EBB971
:10348000FFF736FD124818E0104CC4F81C15C4F8BC
:10349000200583F8392093F8383043B10023C4F86D
:1034A00000310123E360BDE83840FFF7F7BC01209D
:1034B000FFF71EFD074B9842F0D138BDD460E1E71D
:1034C0000548FAE70548F8E7145700200090024045
:1034D0000000AD0B0700AD0B0A00AD0B0B00AD0BF0
:1034E00010B5224BD3F8002192B1214C0022C3F831
:1034F000002194F8381094F8302071B90121032A82
:1035000084F8381005D0042A05D0022A00D1996029
:1035100010BD5960FCE7D960FAE7032A19D0042AE4
:1035200019D0022A04D1012384F82030FFF76EFD60
:10353000A36813B9012384F8303094F8393003F0CC
:10354000FF0013B9D4E900319847002384F82030F4
:10355000DEE70223E8E7032284F82020D3F81C25C5
:103560006262D3F8203584F82830E1E70090024009
:103570001457002008B5124BA822002118460DF060
:10358000B2FA032202610F4942610F4A8161C261AE
:103590004FF480620262002282624262C26201666D
:1035A0000A49416610218166094902670346C266DD
:1035B000426711F8010D98540132102AF9D108BD63
:1035C00050570020035F0200996E0020896E002092
:1035D0001C5F02002DE9F84FDFF87C80182606FBFF
:1035E000008E00FB06664644DEF82440DEF828C064
:1035F0007368A44507468946154603EB040022D8A4
:10360000DEF820B0ABEB040A0AF1FF339A4203D88C
:103610000DF041FA2C440FE063449A4219D8524607
:103620002C440DF038FAB4EB0B0405D07068224638
:1036300009EB0A010DF02FFA182303FB0783012081
:103640005C62BDE8F88F0CF1FF3CACEB040C9445D8
:10365000DED20020F5E700BF50570020034B1822B0
:1036600002FB00339A6A586A801A7047505700204C
:1036700003484FF0FF324FF0FF3300F00FBA00BFA6
:1036800000060020014800F081BA00BF00060020BB
:10369000014B986864307047F857002010B5044615
:1036A000F3F7AAF80348044A012108F034FF204642
:1036B0000CF050FBA84302001D5F02002DE9F84307
:1036C000044600AF0D46EFF31188402383F31288C0
:1036D000BFF36F8F0428294A98BF294B9668117D44
:1036E00094BF53F82030274BE9468AB06A462648F3
:1036F000C2E9073140F201339384244BC2E9050447
:1037000042F8103F224800234FF43151F3F754F9A7
:10371000CD4645B1EB69C3F3080323B11D4A1C48EC
:10372000012108F0F8FE2EB130460CF079FD08B109
:10373000037803B91848E9468AB06A46174BD06146
:10374000C2E9053640F201331384154B42F8103FAD
:1037500000230F484FF41151F3F72EF92946CD46B7
:103760002046FFF79BFF88F31188BFF36F8F304629
:10377000F4F7B6F8BD46BDE8F88300BFF85700205F
:10378000284902002C5F0200425F02000500000190
:10379000A84302006A5F02003A5F02008B5F0200EA
:1037A0000400000138B5094B53F82040013053F8AC
:1037B0002050A54200D838BD636823B120460CF0E4
:1037C000D1FA0834F5E723689847FAE73C49020044
:1037D00070B52B4B2B4C2C4D012286B003201A7058
:1037E000FFF7E0FFF3F73EFC07F087FF0420FFF749
:1037F000D9FF2646AE4204F1300410D300F0C2FED9
:10380000204C224EAC4226D300F0D0FE07F073FFCE
:103810001F4A137B23F00103137306B070BD54F8E5
:103820000C3C059354F8103C049354F8143C039357
:1038300054F8183C029354F81C3C019354F8203C73
:10384000009354E90A2354E90C0100F031FC54F8C8
:10385000303C5E65CDE7D4E90A23B3F1FF3F08BFF2
:10386000B2F1FF3F05D052EA0301206803D10CF00A
:10387000D9FC3034C6E73146183001F05DF8F8E77E
:10388000997200202C4302002C43020053030200D3
:10389000A830002008B50348034A0021121A0CF092
:1038A00079FA08BD80070020B872002070B50023A7
:1038B00086B00122CDE90423124E134D01930F224D
:1038C000CDE902321149182303FB005506EBC0165F
:1038D0000446C02000FB04110D4B009580223046A9
:1038E00000F0E6FB737B0B4AEE6023F00403737376
:1038F0004FF4307304FB033313442C756B6006B034
:1039000070BD00BF28300020F8570020008900203B
:10391000FBFE010040860020BFB50020FFF742FFFC
:103920002D4B83F308882D4D2D4E6B692D4F43F49D
:1039300000736B61E02385F8223000242023EB77AD
:103940002C766C76AC7685F820406B6A43F4E023E5
:103950006B6285F82340F3F729FFF4F7EFF84FF097
:10396000FF33AB62EB62F4F7C3F9F4F70BF9F2F74C
:10397000AFFE1D4BB36040F201129A81C3E91A44B5
:103980005C670CF0DBF90120FFF70CFF0220174DFC
:10399000FFF708FF00F02AFE154BB56105930123E0
:1039A00014490094CDE903434FF420623B46CDE92E
:1039B0000144284600F07CFB6A7B064622F00402A4
:1039C00028466A730CF06AFC2046FFF76FFF3A4600
:1039D00031462846F4F794F80089002000ED00E015
:1039E000F8570020D1370100C8310020A83000204E
:1039F000ED5F0200C089002038B5064C064DAC4290
:103A000001D3002038BDD4E9011220460CF0C6F9DC
:103A10001834F4E7380500203805002038B5064C86
:103A2000064D0020AC4200D338BD20460CF01BFAF6
:103A30000028F9DB2034F5E7F804002038050020E1
:103A400073B50C46EFF31181402585F31288BFF35F
:103A50006F8F05695DB125602B680361C369013310
:103A6000C361002081F31188BFF36F8F11E052EA28
:103A7000030603D125606FF00B00F3E7CDE90023C7
:103A80000246083000F0CAFC18B9034B9B685B691A
:103A9000236002B070BD00BFF85700202DE9F3414C
:103AA000044617461E46EFF31188402383F312881D
:103AB000BFF36F8FC368334A7BB1806891688842D7
:103AC00019D057EA060318D188F31188BFF36F8F16
:103AD0006FF00F0002B0BDE8F081916891F90E100F
:103AE00021610133E3609368A36088F31188BFF319
:103AF0006F8F0020EEE72169F2E791F90E1090F93F
:103B00000E309942A8BF19466FF07E029142B8BFAD
:103B100011468B422DDD0CF0FBF90546CDE9007610
:103B200019482246414600F079FC0028E1D0EFF325
:103B30001186402383F31288BFF36F8FA068D0B142
:103B4000236821699C420AD04BB193F90E30994207
:103B5000A8BF19466FF07E039942B8BF19460CF012
:103B6000D7F940B10848314600F0C8FC6FF00A00B0
:103B7000B0E70025D2E7002DF4D186F31188BFF31A
:103B80006F8FF3E7F85700209A72002038B58368EA
:103B9000044663B3194A926893422BD1C368012B40
:103BA00003D9013BC360002038BDEFF311854023EA
:103BB00083F31288BFF36F8F016980680CF0A8F956
:103BC00020460CF0E0FBA06058B190F90E20226175
:103BD0000022C2670CF062FB0948294600F08EFC07
:103BE000E1E7E06085F31188BFF36F8FDBE76FF0EB
:103BF0001500D9E74FF0FF30D6E700BFF857002097
:103C00009A72002037B5EFF31185402181F31288B5
:103C1000BFF36F8F04689CB12368426823F00303ED
:103C20009442036008BF4360012120460CF0E5F98F
:103C3000044685F31188BFF36F8F204603B030BD73
:103C400052EA0301F5D0CDE90023294600F10C0228
:103C5000083000F0E3FB0028EFD1024B9B685C6961
:103C6000EBE700BFF857002038B50446EFF31185A5
:103C7000402383F31288BFF36F8F0CF084FB48B1AD
:103C80000022C2670CF00AFB29460848BDE838400C
:103C900000F034BCD4E902329A4218BF0133A36069
:103CA000022104F110000CF0C2FCEDE79B72002031
:103CB00013B5EFF31181402484F31288BFF36F8FA3
:103CC000846844B1013C846081F31188BFF36F8F35
:103CD000002002B010BD52EA030406D181F311881E
:103CE000BFF36F8F6FF00F00F3E7CDE900230246BB
:103CF000014800F093FBECE79B72002070B504468E
:103D0000EFF31185402383F31288BFF36F8F6FF0B9
:103D10000A0620460CF037FB18B1C6670CF0BEFA55
:103D2000F7E7A060022104F110000CF080FC2946A6
:103D30000248BDE8704000F0E1BB00BF9B7200206C
:103D40001FB5094A92E8030002AB83E803004FF471
:103D5000A0720093054906484FF0FF3300F006F9C2
:103D6000002005B05DF804FB304402000094002000
:103D7000283100202DE9F043DFF8348185B0054675
:103D80004FF0FF364FF0FF37EFF31189402383F3F5
:103D90001288BFF36F8FD5F880408CB9022105F1EE
:103DA00098000CF068F9002860D10023CDE9006785
:103DB000029305F1880249463E4800F0C5FCE3E75E
:103DC000D5F884202368C5F88030944208BFC5F830
:103DD0008430D5F8983043F00203C5F89830E36892
:103DE00023F0040343F00103E360636889F311885F
:103DF000BFF36F8F20469847EFF31189402383F379
:103E00001288BFF36F8FE368D90623F0010237D41D
:103E1000E260E3689A071AD5D8F8000023F002039D
:103E2000E360A0B10268002188B143689C4237D1A9
:103E3000036869BBD8F80420C8F80030824201D179
:103E4000C8F80430002340F8083BFFF70DFFD5F811
:103E5000983023F00203C5F8983089F31188BFF336
:103E60006F8FDB0590D400F0C9FB8DE705F190045E
:103E70000022012120460CF0EAFA0028F8D194E74C
:103E800023F01103E36004F11000FFF7EDFEC0E73B
:103E90000B60D8F80430834208BFC8F80410D1E79B
:103EA00022B11368014610461A46BDE71346F9E7EA
:103EB0001C5800209C720020F8B5C3689A0704467D
:103EC0000F46C3F340062CD45B071AD40B680BB91A
:103ED00083680B60E368DD0744BFA3683B603D680F
:103EE0004CBF02260126002D3AD01F4B9B68AB42E7
:103EF0000AD0D5F89830D807C3F3800214D46FF0F5
:103F0000120600233B6025E00CF081F9D5F89830CB
:103F10000028F0D1D907C3F3C002F0D552B15B0736
:103F200008D46FF00F06ECE7002AFAD1C3F3C00300
:103F3000002BF6D100232360D5F8843063B9C5E99E
:103F4000204428460CF0B1F8E36843F00403E36032
:103F50003B68A3603046F8BD1C60C5F88440F0E7BC
:103F60006FF01506CDE700BFF8570020F0B589B017
:103F700004460020C4E920000E9D04F18800C4E935
:103F8000220004F19000C4E924004DB328790028F0
:103F900040F2011008BF0120C4F8980000204FF043
:103FA000FF364FF0FF37CDE90330CDE90100CDE911
:103FB00006670C4B0094204600F0C6F855B12968FE
:103FC00011B120460CF029F96B791BB1237B43F02A
:103FD00001032373204609B0BDE8F0400CF022B97C
:103FE0000120D9E7753D010037B501900846EFF390
:103FF0001184402181F31288BFF36F8FC16811F0E3
:104000001E0F16D153EA020508D101A9FFF754FF8C
:1040100084F31188BFF36F8F03B030BD41F0080106
:10402000C160019981621030034900F085FC0120D4
:10403000EEE70020ECE700BF1F0102000146014847
:10404000FFF7D2BF28310020F7B50C460190164685
:104050001D46EFF31187402383F31288BFF36F8F60
:1040600008460CF013F855EA060309D101A92046C9
:10407000FFF722FF87F31188BFF36F8F03B0F0BD06
:10408000E368074943F00803E360019BA36204F17E
:10409000100032462B4600F04FFC0120EAE700BF3B
:1040A0001F01020001460148FFF7CEBF2831002062
:1040B0002DE9F043D51D85B025F007050E461F46B6
:1040C0001099017300F158037F35C0E91633044697
:1040D000002325F03F050421836041733F2D0F9895
:1040E000A073C4E90633E37306F14009A5F1400863
:1040F00005D883F31188BFF36F8F084602DF42466D
:10410000AA2148460CF0EFFCC4E91A980E9B4FF028
:104110000008C4F8708002930D9B019335440C9BFA
:1041200000932A463B4631462046F3F7B7FC054B41
:10413000C4F854809B6803B15B6F6367284605B081
:10414000BDE8F083F8570020F0B587B0002505954D
:10415000109D04950F9D03950E9D0295DDE9127645
:104160000D9D01950C9D00950446FFF7A1FFB6F14A
:10417000FF3F08BFB7F1FF3F05D056EA070305D15F
:10418000204600F0CDF9204607B0F0BD03493A467D
:10419000334604F1180000F0CFFBF4E753030200AC
:1041A00038B5234DEB692C6905F11C02934202D10D
:1041B0004CBBEC6803E02CBB002BFAD01C46AB6870
:1041C00058B95A7BD20608D1A26932B9DA897F2A56
:1041D00003D994F90E200F3212DA9C4202D0204605
:1041E00000F0F2FA94F90E300F331CDAAB6893F951
:1041F0000E200F3203DBDA897F2A00D92B61234698
:10420000AB6138BD2BB9637BDB06D8D000232B61B3
:10421000CFE793F90E200F32D0DB627BD106CED0F0
:1042200000222A61CAE7034B9C42E8D00023E5E75D
:10423000F85700202830002008B590F90D20437B66
:10424000002A014604DA03F07F0343730BF0ECFF0E
:10425000044B9868431A58425841BDE80840FFF79C
:104260009FBF00BFF857002070B490F90D30427B1B
:10427000002B29DBD30627D183692BBB134962F0BE
:104280007F0242730A4652F81C4F944218BF2346DD
:104290000C6A23B9C0E90024206008620CE090F9A0
:1042A0000E5093F90E60B5420AD0AE4208DD5A684E
:1042B000C0E900321060586070BC0020FFF770BF8A
:1042C0009C42E7D01B68E4E770BC7047F8570020B9
:1042D0002DE9F041002A427B0E460CBF1021082137
:1042E000114204460FD141EA0203D20918D14373A7
:1042F00008291BD00120FFF753FFBFF35F8F637BBB
:1043000023F060036373264B9B68A34241D1EFF314
:104310000583002B3DD13046BDE8F041F3F7F6BAF6
:1043200003F07F0343730BF07FFFE1E7A36813B152
:1043300020460BF081FF04F118000CF0AAF804F1FC
:1043400058074FF00008A56DBD4200D0A5B9144D27
:10435000AB689C42CED1EFF30583002BCAD001207D
:10436000FFF71EFF0F4BAB6040F201129A81002253
:10437000C3E91A225A67C0E728460BF05DFF05F132
:1043800018000CF086F8C5F87C802846FFF76CFF13
:10439000D9E786F31188BFF36F8FBDE8F08100BFC6
:1043A000F8570020C831002070B590F90D20437BEC
:1043B000002A014604DA03F07F0343730BF034FF55
:1043C0004B7B154A63F07F0310464B7350F81C3F3C
:1043D000146A834208BF002323B9C1E900042160A5
:1043E00011620CE091F90E5093F90E60B5420ED0B7
:1043F000AE420CDD5868C1E9003001605960906838
:10440000431A5842BDE870405841FFF7C9BE9C426C
:10441000E3D01B68E0E700BFF8570020F8B5124B67
:104420000C461146114A98681060DDE90676EFF3F4
:104430001182402282F31288BFF36F8F9D68284655
:104440000BF004FFB6F1FF3F08BFB7F1FF3F06D006
:1044500007493A46334605F1180000F06DFA204648
:10446000BDE8F840F3F752BAF8570020245800206E
:1044700053030200F8B50446EFF31186402383F39B
:104480001288BFF36F8F437BDA0649B219D1856971
:10449000BDB903F07F0343730BF0C6FE437B164A9E
:1044A000817363F07F034373134653F81C0F9842E4
:1044B00018BF0546106A5DB9C4E900300460146293
:1044C00011E0A173002086F31188BFF36F8FF8BD50
:1044D00095F90E70B9420BD08F4209DD6B68C4E9C3
:1044E00000531C606C600120FFF75AFE0120EAE7D0
:1044F000A842E1D02D68DEE7F857002049B9EFF374
:10450000058030B9054B9A699B689A4201D0F3F750
:10451000FDB981F31188BFF36F8F7047F857002002
:1045200010B5EFF31184402282F31288BFF36F8F2E
:10453000427B510704D484F31188BFF36F8F10BD01
:1045400022F004024273FFF78FFE21460248BDE8C5
:104550001040FFF7D3BF00BF9D720020034648B94B
:10456000EFF3058232B9064A91699268914201D00F
:10457000F3F7CCB983F31188BFF36F8F704700BF97
:10458000F8570020EFF31181402383F31288BFF323
:104590006F8F054B9A68D37B013BD37381F31188EE
:1045A000BFF36F8F704700BFF857002038B5EFF3A7
:1045B0001185402484F31288BFF36F8F0A4B9A68E9
:1045C000D37B0133D3730020FFF7EAFD85F3118815
:1045D000BFF36F8FEFF3118084F31288BFF36F8FF7
:1045E000BDE83840FFF7BABFF8570020024B03F18F
:1045F0001C02C3E907227047F8570020F8B5EFF313
:104600001185402383F31288BFF36F8F194988689F
:10461000437B03F07F0343730BF006FE8B685A7BEA
:10462000084662F07F025A7350F81C2F0C6A8242CF
:1046300008BF002222B9C3E9000423600B620CE02A
:1046400093F90E6092F90E70BE420ED0B7420CDDA7
:104650005168C3E900210B6053600120FFF7A0FD02
:104660002846BDE8F840F3F751B9A242E3D01268FA
:10467000E0E700BFF857002050EA01032DE9F041C0
:1046800005460E4603D1FFF7B9FF00202BE0831C3F
:1046900071F1FF3329DB0BF011FF2C18EFF31188B8
:1046A000402383F31288BFF36F8F124F124BB86809
:1046B0001860FFF7C1FDB86810492A463346183024
:1046C00000F03AF9BA68537B43F010035373404645
:1046D000F3F71CF90BF0F2FE201A63EB0303012839
:1046E00073F10003D1DBBDE8F0816FF00104241AFF
:1046F000D4E700BFF85700202458002053030200DD
:10470000B1F1FF3F08BFB0F1FF3F08B506D10A4B3A
:1047100098680BF0D2FD4FF0FF3008BDFFF7ACFFFB
:104720004FF47A7147F6FF730022C0FB0132D80BB9
:1047300040EA4240F1E700BFF8570020014B98687B
:10474000704700BFF8570020D3B5DDE90667089C25
:10475000CDE90067FFF762FE1CB1034B9B685B6904
:10476000236002B0D0BD00BFF8570020044BC01A30
:10477000044BC0105843044B01221A54704700BF29
:1047800048320020ABAAAAAA9E720020C3897F2BC0
:1047900012D80A4B1B6863B1094B90F90E201B68B5
:1047A0009A4209DB437BDB0606D1064BC31A18BFCE
:1047B000012303F0010070470023FAE72C58002082
:1047C000285800202830002070B50E4B0E4C1E7D5E
:1047D00006EB460304EBC304054620460BF059FEE6
:1047E0000A4B002228469A55FFF7D0FF48B1084BE4
:1047F00008491A68013A2046D317BDE8704000F016
:104800009BB870BDF8570020483200209E720020EF
:104810002C5800206D47010038B5EFF31185402377
:1048200083F31288BFF36F8F104B114A9C68106896
:10483000A04206D1FFF7C8FF85F31188BFF36F8F41
:1048400038BD00211B7D11600A4AD35C002BF3D0D8
:104850002046FFF79BFF0028EED0637BDB0602D1EA
:104860002046FFF7A1FD2046E4E700BFF8570020EF
:10487000245800209E72002008B50648064A0749C1
:10488000121A0BF089FABDE80840054A05490648A6
:104890000BF082BA000000205C070020E0650200F7
:1048A00000000000E065020000000020034B1B68D0
:1048B0000BB9F6F733BF0020704700BF3058002017
:1048C00030B570B10B4B5B6898420AD0036843B1B6
:1048D000D3E90421D0E90445121941EB0501C3E9EC
:1048E0000421D0E9003213605A600023C0E900338C
:1048F00030BD00BF0002002010B50E4B1C689C426A
:1049000004D1FFF7D3FF6FF0004010BDFFF7CEFFDB
:10491000002CF8D0D4E904321B1A62EBE072B3F138
:10492000004F72F10001EEDA002AACBF18460020F9
:10493000EBE700BF00020020B3F1FF3F08BFB2F178
:10494000FF3FF8B504461D4616465ED08160EFF382
:104950001187402383F31288BFF36F8F013275F103
:10496000FF3324DA2E49D1E900206FF001039B1AAE
:104970004FF0FF3262EB00009E1B60EB0500012E42
:1049800070F1000301DA01260020C4E90460254E1D
:10499000D6F800C07568B44508BF4FF0000CBCF1F4
:1049A000000F0DD1C4E900652C6074601CE0FFF7B6
:1049B0007DFF013645F10005361845EBE070E4E770
:1049C000DCE90420D4E90431934271EB000E1DDAD6
:1049D000D21ADCF8043060EB0100CCE90420C4E911
:1049E00000C31C60CCF804403368B34209D09C4239
:1049F00007D10D4B1C6824B9FFF77EFF2146F6F75F
:104A00005FFE87F31188BFF36F8FF8BD9B1A61EBD0
:104A10000001AC45C4E90431C4D0DCF800C0BEE7F5
:104A20006032002000020020305800202DE9F84FAD
:104A3000EFF3118C402383F31288BFF36F8FDFF8FD
:104A4000B0A0DFF8B0902C4FC9F80000DAF80000F1
:104A50000024504508BF00200025D7E90021D9F8DF
:104A60000030E04678B3D0E9046C4FEAE37EB3420D
:104A70007EEB0C0B05DAF61A6CEB0E04C0E904644D
:104A800021E0B21841EBE671C0E90445C7E9002115
:104A9000FFF716FF88F31188BFF36F8F836898477D
:104AA000EFF31188402383F31288BFF36F8FD9F897
:104AB0000030DAF800009B1B5045C446C9F80030AE
:104AC000CBD1D7E900219A1841EBE3730024C7E961
:104AD0000023C9F80040FFF70FFF2146F6F7F0FD6D
:104AE00088F31188BFF36F8FBDE8F84FFFF794BECE
:104AF00000020020305800206032002010B5EFF393
:104B00001184402383F31288BFF36F8FFFF7CEFE2B
:104B1000054A0346D2E90001181841EBE37184F31A
:104B20001188BFF36F8F10BD60320020F8B50446C6
:104B3000EFF31187402383F31288BFF36F8F02686E
:104B400022B187F31188BFF36F8FF8BDD0E90A3621
:104B5000581C46F10001022871F1000127D3012BF6
:104B600076F10001BCBF012316465D1E46F1FF36FB
:104B70000BF0A8FC013041F10001401946EB0101A6
:104B8000012871F1000139DB0BF09CFC013041F18F
:104B900000016FF00102401946EB0103121A4FF0B9
:104BA000FF3161EB030318492046FFF7C5FE236B75
:104BB00001332363236A6BB187F31188BFF36F8FCF
:104BC000236A20469847EFF31187402383F3128826
:104BD000BFF36F8F54F8185FA542B2D0002DB0D04C
:104BE00028460BF084FB0023EB6787F31188BFF3A3
:104BF0006F8F2846BDE8F8400BF050BB6FF0010204
:104C00004FF0FF33CFE700BF2D4B01002DE9F041FE
:104C100005461C4690461F46EFF31186402383F35A
:104C20001288BFF36F8FB4F1FF3F08BFB2F1FF3FAF
:104C300005D186F31188BFF36F8FBDE8F081531C57
:104C400074F1FF3309DB012A74F10003BCBF0122B8
:104C5000002412F1FF3844F1FF3728460BF019FC0D
:104C6000DDE906010023C5E90A012B630349424639
:104C70003B462846FFF760FEDBE700BF2D4B0100F7
:104C800038B50346EFF31185402282F31288BFF353
:104C90006F8FC160012181600068834206D185F376
:104CA0001188BFF36F8F0024204638BDD0E9003251
:104CB00013605A600023C0E900330BF072FC2946F0
:104CC00004460248FFF71AFCEEE700BF9F7200207F
:104CD00073B506460D460BF09AFA78B90B4B9B68F4
:104CE0005C6F7CB12A1D09D200200021CDE90001B2
:104CF00046F0040120460BF059F808B9002401E001
:104D00000460041D204602B070BD00BFF8570020AB
:104D1000036803F01F025B09026004D0012B034803
:104D200018BF002070474FF0A040704700030050AC
:104D300010B4094C236833B10B6000232360007862
:104D400010BC0BF09FBC0B68C3F30F22D2019B1A5F
:104D500022600B6010BC70473458002042684378D2
:104D6000D2F810151B01CB40D2F8001241F001011E
:104D7000C2F80012C2F84035C3789B0003F18043AB
:104D800003F5C043D3F8101541F00301C3F8101523
:104D900081780448012303FA01F1C0F80415D360B7
:104DA0001360704700F00140D0F8003223F0010397
:104DB000C0F800324FF48033C0F808330123036198
:104DC000024B93F9000009F0ECBF00BFA072002075
:104DD0004368D3F81015D3F8002242F0010210B551
:104DE000C3F80022F022CA40C3F840254FF48032B5
:104DF000C3F80423054B044693F9000009F0CFFFE4
:104E000063680122DA601A6010BD00BFA072002042
:104E1000436873B5D3F8002222F00102C3F80022E0
:104E200001254FF48032C3F808231D61067804463B
:104E30000BF05BFC0196D8B901A8FFF769FF019B55
:104E400005FA03F3C0F80C35E3789B0003F18043C7
:104E500003F5C043D3F8102522F00302C3F8102550
:104E6000A27801239340064AC2F8083502B070BD0B
:104E700001A8FFF74DFF019B9D40C0F80855E3E7EF
:104E800000F0014010B500F0F1F850B1054C237866
:104E9000012B06D1044B00221A70FFF75FFF02239B
:104EA000237010BDA2720020A172002010B500F086
:104EB000DDF830B10C4C2378022B0FD002D8012B37
:104EC00008D010BD033B012BFBD84068FFF76CFFF7
:104ED00001232370054B00221A70F2E7FFF798FFB9
:104EE00001232370EDE700BFA2720020A172002011
:104EF00038B500F0BBF8044650B1064D2B78022BB4
:104F000006D1FFF785FF2046FFF762FF03232B70D2
:104F100038BD00BFA272002010B500F0A7F830B174
:104F20000B4C2378022B0ED003D8012B08D0002085
:104F300010BD033B012BFAD84068FFF735FF04E0B2
:104F4000044B1878F4E7FFF763FF01232370EEE7C3
:104F5000A2720020A172002010B50A4B1B7813B179
:104F6000012B04D010BD084B02221A70FAE7074B40
:104F7000054C1B781BB10BF0B8FB2070F2E7022345
:104F80002370EFE7A2720020DD020020A172002052
:104F900038B500F06BF8044688B10D4D2B78012B25
:104FA0000ED0033B012B0AD84068FFF7FDFE094BEA
:104FB00000221A702046FFF7D1FE02232B7038BD65
:104FC000044B1A78002AFAD000221A70F3E700BFC7
:104FD000A2720020A172002070B5054600F046F8CC
:104FE000044630B1104E3378022B19D002D8012B71
:104FF0000ED070BD033B012BFBD84068FFF7D4FEF9
:105000000A4B00221A70012333702946204603E020
:10501000064B00221A702946BDE87040FFF788BE93
:10502000FFF7F6FEEFE700BFA2720020A17200209A
:10503000024B1868003818BF012070473458002010
:10504000014B00221A60704734580020054B1B7832
:10505000012B05D1044B1878022801D00BF026BB98
:10506000704700BFA2720020DD020020034B0448FD
:105070001B78002B08BF0020704700BFA3720020E0
:105080003858002018B1012804D000207047024B86
:1050900018787047014BFBE7A7720020A67200202A
:1050A00018B1012804D002207047024B18787047CD
:1050B000014BFBE7A5720020A4720020014B186091
:1050C000704700BF4058002010B506490246002333
:1050D00051F8040B046C944203D00133042BF7D134
:1050E000002010BD44580020EFF3108272B6054B2B
:1050F0009969814200D008B90021996182F3108832
:10510000704700BF6832002010B50346EFF31082ED
:1051100072B6104884691CB182F31088002010BD5B
:10512000836182F31088022202774FF0FF32596BBD
:105130004262D3E90A23521843F10003C0E9042371
:1051400000F0B6FA18B12046FFF7CEFFE6E70120DF
:10515000E5E700BF683200202DE9F8432A4D2B4EC9
:1051600028460BF060FC002845D03778DFF8A08097
:105170000BF0B5FB0022944658F8049BD9E90A3499
:1051800099F838E099F83A90B9F1010F09D1B3F5DF
:10519000F07344F1FF34984271EB040438BF4FF0D0
:1051A000000E72450CF1010C38BF7246BCF1040FC1
:1051B000E2D1184BDFF860801C78944238BF144667
:1051C000E4B2A7420CD03470BCB9F7F7ADFC20466E
:1051D00088F8004000F0AEFCEEF7ACFF88F8014024
:1051E00098F8013013B1204600F0A4FC28460BF0DB
:1051F00029FC0028B4D1BDE8F883002FF0D1F7F7DF
:105200007FFCEFF70BF8EBE754580020AB7200205F
:1052100044580020AA720020AC72002010B58469A6
:10522000FFF79AFFD4E90A23C4E904230A4A226259
:1052300094F83020A4610123237742B184F84930E7
:105240002046FFF761FF10B9042384F84930204657
:10525000BDE8104000F02CBAC1070200F8B5EEF727
:1052600033FF2348234D244E0BF0DAFB23480BF089
:10527000D7FB234B2348306000241C70224B80F85E
:1052800038401C70214B80F848401C70204B022293
:105290004FF0FF371C7007645C709A700BF026FBB0
:1052A000284685F838402F6485F8484075600BF033
:1052B0001DFB05F15000B06085F88840C5F890707E
:1052C00085F898400BF012FB1248F06080F83840E7
:1052D000076480F848400BF009FB0F480BF006FB11
:1052E0002046FFF701FFBDE8F84000F017BC00BF03
:1052F00058580020E0320020445800205458002024
:10530000AF72002080330020AA720020AB72002010
:10531000AC7200209032002068320020074B10B59C
:1053200000241C700BF003FB054B1A7822B11C7093
:10533000BDE81040EEF722BF10BD00BFA8720020EC
:10534000A972002038B51C4D1C4C28460BF06BFB95
:1053500018B32378032B98BF207863788CBF042080
:10536000C0B2984288BF6078A37888BFC0B2834239
:10537000134B38BFA0781A7838BFC0B282420DD024
:105380001870104AB0FA80F35B09137000F024F92A
:1053900028460BF057FB0028D7D138BD1B78002BCF
:1053A000F6D1084B1B78002BF2D1074B1B78002B52
:1053B000EED0FFF7B3FFEBE758580020AC720020A7
:1053C000AF720020A8720020A972002008B5054B1A
:1053D0001870BFF35F8FFFF7BFFEBDE80840FFF70F
:1053E000B1BF00BFAA7200202DE9F041437C012B20
:1053F000074638D0022B39D0002B63D13D4801211C
:105400000BF0A0F9044600285CD0002380F8493056
:1054100097F81280B8F1000F56D0B8F1010F4DD1B6
:105420000BF05DFAD7E90032B3F5F07E42F1FF3CB4
:10543000704571EB0C051CD23E460FCE04F12805D9
:105440000FC596E80F0085E80F00C4E904EC2A4B6D
:10545000A46184F81C802362204600F029F968BB0F
:105460000120BDE8F08125480221C9E72448012137
:10547000C6E7244D2D780DB3984291411ED23E4689
:105480000FCE04F128050FC596E80F0085E80F0040
:10549000D7E90023C4E904231B4B2362A46184F8E9
:1054A0001C80FFF759FE94F83030002BD4D084F8DC
:1054B00049802046FFF728FE0028CDD10121204653
:1054C0000BF05BF90020CCE73E4600F128050FCE3B
:1054D0000FC596E80F0085E80F00D7E90023C4E95F
:1054E000042301232377084BA4612362FFF734FED2
:1054F000B2E700BF803300201D520100E0320020DF
:1055000090320020AB720020C1070200014609481A
:1055100010B584694CB194F84930022B05D10BF0D9
:10552000ECF920B1052384F84930002010BD01209A
:10553000FCE700BF68320020034B185C884234BF90
:1055400000200120704700BFAC72002008B500F0B9
:1055500019FB054B04225A70FFF7FEFDFFF7F2FE20
:10556000BDE80840FFF7F8BDAC720020034B0122F4
:105570001A70034B00225A70FFF7E4BEA972002094
:10558000AC72002008B5044B04221A70FFF7E4FD4A
:10559000BDE80840FFF7D6BEAC72002008B5044B4A
:1055A00004229A70FFF7D8FDBDE80840FFF7CABE95
:1055B000AC72002008B5044B02229A70FFF7CCFDB4
:1055C000BDE80840FFF7BEBEAC720020014BFF22D1
:1055D0001A707047B072002037B5114D2B681B68E8
:1055E000044698470F4B58B11A78FF2A08D1204635
:1055F000F8F718FB2B685B6803B0BDE8304018472C
:10560000D3E84F2FD2B28DF807209DF80720C3E8CA
:10561000424F002AF4D10028ECD103B030BD00BFC6
:1056200040580020B0720020064AFF23D2E84F0FF6
:10563000C2E8413F0029F9D1C0B2FF2801D0F8F7F4
:10564000F1BA7047B0720020024B1878FF3818BFCB
:1056500001207047B072002038B50C4CA4F1080549
:1056600020460BF0E0F960B128460BF0D7F948B1BD
:10567000D0E90001F7F7B0FB20460BF0E3F9002872
:10568000EED138BDF7F7B0FBF6E700BF6458002055
:1056900010B5064C20460BF052F904F108000BF04F
:1056A000BFF9BDE81040F7F755BB00BF5C580020BC
:1056B00010B5044640B3037FDA0701D5036A1BB374
:1056C000BFF35F8F00232372BFF35F8F0122D4E902
:1056D000040109F08FFB0B460246C4E90023237F37
:1056E0009B0707D5626AF7F7E9FB01280ED002286D
:1056F0000ED078B90848094B0C2221460BF023F94B
:10570000FFF7AAFF002010BD0120FCE70220FAE706
:105710000320F8E70420F6E75C580020A508020003
:1057200010B5044670B101460C2208480BF033F95D
:1057300050B1237F9B0701D5F7F754FCFFF78CFF8F
:10574000002010BD0120FCE70520FAE75C5800208E
:1057500037B50F4ACDE900016B460E480C210BF01E
:105760003AF90446FFF778FF7CB1257FAA0707D5F1
:10577000BFF35F8F01232372BFF35F8FF7F732FC14
:10578000EB0702D5236A2046984703B030BD00BF1F
:10579000C90802005C580020F0B5430B164D43EADF
:1057A000C1434E0BA3FB053405FB06441B0F43EA24
:1057B0000413240F650243F6095C45EAD3555E02E3
:1057C000A3FB0C37C01A0CFB04740C4B61EB0404F4
:1057D00040F23141414303FB0411A0FB03030B449E
:1057E00022B1013847F6FF7243EB0203DB0B981935
:1057F00045F10001F0BD00BFD07B63087B2DE8BD03
:10580000084A08B500231370074A1360074A13704B
:10581000F7F710FA064AD2F8083843F48043C2F882
:10582000083808BDB372002068580020B17200200B
:1058300000F0014010B5F7F735FB0446F7F71AFA08
:105840000A4B4FF40052C3F87845C3F87C05C3F8FF
:105850000425074B00221A70F7F700FAF7F70EFA43
:10586000F7F704FB034B01221A7010BD00F0014052
:10587000B2720020B372002010B50B4B00241C70D4
:10588000F7F7F2F9F7F708FB084B4FF40052C3F8AB
:105890008045C3F88445C3F84849C3F80825C3F8D0
:1058A0007845C3F87C4510BDB372002000F001407C
:1058B00038B50A4C0023C4F88035C4F88435C4F8E0
:1058C00048390568F7F708FA054BC4F88055C4F85D
:1058D0008405C4F848390123236138BD00F0014034
:1058E00014F00140274B1B782DE9F041064603F0E8
:1058F000FF08002B37D0244FF7F7F2F9BB68C51A21
:10590000224B187828B3224B1968CB1711F5800267
:10591000A5FB01EC05FB03CC43F1000311F5800F5F
:10592000ACBF00210121B1EBDC7F4FEAD3741DD065
:10593000A41843F10001640844EAC17464424FEAC8
:10594000610161EB410114EB0E004CEB0101EAF740
:1059500027FCD7E90023AD1843F100032D1A63EBB0
:10596000E073C6E900534046BDE8F081A41843F156
:105970000001640844EAC17414EB0E004CEB6101B1
:10598000E5E700BFB2720020D0330020B1720020E2
:10599000685800202DE9FF476D4610220021284657
:1059A0000BF0A1F8404B1B78002B77D002A8F7F73B
:1059B00075F9002875D03D4E3D4C3378002B0CBF57
:1059C0004FF480074FF08077F7F772FA09F014FA76
:1059D000DFF8E0C09CF80030CDE900012BB322686D
:1059E000A168C2F5001E521A02990A448644101A90
:1059F00090EA9E524FEA9E534FEADE5E4BBFA0EB09
:105A00000E00864490FBF3F09EFBF3F033782A4AB5
:105A100043B11368C3EBC30318182BD5031F48BF4A
:105A2000C31CD8100123106033704FF000088CF8AD
:105A30000080BFF35F8F95E80F0084E80F00BFF38D
:105A40005F8F4FF001098CF80090F7F717F90AF013
:105A500046FFD4E90032B0EB030A61EB020509F01E
:105A6000DBF9A7EB4007574578EB050505D2F7F7BB
:105A7000FDF913E00430C010D4E73378D4E9000115
:105A8000002B0CBF4FF480034FF08073C0184A46C0
:105A900041F1000109F0AEF9F7F7F6F904B0BDE8FD
:105AA000F087F7F7EBF8E2E7B3720020B17200205D
:105AB000D0330020B27200206858002073B5002354
:105AC000134D144C144E8DF8073028460AF0ABFFE6
:105AD000A0B10DF10700EEF715FA9DF8073013F0AD
:105AE00004030DD0237823B9012330782370FFF706
:105AF00055FD28460AF0A6FF0028E6D102B070BD89
:105B00002278002AF5D030782370FFF753FDF0E7B4
:105B10006C580020B4720020B572002008B503480C
:105B20000AF07EFF024B00221A7008BD6C5800205C
:105B3000B4720020032807B5114A09D801280BD8F0
:105B40001BD00023137003B05DF804EBEEF7D4B95B
:105B50000428F6D1022301E001230220137001235F
:105B60008DF804008DF8053001A800238DF806306B
:105B7000EEF7BCF903B05DF804FB0346EEE700BFA7
:105B8000B572002008B50448EEF7C2F9BDE8084038
:105B90000020FFF793BF00BFBD5A01001FB5144698
:105BA0001A46094B1B680546D86854B9074B1C4672
:105BB000CDE9013400912B46054900F00DF8F2F7CC
:105BC0009BF9044BF4E700BF080200203D6302008C
:105BD0000B600200FE5F02000EB403B5014603AB8A
:105BE000054853F8042B0068019300F0B3F802B0A5
:105BF0005DF804EB03B0704708020020024B014639
:105C0000186800F04DB800BF0802002038B50546FE
:105C1000002941D051F8043C0C1F002BB8BFE418F8
:105C200000F084FD1D4A136833B963601460284690
:105C3000BDE8384000F080BDA34208D92068211893
:105C40008B4201BF19685B6809182160EDE71A46AD
:105C50005B680BB1A342FAD911685018A0420BD16E
:105C600020680144501883421160E0D118685B68D5
:105C7000536008441060DAE702D90C232B60D6E7A2
:105C8000206821188B4204BF19685B68636004BFF9
:105C9000091821605460CAE738BD00BF745800205D
:105CA000F8B5CD1C25F0030508350C2D38BF0C25A3
:105CB000002D064601DBA94203D90C2333600020E6
:105CC000F8BD00F033FD21490A6814469CB9204F05
:105CD0003B6823B92146304600F096FA38602946E1
:105CE000304600F091FA431C23D10C233360304638
:105CF00000F022FDE3E723685B1B17D40B2B03D9CD
:105D000023601C44256004E06368A2420CBF0B6062
:105D10005360304600F010FD04F10B00231D20F00D
:105D20000700C21A1CBF1B1AA350C9E722466468A9
:105D3000CCE7C41C24F00304A042E3D0211A30466F
:105D400000F062FA0130DDD1CFE700BF74580020C7
:105D5000705800202DE9F04F0D469DB0144698462E
:105D6000064618B183690BB900F022FC874B9D42AF
:105D70001BD175686B6ED90705D4AB899A0502D41F
:105D8000A86D06F0E8FCAB891B0701D52B69EBB9C0
:105D90002946304600F022FBC0B16B6EDC070ED501
:105DA0004FF0FF301DB0BDE8F08F794B9D4201D11F
:105DB000B568DFE7774B9D4208BFF568DAE7AB8946
:105DC0009805EDD4A86D06F0CCFCE9E70023099313
:105DD00020238DF82930CDF80C803023DFF8B881EE
:105DE0008DF82A304FF0010923469A4613F8012B0B
:105DF0000AB1252AF9D1BAEB040B0BD05B46224637
:105E0000294630460AF08CFE013000F0A680099A3F
:105E10005A4409929AF80030002B00F09E8000232B
:105E20004FF0FF32CDE905230AF1010A04930793ED
:105E30008DF853301A935446574814F8011B052225
:105E4000EAF75EF9049BD0B9D90644BF20228DF849
:105E500053201A0744BF2B228DF853209AF80020B4
:105E60002A2A14D0079A544600204FF00A0C2146E3
:105E700011F8013B303B092B4AD970B914E0A0EB73
:105E8000080009FA00F018430490A246D3E7039AE9
:105E9000111D12680391002A01DB079204E05242AF
:105EA00043F002030792049323782E2B0AD16378E0
:105EB0002A2B32D1039B1A1D1B68039243EAE3731A
:105EC00002340593DFF8D4A0217803225046EAF784
:105ED00017F938B1049BA0EB0A004022824013431B
:105EE0000134049314F8011B2D488DF82810062264
:105EF000EAF706F900283FD02A4B1BBB039B073368
:105F000023F0070308330393099B3B4409936BE792
:105F10000CFB02320C460120A9E700230134059353
:105F200019464FF00A0C204610F8012B303A092A86
:105F300003D9002BC6D00591C4E70CFB0121044610
:105F40000123F0E703AB00932A46174B04A9304620
:105F5000AFF300800746781CD6D16B6ED90705D405
:105F6000AB899A0502D4A86D06F0FBFBAB895B06F2
:105F70003FF516AF099815E703AB00932A460A4B85
:105F800004A9304600F012F8E4E700BF9849020087
:105F900078490200584902003B6102004161020059
:105FA0004561020000000000210B02002DE9FF47BF
:105FB0000F7E0C9D782F914680460C469A4601F143
:105FC000430207D8622F0AD8002F00F0E080582F34
:105FD00000F0BB8004F1420684F842703AE0A7F179
:105FE0006303152BF6D801A151F823F04560010099
:105FF00059600100D55F0100D55F0100D55F010048
:10600000D55F010059600100D55F0100D55F010037
:10601000D55F0100D55F010075610100E9600100F5
:106020002B610100D55F0100D55F01009761010080
:10603000D55F0100E9600100D55F0100D55F010077
:10604000336101002B681A1D1B682A6004F14206A7
:1060500084F842300123ABE0236829681F0601F170
:106060000400286001D50D6803E05E06FBD5B1F998
:1060700000506168002D7ADA2D20002984F8430051
:10608000A1602DDA5E486D420A231646B5FBF3F196
:1060900003FB1157C75D06F8017D2F46BB420D4635
:1060A000F4D9082B0BD12368DF0708D52369616871
:1060B0009942DEBF302306F8013C06F1FF36921B01
:1060C0002261CDF800A04B4603AA214640460AF0C3
:1060D00039FD013071D14FF0FF3004B0BDE8F087D9
:1060E00023F004032360CDE72B682068191D296085
:1060F000050601D51D6802E04106FBD51D88404814
:106100006F2F14BF0A230823002184F84310666808
:10611000A660002EB9DB216821F004012160002D6A
:10612000B3D1002EB1D11646BBE7236843F020035C
:1061300023603448782784F84570296823680E1D49
:106140002E601E0603D50D6804E02D48F3E75D06BA
:10615000F9D50D88D90744BF43F0200323600DB162
:106160001023D1E7236823F020032360F8E72448B5
:106170000A23CCE72B6826686169181D286035065C
:106180001B6801D5196002E07006FBD51980002359
:106190002361164695E72B681A1D2A601E686268FF
:1061A00000213046E9F7ACFF08B1801B60606368EE
:1061B0002361002384F8433083E72369324649464C
:1061C0004046D047013086D023689B0714D4E0684E
:1061D000039B9842B8BF18467FE7012332464946E1
:1061E0004046D04701303FF476AF0135E36803996C
:1061F0005B1AAB42F1DCEAE7002504F11906F5E78A
:106200004C6102005D61020038B5064D0023044672
:1062100008462B60F1F75CFE431C02D12B6803B1EA
:10622000236038BD78580020242B2DE9F04786469E
:10623000904601D8012B06D106F095FA162303608B
:106240000020BDE8F08736480D462A4615F8014B78
:10625000065D16F00806F8D12D2C24D12C780126E5
:10626000951C2BBB302C30D00A2306F1004C0CF1CE
:10627000FF3C0022BCFBF3F9104603FB19CAA4F152
:106280003007092F28D83C46A34234DD571C07D0DD
:1062900081452DD301D1A2452ADB00FB0340012219
:1062A00015F8014BEBE72B2C04BF2C78951CD8E795
:1062B000102BDAD1302CD8D12A7802F0DF02582AFC
:1062C000D3D16C7810230235CFE72B7803F0DF03AE
:1062D000582BF6D00823C8E7A4F14107192F01D89D
:1062E000373CD1E7A4F16107192F04D8573CCBE71D
:1062F0004FF0FF32D4E7531C08D12223CEF80030F0
:106300006046B8F1000F9CD0691E06E006B140421D
:10631000B8F1000F95D0002AF6D1C8F8001090E728
:106320003B60020013460A46014602480068FFF738
:106330007BBF00BF08020020F8B50E461446054694
:1063400018B183690BB900F033F9214B9C4210D18D
:106350006C68A369A360A3891A0701D5236993B95F
:106360002146284600F03AF868B14FF0FF3738462A
:10637000F8BD184B9C4201D1AC68EAE7164B9C4231
:1063800008BFEC68E5E723692068C01A6369F6B2C4
:106390008342374605DC2146284600F08BF800286A
:1063A000E3D1A368013BA36023685A1C22601E70DE
:1063B00063690130834204D0A389DB07D7D50A2E55
:1063C000D5D12146284600F075F80028CFD0CCE77B
:1063D000984902007849020058490200314B70B5D3
:1063E0001D6806460C4625B1AB6913B9284600F076
:1063F000DFF82D4B9C420ED16C68B4F90C301A07B3
:106400002CD4DD0611D40922326043F04003A3816D
:106410004FF0FF303DE0254B9C4201D1AC68ECE7EA
:10642000234B9C4208BFEC68E7E7580712D5616B25
:1064300041B104F14403994202D03046FFF7E6FB34
:1064400000236363A38923F02403A38100236360F3
:1064500023692360A38943F00803A38123694BB90F
:10646000A38903F42073B3F5007F03D0214630469F
:1064700000F01CF9B4F90C3013F001020AD000222C
:10648000A26062695242A261226942B913F080009F
:10649000BBD170BD990758BF6269A260F4E70020C4
:1064A000F7E700BF0802002098490200784902007F
:1064B0005849020038B50B6905460C4613B900254A
:1064C000284638BD18B183690BB900F071F8144B38
:1064D0009C421BD16C68B4F90C30002BEFD0626E7B
:1064E000D00704D4990502D4A06D06F034F92846EB
:1064F00021460AF0A0FB636EDA070546E0D4A389C3
:106500009B05DDD4A06D06F02CF9D9E7054B9C4224
:1065100001D1AC68DFE7044B9C4208BFEC68DAE7C6
:10652000984902007849020058490200002310B53A
:106530000446C0E90033C0E90433836081814366C7
:10654000C2818361194608225C300AF0CCFA054BFF
:106550006362054BA362054BE362054B2462236330
:1065600010BD00BF370E0200590E0200910E02004E
:10657000B50E020001490AF0F4BB00BFB56401008A
:10658000014806F0E8B800BF4C050020014806F0BD
:10659000E8B800BF4C050020014806F0DCB800BF99
:1065A00060050020014806F0DCB800BF600500204F
:1065B00010B50446FFF7F0FFA3691BB1BDE810401A
:1065C000FFF7F0BFC4E912332365134B134A1B686E
:1065D000A262A34204BF0123A361204600F020F879
:1065E0006060204600F01CF8A060204600F018F81B
:1065F0000022E06004216068FFF798FFA068012294
:106600000921FFF793FFE06802221221FFF78EFFB6
:106610000123A361D2E700BF544902007565010060
:10662000F8B50746FFF7ACFF1E4B1E68B36913B9F8
:106630003046FFF7BDFF4836D6E90134013B03D5AC
:1066400033680BB33668F7E7B4F90C50D5B9164B7D
:10665000E36004F15800656606F073F8FFF796FFF3
:10666000C4E90155C4E904552560A56108222946FD
:1066700004F15C000AF037FAC4E90D55C4E912557B
:106680002046F8BD6834D9E7042138460AF053FBA8
:10669000044630600028D5D1FFF778FF0C233B601B
:1066A000EEE700BF544902000100FFFF8B89F7B5F8
:1066B0009D0706460C4607D504F147032360236176
:1066C0000123636103B0F0BD01AB6A460AF068FBC9
:1066D000009F054639463046FFF7E2FA48B9B4F95B
:1066E0000C309A05EED423F0030343F00203A38198
:1066F000E2E70D4BB362A389206043F08003A381DE
:10670000019BC4E904075BB1B4F90E10304600F0F8
:106710004DF828B1A38923F0030343F00103A381BB
:10672000A3891D43A581CDE775650100014806F0E9
:1067300012B800BF38050020014806F012B800BFAB
:106740003805002038B5074D04460846114600229A
:106750002A601A4605F0E2FF431C02D12B6803B100
:10676000236038BD7858002038B5064D0023044614
:1067700008462B6005F0D6FF431C02D12B6803B1FD
:10678000236038BD7858002038B5074D00230446F3
:10679000084611462B6005F0CFFF431C02D12B6841
:1067A00003B1236038BD00BF7858002038B5064DCE
:1067B0000023044608462B6005F0B9FF431C02D1B4
:1067C0002B6803B1236038BD7858002038B5074DD9
:1067D00004460846114600222A601A4605F0A5FF25
:1067E000431C02D12B6803B1236038BD78580020C8
:1067F00038B5074D04460846114600222A601A465D
:1068000005F088FF431C02D12B6803B1236038BD1B
:106810007858002070B50646044646F8041B4FF42D
:10682000006200F1D10130460CF027FF00252665FB
:1068300004F1540304F17402C3E900550833934290
:10684000FAD1C4E91E55A4F8745004F180000DF08B
:1068500019F9374A84F89850C8230421C4E9282339
:1068600084F8C8104FF6FF733249A4F8A830324BB1
:106870000968C4F8CC10C4E92B350022002304F5C4
:106880001761C4E92E23C4E93023C4F89C50C4F82E
:10689000B45084F8D050A4F8D258A4F84C5984F8D5
:1068A0004F59C4F85059C4F85859C4F85C59C4F841
:1068B0006059C4F8645984F86859C1E900231F4B32
:1068C0001F491C60224630460CF0E7FE782200216A
:1068D00004F6D4000AF007F90122002104F654104E
:1068E0000AF001F90122002104F656100AF0FBF823
:1068F00001224FF0FF3104F655100AF0F4F801229E
:10690000002104F64E100AF0EEF80122002104F6F0
:10691000D1000AF0E8F87722002104F1B80000F075
:10692000EFFA04F1AC0000F025FC204670BD00BF7A
:1069300000F8FF075C500200296A01007C58002023
:1069400019130200014B1868704700BF7C580020E3
:10695000013804289ABF024B185C0020704700BF22
:106960006E6102002DE9F84FD0E92E321343044640
:1069700004D1012384F86839BDE8F88FB8300BF0F2
:1069800089FD284F804600254FF00109EBB24345B1
:10699000EFD2D4E92E30C5F12001A5F12002EB4061
:1069A00000FA01F10B4320FA02F2134313F0010F36
:1069B000C5F1200AA5F1200602D10C370135E5E723
:1069C0003A682ABBD7F804B0BBF1770F06D120682C
:1069D00008F076F9082898BF00F1700B5A4680211C
:1069E00020460AF0CFFB0028C3D1D4E92E3209FAA1
:1069F00006F629FA0AFA46EA0A0609FA05F123EA2E
:106A0000010322EA0602C4E92E321343D5D1B0E7CE
:106A100094F86839002BE8D00123802120460AF041
:106A2000CBFBE0E70C4D0200014B1868FFF79ABF63
:106A30007C58002037B50223B0F888208DF8073045
:106A4000B0F886309A42044624D120680BF02DFD20
:106A500094F8532922440023FF2182F84E3982F80A
:106A6000543982F8551982F8563904F15000C4F8A7
:106A70005839C4F85C39C4F86039C4F864390DF089
:106A800054FA7022802120460AF07CFB05462846F5
:106A900003B030BD0DF1070180300DF00BF89DF80B
:106AA0000730022B0546D0D020680BF0FCFC024BCF
:106AB00000221A60EBE700BF7C58002037B50023A6
:106AC00005460DF1070180308DF807300CF0F2FF1C
:106AD000044620BB9DF807300BB3022B22D1286857
:106AE0000BF0E8FCD8B195F85309284490F95539D2
:106AF000013319D1D5F8A030C3B15A1E1A4015D1AF
:106B00005B08114602F10102FAD180F85519084BD1
:106B1000B5F8A4202868C9B20BF0DFFC0446204673
:106B200003B030BD0C24FAE70D24F8E70724F6E79C
:106B3000256D010073B504460E4680300DF1070146
:106B40000CF0B8FF054690BB9DF80730022B1FD014
:106B500003D9DA1E012A88BF032384F8C830002332
:106B600084F8D0300C220123314620460AF024FB61
:106B700094F8C830042B17D060B9201D0CF065FEC6
:106B80000123C4F8CC0084F89830284602B070BDC8
:106B90000123E2E70A4B1B68C4F8CC30012384F8D8
:106BA000983084F8D060F0E70028EED0F9E70AF0DA
:106BB00093F93146024620460AF0E4FA0546E4E736
:106BC0005C50020010B5044600680BF096FCB8B1AA
:106BD0000A280DD84FF4FA6303FB00F101F55C219C
:106BE00001F5346104F15000BDE810400DF06CB8BF
:106BF000192807D8044941F2883303FB0011F1E753
:106C00000249EFE70021EDE7B0DB2300CC3F0D00A8
:106C100010B41346054A0446106820B10A462146BE
:106C200010BC0AF0A9B90D2010BC70477C58002098
:106C30000CB470B5A8B02CAB0D460C4953F8042B1E
:106C40000E6801930446962102A804F049FC00282E
:106C500006DD2EB102AB2A46214630460AF0CBF9BA
:106C600028B0BDE8704002B0704700BF7C580020DB
:106C700010B50B46044603492A220BF019F82046AA
:106C800010BD00BF144B020010B50B46044603496B
:106C900017220BF00DF8204610BD00BF004A02007D
:106CA00010B50B460446034903220BF001F82046B9
:106CB00010BD00BFDC49020010B50B460446034975
:106CC00003220AF0F5FF204610BD00BFB8490200BC
:106CD00070B5084B1E680C460146304615460AF052
:106CE000F7F82B46014622463046BDE870400BF0CF
:106CF00091B800BF7C580020F7B51E46084B1F68AE
:106D00000C460146384615460AF0E2F80096014660
:106D10002B46224638460BF09AF803B0F0BD00BF70
:106D20007C58002038B5074B1D680C4601462846A4
:106D30000AF0CEF8224601462846BDE838400BF05E
:106D4000F4B800BF7C58002013B500230DF10701F3
:106D5000044680308DF807300CF0BCFE014630B997
:106D60009DF8073020682BB90BF0A1FB01460846BF
:106D700002B010BD0049F7E7D16C010038B50446F8
:106D800000680D460BF096FBB8B120680BF09DFB38
:106D90000146E8B120460BF0CBF9034670B90D4926
:106DA00020680BF094FB034640B9C5F3011323445C
:106DB00005F00F0583F8545938BD0D2318460AF025
:106DC0008BF8294602462046BDE838400AF0DAB979
:106DD0000323F3E7F96C010038B504461546FFF7C5
:106DE00019FD04F68213C4F87859C4F87C3904F507
:106DF0008C504FF4006304F58C55A4F8803904F6E8
:106E00007C110C3504300DF0E3F828460DF013F931
:106E100004F58D5104F580530431881DC3F8A40195
:106E20004FF40070A3F8A80109480022C3E9EC025E
:106E3000A3F8A02183F8AC2328462346054A0DF089
:106E400001F9201D044922460CF024FC204638BDDF
:106E500003240200912402002523020008B50A46FB
:106E600001460348FFF7B8FFBDE80840FFF76ABDD9
:106E7000E03300202DE9F0410C46A0B016461F4635
:106E80000AF074F823461B4ADFF86C8080216846BC
:106E900004F0F2FA6846EDF7DFFB6946024600208F
:106EA000FFF7B6FE6D460024BC4215D1A4B204EB38
:106EB0004404C4F18001114A0DEB040004F0DCFA33
:106EC0006846EDF7C9FB0DF10101421E0020FFF7F6
:106ED0009FFE20B0BDE8F081292CE8D0A4EB84010E
:106EE000335D28464246803104F0C6FA013403354A
:106EF000DAE700BF73610200876102008D61020062
:106F000030B5184C002325688D4224D16568954220
:106F100021D1D0E90225C3F1200405FA04F4A3F13C
:106F20002001DA40224325FA01F10A4312F0010F51
:106F3000C3F12004A3F120020CD1012121FA04F4B1
:106F400001FA02F222439940D0E900430C43134373
:106F5000C0E9004330BD0133DBB21B2B04F10C044C
:106F6000D1D1F7E70C4D02002DE9F04700241F4D69
:106F700026464FF0010C95F808E0BEF1000F22D034
:106F80002B688B421FD1A4F12003C4F120062CFAF8
:106F900006F60CFA03F333430CFA04F7D0E902A91E
:106FA0006FEA0708DE43BAB14AEA070749EA030372
:106FB000C0E90273D0E9007307EA08073340C0E96B
:106FC000007331B9764601341B2C05F10C05D2D182
:106FD0004EB10020BDE8F08708EA0A0306EA090678
:106FE000C0E90236EDE70720F4E700BF0C4D0200D0
:106FF00030B5104B00221C7A9CB11C688C4210D119
:10700000D0E90235C2F12004A2F1200123FA02F0F6
:1070100005FA04F4204325FA01F1084300F00100C9
:1070200030BD0132D2B21B2A03F10C03E3D10020A0
:10703000F6E700BF0C4D0200004870479061020067
:107040000148F5F7D7B900BF9847002008B5836A13
:1070500023B10348F5F7D4F9002008BD0D20FCE763
:1070600098470020836A13B10248F4F75FBF0D20F0
:10707000704700BF9847002008B5836A23B10348D2
:10708000F5F708FA002008BD0D20FCE7984700201E
:10709000836A13B10248F5F715BA0D20704700BF97
:1070A0009847002007B5836A53B1684601220BF068
:1070B000DAFE04486946F5F725FA03B05DF804FBEB
:1070C0000D20FAE798470020836A13B10248F5F7CC
:1070D00039BA0D20704700BF9847002007B5836A72
:1070E00053B1684601220BF0BEFE04486946F5F72D
:1070F00047FA03B05DF804FB0D20FAE7984700203B
:1071000008B5836A23B10348F5F758FA002008BD93
:107110000D20FCE79847002008B5836A23B1034897
:10712000F5F760FA002008BD0D20FCE79847002025
:10713000F8B5074F05460C468E18B44201D12846D3
:10714000F8BD14F8012B394628460BF04FFAF4E746
:10715000C1610200036823B901600548496005F078
:1071600079BB5B684B60036859600160704700BF82
:10717000984700204368014613B90248FFF7EABF69
:10718000704700BF9C47002070B505680C4625B9C4
:10719000BDE870404B68084818478B6898476A6894
:1071A000831A002B01462368B8BF121ABDE870404D
:1071B0000148A8BF00221847984700200146024A0C
:1071C00002480BF041BA00BF504E0200A047002019
:1071D0004160024A014602480BF05CBA504E020080
:1071E000A047002010B504460BF05BF930B104F164
:1071F00008000349BDE810400BF08ABA10BD00BF7B
:10720000504E020010B50446F4F77AFC00232060CB
:1072100063600146054BA36004F10800206101F1A1
:107220008041FFF7D5FF204610BD00BF317201003D
:1072300001480BF088BA00BFA84700200346084663
:10724000114613B1014A04F017B97047C661020034
:1072500073B50129069E14461D4607D113681A4AC4
:107260003146284604F008F9002402E0022908D03B
:107270000724204632462946FFF7E0FF204602B0A9
:1072800070BD12491068EDF7DDF90028F0D1606893
:1072900001A90BF073FA04460028EAD1019BF21E03
:1072A0009A4228BF1A460A21944205D1084A311B46
:1072B000281904F0E1F8D7E7B4FBF1F301FB13431D
:1072C00030332B550134EFE7A8630200DB61020085
:1072D0003B6302002DE9F347DDF82880814615461F
:1072E0001F460C4681B9F5F76FFA2A4A2A4B4146E8
:1072F000002818BF1346294A384604F0BDF8002676
:10730000304602B0BDE8F08725491068EDF79AF9DC
:1073100028B9013C14F0FF0405F10405E3D0002373
:10732000204E3B704FF00B0ABAF1010A08D1CDF89C
:1073300000803B462A4621461B48F5F731FA1AE001
:1073400031682868EDF77EF908BBB36876685A1093
:1073500009EB6300DB0748BF59F8023004F1FF3145
:1073600048BF9E59CDF80080012CC9B214BF2A1D18
:1073700000223B46B04723280646C1D1012CBFD08E
:107380002B680A4A4146384604F076F8B8E70C36CE
:10739000CAE700BFDE610200E6610200F36102009D
:1073A000EF6102005C4E020098470020305D020051
:1073B000F0B50C46E5B007461E464FF48071002339
:1073C000204615468DF80F300BF0C2F8FF281DD867
:1073D000214624A80CF03AFE04AB0DF10F0224A9BB
:1073E00038460BF01DFA032804460FD0072814D0A6
:1073F000C8B928709DF80F1000962B4604AA38468D
:10740000FFF768FF0446204665B0F0BD074A3146E5
:10741000284604F031F80324F5E7054A31462846AA
:1074200004F02AF8EFE7034AF8E700BF0C62020015
:107430002E620200636202002DE9F74302290A9ED0
:10744000884617461D461BD140491068EDF7FAF8EB
:1074500000283ED1786801A90BF090F9044678BB6A
:1074600001980DF102010BF0F3F9044640BB9DF8C1
:107470000230374A3146284603F0FEFF00241FE061
:1074800003291AD133491068EDF7DCF808BB786896
:1074900001A90BF073F9044690B9B868DDF80480CF
:1074A0000DF102010BF0ADF9044648B99DF8021048
:1074B00040460BF0CBF9044602E0012909D8072425
:1074C000204632462946FFF7B9FE204603B0BDE804
:1074D000F08321493868EDF7B5F80028EFD17868D6
:1074E00001A90BF04BF904460028E9D1B8F1020FCD
:1074F000DDF8049014D10DF1030148460BF0ACF90E
:1075000004460028DCD19DF803302BB9134A3146DC
:10751000284603F0B1FFB1E7012BAFD1104AF6E7DF
:10752000B8F1030FAAD10F49B868EDF78BF838B15D
:107530000D49B868EDF786F800289FD1012100E0D9
:10754000214648460BF086F9B5E700BF8462020089
:10755000886202001C5902008D62020092620200E1
:1075600097620200EF5F0200F05C020008B50A4675
:10757000102322F8103F02480BF072F908BD00BF3B
:10758000984700202DE9F04190B00746169E8846A6
:1075900014461D46F5F718F9002847D0B8F1000F3A
:1075A0001FD169463846FFF7E1FF044680B9212222
:1075B00007A905A80AF0F5FFBDF81020694605A83F
:1075C000FFF7B6FD1A4A07AB3146284603F054FFD1
:1075D000204632462946FFF731FE204610B0BDE86E
:1075E000F08114492068EDF72DF828B901211248DF
:1075F0000BF038F90446EBE710492068EDF722F864
:1076000001460028F3D010232068ADF810306A46F8
:107610000DEB03010BF004FE04460028D8D1BDF8A1
:107620001020054869460BF019F9E3E70D24CFE770
:10763000A86302009D62020098470020A462020035
:1076400070B50E4614461D46F5F7BEF8D8B13EB9E2
:1076500007242046049A2946FFF7F0FD204670BD16
:107660000A492068ECF7EEFF28B901210848F5F730
:10767000B1F80446EDE707492068ECF7E3FF01465F
:107680000028E5D1F2E70D24E3E700BFAC62020079
:1076900098470020B262020070B50E4614461D469F
:1076A000F5F792F8D8B13EB907242046049A294646
:1076B000FFF7C4FD204670BD0A492068ECF7C2FF01
:1076C00028B9012108480BF0CFF80446EDE7074937
:1076D0002068ECF7B7FF01460028E5D1F2E70D245A
:1076E000E3E700BFAC62020098470020B2620200EC
:1076F00007B51020908202F1140013460190101D6E
:107700000090023302480BF0B1F803B05DF804FBBF
:10771000984700202DE9F04F9FB08346289D0E46E4
:1077200090461C46F5F750F80746002800F0C68042
:10773000002E40F08E80624A2946204603F09CFECF
:10774000002847DD854245DD04442D1A0B21B14652
:107750001B298DF81B1009D9002630462A462146E0
:10776000FFF76CFD30461FB0BDE8F08F34D1B9F1A2
:10777000000F3AD04FF01708BDF91C10BDF93420A6
:10778000BDF93630914233D0BDF9343004930DF158
:10779000540ABDF9363005932122514613A89DF8AD
:1077A0001B900AF0FEFEBDF848200EA913A8FFF7B3
:1077B000BFFC059B0293049B424ACDF80CA009F143
:1077C000FF39CDE9009329463346204603F054FEA5
:1077D000002826DC0326C0E707AA5846FFF788FFE3
:1077E0008046B9F1000FC7D110B34FF0000913E084
:1077F000BDF91E209A42C7D1BDF83030BDF84820EF
:107800009A42C1D10EA908A809F035F90028BBD1C8
:10781000B8F1000FB8D1B9469DF81B100131C9B2BB
:1078200096E78542D6DD04442D1AB8F1000FDCD16D
:107830000DF11C0EBEE80F000DF1340CACE80F008A
:107840009EE803004CF8040B9DF81B60ACF8001098
:10785000E1E7012E01D007267FE7D8F800000DF1FF
:107860001B010BF0CCFC064600287FF476AF9DF898
:107870001B10A1F10B030F2BEDD807AA5846FFF7F9
:1078800037FF064600287FF468AF15AFBDF91C80AE
:10789000BDF91E903946212213A80AF082FEBDF8D8
:1078A000302008A913A8FFF743FCCDE90097064A4A
:1078B00043462946204603F0DFFD4EE70D264CE700
:1078C000B76202003E6302006363020010B5064C1B
:1078D00094F8A1302BB920460AF0CAFF012384F89E
:1078E000A130014810BD00BF9847002010B4446883
:1078F00024B11AB92346024810BC184710BC70477F
:107900009847002038B5856804461DB10248A8474D
:107910000023A36038BD00BF9847002010B543681E
:1079200004462BB1C3681BB1024898470023E360AB
:1079300010BD00BF98470020430708D000F018038F
:10794000083BDBB2102B04D8034AD05C7047FF2001
:1079500070470520704700BFED63020070B5174EF9
:10796000044630460D46F4F701FD20803046F4F71A
:10797000D1FC2946A061002504F11C000BF0A7FBF7
:107980002946C4E90855102204F1280009F0ABF893
:107990002946102204F1380009F0A5F829461022E2
:1079A00004F1480009F09FF82346054A43F8602F88
:1079B0002046A3660BF082FA204670BD984700204F
:1079C0002D7E01000148F4F761BA00BF98470020FE
:1079D000C180014800F0B8BAA547002013B500F1F6
:1079E00008030C4608684968012203C3214668461B
:1079F0000BF039FA0248694600F0A0FA02B010BD57
:107A0000A547002010B58378044663B90748F4F70A
:107A100079FA48B90548F4F789FA28B9A378012B0F
:107A20001CBF0123A370002010BD00BF9847002099
:107A300010B504466030FFF7C1FB0648F4F776FA4C
:107A400030B90448F4F768FA10B9A37803B1A0700C
:107A500010BD00BF9847002010B504460448F4F755
:107A6000E1FB20B9A378022B1CBF0223A37010BD39
:107A70009847002038B50123044603FA01F100209D
:107A80000BF004FC4FF4A07303FB00F5237CDB0731
:107A90000ED5A36908489979F4F7C4FB4FF47A71BD
:107AA00004F16000B5FBF1F1BDE838400AF024BEF6
:107AB0000148F4F73BFAF1E79847002010B58378C6
:107AC00003F0FB03032B044625D10388DB0604D413
:107AD000836911489979F4F7A5FBA378042B1CBF9F
:107AE0000423A370236A1BB1626AA069012198472D
:107AF000A1690A4800F02EFA0D280CD1A269536939
:107B00004BB100235361A26904481361A169BDE828
:107B1000104000F01FBA10BD98470020A547002074
:107B200010B58378044683B1033B042B0DD9038839
:107B30009B070CD50748F4F77FFCA378052B01D1F0
:107B4000002010BD0523A370FAE70D20F9E70C20F3
:107B5000F7E700BF9847002010B504461048F4F737
:107B6000DDFB7F2806D094F911307F2B01D08342B2
:107B700000DA6074F3F7C4FF6369C01A002807DAFB
:107B8000616E04F160000122BDE810400AF0B1BD51
:107B900094F911102046BDE810400BF0CCB900BF9D
:107BA0009847002010B58269C178526983780446ED
:107BB000F2B1072B1CBF072383700BF0D7F990B1EC
:107BC000144807F09AF8A369D3E904128B18C3F597
:107BD000A473C34207D504F16000A1F5A471BDE808
:107BE00010400AF086BD2046BDE81040FFF766BF92
:107BF000032B1CBF032383700BF0ABF90028F2D0DA
:107C00000331C9B20529204628BF0521BDE810402F
:107C1000FFF730BF984700202DE9FF470829DDE92D
:107C20000C780546894692461C4612D180F85C20A5
:107C300000F128060FCB86E80F0097E80F0005F14A
:107C4000380686E80F0098E80F0005F1480686E838
:107C50000F0028460BF077F940B9CDE90180009775
:107C60000448234652464946F4F702FD04B0BDE8F5
:107C7000F08700BF984700202DE9F7431E460446D1
:107C800060300D469046FFF799FA0E2E72D006D856
:107C9000002E48D00B2E12D003B0BDE8F0830F2E7B
:107CA000FAD1EB7E590772D4204629460BF0BFF972
:107CB00020460BF04EF9002879D1E07005E0294606
:107CC00020460BF0B4F90023E37020460BF048F98E
:107CD0000246237904F11C007AB36A7E9A422CD9B9
:107CE00001220092294632460BF0F3F92379013341
:107CF0002371EB7E0E2E43F00203EB765DD1A37869
:107D000094F85D10062B1CBF0623A3702046FFF7D6
:107D1000B1FE94F85D300133DBB2052B28BF05239B
:107D200084F85D30B8E7EB7E5A07C3F380072FD4A1
:107D3000294620460BF07BF9E6700023009304F1FE
:107D40001C0723793246294638460BF0C2F9A3783E
:107D5000022B3DD1A97EAB798B4202D01E48F4F7AD
:107D600061FA334642462946384603B0BDE8F0433F
:107D700000F084B8EB7EC3F380095B074F4607D45D
:107D8000294620460BF053F984F803909DE700271D
:107D9000394604F11C00AA790BF09AF929462046CD
:107DA0000BF045F97FB920460BF0D3F858B1E378D2
:107DB0002A7E9A4207D90133E370204603B0BDE81A
:107DC000F043FFF7EFBE0023E370002EB5D07CE751
:107DD0000223A370BEE700BF9847002010B5837848
:107DE000033B0446042B1DD8DFE803F003071814F7
:107DF0000300BDE81040FFF761BE83690A48997926
:107E0000F4F710FAA16920460E23BDE810400022C5
:107E1000FFF732BFBDE81040FFF7C4BEBDE8104019
:107E2000FFF79ABE10BD00BF984700200148FFF73A
:107E3000D5BF00BFCC47002010B504463AB1826DD3
:107E40008A4238BF81650BF07EF850B110BDA16544
:107E50000BF079F80028F9D1BDE810400348F4F799
:107E600047BCBDE810400148F4F758BC98470020D3
:107E70000148FFF73BBD00BFBC4700200148FFF7AA
:107E800041BD00BFBC4700200148FFF747BD00BF10
:107E9000BC47002070B5002190B02748F4F7FAFAEB
:107EA0002548F4F78BFB2448F4F79CFB2248F4F7B1
:107EB00021F828B12048F4F739F81F48F4F72CF8D6
:107EC0000CAD1D484FF6FF710024F3F7DFFF294684
:107ED0001948CDE90C44F3F7EBFF17484FF6FE7154
:107EE000F3F7F6FF102221460DEB020008AE08F072
:107EF000FAFD21461022304608F0F5FD21461022F9
:107F0000284608F0F0FD04AB22462146CDE9015495
:107F100009480096F4F7ACFB21460748F4F7E8FB64
:107F200021460548F4F76CFA0348012110B0BDE87A
:107F30007040F4F747BA00BF984700200148F3F7B4
:107F4000B7BF00BF984700200148F3F7C1BF00BF8B
:107F5000984700200148F4F7B7B900BF98470020C0
:107F60000048704700F8FF072DE9F84F0024DFF8BC
:107F700098800D4616468346A14602F1FF3A5F46B9
:107F80001BF8010B18B905EB8405002336E05C28CB
:107F900025D19BF80020A2F10903DBB2172B0CD8E6
:107FA00028FA03F3DA070AD53846ECF755FB5946A9
:107FB0000246384608F07DFD01E05C2AF4D01BF84B
:107FC000013C002BDBD01CB11BF8023C002BD6D1AE
:107FD000544517D0631C45F82470DCB2CFE709384C
:107FE000C3B2172BEBD828FA03F3DB0748BF0BF813
:107FF000019CE4E7013445F8043BE4B2B442F9D310
:10800000BDE8F88F0720BEE7130080002DE9F34795
:108010000E46054638B30378302B19D1437803F068
:10802000DF03582B14D102354FF0010A0024DFF88A
:108030008080A1464FF0993728780DF10701BAF1F9
:10804000000F08D00AF098FA78B102B0BDE8F087C6
:108050004FF0000AEAE70AF087FA0028F5D1A742B4
:1080600078EB09031DD20720EFE7B9F1805FFAD260
:108070004FEA091343EA147324019DF807201219EB
:1080800053F100034FF0000128BF01211446994627
:108090000029E8D115F8010F0028CDD1C6E9002349
:1080A000D3E70A22A4FB024302FB0933E5E700BF42
:1080B0009999991937B5094D2B88044643B904217C
:1080C0000DEB010006F0EDFD019905480BF0C6F837
:1080D0002B88204601332B8003B030BD8A630020FB
:1080E0008058002001480BF0C3B800BF8058002022
:1080F00001480AF0C6BF00BFCC47002001480AF083
:108100000EBF00BFCC4700200148FFF7B5BD00BF40
:10811000CC47002001480AF00EBF00BFCC4700202A
:1081200001480AF0AEBF00BFCC470020134602480A
:108130000022FFF7A1BD00BFCC4700200E4B03403B
:10814000B3F1607F06D1B1F5885F14BF6FF0860090
:1081500000207047B3F1707F0BD101F4E043B3F519
:10816000005F06D111F4E06F0CBF6FF086000020B5
:1081700070476FF0860070470000C07F8A42F8B5F4
:1081800006460C4600F0DB806F4922F4FF7323F0B3
:1081900001038B420ED06D4B22F0FF01994209D0B2
:1081A0006B4822F47F7323F00303834202D0694BB0
:1081B000994228D1684B24F0FF0199420FD114F065
:1081C000FF000BD0654B40F00070984240F0B98042
:1081D00082EA0400FF288CBF00200120F8BD5B4B21
:1081E0009942ECD0A3F588539942E8D024F4FF7368
:1081F00023F00103B3F1062FE1D056488142DED0CF
:1082000053498B42DBD004F0FE43B3F1A06F14D18D
:1082100002F0FE43B3F1A06F40F0938082EA0403C2
:1082200033F47E1340F08D8014F40040D6D0C4F3B4
:108230000540C2F305429042CDE7B3F1407F6AD1D9
:1082400002F0FE43B3F1407F7BD182EA040535F4AE
:108250007E1576D131462046FFF770FF002870D199
:108260003F4B12F47C1703EA02031BD0B3F1607F8B
:10827000C2F305473FD13B49D3B243F000738B4271
:108280003DD003F17E43043B112B01D83649CD5C30
:1082900014F47C1FC4F3054333D1BD4214BF002046
:1082A00001209BE7B3F1607F0DD12E49D3B243F09B
:1082B00000738B421DD003F17E43043B112BDAD8AF
:1082C0002A49CF5CD7E7B3F1707FE1D106F4E043F0
:1082D000B3F5005F03D1C6F3022301279F4006F4E4
:1082E000E043B3F5005FD3D1C6F3022101258D40F1
:1082F000CEE71027BFE7B3F1707FC9D1EFE71025B4
:10830000C6E712F47C1F01D1AB4218D022047FF5DE
:1083100065AFBB425FE7B3F1106F12D124F01F606D
:1083200020F4702068B902F0FE43B3F1106F7FF4BF
:1083300055AF0F48104040F01060A042AEE701205A
:108340004CE700204AE700BF0002000600130006C9
:10835000000400060009000600030006FF000002FA
:108360000000C07F03000002FE630200FE63020003
:108370000000FFF62DE9F843884617461C4600F03A
:1083800055F9054688BBD8F80060B6F8009009F4A6
:10839000E043B3F5804FF36808BF27F0010737EAE1
:1083A00003031AD10CB3254B24F0FF029A421FD1CC
:1083B00014F0FF0304D0224A43F00073934232D0FA
:1083C000316922464846FFF7D9FE074668B9716908
:1083D00022464846FFF7D2FE70BB6FF084050023AB
:1083E000C8F8003030460BF003F92846BDE8F883A2
:1083F000144B9A42DCD0A3F588539A42D8D024F487
:10840000FF7323F00103B3F1062FD1D00E498A4246
:10841000CED00E4A9342CBD004F0FE43B3F1407F5E
:1084200004D12304CCD56FF08605D8E7B3F1A06F53
:10843000F7D0034B9C42C2E73D46D6E70003000657
:10844000FF000002001300060009000600040006F9
:10845000054B0A46197819B10146181D0BF0DDB815
:108460006FF08800704700BF845800202DE9F04F5E
:1084700092469DB001F0FE429B46B2F1806F4FF0F4
:108480000003DDE92678DDF8A09009930E4606D0BA
:1084900018460BF0ADF86FF08605002489E00B4616
:1084A0004FF4807209A9FFF765FF054618B10998D6
:1084B0000BF09EF8F1E7DDF824C065460FCD15AC52
:1084C0000FC495E807000DF1540E84E80700BEE8DC
:1084D0000F000EAD0FC594E8070085E80700BCF853
:1084E000003003F4E042B2F5005F1ED113F4E06FF8
:1084F000C3F3022119D0354826F4807282420AD093
:1085000000F50070864206D03148864203D0A0F5BF
:108510003F40824209D101248C40102C10D9604682
:108520000BF066F86FF08305B7E742F2040293425E
:1085300002D1284B9E420BD0274B9E423FD10D24A7
:10854000A04507D260460BF053F86FF08905A4E709
:108550000C24F5E721460AA8FFF77AFF0546002814
:10856000A5D1099BD3E908125FB33819A8EB04031E
:108570000DF12808CDE90403CDE902AB3346CDF86F
:1085800018900194CDF800800EA80BF03BF8064639
:1085900009980BF02DF80546AEB900287FF47DAFA1
:1085A00024B122464146384608F075FAD9F8003021
:1085B0001C442846C9F800401DB0BDE8F08F0024D7
:1085C000CFE73846D2E7354667E700BF0010C00462
:1085D00000FF4004000180040013C00438B56FF0B0
:1085E0000043984204460D460CD10F4B9B688342D2
:1085F00013D10D4AD369591C12D00133D361002025
:108600002A6038BD01210AF0E2FF18B1064B9B68D1
:108610009C42EDE76FF08700F3E76FF08B00F0E727
:108620006FF09600EDE700BF8C58002008B50022DF
:10863000074B0A6093F828303BB1FFF7CFFF10F1EA
:108640008C0F08BF6FF0870008BD6FF08800FBE754
:108650008C58002070B50088C8B0B0F5105F4D9EF2
:108660004F9D22D1A2F11000102821D8134C24FADA
:1086700000F0C0071CD51248834216D105F00F0048
:10868000064315D1519B9D4215D8529B03A81D60EE
:108690003346009602F066FC03A84E9A50992B468A
:1086A00002F080FC304648B070BD6FF08500FAE7FC
:1086B0006FF08600F7E76FF08900F4E70101010031
:1086C0000044400410B50C4C236813B10B4B1B68DD
:1086D0002BB900F029FE30B9084B01221A600123A2
:1086E0002360002010BD0138062801D9044810BDC0
:1086F000044B53F8200010BDBC580020B85800208F
:10870000FE8FFFFFD44E0200BFF34F8F0549064B8B
:10871000CA6802F4E0621343CB60BFF34F8F00BF1F
:10872000FDE700BF00ED00E00400FA0510B4094BBE
:1087300009490A4C4FF0FE32C3F800244968C3F8D7
:108740000424C3F80824C3F80C240023C4F800351B
:1087500010BC084700B002506C02002000A002507C
:10876000D0E90012014BC3E9001270476C020020EF
:108770002DE9F043134B144E002814BF04461C4649
:1087800083B02368B34219D00D4620464FF4E07100
:1087900004F10409174604F58E7800F0E9F848461C
:1087A00000F0ACFC404600F0DBFA084900972B468D
:1087B0004A46404600F0EAFA08B92660002003B0B5
:1087C000BDE8F083C0580020A5BCC95A85910100BE
:1087D00070B51D460C4B002818BF03460B481E6899
:1087E000864282B00DD1002603F58E700096334686
:1087F000144600F017FB002818BF34462C6002B066
:1088000070BD0348FBE700BFC0580020A5BCC95A93
:10881000E88FFFFF10B5044650B1636813F0685F3E
:1088200005D0064A934202D000232360626010BD47
:10883000034B04485B689847EFE700BF2C5F5CA9D7
:108840006C020020F04E0200C8B143680D4A93420A
:1088500013D013F0685F0ED0012350E8002F1946A3
:1088600040E8001C9CF0000FF7D1012AF5D0BFF3BF
:108870005F8F0020704704487047044870476FF4CA
:10888000E04070472C5F5CA9E98FFFFFEA8FFFFF94
:1088900080B14368094A93420AD013F0685F05D05B
:1088A000BFF35F8F0023036018467047044870478A
:1088B000044870476FF4E040704700BF2C5F5CA92C
:1088C000E98FFFFFEA8FFFFF10B5044620B1044B8C
:1088D00063600022226010BD0248FFF727FFF6E721
:1088E0003A00003A184F020070B5D0E90023174C47
:1088F000174D6360D0E90230C4E902302260486855
:10890000D1F800C0134BC3E900C0D5F81801D1F865
:1089100008C0C3F808C010F0685FD1F80CC009693E
:10892000C3F80CC0196110D00B49C5F8BC11002365
:10893000C5E9453105F58A70C5F8B8319047236817
:1089400005F5DC70BDE87040184770BD8802002056
:10895000C0580020740200202C5F5CA938B131B1EE
:10896000014400220346013081421A70FAD1704757
:1089700038B131B1014400220346013088421A70F7
:10898000FAD170472DE9F04FB2F5C07FB5B000F2D3
:10899000D780DFF8B49114460D464FF4D072002111
:1089A0000DF15C080746484608F09DF8404601F086
:1089B00051F9002309F11806A9F8103063BA2946C5
:1089C0002246A9F812303046202389F8173008F0E3
:1089D00062F85E4B079303F104338022089303F19E
:1089E00004330993325503F1043307A940460A932F
:1089F00001F046F9824600287FD104F119030BAE3D
:108A00000FAC02930397019604940198DFF840B1EC
:108A10001022002108F067F8DDF808A005940E9BED
:108A20005BF8044C5BF80C7C0B995BF8100C5BF862
:108A3000085CDDE90C625C40019B7E40554081EAA8
:108A400000071A4601214046CDE90B76CDE90D54C9
:108A500001F030F9BAF1100F94BFAAEB0A0AAAF19B
:108A6000100A0BF1100B002865D1BAF1000FD6D116
:108A7000059C01992046102208F00DF899F8033062
:108A800010340133A04589F80330BED1049C039F04
:108A9000019E80222146404601F0F2F8824670BBDA
:108AA00007F120093D4613AB1A460121404601F06B
:108AB00001F91022824613A928461544BAF1000F85
:108AC0001DD107F0E8FF4D45EDD1404601F0D2F849
:108AD0001D484FF4D071FFF74BFF20462021FFF7D0
:108AE00047FF07A81021FFF743FF30461021FFF78B
:108AF0003FFF504635B0BDE8F08F0FAC0BAE40469F
:108B000001F0B8F810484FF4D071FFF731FF20465C
:108B10002021FFF72DFF07A81021FFF729FF1021C3
:108B20003046FFF725FF20213846FFF721FF50464A
:108B300035B0BDE8F08F039F019E049C8246DEE7BE
:108B40006FF0370AF3E700BF905A002000010203DC
:108B5000A05A00202DE9F04188B004460D4620229D
:108B60000021684607F0BFFF04F120066F46E27B54
:108B70000132D2B2E273002A4DD1A27B0132D2B2CD
:108B8000A273002A47D1637B0133DBB26373002BEE
:108B900041D1237B0133DBB22373002B3BD1E37A3A
:108BA0000133DBB2E372002B35D1A37A0133DBB2A0
:108BB000A372002B2FD1637A0133DBB2637253BBF4
:108BC000237A0133DBB223722BBBE3790133DBB2AF
:108BD000E37103BBA3790133DBB2A371DBB9637922
:108BE0000133DBB26371B3B923790133DBB2237193
:108BF0008BB9E3780133DBB2E37063B9A378013357
:108C0000DBB2A3703BB963780133DBB2637013B995
:108C10002378013323703B4622460121304601F080
:108C200049F8804650BB103708AB9F429FD1029A4B
:108C3000AB68039F0799534002933046EE68009B50
:108C40007E400396049F2E697E4004966E69059FC0
:108C50007E400596069FAE697E400696EE6971409D
:108C6000079129684B40009301996B6880224B4023
:108C70006946019301F004F8804638B16846202126
:108C8000FFF776FE404608B0BDE8F08110220DEBFC
:108C90000201204607F0FFFEF0E700BF2DE9F84390
:108CA00004468069B0F5C07F52D81D46C0F5C07338
:108CB000AB424DD3C5F5C0731B1A9342164647D33A
:108CC000DFF898904FF4C0720F464846002107F035
:108CD0000AFFD4F89430A269D4F89800494698471E
:108CE000002838D1D4F818803DB1D4E925302A467F
:108CF00009EB0801984770BBA84407B1C6B91749EA
:108D000042460846FFF73EFE054638B113484FF489
:108D1000C071FFF72DFE2846BDE8F8830F492046B5
:108D2000FFF718FF05460028F0D101232361EDE786
:108D300009EB08003946324607F0ADFE0749B0445A
:108D400042460846FFF71EFE05460028DED1E5E74D
:108D50006FF03705DFE76FF03305DCE7305C0020AC
:108D600010B5A4220446002107F0BDFE064B4FF0CB
:108D7000FF314FF6F0722161E26104F19C001B6843
:108D8000BDE81040184700BFD80200202DE9F0438D
:108D900085B005460F4616460021102268469946C2
:108DA00007F0A1FE1D4B05F19C081B684046984743
:108DB00020B10446204605B0BDE8F08305F120044B
:108DC000204600F047FFAA69C5E925762E69E2B979
:108DD0002022002EAA611FDB20466946802200F077
:108DE0004FFF044630B90C9A334649462846FFF7F0
:108DF00055FF04460A4B40461B689847002818BF99
:108E00000446204605B0BDE8F083002EE4DA172AB8
:108E100002D801325608DFE70026DDE7D402002041
:108E2000D00200202DE9F04F8DB0B2F5806F169F73
:108E300000F2E380B7F5807F00F2DC80044615463F
:108E40000E462022002104A8984607F04CFE6C4BE9
:108E500004F19C091B68484698478346002840F067
:108E600092802269E3699A4200F391806369002B42
:108E700040F08D80002F40F0A980DFF888A16F4678
:108E8000002D00F0988004F120086F460EE0102DB0
:108E9000AB4628BF4FF0100B30465A46394607F014
:108EA000FAFDB5EB0B055E4400F08580E37B0133F2
:108EB000DBB2E373002B4DD1A37B0133DBB2A37391
:108EC000002B47D1637B0133DBB26373002B41D1AD
:108ED000237B0133DBB22373002B3BD1E37A0133D5
:108EE000DBB2E372002B35D1A37A0133DBB2A3727C
:108EF000002B2FD1637A0133DBB2637253BB237A29
:108F00000133DBB223722BBBE3790133DBB2E371B4
:108F100003BBA3790133DBB2A371DBB963790133FE
:108F2000DBB26371B3B923790133DBB223718BB93F
:108F3000E3780133DBB2E37063B9A3780133DBB2CA
:108F4000A3703BB963780133DBB2637013B9237844
:108F5000013323703B4622460121404600F0AAFE21
:108F60008346002893D0DAF80030484698472021FD
:108F7000034604A8002B18BF9B46FFF7F9FC1021FD
:108F80003846FFF7F5FC58460DB0BDE8F08F3A467D
:108F9000414600232046FFF781FEDFF868A0002845
:108FA0003FF46DAFDAF80030484698478346002812
:108FB0003FF465AFE7E704A92046FFF7CBFD834602
:108FC0000028D0D1236901332361CCE73A464146DA
:108FD00004A8FFF7D7FC834618B1DFF828A06F4636
:108FE000C1E704A92046FFF7B5FD834600283FF4FA
:108FF00044AFF2E76FF0370BC5E76FF0350BC2E710
:10900000D4020020D00200202DE9F043202B8BB0A9
:109010001D4606468846914626D8DBB202AF8DF83B
:109020000480B0468DF8053058F8041B21B940463D
:1090300000F084FE044640B901233360022201A9F6
:10904000404600F08FFE044638B138462021FFF735
:109050008FFC20460BB0BDE8F0832A4649464046C7
:1090600000F080FE0446F0E702AF194610460023E8
:109070003A4600F0FDFF04460028E6D12023B94619
:109080001D46CCE7F0B5D0F8F830A7B0002BD8BF1C
:1090900002AE2CDDD0F80C410546002302AE019350
:1090A000A4F10107D0F80001D5F8FC4001AB9022F3
:1090B0003146A047B7FA87F77F09044610B9019BEC
:1090C0003BB9A7B130469021FFF752FC204627B0AC
:1090D000F0BD014632462846FFF796FF50B9D5F855
:1090E0000431019A1344C5F80431002FEAD16FF01E
:1090F0003C04E7E70446204627B0F0BD70B50025E4
:10910000044604F5887614222946C0F8F850FC304D
:1091100007F0E9FC08222946304607F0E4FC154B2D
:1091200030461B689847204640F8045B00F0ECFD91
:10913000114B30461B689847D8B9D4F8F830AB4289
:1091400011DC03EB830204EB82022021C2F8081138
:109150000121C2F80C1101330849C2F80001C2F81C
:10916000FC10C4F8F830064B30461B68BDE8704070
:10917000184770BDD8020020D4020020599B01007E
:10918000D00200202DE9F047202A88B079D83E4B44
:1091900000F588791B680446484617468846984774
:1091A0000546F8B9D4F8F83040F20116002B64D027
:1091B0002046FFF767FF054638B9D4F8F830002B92
:1091C00014DC013EF2D16FF03B056E4620213046A3
:1091D000FFF7CEFB2D4B48461B689847002818BF69
:1091E0006FF01D05284608B0BDE8F087D4E941328C
:1091F000934203D3D4F80C21012A02D0013ED7D1E7
:10920000E1E71F2BFAD96E4601462022304604F1D1
:10921000040A07F068FC3146504600F0CDFD0546D3
:109220000028D3D1504600F083FD504600F06CFD7D
:109230002946504600F082FD05460028C6D150461A
:109240002022314600F08EFD05460028BED103469F
:1092500032462021304600F00BFF05460028B5D1EC
:10926000D4F8F830002BC4BF0023C4F804313A46C8
:109270004046314607F00FFCA8E76FF03F056E4609
:10928000A4E76FF03B05ADE7D4020020D002002038
:1092900030B58DB00021282202A8019107F023FCEF
:1092A00002A800F00DFF044610B120460DB030BDFD
:1092B000174D4FF0FF31286800F044F9044620B103
:1092C0001448FFF733FA012C18D0002000F06AF997
:1092D000D0B9114A02A901A800F030FC04460120CF
:1092E00000F060F960B9286800F034F90028DCD09B
:1092F0000A48FFF71BFA20460DB030BD0524F2E7FF
:109300000748FFF713FAEEE70648FFF70FFAE0E722
:10931000BC0200203C4F0200B05D0020944F0200D0
:10932000744F0200544F020030B583B000F05CF877
:1093300028B100F0ABF80324204603B030BD00F0A4
:1093400077F8D8B900F02EF9E0B9224CD4F82839D2
:109350001B0EF02B0AD1D4F8242A1F4B9A4231D08D
:1093600000F044F8072400F091F8E5E700F03EF83B
:1093700000F08CF80624204603B030BD04242046BB
:1093800003B030BD00F032F800F080F8FFF780FF46
:10939000044698B9114D2B68002BCDD102460146E9
:1093A000FFF7E6F950B90E4901AB6822FFF710FA52
:1093B00020B90C4B2B60204603B030BD052420465D
:1093C00003B030BD012000F0EDF80028DAD1C4F878
:1093D0000C0ADBE700B002500000E020D05F002064
:1093E000D45F00205AEA5A5A002070470020704784
:1093F000430504D5044B4FF0FF32C3F80821024B5C
:10940000C3F8080A704700BF00B00250014BC3F810
:10941000040A704700B0025008B100F06BB84FF476
:109420007500704708B100F04FB84FF475007047F1
:1094300010B5114800F072F800B110BD0F4800F0EF
:109440006DF80028F9D10E4C204600F067F800288E
:10945000F3D10C4B0C481C6000F060F8014600286A
:10946000EBD100F02DF8044608B1204610BD00F005
:109470007BF82046FAE700BFCC020020C80200209B
:10948000C4020020BC020020C002002008B5084829
:1094900000F04EF8074800F04BF8074800F048F895
:1094A000064800F045F8BDE8084000F00BB800BFE2
:1094B000CC020020C8020020C4020020C00200200C
:1094C00000207047704700BF10B4094C0246D4F822
:1094D000003A1342FBD021B1D4F804310B60C4F838
:1094E0000831034BC3F8082A002010BC704700BFA6
:1094F00000B00250044AD2F8003A1842FBD0C2F839
:10950000080A0020704700BF00B0025007F0D1BA2F
:1095100007F0E9BA0A46002107F0E5BA08B5034B9F
:1095200002681B6810689847002008BD8802002068
:1095300008B5034B02685B6810689847002008BDB7
:1095400088020020024B02689B681068184700BF21
:109550008802002008B5034B0268DB681068984752
:10956000002008BD8802002070B5094C094D206913
:10957000AB68984718B1084B08485B689847084A99
:10958000EB68206900211160BDE87040184700BFFA
:1095900074020020880200206C020020AC4F020000
:1095A0003C600020F8B51A4D1A4E0446B26828698E
:1095B0009047E8B9184F3B684CB1A3B1012B19D0C3
:1095C000013B3B602869F36898470020F8BD43B928
:1095D000124A0121C2F800151149D1F81029002AB8
:1095E000FBD101333B60F368286998470020F8BD40
:1095F0000C48F8BD0A4AD2F81039002BFBD1074AB3
:109600006FF07E40C2F80035FFF700FF3B68D7E7F8
:1096100074020020880200203C60002000A002505C
:1096200000B00250E98FFFFF014B1B68184700BFD5
:1096300088020020014B9B68184700BF8802002069
:10964000014BDB68184700BF880200202DE9F04776
:10965000002878D00C46002975D01D46002B72D00A
:1096600007461AB1012200232A6003602B68002BF1
:1096700064D02946204600F0DBFD804600285FD1FB
:109680002868214600F0BAFD8046002858D12B6892
:10969000082B6CD0042B6DD0A3F10209B9FA89F91B
:1096A0004FEA5919354E0121C6F8C411C6F84011C8
:1096B000C6F8C411636AC6F83031D6F83021934237
:1096C000F6D14FF0000A4FF0FF30C6F82CA1FFF79B
:1096D0008FFE6FF01B03C6F800315046FFF796FE71
:1096E000C6F80C91D6F8040A40F48060FFF78EFEAD
:1096F0000A23C6F83831089B012B29D02369204A58
:10970000A2FB03231B09626A02FB03F303EB43037F
:109710001A4ADB039B09C2F8D8310123C2F82C3165
:109720003B682A6823F07F4343EA02633B602A6870
:1097300043EA02233B604046BDE8F087DFF84480FF
:109740004046BDE8F087DFF840804046BDE8F0873E
:109750004FF08053D3F80C2C013206D0D3F80C3CD8
:10976000074AA2FB03231B09CDE71623CBE74FF0E3
:10977000030997E74FF0020994E700BF00B00250D9
:10978000ABAAAAAA310CF100350CF10050B34B1E64
:10979000B3F5047F26D24FF0000C30B5CD00E6467D
:1097A0006446630904F01F0150F823301F2923FA8F
:1097B00001F306D003F001031CB901249E46A44620
:1097C000EFE79E4504F1010406D09E464FF0010CE0
:1097D000AC42E6D1002030BD0CF1010C9445F7D12C
:1097E000014830BD00487047360CF100C8B32DE980
:1097F000F0434C1EB4F5047F1CD2DBB1D2B14FF064
:10980000000ECF007646F046754603F1FF396C092D
:1098100005F01F0150F824401F2924FA01FC0CD048
:109820000CF0010C4DB90126E0463546B646EEE790
:10983000964218D90D48BDE8F08373450CD0C44555
:1098400008BF0136F145F3D00EF1010E0135BD42DE
:10985000DDD10020BDE8F0834FF0010EE0467646F2
:10986000F4E7024870479E46F0E700BF370CF1006E
:109870002DE9F04F91B00D46DDE91B4182460029EC
:109880006ED1286906901A981C6000230360002A94
:1098900000F02E819C4B6A6AD3F83811D3F830312E
:1098A0009A4269D10A2967D19AF80330089304F1E2
:1098B000080306990793954B934CA3FB01239B0840
:1098C00003EB4303A1EB43030393042305931A9B88
:1098D000069E1E60002E00F0E980002700F0B8FC14
:1098E0000997BAF1000F00F0D580DDF81C804FF029
:1098F0000109002D00F0CE80089B002B3ED008A966
:10990000284600F095FC00283AD0814B984220D0A0
:10991000089B082B00F0E4805B0000220893009273
:1099200008AB29465046FFF791FE7A4B984200F06B
:10993000D38070B9DAF80020130A03F47F031343CD
:1099400023F07F43CAF80030059B013B0593BED14D
:109950000020039000F07CFC039811B0BDE8F08F6C
:109960004FF08050D0F80C6C013614BFD0F80C0CBE
:109970004FF40470069086E76748EAE76548C4E755
:109980000898294600F03AFC0028BED1089B082B15
:1099900000F0A880042B00F0A880A3F10203B3FA22
:1099A00083F35B090493C4F8C491C4F84091C4F8EC
:1099B000C4916B6AC4F83031D4F830219342F6D1A7
:1099C0004FF0000BC4F82CB14FF0FF30FFF710FD43
:1099D0006FF01B035846C4F80031FFF717FD049BD6
:1099E000C4F80C31D4F8040A40F48060FFF70EFD8F
:1099F0000A23C4F838312B69ABF1553BABFB032389
:109A00006A6A1B0902FB03F303EB4303DB039B09B5
:109A1000C4F8D831C4F82C91DAF80030089923F052
:109A20007F420B0243EA01631343CAF8003009A8DE
:109A300000F0D4FB099B03F01A0303437FF468AFE3
:109A4000ABFB063BD4F814310A93D4F818310B93CE
:109A5000D4F81C310C93D4F820310D93D4F8243170
:109A60000E93D4F828310F93B7EB9B0F01D1039BD2
:109A700093B9404618220AA9183EFFF747FD08F19E
:109A80001808013796B100F0E3FB00230993002D7D
:109A90007FF432AF214838E74046F61A1A460AA941
:109AA00098440137FFF732FD002EECD1069F079E48
:109AB0006A6939463046FFF769FEAA6940B94FF432
:109AC000806339463046FFF791FE00283FF440AFEF
:109AD0001A9A0023136018E72B6A002B3FF439AF62
:109AE0000F4836E7032304935DE7022304935AE704
:109AF000009108AB012229465046FFF7A7FD002838
:109B00003FF4D5AE25E700BF00B00250ABAAAAAA29
:109B1000020CF100310CF100300CF100350CF100B9
:109B2000320CF10010B4DDE901340194039C02947D
:109B30000024039410BCFFF79BBE00BF10B586B095
:109B400005AB0124CDE901240093002204ABFFF70B
:109B50008FFE06B010BD00BFF0B587B0002966D0FB
:109B60001E46002B63D01446002A60D0314F0D46AC
:109B700038684FF0FF31FFF7E5FC00284DD1002099
:109B8000FFF710FD002844D12B4800F099FA034656
:109B9000D8B101204FF0FF35FFF704FD002834D184
:109BA00026484FF40871FEF7D9FE25480421FEF738
:109BB000D5FE21482821FEF7D1FE3868FFF7CAFC00
:109BC00000282ED1284607B0F0BD1C4A029205AAF3
:109BD000019204AA03900092174919481A46FFF708
:109BE000A1FF03460028D4D128461D46059B0499B1
:109BF0009C42224628BF1A4632600831FFF786FC95
:109C00000120FFF7CFFC0028CAD00E48FEF78EFDDA
:109C1000C6E70D48FEF78AFDB6E70C48FEF786FD5D
:109C2000ADE70B48FEF782FD284607B0F0BD4FF0C8
:109C3000FF35C7E7BC020020446000206C600020B4
:109C400040600020744F0200544F02003C4F02005D
:109C5000CC4F020010B5044630B1002201236265EA
:109C6000A265E365236610BD0148FEF75FFDF4E7DA
:109C7000E44F020018B174220021FFF749BC70477D
:109C800090B1A1B110B5802A4FF00004846380F830
:109C90003C4006D1102204631044FFF737FC2046F5
:109CA00010BD6FF01F0010BD6FF0210070476FF006
:109CB0001F00704728B322B31BB3012921D870B508
:109CC0000446816B86B017D0012917D110250021D9
:109CD0000DEB0506616310460095019602AA294620
:109CE00000F0C2FA50B92B46324602A9204600F0D5
:109CF00043FD18B906B070BD0029E7D06FF0210010
:109D0000F8E76FF02100704710B5044628B12046EF
:109D1000F421BDE81040FFF7FDBB0448FEF706FD47
:109D20002046F421BDE81040FFF7F4BBF84F0200D5
:109D300010B1F421FEF712BE704700BF08B521B183
:109D4000012908D06FF0360008BD012100F058F855
:109D50000028F7D108BD022100F052F80028F9D000
:109D6000F0E700BF30B505468818B0F5801FA1B0F8
:109D70000B46144601D8802A0CD9B3F5801F17D999
:109D800022461946284600F07DF8044684B920464C
:109D900021B030BD6846FFF7B9FB22466946284628
:109DA00000F070F8802104466846FFF7B3FBEDE74A
:109DB0006FF03604EBE700BF70B5E8B10E46D9B1DD
:109DC000044600F031F80546B0B92368012B0BD0EA
:109DD000022B01D0284670BD1C2204F10801304638
:109DE000FFF794FB284670BD202204F1080130469D
:109DF000FFF78CFB284670BD6FF03605EAE700BF21
:109E000078B138B504460D46F021FFF783FB4023B7
:109E10002560E365204600F05BFA003818BF01209A
:109E200038BD0120704700BF70B5056EA4B0044670
:109E300004AEE5B90122002362603046CDE900336B
:109E400002AA294600F010FA10B1012024B070BD1A
:109E50002A4602A9204600F063FA0028F5D12046E0
:109E600000F074FB0028F0D1206624B070BD802D76
:109E70002A4600F1640128BF80223046FFF746FBE6
:109E8000256ED7E7002800F0AE802DE9F04F14468C
:109E9000A5B0002A3DD00F46002949D0B2F5803F39
:109EA0000546006E20D34FF6FF7805F1640AEB6D8E
:109EB0001A1AB2FBF3F103FB1122002A65D1834287
:109EC000B9464FF6FF7672D0B6FBF3FB03FB0BFBF4
:109ED000BBF1000F30D1002E45D1A4F57F44FF3CEB
:109EE000B4F5803F4744E2D2EA6D161AB6FBF2F3AE
:109EF00002FB1366A64228BF2646002E75D1824279
:109F000000F08D80B4FBF2F602FB06F62EB9002CB1
:109F100079D1002025B0BDE8F08F0023CDE90033D2
:109F200002AA3146384600F09FF9002800F09580DB
:109F3000012025B0BDE8F08F0023CDE9003302AA4F
:109F40005946484600F090F90028F1D102A95A4636
:109F5000284600F0E5F90028EAD1A6EB0B06286EAA
:109F6000D944002EB9D01930494605EB800032465D
:109F7000FFF7CCFAA4F57F44286EFF3C3044B4F5DB
:109F8000803F4744286692D2AEE7424528BF42460A
:109F9000504439461646FFF7B9FA286EEB6D304447
:109FA000834207EB06092866A8EB06068CD1802BB6
:109FB00028BF80231A46514604A8FFF7A7FA0023BA
:109FC000CDE9003302AAE96D04A800F04DF900289C
:109FD000AED1EA6D02A9284600F0A2F90028A7D167
:109FE000EB6D286670E70120704705F16403394680
:109FF00032461844FFF78AFA286EEA6D3044A41BF3
:10A00000374428667BE72B6E193305EB8300224625
:10A010003946FFF77BFA2B6E23442B6679E7802ABB
:10A0200028BF802205F1640104A8FFF76FFA00231E
:10A03000CDE9003304A8E96D02AA00F015F9002863
:10A040007FF476AFEA6D02A9284600F069F900288E
:10A050007FF46EAFEA6D286654E702A932462846BF
:10A0600000F05EF900287FF463AF3744A41B4EE78D
:10A07000F8B51C46054611480E461746FFF744FE44
:10A0800021460E48FFF75AFE044620B10B48FFF761
:10A090004FFE2046F8BD094832462946FFF762FECA
:10A0A00004460028F2D139460448FFF785FE0446ED
:10A0B0000248FFF73DFE2046F8BD00BF8C6200203D
:10A0C00030B583B01C2301A90546019300F032F896
:10A0D000044638B9019B1C2B07D0144C1C21284680
:10A0E000FFF718FA204603B030BDD5E90112131E60
:10A0F00018BF012300392A6818BF01219B0043EAD9
:10A100004103002A18BF43F00103EA680120E86117
:10A110002AB9C5E90834002BE4D1054CDEE743F049
:10A1200008032046C5E9083403B030BD370CF00001
:10A130000E0CF00018B111B10B681C2B01D00120DE
:10A1400070474FF08053D3F8102C013214BFD3F86E
:10A15000102C41F25C224FF080530260D3F8142C93
:10A16000013214BFD3F8142C41F664124FF080531F
:10A170004260D3F8182C013214BFD3F8182C40F6E3
:10A18000D8624FF080538260D3F81C2C013214BF88
:10A19000D3F81C2C41F288324FF08053C260D3F8C0
:10A1A000002C013214BFD3F8002C90224FF08053C2
:10A1B0000261D3F8042C013214BFD3F8042C5122CD
:10A1C0004FF080534261D3F8082C013214BFD3F80A
:10A1D000083C40F2373383610020704708B50146E0
:10A1E0004FF48060FFF71EF9034B0022C3F8C8212B
:10A1F000C3F82C2108BD00BF00B002500138072869
:10A2000005D8DFE800F0100E040A0404040607482D
:10A210007047CB684B62002070478B684B62002010
:10A2200070474B68F6E70B68F4E700BF310CF100AC
:10A230000B6802E0082B0B6006D8026A13424FEA53
:10A240004303F7D00020704700487047310CF100FD
:10A25000044B0022C3F82C214FF48060C3F8C421C2
:10A26000FFF7C6B800B00250F0B583B01D46B0F19C
:10A27000005F4FF000038DF8073024D38C468444F0
:10A28000BCF1804F04461ED817460DF1070301228A
:10A2900000F064FE0646B0B9099A9DF807303C60AC
:10A2A0003B7192B14DB1024608990DF10703284662
:10A2B00000F054FE38B99DF80730099A3046156011
:10A2C000137103B0F0BD4FF47506304603B0F0BD16
:10A2D000D8B108B50368012B04D0022B0FD043B1CD
:10A2E0000B4808BD0B4920220830FFF70FF900206A
:10A2F00008BD094914220830FFF708F9F7E70749B4
:10A3000020220830FFF702F9F1E74FF4730070479D
:10A310000100F300085002004850020028500200DB
:10A320002DE9F843002900F0F9800446002800F0E8
:10A33000F980036890460F46002B00F0C380013B74
:10A34000012B00F2D78079484FF0FF314FF002091E
:10A35000FFF7F8F8002840F0BF800020FFF722F94F
:10A360000646002840F0C280714AD2F81C39002B02
:10A37000FBD16F4DD5F8203C002BFBD14FF0FF30C7
:10A38000FFF736F8D5F8040A20F04000FFF73EF852
:10A3900001230722C5F81838C5F80029C5F8C437C5
:10A3A000A36CC5F8CC37E36CC5F8D037C5F8C097B7
:10A3B00023685BB1013B012B18D8636AC5F85C3692
:10A3C000236AC5F85836E369C5F85436584BA26974
:10A3D000C3F850266269C3F84C262269C3F84826A0
:10A3E000E268C3F84426A268C3F84026504AD2F86F
:10A3F0001039002BFBD1B8F1000F5FD06368012B3F
:10A4000008BFC2F884364A4B3A68C3F8282C40206B
:10A41000C3F82C8CFFF700F80646454AD2F81039ED
:10A42000002BFBD1424AD2F8203C002BFBD1236801
:10A430005BB1013B012B18D8D2F85C366362D2F8CD
:10A4400058362362D2F85436E361394BD3F850269C
:10A45000A261D3F84C266261D3F848262261D3F872
:10A460004426E260D3F84036A360314AD2F8CC17D4
:10A47000A164D2F8D017E16400230121C2F8C41707
:10A48000C2F88436C2F8C837D2F81039002BFBD195
:10A49000C2F81838002E3BD1254BD3F8040A40F0FF
:10A4A0004000FEF7B3FF0120FFF77CF860BB1F48B8
:10A4B000FFF750F810BB3046BDE8F8830423C2F81C
:10A4C000C837AAE719484FF0FF314FF00109FFF7ED
:10A4D00039F800283FF441AF1648FEF727F900206D
:10A4E000FFF760F8064600283FF43EAF1248FEF73B
:10A4F0001DF939E7114E3046BDE8F8831048FEF7E4
:10A5000015F93046BDE8F8830E48FEF70FF9CEE79F
:10A51000102104F10800FEF7FDFFBDE70A4E3046AA
:10A52000BDE8F8834FF47306C5E700BFCC020020F6
:10A5300000B002503C4F0200544F02000100F300F3
:10A54000944F0200744F02000300F30098B370B4FC
:10A55000D0E90241D0E9042326BA0DBA14BA19BAD7
:10A56000D0E9062312BAC0E904418261D0E9084269
:10A57000C0E902651BBA25BAC0E9073514BAD0E9AB
:10A580000B23816A12BA09BAC0E90941C262D0E953
:10A590000D421BBA25BAC0E90C3514BAD0E9102314
:10A5A000C16B12BA09BA1BBAC0E90E41C0E9102347
:10A5B000002070BC70474FF473007047002847D0EC
:10A5C00090F83C30002B34D0032B10B513D0224828
:10A5D000224C2268224B1268C3F800242268526879
:10A5E000C3F8042422689268C3F808242268D26859
:10A5F000C3F80C2410BD016B006C184C00F0A8FBD4
:10A600000028E6D12268164B1268C3F8002422689D
:10A610005268C3F8042422689268C3F808242268A8
:10A62000D268C3F80C2400F0A1FB0028D1D100208F
:10A6300010BD0B4B0269C3F800244269C3F804241F
:10A640008269C3F80824C269C3F80C24002070474B
:10A650004FF47100704700BF0900F100B8020020FC
:10A6600000B00250374A38B50446D2F81039002BF2
:10A67000FBD1344AD2F87034002BFBD1314AD2F8E6
:10A68000203D002BFBD12F4AD2F8203C002BFBD1E0
:10A690002C4AD2F8383D002BFBD12A4DD5F8383C56
:10A6A000002BFBD14FF0FF30FEF7A2FE636BD5F815
:10A6B000040A23F00403032BE36D39D0012B0CBFF4
:10A6C00020F0800020F02000FEF7A0FE1D4A0123AC
:10A6D000C2F80039D2F81039002BFBD1194AD2F850
:10A6E0007034002BFBD11749C2F8BC34D1F81039B3
:10A6F000002BFBD1134AD2F87034002BFBD1626BD4
:10A7000022F00401032918BFA36B0E494FEA82020D
:10A7100018BF03F0010302F01C021A43C1F8C02461
:10A72000636B072B04BF0123C1F87C34002038BDC4
:10A73000012B0CBF20F0400020F01000FEF766FE59
:10A74000C4E700BF00B00250094A0A4B116809680B
:10A75000C3F8001411684968C3F8041411688968C3
:10A76000C3F808141268D268C3F80C24704700BFFD
:10A77000B802002000B002502DE9F04F85B000294A
:10A7800000F0EC809046002A00F0E88005460028A2
:10A7900000F029819946C36D0E46002B52D1B9F5C0
:10A7A000805F54D295F83C30042B00F0FF800027E6
:10A7B000AD484FF0FF31FEF7C5FE002840F0D580D0
:10A7C0000020FEF7EFFE002840F0D880A7480123C4
:10A7D000C0F81038D0F81049002CFBD16B6B032B5C
:10A7E0003ADC002B3BDAA24CA04AD2F81039002BFD
:10A7F000FBD1002F40F0D1806B6BEA6D23F0040396
:10A80000032B9A4BD3F8040A00F09F80012A0CBF57
:10A8100040F0800040F02000FEF7F8FD934B00224E
:10A82000C3F810280120FEF7BDFE002840F0B180DB
:10A830008D48FEF78FFE002840F0A480204605B02A
:10A84000BDE8F08F012BADD1B9F5803FAAD3894C7B
:10A85000204605B0BDE8F08F063B012BC3D8AB6B9B
:10A86000012B00F2BE80EB6D012B7CD82B6E012BEF
:10A8700000F2E8802846FFF7F5FE04460028B3D131
:10A880002846FFF79BFE04460028ADD16B6B072BD3
:10A89000A9D801229A4012F08A0F40F0D58012F018
:10A8A000440F40F0BA80D2079DD523F00403032B58
:10A8B00032680DD02B6ED8F80010012B6B4B0BBFFC
:10A8C000C3F8281DC3F8301DC3F82C9DC3F8349D70
:10A8D000EB6D012B654B0BBFC3F8282CC3F8302C54
:10A8E000C3F82C9CC3F8349C6B6B23F00403032B3C
:10A8F00000F0A2802B6E012B14BF20208020FEF7D9
:10A900008BFD044600287FF46FAF584BD3F81049F5
:10A91000002CFBD1696B072914D801228A4012F060
:10A920008A0F40F0BB8012F0440F0BD0D3F86024A4
:10A930002A60D3F864246A60D3F86824AA60D3F844
:10A940006C34EB600123AB654EE7012A0CBF40F08D
:10A95000400040F01000FEF759FD5FE7464C2046EE
:10A9600005B0BDE8F08F454C3EE74548FDF7DEFEFB
:10A970000020FEF717FE00283FF428AF4148FDF7FE
:10A98000D5FE23E74048FDF7D1FE204605B0BDE8DF
:10A99000F08F3E48FDF7CAFE4AE7042385F83C30B5
:10A9A000202105F11000FEF7B5FD25E7296B286C85
:10A9B00000F0C0F998B9364F2C4C3B681B68C4F8BE
:10A9C00000343B685B68C4F804343B689B68C4F897
:10A9D00008343B68DB68C4F80C34296B31B10127BB
:10A9E000E6E62C4C00E74FF4710427E72B6D01934A
:10A9F000EB6C009305F1100A4FF0100BCDF808A096
:10AA0000CDF80CB0D5E91123286C00F0B9F9002875
:10AA100051D1002385F83C30E1E7144B2A68C3F894
:10AA200060246A68C3F86424AA68C3F86824EA68E2
:10AA3000C3F86C246B6B38E7EB6D012B14BF10204F
:10AA400040205CE7144CCFE6084B2A68C3F840244A
:10AA50006A68C3F84424AA68C3F84824EA68C3F8BB
:10AA60004C246B6B21E700BFCC02002000B00250E9
:10AA70000100F1000500F1000B00F1000300F100FE
:10AA80003C4F0200544F0200944F0200744F0200EA
:10AA9000B80200200200F1000400F100D3F84024C5
:10AAA0002A60D3F844246A60D3F84824AA60D3F813
:10AAB0004C34EB6046E73B681B68C4F800343B68E5
:10AAC0005B68C4F804343B689B68C4F808343B688E
:10AAD000DB68C4F80C3459465046FEF71BFD98E776
:10AAE0002DE9F04109B302B30446002800F0AF801D
:10AAF0001D46436B072B0E461BD05DB9032B10D1AF
:10AB0000836D73B900F1640345668566C5660567A4
:10AB10000B6010252B4631462046BDE8F041FFF77B
:10AB20002BBE2F463846BDE8F081764F3846BDE84B
:10AB3000F081C36D002B40F08D80B5F5805F80F013
:10AB400090801DB9A36D002B40F08B806E484FF0B4
:10AB5000FF31FEF7F7FC002840F08F800020FEF761
:10AB600021FD002840F08580684A0123C2F8103892
:10AB7000D2F81039002BFBD1636B032B4FDD063B62
:10AB8000012B4ED8A36B012B6DD8E36D012B78D828
:10AB9000236E012B77D82046FFF764FD0746002877
:10ABA00040D12046FFF70AFD074600283AD1626BE4
:10ABB000072A36D80123934013F08A0F40F0818092
:10ABC00013F0440F6FD1DB072BD5504B0122C3F894
:10ABD0007C24C3F8BC543168002D56D1A16D09B94D
:10ABE000C3F82425494BD3F81079002FFBD1616BB2
:10ABF000072917D801228A4012F08A0F6FD112F06C
:10AC0000440F0FD0D3F860242260D3F8642462602C
:10AC1000D3F86824A260D3F86C34E36002E0002B20
:10AC2000B0DA3B4F394AD2F81039002BFBD1C2F8C9
:10AC300010380120FEF7B6FCB8B93348FEF78AFC9D
:10AC400000283FF46FAF3348FDF770FD6AE74FF41B
:10AC5000710767E7012B7FF474AFB5F5803FFFF410
:10AC600070AF2D4F5EE72D4FDCE72D48FDF75EFD01
:10AC7000E3E72C48FDF75AFD76E72B48FDF756FD34
:10AC80006CE72A4FCEE72A4FCCE7E26D012A33D09A
:10AC9000C3F8301C1020C3F8345CFEF7BDFB074638
:10ACA00000289FD0BEE7194B2268C3F86024626871
:10ACB000C3F86424A268C3F86824E268C3F86C246B
:10ACC00083E7124B2268C3F840246268C3F8442427
:10ACD000A268C3F84824E268C3F84C2475E7D3F8A7
:10ACE00040242260D3F844246260D3F84824A26050
:10ACF000D3F84C34E36095E7C3F8281C4020C3F830
:10AD00002C5CCAE70B00F100CC02002000B002501E
:10AD10000100F100944F02000500F1000200F10073
:10AD2000744F0200544F02003C4F02000300F10038
:10AD30000400F10029B9044B002814BF1846002074
:10AD400070470248704700BF0100F7000300F7009A
:10AD500029B9044B002814BF184600207047024848
:10AD6000704700BF0100F7000300F700034B00200D
:10AD70000122C3F8380AC3F87824704700B00250A3
:10AD80002DE9F047CCB00024579DDDF8588182466C
:10AD900089461646214674220EA81F4605F0A3FEDA
:10ADA000802221462CA82B9405F09DFE8423B5F526
:10ADB0007F6FCDE90A44CDE90C44059363D8FFF7D2
:10ADC000C3FC05AB30462BAE01930295DDE954235D
:10ADD0003946009600F062F800284FD103238DF821
:10ADE00013309DF813308DF87430072300221C9027
:10ADF00010210EA81B9301240123CDE92423CDF8B3
:10AE00006890CDF878A026940DF12009FEF782FB1A
:10AE1000102200920599CDF804900AAB304606AA9C
:10AE2000FFF722FA074670B11DE00EA908EB0700F4
:10AE3000FEF76CFB10210EA8FEF76CFB0134AD1B76
:10AE40003744E4B224D0102D4A46059B8DF8AC401F
:10AE500006A90EA82E4628BF1026FFF741FE32464F
:10AE60000028E2D007460EA874220021FEF750FB0E
:10AE7000FFF76AFC38464CB0BDE8F087054F38460E
:10AE80004CB0BDE8F087044F38464CB0BDE8F087C1
:10AE90002F46E8E70E00F1000F00F1002DE9F04128
:10AEA00082B01E460A9D0023B5F57F6F01933ED800
:10AEB000ED00B5F5807F174601F1FF3234BF032363
:10AEC00004233F2A0C46009331D880B366BB089A0E
:10AED0006AB3099A116851B3A2191344994226D34F
:10AEE000089B01462246581CFEF710FB089B04F104
:10AEF00002081C440023637026BB089B0095FF2DAD
:10AF000003EB080017D92B029BB243EA1523022258
:10AF100001A90193FEF7FAFA08F10203099A002049
:10AF2000136002B0BDE8F0810FB1402ECFD90A48BE
:10AF300002B0BDE8F08101226946FEF7E7FA08F1A8
:10AF40000103EBE7089B324603EB08003946FEF7A6
:10AF5000DDFAB044D1E700BF060000800020187081
:10AF6000704700BFF8B5069F04461D4661B11646FE
:10AF7000AFB9E5F7D3FC002384F8116184F81031F0
:10AF800084F8127184F8133145B11022294604F176
:10AF9000F00005F080FD012384F81331F8BDE5F7DA
:10AFA000BBFAE8E72DE9F04F044687B090F81201AC
:10AFB00094F810910090002B55D0924600F00108B3
:10AFC000C9F110021E4608EB0203B34204F5807774
:10AFD00000F2C4800D46002A40F0B380009B002B95
:10AFE0006AD194F8133104F1F009C846002B40F0FF
:10AFF000C18094F81131224639464846E5F73AFBBC
:10B000000F2E40F2CE80A6F1100323F00F03103371
:10B01000019305EB030BD04694F813C1102341466E
:10B020004A463846BCF1000F20D0E5F7DBFC102281
:10B030004946284605F02FFD103594F81131224677
:10B0400039464846E5F716FB5D4508F11008E3D19F
:10B0500016F00F0621D184F81061C846102241462F
:10B06000584605F018FD07B0BDE8F08F102205F036
:10B0700012FD10224946284605F00DFD103594F8C2
:10B080001131224639464846E5F7F4FAAB4508F156
:10B090001008C1D116F00F06DDD0019B9A4451462D
:10B0A0003846324605F0F7FC009B84F81061002B0F
:10B0B0007DD00DF10808D1E794F8113122463946C8
:10B0C00002A8E5F7D7F894F81331002B5BD1B8F15B
:10B0D000000F0CBF4FF010094FF011094E4529D356
:10B0E00004F1F00801E04E4524D3514610223846C1
:10B0F000924405F0D0FC102202A9284605F0CBFCB2
:10B1000094F811312246394602A8E5F7B3F894F8CD
:10B110001331103E1035002BE5D002A908464246F7
:10B120001023E5F75FFC10223946404605F0B3FCDA
:10B130004E45DAD22EBB84F81061AB460DF10808FB
:10B140008CE7514607EB0900924405F0A4FC009BF4
:10B15000103E4E44002B3FF444AFADE707EB09002F
:10B160005146324605F097FCB14484F8109107B07F
:10B17000BDE8F08F10234A4639463846E5F732FCE1
:10B1800037E7AB468BE702A904F1F0094A460846C7
:10B190001023E5F727FC48461022394605F07BFCD2
:10B1A00095E7002EEDD184F81061AB4656E704F127
:10B1B000F00952E7012B10B5044608460AD0022BCD
:10B1C0000FD01BB963681044834200D910BD228997
:10B1D000801AF9E72368881A8342F7D92289104434
:10B1E000FAE7034B034A04489C21FAF7D7FC00BF57
:10B1F000795E02001064020063640200012B08B54E
:10B200000DD0022B15D0D3B98A423FBF43685B1AD9
:10B210000168521A2CBF511AD11888B208BD8A424F
:10B2200081BF43689B1A0268891A94BF891AC9189A
:10B23000F3E7044B044A0548C721FAF7AFFC0021A5
:10B24000EBE700BF795E0200A764020063640200BE
:10B25000F8B5047F022C05460E4605D10E4B0F4A69
:10B260000F48E621FAF79AFC2346C76AB4FA84F439
:10B270006409012239460834FFF79CFF55F8243051
:10B28000834203D03E70E8620020F8BD284608F0F3
:10B290007EFB0320F9E700BF016502001D65020087
:10B2A000636402002DE9F047044608F0D0FA002854
:10B2B00041D1204608F0D7FA94F8347004EB87099E
:10B2C0000B26D9F83880D9F820A04546AA4508D0E1
:10B2D0003A462946204608F0ECF9030411D54545C5
:10B2E0000FD0C9F83850204608F030FB00236569BC
:10B2F00084F835304FF6FF73E386B5B90020BDE81A
:10B30000F087C0F30D00821C29463B462046FFF71C
:10B3100051FF013E16F0FF060546D7D1074B084AFC
:10B32000084840F24331FAF739FCA06923463A460F
:10B330004146A847E2E71720E1E700BF5065020059
:10B340006C6502006364020038B57E2905460C4630
:10B3500000680AD87C2903D801F0FD03112B06D11F
:10B360008388012B08D8032005E0F829F7E7214658
:10B3700008F021FE40B138BD7D2108F01CFE286890
:10B3800084F0200108F017FEAA88054B5440E4B26F
:10B39000002033F8143083EA1223AB80EBE700BFC0
:10B3A00076500200F8B504460D468E18AE4200D124
:10B3B000F8BD237815F8011B012B0BD0022B3CD0D4
:10B3C000002BF3D17E29F1D1012323704FF6FF73B7
:10B3D0002361EBE77D2915D07E2916D06068878828
:10B3E000002F40D0228A234F82EA0103DBB237F8D4
:10B3F000133083EA1223238208F0DDFD638A0133D0
:10B400006382D3E702232370D0E7638A002BDDD069
:10B41000012B10D0228A4FF2B8039A420BD16368F5
:10B420001A68023A1A609A8802329A800021D4E996
:10B4300002309847CAE70621F9E76068878897B124
:10B44000228A0C4F81F0200182EA0103DBB237F837
:10B45000133083EA1223238208F0ADFD638A01339F
:10B4600063820123CFE7A368E06803219847277030
:10B470009CE700BF765002000CB430B5174B0C1E91
:10B480001D689DB008DA8B232B604FF0FF301DB094
:10B49000BDE8304002B070474FF40273ADF814308D
:10B4A00014BF04F1FF332346049307934FF6FF7351
:10B4B00002900690ADF81630209A21AB02A92846DA
:10B4C000019300F01BF8431CBCBF8B232B60002CA6
:10B4D000DDD0029B00221A70D9E700BF08020020CD
:10B4E00007B5009313460A4601460348006808F072
:10B4F000B5FD03B05DF804FB080200202DE9F04F14
:10B5000098468B891B069DB007460D46144610D5FC
:10B510000B6973B94021FAF7C3FB2860286130B981
:10B520000C233B604FF0FF301DB0BDE8F08F40238F
:10B530006B610023099320238DF82930CDF80C800E
:10B540003023DFF89C818DF82A304FF00109234623
:10B550009A4613F8012B0AB1252AF9D1BAEB040B4C
:10B560000BD05B4622462946384608F0A2FD013042
:10B5700000F0A780099A5A4409929AF80030002BEB
:10B5800000F09F8000234FF0FF32CDE905230AF140
:10B59000010A049307938DF853301A9354460522F9
:10B5A00014F8011B4E48E4F7ABFD049AD8B9D00655
:10B5B00044BF20238DF85330110744BF2B238DF84F
:10B5C00053309AF800302A2B15D0079A54460020A1
:10B5D0004FF00A0C214611F8013B303B092B4BD9A7
:10B5E000B0B1079214E0A0EB080309FA03F3134388
:10B5F0000493A246D2E7039B191D1B680391002BFD
:10B60000BBBF5B4242F0020207930793B8BF0492AC
:10B6100023782E2B0AD163782A2B32D1039B1A1D53
:10B620001B68039243EAE37302340593DFF8B4A086
:10B63000217803225046E4F763FD38B1049BA0EB68
:10B640000A004022824013430134049314F8011B82
:10B6500025488DF828100622E4F752FD002836D040
:10B66000224B1BBB039B073323F0070308330393D1
:10B67000099B334409936AE70CFB02320C46012014
:10B68000A8E700230134059319464FF00A0C204621
:10B6900010F8012B303A092A03D9002BC6D00591A6
:10B6A000C4E70CFB012104460123F0E703AB009340
:10B6B0002A460F4B04A93846AFF30080421C0646C9
:10B6C000D6D1AB895B063FF52DAF09982CE703ABCC
:10B6D00000932A46064B04A93846FAF767FCEDE7C3
:10B6E0003B61020041610200456102000000000070
:10B6F000B340020070470020704708B5E9F7F8FD35
:10B70000BDE80840E9F7E6BD00EBC100408840080D
:10B710007047F8B50346FFF7F7FFB0FA80F0C0F1C5
:10B720001F0003EB800CCA00DCF81060171D0C46EC
:10B7300006328DB256B9012101FA00F0D9680143F1
:10B74000D960CCF81040DD539D52F8BDF1000431B2
:10B75000585AD85303EBC0009E52C5805D52F4E79F
:10B7600010B500EBC104E388994202F104010AD14B
:10B77000012303FA02F2C36823EA0203C360002331
:10B7800040F8213010BDA28840F8213000EBC20102
:10B7900000EBC300CB808280F4E708B50346FFF7D7
:10B7A000B3FFB0FA80F2C2F11F021846BDE80840AC
:10B7B000FFF7D6BF2DE9F843B1FA81F5C5F11F09AE
:10B7C00000EB89080346D8F810200E46C2B10327C3
:10B7D000D8F8104018462146FFF796FFB04206D32E
:10B7E0004A461846FFF7BCFF2046BDE8F88303EB46
:10B7F000C404013FE088C8F8100001D08242E7D1BC
:10B80000C5F120024FF0FF349440DA681440EBD0C9
:10B8100094FAA4F2B2FA82F2111D53F821402146A3
:10B82000DFE738B50346FFF76FFF0D4604461146C4
:10B830001846FFF769FF03EBC50504446000688004
:10B840001846FFF761FF014423F8314038BD38B591
:10B850000346FFF759FF0C46A51A511A03EBC4041F
:10B8600005444800608003EBC2006C00448023F86C
:10B87000321018461146FFF747FF014423F83150B4
:10B8800038BD38B50546FFF73FFF0C46014405EBD0
:10B89000C1035B88DA070AD42846FFF77EFF2146FA
:10B8A0002846FFF731FF22182846FFF7BAFF35F880
:10B8B0003410611A05EBC1035B88DB070CD4284602
:10B8C000FFF76BFF35F834102246611A2846FFF760
:10B8D000A8FF35F83430E41A21462846BDE8384040
:10B8E000FFF717BF61B100680439091A21F0070397
:10B8F0000344C9085A8822F001025A80FFF7C1BFE9
:10B90000704770B5056809B9002070BDAB68B3EB2E
:10B91000D10FF9D90B31CC0821462846FFF74AFF51
:10B9200006460028F0D001462846FFF7EDFEA0426B
:10B9300007D932192846FFF78AFF11462846FFF734
:10B94000E8FE05EBC6021046538843F0010353801E
:10B950000430DAE72DE9F84301F1FF3919EA01096A
:10B9600006680F4614460CD04B420B40042B1A4677
:10B970004F4628BF0422994664B900252846BDE8F1
:10B98000F883042904D8BDE8F8431146FFF7B9BF8E
:10B990000422F1E7B368B3EBD40FEED904F10B0145
:10B9A0003944891AC9083046FFF704FF8046002849
:10B9B000E3D009F1040505EBC0057B1E35441D44A9
:10B9C000B5FBF7F57D43A5EB09052C442B1F073488
:10B9D0009B1B24F00704A41BB0EBD30F4FEAD30743
:10B9E0004FEAE40408D201463A463046FFF72FFFFB
:10B9F00041463046FFF78DFE39463046FFF784FE5C
:10BA00003844844207D230462246FFF720FF2146C1
:10BA10003046FFF77EFE06EBC706738843F001034E
:10BA20007380ABE7043A2DE9F041CC1D114424F0BA
:10BA3000070421F007010E1BF708B7FA87F2C2F1DD
:10BA40002405AD004FF000080735C2F12002ED08D3
:10BA500004604146A760C4F80C80920004F1100015
:10BA600005F041F86B0043F00103638004EBC5026D
:10BA70007B1B5900A4F800805180A21924F835508E
:10BA8000A2F80280A35304EBC70329465A8842F068
:10BA900001025A802046BDE8F041FFF73ABE2DE989
:10BAA000F04706460D46174698462BB398F80040D7
:10BAB00093F80190DB78A40004EB430498F802307B
:10BAC0001C4444444FF0000ACA4509D3D8F8042066
:10BAD00008F1080339463046AC46BDE8F0476047F8
:10BAE00014F8013B48F823402046E8F7B5FD013043
:10BAF00004440AF1010AE7E76FF01500BDE8F0879A
:10BB000070B5002502462846144614F8013B0BB9CF
:10BB1000184609E098B18D4207D1702B04D0A3F1EB
:10BB200040023A2A0BD8002070BDA3F140063A2EFD
:10BB300005D853780135941C002BE9D00020252B23
:10BB400008BF80F001002246DEE70020704730B5D4
:10BB50008A680C68551C14B14B68934201DC8D60F7
:10BB600030BD013B934208BF00228D600CBFE25400
:10BB7000A054F5E70FB407B504A951F8040B0191DF
:10BB800000F050FC03B05DF804EB04B070470CB457
:10BB900007B504AB53F8042B0193E9F731FF03B069
:10BBA0005DF804EB02B07047044608B5084611463C
:10BBB0001A46A047F8F7C2FDEBF792FE2DE9F041D7
:10BBC0000746884615461E461446B44205D30EB1B4
:10BBD000601B08E02378002BFAD014F8010B4146D3
:10BBE000B8470028F1DABDE8F08110B503690246D4
:10BBF00013F0080009D11368D4689C4297BF526AB9
:10BC0000E31AD31A01200B6010BD00231846FAE78F
:10BC100013B501A90446FFF7E8FF20B1019BE268D4
:10BC2000013B13440193606A019BC01A013802B0C2
:10BC300010BD10B5044650182269636AD20702D5B8
:10BC4000013B184010BD984228BFC01AFAE710B552
:10BC500004460A46C168FFF7ECFF2369E06023F061
:10BC60000803236110BD38B50D46026A8B000168D8
:10BC700043F0020342F82130044601682A46FFF7E8
:10BC8000D8FFE36861682060984202BF236943F0EF
:10BC9000080323612A462046FFF7CBFF606038BDCA
:10BCA0002DE9F74FC768066A9B4616F8273003F060
:10BCB0000303022B04468846914606EB870A4FF0A1
:10BCC000000309D01360CBF800302369990710D422
:10BCD000002003B0BDE8F08F56F8271013608908E4
:10BCE000CBF80030F1D0FFF7B2FFE368A36001208A
:10BCF000EFE7E3695046984716F82730DA0705461C
:10BD0000E6D513F002031DD0B8F1000F03D0414671
:10BD10002046FFF7A8FF61682A462046FFF789FF03
:10BD2000D4E902319942606004D12A462046FFF7E7
:10BD300080FFA060A3682360E360236943F00803E9
:10BD40002361D4E7014620460193FFF780FFE268B4
:10BD5000A260B8F1000F04D02168226A019B42F86A
:10BD6000213005EB0802CBF8002021682046FFF7C0
:10BD700060FF2369206043F00803236116F8273031
:10BD80006FF3000306F82730C9F800A0AFE770B5DD
:10BD900004461546FFF74DFF2368834205D123690A
:10BDA000216023F00803236170BD226AAB0043F0D9
:10BDB000020342F82130204661682A46FFF739FF26
:10BDC0006060F1E738B503695B07044606D5856A0C
:10BDD000FFF71EFF85422CBFA562A06238BD38B5B3
:10BDE0000D4604462022002104F07DFEEB68E3614D
:10BDF000AB68A3612B6823626B6863620022A26256
:10BE00002A6923B1591E194208BF42F0010222617A
:10BE1000012204F12C000021BDE8384004F01BB9D8
:10BE20002DE9F04F87B000250093436A03958B42BC
:10BE300004460E4692460595A94639D3EFF3118B79
:10BE4000402383F31288BFF36F8F059AD8462AB137
:10BE500029462046FFF79BFF0023059304A92046AF
:10BE6000FFF7C3FE0499B14207462AD32268236A2A
:10BE700013F8221021F0030103F8221003EB8209CA
:10BE8000216832462046FFF7D4FEE36820609842DE
:10BE900012D0002788F31188BFF36F8F039929B15F
:10BEA000A2690AB12046904700230393002FC5D111
:10BEB000484607B0BDE8F08F236943F008032361CB
:10BEC000E7E718B12046FFF7CEFEE3E7009B5AEA0A
:10BED000030319D0019104F09AF90199A0B98BF3E9
:10BEE0001188BFF36F8F009B524604F12C00F7F7C7
:10BEF000DFFEEFF31188402383F31288BFF36F8FC7
:10BF0000B0FA80F77F09C5E705AB03AA204625688C
:10BF1000FFF7C6FE0746BDE770B50446C36908468D
:10BF20000D4698470246EFF31186402383F31288AB
:10BF3000BFF36F8F2B7843F001032B7061682046AD
:10BF4000FFF777FE60602046FFF73CFF86F311881D
:10BF5000BFF36F8F70BD2DE9F04104464027EFF32A
:10BF6000118687F31288BFF36F8F236913F0080FD0
:10BF7000A36802D16268934200D9626A216AD21A28
:10BF800032B986F31188BFF36F8F4FF0000833E0AA
:10BF900011F8232012F0030001EB8308F1D00228EE
:10BFA00003D151F82350AD0805D1D00712D4E3696D
:10BFB000404698470546A1682A462046FFF739FEC5
:10BFC0002946A0602046FFF742FE86F31188BFF3A2
:10BFD0006F8FC4E742F0020201F823204046E36974
:10BFE000A5689847294602462046FFF722FEA06032
:10BFF00086F31188BFF36F8F4046BDE8F081F8B536
:10C000000446C36908460D4698470646EFF3118774
:10C01000402383F31288BFF36F8F2B786FF30003F5
:10C020002B7023699B0705D5E268236A03EB820323
:10C030009D421AD12B786FF341032B70D4E9023162
:10C04000994204D132462046FFF7F3FDA060314605
:10C050002046FFF7FCFD87F31188BFF36F8F04F1D3
:10C060002C00BDE8F840F7F7FFBD2B6860F39F0395
:10C070002B60F0E702698368120702D442689A4293
:10C0800000D2426AD31A181E18BF012070470368F5
:10C0900000220BB9184670478B4210D10B6842B989
:10C0A00042680360914200D1436000230B6001208D
:10C0B000704713604368994208BF4260F5E71A462B
:10C0C0001B68E6E7838B13F0070305D10368002B99
:10C0D0000CBF002003207047022B05D1C08BB0FAA3
:10C0E00080F0400980007047012B05D10368002BC8
:10C0F0000CBF0020052070470020704710B50C468B
:10C1000000B111B96FF0150010BD081D00F0D2F894
:10C110000028F9D1A368032BF6D9F3E72DE9F04104
:10C120000D4607461946281D90461E4600F0D6F8D3
:10C13000044638B13346424629463846A446BDE84F
:10C14000F0416047BDE8F08110B4EFF31182402464
:10C1500084F31288BFF36F8F816110BC0121EAF76D
:10C1600087B838B50C46054658B151B10B6843B194
:10C170004B6833B12022002104F0B5FC2C61002073
:10C1800038BD6FF01500FBE770B505460E46FFF7AA
:10C19000B5FF041E14DBEFF31182402383F31288F2
:10C1A000BFF36F8FEB8BAC8B4FF6FF718B4204F0BC
:10C1B000070407D182F31188BFF36F8F6FF00A0471
:10C1C000204670BD022C0CD10133EB8382F3118821
:10C1D000BFF36F8F0023224631462846FFF79EFFAC
:10C1E000EEE7062C14D8DFE804F004131313041A46
:10C1F0000400002333606B683BB9C5E90066ACB945
:10C2000002212846EAF734F8DAE71E606E60F6E7A6
:10C2100082F31188BFF36F8F6FF00404D0E782F3CD
:10C220001188BFF36F8F6FF08504C9E782F311881F
:10C23000BFF36F8FC4E710B5EFF31182402383F390
:10C240001288BFF36F8F848B04F00704022C0AD08E
:10C25000012C0CBF6FF004006FF0850082F3118891
:10C26000BFF36F8F08E0C38B013B9BB2C38323B93D
:10C270002146E9F7FDFF204610BD2046EEE738B520
:10C28000A8B1A1B1EFF31185402282F31288BFF368
:10C290006F8F848BFFF7FBFE30B104F0070085F34E
:10C2A0001188BFF36F8F38BD6FF07700F7E76FF03D
:10C2B0001500F8E7034640B1426802F00302022A83
:10C2C00006D0032A04D0012A05D06FF0150070476C
:10C2D0001A68002AF9D000209860704710B54268AB
:10C2E000816002F00302022A03464FF0000407D0E7
:10C2F000032A02D05C60002001E018685C6010BD79
:10C3000018685C600028F6D0F8F7BAFCF3E7F0B5DF
:10C31000C6684568C369AF1B04464069BB4298BF05
:10C32000FF1AA5EB0000944698BFF6181A1AD81BFE
:10C330002368AD1B62452B4428BF62460B606368CF
:10C34000904228BF104603446360F0BDD0E901234A
:10C35000D21A8A420CD31944C368C269C0E90111D8
:10C36000C91A8A4201D9002070471344C360FAE712
:10C370006FF015007047F0B5044686690569C0691D
:10C38000A368AF1BB842944698BF3618A3EB0502CA
:10C390002368A5EB060598BF3F1A2B446245A0EB26
:10C3A000070028BF62460B602369904228BF1046F1
:10C3B00003442361F0BDD0E90423D21A8A420CD38E
:10C3C0001944D0E90632C0E90411C91A8A4201D9D8
:10C3D0000020704713448361FAE76FF0150070473F
:10C3E000704703785B075FBF03684288C3F34A2343
:10C3F00003EB12105DBF173020F00700800800200B
:10C4000070470020704702F0D1BB0346BFF35B8F3B
:10C4100053E8000F421C43E800210029F8D1BFF384
:10C420005B8F70471FB50023CDE90201CDE90033D2
:10C430001A4619461846EAF71DFB05B05DF804FBDD
:10C440000120EAF7F5B80020704770B5D2E901364F
:10C450009B1B8B420C4615460AD313680A460146BD
:10C46000981904F018FBAB682344AB60204670BDFC
:10C470006FF01B00FBE770B50E46154619460446E3
:10C4800018B9BDE87040EAF7D3B833B1C2F34A2314
:10C490001030120D184404F0FEFAC4E9005620468C
:10C4A000BDE87040EAF754BA2DE9F3415F1C4FEA4A
:10C4B0008708064608F1170020F0070080080C46A0
:10C4C0001546EAF71FF90023ADF805308DF807305F
:10C4D0008DF8047068B10346019A43F8102FA8F153
:10C4E00004012A46294452F8045B43F8045F8A4257
:10C4F000F9D1A20102F4E07242EA482222F07F421E
:10C5000022F47002002322F03F02314602B0BDE85F
:10C51000F041FFF7B0BF07B50123019201AAFFF771
:10C52000C3FF03B05DF804FB07B5CDE90023022388
:10C530006A46FFF7B9FF03B05DF804FB1FB5CDE90C
:10C540000123069B039301AA0323FFF7ADFF05B068
:10C550005DF804FBF8B506460D4614461F4604B9BF
:10C56000F8BD214628463A46B047241A0544F6E766
:10C5700013B500240094E9F7BBFA02B010BD10B562
:10C58000426881680446D2E900230068FFF7E2FFB1
:10C59000636800221A6010BD38B54B681A68CB6812
:10C5A0009A4205460C4602D10846FFF7E8FF636849
:10C5B000BFF35B8F53E8002F511C43E800100028A5
:10C5C000F8D1BFF35B8FA3689D54002038BD0A28C3
:10C5D00038B504460D4602D10D20FFF7DDFF294690
:10C5E0002046FFF7D9FF002038BD2DE9F04305466E
:10C5F00087B008460E8891F80090D1F808800C4664
:10C600001746EAF77DFA011EC6F38216C9F3C2097E
:10C610001EDB4846EAF7AEF903462146608851F82A
:10C62000102B0196C2F34A22002A01EB0204C0F348
:10C630000B1008BF00210022CDE90407CDE9021448
:10C64000009241462846EAF787FA07B0BDE8F08332
:10C650000023E2E708B50020E9F7F4FD7047014642
:10C660000068EAF707BE08B5EAF760FEBDE80840D3
:10C67000EAF760BE0A460121FFF74DBF0021012005
:10C68000EAF7F8BD38B504460D4611461A46EAF7F2
:10C69000E3FD2046049A2946EBF7CAF9204638BD47
:10C6A00061B662B680F31188BFF36F8F704772B6C0
:10C6B000002383F31188BFF36F8FBFF34F8F30BF19
:10C6C00062B6BFF36F8F704772B6002383F3118891
:10C6D000BFF36F8FBFF34F8F20BF80F31188BFF37D
:10C6E0006F8F62B67047202809D9B0F1004F08D883
:10C6F0000138B0FA80F0C0F11F00400070470820F8
:10C7000070473E207047002070474FF0FF30704761
:10C710000020704708461146EBF7AEBB08461146AD
:10C72000EBF7BEBB4FF0FF30704700207047022888
:10C73000CCBF0020012070474FF400534B60002015
:10C74000704710B504461420F9F758FA2060BDE888
:10C75000104003F0E5BB4FF0FF324FF0FF33F7F727
:10C760009DB9F7F713BAF6F793BF7047816A8968E6
:10C77000EBF76EBC034618465B68002BFBD1704795
:10C78000426810B52AB10B461C465B68002BFBD1F2
:10C790006260416010BD8388026819448180D018AE
:10C7A0007047034600689A88521A01449A801960BB
:10C7B000704703688268C0889B1AC01A80B27047AD
:10C7C000032070470020704710B50C46F0F710F9B1
:10C7D00000280CBF2046002010BD38B503689D68B6
:10C7E00028460C4600F065F8844204D1284600F043
:10C7F0006CF8012038BD2046EFF730FB003818BF39
:10C8000001204000F6E738B58B680C46002543B997
:10C810002046EFF72FFB10B1204600F0D7FF284647
:10C8200038BD1A8A5B681544F1E7F7F7AFB94A09D2
:10C83000012301F01F018B4000EB8200BFF35B8FEF
:10C8400050E8002F1A4340E800210029F8D1BFF337
:10C850005B8F704708B5EBF7ADFC30B100F1F0012C
:10C86000BDE80840503003F0A3BC08BD0020FFF72E
:10C87000F1BF4FF0FF324FF0FF333830F7F70EB90A
:10C8800010B50446F038FFF7F4FF54F8F00C05F04B
:10C8900055FE48B954F8F00C02F01CFAA4F1B800A7
:10C8A000BDE81040FFF7C1BF54F8F00C05F03BFEA7
:10C8B000EBE742890389934201D1037B1BB1043228
:10C8C00050F82200704718467047438902899A42FF
:10C8D00001D1027B3AB101339BB20A2B08BF00237E
:10C8E0004381002303737047026803464AB94068D6
:10C8F00048B99A6842B9D86800F17F435842584114
:10C900007047002070471046704738B590F848309F
:10C910006FF3820380F84830836804460D467BB18C
:10C9200099B194F8483043F0040384F84830204625
:10C9300000F09FFF94F84730C3F30213032B0DD987
:10C940002046BDE8384000F041BF0146806900F054
:10C9500027FC0128E5D00028F2D138BDA368DB68A8
:10C960001B7803F0F003602BEAD129462046ECF750
:10C9700051FCF0E708B501F0F0F9ECF7C7F9ECF776
:10C980003FFC01F0B4FCECF71BFCECF711F9ECF701
:10C9900095FAECF7A3F9002008BDF0B5044685B080
:10C9A000002800F081808368002B7DD08369002BF4
:10C9B0007DD000F044FF204600F05BFF94F8473044
:10C9C000C3F30213022B66D1A368DD68EB79002B59
:10C9D0004DD0ECF797F91022014605F1180004F04C
:10C9E0004AF818B96FF07C0005B0F0BDA368DD68A7
:10C9F00018352846FFF778FF0146002839D0A3688C
:10CA0000DA6802F108052B466F4602F1180C186827
:10CA100059683E4603C6083363453746F7D1283286
:10CA200053F8041B45F8041B9342F9D1A368DB6853
:10CA30006A46183304AE154603CDB54218605960F6
:10CA40002A4603F10803F6D1A26948F2DD63A4F88F
:10CA5000443011680B6963634B69A36312681369FF
:10CA6000E3635369236401212046FFF74EFF002052
:10CA7000BAE72846EBF7ACFD0028C0D1A368D86818
:10CA8000037EFF2B02D1437E012BECD00830FFF751
:10CA90002BFF0028A6D1A069214600F096FB0228B2
:10CAA000E5D16FF004009FE76FF03C009CE76FF06A
:10CAB000150099E7816809B9FFF727BF4968FAE7C8
:10CAC00038B505460C4641B338B38B6843B3DA68D2
:10CAD00032B31B8A23B30368BFF35B8FDB68BFF3FA
:10CAE0005B8FDB071FD591F8473043F0010381F8D6
:10CAF0004730084600F0BDFEA5612B6894F85C0045
:10CB00005B7D84F8393084F84130ECF7CFF9214669
:10CB1000C0B2ECF7C3F9002038BD6FF01500FBE799
:10CB20006FF03C00F8E76FF07200F5E700230B6050
:10CB3000436813B9C0E9001170471960416070473C
:10CB4000036800220BB9184670478B4210D10B685E
:10CB500042B942680360914200D1436000230B60F8
:10CB60000120704713604368994208BF4260F5E7AF
:10CB70001A461B68E6E740F2FF230B6000238B8018
:10CB8000CB800B814FF480734B81FF230B73437B6E
:10CB90004B73C389CB81704710B1006800B1406806
:10CBA000704710B428B1C46C1CB12346426810BC55
:10CBB000184710BC704710B50346FFF7EDFF28B1CA
:10CBC000C2681AB1BDE8104018461047002010BDD9
:10CBD000802AF8B507460E46144617D8D5082A46C7
:10CBE00003F049FF90B9644214F0070410D07B5D54
:10CBF000725DC4F108015A40FF238B40DB43DBB276
:10CC0000A3401A420CBF01200020F8BD0020FCE721
:10CC10000120FAE708B5102203F02DFFB0FA80F0EA
:10CC2000400908BD08B503F04DFC4FF47A72A0FB33
:10CC3000020302FB0133C00B40EA434008BD4A092E
:10CC4000012301F01F018B40DB4300EB8200BFF3A7
:10CC50005B8F50E8002F1A4040E800210029F8D1EE
:10CC6000BFF35B8F7047F6F719BF4FF0FF324FF0FD
:10CC7000FF331430FFF7F7BF40B10368BFF35B8F9A
:10CC8000D868BFF35B8F084100F0010070470123B3
:10CC90008B400C30BFF35B8F50E8002F1A4340E805
:10CCA00000210029F8D1BFF35B8F7047F6F76EBF04
:10CCB0002DE9F04F0C4689B0064692469846FFF79C
:10CCC000D4FF022C39D1694650467468FFF753FFF0
:10CCD000002504F104094FF0FF37AB462C2303FB7A
:10CCE000054292F82A20920710D5484604A9FFF77A
:10CCF00042FF6846FFF78EFF08B10BF1010B51466A
:10CD00004846FFF787FF002818BF2F460135062D3C
:10CD100009F12C09E2D17B1C0FD0B8F1000F01D032
:10CD2000C8F800B02C2303FB074406F11400FFF7FA
:10CD3000BDFF204609B0BDE8F08F0024F5E72DE9DE
:10CD4000F041054688461E461746FFF78EFF08212C
:10CD50002846FFF791FF044668B92B68C3F8108096
:10CD60002B681F752B685E7505F11400FFF79EFF99
:10CD70002046BDE8F0814FF0FF34F5E72DE9F74F8D
:10CD800006460191FFF771FF776847B307F586798B
:10CD90004FF000084FF0180A0AFB087202F58C7B6E
:10CDA00092F81C51EB0711D501994846FFF732FF65
:10CDB000044658B16FF300058BF8045006F11400D7
:10CDC000FFF774FF204603B0BDE8F08F08F10108BB
:10CDD000B8F1080F09F11809DED10024EEE73C464E
:10CDE000ECE738B50C460546FFF73FFF237D6FF3B0
:10CDF0004103237505F11400BDE83840FFF756BF25
:10CE00002DE9F0410F46054618B9EBF785FB0546BD
:10CE100078B32846FFF729FF6E682EB396F8ED31F8
:10CE20009A07C3F340040AD596F8EC21394606F573
:10CE3000EC70FFF7CDFE044608B106F5E47496F8F1
:10CE400015329B070FD596F814823946424606F5EF
:10CE50000070FFF7BDFE30B11CB194F8243043459B
:10CE600001D906F5F874264605F11400FFF71EFFF8
:10CE700035462846BDE8F08138B50546FFF7F5FE92
:10CE800000212846EBF76EFB002809DB6C680CB12B
:10CE900094F8254205F11400FFF708FF204638BD3D
:10CEA0000024F7E738B50546FFF7DFFE00212846E6
:10CEB000EBF758FB002809DB6C680CB194F82442AE
:10CEC00005F11400FFF7F2FE204638BD0024F7E715
:10CED000F8B505460E46FFF7C8FE6C68ECB1231D99
:10CEE00000222C2148F2FE0001FB024797F82A702D
:10CEF000BF070CD5771C03D093F92570B74206D134
:10CF000033F8047C022F02D11F8887420BD00132F4
:10CF1000062A03F12C03E7D1002405F11400FFF7E2
:10CF2000C5FE2046F8BD1C46F7E74FF48072EBF7CC
:10CF3000DFBB37B5D0F81842650804210DEB0100BE
:10CF4000EBF714F804EB44040198C5EB5404B0FB70
:10CF5000F4F304FB1300284403B030BD08B5436864
:10CF60000A463BB10221EBF727FC0028CCBF00208A
:10CF7000012008BD1846FCE72DE9F04707460E469C
:10CF8000904699460C1D00254FF02C0A0AFB0563BC
:10CF900093F82A309B0711D534F8043C022B0DD1AD
:10CFA00094F82430012B09D14A4621464046FFF728
:10CFB0000FFE18B121463846FFF7D0FF0135062D88
:10CFC00004F12C04E2D1BDE8F0877FB503680021AD
:10CFD0009D7E0446FFF750FE00286ED12368022292
:10CFE0009A762068837E934240F0D880062D40F0E8
:10CFF000D58008210C30FFF722FE2046FFF7DBFD2D
:10D0000010F0080140F0CA801022684603F06BFD62
:10D0100007212046FFF730FE38B30B212046FFF7EB
:10D020002BFE10BB48F2FE022368009201901A7D8D
:10D03000062A00F08E80082A00F0AA80022A10D169
:10D040005A7D012A0DD10290FF221B698DF80B2019
:10D05000FE22ADF80C201A785B788DF80E208DF842
:10D060000F3069462046FFF779FF2046FFF7FDFDA8
:10D0700007212046FFF700FEC0B169462046EBF7C6
:10D0800071FA002812DB00251826009906FB05F32B
:10D09000CA1892F81C21D20705D503F584731944E8
:10D0A0002046FFF79EFE0135082DEED104F1140055
:10D0B00004B0BDE87040FFF7F9BD2368186802F0BE
:10D0C0003EFE10B9236803228AE709212046FFF7B4
:10D0D000D3FD002882D00A212046FFF7CDFD22682B
:10D0E000C0F10603DBB293762068827E9A4255D166
:10D0F000062A7FF47BAF062D50D00821FFF7C7FD2D
:10D100002046FFF758FD010748D42046FFF7ADFD44
:10D1100007212046FFF7B0FD40B10B212046FFF765
:10D12000ABFD18B969462046EBF71CFA04F1140070
:10D13000FFF7BCFD2046FFF73EFD07212046FFF725
:10D140009BFD58B30B21204604B0BDE87040FFF7AB
:10D1500093BD1A695B7D91788DF80A10FF218DF8D7
:10D160000B10FE2110888DF80C10032BB2F8031061
:10D170005279ADF80800ADF80D108DF80F207FF44E
:10D1800070AF9DF8083083F002038DF8083068E72F
:10D190001A691068516802AB03C3F2E704B070BDAE
:10D1A00010B50346FFF7F8FCBDE8104002681846CA
:10D1B000104710B50C4691F85C0000F0DDFDA06949
:10D1C0002146BDE81040EBF763BC38B50C464A6910
:10D1D00009210546FFF750FD20B9F2B9E36B13BBF7
:10D1E000022019E004212846FFF746FD0028F4D16B
:10D1F00001212846FFF740FD48B9636B3BB9A3699D
:10D200001A68126962631B681B7D84F838302846EF
:10D210002146FFF7CEFF002038BD6FF072011046A7
:10D22000FFF7BFFCDAE76FF0720204F13C01284619
:10D23000EBF708FCD4E7012070470120704738B5B0
:10D240000546FFF712FD00212846FFF715FD08BB34
:10D250002846FFF7A1FC2B68044670B1846864B1CE
:10D26000186802F06CFDC0B12846FFF795FC01215B
:10D27000836828469847041E06DB28680021FFF7CC
:10D2800006FD2846FFF7A1FE05F11400FFF70EFD8D
:10D29000204638BD6FF07704F6E76FF00504F3E73A
:10D2A00038B50546426011B9C0E9021138BD4FF4E6
:10D2B0007A73A1FB03416FF0004200232046E2F79E
:10D2C000BFFFC0EBC073E31AE86005BF6FF0004317
:10D2D00000F1FF30AB60AB6008BFE860E6E770B517
:10D2E000C5684468034635B16FF00046701A2044A3
:10D2F000002806DD70BD83681C44601A20EAE070D7
:10D30000F8E76A1E01F10040DA6001309A6859605E
:10D31000211A001B82429FBF9219023D5218DD6004
:10D320008CBF89189A60DA6888BF99600AB99868D2
:10D33000E0E76FF00040DDE72DE9F04111F0010674
:10D340004DD140BA80B233468C0709D5012A07D99E
:10D3500031F8024B2418A2F10202204643F10003E7
:10D360000D4694464FF0000EBCF10F0F05F110056D
:10D3700041D814096FF00F0505FB04224FEA041C85
:10D38000174601EB0414032F4BD86FF003059408E4
:10D3900005FB04242A406244012C01EB020507D955
:10D3A0008A5A1218A4F10204104643F10003023510
:10D3B000012C07D12A78E90748BF1202121810463B
:10D3C00043F10003020C42EA0342190C52EA1343F0
:10D3D00080B22FD10EB940BA80B2BDE8F0810023EF
:10D3E000002ABDD011F8014B2402241843F1000398
:10D3F0002046013AA8E755E90447E41955F8087CA6
:10D400004EEB0E08E41955F8047C48F10008E419C5
:10D4100048F100072418ACF1100C204643EB070339
:10D42000A2E754F8045B2D18A7F10407284643F13E
:10D430000003A8E7801841F10003C3E72DE9F04796
:10D4400090F84730C3F30213022B054674D183686A
:10D450000022002B45D195F84630CC1AB5F84A3059
:10D460002846E41A1444D5E9038700F002FA95F837
:10D47000473095F8461003F0010643F0010385F8A4
:10D480004730A4B22039284600F04EFA29692022FC
:10D490002046FFF751FFB5F84A10044620312846D0
:10D4A00000F042FAEA6862B12B6953B1B2F8109009
:10D4B000D2689B1AA9EB0309D5F80CA0BAF1000FAA
:10D4C00013D1002C35D064BAA4B295F84730C5E921
:10D4D000038766F30003E04385F8473080B2BDE878
:10D4E000F087188A5B680244B3E7204629694A46F8
:10D4F000FFF722FFDAF80430EB600446002BE0D09F
:10D500001A8A002ADDD0DA682A6119F0010F0DD0DD
:10D51000117801320C44A4B22A61A142B3F81090F0
:10D5200084BF0134A4B209F1FF39C5E7B3F8109004
:10D53000C2E74FF6FF74C8E70020D0E738B5C368EC
:10D5400004460D465868E06030B14DB10C30FFF72D
:10D5500030F9E3680028F5D0E3681BB9236138BDD2
:10D56000008AF6E7DB68F9E738B50446C0680D467F
:10D5700088B171B10C30FFF71CF9D4E90323D268EC
:10D580009B1A834207D129462046BDE83840FFF761
:10D59000D5BF008AF1E738BDF8B50446164694F8C1
:10D5A0004730C068DA070F4615D4A6B10C30FFF734
:10D5B00000F90546D4E90303C2689B1A3B44AB4219
:10D5C00011D194F84730DB0708D431462046BDE836
:10D5D000F840FFF7B3BF058A0026EBE70C30FFF7F2
:10D5E000E8F8A842F1D923693B442361F8BD2DE94D
:10D5F000F04F85B0824602A80D4693461F4602F0C2
:10D6000063FFDDE90289002426465A463B46504620
:10D610000194FFF7ABF80199044628B9CEB900266A
:10D62000304605B0BDE8F08F06B981B14C60638A21
:10D63000AB4288BF6582638A4246ED1A02A84B4618
:10D6400002F066FFDDE902B7002DDED1E8E706460D
:10D65000EDE73046EAF788FDE1E70346002003B92D
:10D6600070471A8A5B681044F9E72DE9F8439DF882
:10D67000208004460F4616469946E368002B00F0CA
:10D6800083800EB9304684E094F8473013F0010FE0
:10D6900020460CBF41460021FFF766FFE0680028E6
:10D6A00075D0B8F1000F1ED094F84730DD071AD4BA
:10D6B0000C30FFF77EF8D4E90323D2689B1AC51A11
:10D6C000002D64D0B54228BF3546B9F1000F2ED0E9
:10D6D0007FB9B8F1000F43D1424629462046FFF7F3
:10D6E0005BFF002731E02369C268058A9B1AED1AA7
:10D6F000E6E720692A46B8F1000F0DD0394603F05D
:10D70000CAF994F84730D90730D501222946204676
:10D71000FFF742FF4FB9E4E70146384603F0BBF993
:10D72000424629462046FFF737FF2F440DE077B1E8
:10D73000396820692A4603F0D6F9B8F1000F09D1FB
:10D74000424629462046FFF727FF761B95E7B8F1AA
:10D75000000FC1D094F84730DB0707D50122F0E76E
:10D7600094F84730DA0701D50122B6E7E068294688
:10D770000C30FFF710F8424629462046FFF70CFF11
:10D78000B9F1000FC6D1E0E7002E3FF47BAF6FF098
:10D790006800BDE8F8832DE9F04106460F461546BE
:10D7A0001C4602F034FD08B100252C46802F06D817
:10D7B0002A4623463046BDE8F041FEF7D7BF002099
:10D7C000BDE8F08108B1EAF7CFBC704710B5044658
:10D7D00010B3BFF35B8F236BBFF35B8F04F1300299
:10D7E000D3B1BFF35B8F591E52E8000F984204D1AA
:10D7F00042E8001CBCF1000FF6D1BFF35B8FE8D10B
:10D80000012B09DCA06808B1FFF7DCFF6068214646
:10D81000BDE8104002F04CBB10BD70B5044630B1FD
:10D820008568002625B9A068FFF717FF301A70BD7C
:10D8300005F10C00FEF7BDFF6D680644F2E7F8B590
:10D84000044680680027054600B9F8BD038A46688B
:10D850003BB9A368834207D1A6604760EAF784FC1E
:10D86000284605463046EFE76B68834208BF6E6086
:10D87000F3E78368C36003B1DB680361704710B5E9
:10D880000C46EBF751FA38B184612CB123685B7D0B
:10D8900080F8393080F8413010BD10B582680C46F0
:10D8A00022B98160BDE81040FFF7E3BF1046FEF7E4
:10D8B00061FF2146BDE81040FEF762BF2DE9F04F41
:10D8C00085B0DDE9106704468B4602A815469A46E6
:10D8D00032463B4602F0F8FD204632463B4659466A
:10D8E000DDE90289FFF7CBFF0446C0B190F847306D
:10D8F0006AF3061380F84730424602A84B4602F00E
:10D9000007FEDDE902679DF83820CDE9006729466A
:10D910002046EBF73DFA18B12046FFF757FF0024E9
:10D92000204605B0BDE8F08F07B501230093002322
:10D930000A461946FFF799FE03B05DF804FBF8B5F7
:10D9400013680E4617469BB190B1846884B10025D8
:10D95000E268218A93420CD35018834209D29B1A61
:10D9600059193046FFF785FFFFF7DEFF33693B604B
:10D97000F8BD64680D44ADB2002CE9D1F8E7F8B504
:10D9800090F8473091F84720C3F3021363F306126F
:10D9900081F8472043694B6190F8463081F8463062
:10D9A00090F8502091F8503062F3050381F8503020
:10D9B00090F8503091F850209B0963F3871281F85A
:10D9C0005020D0E90823C1E90823836A8B6290F8CC
:10D9D0005C3081F85C3090F8482091F8483062F370
:10D9E000000381F8483090F8473091F84720C3F39E
:10D9F000400363F3410281F8472090F84730D2B2E8
:10DA0000C3F3800363F3820281F8472090F8473024
:10DA1000D2B2C3F3C00363F3C30281F8472090F886
:10DA2000483091F84820C3F3C00363F3C30281F880
:10DA3000482090F84830D2B2C3F3800363F38202E7
:10DA400081F84820B0F84430A1F844308368054696
:10DA50000C46BBB18E68AEB1436B4B63836B8B637B
:10DA6000C36BCB63036C0B6483689E4201F1340289
:10DA700001F13C0706D0FFF762FF3A4621462846EF
:10DA8000FFF75DFF95F84730C3F30213022B13D164
:10DA900095F8493084F84930B5F84A30A4F84A304E
:10DAA00095F84E3084F84E30B5F84C30A4F84C3030
:10DAB00095F84F3084F84F306B6D6365AB6DA3659F
:10DAC000F8BD1FB501230391009303A90023FFF7BD
:10DAD000CCFD05B05DF804FB07B5002300930123DE
:10DAE000FFF7C3FD03B05DF804FBF8B506460F462B
:10DAF0001446F368002B46D0FB68002B43D00CB9CA
:10DB0000204625E001213046FFF72EFD3846002152
:10DB1000FFF72AFDF068C8B1FA68BAB1158A3B6907
:10DB2000D2680C309B1AED1AFEF743FE0346D6E985
:10DB30000320D268A542A0EB0202A3EB020301D9A5
:10DB4000A34206D89D4228BF1D461DB96FF068004C
:10DB5000F8BD254639692A4602F09DFF96F8473000
:10DB6000DB0704D4F06829460C30FEF714FE0122CE
:10DB700029463046FFF710FD002229463846FFF7B8
:10DB80000BFD641BB5E7002CBAD0DFE783682BB927
:10DB9000002914BF6FF01500002070471A8A8A42CE
:10DBA0002CBF1982891A5B6828BF0021EFE710B5E6
:10DBB000C26803467AB1006938B1996800238A4285
:10DBC00004D1D268801A034498B210BD0C8A496807
:10DBD00023449BB2F3E71046F7E72DE9F04385B005
:10DBE00004460D4691469846FFF7E1FF0746A068B8
:10DBF00094F84760A169FFF730FD00230246CDE9A4
:10DC0000029828460093FFF759FE06F001060546E4
:10DC1000F0B194F8473043F0010384F847302046D0
:10DC2000D4E90398FFF725FEA068FFF716FD21460B
:10DC300002462846FFF759FF78B12846FFF7C6FD90
:10DC400094F84730C4E9039866F3000384F847303A
:10DC50000025284605B0BDE8F08395F8473043F02D
:10DC60000103204685F847302946FFF788FE2846FD
:10DC7000FFF7FFFD17B13946FFF756FE95F847301D
:10DC800066F3000385F8473094F8473066F30003E5
:10DC9000C4E9039884F84730DBE74168FFF79DBF8C
:10DCA00010B590F84710044601F0010181F0010120
:10DCB000FFF75AFCE3688BB1206948B194F847201C
:10DCC000D20706D5188AD4E90323D2689B1AC01A52
:10DCD00010BD03F10C00FEF76CFDF4E71846F7E702
:10DCE00073B50369994204460E4615460AD1FFF7FB
:10DCF000D7FFA84206D32946204602B0BDE87040AF
:10DD0000FFF712BE012300932A4631462046FFF753
:10DD1000ACFC02B070BDF8B504464E680D46FFF786
:10DD2000BFFF864203D823692B60286810E094F86F
:10DD300047302968DB07F8D549B16A682046D4E93D
:10DD40000376FFF7C9FEC4E903760028EDD0002072
:10DD5000F8BDD1E90012FFF7C3BF704710B5044604
:10DD60004FF0FF324FF0FF332046F5F74BFF00280E
:10DD7000F6D0FEF79FFEF3E700207047704707B527
:10DD8000022300916946ADF80430EBF7BFF803B009
:10DD90005DF804FB0268034642B9406840B99A68DE
:10DDA0003AB9D868B0FA80F040097047002070474F
:10DDB0001046704710B590F847001488C0F3021061
:10DDC000844213D1022C13D109686BB10831141DA0
:10DDD0002046FFF7DFFF30B91022204602F04BFE4D
:10DDE000B0FA80F0400910BD1831F0E70020FAE7E2
:10DDF0000120F8E7F7B504230E4600276946CDE970
:10DE000000730446FFF787FF0546B8B18770C770F7
:10DE1000A069FFF710FA00B956B13A212046FFF782
:10DE20000DFB688094F8483043F0080384F84830CC
:10DE300069462046FFF78DFF03B0F0BD6FF0680024
:10DE4000FAE7F7B504230F4600256946CDE90053EC
:10DE500004461646FFF75FFF48B1077046708570AD
:10DE6000C57069462046FFF774FF03B0F0BD6FF040
:10DE70006800FAE72DE9F3411568B1F84A30AA883D
:10DE8000C3F57F4352BAFC3313449FB21BB2032B3A
:10DE90000E4605DC6FF00405284602B0BDE8F081AF
:10DEA0004FF400420023CDE900233946B0693A23FC
:10DEB0000222EAF7CFFF04460028EBD02B7EFF2B8F
:10DEC00005F1080810D14146B069FFF72EF8036844
:10DED00001465BB943684BB983683BB9C3682BB94A
:10DEE0002046FFF773FCD5E705F118010023E36333
:10DEF000636396F8502094F8503062F3050384F879
:10DF0000503096F8503094F850209B0963F38712F4
:10DF100084F850202046424600F03DF90246002891
:10DF2000DED181212046FFF78CFF0028D8D13A4668
:10DF300031462046FFF7D9FD05460028D0D12046BE
:10DF4000FFF797FC3A21204600F089F92046FEF7BA
:10DF500024FD0028A0DAC3E72DE9F047054686B086
:10DF6000994600242823CDE9024388469246FFF7CC
:10DF700080FC02A92846FFF7CEFE0746002800F0E5
:10DF8000B08083793A2B18D103990494042328464E
:10DF90000593FFF7C9FC04A92846FFF7BCFE18B19A
:10DFA00090F90030A34205DB6FF01505284606B056
:10DFB000BDE8F0872846FFF75CFCBB79112B59D0F0
:10DFC000062B59D0AB680020002B4FD195F8383084
:10DFD000022202FB030100244FF40043CDE9003488
:10DFE0000431A8693A23EAF735FF044600287BD0BC
:10DFF00095F83820696BFFF773FE061E31DBA368C6
:10E00000DB68E36395F84020E96B2046FFF768FE84
:10E01000061E26DBA06895F840100C30FEF7C1FB09
:10E02000A06850F80C3F636395F83810FEF7B9FB11
:10E0300095F8403084F8383095F8383084F840301E
:10E040003B7EFF2B07F1180103D1A069FEF76DFF9E
:10E05000014607F10802204600F09DF870B16FF00C
:10E0600004062046FFF7B2FB35469FE71A8A5B6835
:10E070001044A9E73020A9E73C20A7E741465246D3
:10E080002046FFF7DEFE01460028E8D1B8F1040F74
:10E0900022D199FA89F3424604A920460493FFF756
:10E0A0001FFE06462046FFF7B8FB0246002ED8D1D9
:10E0B00029462046FFF719FD05460028D1D1204604
:10E0C000FFF7D7FB3A21204600F0C9F82046FEF7BB
:10E0D00064FC0028C5DB69E704222046FFF7F1FC59
:10E0E000DFE76FF0040561E76FF00B055EE773B5DE
:10E0F000002204230E466946CDE900230446FFF7BB
:10E100000AFE054610B9022002B070BDA069FFF7F3
:10E1100094F868B901992046FFF706FC2A46314673
:10E120002046FFF72CFE2046FFF750FB0020EBE7D0
:10E130003A212046FFF782F90028EBD0E3E7026896
:10E1400003464AB9406848B99A6842B9D86800F1AC
:10E150007F4358425841704700207047104670472F
:10E160004A8843889A4214D18A8883889A4210D177
:10E17000CA88C3889A420CD14B684268934208D13E
:10E180008268934205D1C368C868C31A584258418F
:10E190007047002070472DE9F34128230E464FF0C9
:10E1A00000086946CDE9008305461746FFF7B3FD31
:10E1B0000446002850D095F8502080F8028002F0E4
:10E1C0003F039B0043EA92121B0943F060031201D4
:10E1D0000370427080F8038080F8048080F8058026
:10E1E00080F8068095F84930C3713BB93A786B697D
:10E1F000FF2A29D11BB393F87830E3713A4604F132
:10E20000180307F1100152F8040B43F8040B8A427B
:10E21000F9D1083406F1100356F8042B44F8042B06
:10E220009E42F9D1282385F846300023A5F84A30CC
:10E2300069462846FFF78DFD02B0BDE8F081A86968
:10E24000FEF71AFEE071D9E713B193F87730D4E7FF
:10E25000A869FEF727FEF5E76FF06800ECE773B5F5
:10E2600028230025CDE9005390F8473043F00103FF
:10E270000E4680F8473069460446FFF74CFD18B952
:10E280006FF0680002B070BDA2682B46D2B9283B7F
:10E29000C3F3072242EA0323838094F84F30FF2B15
:10E2A00008BF3346837169462046FFF752FD94F854
:10E2B0004F30FF2B0AD1112E10D10021204600F043
:10E2C00019F8DFE7118A52680B44DFE7B4F84A1007
:10E2D0002046FFF729FB0028EDD0D1E73A2E04D1E4
:10E2E00000212046FFF786FDCCE70020CAE700F0BA
:10E2F00000B870477FB508230E460DEB03010446B6
:10E30000CDF808D00393FFF706FD054648B3A26891
:10E31000002312BB94F84620B4F84A100A449B1A12
:10E320005BBAAB80A069FEF786FF00B97EB1112110
:10E330002046FFF783F84FF6FF73002818BF034607
:10E34000EB8094F8483043F0080384F8483002A981
:10E350002046FFF7FEFC04B070BD118A52680B44E2
:10E36000D7E76FF06800F6E770B504460E46FFF792
:10E37000D2FC054610B90025284670BD314620461E
:10E38000FFF7E7FC03460028F5D1AA88A16852BA36
:10E3900092B2B1B994F84610B4F84A0001445B1A3D
:10E3A0009A42E8D1A069FEF748FF0028E4D0EB8844
:10E3B000002BE0D011212046FFF740F80028DBD0E9
:10E3C000D9E7088A49680344E3E70369C9B20C2224
:10E3D00001FB0233986C00F00700704770B5C9B2BA
:10E3E0000369EFF31185402484F31288BFF36F8F24
:10E3F0000C2606FB0134A46C14F0C00408D0A24221
:10E4000006D085F31188BFF36F8F4FF0FF3070BDDA
:10E4100071430B4401229A6485F31188BFF36F8F17
:10E4200043680B445B6898470020F0E78022FFF7C1
:10E43000D5BFF8B5069F0469C9B2EFF31186402530
:10E4400085F31288BFF36F8F0C2569430C44A56CCC
:10E4500005F0070CBCF1010F0BD1A76486F31188FE
:10E46000BFF36F8FC4E9102343685B5898470020BF
:10E47000F8BD05F0C005AF4286F31188BFF36F8F7A
:10E480000CBF6FF077004FF0FF30F1E713B5802439
:10E490000094FFF7CEFF02B010BD0069CBB200EBD5
:10E4A0004310002110470020EDF7F2B9002000F0E2
:10E4B000C8BB1046F5F7D8BBF7B50F4616464FF464
:10E4C00080650024A64203D816D0162003B0F0BD04
:10E4D000331BB3F5806F38BF1D462A4601AB39198F
:10E4E0000020FAF775F920B9019BAB4201D12C4409
:10E4F000E8E76FF01500E9E70020E7E7002208B53C
:10E5000011461046FAF734F9002818BF6FF01500CD
:10E5100008BD18B901F13000F5F7A6BB704737B553
:10E520000D46416811B3D1E90013846804B3D4E9FE
:10E530000024F4B1EBB19C421ED10133092B1BD84E
:10E5400000788DF8013040F201138DF80000ADF82D
:10E550000230684600238DF804308DF80550F4F73A
:10E56000F3FE03B0BDE83040EBF71EBB0B46DCE723
:10E57000224601332344E1E76FF0150003B030BDBC
:10E580007FB5FF238DF803300DF1030300210193C4
:10E590000123CDE9023105238DF80C3003A801AB2E
:10E5A00004910593FFF7BBFF0028A8BF9DF8030067
:10E5B00007B05DF804FB1FB5002188420CBF06239D
:10E5C000042301A8CDE9011103918DF80430FFF770
:10E5D000A6FF002818BF6FF0040005B05DF804FB2B
:10E5E00038B504460569002200232846F5F760FB8C
:10E5F00095F848301BB9AB680BB9F4F707FF2069F1
:10E600001830BDE83840F5F72FBB10B50446006957
:10E61000F5F72AFB206918304FF0FF32BDE81040B3
:10E620004FF0FF33F5F744BB38B505460C4601F013
:10E6300062FB002D07DBA84205D9401B84428CBF3A
:10E640000020012038BD0020FCE770B50D462846AB
:10E65000194616461C46FFF7E7FF28B9214628460B
:10E66000BDE87040EBF7E8BD24B1224629463046AC
:10E6700002F011FA002070BD43685B68D3F81035D2
:10E680000B600020704743685B6802EA010021EAE2
:10E690000201C3F80805C3F80C1500207047436851
:10E6A0005B680020C3F80815704743685B6800206A
:10E6B000C3F80C15704743685A68D2F8043521EA4C
:10E6C00003000B40C2F80805C2F80C350020704763
:10E6D00010B503695868F8B1884219D19C68086878
:10E6E0005860A14200D19860002008602AB15A68A1
:10E6F0000A609A68596002B99960002010E081426E
:10E7000006D10868206098688142EDD19C60EBE7F3
:10E71000044600680028F2D1002AE8D16FF0150005
:10E7200010BD14207047704708B500F023FC4FF46B
:10E730007A73A0FB030203FB012108BD08B5A1F118
:10E740000B030F2B06D90A298CBF6FF015006FF051
:10E75000850008BDC8B200F061FB0020F9E737B5BD
:10E7600003681B681C69F4232371CE2363714FF087
:10E7700080523623A371136E526EC4F80720CDE980
:10E780000023E37208220123211D0546FEF7D7FA74
:10E790002846256003B0BDE83040E9F715BD07B550
:10E7A000C9B132B9186800F051FB002003B05DF820
:10E7B00004FB012A06D11B88ADF8043001A800F043
:10E7C00047FBF2E7022A06D11B88ADF8043001A806
:10E7D00000F03AFBE9E76FF08500E7E710B5046960
:10E7E00000F079FB10B96FF00F0010BD4FF0FF3350
:10E7F0004FF0FF3204F2E450F5F75AFA94F8FC3582
:10E80000002BF0D00020F0E708B500F023FB18B98A
:10E81000BDE80840ECF792B9002008BD30B5436868
:10E820001360057A446804EBC504A34202D36FF079
:10E83000010030BD5C798C4201D00833F0E7002044
:10E84000F7E743681B68D3F88004C3F88004704777
:10E8500010B544682368C3F84415C3F8482500225E
:10E86000C3F82021D3F82011C3F85821D3F8582138
:10E870006268D20608D5426812680821C2F80015FD
:10E880004FF48002C3F8042301229A6010BD43684C
:10E8900002691B68D3F8100150B192690020127808
:10E8A0000A70C3F81001D3F8102101221A607047D2
:10E8B0004FF0FF307047002A10B5044610DD436862
:10E8C0001B68D3F8100150B122690020C3F8100171
:10E8D0009269D3F8100112780A700120186010BDF7
:10E8E0000020FCE7436801691A68EFF311834020B8
:10E8F00080F31288BFF36F8FC968002088734FF4CC
:10E900008001C2F8041383F31188BFF36F8F70473F
:10E910000369DB6801229A7370470369DB689A7B9D
:10E9200002F0FF0162B942681268D2F8580140B1A2
:10E93000D2F8040310F4800003D01961012070475D
:10E940000020704743681B68D3F81001003818BFD7
:10E950000120704743681B681022C3F804237047E6
:10E9600043681B681022C3F80823704743681B687C
:10E970004FF40072C3F80423704743681B684FF4D8
:10E980000072C3F80823704738B543681D68D5F88E
:10E9900004335B02044605D4D5F8040310F01000DC
:10E9A00006D138BDFFF7B9FF0028F5D00120F8E700
:10E9B0002046FFF7C7FF003818BF0120F1E701200C
:10E9C00070470369D8680160DB685A607047026865
:10E9D0000346D2F8580140B95B689B0706D4D2F8C9
:10E9E0002001003818BF0120704701207047F8B59A
:10E9F0000669F3689C89BFF35B8F9442A8BF1446F5
:10EA000005461033012253E8000F002803D143E8E4
:10EA10000027002FF7D1BFF35B8F0CBF13460023F5
:10EA20001ED1F3682246986802F035F8EFF311879B
:10EA3000402383F31288BFF36F8F6868FFF7C7FF27
:10EA4000F36838B91861044687F31188BFF36F8FF4
:10EA50002046F8BD996822462846FFF7F9FEF3E7FD
:10EA60001C46F5E710B442681368D3F80413C905CF
:10EA700017D5D3F82011A1B1EFF31181402484F30D
:10EA80001288BFF36F8FD3F8204134B10024C3F84C
:10EA90002041D3F820410124DC6081F31188BFF3C9
:10EAA0006F8F5268D20619D5EFF31181402282F39D
:10EAB0001288BFF36F8FD3F8582112B10022C3F828
:10EAC00000250269D2680AB112691AB94FF48002AE
:10EAD000C3F8082381F31188BFF36F8F0269D468EC
:10EAE0006CB1D3F8581161B100212161D468A47BC5
:10EAF0003CB14FF48000C3F80803D368997310BC8D
:10EB00007047D3F8241121B10021C3F82411D3F8A0
:10EB10002431D2681368002BF1D0516810BC18471B
:10EB200010B50022044601212820E8F781FF2820A3
:10EB3000E8F74EFF2046BDE81040ECF7F1B910B5FC
:10EB40000022044601210220E8F772FF0220E8F7C4
:10EB50003FFF2046BDE81040ECF7E2B900F150035A
:10EB60009B009BB203F1804303F5883300221A60B7
:10EB70001B687047ECF744BBECF78ABB1FB500215C
:10EB800002910799019106990091ECF709FC05B0F3
:10EB90005DF804FB1FB501210291079901910699C7
:10EBA0000091ECF7FDFB05B05DF804FB08B5ECF750
:10EBB000D5FB08BD684620F007018D4601B5E2F798
:10EBC0004DFFE8F7B7FBBDE801408546704708B543
:10EBD0004FF0FF314FF0FF30ECF7C2FDE6F77FF862
:10EBE000BDE80840ECF7C4BD684620F007018D463B
:10EBF00001B5E2F7EDFEBDE8014085467047684685
:10EC000020F007018D4601B5E2F758F9E8F792FBCD
:10EC1000BDE801408546704708B5E5F725FD0020B1
:10EC200008BD07B501A800F097F92D2301A88DF8BC
:10EC300005308DF8063000F088F9002003B05DF84B
:10EC400004FB012801D1E2F7E5B970477047E2F70C
:10EC50002BBA08B5E4F786FF30B1EFF3058003382F
:10EC6000032894BF0020012008BD70470020704792
:10EC700010B53B29046901D00C2904D1E4F7E8FF61
:10EC80002060002010BD6FF08500FBE7F9F71ABD8A
:10EC900008B5E8F7F5F9E8F7C9FABDE80840F9F76B
:10ECA00011BD08B530B129B1E9F780F9003818BFB6
:10ECB000012008BD0720FCE708B50020E7F7C2FAED
:10ECC00000207047704708B5EDF76CF8BDE80840C4
:10ECD000ECF76CBF10B50446EDF740F92046ECF7B1
:10ECE000F7FE2046BDE81040EDF71ABE0C20704735
:10ECF0000C2070476FF063007047EDF799BC0C2053
:10ED0000704770477047704783685B6A03B1184764
:10ED1000704783689B6903B11847704710F1870FEC
:10ED200006D030B110F18A0F0CBF032001207047CC
:10ED300007207047034638B1006828B19888884298
:10ED400034BF002001207047704708B504210246F7
:10ED5000FFF7F0FF18B113680020186008BD072006
:10ED6000FCE710B50A46044641B10421FFF7E2FF73
:10ED700020B1236892681A60002010BD0720FCE7CC
:10ED800000207047704713B50029AEBF002401244E
:10ED9000002100940023FDF775FC02B010BDE8F7D8
:10EDA00017BEE8F723BE08B5E8F734FE003818BFF1
:10EDB000012008BD7047002383F31188BFF36F8FD4
:10EDC0000423184602DF704773B5002101910168E2
:10EDD00000910446006916461D46FFF7CFFEEFF38B
:10EDE000108372B6C4E9026583F3108802B070BD67
:10EDF000ECF7B4BAF6F7D0BC43F60952A0FB020315
:10EE000002FB013140F2FF13C01841F10001400A3A
:10EE100040EAC150490A70471F20704738B5044680
:10EE2000EFF7C0FF05462046EFF7C2FFA54204D02A
:10EE3000BDE83840002000F04EBE38BDEFF7B2BF4D
:10EE4000EFF7C4BF00F065BEEFF7CABFEFF7D4BF5E
:10EE5000EFF7E0BF012000F047BD08B5002000F04B
:10EE600043FD80F00100C0B208BD07B56FF001039B
:10EE70000093002201231146184600F053FD03B011
:10EE80005DF804FB7FB508991D4600230293CDF879
:10EE90000B300123044616468DF80A3021B9EFF7EE
:10EEA00081FF02A98DF80B0048780B7800B953B99F
:10EEB0008B7813B18B79FF2B07D0009132462B460C
:10EEC000204600F042FE04B070BD0020FBE7014682
:10EED000002000F0A3BD002000F0C1BD10B590F8E7
:10EEE000803004460BB1FFF766FF204600F0D5FDE9
:10EEF00018B9BDE81040FFF75EBF10BDEFF726BFA1
:10EF0000EFF732BFEFF746BFF2F7E0BC10B4DBB269
:10EF100014469DF804200193234610BCF2F700BC70
:10EF2000F2F776BCF2F7B8BCF2F7F4BB07B50023F2
:10EF300000931A46F2F7F4FB03B05DF804FB0022DD
:10EF4000F2F766BC0021F2F7A7BC08B5EFF76AFF3D
:10EF5000BDE8084000F0DDBDEFF782BF08B501F065
:10EF6000D8FB00F00703400000F05000184340F0C9
:10EF7000880008BD01F0B3BCF2F7BCB9F2F7C0B924
:10EF8000F2F71CB9F2F782B97047704710B5013833
:10EF90000A44914200D110BD11F8013B10F8014F15
:10EFA00063400370F5E7EBF7A5BEEBF7ADBEEBF7FB
:10EFB000B5BEEBF7C3BEEEF7F7B8EBF725BEEBF740
:10EFC00059BEEBF787BE08B5EEF72CFBBDE808404D
:10EFD00001F066BC70B504460D461646EFF7ACFD71
:10EFE00030B1324629462046BDE8704000F039BCB9
:10EFF00070BD7FB5017801316B460122C9B200F0C6
:10F000006DFB18B1009B5878C0F3401007B05DF855
:10F0100004FB08B5F0F760FB00F018FA404240B27C
:10F0200008BD37B5002400256846CDE90045F6F750
:10F0300059FC28B9CDE90045DDE9000103B030BD38
:10F04000DDE900321343F7D101220023CDE900238B
:10F05000F2E708B500F054F820B1EEF7AFFB10B9B5
:10F06000EFF79CFD002008BD08B5EFF777FE18B953
:10F07000BDE80840EEF72ABB0220EEF727FB00218F
:10F08000BDE808400846EEF701BC0020EEF71EBBC5
:10F0900010B50446FFF7E8FFEFF714FE204600F036
:10F0A000FBFBBDE81040EFF7A3BDFFF784BE38B50A
:10F0B0000546FFF7CEFF044668B1012211462846F7
:10F0C000EEF718FD044620B10820EEF7FFFAEEF740
:10F0D0002FFCEFF763FD204638BD01207047F2F7A3
:10F0E00079BA00F043B9F1F7C7BCF2F785BA10B5A9
:10F0F0000446F2F73BF82046BDE8104000F02FB977
:10F100000020EFF7AFBD08B50120EFF7ABFD18B950
:10F11000BDE80840FFF74FBE08BD01F0FCBA837A96
:10F12000FF2B1DBF0268D05C00F007000020704775
:10F1300007B5837AFF2B1CBF0268D35C027B14BF28
:10F14000C3F3C1030023FF2A8DF8003016BF036804
:10F1500000239B1868460193F2F7A4F8B0FA80F0F8
:10F16000400903B05DF804FB38B50C460546F0B124
:10F17000F1B1EFF73DFE621E00F1080313F8011D27
:10F1800002F8011F9842F9D1EA7AFF2A16BF2B68CC
:10F1900000239B182846DA7822729A7862725A788D
:10F1A000A2721B78E372FFF7BAFF2073012038BD0B
:10F1B0000846FCE72DE9F04107687C7804F0070376
:10F1C00014F00404884639D1002B3AD0032B08BF31
:10F1D000BC78027C90F817C0394608BF84F0200440
:10F1E00011F8013B08BFC4F34014FF2A0CBF9D1E59
:10F1F00002F1FF35A3EB02060CBF2D192D1906F104
:10F20000FF3607BFEDB20027EDB2BF18A6EB0C0624
:10F21000FFF785FF361B0328F6B214D8D8B901468C
:10F22000054603460746C8E9065388F82400C8F88F
:10F230001010C8F820700120BDE8F081053B022BBA
:10F240000ED80020F8E70538C0B20228F9D800230C
:10F2500027443046E7E70023354418461F46E2E7D7
:10F26000FFF7A9FDEDE738B505460C46FFF760FF4F
:10F2700010B90021084638BD04F125012846FFF7E2
:10F2800073FF0028F5D021462846FFF793FF01467B
:10F290000028EED02846FFF742FF00F0030084F874
:10F2A00032002B686363E5E710B503685B78C3F34E
:10F2B000C0011B078EB004460FD5FFF730FF48B1E1
:10F2C00069462046FFF7CFFF014618B16846EEF7C2
:10F2D00029F8014608460EB010BD0121FAE7EEF705
:10F2E0001BB8F0B50D469BB004461746EEF714F870
:10F2F0002E781EB1012630461BB0F0BD21780131B9
:10F3000006AB0622C9B2204600F0E8F908B9FFF7BB
:10F3100052FD069B5B781B07ECD506A8FFF7FFFEA6
:10F320000028E7D00CA906A8FFF79DFF60B91822B6
:10F330000021684601F0D7FB2B88ADF800306A4603
:10F3400008212046B847D6E70CA8EDF7EBFF0028C8
:10F35000D0D1ECE708B5EEF733F8012008BDEEF7A1
:10F360002FB808B5EEF740F9012008BDEEF73CB91B
:10F37000F8B50F4615461E46044608B9FFF71BFDB3
:10F380000FB9FFF718FD731EFE2B01D9FFF713FD10
:10F39000B5FBF6F5AB1EFD2B01D9FFF70CFD0023E5
:10F3A000A371276065712671E371F8BD82790179D7
:10F3B000006801FB02007047837942790133DBB2B8
:10F3C0009A4298BF002383717047C279017900681F
:10F3D00001FB02007047C37942790133DBB29A42E4
:10F3E00098BF0023C371704783794279C079013394
:10F3F000DBB29A4298BF0023C31A58425841704763
:10F4000008B5EDF711FC10F11D0F11DB10F1090F1C
:10F4100010DB0A2810DD1E2810DD322810DD4628FA
:10F4200011DD5528CCBF6FF003006FF0020008BD5E
:10F430000320FCE70220FAE70120F8E70020F6E7C6
:10F440004FF0FF30F3E76FF00100F0E710B504462E
:10F45000FFF7D6FF2044C0B210BD10B50446FFF739
:10F46000CFFF201AC0B210BD10B50446C0B2FFF7DE
:10F47000C7FF201A00B210BDFFF7EFBF08B5FFF7B6
:10F48000F3FF5C3840B208BD08B5F0F793FDF2F722
:10F4900049FEF2F7EBFE08BD08B504200121F0F7A4
:10F4A00017FEBDE808400C20F0F7B8BE08B5800094
:10F4B000002100F0FC00F0F70BFEBDE80840F0F77B
:10F4C00035BE08B5EFF768FEBDE80840EFF70EBDA2
:10F4D000EFF7E6BDEFF7C8BD08B500F003F808BDCB
:10F4E000704770470620704700BF00BF00BF00BFD5
:10F4F00000BF00BF704737B5ADF80410C9B204466D
:10F50000154641B19DF905102A46204603B0BDE8D5
:10F510003040E5F7BBB8EFF753FC0146F4E738B5E8
:10F520000546EFF73FFC0446EFF74AFC2A46014642
:10F530002046BDE83840E5F7A9B808B5037A012BA5
:10F5400012D8BFF35F8FD0E84F3FDBB28B4203D0BE
:10F55000BFF32F8F002006E0C0E8432F002BF2D12D
:10F56000BFF35F8F012008BDFFF725FCF2E75823AA
:10F5700070B5044603FB0105AC4201D1002608E04A
:10F58000204602220121FFF7D8FF264658340028E2
:10F59000F2D0304670BDF8B5846901F0A0F9D4E925
:10F5A0001067BFF35F8F94F8483094F84920013317
:10F5B0005B0192B9A0339D1947F10002A842914125
:10F5C0000ED2C4E90852A36304F11000F6F770F8F4
:10F5D00000B3BDE8F840FFF7EEBB03F53073EAE790
:10F5E00061680022082000F02BF908B9FFF7E3FB5F
:10F5F0004FF0FF336360012204212046FFF79DFF97
:10F6000008B9FFF7D8FBEFF7A9FB18B9BDE8F84038
:10F6100000F06AB9F8BD08B54FF0FF33436001222E
:10F620000221FFF78AFF18B9BDE80840FFF7C3BB06
:10F6300008BD38B50546F1F717F8044608B90020AB
:10F6400038BD2846002101F0DFF8054604F110001E
:10F65000F6F766F80DB90028F1D14FF0FF3363607B
:10F66000BFF35F8F01202070BFF35F8FE8E703785F
:10F670005A0607D14278DB0943EA42037E3BDBB2FC
:10F68000012B04D9884234BF00200120704701209B
:10F690007047837AFF2B12D00268D25C012302F0FC
:10F6A0000702934013F0220F0BD113F0440F0AD13D
:10F6B00013F0880F14BF01200020000170470020C4
:10F6C00070470420704708207047022804D0C31EEA
:10F6D00058425841C00070470420704730B40D466E
:10F6E000114690B1186000224FF0FF30C3F81100AE
:10F6F0005D71C3F80600C3F80A00D8811874586118
:10F7000030BC1A711846F1F7BBBA30BC70470B46D3
:10F71000114642799A4238BF4371F1F7B1BA10B538
:10F7200086B0F1F777FC4B78C3B9017801316B46AD
:10F730000622C9B2FFF7D2FF08B9FFF73CFB9DF8DC
:10F740000F00FF280AD000990B78013BDBB2FF2B9A
:10F75000084414BFC9180021F1F776FC012006B057
:10F7600010BD10B5034690F82100A8B10A785C7E60
:10F77000944212D184B1486870B103F11001631E44
:10F78000022B9ABF6FF0020202EB8402002201F00A
:10F7900072F9B0FA80F0400910BD0020FCE708B50E
:10F7A000F2F75EFBBDE8084000F024B808B500F0B1
:10F7B00022F8BDE80840F2F70FB910B503685B788E
:10F7C0009B06044601D4FFF7F6FA23689B7803F002
:10F7D0003003102B02D0202B05D04BB92046BDE8BA
:10F7E0001040F2F74FBB2046BDE81040F2F714B9C5
:10F7F000002010BD7047704770B5002328260124F3
:10F8000006FB0305D5E84F2FD2B242B1BFF32F8FCD
:10F81000BFF35F8F01339942F2D1FF2070BDC5E87D
:10F82000424F002AEED1BFF35F8FD8B2F6E708B59A
:10F83000F2F766FB18B9BDE80840FFF7BCBA08BD8F
:10F84000F2F77CBB38B504460D46F0F721FD29469A
:10F850002046F2F79BFB18B9BDE83840FFF7ABBA7A
:10F8600038BD08B5F2F7B6FB18B9BDE80840FFF798
:10F87000A2BA08BD08B5F2F7D5FB18B9BDE8084033
:10F88000FFF799BA08BD08B5F2F7E8FB18B9BDE86B
:10F890000840FFF790BA08BD08B5F2F7F9FB18B9B0
:10F8A000BDE80840FFF787BA08BD08B5F2F70AFCC3
:10F8B00018B9BDE80840FFF77EBA08BD10B5EFF7EC
:10F8C000ABF904461720EDF765F984428CBF0020A0
:10F8D000012010BD08B51720FFF765FA18B9BDE87B
:10F8E0000840FFF768BA08BD37B5002304468DF815
:10F8F0000730FFF7E3FF054640B12046EEF71AFF59
:10F900008DF807009DF8070003B030BDFFF7E2FF58
:10F91000F2F76EFC0DF1070205700472C260F2F797
:10F920007DFCEFE72DE9FF411C460023DDF8288030
:10F930008DF80F3007460E461546FFF7BFFF70B132
:10F94000CDF8008023462A4631463846EEF70AFFB6
:10F950008DF80F009DF80F0004B0BDE8F081FFF7AF
:10F96000B9FFF2F745FC012303700DF10F03077394
:10F97000467385608473C0F810804361F2F74EFCD3
:10F98000E8E72DE9FF411C460023DDF828808DF8CB
:10F990000F3007460E461546FFF790FF70B1CDF8C1
:10F9A000008023462A4631463846EEF705FF8DF89B
:10F9B0000F009DF80F0004B0BDE8F081FFF78AFF4B
:10F9C000F2F716FC022303700DF10F03C0E9045493
:10F9D00007734673C0F808808361F2F71FFCE8E7FD
:10F9E00013B5002304468DF80730FFF767FF40B1D9
:10F9F0002046EEF76DFF8DF807009DF8070002B076
:10FA000010BDFFF767FFF2F7F3FB032303700DF15F
:10FA100007038460C360F2F701FCEEE737B500230B
:10FA200005460C468DF80730FFF748FF48B12146E0
:10FA30002846EEF787FF8DF807009DF8070003B012
:10FA400030BDFFF747FFF2F7D3FB042303700DF13E
:10FA5000070305720461C360F2F7E0FBEDE713B53D
:10FA6000002304468DF80730FFF728FF40B12046F9
:10FA7000FFF71DFB8DF807009DF8070002B010BDD1
:10FA8000FFF728FFF2F7B4FB052303700DF107031E
:10FA90000472C360F2F7C2FBEEE713B5002304461D
:10FAA0008DF80730FFF70AFF40B12046EEF76EFFF2
:10FAB0008DF807009DF8070002B010BDFFF70AFFA0
:10FAC000F2F796FB082303700DF107038460C3600F
:10FAD000F2F7A4FBEEE713B5002304468DF80730D8
:10FAE000FFF7ECFE40B12046EEF76CFF8DF8070003
:10FAF0009DF8070002B010BDFFF7ECFEF2F778FBAF
:10FB0000092303700DF10703C3600472F2F786FB4B
:10FB1000EEE707B500238DF80730FFF7CFFE40B1C1
:10FB2000EEF774FF8DF807009DF8070003B05DF84D
:10FB300004FBFFF7CFFEF2F75BFB0A2303700DF126
:10FB400007038360F2F76AFBEEE7F0B585B01C4669
:10FB500000230A9F8DF80F3006461546FFF7AEFECC
:10FB600058B100972A4623463046F0F7C3FE8DF879
:10FB70000F009DF80F0005B0F0BDFFF7ABFEF2F7E8
:10FB800037FB0E2303700DF10F03C0E904548660A8
:10FB90008761C361F2F742FBEBE737B50023054607
:10FBA0000C468DF80730FFF789FE48B121462846FC
:10FBB000F0F7BAFC8DF807009DF8070003B030BDE0
:10FBC000FFF788FEF2F714FB122303700DF1070311
:10FBD000C0E902540361F2F721FBEDE7004700F0B2
:10FBE000A9B8C00000F1804000F5F830C0F8101549
:10FBF000C0F814257047F7B5019001A8DDE9084762
:10FC000016461D46F2F71AFD019BB6F1000C18BF0F
:10FC10004FF0010C00EB83000B1E18BF0123002DD9
:10FC200043EA4C0314BF4FF00C0C4FF0000C002CB7
:10FC300043EA0C0314BF4FF4E06C4FF0000C002FAC
:10FC400043EA0C03D0F8002714BF4FF4403C4FF0B8
:10FC5000000C43EA0C0322EA030301B109780EB158
:10FC60003678760019430DB12D78AD0031430CB1D3
:10FC70002478240229430FB13F783F040C433C43CE
:10FC8000C0F8004703B0F0BD1FB50DF10F0301939D
:10FC900000238DF80F1000931A461946FFF7ABFFAB
:10FCA00005B05DF804FB38B5054608460C46F2F78A
:10FCB00017FDB0B10846F2F707FD90B90846F2F714
:10FCC000F7FC2A6801238340C2F808332A6803B28C
:10FCD00002EB8303D3F8102522F00302C3F81025AA
:10FCE00038BD20460021BDE83840FFF7CDBFF2F710
:10FCF0007DBDFFF7D8BF4FF080531A695869504354
:10FD000070474FF08053186970474FF0805358691F
:10FD100070470223F3F706B90323F3F703B9002171
:10FD20000220F3F78FBBF3F725BC08B5FFF7FBFF05
:10FD3000002008BD08B1E8F70FB97047704740B11F
:10FD4000C368587810F001001EBF1878B0FA80F030
:10FD500040097047EFF31183402383F31288BFF308
:10FD60006F8FFEE710B5D0E9003433B90020E268A8
:10FD7000537843F00103537010BD20469847002884
:10FD8000F4D00028B8BF4042E368FF28A8BFFF2096
:10FD90001870ECE700F0A7BE00F07DBE10B400F1D3
:10FDA0000C04C0E9034410BCFBF73CBE2DE9F04F46
:10FDB00089B0DDE9126705463B46914606A8324602
:10FDC000059100F081FBDDE9063405F1140ACDE967
:10FDD0000234EFF311844FF0400888F31288BFF328
:10FDE0006F8F05F10C0B05994A462846FBF7B2FDCB
:10FDF00030B184F31188BFF36F8F09B0BDE8F08F85
:10FE00003E43F6D0DDE9022306A800F081FBDDE9E0
:10FE100006675A46CDE9006721465046F4F7FEFAD8
:10FE2000EFF3118488F31288BFF36F8FDBE738B5E7
:10FE30000446EFF31185402383F31288BFF36F8FDD
:10FE4000FBF750FD04F10C0000F0CFFA30B1294669
:10FE500004F11400BDE83840F4F750BB85F3118875
:10FE6000BFF36F8F38BDC2688369134313F0030378
:10FE70000CD103614169994201D8002070470169A2
:10FE800011608169026101330A44F3E76FF01500E4
:10FE9000704710B5C0E905320023C160C361037229
:10FEA0000446FFF7E0FF0028A8BFC4E9004410BDE6
:10FEB000F8B504460D46EFF31186402383F312880C
:10FEC000BFF36F8F07696FB900F05DFA50B1C76774
:10FED000456100F0E3F9314604F10800BDE8F8405F
:10FEE000F4F70CBB23692B60E3692561013BE361F7
:10FEF00086F31188BFF36F8FF8BD08B54024EFF388
:10FF0000118384F31288BFF36F8FFCF7D0FBF6E701
:10FF100090F90E308B4201D0F4F7ACBA0020704754
:10FF200003460020C3E90200C3E9003370472DE90E
:10FF3000F843994604469DF820300D46904600F15E
:10FF40000807EFF31186402282F31288BFF36F8F08
:10FF500003B1456804F10C0000F015FA58B1002314
:10FF6000C367C0F8148000F099F938463146F4F7B9
:10FF7000C5FA00200CE0B9F1000F1BD00821F4F7FE
:10FF8000A7FE38B986F31188BFF36F8F6FF00B00AF
:10FF9000BDE8F8830122C0F804800260016801F026
:10FFA00003015DB922680A430260626820606AB991
:10FFB00060600BE0C8F800904046EFE72A68032A2B
:10FFC00010D80160616839B9C4E90000042104F166
:10FFD000140000F02CFBC8E70A6802F00302024399
:10FFE0000A60E5E722F003020A4302602A6802F091
:10FFF000030240EA02032B60E8E710B5044630B183
:020000022000DC
:100000000268930703D0446809B100F02AFB204638
:1000100010BD0023C0E90033037200F10C03C0E9F6
:10002000033300F11403C0E90533704707B501231A
:10003000009300230A461946FFF779FF03B05DF8E5
:1000400004FB07B500230A4600931946FFF76FFF2C
:1000500003B05DF804FB5AB18A4209D300F11003E2
:10006000C0E90212C0E90000C0E904330020704773
:100070006FF015007047026801238B4022EA0303EA
:10008000036022FA01F000F00100704710B503216F
:1000900004460C30FFF7EFFF30B104F1100000F020
:1000A000F8F9B0FA80F0400910BD20B100221146E5
:1000B000883000F0CCB9704770B5C368C3F3400610
:1000C0009B07044616D4856802210C30FFF7D3FF46
:1000D00080B1D5F880206AB194421DD122689EB9C2
:1000E000D5F88430C5F880209C4201D1C5F8842021
:1000F00000232360E36813F01F001EBF43F00203D8
:10010000E36040F0020070BD3260D5F88420944274
:1001100008BFC5F88460EBE716461268DBE773B5E5
:100120000446EFF31185402383F31288BFF36F8FEA
:100130000023A0F11006032104380193FFF79BFF71
:1001400028B1A369019301A93046F3F7B5FE85F301
:100150001188BFF36F8F02B070BD38B504460D46ED
:100160001022002100F0BFFC656038BDEFF3118361
:10017000402282F31288BFF36F8FC06800F01F0027
:1001800083F31188BFF36F8F704713B50190084652
:10019000EFF31184402383F31288BFF36F8F01A91B
:1001A000F3F78AFE84F31188BFF36F8F02B010BD9E
:1001B00010B5FFF7EAFF041E08DDEFF311804023BE
:1001C00083F31288BFF36F8FF4F7C8F9204610BD90
:1001D00038B5302204460D46002100F084FC4FF46F
:1001E00080736560E36038BD38B50446EFF3118570
:1001F000402383F31288BFF36F8FFFF747FF20463A
:10020000FFF75AFF85F31188BFF36F8F38BDEFF307
:100210000580003818BF012070476FF05700704705
:1002200000207047F4F77CB9D0E9003213605A60BF
:100230000023C0E90033704708B5FFF7F5FF437BA3
:1002400023F0020343730023836008BD38B50446DE
:100250000D46F3F7F1FF637B43F002036373E5B1EF
:10026000A5602B689D4209D16B68C4E900531C60EE
:100270006C6012E06A689A42F6D01B68002BF3D0DB
:1002800094F90E2093F90E108A42F3D09142F1DDD9
:100290005A68C4E9003214605C6038BD10B5EFF3F1
:1002A0001184402383F31288BFF36F8FF3F7DCFFD1
:1002B00084F31188BFF36F8F10BD10B5044618305A
:1002C00000F0E7F8EFF31181402383F31288BFF3C6
:1002D0006F8F627B12F0100204D081F31188BFF39C
:1002E0006F8F10BD2046BDE81040F3F7F1BF08B591
:1002F000EFF31181402282F31288BFF36F8F83687E
:100300000BB1FFF799FF81F31188BFF36F8F08BD21
:1003100038B50446EFF31185402383F31288BFF309
:100320006F8F437B13F0280F0BD183680BB1FFF75E
:1003300083FF637B51B903F0FB0363732046F3F73C
:1003400093FF85F31188BFF36F8F38BD03F0EB0384
:10035000F3E701211838FFF7DBBF08B50346EFF3D9
:100360001181402282F31288BFF36F8F00688342AD
:1003700007D008B1FFF760FF81F31188BFF36F8FDB
:1003800008BD0020F8E738B5EFF31185402383F36B
:100390001288BFF36F8F0468A0420DD034B120469D
:1003A000FFF74AFF04F1180000F073F885F3118895
:1003B000BFF36F8F204638BD0024F7E710B5014624
:1003C000EFF31184402383F31288BFF36F8F8368A8
:1003D0000BB1FFF731FF84F31188BFF36F8FBDE8D6
:1003E000104001F1180000F054B838B5054600205F
:1003F0002C68A54200D004B938BD2046FFF7DEFFC7
:100400002046FFF74BFF0120F2E7EFF31181402276
:1004100082F31288BFF36F8F027BD2070CD581F372
:100420001188BFF36F8F002383F31188BFF36F8FA1
:100430000423184602DF7047437B1B0704D581F372
:100440001188BFF36F8F70470122F3F741BF38B5B2
:10045000EFF31185402383F31288BFF36F8F046895
:10046000A04212D09CB1E16762612046FFF7E4FE32
:1004700004F1180000F00DF82046F3F7F5FE012016
:1004800085F31188BFF36F8F38BD0020F8E7204651
:10049000F6E710B5EFF31184402282F31288BFF320
:1004A0006F8F03683BB1F4F70BFA002084F31188D7
:1004B000BFF36F8F10BD6FF01500F7E708B5F4F7C5
:1004C0001DFB08BDF4F71ABBB3F1FF3F08BFB2F143
:1004D000FF3F70B504461D46164613D01A4315D08B
:1004E0006FF00102921B4FF0FF3363EB050100290F
:1004F00004DAF4F703FB821941EB0501C4E900219A
:10050000204670BD4FF0FF321146F7E70022FBE7AF
:10051000B3F1FF3F08BFB2F1FF3FF8B507461646FB
:100520001C4610D054EA020311D0F4F7E7FAB042A7
:100530000A46A14103460AD2F31A64EB0204C7E952
:1005400000343846F8BD4FF0FF331C46F7E7002370
:10055000FBE70023C0E9081200F11802C0E90622F7
:10056000C0E9003303634363704710B50446FFF7E7
:1005700090FFA8B9636A0BB12046984704F11800B0
:10058000FFF7EBFE60B1FFF789FEEFF31180402328
:1005900083F31288BFF36F8FBDE81040F3F7DEBF1F
:1005A00010BD2DE9F041846805460E46ECB1637834
:1005B000012B25D114F8533C9A0714D5A4F16007F8
:1005C0003846FFF7FBFE082E0CBF6FF00303002335
:1005D000E36114F8533CDB0605D154F8483C13B9E9
:1005E0003846FFF75BFE00232370EB68C3F38632C7
:1005F0001643002066F39433A860EB60BDE8F081F9
:10060000022BF0D12378002BEDD054F8048CB8F1F4
:10061000000FE8D004F11400FFF73BFFA4F114072A
:100620000023E36239464046FFF7AFFDDBE710B534
:100630000346EFF31184402282F31288BFF36F8FD9
:100640000068834208D0D0E9003213605A6000236A
:10065000C0E90033FFF7A5FF84F31188BFF36F8F64
:1006600010BD20B1011F50F8040CFFF7E0BB70472C
:1006700001325201801A61F100017047A03861F126
:100680000001704707B5019001A8F4F741FB0199FB
:10069000D0F8042501238B4023EA02011340C0F85F
:1006A0000815C0F80C3503B05DF804FB13B504461B
:1006B000F4F7DCFC68B1012C15D80378019301A88C
:1006C0004CB9F4F725FB019A01239340C0F80C358F
:1006D000012002B010BDF4F71BFB019A01239340E7
:1006E000C0F80835F4E70020F3E707B5F4F7BEFCDF
:1006F00068B10378019301A8F4F70AFB019BD0F8D5
:100700001005D84000F0010003B05DF804FB0220A2
:10071000FAE73F207047704710B5BFF35F8FD0E80E
:100720004F3F0C78DBB29C4204D00B70BFF32F8F8D
:10073000002010BDC0E8432F002BF0D1BFF35F8F26
:100740000120F6E7502373B5044603FB010500269C
:10075000AC4201D100200CE001220DF1070104F1AF
:1007600048008DF80760FFF7D7FF04F1500310B180
:10077000204602B070BD1C46EAE773B500F148069A
:1007800004468DF8071003220DF107013046FFF7EC
:10079000C3FF98B100254FF0FF332364204684F84F
:1007A000385084F84950F4F79FFC03232A460DF192
:1007B000070130468DF80730FFF7AEFF02B070BD7D
:1007C00037B5846994F84930256C012B12D0042B7D
:1007D00014D0012302220DF1070104F148008DF825
:1007E0000730FFF799FF58B1E36B284603B0BDE827
:1007F00030401847022384F84930EAE70523FAE736
:1008000003B030BDE4F7CFBA38B50D46F4F75CFC61
:1008100004467DB110B90024204638BDF4F780FFAE
:1008200002212046FFF7A9FF0446F4F795FCF4F7F0
:1008300089FDF1E70028EED0F4F772FF0028EAD135
:100840000121EEE710B50C46F4F73EFC034628B153
:1008500090F8380010B183F83840012010BD70B511
:100860000E46F4F731FC98B190F84830A3B1D0E9C6
:100870000A4500F034F8A04271EB050309D2201AB2
:1008800065EB0101C6E90001084314BF0120002007
:1008900070BD00200146F5E71846F9E7E3F78ABC8A
:1008A000F4F794BD10B5D0E90442D1E904038442C1
:1008B00072EB030105D3A042934134BF0120002015
:1008C00010BD4FF0FF30FBE710B5D0E90042D1E991
:1008D0000003A04293412CBF0120002010BD08B5A9
:1008E000FEF786FABDE80840FEF786BABFF35F8FD1
:1008F00000230372BFF35F8F704708B503460846B5
:100900007BB11A7F92070CD5BFF35F8F1B7ABFF3C1
:100910005F8F43B9ECF798FB003818BF0120400007
:1009200008BD0120FCE70220FAE70120704708B566
:10093000E3F7E2FABDE808400020E3F7E9BA002354
:100940000360037170472DE9F84F04460D461746C2
:100950009946BFF35F8F01EB020B94F804A0A04609
:100960005FFA8AFA58E8006F3EB131462846C84718
:10097000002802DB06EB0708F4E723795345ECD1A6
:10098000CBF8006048E80053002BE6D1201DBDE8FD
:10099000F84F00F065B8F8B5BFF35F8F06790546EC
:1009A000F6B255E8003FA3B18B4203EB02040ED12F
:1009B0009B5801240779B742F0D145E80036002E54
:1009C000ECD114B1043000F04BF82046F8BD2546B8
:1009D000E7E71C46EEE72DE9F84306460F4690464A
:1009E0009946BFF35F8F56E8005F2DB9BFF32F8F95
:1009F0002C462046BDE8F88349462846C0470446B1
:100A000010B1EB592C461D4646E80053002BEAD1A5
:100A1000002CEED0301D00F023F8EAE700687047A4
:100A200000230360704750E8003F5A1C18BF013391
:100A300040E80032002AF6D1BFF35F8F013B5842F5
:100A400058417047BFF35F8F002350E8002F40E804
:100A500000310029F9D1012A94BF002001207047FC
:100A6000D0E84F3F0133DBB2C0E8423F002AF7D164
:100A7000BFF35F8F704710B501390244904201D136
:100A8000002005E0037811F8014FA34201D0181BA4
:100A900010BD0130F2E70A44914200F1FF3300D16A
:100AA000704710B511F8014B03F8014F9142F9D18D
:100AB00010BD884210B501EB020402D984422346DE
:100AC00007D8431EA14208D011F8012B03F8012FCB
:100AD000F8E7024401468A4200D110BD13F8014DE7
:100AE00002F8014DF7E702440346934200D17047F4
:100AF00003F8011BF9E79368013B002B10B49360E6
:100B000007DA9469A34201DB0A2902D110BCF5F788
:100B100013BC1368581C10601970084610BC70474D
:100B2000F8B506460F461446D518AC4201D1002050
:100B300007E014F8011B3A463046FFF7DCFF431C80
:100B4000F3D1F8BD2DE9F047164698468A680B693F
:100B5000DDF820909342B8BF1346336091F84320EC
:100B600007460C460AB1013333602368990642BF39
:100B7000336802333360256815F0060506D104F1A9
:100B8000190AE36832689B1AAB4226DC94F84330BA
:100B90002268003B18BF012392062BD404F14302C4
:100BA00041463846C84701301ED02368226903F009
:100BB0000603042B02BFE5683368ED1AA3680CBF77
:100BC00025EAE57500259342C4BF9B1AED1800265F
:100BD0001A34B5421AD1002008E00123524641469A
:100BE0003846C847013003D14FF0FF30BDE8F087E9
:100BF0000135C6E7E1185A1C302081F84300224431
:100C000094F8451082F843100233C7E701232246C7
:100C100041463846C8470130E6D00136D9E710B51D
:100C2000024601448A42134603D01C780132002C4C
:100C3000F8D1181A10BDB1F90C20F8B51707054600
:100C40000C4656D44B68002B02DC0B6C002B3DDDB0
:100C5000E66A002E3AD0002312F480522F68216AEF
:100C60002B6025D0626DA389580705D56368D21A19
:100C7000636B0BB1236CD21A216AE66A0023284603
:100C8000B047411C24D00023636023692360A389FB
:100C9000DA0400D56065616B2F60B9B104F14403DB
:100CA000994202D02846F4F7B1FF002363630DE0B8
:100CB00001232846B047461C0246D4D12B68002B9E
:100CC000D1D01D2B01D0162B2AD12F6000202EE071
:100CD0002A68B4F90C3042B11D2A01D0162A21D15C
:100CE0000023636023692360D5E762602269226084
:100CF000CEE70F69002FE9D093070E6808BF4B6954
:100D00000F6018BF0023F61B8B60002EDEDD216A0A
:100D1000D4F828C033463A462846E047002807DC86
:100D2000B4F90C3043F04003A3814FF0FF30F8BD1D
:100D30000744361AE9E770B568234D1E5D430E4639
:100D400005F17401F4F7ACFF044640B10021C0E99D
:100D500000160C30A06005F16802FFF7C4FE2046C3
:100D600070BD2DE9F8430646884600F14804002787
:100D7000D4E90195B9F1010905D52468002CF7D112
:100D80003846BDE8F883AB89012B07D9B5F90E3099
:100D9000013303D029463046C04707436835E9E7A9
:100DA00070B50C46B1F90E10002996B015461E46D6
:100DB0000DDAA38913F0800F4FF0000114BF402318
:100DC0004FF48063002031602B6016B070BD6A461E
:100DD000F5F7DAFC0028ECDB019901F47041A1F58C
:100DE0000053594259414FF48063EBE7F8B5074689
:100DF00015460C4621B9BDE8F8401146F4F750BF3E
:100E000022B9F4F703FF00242046F8BD00F056F89D
:100E1000A842F9D229463846F4F742FF0646002890
:100E2000F1D021462A46FFF736FE21463846F4F730
:100E3000EDFE3446E8E710B50C46B1F90E10F5F7B3
:100E4000D7FC0028ABBF636DA3891B1823F4805324
:100E5000ACBF6365A38110BD2DE9F0411F468B89AE
:100E6000DB0505460C46164605D5B1F90E100223E2
:100E70000022F5F7ABFCA389B4F90E1023F48053DC
:100E8000A38132463B462846BDE8F041F5F75ABCFF
:100E900010B50C46B1F90E10F5F798FC431CA38968
:100EA00015BF606523F4805343F48053A38118BFBA
:100EB000A38110BDB1F90E10F5F756BC51F8043CF2
:100EC000181F002BBCBF0B58C018704702F09EBD06
:100ED00000207047006870471C282ED8DFE800F01B
:100EE0000F3011132D1517192D2D2D2D1B1D1F2101
:100EF0002D2D2D272D2D2D25232D2D292B000020A7
:100F000070470E2070470B2070470C207047092057
:100F1000704703207047022070470420704711205B
:100F20007047122070471320704714207047162016
:100F30007047172070471820704700F580407047B1
:100F40000120704790F8C830042B1ABF90F8980021
:100F500080F001000020704790F8C830012B06BFD8
:100F600090F8980080F0010000207047D0F85839C0
:100F70000133C0F8583970472DE9F843994690F885
:100F800050390D1E0446164608BF702513B10D20BA
:100F9000BDE8F88300F1B80729463846F6F728F887
:100FA0000028F4D194F8D22894F8D3389A420AD081
:100FB0000B2200213846F5F7A3FF04F1AC00F6F749
:100FC000D9F80320E4E704F150082B4606228021DB
:100FD000404602F07AFF58B9206D1FFA89F2314677
:100FE00002F025FD20B9404602F052FF0028CFD084
:100FF0000328CDD1DCE72DE9F843994690F8503924
:10100000044688461746002B4AD100F1B8057421E2
:101010002846F5F7EDFF002842D194F8D22894F83D
:10102000D3389A420AD028460B220021F5F768FFF0
:1010300004F1AC00BDE8F843F6F79CB804F15006A3
:10104000742306228021304602F03FFF30BB494620
:10105000304602F0C1FE08BB4046F5F779FC014678
:10106000206DFFF733FFC8B97B1E162B94BF39469E
:101070000021304602F075FE80B9D4F87079D4F8BA
:101080007489EAF73DFDC21948F10003304602F0C9
:1010900036FE18B9304602F0FBFE08B10328C2D074
:1010A000BDE8F8832DE9F8430C4616461A4601F0D0
:1010B0000F0311F00F0106D1022E02D1B830F5F75F
:1010C0001FFF00200DE090F8D35890F8D2E8A5EB70
:1010D0000E070E2F07DDB8300E220021F5F710FFA6
:1010E0000320BDE8F883C4F30117C419B84694F887
:1010F000D1488C423BD129460E293CD801F58D714F
:1011000000EBC10147F0400444EA83048B8806F0F9
:10111000030623F45F7323F0030344EA06241C430D
:101120008B688C8062F3170301358B6080F8D3588D
:10113000C7E70F3CE4B20E2CFBD804F58D7400EB2E
:10114000C40494F804C01CF0400F0CD00CF0030948
:10115000C84508D1CCF38309894504D16FF3861CB7
:1011600084F804C0C7E70EF1010E5FFA8EFE7545E4
:10117000C1D97446DFE70F39C9B2BDE71346022271
:10118000FFF790BF38B511F0300F00F1500408BFE1
:10119000C0F89C20154600230622204602F095FE4A
:1011A00048B92946204602F0DCFD20B92046BDE8BA
:1011B000384002F06DBE38BD2DE9F74304460D46B8
:1011C0006846114691461E46F5F752FDDDE9007866
:1011D0002FB918F0010F02D1E6B932461BE004F135
:1011E00050064B4606222946304602F06EFEC8B92C
:1011F0004FEA680318F0010F18BFE35804EB6800CA
:1012000018BFDF59B84768B9304603B0BDE8F043AE
:1012100002F03EBE0D222946204603B0BDE8F04351
:10122000FFF7B0BF03B0BDE8F08370B504460026F9
:1012300094F8D25894F8D338AB4201D1002033E06F
:1012400005F58D7504EBC5021379590616D404EB28
:10125000C5052B796FF386132B7194F8D2380133BF
:10126000DBB20F2B84F8D238E2D194F8D33884F86B
:10127000D2680E2B20D884F8D338D9E7C3F3010005
:10128000C3F383015379926841EA001103F0030329
:1012900061F07F01022BC9B2C2F3170205D12046CB
:1012A000FFF770FF0028D2D070BDB3FA83F35B095B
:1012B0002046FFF781FFF5E70F3BDBB2D9E710B51A
:1012C00090F89830044633B1D0F8CC308B4204BF4C
:1012D000002380F898302046FFF7A7FFD8B994F88C
:1012E000D01099B101230C222046FFF765FF90B979
:1012F00094F8C83084F8D000042B07D0201D02F0E9
:10130000A4FA0123C4F8CC0084F898302046BDE844
:101310001040F5F727BB10BDFFF7D1BFF8B500F1BE
:10132000500504462846069EBDF81C7002F0CDFD0F
:1013300050B9206D3A46314602F079FB20B9284673
:10134000BDE8F84002F0A4BDF8BD2DE9F04F042B34
:1013500087B004460D46174609D0052B3BD00D2219
:1013600029462046FFF70AFF07B0BDE8F08F114677
:1013700004A8F5F795FCDDE904864FF0070906F0AF
:10138000010BB8F1000F02D1BBF1000FE7D004F15F
:10139000800A504602F075FC0DF10A0203A950467E
:1013A00002F051FC504602F073FC002384F85039DF
:1013B00004EB66007310BBF1000F02D0E35853F842
:1013C0000880C047012384F85039064660B1FFF712
:1013D00083FD0246C4E7114604A8F5F76DFC4FF003
:1013E0000809DDE90486CAE7BDF80A300193039BCA
:1013F00000934A463B4629462046FFF78FFF0028C8
:10140000B2D03246ACE708B50022FFF7B7FE08BD00
:1014100030B5C3B004460D46002301A980300193C6
:1014200002F0F2FB40B1FFF757FD29460246204685
:10143000FFF7A8FE43B030BD019920684FF48073D8
:1014400002AA01F029F80028F4D150344FF46F5368
:1014500006222946204602F038FD0028EAD102A9DA
:10146000204602F0B9FC0028E4D1204602F010FD2D
:10147000E0E710B50446006801F01CF80146206D55
:10148000BDE8104002F0C2BA10B50446006801F091
:1014900034F80146206DBDE81040FFF717BD37B5A1
:1014A0000023054601A98030019302F086FB044623
:1014B000A0B99DF80410286801F022F8044668B924
:1014C000286800F0F7FF48B195F853392B4493F89A
:1014D0004E391BB1286800F0F5FF0446204603B0E2
:1014E00030BD10B504460068F5F7AAFD410001F0D3
:1014F000FE01206DBDE81040FFF7E8BC13B50023E6
:1015000004460DF1070180308DF8073002F0D2FA61
:1015100058B99DF8073023B1013B012B07D90720AB
:1015200003E001462068F5F791FD02B010BD0121EE
:10153000F8E737B505460DF10701803002F0CAFA29
:10154000044620B99DF807102868EAF73BFF2046BB
:1015500003B030BD10B5044654F8500B00F0D3FF73
:1015600001462046BDE8104002F09FBB13B504467B
:101570000DF10601803002F0CCFA20B9BDF806105A
:10158000206800F0C2FF02B010BD10B5044600682C
:1015900000F0BEFF08220146206DBDE8104002F0B9
:1015A00046BA13B50822044601A9803002F01CFB9C
:1015B00018B90199206800F0ADFF02B010BD10B558
:1015C000044654F8500B00F0A8FF01462046BDE841
:1015D000104002F06ABB90F853390344006D93F851
:1015E0004E1902F013BA37B5002305460DF1070175
:1015F00080308DF8073002F06DFA044688B928680B
:1016000000F058FF30B19DF80730286863B100F052
:1016100059FF044695F853391D449DF8073085F865
:101620004E39204603B030BDF5F71CFDF1E710B58B
:1016300004460068EBF788F80146206DBDE81040CD
:10164000FFF744BC10B504460068FDF758FB01469F
:10165000206DBDE81040FFF739BCF8B505460E46D1
:101660000024012707FA04F3334204D10134202C6B
:10167000F8D10020F8BD286DE1B2FFF727FC002863
:10168000F4D0F7E7F7B5002304460D4600F18006D5
:1016900001272B60B4F88620B4F888309A4202D132
:1016A000002003B0F0BD0DF10701304602F002FA50
:1016B0000028F6D19DF807301F2B04D82A6807FAB6
:1016C00003F31343E5E70720EBE7D0F8A010FFF79B
:1016D000C4BF13B5002301A904460193FFF7D2FF4D
:1016E00010B9019BC4F8A03002B010BDB0F8A4102E
:1016F000503002F0DABA00F1A401803002F009BAE9
:1017000010B50446006800F0D5FE014640B194F8DB
:101710005339234493F95519013118BF0121490068
:10172000206DBDE81040FFF7D1BB13B5044601A9F9
:10173000803002F042FA28B90199012204F1B80080
:10174000F5F712FC02B010BD13B5044601A98030B4
:1017500002F033FA28B90246019904F1B800F5F70E
:1017600003FC02B010BDD0F89C10503002F0F9BA62
:1017700010B500F150040421204602F0F2FA28B915
:1017800020460321BDE8104002F0EBBA10BD032152
:10179000503002F0E6BA0021503002F0E2BA10B543
:1017A00000F150040521204602F0DBFA28BB0C2191
:1017B000204602F0D6FA00BB1821204602F0D1FAEA
:1017C000D8B92221204602F0CCFAB0B940F201216A
:1017D000204602F0C6FA80B94021204602F0C1FA44
:1017E00058B94121204602F0BCFA30B9204640F2F7
:1017F0000621BDE8104002F0B4BA10BD10B5044691
:10180000F5F71AFC014604F15000BDE8104002F063
:10181000E3BA006D0121FFF759BB006D0021FFF70E
:1018200055BB006D0421FFF751BB0C20704713B569
:1018300004466946006800F072FE206D0822694681
:1018400002F0F5F802B010BD0221503002F05BBB8F
:1018500090F8C810006DFFF739BB712A10B51C460F
:101860000CD0B2F56F5F06D00C2A0AD1F5F762F9F9
:101870002070012010BDFFF7CBFDF9E7F5F77EFAE8
:10188000F6E70020F6E7F0B585B004460D4602A85D
:101890001146002716468DF80770F5F7F5F9DDE9D2
:1018A000023000F0010273B96AB90DF10703324644
:1018B00029462046FFF7D1FFF8B90D2229462046D8
:1018C000FFF75CFC17E0411084F8507904EB6000EE
:1018D0000AB16258D358984701228DF8070084F85E
:1018E000502918B1FFF7F8FA0246E7E733462946D0
:1018F0002046FFF7D7FB8DF807009DF8070005B0DD
:10190000F0BD73B5002304460D46803001A916468C
:10191000019302F052F9024640B1FFF7DDFA294681
:1019200002462046FFF72AFC024604E0032E15D0AB
:1019300004D8022E0CD0104602B070BD331F012B0C
:10194000F9D8019A334629462046FFF7FEFCEBE71B
:10195000019B29462046FFF7A5FBE5E7019A2946AA
:101960002046FFF790FFDFE737B504460D4680308D
:1019700001A902F022F980B9019A012A0FD008D9F1
:10198000931E032B10D9052229462046FFF7F6FBAC
:1019900003E029462046FFF736FD03B030BD294657
:1019A0002046F5F747F8F8E729462046FFF7A9FF54
:1019B000F3E773B5012300F18005044680F8503940
:1019C000002628468DF8076002F069F8042384F8A1
:1019D000C83084F898600DF10701284602F06AF8D3
:1019E00098B99DF907309DF80710B3420DDAD4F885
:1019F0005C390133C4F85C39C1F3011384F85339FD
:101A000043B106222046FFF7BDFB002384F850397E
:101A100002B070BD2368002BF3D02046FFF7A4FF6F
:101A200038B1FFF759FA9DF8071002462046FFF734
:101A3000A5FB94F8D32894F8D2389A4202D02046D5
:101A4000FFF7F3FB94F853299DF80730224403F085
:101A50000F0392F8D11831B199421EBFD4F8601922
:101A60000131C4F860190F2B14BF0133012382F830
:101A7000D138CAE710B504460068EAF74FFCC1B296
:101A8000206DBDE81040FFF721BA10B5044600688C
:101A9000FDF730F9C1B2206DBDE81040FFF716BA6E
:101AA00013B504460DF107010068FDF71FF930B9C1
:101AB0009DF80710206DFFF709FA02B010BDFFF77F
:101AC0000BFA014604F1500002F01DFAF5E713B5D8
:101AD000002304460DF1070180308DF8073002F035
:101AE0000CF820B99DF907102068FDF701F902B044
:101AF00010BD13B504460DF107010068EAF788FD33
:101B000030B99DF80710206DFFF7E0F902B010BD65
:101B1000FFF7E2F9014604F1500002F0F4F9F5E7AD
:101B200013B5002304460DF1070180308DF807300E
:101B300001F0E3FF20B99DF907102068EAF772FD74
:101B400002B010BD13B504460DF10701006801F0A5
:101B5000EBFA30B99DF80710206DFFF7B7F902B026
:101B600010BDFFF7B9F9014604F1500002F0CBF9BE
:101B7000F5E713B5002304460DF1070180308DF819
:101B8000073001F0BAFF20B99DF90710206801F075
:101B9000CDFA02B010BD37B500F1800504460DF155
:101BA0000601284601F086FF60B90DF107012846BD
:101BB00001F0A3FF30B99DF907209DF806102068B9
:101BC000EAF7CCFD03B030BD13B504460DF10601B4
:101BD00054F8500B01F0AEFA30B9BDF806102046AB
:101BE00002F063F802B010BDFFF776F90146204617
:101BF00002F089F9F6E713B504460DF106018030CD
:101C000001F087FF20B9BDF80610206801F090FAB6
:101C100002B010BD006D002101F0F8BEFEE710B566
:101C2000044600F07EFCF4F793FE0146206DBDE80B
:101C30001040FFF74BB937B5002300220446CDE929
:101C40000023E9F75DFF6946054604F1800001F0D5
:101C50008EFF60B9DDE90032AB4272F1000108D3BA
:101C60005B1B62F10002C4F87039C4F8742903B038
:101C700030BD0720FBE700F51763D3E900235030A0
:101C800002F03DB810B504460068F6F769F9014660
:101C90002046BDE81040FFF7E0BC10B504460068E0
:101CA00001F03EFA01462046BDE81040FFF7D5BCE2
:101CB000F0B5013A04460C26002090420DD3704343
:101CC0000A18095899420BBFD2E901010023C4E95F
:101CD0000001C4E900332046F0BD85186D0806FBFD
:101CE00005F7CF599F4234BF681C2A46E5E701F04B
:101CF0008DBE0A21503002F034B80421503002F079
:101D000030B8F8B50646174600F150050C460029D4
:101D10006DD0002A72D18A880968284602F04CF8F2
:101D2000002862D194F91510306DC9B2FFF7DFFFBA
:101D300000285AD1306D8021FFF7D9FF002854D1F7
:101D4000002C60D0E37D03F001019B074FEA0111F5
:101D500001D541F02001284601F0A7FF002844D119
:101D6000284602F051F8014600283ED104B1A1797D
:101D7000306DFFF7BCFF0146002836D104B1A17DCC
:101D8000306DFFF7B4FF80BB002C3ED0D4E90223B6
:101D9000284601F0B4FF40BB284602F054F820BBAF
:101DA000284602F031F800BB3946284601F0D9FF39
:101DB000D8B9284602F047F8B8B9284602F024F806
:101DC000014690B904B1217D306DFFF790FF60B9F5
:101DD000F4B12169284601F077FF30B9284602F0B6
:101DE00032F8003818BF012000E00120F8BD284675
:101DF00001F05BFF0028F8D1214695E70021284635
:101E000001F053FF8CE72146A5E700220023BFE73E
:101E10002146DFE70901F8B561F07F0100F15007C5
:101E2000044615461E460622712301F0F00138468D
:101E300002F04BF850B9324629462046FFF761FFC1
:101E400020B93846BDE8F84002F022B8F8BD2DE9C7
:101E5000F347164642189DF8288092F854590446D4
:101E60001F46002D40D045EA011161F07F01C9B243
:101E70008BB31B6893F800A0CAF3001A96F81B9066
:101E8000002304F1500582F854392846062209F04F
:101E9000010902F01AF838BB4046FFF71DF8014669
:101EA000284601F05EFFF8B9206D514601F0AEFD05
:101EB000D0B9206D494601F0A9FDA8B9B8F1000FCD
:101EC0000BD033681B781B0711D4284602B0BDE83D
:101ED000F04701F0DDBF9A46D0E74246394620463A
:101EE000FFF70FFF0028ECD002B0BDE8F087B9F192
:101EF000000FEAD00DF10301304600F09AFE0028F1
:101F0000F2D101A9304600F06EFE0028ECD19DF818
:101F10000310206DFFF7EBFE0028E5D1019928465C
:101F200001F0D2FE0028D0D0DEE72DE9F0414318C1
:101F30000C4617462401FF2293F9558983F8552949
:101F4000054664F07F04FEF7C5FF05F15006E4B2D4
:101F500000F0B8FA392306222146304601F0B5FFD9
:101F6000F8B9286D5FFA88F1FFF7C1FEC8B9286D8E
:101F7000F9B2FFF7BCFEA0B9304601F089FF80B985
:101F8000214630230622304601F09FFF014640B92A
:101F9000286DFFF7ACFE20B93046BDE8F04101F0F6
:101FA00077BFBDE8F08110B5044654F8500B00F03F
:101FB00091FA01462046BDE8104001F0D2BE90F8EB
:101FC00053390344006D93F8561901F01FBD10B545
:101FD000044654F8500B00F08EFA02460B46204699
:101FE000BDE8104001F08BBE10B590F8531901F612
:101FF000561104460144803001F06CFD48B994F854
:10200000533920682344BDE8104093F85619F5F77A
:1020100033B810BD73B504460068F5F771F805468E
:10202000B8B904F18006B4F88830B4F886209B1A59
:102030009BB2012B0DD90DF10601304601F069FD6F
:1020400030B9BDF806102068F5F722F80028EAD06C
:102050000546284602B070BD73B504460068F5F722
:102060005BF80546B0B904F18006B4F88830B4F8DE
:1020700086209B1A9BB2072B0CD9082201A9304657
:1020800001F0B2FD28B901992068F5F70BF8002896
:10209000EBD00546284602B070BD13B504460DF1DD
:1020A0000601803001F035FD20B9BDF8061020682A
:1020B000F5F70AF802B010BD13B50822044601A9CD
:1020C000803001F091FD18B901992068F5F706F804
:1020D00002B010BD13B504460DF10601803001F0C9
:1020E00018FD20B9BDF806102068F4F7D1FF02B042
:1020F00010BD13B500230446082201A980300193C6
:1021000001F072FD18B901992068F4F7CBFF02B015
:1021100010BD13B504460DF10601803001F0F9FC45
:1021200020B9BDF80610206800F0C9F902B010BD52
:102130007FB500F180050C460DF10A0203A928467F
:1021400001F08BFD064600286CD1BDF80A207F2ADD
:102150006BD82646A28056F8060B0399FEF79BFC27
:102160003146284601F0A6FC064600285AD1A3793C
:10217000A376E37E23F0170343F004032146E376BE
:1021800040F60473C4E9040021F8183F284601F022
:1021900091FC002846D104F11901284601F08AFC7F
:1021A00000283FD10DF10601284601F093FCC8BB81
:1021B000E37E9DF8062062F38203E37602A92846B7
:1021C00001F088FC70BBE37E9DF8082062F30003F9
:1021D000E3760DF10701284601F07CFC10BBE37E9D
:1021E0009DF8072062F34103E3760DF109012846CB
:1021F00001F070FCB0B9E37E9DF8092062F304138E
:10220000E37604F11401284601F097FC50B904F17B
:102210001001284601F091FC20B904F11A0128466A
:1022200001F048FC304604B070BD0626FAE730B530
:1022300000F1800487B0054602A9204601F03AFC6F
:1022400020B99DF80830082B02D0072007B030BD18
:102250000DF10901204601F02DFC0028F6D10DF109
:102260000A0203A9204601F0F8FC0028EED1BDF8CF
:102270000A30102BE9D10DF10A0204A9204601F021
:10228000ECFC0028E2D1BDF80A30102BDDD10DF1B5
:102290000A0205A9204601F0E0FC0028D6D1BDF8CD
:1022A0000A30102BD1D1059B0193049B00939DF81C
:1022B0000920039B9DF80810286800F011F9C5E774
:1022C00037B500F180050446002301A928468DF8A2
:1022D000033001F032FCA0B9B4F88620B4F888309D
:1022E0009A4207D19DF80330206801995BB900F04C
:1022F000FAF806E00DF10301284601F0EBFB002897
:10230000F0D003B030BD00F0F2F8FAE7D0F87C2945
:1023100000F682139A4204D100F59D501030F4F774
:1023200029BF7047FFF7F2BF2DE9F0410446061DB3
:1023300000F58055304601F08AFA95F8A03110B1C9
:10234000022B3AD00FE0012B4CD0022B35D0002BC2
:10235000F0D12046FEF7F6FD08B1FCF7B3FC2046AD
:10236000FEF7FAFD48B1D4F87C1904F68210091A78
:1023700089B2002940D1BDE8F08104F58C500430C9
:1023800001F02AFE0028EED1304601F0AAFA01231E
:1023900085F8A031304601F0B9FAF0B194F89870A0
:1023A0003046F8F77FFF2FB194F8983013B9012326
:1023B00085F8AC33022385F8A03104F58C50043045
:1023C00001F013FE0028CED195F8AC3385F8A001BA
:1023D000002BAFD085F8AC03ACE7304601F09FFA94
:1023E00085F8A10104F58C5095F8A1110430F8F797
:1023F000ABFF0028CED0B6E7D4F87839BDE8F0417D
:10240000184708B5F4F79EFABDE80840FFF78CBFFF
:1024100000F68213C0F87C394FF40063A0F88039CD
:1024200000F59D501030F4F7A5BE08B5F4F78AFA10
:1024300018B1BDE80840FFF7EBBF08BD38B504464A
:102440000D46F4F77FFA40B100F58C502A4621463C
:102450000C30BDE83840F8F7A5BF38BD38B500F5F9
:10246000805400F58D55D4F8A4310A355B1B9BB21E
:1024700051B91A462946FFF79CFA4FF40073C4F885
:10248000A451A4F8A83138BD2A46F4F7F3FCF4E7C8
:10249000FFF7E4BF1B207047A030F4F789BFF5F7C2
:1024A00015BA0120704700F002BA00F002BA2430D9
:1024B00000F029BA806A003818BF01207047243024
:1024C00000F04DBA243000F054BAC06C704724308C
:1024D00000F057BA343000F01EBD243000F05EBA70
:1024E000243000F068BA0022243000F09DBA0122A6
:1024F000243000F099BAEAF79BB890F824007047AE
:10250000243000F01BBAC08C7047243000F009BAA8
:102510003C307047243000F018BA408F7047E5F720
:102520003FBE0020704710B50446FFF7BAFF20B148
:10253000201DBDE8104000F068B810BD10B504467D
:10254000FFF7AFFF18B16068003818BF012010BD59
:1025500010B540B10023441E98B2814203D9013323
:10256000E25C002AF8D110BD3038C0B209289ABF09
:102570000870002007207047A0F14103052B04D804
:102580003738C0B2087000207047A0F16103052BF6
:1025900001D85738F5E73038C0B20928F2D90720FA
:1025A000704710B5002401608480C2800C7010BD9B
:1025B00070B504461346E58882880068AA420E4634
:1025C000104434BFA91A00213246F8F789FFA388C6
:1025D000E288184480B2904228BF2368A08022BFBE
:1025E0009B18002203F8012C204670BD0EB417B5CD
:1025F00005AA044652F8041B0192FFF7D9FF2046B2
:1026000003B0BDE8104003B0704770B50468002502
:10261000056074B16068844205D165602368204616
:10262000BDE8704018474368636003684560984799
:10263000F0E770BD43684968981A8A1A92EA000F59
:1026400058BF581AC00F704738B50C461146A268DB
:102650009442034606D00568AC420BD10260F4F701
:1026600093FDA46038BD94420DD011469268002AB3
:10267000F9D1F6E72A460021F9E78B68002BF0D064
:102680009B688B60EDE70029F7D1002DE9D0AA689F
:102690001A60E6E72DE9F047936805460C461646B2
:1026A00098473246814621462846FFF7CDFFD5F8A8
:1026B00000A04FF0000857462FB14A463946204641
:1026C000FFF7B8FF58B1B8F1000F0BD1C4F808A05C
:1026D0002C6031462846BDE8F047F4F755BDB846B2
:1026E000BF68E9E7D8F80830A360C8F80840BDE83B
:1026F000F0871144F4F76CBD38B50D460446E9F790
:10270000FFF92A4601462046BDE83840FFF7F1BFF1
:1027100070B5066804460D467EB18B6898477368AD
:10272000C01A002809DB20462A463146FFF78CFFF5
:1027300033683046BDE87040184729462046BDE85A
:102740007040F4F721BD0368C168994202BF436835
:102750000133436001F180410830F4F739BD08B519
:102760000120EAF729F8002008BD08B50020EAF7A3
:1027700023F8002008BD7047FCF7C5BA13B5002246
:102780000C4601A9F3F7CEFD019B206018780028C4
:1027900018BF062002B010BD012937B51D4608D06C
:1027A00007242046069A2946F4F748FD204603B040
:1027B00030BD106801A9FFF7E1FF04460028F0D101
:1027C0000198A0F10B030F2BEAD8C0B2FCF799FADD
:1027D000E7E7012937B51D4611D1106801A9FFF7B8
:1027E000CDFF044618B99DF90400FCF78BFA20468A
:1027F000069A2946F4F722FD204603B030BD07248F
:10280000F5E713B50C4601A9FFF7B8FF30B9019BF6
:10281000012B9ABF03F001032370062002B010BD04
:1028200070B5A2B00846164601A921221D46F5F74B
:102830009BFB044638B901A800F006FD294630701C
:1028400001A800F0F6FC204622B070BD0C207047B5
:102850000C2070470C2070470C2070470C207047EC
:102860000C2070470C2070470C2070470C207047DC
:1028700038B500250446C0E901550C30F5F71AFCBF
:10288000214604F11000F4F7BDFC214604F12400B8
:1028900000F026F8214604F1A000FFF76CFF84F851
:1028A000A150F5F71FFCC4F8A400204638BDFCF782
:1028B00003BA10B504460D30F5F7ECFA04F1240024
:1028C000BDE8104000F000B80023C0E902334360C7
:1028D0000B2303704FF6FF734380103000F0EEBA05
:1028E00010B50B2303704FF6FF7343800023C0E93C
:1028F00001330446C3601030F5F730F82046FFF787
:10290000E3FF204610BD38B504460D46103019B11E
:10291000F5F778F810B138BDF5F78AF86560002052
:10292000F9E738B5436804460D462BB11030F5F78A
:1029300049F86580002038BD0D20FCE7436813B1DD
:102940000170002070470D20704708B5436823B11F
:102950001030F5F743F8002008BD0D20FCE708B55E
:10296000436823B11030F5F733F8002008BD0D207F
:10297000FCE743681BB110F8101BF5F76DB80D208C
:10298000704738B5436804460D462BB1103000F04F
:102990003BFB00B9A56038BD0D20FCE738B51D46EE
:1029A000436804462BB11030F5F7BAF800B9E5607A
:1029B00038BD0D20FCE72DE9F0438FB004460D46ED
:1029C00016460021102202A806AF99460DF12808EC
:1029D000FEF789F8102200213846FEF784F810220D
:1029E00000214046FEF77FF86368DBB100224946CC
:1029F00002A800F051FA16990022384600F04CFA6D
:102A000017990022404600F047FA04F11000CDE982
:102A1000007802AB32462946F5F7FEF800200FB0E9
:102A2000BDE8F0830D20FAE708B5436823B1103004
:102A3000F5F702FA002008BD0D20FCE703681888AE
:102A4000704708B5FFF7FAFF00F44050A0F50053B7
:102A50005842584108BD00F44052B2F5005F0346A9
:102A600020D120F44E5020F03F0048F24002904226
:102A70001ED00CD8B0F5446F1AD005D8C8B1B0F547
:102A8000046018BF01207047B0F50040F9E703F477
:102A90004C43B3F5404F0BD04CF64043C01A18BF1F
:102AA0000120704710F4406F14BF012000207047D0
:102AB00000207047B0F5804F0ED300F44053B3F5BB
:102AC000005F04D080F04000C0F38010704700F435
:102AD0004C43B3F54C4FF5D100207047102805D07A
:102AE000A0F1180358425841C000704704207047B5
:102AF00000F007000123834013F0220F09D113F0E7
:102B0000880F08D113F0440F14BF01200020C0002B
:102B10007047042070471020704708B50146FFF742
:102B20009AFF01F44063002814BF05220322B3F585
:102B3000006F06D0B3F5406F17D023B1FF221046C7
:102B400008BD0232D2B20846FFF7B4FF08B1023224
:102B5000D2B201F44041B1F5004F08D0B1F5404F79
:102B600008D0002918BFFF22E9E70832EAE702325D
:102B7000D2B2E4E70832FBE708B58388042B05D915
:102B8000FFF75CFFBDE80840FFF7C7BFFF2008BDA7
:102B90008288022A05D903681B781B0701D5FFF735
:102BA000EBBFFF20704738B505460C46FFF7F0FF36
:102BB000FF281FBF2B681B5C03F00703237014BFA3
:102BC0000020062038BD38B505460C46FFF7E0FF6B
:102BD000FF281FBF2B681B5C03F01803237014BF72
:102BE0000020062038BD38B505460C46FFF7D0FF5B
:102BF000FF281FBF431C2A68DBB200201ABFD3582E
:102C00002360062038BD38B50C460546FFF7C0FFE7
:102C10002A68431CD9B252FA83F35454220A5A70D8
:102C2000220C240E9A70DC70EB7E43F00103EB76ED
:102C300038BD70B506460D46FFF7AAFFFF280446CB
:102C40000BD03268105C00F01800FFF747FF2244F9
:102C50000244002053792B7070BD0620FCE770B54C
:102C600006460D46FFF794FF32680446105C00F0FC
:102C70001800FFF733FF22440244557170BD10B5B0
:102C80000446FFF785FFFF2806D02368185CFFF78E
:102C90002FFF0230C0B210BD0220FCE710B5044681
:102CA000FFF76AFFFF28014610D023681A78120741
:102CB0000CD5A488A0420BDA185CF4F73DFEFF287F
:102CC00008D00144C9B28C42B8BFFF21084610BDEC
:102CD000FF21FBE70146F9E7F8B50546FFF7DEFF00
:102CE000FF2804462DD02846FFF7A8FE8305064698
:102CF0001DD52846FFF7C3FF2F68A988A21C93B2F1
:102D000010FA82F28A4207EB040C1CDC3A5D02F0F6
:102D10007F0213449CB210FA83F3994213DBBCF890
:102D20000020C2F3C7127F2A01D09942E6DC284670
:102D3000FFF787FE28B906F00706032E01D10134FC
:102D4000A4B2E0B2F8BDFF24FBE710B50446FFF7DC
:102D5000C3FFFF2816BF23680020C01810BD10B5A0
:102D60000446FFF7F2FF2368C01AC0B210BD70B569
:102D700005468688FFF7F3FF04462846FFF77FFFE6
:102D80000444301B80B270BD38B504460568FFF7B7
:102D900076FFA388181A284438BD2DE9F04104466F
:102DA0009EB0002308A803930D4600F0FBFB2368A8
:102DB0001B781B0751D50DF10B012046FFF7F3FEE1
:102DC00000284AD103A92046FFF70DFF0646002838
:102DD00043D10DF110089DF80B2003994346284676
:102DE00000F0CEFBA16808A800F05CFA2046FFF7CF
:102DF00046FF05462046FFF7B2FF07462046FFF78D
:102E0000B6FF023D0D2302463946CDE9008308A8EE
:102E1000EBB200F053FA2046FFF7A1FF2568024607
:102E2000294608A800F0DDFA2046FFF78EFF054688
:102E30002046FFF79CFF2A460346294608A800962D
:102E400000F006FB2046FFF79FFF014608A800F0B0
:102E50007EFBE37E43F01003E37608A800F0B1FBAD
:102E60001EB0BDE8F08110B40C461AB1012A05D09D
:102E700010BC704710BC0822FDF70DBE01F108021E
:102E8000013812F8013D00F8013FA242F9D1EFE705
:102E900010220021FDF727BE30B50B46024601F196
:102EA000100518685968144603C40833AB4222461B
:102EB000F7D130BD102308608B80704738B50822E9
:102EC000044600254FF6FE73294645800571C380F0
:102ED0001044FDF708FE238A656103F0FE0343F406
:102EE000FE4343F00103238204F1280084F85D507F
:102EF000FFF7CEFF04F13800FFF7CAFF04F14800E6
:102F0000FFF7C6FFA56584F85C5004F16000BDE8DA
:102F10003840F4F753B9008840F0ED00704703885B
:102F2000DA0707D40B681B789B0603D510216030A5
:102F3000FFF7E2BB70478378022B1CBF022383702C
:102F40001C30F4F7A1BF008880F02000C0F34010CF
:102F50007047008800F00C00B0FA80F0400970471C
:102F6000008880F00400C0F380007047008880F083
:102F70004000C0F38010704738B590F85C30934241
:102F800004460D4607D11C3000F0A4F8A36D9D4205
:102F900024BF0135A56538BD37B50446806903688F
:102FA0001B781D072ED5C37ED9062BD40DF1070142
:102FB000FFF709FE30BBA069C37EDA0703D494F89B
:102FC0005C10FFF74CFE2046FFF7BDFFD0B19DF827
:102FD0000730082B16D1A36904F138029A60A06962
:102FE000C37EDB0709D4A56D2946FFF70CFE94F8D4
:102FF0005C2029462046FFF7BFFFA06904F10801C5
:10300000FFF7CBFE03B030BD38B58378052B0546FE
:103010000BD00024FFF7C0FF2846EC702C7185F818
:103020005D40F4F7BFFD204638BD0D20FCE737B505
:1030300005460C46FFF787FF08BB0B681B781A078D
:103040001DD5CB7EDB071AD50DF102012046FFF717
:10305000BAFDA0B99DF80230082B10D101A9204675
:10306000FFF7C1FD58B90DF103012046FFF7E1FD5F
:1030700028B99DF8032001992846FFF77DFF03B08A
:1030800030BD70B5036A05460C46164693B1B1B122
:1030900022B9426A3146204698472846FFF753FF37
:1030A00068B9E37D9B070AD5227D21692846FFF791
:1030B00063FF04E0FFF747FF08B90029F1D132466A
:1030C000214605F11C00BDE87040F4F7D1BE704701
:1030D00070477047704790F8A13013B10E30F5F784
:1030E00007B8704790F8A13013B10E30F5F706B865
:1030F000704710B490F8A1401CB110BC0E30F5F729
:1031000003B810BC704790F8A13013B10E30F5F73A
:1031100001B870470E30F5F703B80E30F5F706B872
:1031200008B5F4F71DFF08BD0C2070470C20704750
:103130000C2070470C2070472DE9F74305460068C6
:103140000E461746984618B9072003B0BDE8F0832D
:10315000E1F782FA00F1010904464FEA5909B8F192
:10316000000F09D0B8F1010F3CD0B9F1000F3DD1EB
:10317000A6F800900020E8E733884B45E4D104F03E
:103180000104B9F1000FF3D0002C35D12B680DF1FB
:1031900007011878FFF7F0F90028D6D12B68013322
:1031A0002B609DF807301B01DBB23B702B680DF1E3
:1031B00007011878FFF7E0F90028C6D12B689DF8C1
:1031C000072001332B603B7801341343A14507F8F6
:1031D000013BCDD0B8F1020FD8D13388A342D5D16D
:1031E0002420B2E733884B45C9D2ADE73388002BA2
:1031F000F6D000F00104C7E700242346D5E713B555
:103200000C466946F4F702FF40B9009B019AB3F5FA
:10321000807F72F1000234BF2370072002B010BD1E
:1032200007B50123019001A8FFF786FF03B05DF801
:1032300004FB10B50023DCB2013350F8242002B99E
:1032400010BD41F82420F6E70023DAB250F822102E
:103250001A4601330029F8D1D0B2704731B16FF06E
:103260000043994208BF0121016070470121FBE73B
:10327000026848F24E33A2FB0323014613EB5200CF
:1032800044BF20F00043581C0860704738B505461D
:103290000C46F4F727FF611BB0FBF1F303FB1100B1
:1032A000284438BD1FB50446084601A9FFF702FEB1
:1032B00001A9204600F081F904B010BD2DE9F84FB6
:1032C000DDF82890044698460E461746134600201F
:1032D000421C002B64D19DF82CA0C0B2022838BF3C
:1032E0000220BAF10D0F28BF4FF00D0ACAF10F03EB
:1032F0009842B8BFD8B2C0F10F039A45C8BF5FFA71
:1033000083FA331E18BF0123A8F1020201385210BC
:103310009B01C5B243EAC2032B432374524649467C
:1033200004F11100FDF7B7FB04F120013A460F2329
:103330009A4538D304F110021146204600F03FF9B7
:10334000002E4CD0B6F57F4F227C637CC6F307205D
:10335000F1B22ED242404B40227463744FF0020B04
:103360005246494684F8205004F12100FDF793FBB2
:103370000AF12100CAF10F0200212044FDF7B3FB3E
:103380000023C4E91137E364102384F854A02664B1
:10339000A4F850B0A4F8523084F85580BDE8F88FF6
:1033A0001B0A104694E7013B01F8012DDBB2120A1B
:1033B000BEE783F0FE036374A37C83EA1663A37401
:1033C000E37C83EA1643E374237D5840637D2075D4
:1033D000D2435940227461754FF0060BC0E7B346E3
:1033E000BEE72DE9F843044615460E468F1800F156
:1033F00010094FF00008B74213D1636C1D44236CD1
:1034000065649D420BD1B4F850302BB104F1100229
:103410001146204600F0D3F80023A4F85030BDE850
:10342000F883B4F85030102B06D14A46494620465E
:1034300000F0C5F8A4F85080B4F850305A1C23446A
:10344000A4F8502016F8010B1A7C50401874D2E7EB
:103450002DE9F74F1F466FF0200A9DF83030019399
:1034600004460D46914601EB0708AAEB000A00F15D
:10347000200BA8451BD1E36C1F44A36CE7649F425B
:1034800062D3B4F850302BB104F11002114620463B
:1034900000F095F894F8542002F121000021C2F1C7
:1034A0000F02204403B0BDE8F04FFDF71CBBB4F899
:1034B0005220102A16D104F1300094F854600246CC
:1034C0000AEB00018E4206DA10F8011D0131C9B283
:1034D00001700029F4D05946204600F070F800220F
:1034E000A4F85220B4F85220019B511C89B2224406
:1034F0000BBB2E78A4F8521092F83020724089F855
:103500000020B4F85020102A08D104F1100211460E
:10351000204600F054F80022A4F85020B4F85020BF
:10352000511C2244A4F85010117C4E4016740135F1
:1035300009F101099DE799F80060A4F8521092F88A
:10354000302056402E70DCE703B0BDE8F08F38B570
:1035500000F1300204460D4600F1200100F02FF882
:1035600004F10F02002394F85510994200DC38BD95
:1035700012F8011F92F820004140E9540133F2E7AC
:1035800070B51C460D461646014608221846FDF742
:1035900082FA2B0E23722B0C63722B0AA372E57234
:1035A000267370BD10B500F10803036008230446BC
:1035B0008380FBF7CAFB204610BDFBF7D2BBE9F7BF
:1035C00059BA10B50446FBF7DBFB204610BD034695
:1035D0006FF040420846591E914207D338B103F1BB
:1035E000404393428CBF0020012070470120704768
:1035F00018B1C3691BB1013BC361002070476FF074
:103600009600704710B44468240A02D110BCF5F744
:1036100021B86FF0860010BC704713B5002001ABD5
:103620001446F5F7D5F830B9019BA34218BF6FF0E7
:10363000930002B010BD6FF09200FAE710B5036876
:1036400003625A1E11468B4211D841620221017752
:1036500000210163A1F58031C0E90A33C0E90D13EF
:10366000934207D8C0E90F23C0E9113310BD048984
:103670002144E8E701890A44F2E708B501600281C4
:1036800011440022C0E90322C0E905224160FFF78E
:10369000D5FF08BDC0E903127047C0E905127047A5
:1036A00010B51446120A0A700122F7F783FD047060
:1036B00010BD10B5134601220C78F7F77BFD037897
:1036C0002402E01880B210BD2DE9F041876A90F81D
:1036D0001C80C26A0E46434639460446F7F78EFD03
:1036E0000128054614D9424639462046FFF7E1FF36
:1036F000023DC5F30D052E4340EA0602434692B251
:1037000039462046FFF7CCFFE36AA362BDE8F081AB
:10371000E762FBE72DE9F04790F81CA0BAF1020F31
:1037200004460E4617461D4625D0836AD1F80490FC
:10373000994522D1C26A53464946F7F75FFD36687C
:1037400080465346324649462046F7F757FD2844FF
:10375000404512DC3D44AF4202D10020BDE8F08775
:1037600017F8013B33703146237F01222046F7F7DB
:1037700021FD0646EFE70D20F0E70720EEE72DE9F3
:10378000F047057F022D04460E461DD0836AD1F80E
:103790000480984518D1D0F82C902B464A464146D3
:1037A000F7F72CFD366807462B4632464146204641
:1037B000F7F724FD874207D92B464A463146204673
:1037C000BDE8F047F7F71ABD0020BDE8F0872DE906
:1037D000F04190F81C80B8F1020F04460D4616D057
:1037E000836A4F689F4214D1C26A43463946F7F74D
:1037F00005FD2D68064643462A4639462046F7F71A
:10380000FDFC864205D9E5620020BDE8F0810D206F
:10381000FBE70720F9E738B5037F022B044612D0F7
:103820000021FFF751FF227FA06A04EB8203196A8F
:1038300021631862E56815B120692346A847022371
:103840002377002038BD0D20FCE7006B7047C26B6A
:10385000436A9A4205D1836B006A1B1A5842584149
:1038600070470020704790F8353033B9C36B426A17
:103870009B1A18BF012380F8343070472DE9F843B4
:1038800090F8346000EB86070446D7F82080656C1A
:103890002564454522D0324629462046FFF709FFD8
:1038A000030402D5BB6B9D4218D1C0F30D00821CEE
:1038B000334629462046F7F77DFC3346814660644F
:1038C000022229462046F7F775FC8145A064DED028
:1038D0000123002084F83530BDE8F8830323172046
:1038E000F8E708B50146FFF7B2FF68B90846FFF7E9
:1038F000BAFF91F834300E3351F82330C1E9103358
:10390000BDE80840FFF7BABF172008BD90F83500A2
:1039100003281ABFB0FA80F040090120704738B57B
:1039200090F83520012A04460ED1816C90F834308D
:103930000D78F7F73FFC636CA064984202D12046F3
:10394000FFF79CFF284638BD0025FBE7D0E90E2392
:10395000416A994209D1017F012906D0531E0268AC
:1039600093420ED34362C3637047016A914207D109
:10397000027F2AB142680133934205D20362836316
:10398000704701890B44EBE701895B1AF4E7037F79
:10399000022B06D0083350F82330C0E90A33022343
:1039A0000377FFF7D3BF70B5D0E90A239A420546E3
:1039B0001AD1037F0833002150F82360B31A5E4206
:1039C0005E41F7F745FCF603044658B90146284620
:1039D000F7F73EFC044628B92B7FA96A32462846F1
:1039E000FFF75EFE204670BD0024FBE738B5037F7D
:1039F000022B04460D4607D0FFF7D5FF18B9E36A3E
:103A00002B60A36A6B6038BD0D20FCE738B5037FDF
:103A1000022B04460D4608D0FFF7C5FF30B92946F2
:103A20002046BDE83840F7F713BC0D2038BDF8B587
:103A3000037F022B07460D46164611D0FFF7B3FF52
:103A4000044610B92E44B54201D12046F8BD15F800
:103A5000011B3846F7F7FCFB0028F4D00446F4E7D6
:103A60000D24F2E738B50D460446FFF790FF0DB17F
:103A7000012D00D12577237F083354F82330C4E982
:103A80000A3338BD0022C0E90022C0E90222704793
:103A9000838803810022C28082728381704710B5BF
:103AA0000029016014BF114600218180FFF7F0FF5B
:103AB000818110BD10B5C38802895C1C94429FBFF0
:103AC0000268D35C0B70C3889BBF0133C3800620A0
:103AD000002010BD13B50C460DF10701FFF7EAFFFA
:103AE00028B99DF8073023B1012B04D1237002B00F
:103AF00010BD0346FAE70620F9E713B50C460DF1B1
:103B00000701FFF7D7FF10B99DF80730237002B007
:103B100010BD10B5C38802899C1C94420BD8026862
:103B2000D418D35C647843EA04230B80C38802333F
:103B3000C380002010BD0620FCE770B5C48803894F
:103B4000221D9A4211D805682A192C5D937856785F
:103B5000D2781B0443EA0623234343EA02630B6043
:103B6000C3880433C380002070BD0620FCE770B515
:103B7000C288038902F108049C421CD80568AC186D
:103B8000AA5CA378667865791B0443EA062313438D
:103B9000E27843EA0263227942EA0522A579E479D0
:103BA00042EA054242EA0462C1E90032C3880833AE
:103BB000C380002070BD0620FCE737B50446C388EB
:103BC0000D4601890068C91A184401AA00F0B0F92D
:103BD0000028C1BFE388C018019BE080D2BF062047
:103BE00000202B6003B030BD30B5C4880389A51810
:103BF0009D42DFBF03681B190B60C388DBBFD2186F
:103C0000C2800620002030BD38B5C28803890D4629
:103C1000511C9942044601D9062038BD00689B1A00
:103C200099B21044FEF794FCE28823899B1A9BB258
:103C30009842F1D2236813442B60E388013318447F
:103C4000E0800020E9E710B4C48803891B1B9BB205
:103C5000138010BC1A46FFF7C7BFF7B50E460DF12B
:103C6000060105461446FFF754FF40B9BDF806703B
:103C700031463A462846FFF7B7FF00B9278003B020
:103C8000F0BDC38883810389C381837AC37270477F
:103C9000838982889A4281BFC380C3890381C37AA2
:103CA00086BF837200200D20704738B504460D464C
:103CB0000068C9B2FFF7AAFE28B92068290ABDE842
:103CC0003840FFF7A3BE38BD38B504460D4600683E
:103CD000C9B2FFF79BFE88B92068C5F30721FFF73B
:103CE00095FE58B92068C5F30741FFF78FFE28B944
:103CF0002068290EBDE83840FFF788BE38BD70B592
:103D0000D1B20446006816461D46FFF77FFE38BB59
:103D10002068C6F30721FFF779FE08BB2068C6F3C9
:103D20000741FFF773FED8B92068310EFFF76EFE2A
:103D3000B0B92068E9B2FFF769FE88B92068C5F319
:103D40000721FFF763FE58B92068C5F30741FFF765
:103D50005DFE28B92068290EBDE87040FFF756BE09
:103D600070BD13B50A4604460621684600F00DF9F9
:103D7000694682B22068FFF75AFE02B010BD70B5E6
:103D80000D4611F00F0118BF002304460EBF80F846
:103D9000241080F82430012100681646FFF762FEE7
:103DA00020682946FFF732FE28B931462046BDE893
:103DB0007040FFF7D6BF70BD70B50E461146054680
:103DC0001446FFF772FF30B9286822463146BDE835
:103DD0007040FFF72CBE70BD38B5044608460D464E
:103DE000E0F73AFC4FF6FF73984228BF184682B2BC
:103DF00029462068FFF71BFE014620B92068BDE870
:103E00003840FFF703BE38BD10B590F824100329E1
:103E1000044616D800EBC10104310068FFF7E6FD47
:103E200070B901462068FFF7F1FD48B901462068E6
:103E3000FFF7ECFD20B994F82430013384F82430E6
:103E400010BD0D20FCE773B590F82410044611B99D
:103E50000D2002B070BD0139C9B20825042680F8D2
:103E6000241015FB016101440068FFF788FC01285C
:103E7000EED994F82430023815FB0361ADF8040044
:103E8000022320680DEB06022144FFF743FCE0E724
:103E900010B5044694F8243023B92068BDE81040DA
:103EA000FFF7B9BC2046FFF7CEFF0028F2D010BDC7
:103EB00010B500F1280104460068FFF797FD18B916
:103EC00094F8243084F8253010BD38B504461D46DA
:103ED000FFF755FF48B92046FFF7EAFF28B9294602
:103EE0002046BDE83840FFF73CBF38BD10B500F1B3
:103EF000280104460068FFF76AFC18B994F82530D9
:103F000084F8243010BD38B504460D46FFF7EEFFA7
:103F100050B901462046FFF724FF28B9294620461C
:103F2000BDE83840FFF71DBF38BD0068FFF786BB0E
:103F30000023F0B5054618468842C0EBC0070DD0F7
:103F400005280BD02E5C06F07F04BC4023433406CA
:103F500000F10100F0D402B11360F0BD4FF0FF306A
:103F6000FBE77F280BD9B0F5804F0AD3B0F5001FCF
:103F700009D3B0F1805F2CBF0520042070470120D9
:103F80007047022070470320704710B50346104663
:103F9000FFF7E7FF814207DB441E1C44A342D1B276
:103FA00003D101F07F01197010BD61F07F0103F8AA
:103FB000011BD209F2E7838843B103685A1C0260EF
:103FC00019708388013B838000207047032070476D
:103FD000002201608280704708B54FF6FF7383802E
:103FE0007E210068FFF7E7FF08BDF7B503680446C8
:103FF00093E80300A6886D4685E80300F1438FB27D
:104000002046C9B2F7F7A0F9034658B9390A204645
:10401000F7F79AF9034628B920687E21FFF7CBFF0E
:10402000034628B122680098A98810609180A68074
:10403000184603B0F0BD0022C0E90122C0E9032206
:1040400002707047C0E90112C3607047034611F85F
:10405000012B03F8012B002AF9D1704730B5144623
:10406000002C9BB005461A4605DA8B2303604FF0FF
:10407000FF301BB030BD4FF40273ADF80C3014BFED
:1040800004F1FF332346029305934FF6FF7300912B
:104090000491ADF80E3069461E9BF7F72FFA431CCA
:1040A000BCBF8B232B60002CE3D0009B00221A7036
:1040B000DFE72DE9F0478E681F46BE420B68824657
:1040C0000C4690462DD8B1F90C2012F4906F26D0F2
:1040D0006569096905EB4505A3EB010905EBD57594
:1040E0007B1C4B446D109D4238BF1D46530527D5A0
:1040F0002946F1F7D5FD064660B321694A46FCF72B
:10410000CAFCA38923F4906343F08003A381266152
:1041100065614E44A5EB09052660A5603E46BE429A
:1041200000D93E46206832464146FCF7C2FCA368EF
:104130009B1BA3602368334423600020BDE8F08705
:104140002A46FCF753FE06460028E0D12169504676
:10415000F1F75CFD0C23CAF80030A38943F040035B
:08416000A3814FF0FF30E9E7F5
:084168003C02FE7F0100000093
:10417000157F000000000000319600005042020050
:104180002BFD010000000000F939010000000000D3
:104190001D3A01000000000051A600007842020014
:1041A00051A60000644202007DB70000000000003C
:1041B00019EC0100000000008DEC0100000000007F
:1041C000FDE40100A0420200C59A00008C420200FA
:1041D0003FEB0100C842020021EB0100B4420200A3
:1041E000B198000000000000D1B400000000000001
:1041F000F16400000000000007C70100000000009B
:1042000039B800000000000091EC0100000000003F
:10421000413D010000000000399C0000DC4202002A
:104220005DA20000F042020091AA000004430200D7
:104230006DEC01001843020075C901000000000088
:1042400023EC010000000000B9CB000000000000DA
:10425000D35802003C46020054460200600400208D
:104260008C510020265B02002447020054470200C4
:104270006A0400205C520020345B02003C470200CC
:10428000544702006C04002068520020FC580200D1
:10429000000000007046020062040020E851002087
:1042A0000C5902000000000078460200640400205F
:1042B000000000005D5C0200C447020024480200C8
:1042C00070040020C80000206B5C0200F047020070
:1042D0002448020072040020FC000020925A0200D0
:1042E00088460200EC460200660400207C000020A4
:1042F000025B020000000000084702006804002082
:10430000000000001B5C0200B44702007847020076
:104310006E040020000E0020045D0200000000007A
:0C43200068480200740400200C530020C8
:0C432C0000000000000000000000000085
:104338007C52020003000000EE5802000300000057
:104348001C5B020003000000F45C02000300000094
:10435800BC52020003000000265C020003000000BB
:10436800CB52020003000000CF52020003000000FD
:10437800A75C02000300000034580200030000009C
:10438800A358020003000000AB580200030000001D
:10439800B15C020003000000555D0200030000004C
:1043A800F25F0200030000007652020004000000E1
:1043B8009F5A020003000000CD63020003000000C2
:1043C8009F58020003000000125D02000300000075
:0843D800795C02000300000003
:1043E000344502005C4800206F53020001000000C9
:1043F00060450200744800207F5302000100000065
:10440000FF000000FF000000FF000000FF000000B0
:10441000FF000000FF000000FF000000FF000000A0
:10442000FF000000FF000000FF000000FF00000090
:10443000F55F020000010000D8ECF0F4F8FC000287
:10444000030405060708000000000000000000004B
:104450000000000000000000000001010101020254
:10446000020203030303040404040505050506060C
:104470000608090000000000000000000000000025
:10448000000000000000000101010102020202031D
:1044900003030304040404050505050606070809CB
:1044A0000A0B0C0D07090902030700100200FA00AD
:1044B00000000000874D0000934D0000974D000064
:1044C0009F4D0000A34D0000FFFF051200000000FB
:1044D0000338FDD870470000000000000000000015
:1044E0000338FDD87047000080150020F403000059
:1044F00041C40100E3C3010002000000EBC501005C
:1045000000000000000000000000000000000000AB
:104510004F5302005753020000000000000000004B
:10452000000000005F530200635302006753020063
:104530006B530200F16E0000E56E0000D16E0000CA
:10454000B96E000000000000C56E00000000000011
:104550003D6F0000644800209063002010000000C0
:104560003570000029700000CD6F0000D96F000089
:1045700000000000C16F000000000000E96F0000B3
:104580007C480020A16300204000000000000000E3
:1045900055C601006C000020640000205C00002073
:1045A0000000000054000020997100008D70000090
:1045B000E1700000417100000000002000000000D8
:1045C00000000B0602000000CC45020000000000C5
:1045D00081580200260002020000002089580200D3
:1045E00022000B112D800000000000006BC70100AD
:1045F00000000000000000000000000000000000BB
:10460000E44502000C460200800000008095002076
:10461000E44502001C46020080000000409F00208C
:104620000000000000000000000000000000000189
:10463000C19500009995000000000000119700004E
:10464000FD950000E2580200A7E40100ADE401007E
:10465000E8580200899600002DE401008DE4010075
:1046600000000000CBE3010000000000000000009B
:104670006D9A0000C5990000B9E401000000000037
:1046800004000000FF000000000000000000000027
:10469000000000000000000000000000000000001A
:1046A000000000000403000000000003F40100000B
:1046B0000001010000008000C2281700C04602006F
:1046C00000900240CC46020001000000D4460200E7
:1046D0000600000013183A0014183E001518400098
:1046E000161842001718440011183C00DDA0000005
:1046F000BD9F0000A99E0000D59B0000C59B000047
:1047000000080000001000004BE60100B1A400000A
:10471000EDA3000031A2000021A20000040000006F
:10472000FF000000FFFF0000000300500000000039
:10473000010000000060004000000000BCF801FF24
:104740000000005000000000000000000060004079
:1047500000000000E5A6000079E6010087E6010000
:104760009FE60100ABE60100B7E6010051A500009D
:10477000D1E60100000000005FE7010071A8000021
:10478000DDE701003DE701009FE701007DA8000093
:10479000B94D000075AB000009E801000000000001
:1047A000DDA800008DA8000029E7010023E7010033
:1047B000C1A8000027E701000B001A00B84702005B
:1047C0000100000000800240020000000000000024
:1047D000D447020000800240E047020001000000D0
:1047E000E84702000200000021060200220000004B
:1047F000002000400200000000000000004802000D
:10480000002000400C480200010000001448020093
:104810000400000006000000050004000806020075
:10482000070606008FE8010069B1000043E80100B7
:10483000EFE90100B7E80100E5E8010011E9010036
:104840001BE9010055E9010061E901001BE90100D4
:1048500045E901006DE901007BE9010089E90100FA
:10486000BFE90100C3E901000000000000000000F2
:104870000000000071EC010089BA00000000000097
:104880000000000001F101009DEB00004506010061
:1048900059150100951401003911010055F301006B
:1048A00000000000F10501001116010063F3010092
:1048B000000000001FF70100A5130100E3F2010052
:1048C00000000000B5050100B9150100590A0100FA
:1048D000000000006C110040301100400011004049
:1048E0000100000044110040000000000000000032
:1048F00000000000010900000000000000800040EE
:10490000000000002800000005000000000000007A
:1049100000000000008000400000000028000000AF
:104920000500000000000000A35F0200B15F02006C
:10493000C55F0200D45F0200E05F02007041020028
:1049400070410200E8410200F041020050420200C2
:10495000504202000C020020000000000000000095
:104960000000000000000000000000000000000047
:104970000000000000000000000000000000000037
:104980000000000000000000000000000000000027
:104990000000000000000000000000000000000017
:1049A0000000000000000000000000000000000007
:1049B000000000000000000008100000491702007D
:1049C00000000000041300009B2002000000000013
:1049D00005130000B92002000000000008100000CC
:1049E0002B1702000000000004130000D520020075
:1049F0000000000005130000F3200200000000008A
:104A0000070000002B18020000000000200000003A
:104A1000496D010000000000210000009F14020009
:104A20000000000024000000CF1A02000000000077
:104A300025000000211B0200000000002A000000E9
:104A4000731B0200000000002B000000971B0200F7
:104A5000000000002C000000F71B02000000000016
:104A600030000000BD6A01000000000031000000BD
:104A7000D31602000000000032000000F71602000A
:104A80000000000034000000A31502000000000038
:104A90003500000013210200000000003600000075
:104AA0006D1502000000000037000000E71502004D
:104AB0000000000038000000FD14020000000000AB
:104AC0003B00000033150200000000000008000059
:104AD0002F2202000000000001080000C122020095
:104AE0000000000003130000E91F020000000000A6
:104AF0000413000015200200000000000513000050
:104B0000592002000000000003400000371C020092
:104B10000000000000000000671702000000000015
:104B200001000000711702000000000002000000F8
:104B3000FD17020000000000030000008F170200B4
:104B400000000000040000009717020000000000B1
:104B5000050000009F170200000000000600000092
:104B600013180200000000000700000023180200D4
:104B700000000000080000002F18020000000000E4
:104B80000900000049180200000000000C000000AD
:104B900051180200000000000D0000001B18020068
:104BA000000000002000000073140200000000005C
:104BB0002100000089140200000000002200000013
:104BC000851C02000000000023000000C56B0100EE
:104BD0000000000024000000A11A020000000000F4
:104BE00025000000F31A020000000000260000006B
:104BF000751A020000000000270000008B1A020056
:104C000000000000290000009B1C020000000000C2
:104C10002A000000451B0200000000002C000000DC
:104C2000C91B020000000000300000000117020054
:104C30000000000031000000CB1602000000000060
:104C400032000000ED1602000000000034000000F9
:104C50008B1502000000000035000000BF150200A7
:104C600000000000360000005515020000000000A2
:104C700037000000D71502000000000038000000D7
:104C8000E314020000000000B0000000F31C02006A
:104C900000000000B1000000FB1C0200000000004A
:104CA00002080000CF1F02000000000004080000FE
:104CB0002F16020000000000050800004516020043
:104CC000000000000B120000A71F020000000000FF
:104CD00003130000BF1F020000000000004000009E
:104CE000151C020000000000014000001F1C020013
:104CF00000000000024000001D1C02000000000037
:104D000003400000771C02000000000000000000CB
:104D100077000000000000007000000000000000AC
:104D20000100000060000000000000000100000021
:104D300061000000000000000100000063000000AE
:104D4000000000000100000043000000000000001F
:104D50000100000048000000000000000100000009
:104D60004700000000000000010000000D150000D9
:104D700000000000010000005200000000000000E0
:104D8000010000005A0000000000000001000000C7
:104D90005B00000000000000010000004200000075
:104DA00000000000010000004900000000000000B9
:104DB00001000000000000000B00000001000000E6
:104DC000000000000E0000000100000000000000D4
:104DD000680000000000000030000000000000003B
:104DE000000000006600000000000000010000005C
:104DF000210000000000000001000000360000005B
:104E0000000000000100000044000000000000005D
:104E1000010000004500000000000000010000004B
:104E20004600000000000000010000004B000000F0
:104E3000000000000100000022000000000000004F
:104E4000010000000D19000000000000010000003A
:104E500025BB000079BB000001BB0000AD63020070
:104E60009927020000000000B563020041760100AE
:104E700000000000B8630200517201000000000051
:104E8000BD6302003974010000000000C26302002B
:104E9000D327020000000000C8630200157701005C
:104EA00000000000D66302008575010000000000CC
:104EB000AC6202005F27020000000000B262020044
:104EC0006B27020000000000E663020099760100F3
:104ED00000000000FF8FFFFFFF8FFFFFFE8FFFFF2F
:104EE000FE8FFFFFFD8FFFFFFC8FFFFFFC8FFFFF9B
:104EF0006D757465785F667265652063616C6C655D
:104F0000642077697468204E554C4C207061726142
:104F10006D6574657200000043616E277420696ED0
:104F2000697469616C697A65206D757465782C2087
:104F3000776173204E554C4C0D0A00004661696C38
:104F400020746F2061637175697265206D75746579
:104F5000780A00004661696C20746F20696E637284
:104F60006561736520504D20636F756E7465720ABC
:104F7000000000004661696C20746F2064656372F4
:104F80006561736520504D20636F756E7465720A9C
:104F9000000000004661696C20746F2072656C65CA
:104FA000617365206D757465780A0000436F756CD8
:104FB00064206E6F74206C6F636B20706F77657206
:104FC0002073617665206D75746578004661696C43
:104FD00020746F20756E6C6F636B206D75746578CF
:104FE0000A0000006374782063616E6E6F74206243
:104FF00065204E554C4C00000A637478206973207C
:105000004E554C4C0A00000067E6096A85AE67BB46
:1050100072F36E3C3AF54FA57F520E518C68059B9A
:10502000ABD9831F19CDE05BD89E05C107D57C366F
:1050300017DD703039590EF7310BC0FF1115586864
:10504000A78FF964A44FFABE0123456789ABCDEF62
:10505000FEDCBA9876543210F0E1D2C300000000B2
:105060000000F0FFF0FFF0FFEAFF74FFF0FFF0FF39
:10507000F0FFF0FFEAFF0000891112239B32244663
:10508000AD573665BF74488CC19D5AAFD3BE6CCA4C
:10509000E5DB7EE9F7F88110080193331A22A55663
:1050A0002C47B7753E64C99C408DDBBF52AEEDDA2C
:1050B00064CBFFF976E802218B3010029913266742
:1050C000AF763444BD554AADC3BC588ED19F6EEB0C
:1050D000E7FA7CC8F5D983310A2091121803A77723
:1050E0002E66B5543C45CBBD42ACD99E508FEFFBEC
:1050F00066EAFDD874C904428D5316619F7020047E
:10510000A9153227BB364CCEC5DF5EEDD7FC6888CB
:10511000E1997AABF3BA85520C4397711E60A114E2
:105120002805B3373A26CDDE44CFDFFD56ECE998AB
:105130006089FBBB72AA06638F7214409D512225C1
:10514000AB343006B9174EEFC7FE5CCCD5DD6AA98B
:10515000E3B8788AF19B87730E6295501C41A335A2
:105160002A24B1163807CFFF46EEDDDC54CDEBB96B
:1051700062A8F99A708B088481951AA793B62CC2FD
:10518000A5D33EE1B7F04008C919522BDB3A644E73
:10519000ED5F766DFF7C899400859BB712A6ADD23A
:1051A00024C3BFF136E0C1184809D33B5A2AE55E53
:1051B0006C4FF77D7E6C0AA583B4188691972EE319
:1051C000A7F23CC0B5D14229CB38500AD91B666F33
:1051D000EF7E744CFD5D8BB502A499961087AFF3FA
:1051E00026E2BDD034C1C3394A28D11A580BE77F13
:1051F0006E6EF55C7C4D0CC685D71EE597F4288055
:10520000A1913AA3B3B2444ACD5B5669DF78600CF2
:10521000E91D722FFB3E8DD604C79FF516E4A990B9
:105220002081BBB332A2C55A4C4BD7795E68E11CD2
:10523000680DF33F7A2E0EE787F61CC495D52AA198
:10524000A3B03882B193466BCF7A5448DD59622DB2
:10525000EB3C700EF91F8FF706E69DD414C5ABB179
:1052600022A0B9923083C77B4E6AD5585C49E33D92
:105270006A2CF11E780F6F745F6272006362707245
:10528000696E74665F7061636B61676500286E6943
:105290006C29004661696C656420746F20726562D8
:1052A0006F6F743A207370696E6E696E6720656EF9
:1052B000646C6573736C792E2E2E0A0066735F6EB4
:1052C0007673006C6F6767696E67006C6F67006C60
:1052D0006F675F6D676D74001B5B306D0025732019
:1052E000005B2530386C755D20005B253032753AE7
:1052F000253032753A253032752E253033752C2500
:105300003033755D200025730025732F003C257315
:105310003E200025733A20002530327820002020DE
:1053200020007C00256300206D65737361676573E1
:105330002064726F70706564202D2D2D0D0A1B5B2B
:10534000306D001B5B313B33316D2D2D2D20001B4B
:105350005B313B33316D001B5B313B33336D00659B
:1053600072720077726E00696E6600646267006C2C
:105370006F675F6261636B656E645F727474006C0B
:105380006F675F6261636B656E645F7370696E65A2
:105390006C002A2A2A20426F6F74696E67206E5251
:1053A0004620436F6E6E6563742053444B20763203
:1053B0002E372E302D356362383535373063613402
:1053C00033202A2A2A0A002A2A2A205573696E675E
:1053D000205A6570687972204F532076332E362E0E
:1053E00039392D31303062656663373063373420A8
:1053F0002A2A2A0A006D757465785F696E697420BF
:1054000063616C6C65642077697468204E554C4C00
:1054100020706172616D6574657200436F756C64B4
:10542000206E6F7420616C6C6F63617465206D75A4
:10543000746578206265666F726520696E6974694B
:10544000616C697A696E670072302F61313A202091
:10545000307825303878202072312F61323A202080
:10546000307825303878202072322F61333A20206E
:105470003078253038780072332F61343A2020306C
:105480007825303878207231322F69703A202030F8
:105490007825303878207231342F6C723A202030E1
:1054A00078253038780020787073723A2020307870
:1054B00025303878004661756C74696E6720696EB6
:1054C000737472756374696F6E206164647265735E
:1054D0007320287231352F7063293A2030782530B7
:1054E000387800556E68616E646C6564204952516D
:1054F0006E3A202564002A2A2A2A2A20425553205F
:105500004641554C54202A2A2A2A2A002020537426
:1055100061636B696E67206572726F72002020553F
:105520006E737461636B696E67206572726F72006F
:105530002020507265636973652064617461206224
:105540007573206572726F720020204246415220AE
:10555000416464726573733A2030782578002020A6
:10556000496D70726563697365206461746120625E
:105570007573206572726F72002020496E737472A9
:10558000756374696F6E20627573206572726F72D5
:10559000002020466C6F6174696E672D706F696EB4
:1055A00074206C617A7920737461746520707265FF
:1055B000736572766174696F6E206572726F7200C6
:1055C0002A2A2A2A2A205553414745204641554C2C
:1055D00054202A2A2A2A2A002020446976697369DD
:1055E0006F6E206279207A65726F002020556E619F
:1055F0006C69676E6564206D656D6F72792061639B
:10560000636573730020204E6F20636F70726F6349
:105610006573736F7220696E737472756374696FEA
:105620006E73002020496C6C6567616C206C6F6143
:1056300064206F66204558435F52455455524E20B2
:10564000696E746F205043002020496C6C6567615F
:105650006C20757365206F66207468652045505313
:1056600052002020417474656D707420746F206541
:1056700078656375746520756E646566696E6564CA
:1056800020696E737472756374696F6E002A2A2ABA
:105690002A2A204D5055204641554C54202A2A2A6A
:1056A0002A2A002020537461636B696E672065723B
:1056B000726F722028636F6E7465787420617265F2
:1056C00061206D69676874206265206E6F74207652
:1056D000616C696429002020446174612041636326
:1056E0006573732056696F6C6174696F6E0020205A
:1056F0004D4D46415220416464726573733A2030C7
:10570000782578002020496E737472756374696F10
:105710006E204163636573732056696F6C617469B1
:105720006F6E0052657365727665642045786365B7
:105730007074696F6E20280053707572696F75738D
:1057400020696E74657272757074202849525120F8
:1057500000535053454C20696E2074687265616433
:10576000206D6F646520646F6573206E6F742069AF
:105770006E64696361746520505350002A2A2A2A96
:105780002A2048415244204641554C54202A2A2A76
:105790002A2A002020427573206661756C74206F80
:1057A0006E20766563746F72207461626C6520721E
:1057B0006561640020204465627567206576656ECA
:1057C000740020204661756C7420657363616C61A0
:1057D00074696F6E20287365652062656C6F772928
:1057E00000415243485F45584345505420776974FF
:1057F0006820726561736F6E2025780A002A2A2A54
:105800002A2A204465627567206D6F6E69746F7215
:1058100020657863657074696F6E202A2A2A2A2AA7
:10582000002A2A2A2A2A20257320256429202A2AA8
:105830002A2A2A006D7075004661696C65642074BF
:105840006F20616C6C6F63617465206E6577204DAD
:10585000505520726567696F6E2025750A0050618A
:1058600072746974696F6E2025753A2073616E6970
:10587000747920636865636B206661696C65642E6A
:1058800000464C4153485F30005352414D5F300059
:1058900061626F727428290A000000010000007321
:1058A0006F63006E65745F627566006E65745F623B
:1058B00075665F73696D706C65006F70656E746896
:1058C00072656164006E657425640000000000006C
:1058D000000000636C6F636B403430303030303028
:1058E00030006866636C6B006C66636C6B00636CA5
:1058F0006F636B5F636F6E74726F6C0072616E6466
:105900006F6D403430303064303030006372797005
:10591000746F403530303261303030007365740060
:10592000636C656172004A45444543206964205BAD
:1059300025303278202530327820253032785D20AD
:10594000657870656374205B2530327820253032AD
:105950007820253032785D005244535220666169C8
:105960006C65643A202564005145202573206661EA
:10597000696C65643A202564006572617365206511
:1059800072726F723A2061646472657373206F7211
:105990002073697A6520657863656564732065782E
:1059A0007065637465642076616C7565732E4164FF
:1059B00064723A203078256C782073697A652025E6
:1059C0007A7500756E737570706F7274656420619E
:1059D00074203078256C782073697A6520257A7573
:1059E000006572617365206572726F722061742048
:1059F0003078256C782073697A6520257A75007770
:105A000072697465206572726F723A2061646472A3
:105A1000657373206F722073697A6520657863659A
:105A20006564732065787065637465642076616C65
:105A30007565732E416464723A203078256C782045
:105A400073697A6520257A750072656164206572D4
:105A5000726F723A2061646472657373206F722092
:105A600073697A652065786365656473206578700D
:105A700065637465642076616C7565732E4164643A
:105A8000723A203078256C782073697A6520257AFF
:105A900075006D78323572363433356640300071BA
:105AA0007370695F6E6F7200696E76616C696420F5
:105AB000616464726573733A2030782530386C788D
:105AC0003A257A7500756E616C69676E6564206150
:105AD0006464726573733A2030782530386C783A94
:105AE000257A75006E6F7420776F72642D616C6912
:105AF000676E65643A2030782530386C783A257ABC
:105B00007500666C6173682D636F6E74726F6C6C78
:105B1000657240343030316530303000666C61730E
:105B2000685F6E7266006770696F40353030303084
:105B3000333030006770696F40353030303030308E
:105B400030009BB8EA006E7266355F72780045726D
:105B5000726F72207768696C652073746F707069FA
:105B60006E6720726164696F004661696C656420CC
:105B7000746F20656E746572207265636569766501
:105B8000207374617465005061796C6F6164207476
:105B90006F6F206C617267653A202564005458204D
:105BA0006D6F6465202564206E6F7420737570704E
:105BB0006F727465640043616E6E6F742073656EFE
:105BC00064206672616D65004E6F206672656520A7
:105BD0007061636B657420617661696C61626C658C
:105BE0002E004661696C656420746F207772697459
:105BF0006520746F2061207061636B65742E0050A6
:105C000061636B65742064726F7070656420627983
:105C1000204E455420737461636B00696565653877
:105C200030323135340069656565383032313534AC
:105C30005F6E7266350000010203040506074661C7
:105C4000696C656420746F20616C6C6F636174654E
:105C500020505049204368616E6E656C007561721A
:105C600074403430303238303030007561727440F6
:105C7000343030303230303000756172745F6E72A3
:105C800066785F7561727465004D50534C204153C6
:105C9000534552543A2025732C202564004D50530F
:105CA0004C20576F726B006D70736C5F696E697416
:105CB000006E72665F3830323135345F636F6E6606
:105CC0006967757265006D70736C5F74696D65737B
:105CD0006C6F745F73657373696F6E5F6F70656E01
:105CE000206661696C65643A2025640074696D659D
:105CF0006F757400666C6173685F73796E635F6D56
:105D000070736C0074656D704034303030633030C7
:105D1000300074656D705F6E7266355F6D70736CA8
:105D2000006F745F726164696F5F776F726B71008F
:105D300064696167206665617475726520272573E3
:105D400027206973206E6F7420737570706F727482
:105D500065640D0A006E72665F3830323135345F2B
:105D600074656D706572617475726500705F7469D9
:105D70006D657374616D7020213D204E554C4C0053
:105D8000574553545F544F504449522F6E72662FFB
:105D90006D6F64756C65732F6E7266786C69622FB7
:105DA0006E72665F3830323135342F736C2F706C01
:105DB0006174666F726D2F6E72665F383032313586
:105DC000345F68705F74696D65722E63006E726611
:105DD0005F3830323135345F68705F74696D657279
:105DE0005F73796E635F74696D655F676574006981
:105DF00064203D3D206D5F74696D65722E6368613E
:105E00006E00574553545F544F504449522F6E72A1
:105E1000662F6D6F64756C65732F6E7266786C6932
:105E2000622F6E72665F3830323135342F736C2FCB
:105E3000706C6174666F726D2F6E72665F3830328F
:105E40003135345F706C6174666F726D5F736C5F57
:105E50006C7074696D65725F7A65706879722E63B3
:105E6000006964203D3D206D5F73796E635F7469E6
:105E70006D65722E6368616E0066616C7365006E9D
:105E800072665F3830323135345F706C6174666FC2
:105E9000726D5F736C5F6C705F74696D65725F6962
:105EA0006E69740073796E635F74696D65725F68A3
:105EB000616E646C65720074696D65725F68616EB5
:105EC000646C65720000000000000000000100002A
:105ED000000000040810000000FFFFFFFFFFFFFFAD
:105EE00002FFFFFF080000000000010100000000A9
:105EF0000000203030303030303030303030303012
:105F00003000015465726D696E616C000000000024
:105F10000000545452205245474745530048616C95
:105F200074696E672073797374656D00556E6B6E5E
:105F30006F776E206572726F7200756E6B6E6F7721
:105F40006E003E3E3E205A4550485952204641542C
:105F5000414C204552524F522025643A202573204F
:105F60006F6E20435055202564004661756C742087
:105F7000647572696E6720696E746572727570748B
:105F80002068616E646C696E670A004375727265A1
:105F90006E74207468726561643A2025702028252B
:105FA00073290043505520657863657074696F6E7E
:105FB00000556E68616E646C656420696E7465720C
:105FC0007275707400537461636B206F76657266CE
:105FD0006C6F77004B65726E656C206F6F7073002D
:105FE0004B65726E656C2070616E6963006D6169EE
:105FF0006E006F7300737973776F726B71002C2072
:1060000066756E6374696F6E3A20006173736572B2
:1060100074696F6E2022257322206661696C656445
:106020003A2066696C6520222573222C206C696EEB
:1060300065202564257325730A0000202020202078
:106040002020202028282828282020202020202028
:106050002020202020202020202020881010101018
:10606000101010101010101010101004040404046C
:106070000404040404101010101010104141414198
:106080004141010101010101010101010101010180
:106090000101010101011010101010104242424292
:1060A0004242020202020202020202020202020250
:1060B0000202020202021010101020000000000074
:1060C00000000000000000000000000000000000D0
:1060D00000000000000000000000000000000000C0
:1060E00000000000000000000000000000000000B0
:1060F00000000000000000000000000000000000A0
:10610000000000000000000000000000000000008F
:10611000000000000000000000000000000000007F
:10612000000000000000000000000000000000006F
:106130000000000000000000000000232D302B2094
:1061400000686C4C00656667454647003031323365
:1061500034353637383941424344454600303132D0
:10616000333435363738396162636465660002045A
:106170000506074672616D696E67206572726F72FF
:106180002025643A205B002025303258005D0A004B
:106190004F50454E5448524541442F61353764397C
:1061A00032373B205A65706879723B204F63742008
:1061B000203220323032342031313A34363A3430E1
:1061C0000025303278006661696C65640D0A73746D
:1061D00061747573202523780D0A002D6E00656E9D
:1061E00061626C65640064697361626C656400720D
:1061F000637000646961676E6F7374696373206DA7
:106200006F64652069732025730D0A006661696CEF
:1062100065643A20636F6D6D616E6420737472699A
:106220006E6720746F6F206C6F6E670D0A00666179
:10623000696C65643A20636F6D6D616E6420737480
:1062400072696E6720636F6E7461696E7320746F1C
:106250006F206D616E7920617267756D656E747304
:106260000D0A006661696C656420746F207061724C
:10627000736520636F6D6D616E6420737472696EF7
:10628000670D0A006765740025640D0A006D6F6470
:106290006500696E0D0A006F75740D0A00656E6108
:1062A000626C650064697361626C6500737461722D
:1062B000740073746F70007C20537461727443684F
:1062C000207C20456E644368207C205461726765A1
:1062D00074506F776572207C2041637475616C50D7
:1062E0006F776572207C20526177506F77657253AB
:1062F000657474696E67207C0D0A2B2D2D2D2D2D54
:106300002D2D2D2D2B2D2D2D2D2D2D2D2B2D2D2DC1
:106310002D2D2D2D2D2D2D2D2D2D2B2D2D2D2D2DAF
:106320002D2D2D2D2D2D2D2D2B2D2D2D2D2D2D2D9F
:106330002D2D2D2D2D2D2D2D2D2D2B0D0A007C20BD
:10634000253775207C20253575207C20253131644A
:10635000207C2025313164207C2025313573207C40
:106360000D0A00546172676574506F77657228304A
:106370002E303164426D293A2025640D0A41637440
:1063800075616C506F77657228302E303164426DC4
:10639000293A2025640D0A526177506F7765725350
:1063A000657474696E673A2025730D0A006368612D
:1063B0006E6E656C006377006563686F0067706977
:1063C0006F00706F77657200706F776572736574B8
:1063D00074696E677300726177706F776572736549
:1063E0007474696E670073747265616D00060505EB
:1063F00005050505050A050505050505050E141421
:1064000000001C2030401C2000001C2030400040B8
:1064100075696E74385F742A206F743A3A537069E4
:106420006E656C3A3A4275666665723A3A476574CB
:10643000557064617465644275665074722875693C
:106440006E74385F742A2C2075696E7431365F74EF
:106450002C20446972656374696F6E2920636F6EC6
:10646000737400574553545F544F504449522F6D35
:106470006F64756C65732F6C69622F6F70656E74D5
:1064800068726561642F7372632F6C69622F737019
:10649000696E656C2F7370696E656C5F6275666698
:1064A00065722E6370700075696E7431365F74208A
:1064B0006F743A3A5370696E656C3A3A4275666623
:1064C00065723A3A47657444697374616E6365280E
:1064D000636F6E73742075696E74385F742A2C2034
:1064E000636F6E73742075696E74385F742A2C2024
:1064F000446972656374696F6E2920636F6E73748B
:10650000006D5772697465446972656374696F6E72
:1065100020213D206B556E6B6E6F776E006F74455A
:1065200072726F72206F743A3A5370696E656C3A8A
:106530003A4275666665723A3A496E4672616D65B1
:10654000417070656E642875696E74385F742900D7
:106550006E756D5365676D656E7473203C3D206B81
:106560004D61785365676D656E7473006F74457225
:10657000726F72206F743A3A5370696E656C3A3A72
:106580004275666665723A3A4F75744672616D651A
:1065900052656D6F7665282900647261676F6F6E52
:1065A0002F6C6962732F7363686564756C696E67BD
:1065B0002F7372632F72656D5F68616C5F657665BE
:1065C0006E745F74696D65722E6300B0EA56C88D93
:1065D00083335088D0EB895665696D3CB0CEB900E5
:1065E00004000020DD460000E34600000F470000E5
:1065F000E746000019470000ED460000254700006F
:10660000F3460000F5460000F7460000054700008D
:1066100009470000FB460000014700001547000045
:106620001F470000B4440200010505004BBB0100F8
:1066300003C40100D80500203A000000EC0500204A
:106640003A000000740500203A0000001406002003
:106650003A00000011C701000BC701007C000020B8
:106660007C00002000000000FFFFFFFF8C000020E6
:106670008C00002094000020940000200100000005
:1066800001000000A4000020A4000020AC000020B5
:10669000AC0000200000000001000000BC00002051
:1066A000BC000020000000000000000000C201004B
:1066B00000010300E800002000000000E463002067
:1066C000E363002000000000000000000000000064
:1066D000E563002020000000000000000000000032
:1066E00000C20100000103001C01002000000000A6
:1066F0000664002005640020000000000000000087
:1067000000000000076400202000000000000000DE
:10671000000000009951000000000000000000008F
:1067200050010020000000000000000000000000F8
:1067300000AF00200000000000000000000000008A
:106740000000000000000000000000000008000041
:10675000D20000000090D003000000000000000004
:106760000000000000000000000000000000000029
:106770000000000000000000000000000000000019
:106780000000000000000000000000000000000009
:1067900000000000000000000000000000000000F9
:1067A00000000000000000000000000000000000E9
:1067B00000000000000000000000000000000000D9
:1067C000000000000000000008000000FF000000C2
:1067D0000000000003000000000000003F900700E0
:1067E00000020020000200200C0200200000000037
:1067F0009849020078490200584902000000000050
:106800000000000000000000000000000000000088
:106810000000000000000000000000000000000078
:106820000000000000000000000000000000000068
:106830000000000000000000000000000000000058
:106840000000000000000000000000000000000048
:1068500009870100B0020020A8020020A002002049
:106860000000000098020020C9880100158801007E
:106870004988010091880100805A00203A00003ABE
:10688000845A00203A00003A885A00203A00003A20
:106890008C5A00203A00003AD45F0020C402002045
:1068A000840200207C020020780200207402002074
:0E68B000419601003596010029960100140260
:0268BE00FFFFDA
:1068C0004FEC0100DDFB0100000000007DC601006F
:1068D000C842020065EA0100000000007DC6010018
:1068E000000000007DC60100000000007DC6010020
:1068F000612C0100DDFB0100000000007DC60100ED
:10690000000000007DC60100000000007DC60100FF
:10691000000000007DC60100000000007DC60100EF
:10692000000000007DC60100E8510020359B0000FA
:10693000000000007DC60100000000007DC60100CF
:10694000000000007DC60100000000008DB50000C1
:10695000000000007DC60100000000007DC60100AF
:10696000000000007DC60100000000007DC601009F
:10697000000000007DC60100000000007DC601008F
:10698000000000007DC6010000000000DDB700002F
:10699000000000007DC60100000000007DC601006F
:1069A000000000007DC60100000000007DC601005F
:1069B000000000007DC60100000000007DC601004F
:1069C000000000007DC60100000000007DC601003F
:1069D000000000007DC60100000000007DC601002F
:1069E000000000007DC60100000000007DC601001F
:1069F000000000007DC60100000000007DC601000F
:106A0000B442020065EA0100E1340100DDFB01004F
:106A1000000000007DC60100000000007DC60100EE
:106A2000000000007DC60100000000007DC60100DE
:106A3000000000007DC60100000000007DC60100CE
:106A40000000000000000000000000000000000046
:066A500000000000000040
:026A5600FFFF40
:106A5800000000000000000000000000000000002E
:106A6800000000000000000000000000000000001E
:106A7800000000000000000000000000000000000E
:106A880000000000000000000000000000000000FE
:046A980000000000FA
:046A9C0000000000F6
:106AA00000000000000000002D4B0100000000006D
:106AB0000000000000000000D8040020D8040020DE
:106AC000C1BA00000000000000000000000000004B
:086AD0000000000000000000BE
:106AD800F8040020F80400200000000000AC0020AA
:106AE8000000000008000000600000000000000036
:106AF80018050020180500200000000000A900204B
:106B08000000000008000000600000000000000015
:106B180038050020380500200000000000000000B3
:106B28000E0000004C0500204C050020000000006D
:106B3800000000000E000000600500206005002035
:106B480000000000000000000E0000007405002096
:106B58007405002000000000000000000E00000086
:106B680088050020880500200000000000000000C3
:106B78000E0000009C0500209C050020000000007D
:106B8800000000000E000000B0050020B005002045
:106B980000000000000000000E000000C4050020F6
:106BA800C405002000000000000000000E000000E6
:106BB800D8050020D80500200000000000000000D3
:106BC8000E000000EC050020EC050020000000008D
:106BD800000000000E000000000600200006002053
:106BE80000000000000000000E0000001406002055
:106BF8001406002000000000000000000E00000045
:106C080028060020280600200000000001000000DF
:106C180038060020380600204006002040060020E4
:106C2800000000000100000050060020500600206F
:106C380000000000000000000000000064060020C2
:106C4800640600206C0600206C060020000000008E
:106C580000000000000000008006002080060020E0
:086C68008806002088060020C8
:106C70000000000000000000000000009C06002052
:106C80009C060020A4060020A4060020000010009E
:106C900010000400000000001046020040A7002081
:106CA000000000000000000000000000CC060020F2
:106CB000CC060020D4060020D406002000001000DE
:106CC000100004000000000000460200809D00202B
:106CD000300700200000000000000000000000005D
:106CE00000000000000000000000000000000000A4
:106CF0000000000000000000000000000000000094
:106D00000000000000000000000000000000000083
:106D1000044302004C070020C826002000020000A7
:0C6D200000000000000000000005000062
:106D2C00DBC7010007C80100C5C70100C1C70100CE
:046D3C0015E015E069
:04000003000077D1B1
:00000001FF
