:020000040100F9
:10000000A066002185480001151A01017148000110
:1000100071480001714800017148000100000000B2
:10002000000000000000000000000000314A000154
:100030007148000100000000F14900017148000111
:10004000B14B0001B14B0001B14B0001B14B0001BC
:10005000B14B0001B14B0001B14B0001B14B0001AC
:10006000891E0101B14B0001B14B0001B14B0001F0
:100070003B1E0101B14B0001B14B0001B14B00012E
:10008000B14B00016F1E0101B14B0001B14B0001EA
:10009000B14B0001B14B0001B14B0001B14B00016C
:1000A000B14B0001B14B0001B14B0001B14B00015C
:1000B000B14B0001B14B00017BB972B90029BEBF41
:1000C00000204FF0004106E008BF00281CBF6FF081
:1000D00000414FF0FF3000F057B8ADF1080C6DE96A
:1000E00004CE002909DB002B1ADB03F00DFCDDF840
:1000F00004E0DDE9022304B07047404261EB4101B6
:10010000002B1BDB03F000FCDDF804E0DDE902233B
:1001100004B0404261EB4101524263EB430370473C
:10012000524263EB430303F0EFFBDDF804E0DDE94B
:10013000022304B0404261EB41017047524263EB3D
:10014000430303F0E1FBDDF804E0DDE9022304B042
:10015000524263EB4303704753B94AB9002908BFC1
:1001600000281CBF4FF0FF314FF0FF3000F00CB8FB
:10017000ADF1080C6DE904CE03F0C6FBDDF804E038
:10018000DDE9022304B07047704700BF014B1B68D4
:100190001B68184700000021014B1B685B6818476B
:1001A00000000021014B1B68DB681847000000219C
:1001B000014B1B681B69184700000021014B1B689D
:1001C0005B69184700000021014B1B689B691847B9
:1001D00000000021014B1B68DB691847000000216B
:1001E000014B1B689B6A184700000021014B1B68EC
:1001F0001B6B184700000021014B1B68DB6B184785
:100200000000002110B4034C2468A468A44610BC6C
:10021000604700BF00000021042810B511D883B149
:1002200004280CBF10242824A1420AD2064C54F8FA
:10023000200018B141568A42A8BF0A4600201A7011
:1002400010BD6FF01500FBE7C00200210228034635
:1002500010DC10F1270F0FDB2830084A40B2105C89
:10026000024492F92C209A4207D0002918BF01308D
:10027000C0B270470F20704700207047DC49010171
:10028000022808B506DCFFF7E1FF034B034493F9AE
:100290002C0008BD0320FCE7DC490101014B187963
:1002A000704700BFDC020021044B1A79824283BFF1
:1002B0001B68302202FB003000207047DC02002166
:1002C00043F60952C0F30803400A02FB03F302FBA2
:1002D00000F003F5807300EB532070470346C0F332
:1002E0000800C3F34E221B0E43EA0123090E10B58A
:1002F0004FEA411C43F609544FEA431E4CEAD36CC3
:1003000004FB00F0BEEB030E04FB02F200F580706C
:100310006CEB010402EB50204FEA841C4FEA8E1272
:100320004CEA9E6CB2EB0E026CEB040C4FEACC0C68
:100330004CEA527CD200D31841EB0C01DA03C9031A
:10034000801841EA534141F1000110BD48F2376C79
:10035000430B0CFB03F300B54FEA134C43F6095E65
:100360000F4B0EFB1C0000FB03F35B0D0EFB03FEAB
:1003700003EB4C2343F6085CF444B0EB5C2F08D845
:100380000EF5807E0B60A0EB5E20C0B210705DF8B1
:1003900004FB013300200B6010705DF804FB00BF0C
:1003A0006F0C010070B5274DA94246D84FEA507C2A
:1003B000254C43F6095E43F608564CEAC10CC0F3DF
:1003C0004F3101EB0C41A4FB0C5C204D4FEA9C3CEF
:1003D00005FB1C11A4FB01411D4C890B41EA0C419A
:1003E00048F2376C04FB1104600B0CFB00F04FEA81
:1003F000104C18480EFB1C4505FB00F0400D0EFB91
:1004000000FE00EB4C207644B5EB562F11D80EF5CC
:10041000807EA5EB5E2E5FFA8EFE049D85F800E0DF
:100420000D06090A281841F100011860596014608E
:1004300070BD01304FF0000EEFE796219B2002F0D7
:1004400025FF00BFFF7F841E83DE1B43000024F4D2
:100450000080841E6F0C010048F23761420B43F6A6
:10046000095C094B01FB02F2120C0CFB1201500259
:1004700001FB0333013B5B0D0CFB03FCB1EB5C2F79
:1004800088BF0130184470476F0C010000F0AABC0F
:10049000084A92F80034202B06D05801042102EBC0
:1004A00043131258586810475021022010B502F02B
:1004B000EDFE00BFE802002108B501B3F0B14FF036
:1004C000FF331A46E0FB01320E498A4203D97121FB
:1004D0006D2002F0DBFE180D4FF22441C3F30F1321
:1004E00040EA0230B0FBF1F203EB0040064B03FBA5
:1004F0001200B0FBF1F040EA0240013008BD0846AE
:10050000FCE700BF3F420F00000024F4014B588875
:10051000704700BF2407002110B5EFF3108472B6B6
:10052000064A93790133DBB293719379012B01D1A0
:1005300000F0D4F904B962B610BD00BF2407002151
:1005400070B50B4C26785EB90125A0602570FFF7C9
:10055000E3FF00F0DDF928B9064B2573C3F8045317
:10056000002070BDA368002BFAD09847A660F7E77B
:10057000240700210050004108B5FFF7CDFF00F02F
:10058000C7F9084A084B30B10121116104225A739E
:1005900000229A7308BD032159730121C2F8041384
:1005A000F6E700BF005000412407002110B5EFF32B
:1005B000108472B60A4B9A7922B94FF496716D2065
:1005C00002F064FE9A79013AD2B29A719A791AB914
:1005D000DB7B0BB900F088F904B962B610BD00BF2F
:1005E0002407002108B5054B1A7822B100221A739E
:1005F0001A70FFF7DBFF002008BD00BF24070021B1
:1006000037B5184C237F63B9206A00F0030000F06F
:10061000A7F930B1EFF3108372B6627B1AB103B958
:1006200062B603B030BD0122627303B962B68023A3
:100630000D4DC5F808334FF42073ADF80630BDF802
:1006400006309BB25A1E92B2ADF80620002BF6D1AE
:10065000C5F81C3184F82430FFF78EFF8023C5F8DD
:100660000433DEE72407002100500041F8B5264C92
:1006700094F82530002B45D0244BD3F80071D3F8E3
:10068000046157B10122C3F80823237B2BB1002555
:10069000A36825730BB19847A5601C4D3EB100239C
:1006A000C5F804310223C5F80833FFF7A9FFD5F8D0
:1006B0001C3194F82460F6B237B1627B032A01BF83
:1006C0000422627301222A617BB1104B0022C3F81D
:1006D0001C21637B042B04D040F2D7116D2002F063
:1006E000D5FD02236373FFF761FF5EB1002384F839
:1006F0002430637B022B01D1FFF73EFFBDE8F840B9
:10070000FFF754BFF8BD00BF24070021005000418F
:1007100010B5044C206A00F0030000F021F9002815
:10072000F8D010BD24070021F8B5054650B1027875
:10073000022A07D8437842B9013B1F2B02D883789D
:10074000212B07D96FF0150067E0002BFAD18378D1
:10075000002BF7D15D4B2022C3F88020BFF34F8FD1
:10076000BFF36F8F5A4EC3F880214FF0FF33594CBF
:10077000C6F808330023C6F80031C6F80431C6F8BD
:100780001C31A371AB88A38000F0D2F810B1012313
:100790002370A371D6F80C24D6F80C34D70303D5F4
:1007A000DE0701D500F0AEF840F2F553AA78638079
:1007B00001232274002223622B78A273012B23775A
:1007C0002CD0022B2DD0002B38D100F0B9F8002806
:1007D0003ED000F0BDF8236A03F00303984237D1FE
:1007E000AB7983BBFFF794FF237C63B12B7853B9BC
:1007F00000F08EF8054602F089FD6FF00043002DF1
:1008000061D0C4E9050301232022002084F82530AB
:100810002E4B6073C3F880211A60F8BD0223236257
:10082000D3E7FFF779FE2A4BD3F80C14D3F80C2446
:10083000C803F9D5D107F7D50323F0E740F2163105
:100840006D2002F023FD224B0222C3F80423CBE7E4
:100850001F4B01220021DA60C3F8041194F8201024
:10086000C3F818159A600222C3F80423AA79002A53
:10087000BAD1D3F80423920702D440F2CD21DFE7A6
:10088000154A1769116907F0100741F0100111614D
:10089000D3F804310BB903F002FA0D4ED6F8043147
:1008A00073B1FFF735FF27B90B4A136923F0100323
:1008B00013610223C6F808330023C6F8043193E716
:1008C00003F0ECF9EAE7C4E905309CE700E100E059
:1008D000005000412407002100ED00E0014B0122FF
:1008E0001A60704700500041044A012353600023FE
:1008F000C2F80031024A1370704700BF0050004137
:100900004B070021014B01221A7070474B07002151
:10091000054BD3F8003123B9044B187800F00100DF
:1009200070470120FAE700BF005000414B0700214B
:10093000024BD3F8080400F001007047005000415A
:10094000024BD3F8140400F001007047005000413E
:10095000024BD3F81C0400F0030070470050004124
:1009600007490246D1F81804D1F8181410F4803061
:1009700005D0D0B201F003031B1A5842584170470A
:100980000050004130B440494FF0FF344FF0FF3584
:100990000023FF223D480B700B618A70C1E90245BC
:1009A0004FF48054C0F88040BFF34F8FBFF36F8F78
:1009B000374A4FF0FF35C0F8804101240B75546071
:1009C000C2F80853C2F84035C2F84031C2F8443585
:1009D000C2F84431C2F84835C2F848314FF4003308
:1009E000C0F88030BFF34F8FBFF36F8F02F5A04286
:1009F000C0F8803154609460D2F80435002BFBD1EC
:100A00004FF44034234D8869C2F808531F49C2F897
:100A100048434FF40034C2F84031C2F84431C2F8C0
:100A200004310C6068B34FF00043194901241A4D9A
:100A3000C1F8C031C0F88030C2F880300523C5F855
:100A40000445C1F840350C60D1F84031002BFBD093
:100A50000122114C0023C4F8082504F500544A6013
:100A6000CA60C1F84031C1F84035C1F8C031C0F8A2
:100A70008030C4F88030094B022230BCC3F8042314
:100A8000704701231360F6E75007002100E100E002
:100A900000C000410200030000F0004100100141CD
:100AA000B1F1FF3F08BFB0F1FF3FF8B500F0C480DF
:100AB000BE4CD4E902538B4208BF85423AD0BC4BAE
:100AC0000522C3F808252378012B3DD0B94B4FF4FC
:100AD00040324FF4803520F07F46C3F84823C3F8F6
:100AE00008230022C3F84021C3F80853C3F8485331
:100AF000C3F84021D3F80425B21A22F07F47B7F596
:100B0000000F18D940F226316C2002F0BFFBD2F85A
:100B10000031002B40F0088101314FF000034FF00D
:100B2000807243F10003E6FB02134FF60272C4E940
:100B300002132280F8BDA04F1740002FE2D0C3F867
:100B40004065C3F8445326E09A4A4FF400334FF40B
:100B5000803720F07F4CC2F84833C2F808330023B6
:100B6000C2F80873C2F84873C2F84031D2F80435AD
:100B7000ACEB030323F07F46B6F5000FC2D88E4ED0
:100B80003342BFD0C2F840C5C2F84473D2F804352E
:100B9000EB1A3342FAD001250022884E4FF48057D9
:100BA000E561A270C6F88070BFF34F8FBFF36F8FFF
:100BB000834B4FF0FF3CC6F880715D60C3F808C3FB
:100BC000C3F84025C3F84021C3F84425C3F84421A5
:100BD000C3F84825C3F848212275D3F8042522F02C
:100BE0000302C3F80425D3F8082542F00302C3F832
:100BF0000825102292FAA2F2B2FA82F2092A00F330
:100C0000CF80C3F81025DD60E269DFF8A8C1C3F822
:100C100000226C4AC6F8807137602570CCF8C0217C
:100C2000C3F880200423624AC2F804356370C4E923
:100C30000201CCF84853F8BD5E4BD3F800110029EF
:100C400000F085805A4A0521584CC2F808152278D0
:100C5000012A00F09E804FF440320021C3F848235F
:100C6000C3F80823C3F840114FF0010C002053498A
:100C70004FF48056C4F81CC0A070C1F88060BFF368
:100C80004F8FBFF36F8F4E4D4FF0FF33C1F8806130
:100C9000C5F804C0C5F80833C5F84005C5F84001DB
:100CA000C5F84405C5F84401C5F84805C5F848012C
:100CB000D5F80435207523F00303C5F80435D5F8BD
:100CC000083543F00303C5F80835102393FAA3F35E
:100CD000B3FA83F3092B63DCC5F81035C5F80CC0F3
:100CE000E369344AC5F800324FF00043C1F880612F
:100CF0000E60C2F80001C2F88031C5F880302C4B7C
:100D0000C3F804C5EFF3108772B6D2F80415D2F811
:100D1000043183B92669002F7FF4F9AE62B6D2F8A8
:100D20000031002B3FF4F8AEC2F80001C5F804C052
:100D3000C5F80CC0E6E7236901332361C2F804015A
:100D4000D2F80415D2F80431002BF4D1E2E7EFF326
:100D5000108072B6D3F80455D3F80421134C62B94D
:100D6000236900B962B64FF0807203200021E3FBD3
:100D70000201401941F100019BE622690132226122
:100D8000C3F80411D3F80455D3F80421002AF4D190
:100D9000E6E74FF40032C3F84823C3F8082363E7BB
:100DA00040F29131084802F067FA00BF5007002175
:100DB00000F0004100100141FEFFFF0000E100E0F3
:100DC00000C0004102000080F84E0101014BD3E950
:100DD0000201704750070021014BD3F8040570470A
:100DE0000010014138B5EFF3108572B60E4A0F4975
:100DF000D2F80405D2F804315BB100240B69013349
:100E00000B61C2F80441D2F80405D2F80431002B7A
:100E1000F4D10C6905B962B6FFF752FA044B002110
:100E2000E4FB030138BD00BF001001415007002161
:100E30000080841E30B4EFF3108572B60E4A0F495D
:100E4000D2F80405D2F804315BB100240B690133F8
:100E50000B61C2F80441D2F80405D2F80431002B2A
:100E6000F4D10B6905B962B600214FF0807230BC35
:100E7000E3FB0201704700BF001001415007002151
:100E8000032870B51ED8354BD3E90241B1F1FF3FBD
:100E900008BFB4F1FF3F48D0314C8100012310302E
:100EA00003FA00F501F140002144C4F8085303514E
:100EB000D1F84005101A02283FDC00231846C1F87B
:100EC000403570BD031FDCB2012C3CD8234B197890
:100ED00011B15B7883423BD04FF48031A300214DA8
:100EE00022F07F4603F5A07301FA04F200211E48A8
:100EF000C5F80823C5F848235951D5F80435F31A25
:100F0000184023F07F43401A18BF0120B3F5000FAB
:100F100088BF00200028D4D004F5A87345F82360CA
:100F2000C5F80423C5F8442370BD1B7D002BB3D145
:100F300040F255316C2002F0A9F9C1F8402518465D
:100F4000C4F8045370BD40F276316C2002F09EF973
:100F500040F272316C2002F099F900BF5007002175
:100F600000C0004100100141FEFFFF00032838B51A
:100F700010D800F1100482000121324B00F5A87056
:100F800002F5A072A1400024C3F8081343F82040E2
:100F9000D45038BD031FDBB2012B4DD82A4A11783B
:100FA000C1B94FF48031294A03F5A8709940C2F8BD
:100FB0000813C2F8481352F82000D2F80445244917
:100FC000001B01400029E4D09B00002103F5A07321
:100FD000995038BD54788442E3D11E480524012934
:100FE000C0F8084508D000244FF0FF304FF0FF3123
:100FF0001470C2E90201D4E717484FF48054C0F8D6
:101000008040BFF34F8FBFF36F8F4FF0FF35C0F8B5
:1010100080410C48002441601475C0F80853C0F8A2
:101020004045C0F84041C0F84445C0F84441C0F8CC
:101030004845C0F84841D6E740F2CA316C2002F07A
:1010400025F900BF00C000415007002100100141F8
:10105000FEFFFF0000F0004100E100E0134B1B78B1
:10106000012B134B1BD04FF440320021C3F848230F
:10107000C3F80823C3F840110E4B00224FF0FF3194
:10108000C3F80813C3F84025C3F84021C3F844252A
:10109000C3F84421C3F84825C3F8482170474FF4EA
:1010A0000032C3F84823C3F80823E5E750070021BE
:1010B0000010014100C0004120B1194B0122C3F8CA
:1010C0004423704730B40121154C164B4FF4805225
:1010D000C4F84813C3F88020BFF34F8FBFF36F8F5E
:1010E0004FF0FF34C3F880210F4B4FF0FF350F4A0C
:1010F00059601075C3F808434FF0FF34C3F840053A
:10110000C3F84001C3F84405C2E90245C3F84401ED
:10111000C3F84805C3F84801107030BC704700BFE1
:101120000010014100E100E000C000415007002133
:1011300008B5294BD3F80423D10302D5D3F84021B5
:101140008ABB254BD3F80423920302D5D3F844215C
:1011500082B9214BD3F8042132B1204A0021C3F8CF
:1011600004111369013313611D4B4FF40032C3F8AE
:10117000802108BD00221B49C3F84421D3F844252F
:10118000D3F80435D31A194021B123F07F43B3F5C6
:10119000000FDED9104B4FF400320520C3F80823AE
:1011A00001F08CFCD5E700220E49C3F84021D3F8AA
:1011B0004025D3F80435D31A194021B123F07F43D9
:1011C000B3F5000FBDD9044B4FF480320420C3F8AF
:1011D000082301F073FCB4E700100141500700211F
:1011E00000E100E0FEFFFF0010B5484CA378FF2BA4
:1011F00032D0237873B10122022B227576D1444B71
:101200000021C3F808254FF0FF324FF0FF33217063
:10121000C4E902233F4BD3F80423120303D5D3F8C8
:101220004C31002B6DD13B4BD3F80423500302D536
:10123000D3F84821AAB9374BD3F80423910302D538
:10124000D3F8442122BB334BD3F80423D20302D575
:10125000D3F840219ABB10BD0620BDE8104001F034
:101260002DBC00224FF480202B49C3F80803022034
:10127000C3F84825C3F848214FF48053C1F88031A2
:1012800001F01CFC234BD3F804239103DBD5D7E7F3
:1012900000224FF400302049C3F808030120C3F8AE
:1012A0004425C3F844214FF48053C1F8803101F044
:1012B00005FC184BD3F80423D203CCD5C8E74FF470
:1012C00080310020144AC3F808134FF48051C3F84A
:1012D0004005C3F84001E061C2F88011FF22A2700E
:1012E000C3F80002BDE8104001F0E8BB02236078BB
:1012F0002370FFF73BFE074BD3F80423120392D56C
:101300008DE740F20F416C2001F0C0FF5007002133
:1013100000F0004100C0004100E100E02DE9F04F85
:101320001C4699B0DFF8DC82059202900491FFF729
:101330004DFD6201D8F8003005460E460832B2492C
:1013400001200DF1400E01EB441C18605318545855
:101350000CF1080CDF8993F80C900697D3E901A2F1
:1013600007925A7BDB6801920893BCE80F00AEE855
:101370000F009CE803008EE8030024F07F40FEF796
:101380009FFF3B4601339944A04B9842814400F2B1
:101390002F82994500F3DF80B9F1000F48DBCB467F
:1013A000FFF7B6FA019B0746012B07D0D8E90631B3
:1013B0000B40013302D1002800F0F980FFF7A6F8B6
:1013C00040F25633984200F0E18040F2F5539842E3
:1013D00000F0D980B0F5C67F00F0CE8000230393E3
:1013E000002103208E460991B6F1FF3F08BFB5F1F9
:1013F000FF3F21D0A54276EB0A0380F0B080B4EB2A
:10140000050C6AEB0603BCF5000F73F1000380F0D6
:10141000FE81BCF1000F2B460EDDBEF1000F00F087
:10142000B88098F8200000280CBF0846002004E08F
:10143000DFF8DCB1CB44B3E7029B14F1FF39A9EB31
:10144000030C4AF1FF314B4684457FDB7FB9D8E975
:101450000620B0F1FF3F08BFB2F1FF3F07D0A21A4C
:10146000039F6AEB0000BA4270F100026BD30B934A
:10147000029B0291B9EB0302049B0A9261EB030702
:10148000FFF744F840F2563C02996045DDE90A2333
:1014900000F0B68040F2F55C604500F09F80B0F54A
:1014A000C67F14BF09201620824277F1000280F027
:1014B0009B80059A012A6ED005EA0602099FB2F1C7
:1014C000FF3F08BF47F00107002F00F0A780484604
:1014D000049302910027FFF7E3FA0299049BB1F10C
:1014E000FF3F08BFB9F1FF3F00F0878123F07F4045
:1014F000079B1A19121A22F07F42B2F5000F25D865
:10150000221A22F07F42013AB2F5000F1ED2029158
:10151000FEF7D6FE3F4BABEB000602999E42C0F0B1
:101520009480A0EB0B009842C0F0FA80374B9E42AB
:1015300000F28780984240F26F81DFF8DCB0ABEBBD
:10154000000B5E4682E0019A012A90D000252846D1
:1015500019B0BDE8F08FDFF8C0B0CB4420E7B5EBA1
:10156000040C66EB0A03BCF5000F73F1000380F076
:101570004981A4EB050C4CE700210D2303208E4686
:101580000393099130E73223039329E71C23039344
:1015900026E7084651E7B6F1FF3F08BFB5F1FF3F28
:1015A00000F049812B4631460027A9469EE7FEF709
:1015B000ADFF40F25633984200F0FE8040F2F55302
:1015C000984200F0EB80B0F5C67F00F0EE8001237A
:1015D0000320394603979E46099305E73B20824244
:1015E00077F10002FFF465AF04934846019B029136
:1015F0005F1E18BF0127FFF753FA049B02996EE79D
:10160000252051E770070021E8020021FF7F841E9A
:101610000080841E0040420F00807BE1B5EB090C86
:1016200066EB0102BCF1050F72F1000080F2A980A7
:10163000BCF1010F72F1000388DA2B463146A9464E
:1016400054E706F1F45606F59026B3467C4B93F822
:1016500028301BB9069B1E335B4569DA059B012BBD
:1016600004D001200291FFF781FC0299069B4BB147
:10167000F21A012000230291FFF702FC02990028D0
:1016800000F087800023324602911846FFF7F8FBEE
:101690000299054600287CD0019BD8F81820012B20
:1016A000D8F81C3049D0002F40F08D80B3F1FF3FB7
:1016B00008BFB2F1FF3F00F094800120FFF7FCFC6F
:1016C00098F82030002B40F08580069A19325A4550
:1016D00080F2AC80B21A002602203346FFF7D0FB1E
:1016E00010B1D8F800301E60079B4FF0FF320CAEEF
:1016F00010941293089BCDF844A013930023504CF0
:101700008DF858300C934FF0FF33CDE90E230FCEF8
:101710000FC40FCE0FC496E80F0084E80F0016E741
:10172000474BC0F1000B93F828305E46002B95D153
:101730004FF4F261702001F0A9FDB3F1FF3F08BF43
:10174000B2F1FF3F09D00191FEF730FF4FF0FF32B9
:101750004FF0FF330199C8E90623002FB0D0039B57
:101760000520B9EB030261F10003FFF789FB0028B4
:1017700057D098F82030002BA7D1012388F82030CB
:10178000A3E7484604930291FFF78AF90299049B64
:10179000A5E601200025FFF7E9FBD8E60123322169
:1017A00035209E46099303911EE601230D2110204A
:1017B0009E460993039117E601231C211F209E4694
:1017C0000993039110E6B3F1FF3F08BFB2F1FF3F69
:1017D000C5D0B8E70520FFF7C9FB002388F8203003
:1017E00073E7FEF799FEFFF725FBC8E9060164E7FA
:1017F00040F22141702001F049FD40F27C717020DF
:1018000001F044FD40F23571702001F03FFD40F2DF
:101810003171702001F03AFD40F65801702001F05E
:1018200035FD40F22621702001F030FD40F2BA7102
:10183000702001F02BFD40F2A361702001F026FD25
:10184000F00600212DE9F04F914F83B097F8214029
:1018500004EB44033B445E7A202E46D08D4BE5B228
:101860006400002B00F089808B4BDFF83092002B56
:1018700061D006EB45124FEA451807EB420A9AF889
:101880002830013BDBB2052B32D8854A12F803B071
:10189000BBF1090F2CD0AFF30080EFF3108372B6C9
:1018A0002C449AF829203C446272A27AB24200F099
:1018B000E88013B9AFF3008062B6B044730101222F
:1018C00009EB461607EB480859F80330706859468B
:1018D00088F82820984797F8214004EB4403E5B2A4
:1018E0003B4464005E7A202EC3D103B0BDE8F08F84
:1018F00040F26E61702001F0C9FC4FF02002A2722C
:10190000002B00F0BC80B0447301012209EB4616A5
:1019100007EB480859F803307068594688F82820C2
:10192000984797F8214004EB4403E5B23B44640038
:101930005E7A202ED9D006EB45124FEA451807EB08
:10194000420A9AF82830013BDBB2052BD0D8544A22
:1019500012F803B0BBF1090FCAD0AFF30080EFF368
:10196000108372B62C449AF829203C446272A27A01
:101970009642C2D0002BC6D181E0474B4FF02009E0
:10198000DFF81CB1DFF814A1002B4FD006EB451295
:101990004FEA451807EB420292F82830013BDBB2D0
:1019A000052BA5D81BF803100929A1D0EFF310834C
:1019B00072B62C4492F829203C446272A27A964274
:1019C00008BF84F80A90002B52D0B0447301012262
:1019D0000AEB461607EB48085AF80330706888F897
:1019E0002820984797F8214004EB4403E5B23B4494
:1019F00064005E7A202EC9D177E762B6B0447301E5
:101A000001220AEB461607EB48085AF803307068C3
:101A100088F82820984797F8214004EB4403E5B262
:101A20003B4464005E7A202E3FF45FAF06EB451224
:101A30004FEA451807EB420292F82830013BDBB22F
:101A4000052B3FF655AF1BF8031009293FF450AFA3
:101A5000EFF3108372B62C4492F829203C44627252
:101A6000A27A964208BF84F80A90002BC6D1C4E738
:101A70000191AFF3008062B6B0440199A6E762B667
:101A800041E74FF02002A272002B7FF416AF11E75E
:101A9000700700210000000000000000E8020021A3
:101AA000184A01012DE9F04F0D4685B014461F4636
:101AB0009DF838B0FEF7D0FC2E680319696847F12D
:101AC0000002B342019372EB01030292C0F0CA809C
:101AD000DFF8A8910BEB4B03DFF8A481DA464B4407
:101AE0000393039B1C7A202C3BD040F2F5578C4685
:101AF0000FE06B7B012B02D0537D012B56D004EB02
:101B00004A1409EB440494F82940202C29D0D5E943
:101B1000006C08EB44124FEA441B91681369D068CB
:101B20005B1840F100009E427CEB0003E1D240F2E2
:101B3000563740F2F55608EB0B0C2968AB68DCF819
:101B400008005B186A6842F100029842DCF80C3029
:101B500093411AD39CF81530012B02D06B7B012BDB
:101B600003D0012005B0BDE8F08F411A0091FEF7C7
:101B7000CDFCB84200993FD0B04228D0B0F5C67F26
:101B800014BF01230E239942EBDA08EB0B032A7CE6
:101B9000197E91421FD904EB4A1409EB440494F8CE
:101BA0002940202CDDD04FEA441BC4E7761AFEF70B
:101BB000ADFC40F25633984220D0B84209D0B0F57F
:101BC000C67F14BF01230E239E42B0DB97E7332369
:101BD000D9E73323F8E7D3E902611C695B7DA619D5
:101BE00041F10001012B0BD0019BB342029B8B41C1
:101BF00038D3C5E9006174E71D23C4E71D23E3E77B
:101C00006B7B012BF0D00091FEF780FC40F2563345
:101C1000009998422CD040F2F553984226D0B0F566
:101C2000C67F14BF01230E239C42DDDAFEF76EFC53
:101C300040F2563398421FD040F2F553984219D0E3
:101C4000B0F5C67F14BF01260E26C344DBF808306A
:101C5000DBF80C10F618019B41F10001B342029B26
:101C60008B41C6D2002005B0BDE8F08F3323DBE7FF
:101C70001D23D9E73326E8E71D26E6E77007002194
:101C8000E80200212DE9F04715461C4692F80BC0EA
:101C90000023AF7A86B01289064695F800809DF839
:101CA0003890E360236184F80DC027740F46A36069
:101CB0006361E28184F81180C4E90033B8F1000F58
:101CC00042D1FEF70BFB4D4BD5E904C2C31841F1DD
:101CD000000E9C4572EB0E030AD3013E4FF47A735B
:101CE00047F1FF372660C4E9017306B0BDE8F0870D
:101CF0002C3041F10001844572EB0103EDD32889BA
:101D000000210130844572EB01036AD3BCEB000073
:101D100062EB010104F10C0303AA009304ABFEF78C
:101D200041FB039B6A685533288913441844FEF726
:101D300093FBDDE90432C01A20F07F40C4E9003291
:101D4000A06006B0BDE8F0872D4804A9801A04F110
:101D50000C02FEF7FBFA2B4B1B78202B24D02A49D0
:101D60000B69D1E90521073342F1000A13EB0108A1
:101D70004AF1000A6B68227BE08955331044C4E9BC
:101D8000008A1844FEF768FBCDF800903246A06048
:101D90003B4628692146FFF785FE0028A5D1C4E906
:101DA000006706B0BDE8F08716F10B08637B47F1CA
:101DB000000A012BDED0FEF7ABFD0028DAD1FEF7DA
:101DC000A5FB40F2563398420ED040F2F5539842AC
:101DD0000FD0B0F5C67FCDD116F1180847F1000A33
:101DE000C8E74046414695E716F1270847F1000A43
:101DF000C0E716F13D0847F1000ABBE70040420F7B
:101E0000FF7F841EE8060021F00600212DE9F04145
:101E100000EB4003334D064647002B44DFF8C880F3
:101E20001C7AFEF7D9FF4FF0200C4FEA461E05E062
:101E300091F82930A446202B1C464ED008EB4413C1
:101E40000EEB04019A6805EB41011B699B18121AFD
:101E50001B1A22F07F4223F07F43B3F5000FE7D82F
:101E6000B2F5000FE4D8BCF1200F02D12046BDE846
:101E7000F081BB190CEB461271014FF0040E2B449C
:101E800005EB420293F8088092F8292044461A7222
:101E90000B192246204605EB4303944593F829404D
:101EA00083F828E0F4D1BB192B4493F80AE0BEF183
:101EB000200F5FFA8EFC12D08C4405EB4C0C8CF892
:101EC00029800A443E44202305EB4202354482F82F
:101ED0002930A8722046BDE8F0811C46C3E783F88C
:101EE0000980EEE770070021E80200212DE9F041AA
:101EF00001EB4103494D0C4680462B444F001E7AAE
:101F0000202E3DD1464B0BB1AFF30080FEF792FF80
:101F100095F82230202B0AD0424B10F1020CD3E965
:101F200004E241F10003E64572EB03032DD3202EBA
:101F30000AD042463346FFF7F1F900283BD0022091
:101F400085F82260BDE8F081D5E90623B3F1FF3FB3
:101F500008BFB2F1FF3F1BD195F8203023BB04200E
:101F6000FFF704F8FFF77AF80020FFF7A5F8202123
:101F70002B68002285F8221001201A60BDE8F0814C
:101F80000846FFF743FF8642BCD00020BDE8F08141
:101F9000FEF70CFB4FF0FF334FF0FF32C5E906238D
:101FA00095F82030002BDAD00520FEF7DFFF002364
:101FB00085F82030D3E73B1906EB44126101042079
:101FC0002B4405EB420293F808E092F829201A729C
:101FD00073469C46CA18664505EB420292F82930C2
:101FE00082F82800F5D13B192B44987A2028C2B2F8
:101FF00011D00A4405EB420282F829E03C446144D6
:102000002023002005EB4101254481F8293085F883
:102010000AC0BDE8F08183F809E0EFE7700700210E
:1020200000000000F0060021F8B50021194D1A4B00
:1020300042F2200020224FF0FF364FF0FF37288178
:10204000AA72196083F8281085F82110C3E9026785
:10205000A97385F822200C4605F128020B4685F865
:102060002010C5E9066702F814300134202CFAD19B
:1020700001260A48EE7301F087F9094B1870094BE5
:102080001C7001F0E1F92860FEF77CFC85F8236004
:10209000F8BD00BF70070021F006002145180001BF
:1020A00020070021E80600212DE9F04FBE4E85B043
:1020B000FEF7C0FE07468846FEF7D0FFD6E90223AA
:1020C000B3F1FF3F08BFB2F1FF3F05D04FF0FF3241
:1020D0004FF0FF33C6E9022396F82830ABB94FF42E
:1020E0000C71B069FEF7E8F9336972690233B169BE
:1020F00042F100025B1842F100021B1842F100029B
:102100009F4278EB020380F05B81A84C4FF0FF30D8
:102110004FF0FF31FEF7C4FCE37B002B40F06481FD
:10212000A349012291F800B0E273BBF1200F00F047
:10213000568120220A7084F82220A373336094F819
:10214000213003EB430A5FFA83F9A2445B009AF85B
:1021500008500093954209D0964B2A464FEA451CF9
:1021600003EB4510407E012800F0C680009B202D27
:10217000DFF844A24FEA491703EB0908A04408D04E
:102180004846FFF743FE854203D098F80850202DBB
:10219000F6D1BAF1000F01D0AFF30080FEF74AFE8E
:1021A00094F82230202B09D010F1020ED6E9042336
:1021B00041F1000C724573EB0C03E6D3202D1AD0CD
:1021C0002B460122FFF7AAF8002859D007EB0B0392
:1021D00084F8225004EB430393F82820022A34D0D9
:1021E000FF232374009B4B441C44637A202B76D13D
:1021F00005B0BDE8F08FD4E90623B3F1FF3F08BF77
:10220000B2F1FF3F07D0FEF7D1F94FF0FF324FF0A8
:10221000FF33C4E9062394F82030002B58D1042062
:10222000FEF7A4FEFEF71AFF0020FEF745FF236825
:102230000022202184F822101A6007EB0B0304EB24
:10224000430393F82820022ACAD1009A06214A445F
:1022500083F828102244917A2029CBB249D03B44FC
:1022600004EB430383F829B0009B5F444B4404EB29
:102270004707234483F80AB0202387F82930AFE7C3
:102280007B1998F80800042104EB4303024693F8F5
:10229000293088F808301346BA189D4204EB4202F0
:1022A00082F8281092F82920F5D198F80A102029F0
:1022B000CAB21BD03A4404EB420282F8290088F8E3
:1022C0000A303B44202204EB430383F829205CE7D7
:1022D0000520FEF74BFE002384F820309FE7374BA4
:1022E000187805B0BDE8F04F01F06AB888F8090029
:1022F000E5E782F809B0B7E70978202914D03169F9
:102300007069CF1DB16940F10000791840F10000FB
:10231000019003EB4213D3E9020288420198824103
:1023200028BFC3E9021021E79C4417F10B019CF878
:10233000150048F1000C0128CDF804C0E9D0CDE922
:102340000251FEF7E5FA1B4BDDE9022110B19AF8C4
:102350000850DEE740F25635CDE90221FEF7D6F807
:10236000A842029A134B0CD040F2F555A84214D063
:10237000B0F5C67F03990AD0009848442044057AF6
:10238000C7E717F1270148F100000190F4E717F1C2
:10239000180148F100000190EEE717F13D0148F106
:1023A00000000190E8E700BFF0060021700700215F
:1023B000E8060021E80200210000000020070021BB
:1023C0000C4B08210C4A1B78580102EB431312589E
:1023D0005868904740F2B621702000F057FF4FF444
:1023E0003171702000F052FF40F2C121702000F0E6
:1023F0004DFF00BFE8060021E802002170B5134C34
:102400000D460646FEF784F994F8213004F1280CB5
:10241000D9B20CEB831C002302E00133202B12D035
:102420001CF81320D8B2002AF7D103EB4111084A57
:1024300004EB4104590102EB4313565001225D6045
:1024400084F8282070BD184670BD00BF70070021B9
:10245000E802002110B5094C04EB4014D4E9020154
:10246000FDF73CFF227DE38A9B184FF0000203F149
:1024700001035241181842EB010110BDE80200218E
:10248000844A53682DE9F04FC3F3080393B00490D6
:102490000991002B40F03A8208230893099B1B788E
:1024A000012B00F2F182DFF8F0B1BBF1000F04D094
:1024B000002140F24350AFF3008000240125DFF8F3
:1024C000DCA1DFF8DC91BBF1000F04D000214FF458
:1024D000AA60AFF3008025B9724B0BB1AFF3008057
:1024E00062B69AF82130DAB207924FF000038AF808
:1024F0001030089B002B40F0AF810592BBF1000F1C
:1025000004D0002140F26450AFF30080FEF792FC4B
:10251000079B099A054600930CABFFF7B3FBBBF191
:10252000000F04D0002140F26C50AFF30080DDE9D1
:10253000042302EB43114FEA43180AEB410191F8DF
:102540002830013B012B00F2918025F07F450C9B48
:10255000554C581B0E9A044020F07F40003C18BF99
:102560000124B0F5000F88BF0024D218521B22F0BE
:102570007F42B2F5000F8CBF002404F001040D9AD5
:102580000694002C75D10598042200EB400381F8D5
:102590002820420053440B92997A2029CAB200F0B5
:1025A0000A824244049B0AEB420282F82930034625
:1025B0000B9A002404991A4408EB010352440AEBD5
:1025C00043039172202283F8292001230693BBF153
:1025D000000F04D0002140F27150AFF30080334B64
:1025E0000BB1AFF30080EFF31086354672B69AF860
:1025F0001030002B7FF467AF049B0CAF09EB431541
:102600000FCF08350FC597E80300069B85E8030048
:1026100073B1089B4BB1002C40F097819AF82130A0
:10262000DB4303F001038AF82130FF238AF81030DE
:1026300026B91C4B0BB1AFF3008062B6BBF1000FA3
:1026400004D000214FF4B560AFF30080069B002B4F
:1026500040F04681BBF1000F04D0002140F2B4509D
:10266000AFF30080069813B0BDE8F08F0023069307
:10267000ADE7059800EB400151440C7A4100202C55
:102680000B9100F0D3812021944640F2F5561A4672
:10269000039122E000ED00E000000000700700213F
:1026A000E802002100000000FEFFFF000000000023
:1026B0009DF83D10012903D0417D012900F0B5802E
:1026C00008EB04030AEB430393F82930202B00F0B6
:1026D000BD8103941C46DDE90C2C09EB4410650117
:1026E00087680169C368C91943F1000E8A427CEB0F
:1026F0000E03DDD213466246039E40F2F55709EB06
:1027000005000E99D0F808C0C91842F100028C45A6
:10271000C16871EB020273D3427D012A03D09DF898
:102720003D20012A58D0039B9E4200F07881202E44
:1027300000F0AF81039B202B08EB06030AEB430359
:1027400093F8292000F09581039B43440AEB43034F
:1027500093F8295083F829202946052408EB010322
:102760000A4608460AEB4303964293F8291083F879
:102770002840F3D1059C0B9B234453449E7A202E82
:10278000F4B200F0748144440AEB440484F8295004
:102790000B9B4244059C0AEB42022344534498722B
:1027A0002020049B82F8290043440AEB430383F86A
:1027B0002910039B834200F03F811C464444049B44
:1027C0000AEB440484F829300024434403220AEB32
:1027D000430383F82820FAE6ACEB03030A93FDF7E2
:1027E00095FE40F2563398420A9B00F0AA80B84208
:1027F00030D0B0F5C67F14BF01220E22934292DA88
:102800004D449DF840302A7E9A4240F2E08008EB29
:10281000040326460AEB430393F82940202C00F0DA
:10282000FA806501DDE90C3269E7D71BFDF76EFE22
:1028300040F25633984200F08680B0424ED0B0F558
:10284000C67F14BF01220E22BA427FF739AFDDE9FD
:102850000C3251E73322D1E7079B934F5E1C07EB05
:10286000831C06F00106BCE80F0007EB86170596EF
:102870000FC7BCE80F000FC7BCE80F000FC79CE8EC
:102880000F0087E80F00BBF1000F04D0002140F2D9
:10289000DE30AFF30080079B06EB460203EB4301FB
:1028A000824B585A5F18B978985213449970BBF10B
:1028B000000F0CD0002140F2E230AFF30080BBF1FA
:1028C000000F04D0002140F25A50AFF300809AF874
:1028D0001030002B7FF4F7AD07960FE63322B3E7F5
:1028E0009AF8213003EB430353445B7A202B3FF4E7
:1028F000B1AEBBF1000F04D0002140F2AF50AFF3F6
:1029000000806B4B187800F05BFDA3E6103B59B2DA
:10291000002954DB674B5B5C5B090893002B7FF459
:10292000BDAD654B1B78202B00F0B880099B1B7850
:102930000893002B3FF4B7AD40F23C51702000F0FB
:10294000A5FC1D225AE71D227EE75B4B1B78202B3E
:102950007FF464AE07990220FFF7C8FA00287FF4DD
:102960005DAE9AF821300421DDF810C003EB43007E
:102970000CEB43125044DFB20AEB4202857A82F834
:1029800028105A01202D4FEA4303E9B278D01144B0
:102990000AEB410181F829C061463B440A44069490
:1029A00053440AEB42029972202382F82930002E08
:1029B0007FF444AE3DE6049A5A720346F8E503F00C
:1029C0000F03043B13441B7E5B090893A6E7059A9B
:1029D00004200B9B1344049A53444244997A0AEB13
:1029E0004202202982F82800CAB23CD0049B42440B
:1029F00019460AEB420282F82930059B00240B9A03
:102A00001A4408EB010352440AEB4303917220225B
:102A100083F82920DBE5039B9E427FF48BAE202BBD
:102A200013D10B9B059A134453441C7A049B4344D3
:102A30000AEB430383F82940059A0B9B069C134439
:102A4000049A53441A721346BFE61C46049B08EBD3
:102A5000040243440AEB42020AEB430392F82920A2
:102A600083F82920AAE6049A11465A72C5E75D72D6
:102A70008EE60B9B05990B4453441D7A1A726BE644
:102A8000614680F809C088E74FF4A861702000F023
:102A9000FDFB4FF4E871702000F0F8FB40F2395173
:102AA000702000F0F3FB00BF980700217807002199
:102AB0002007002100E400E0E806002170B50628A8
:102AC00009D8DFE800F0184E040808690900A84B8F
:102AD00001221B681A6070BDA64D2B78202B00F0D8
:102AE0008380A54C5A01052104EB4313A258586872
:102AF000BDE8704010479E4CD4E90623B3F1FF3F78
:102B000008BFB2F1FF3F00F0C2809C4E0120FEF7EB
:102B1000D3FA737F012B04D0FDF7FAFE002800F0F2
:102B20002281944D2B78202B00F08D80FF23A373FE
:102B3000D6E90223B3F1FF3F08BFB2F1FF3F05D052
:102B40000520FEF79DF9002800F008812B7801216F
:102B5000894A580102EB431312585868BDE8704087
:102B60001047844D2B78202B00F09880834E737F84
:102B7000012B04D0FDF7CCFE002800F0E5807C4C52
:102B8000D4E90623B3F1FF3F08BFB2F1FF3F53D0B2
:102B90002B780021784ADCE7754C94F820307BB123
:102BA000D4E90623B3F1FF3F08BFB2F1FF3F00F0C5
:102BB0009B800120FEF780FA002384F8203070BD4E
:102BC0006C4D2A78202A00F096806C4E4FF0FF3230
:102BD0004FF0FF33C6E90223A37B002B00F0AF8048
:102BE0002B780621644AB4E7614991F8213003EB60
:102BF0004300DAB20844037A202B00F0AA8003EBEA
:102C0000421201EB420292F829400472FF2008743C
:102C10000220594C2B7082F828000022CA735749B1
:102C200081F8282004EB4312127E002A7FF45AAF69
:102C300000F064FE2B7855E7FDF76EFCFEF7FAF81E
:102C4000C4E90601A4E794F82130DAB203EB4303A8
:102C50002344197A20297CD001EB421204EB420272
:102C600092F829001872FF232374434B297003EB59
:102C700041110023097EE37386F82830022382F88D
:102C8000283000297FF452AF00F038FE4EE7FDF700
:102C900043FCFEF7CFF8C4E9060136E7344A92F860
:102CA000213003EB4300DBB21044017A202950D0DD
:102CB00001EB431302EB430393F829400472FF2016
:102CC0001074022029702D4E83F8280000202A4B12
:102CD000D07303EB411186F828000B7E002B7FF4A4
:102CE00046AF00F00BFE42E7FDF716FCFEF7A2F838
:102CF000C4E906015DE794F82120D1B202EB42025B
:102D00002244107A202824D000EB411104EB410129
:102D100091F829601672FF222274174A287002EB7C
:102D20004010164EE373027E022086F8283081F8A8
:102D30002800002A7FF44AAF00F0E0FD46E740F2A9
:102D40004361702000F0A2FA40F25161702000F05F
:102D50009DFA40F24721702000F098FA40F22F616E
:102D6000702000F093FA40F22961702000F08EFA92
:102D700070070021E8060021E8020021F00600218A
:102D8000274B70B51A7886B0202A44D0254CD4E958
:102D90000213B3F1FF3F08BFB1F1FF3F36D1224D1F
:102DA000064605EB4215D5E90201FDF797FAEA8AD6
:102DB0002B7DD3184FF0000203F1010352419B1900
:102DC00042F10002181804AB42EB01010DF10B02B5
:102DD000009203AAFDF7E6FA9DF80B200F2ADDE921
:102DE000043194BF002201229B1841F10001C4E983
:102DF00002310E4B9B7B13B9012006B070BDD4E9A4
:102E000002230520FEF73CF806B070BD40F62F0106
:102E1000702000F03BFA40F62E01702000F036FAE8
:102E2000E8060021F0060021E802002170070021D9
:102E300038B5234B93F800E0BEF1200F3AD0214D76
:102E400095F8213095F821C003EB43035FFA8CFC21
:102E50002B441B7A202B1FD04FEA4C1C1A4C06E047
:102E6000634405EB430393F82930202B14D004EB83
:102E70004312117E8142F3D804EB4E14D4E90213BD
:102E800020694018D2E9021243F10003814272EB3B
:102E9000030304D2002038BD4FF0FF3038BD0B4B88
:102EA000081A1C68FDF70CFA04F140038342F1D8BC
:102EB000001B38BD40F66801702000F0E7F900BF44
:102EC000E806002170070021E8020021F006002139
:102ED0008D4B2DE9F04F1E7887B0202E019000F029
:102EE0000D818A4F81468A4D0DF1130297F82130EA
:102EF0008846286805A903EB430348443B441C7AF1
:102F00002B690393AB690293FDF720FAA9F1400204
:102F1000804B9A4260D8DFF80092059B09EB461679
:102F2000B0681B183069D5E904211B189B1A23F0DF
:102F30007F40B0F5000F4FD897F821A0202CAB614F
:102F40005FFA8AFA85F8208000F0CB804FF0200BE2
:102F500009EB441C9B184FEA4416DCF8080041F1C9
:102F600000019842DCF80C308B414ED39CF81530B0
:102F7000012B02D06B7F012B32D00520FDF7F6FF2D
:102F800097F821104FF0FF324FF0FF33BBF1200FC5
:102F9000C9B2C5E9022340F0A28001EB410120241F
:102FA00039440B7A584A97F82110127802EB4112F3
:102FB00007EB420282F829302B68019A13442B60F8
:102FC000FF233B74202C40D0544B187800F0F8F9C4
:102FD000002007B0BDE8F08F012007B0BDE8F08FFA
:102FE000A0EB0208FDF792FA40F25633984220D047
:102FF00040F2F55398421AD0B0F5C67F14BF0123B2
:103000000E234345B9DD95F820804E44337E434579
:1030100011D904EB4A1307EB430393F82930202B13
:1030200017D0A3461C46AB69D5E9042190E73323AA
:10303000E7E71D23E5E7DDE9023202209B182A6954
:103040009B1AAB6107B0BDE8F08F002007B0BDE868
:10305000F08F0520FDF78AFF97F821104FF0FF321F
:103060004FF0FF33C9B2C5E9022301EB41034FF032
:10307000050804EB41123B444FEA410C07EB4202C6
:1030800093F808A0480192F829201A72534600EBE1
:10309000030E1A461E4607EB4E0E94429EF8293048
:1030A0008EF82880F3D10CEB010EBE449EF80A90F6
:1030B000B9F1200F5FFA89F80ED0804407EB480879
:1030C00088F829A061440244394407EB42028E7219
:1030D000202182F8291065E78EF809A0F2E75C4606
:1030E000C3E70520FDF742FF4FF0FF324FF0FF33FB
:1030F00097F82110C5E90223C9B24EE74FF40961E0
:10310000702000F0C3F800BFE8060021700700211E
:10311000F0060021C03F420FE802002120070021F5
:10312000BFF34F8F0549064BCA6802F4E0621343B0
:10313000CB60BFF34F8F00BFFDE700BF00ED00E0A5
:103140000400FA05094B01225A604FF0FF32C3F820
:1031500008234FF40052064BC3F88020BFF34F8F73
:10316000BFF36F8FC3F88021704700BF00D00041CC
:1031700000E100E0094B01225A604FF0FF32C3F832
:1031800008234FF48032064BC3F88020BFF34F8FE3
:10319000BFF36F8FC3F88021704700BF000001416B
:1031A00000E100E010B5134900230122124CC1F8E0
:1031B000FC3FC1F8FC2FDA00013302F1FF7202F587
:1031C0008032D2F800032040884202BFD2F80003C8
:1031D000D2F804230260202BEDD1084B4FF480720B
:1031E000C3F88020BFF34F8FBFF36F8FC3F88021E8
:1031F00010BD00BF0080004100F0FFFF00E100E0D3
:10320000F8B51B4E05460C46174633786BBB00F0ED
:1032100031FD184B7760002D08BF1D463472FFF753
:10322000C1FF2846FFF7A6FFFFF78CFFFDF77CFAEA
:103230000546C0B9FEF7F8FEFDF76AFAFDF7E0F9BA
:1032400000F019FD002C0CDB04F01F0264090123BF
:10325000A400934004F1604404F56144C4F8803153
:103260002360012333702846F8BD4FF0FF35FAE79D
:10327000180800211E4A010108B572B6024B5B68AE
:1032800003B19847FFF74CFF180800211FB572B62D
:10329000134B5D688DB9FFF743FFB4FBF6F4D3B26F
:1032A0000132002CF9D103F110026A4402F80C4CEF
:1032B0000A2233B901A8A847EDE7044600220A26EE
:1032C000EDE7013BDBB203F110040DEB0406B0FBAC
:1032D000F2F402FB1400303006F80C0C2046E8E74C
:1032E00018080021074B93F90830002B09DB5A0915
:1032F000012103F01F03403201FA03F3024941F8B0
:10330000223070471808002100E100E01B4B4FF409
:10331000803270B5C3F88020BFF34F8FBFF36F8F3B
:10332000174D0021174CC5F80011C3F880212669FC
:10333000236906F0100643F0100323610123C5F84A
:1033400004332B60D5F80031A3B11EB9236923F0F3
:10335000100323610A4B0122D3F808055A60C3F811
:1033600008230022C3F800214FF48032034BC3F836
:10337000802170BD00F092FCE4E700BF00E100E0B6
:103380000000014100ED00E002460C49052038B57F
:103390000138C0B2FF2803D148216920FFF776FF2A
:1033A00001EBC0031D7905F0FF04002DF0D141F8B9
:1033B000302001225C719C711A7138BD28080021EF
:1033C000042808B503D958216920FFF75FFF094B8E
:1033D00003EBC0000379012B01D05921F4E74379B5
:1033E00082790133DBB29A4218BF4371BDE80840CD
:1033F000FFF778BF2808002170B50625114C00267C
:10340000013D15F0FF0500D170BD94F8281004EBC4
:10341000C1031A79012A09D158799A79904205D0C5
:103420005A79D2B29A7154F83130984794F82830CA
:103430000133DBB2042B94BF84F8283084F8286071
:10344000DEE700BF28080021004870470007084158
:10345000014B1B681B68184744000021014B1B6887
:103460005B68184744000021014B1B689B681847A4
:1034700044000021014B1B681B69184744000021D0
:1034800038B51F4C0420FFF7D3FC04212568854282
:1034900028BF05462846FFF71BFD20B1012820D094
:1034A00040F2451108E02368E068AB420DD1FFF718
:1034B00067FC20B940F225116B20FFF7E7FEE268B8
:1034C000236822611344E36038BD05446089012309
:1034D000281AE5602375FFF753FC60B940F22F11FD
:1034E000EAE763892075E068C01AFFF749FC10B964
:1034F0004FF49E71E0E76289E3689B1A2361E3E77A
:103500005808002108B50C4B1A7802F0FF0312B1DD
:103510005A1E1A4203D0E0216B20FFF7B7FE19B103
:10352000034207D1E521F7E723EA00039B0601D117
:10353000E921F1E708BD00BF4800002108B50122DC
:103540000C4B02211A764FF0827293F830001A6207
:103550001A68DA615A689A62074A117003F1180111
:10356000FEF78EFF20B94FF483716B20FFF78EFEBC
:1035700008BD00BF580800214800002170B5EFF3D6
:10358000108572B6264C002394F8316084F83130EF
:10359000012E06D0022E1DD0002E3BD185F31088BF
:1035A00070BD85F3108894F8323003F0FF0123B129
:1035B0004FF4A9716B20FFF769FE1420FFF7A2FFFB
:1035C000184B84F832601B78012BE9D1BDE87040BC
:1035D000FFF7B4BF94F8322012B940F26311E9E763
:1035E000104984F832300B78023BDBB21E2B0ED828
:1035F000012202FA03F30C4A1342CFD144F204022F
:10360000134204D020230B70FEF74EFDC6E740F2B4
:103610007F11CFE785F3108840F2A511CAE700BFFC
:1036200058080021480000214100004070B5144CAA
:1036300094F8335025B14FF422716B20FFF726FE2A
:10364000104B01264FF4C85284F832501E700E4BB6
:103650000E48C4E900230E4BA360FFF795FE2946F0
:1036600084F834000B48FEF7C9FE202884F83000A7
:1036700002D140F29721E0E784F8336070BD00BFCB
:103680005808002148000021FF3F420F7D3500010E
:103690000500B7000538000108B5104B93F833203A
:1036A00022B940F2F7216B20FFF7F0FDEFF3108114
:1036B00072B693F8312022B1012A0DD040F20731C1
:1036C000F1E7022283F8312001B962B693F83400A1
:1036D000BDE80840FFF774BE0022F3E75808002158
:1036E0000B4B93F8333010B523B940F216316B20F1
:1036F000FFF7CCFDEFF3108472B6064B1A78102A50
:1037000003D108221A70FEF7CFFC04B962B610BDCF
:103710005808002148000021164B70B51B78042B77
:1037200026D1154D2B7D1BB96B892868C01A70BD39
:10373000FCF7ACFE10F11E0495F8300041F10006D4
:10374000FEF788FE2B6900221B1841F100019C4204
:1037500076EB01000CD2181B4FF0FF3361EB060132
:10376000834272EB0103E2D2A7216B20FFF78EFDAB
:103770000020DCE7480000215808002138B5144C2F
:1037800094F8333023B94FF433716B20FFF77EFD8B
:10379000EFF3108572B694F8313023B1022B0DD0BF
:1037A00040F2DF21F1E7012384F8313005B962B638
:1037B00094F83400BDE83840FFF702BE054B002204
:1037C0001B7884F83120042BF0D10BF06FFDEDE76E
:1037D000580800214800002108B5094B1978102924
:1037E000CAB207D0202A05D0042A04D110221A70A8
:1037F0000BF06CFD08BD4FF4E2716B20FFF746FD46
:103800004800002170B50C46FDF7E6FA611E062956
:103810004AD8DFE801F004545428236760000121EE
:103820000220FFF76FFE324B324A93F8321079B123
:10383000042111701A68DA6000221A7593F8313089
:10384000022B01D00BF032FDBDE87040FFF718BE2F
:1038500020231370BDE87040FEF726BC4FF40471BE
:103860006B20FFF713FD224C94F83230E3B1214B6B
:103870001B78042B19D1FCF709FE064694F830009A
:103880000D46FEF7E7FD237D012B0BD122691218AF
:1038900041F10003964275EB030303D3BDE870408A
:1038A000FFF79ABF05F0B6FC70BD134B4FF4807262
:1038B000C3F88020BFF34F8FBFF36F8FF4E7012170
:1038C0000220FFF71FFE0A4B93F8323033B1BDE8F8
:1038D0007040FFF733BE01212820F2E7054B01229B
:1038E0001A70E1E7024B1B7D012BADD1D6E700BF7B
:1038F000580800214800002100E100E0014B0122AE
:103900009A777047900800212DE9F04786468C464B
:103910000846089E154674461946002B40F0C180A3
:103920008542B2FA82F245D94AB1C2F1200300FAC7
:1039300002FC954094402EFA03F343EA0C0C4FEA44
:10394000154EA8B2230CBCFBFEF80EFB18CC08FBEE
:1039500000F943EA0C43994528D9EB1808F1FF37E1
:1039600004D2994502D9A8F102072B44A3EB09031D
:10397000A4B2B3FBFEFC0EFB1C330CFB00F044EACC
:103980000344A04214D92C190CF1FF3304D2A042F5
:1039900002D9ACF102032C44241A43EA07401EB1B9
:1039A000D440002334607360BDE8F0874746DDE70C
:1039B0006346F1E792BB431B01214FEA154EAFB2BC
:1039C000200CB3FBFEFC0EFB1C330CFB07F840EA9B
:1039D0000343984561D9EB180CF1FF3004D29845A8
:1039E00002D9ACF102002B44A3EB0803A4B2B3FB51
:1039F000FEFC0EFB1C330CFB07F744EA0344A74212
:103A00004DD92C190CF1FF3304D2A74202D9ACF1E5
:103A100002032C44E41B43EA0040C0E7C2F1200348
:103A20009540944020FA03F12EFA03F34FEA154E25
:103A30009040AFB20343B1FBFEFC0EFB1C10190C0F
:103A40000CFB07F841EA0041884522D969180CF1BE
:103A5000FF3004D2884502D9ACF102002944A1EB21
:103A600008019BB2B1FBFEFC0EFB1C110CFB07F71F
:103A700043EA01439F420ED9EB180CF1FF3104D207
:103A80009F4202D9ACF102012B44DB1B41EA004109
:103A900093E76046E3E76146F7E76046A4E76346DD
:103AA000B8E7834206D916B9002108467CE7C6E983
:103AB00000E0F9E7B3FA83F78FB9834201D3724587
:103AC00008D8BEEB020460EB030301209C461EB93C
:103AD000002169E73846FAE7C6E9004CF8E7C7F184
:103AE000200CBB400EFA07F522FA0CF42EFA0CF16A
:103AF000BA401C4320FA0CF3B8404FEA1449014382
:103B00001FFA84FEB3FBF9F809FB18300B0C08FB15
:103B10000EFA43EA00439A4540D9E31808F1FF3012
:103B200004D29A4502D9A8F102002344A3EB0A0368
:103B300089B2B3FBF9F809FB183308FB0EFE41EA22
:103B400003418E452CD9611808F1FF3304D28E450C
:103B500002D9A8F10203214443EA0040A1EB0E017F
:103B6000A0FB02984145CE46434602D306D14D45BF
:103B700004D20138B9EB020E68EB0403002EA7D083
:103B8000B5EB0E0261EB030101FA0CFC22FA07F31C
:103B9000F9404CEA0303C6E9003199E74046C5E71E
:103BA0004346D9E700F066B8801A00F3070038B53D
:103BB0000D46144659B240B2FCF762FB0023287050
:103BC00020446B7040B238BD73B5A0F10B040E46B3
:103BD0001546E1B20F2903D94F216420FFF756FBA8
:103BE0000DF1030332460420FCF716FB034608B12F
:103BF0005821F2E704EB840401A99DF9030004F6BF
:103C00006514A2B2FCF7FEFA9DF804302B709DF803
:103C100005306B7002B070BD002303607047002058
:103C200070474FF0FF3070474FF0FF3070477047DC
:103C30007047002070474FF0FF30704700207047FA
:103C4000002070470023037070470022FFF7ACBFCD
:103C5000002070474FF0FF3070474FF0FF30704743
:103C60004FF0FF3070470346C0B2002BC4BF03388B
:103C7000C0B27047704770B50024FCF70FFB0546D3
:103C80002646E0B2854200D870BDFCF70DFB01343A
:103C9000868480F82660F4E7FFF7AEBB704720BF4C
:103CA000704700280CBF6FF01500002070470020FF
:103CB00070470723037000207047002070470020E2
:103CC000704710B50446FFF727FDA04294BF0020BF
:103CD000012010BD10F8012B11F8013B012A28BF6B
:103CE0009A42F7D0D01A7047034613F8012B002AE6
:103CF000FBD1181A01387047014B1B68184700BFE9
:103D00004C00002130B585B004460D46102200213C
:103D1000684610F099FD02238DF80230044B2A46C4
:103D20002146684601930BF0DDFE05B030BD00BFB3
:103D3000F93C000180B505460E46174698460AF044
:103D40003BFE034610F088FD0446DFF8189042461B
:103D500049F8003039463046A84754F8090000F0C9
:103D6000F9FD00BF080000002DE9F047058B04466F
:103D70002807904611D4022905F0070540F0CC80B1
:103D800020460DF0FBFA78B10138218B042811D8B8
:103D9000DFE800F0C2106D85950001290CBF45F0E9
:103DA000100545F02005258388F31188BFF36F8F38
:103DB000BDE8F08701F0070AAA4500F0A5800027BA
:103DC000B9463E46A368002B00F0BC8041F00801D4
:103DD000218388F31188BFF36F8FA168002900F059
:103DE000BA800D68002900F0B6803346524620465E
:103DF000D1F80480C047002D76D02B6829461D4697
:103E0000F0E701F007035A1F012A1BD8002221F016
:103E10000701062B276889B2C4E9002209D13B4675
:103E200003E0628B013262831B68002BF9D141F001
:103E30000201204621830DF0A1FA00287AD041F03A
:103E4000200176E0042B0AD121F0070189B2204637
:103E500021830DF093FA10B141F020012183218BD1
:103E600001F0070AAA454FD00027B946AAE72369FF
:103E700021F0070141F00601062DD3F800902183BF
:103E80002DD1B9F1000F3FD041F00801218388F313
:103E90001188BFF36F8F20463949C84729E021F0C8
:103EA0000701236941F0040189B2042DD3F804907D
:103EB0002183E6D000274FF0040A3E4682E721F036
:103EC0000701236941F0050189B2052DD3F8089057
:103ED0002183D6D000274FF0050A3E4672E700271F
:103EE0004FF0060A3E466DE72B4687E7B9F1000F13
:103EF000D1D1EFF31188402383F31288BFF36F8F82
:103F0000238B23F008032383258BEA062ED525F087
:103F10001003238305F007056669218B002EBFF689
:103F200070AF00232768C4E9003321F0070141F096
:103F300001012183218B4FF0000901F0070AAA45F6
:103F40007FF440AF002F9CD041F00801218388F31B
:103F50001188BFF36F8F002FC8D03D6839463346B4
:103F6000524620460DF036FA2F46F4E7AB067FF5B1
:103F70001BAF25F02003238305F0070500E700BFF2
:103F80000114010130B50C460E4985B00291D0F8FC
:103F9000A4110546CDE9003100F1E0014FF0FF33F7
:103FA000204609F08BFB50B9012384F86430D5F822
:103FB000A03123B1204605B0BDE83040184705B018
:103FC00030BD00BF1117010138B50C46114605463A
:103FD0000DF0A0FB034638B9284604490DF09AFBC2
:103FE00003460020236038BD0120FBE7ED540101AA
:103FF0002DE9F04F012381460569466887B005F534
:104000005777D7E8EF2F002A03D1C7E8E13F00290F
:10401000F7D10CBF1A46002240F0B480B368B16AF1
:1040200005F5E0781C1F10460DF0F8FB844272D8AD
:10403000013A00F0A180B2FA82F24FF00044D4407D
:1040400072682046073222F00302C5F85822B16A8E
:104050000DF0E4FBC5F85C02B36A404663430333EA
:1040600023F0030302EB4302230103EB4403093370
:1040700023F0030303EBC403C5F850221A440832AB
:10408000C5F84C227368C5F85442C5F848323F4B16
:10409000C5E9A763D9F80030C5F8F431316800F0FC
:1040A000DFF90446002834D1D9F810B0D9F804A0BB
:1040B000D9F800300BF52E79059004934846DAE9DB
:1040C0000734012B08BF103C0FF07CFEDAF8240007
:1040D0002F4904AB01EB80214FF4806248460093E6
:1040E00023460AF07FF82B490BF52A700FF023FEC8
:1040F000DAE9050183685C684CB15B46264AA04753
:10410000044630B9DAE9050183681B692BB96FF001
:104110005704002129E0013285E70122984704462F
:104120000028F6D11D4B2846C5F8A0311C4BC5F818
:10413000A4311C4B0393D5F808320293D5F8003212
:10414000CDE90083D5F86032B26AD5F8581300F093
:104150004FF904460028DCD105F1E00009F05EFBD0
:104160000028C5F860030ADB022138460DF006FB83
:10417000204607B0BDE8F08F6FF00B04C9E76FF081
:104180001504C6E76FF07704F2E700BF6717010177
:10419000A04D00214D17010141170101A941000166
:1041A000F3180101AD17010113B5044640B1002316
:1041B0000122CDE90032074BD0E9091209F032FAA9
:1041C000A36E1B6823B1E06E02B0BDE81040184733
:1041D00002B010BDED54010113B504460846216933
:1041E00001F55771D1E8AF1F022910D193B1A0B1E9
:1041F0000121CDE900311346D0E9091209F012FA84
:10420000074B984208BF6FF00B0002B010BD6FF073
:104210000F00FAE76FF04C00F7E76FF00100F4E7EA
:104220002EF8FFFF2DE9F74388461546066906F587
:104230005773D3E8AF3F022B5FD1136823B96FF0F8
:10424000150003B0BDE8F0831B78002BF7D0D6F83B
:104250005893B9F1000F33D106F5D4774FF0FF3200
:104260004FF0FF33384609F07DFD30462A6801A93A
:10427000FFF7AAFE019C1CB938460DF07DFADEE777
:1042800005F10803A3666B6984F86490E366E46350
:1042900060B138460DF070FA21463046236E2A6828
:1042A000FFF770FE0020C8F80040CAE72022296806
:1042B00004F1400010F05AF938460DF05DFAF1E7CC
:1042C00030460F490DF026FA04460028B7D005F114
:1042D000080383666B69C063C366002380F864309B
:1042E00020222968403010F041F922460121304651
:1042F00000F060F80028D5D0A1E76FF00F00A0E72C
:10430000ED54010110B50C46006900F55773D3E870
:10431000AF3F022B0FD189B10A4900F52A700FF087
:1043200036FD20460FF040FA70220021204610F0A2
:104330008BFA002010BD6FF00F00FBE76FF001005B
:10434000F8E700BFB81700212DE9F04F05460E46EB
:1043500090460027D0F8A8A085B0AAF5AA742146F7
:104360003046FFF7B7FCE0B9114BA4F1400B0293C4
:10437000DAF810303246CDE9008329464FF0FF339A
:104380005846AAF5CA7909F099F960B97023012253
:1043900003FB079383F86420DAF80C300BB158461E
:1043A0009847703417B105B0BDE8F08F0127D6E704
:1043B000211901011FB5144690B18AB1012912D10A
:1043C0000A4B00F1E0010293D0F8A431403201938E
:1043D0004FF0FF332046009309F070F904B010BD90
:1043E0006FF01500FAE70020F8E700BF211901017E
:1043F0002DE9F04387B00E46DDE90E811446DDE974
:1044000010251F4630B329B3DFF850C000F1E00992
:10441000002D08BF65469EB9CDE9034400F5CA7476
:10442000204605960FF0E5FB03ABCDE900432A4695
:104430003B464146484609F017FA07B0BDE8F0830D
:10444000002241460E9248462A4607B0BDE8F04396
:1044500009F034BB6FF01500EFE700BF49430001DE
:10446000F0B50E46044689B0002872D0436B0BB9F4
:10447000394B436301232246E3630023D4F89810A9
:1044800004F1400042F8301FCDE901334FF0FF3313
:104490000093D4F89C300EF06EFE304A06AB92E8E2
:1044A000030083E80300184608F0C2FF0546D8B9A8
:1044B00004F1340008F09EFF0546A8B9616B284856
:1044C00005AA0EF034FE054670B9059B9A6872B1D4
:1044D0000C33D4F89400C4F8A0300DF052FAC4F8AC
:1044E000D40030B96FF00B05284609B0F0BD034683
:1044F000EFE7D4F894000DF044FAC4F8D80000288F
:10450000F0D0D4F88C30D4F8A010C4F8A83004232C
:10451000C4F8AC30C4F8C4300223A362114BB4F821
:104520009420D4F8D470C4F8B810C4F8D010D4F8DB
:104530009010236204F1A403A4F8B020C4F8A4707E
:10454000C4F8C010A4F8C820C4F8BC00A661E36297
:10455000CAE76FF01505C7E7D94F0101C04901014E
:10456000E34F0101144D0101014B0360002070472E
:10457000404D010108B504480CF0D8FEBDE80840E4
:1045800002480CF0D3BE00BFEB4F010124500101E3
:1045900038B50C4615460DF032FA034B43F830504F
:1045A00003EBC0035C6038BD7401002130BFFFF72E
:1045B000FDBF00BF2DE9F04105460B4EDFF82C8012
:1045C000324606EB0807CC1B2046094910F015F9C6
:1045D000A01942460021083C10F036F92C6707F17B
:1045E0000800BDE8F08100BF0000000008000000E6
:1045F000C0490101074A936893F90E10002907DBAF
:10460000526993421FBF044A536843F0805353607A
:10461000704700BF9C43002100ED00E0154B9A6AF3
:1046200012F0007F9A6A14BF1E201D2012F0807FB6
:104630009A6A18BF1F2012F4801F9A6A18BF0220BE
:1046400012F4002F9A6A18BF212012F4802F9A6A60
:1046500018BF222012F4003F9A6A18BF232012F4D8
:10466000803F9A6A18BF24206FEA02426FEA124222
:104670009A62704700ED00E010B5164B9A6A9C6A8A
:1046800012F4805F14BF1722162214F4006F9C6A84
:1046900018BF1822A40509D59A6B9A6A120404D58A
:1046A00018B19A6A22F400429A621922094B986A58
:1046B00010F4806F986A18BF1A2210F4807F986AED
:1046C00040F47F4098624FF000030CBF10461B205F
:1046D0000B7010BD00ED00E010B5154B0246986A56
:1046E0009C6A10F0100F14BF1120102014F0080F56
:1046F0009C6A18BF1220A40709D5586B986A000657
:1047000004D51AB19A6A22F080029A621320084BEB
:104710009A6A12F0010F9A6A18BF1420D20658BF85
:104720009A6A9A6A42F0FF029A6200230B7010BDE7
:1047300000ED00E0F0B5474B04465B6800258BB008
:10474000C3F3080385F31188BFF36F8F02F07F4036
:10475000B0F17F4F11D102F00C0008280DD01007E6
:104760004CBF0C4601250022033B8DF80720032B8C
:1047700005D8DFE803F02462665F2C46F3E70023E8
:104780009DF80720CAB902AE04F12007324620681E
:104790006168083403C2BC421646F7D1099A002D5D
:1047A00053D0C2F3080121B96FEA52226FEA4222C4
:1047B0000992184602A90DF023F90BB0F0BD254B64
:1047C000DA6A9107DBD4DA6A002AD8DBDA6A5200A7
:1047D000D5D55A69A16942F480725A61BFF34F8FEF
:1047E000BFF36F8F5A6931F8021C22F480725A614C
:1047F000BFF34F8FBFF36F8F4DF60272914209D016
:104800009A6AD2B242B101200DF10701FFF764FFAD
:104810000346B5E72368B3E79A6A12F47F4F05D0E1
:1048200001200DF10701FFF727FFF1E79B6AB3F5C0
:10483000803FA4D3FFF7F2FEEAE700200DF1070165
:10484000E4E700200DF10701EDE722F4FF7222F00A
:104850000102ADE700ED00E0044B5A6942F010029E
:104860005A615A6942F480625A61704700ED00E073
:10487000EFF30880EFF3098101B57246FFF75AFFA5
:1048800001BD00BF002080F31488BFF36F8F0020AC
:1048900080F30A8880F30B8808F01AF800200E498C
:1048A0000860BFF34F8F0D4880F3088800F02CF8A4
:1048B000402080F311880A484FF40061401880F3CB
:1048C0000988EFF314800221084380F31488BFF3B2
:1048D0006F8F00F007F9000094ED00E0A066002162
:1048E000A0590021002318460649D1F89020C2F3B0
:1048F0000722934200DB7047C1F89830C1F8A0004E
:104900000133F6E700ED00E010B572B6002484F341
:104910001388FFF7E7FF23464FF0FF300C4A03F1FF
:1049200020010133102B42F82100F8D100234FF071
:10493000FF30074A03F160010133102B42F82100D8
:10494000F8D162B6BFF34F8FBFF36F8F10BD00BFBA
:1049500000E100E0084B9B6883420BD1EFF3058335
:1049600043B1064B5A6842F080525A605A6A22F4A8
:1049700000425A620FF00DBB9C43002100ED00E0A5
:104980006FF00A01084A93689967084958674B68AD
:1049900043F080534B60002383F31188BFF36F8F84
:1049A0009368986F704700BF9C43002100ED00E0C2
:1049B000EFF31183402383F31288BFF36F8F4FF01F
:1049C0000061084A53699360074A5160196F074AAA
:1049D000116000215A6F596782F31188BFF36F8FFE
:1049E000704700BF9C43002100ED00E0D817002174
:1049F0000E498A684FF030001044EFF3098C80E8CC
:104A0000F01F74467046FFF7D3FFA64607498A6831
:104A100002F1300090E8F01F8CF3098802F10000E9
:104A200004B50DF010F8BDE8044070479C43002128
:104A30001EF0040F0CBFEFF30880EFF309808169CB
:104A400011F8021C0229FFD001B50CF0DFFF01BDF7
:104A500040B2002807DB01234109034A00F01F0090
:104A6000834042F82130704700E100E040B2002866
:104A70000CDB01220649430900F01F00824020336D
:104A800041F82320BFF34F8FBFF36F8F704700BFF4
:104A900000E100E0054B420953F82220012300F019
:104AA0001F0003FA00F01040704700BF00E100E073
:104AB000D30748BF002140B258BF02310028ACBF25
:104AC00000F16040064A4FEA4113DBB2ABBF00F58C
:104AD000614000F00F0080F800331354704700BFAE
:104AE00014ED00E008B5084B084A23F07F039360FB
:104AF000BFF34F8FBFF36F8F09F084F809F0FAFF0F
:104B000000F04AF809F0BEF80000000100ED00E0F6
:104B100042F8203C009B0B4942F81C3C019B21F0D1
:104B2000010142F8183C029B42F8081C42F8143C70
:104B30004FF0807342F8043C0023203A026543673B
:104B4000704700BF353D00010C4B15469860026F61
:104B50000B4B0E461A60036E83F30B882C4686F3CC
:104B600009884FF00000074B984720464FF000019E
:104B70004FF000024FF00003034C20479C430021FC
:104B8000D81700214F1A0101353D00011022014BB9
:104B90001A61704700ED00E0002340210348C2186D
:104BA00001331E2B82F80013F9D1704700E100E0B9
:104BB00008B5EFF30583064A103B02EBC30152F838
:104BC000330049688847BDE80840FFF713BD00BFC0
:104BD000740100211FB5094C094A234601210948E7
:104BE00000F0FAF800230393074B0121E41A01A80F
:104BF0000193029400F0FAF804B010BD0000012106
:104C000000000021404D0101C002002110B50C7AC6
:104C10000B6804F01F0223F01F031A43CB686409DA
:104C200023F01F03054943EA440343F00103C1F89D
:104C30009800C1F89C20C1F8A03010BD00ED00E044
:104C400010B5074BD3F89030C3F30723013B9842CC
:104C500002D8FFF7DBFF10BD6FF01500FBE700BFC8
:104C600000ED00E02DE9F04F0F46144606464FF0E8
:104C700000084D4D85B0B84580F29280D6F804907A
:104C8000B9F1000F36D0B9F11F0F40F2878019F04B
:104C90001F0F40F08380D6F800A01AF01F0F7DD1BF
:104CA00050460CF014FF834609EB0A0001380CF063
:104CB0000EFF834572D11BF1160F6FD05C456DDD81
:104CC000C5F898B0D5F89C10C5F898B0D5F8A030C4
:104CD00021F01F0143F01F0AD6E900321A4499421D
:104CE00002F1FF391ED1CA4508D131465FFA8BF077
:104CF0000CF0F6FE08F101080C36BCE73146C5F8A9
:104D000098B0D5F89C3022F01F0203F01F03134324
:104D1000C5F89C30E0B20CF0E3FE10F1160F3DD068
:104D2000441CE7E7C5F898B0D5F8A020013B23F074
:104D30001F0302F01F021343CA453146E0B2C5F813
:104D4000A030E8D00CF0CCFE10F1160F26D0C5F83C
:104D500098B0D5F89C209DF808300AF1FF3A62F32C
:104D600004038DF80830D5F8A0309DF808205B08C2
:104D700063F347128DF80820D6E9003213440093FC
:104D800023F01F035344A3EB0903013023F01F0357
:104D90006946C0B20393FFF753FFBEE76FF01504F7
:104DA000204605B0BDE8F08F00ED00E00522044B81
:104DB000C3F89420BFF34F8FBFF36F8F704700BFCE
:104DC00000ED00E0BFF35F8F0022024BC3F8942098
:104DD000704700BF00ED00E010B5034C2278FFF7EC
:104DE00041FF207010BD00BF0C4400212DE9F74F9A
:104DF000294D8A4606464FF00008AB46274FD0455E
:104E00001BDAD6F80490B9F1000F3FD0316808469C
:104E100001910CF05CFE0199044609EB0100013898
:104E20000CF055FE84424FF014021D4B08D002FBDB
:104E300008F36FF015024BF8032003B0BDE8F08FC4
:104E400014F1160F2C60F8D01978A142F5DD02FBA1
:104E500008B0C7F89840C7F89840D7F89C4000F1D0
:104E60000801007B64F304000871D7F8A0000C79F6
:104E7000400860F347140C71D7F89C1021F01F0113
:104E80006960D7F8A01021F01F01296108F101081D
:104E900014350C36B3E700BFDC17002100ED00E04D
:104EA0000C440021F0B54149414CD1F890302568BF
:104EB000C3F307239D4287B075D80020FFF782FF18
:104EC0003C4BC1F8C030854216D13B4C01A825703F
:104ED000FFF74AFB00250646384FAE4213D10020AB
:104EE00023783249D1F89020C2F30722934254DB51
:104EF000FFF75CFF00202FE0616801EB0011FFF776
:104F000085FE0130DFE70199280101EB0513DA681E
:104F10003A40B2F5001F21D0B2F5800F2BD0B2F588
:104F2000801F38D15A689B680958013B22F01F0046
:104F300003440120844623F01F0340EA4C10CDE9CE
:104F400002218DF8100002A920780593FFF778FE62
:104F500000281DDA6FF0150007B0F0BD5A689B6895
:104F60000958013B22F01F0003444FF0020C0120BE
:104F700023F01F03E1E75A689B680958013B22F0C0
:104F80001F0003444FF0000C062023F01F03D4E75A
:104F900023780133237001359FE7C1F89830C1F8B9
:104FA000A00001339EE74FF0FF30D5E700ED00E0B1
:104FB0004C4D0101AAFF44000C4400210000F0FF09
:104FC00008B5024B1B689847002008BDF017002168
:104FD00008B505480CF0AAF9002383F31188BFF344
:104FE0006F8F0423184602DF6150010108B506499E
:104FF000064821F00701C1F1045202F580320CF09D
:105000003BF9002008BD00BFA77A0021F41700215A
:10501000064AD2F8AC3123F00043C2F8AC3100228A
:10502000034BC3F84C21D3F84C31704700200141A9
:10503000006001410122024B0020C3F84025704767
:10504000000008415023142213B51F4C0DF1070036
:10505000C4F80C351D4BC3F820214FF400621C4BE3
:10506000C3F8BC254FF48062C3F838250DF0DEFF8D
:10507000184B984225D118499DF807000DF0C8FF3C
:1050800016499DF807000DF0C8FF15499DF8070067
:105090000DF0BEFF21469DF807000DF0BEFF012078
:1050A0009DF80730984007F0B7FC4FF4002200202D
:1050B0000C4BC3F84423C3F84C01D3F84C3102B075
:1050C00010BD6FF00B00FAE700B000410030204146
:1050D000002001410000AD0B4C610141282001413D
:1050E0002C2101410060014173B5354BD3E84F3F9E
:1050F00000233449CDE90033334BD3F80445BFF3E3
:105100005F8FD1F80465BFF35F8FD3F80425944215
:10511000F3D16B46224607212B480CF0FFFC3246A8
:1051200005460F21274801AB0CF0F8FCE0B1019BCC
:105130000DB9009302E0009A9342FAD3009B2248F3
:105140001C44013CD0F84C3524F07F449C421F495C
:1051500032D0FFF75DFFC0F84C451D4B009A9A42D4
:1051600018D901230B7001E0002DE7D1194AD2F8BC
:10517000AC3143F00043C2F8AC31134BD3F84C21AF
:1051800032B90121144A5160D3F84C3103B1116096
:1051900001230DE0BFF35F8FD0F80435E41A24F04B
:1051A0007F440E4B033C9C42DBD900230B70002351
:1051B0000B4A137002B070BD0B78002BF7D0D5E707
:1051C0001144002100100141006001410F44002101
:1051D000FEFF7F000020014100B00041FBFF7F0087
:1051E00010440021F8B51E490023C1E8423F52BBDC
:1051F0001C4B1D783DB305231B4E1C4F34780134E6
:10520000B4FBF3F303EB8303E41A0CF012FE184A29
:10521000137823B157F82430C01A072813D9154B37
:10522000D3F8141141B10021C3F81411D3F814318B
:1052300034700CB90123137034780CF0FAFD47F880
:1052400024002846F8BD0C4A0025D2F8AC3123F0E2
:105250000043C2F8AC310122084B5A60F1E700BFAD
:1052600011440021104400210E44002100180021A7
:105270000D440021005000410020014100B00041D8
:10528000084B70B5C31A0D4607499B100446594395
:10529000402206480CF07EFC2B4601462046BDE825
:1052A0007040184728180021B76DDBB6044901018A
:1052B000402373B50B4C0093041B0B460D460A4963
:1052C000A41061430646094A09480CF08FFC011EF0
:1052D00005DA30462B4602B0BDE87040184702B0F0
:1052E00070BD00BF28180021B76DDBB6571C010147
:1052F0000449010110B5EFF31184402383F31288B0
:10530000BFF36F8F074A136823F00201DB071160B8
:1053100002D401200CF0DAFD84F31188BFF36F8F03
:1053200010BD00BF7818002170B50022012104468D
:105330000520FFF7BDFB0F4800F054FF0E4B9842CD
:1053400015D10CF0C8FD26690C4930460CF065F803
:1053500000280BDB012535642469084904F11C0091
:105360000CF05BF8002801DB0020E56470BD6FF0F5
:105370000400FBE77D5400010000AD0B784D0101F6
:105380001FB500220123CDE902236B46084ACDF860
:1053900000D0CDF804D00CF057FC002805DB4FF40A
:1053A00080420023684608F0B5FD05B05DF804FBB7
:1053B000751C01010C22104B014602FB003300203A
:1053C00030B4D3E90E529863EFF31180402484F394
:1053D0001288BFF36F8F1C6C04F0C00444F0020409
:1053E0001C6480F31188BFF36F8F1DB12B4630BC56
:1053F0000248184730BC70472818002104490101B1
:1054000010B4EFF31182402383F31288BFF36F8F40
:105410001748016841F002040460C80707D482F30A
:105420001188BFF36F8F012010BC00F0CBBE114973
:10543000D1F80C04D1F80C14C907F0D5EFF31180A2
:1054400083F31288BFF36F8F0B490B6C03F0C0031B
:1054500043F002030B6480F31188BFF36F8F82F374
:105460001188BFF36F8F002010BCFFF7A3BF00BFF0
:1054700078180021005000412818002110B101289F
:1054800004D07047034B1B6C5B0701D1FFF792BF41
:10549000704700BF28180021C3B21C20014A03FB3B
:1054A00000207047281800212DE9F041012207460D
:1054B0003449D1E8EF3FC1E8E02F0028F9D133B9F2
:1054C000314932484B60CB608A600BF0B9FF7B1EDC
:1054D000012B28D8012F06D12D4BD3F81C3403F013
:1054E0000303022B1FD00EF07FFC0546E8B9294BC1
:1054F0001B78D3B102220646254BC3F80823244C5F
:10550000DFF89480D4F81824D4F81834D20315D5D1
:1055100003F00303022B01D0012F0FD16DB386F3EB
:105520001188BFF36F8FBDE8F081EFF31186402340
:1055300083F31288BFF36F8F0125E0E7C5B13046D2
:105540000CF0A7FAD4F81835DBB2012BDAD1D4F875
:105550000421002AD6D00022C4F80421D4F8042162
:105560000222C4F818252022C8F88021A360C9E7C8
:105570000021212009F002FAE4E70222044BC3F8DB
:105580000423D0E724180021141800214418002116
:1055900000500041894D002100E100E0EFF311824D
:1055A000402383F31288BFF36F8F0A4BD3F80011A7
:1055B00061B10021D3F80805C3F80011D3F8003118
:1055C000C0B282F31188BFF36F8F70476FF00A008B
:1055D000F7E700BF009000410346F0B510469C7805
:1055E00093F803C0EFF31182402585F31288BFF3CF
:1055F0006F8F1F7893F801E0E41B04EA0C04A042CB
:1056000088BFA0B23E180CEA06063D461E7082F323
:105610001188BFF36F8F0A188A4216D177450CD1D3
:10562000EFF31182402181F31288BFF36F8F197855
:10563000597082F31188BFF36F8F1B79241AA3422C
:1056400022BF0122054B1A60F0BD5E197679013543
:1056500001F8016B05EA0C05DEE700BF0090004190
:10566000DB432DE9F04713F001050E46144604D044
:105670002248FFF7B1FFBDE8F0879AB3EFF3118836
:10568000402383F31288BFF36F8F0920FFF702FADC
:1056900007460920FFF7EAF988F31188BFF36F8FF7
:1056A000DFF85CA04FF40079CAF80051DAF8003155
:1056B00001232546DFF84C80CAF80030C8F88091F5
:1056C000DAF8003183B1FFF769FF031EC8F8809153
:1056D000F6DB013DADB27355002DF1D117B10920B4
:1056E000FFF7B6F92046C6E7EFF31180402383F3B6
:1056F0001288BFF36F8F0CF0CCF9E1E79C18002102
:105700000090004100E100E02DE9F0410D46144613
:10571000114F07F1350814B92046BDE8F0814FF06C
:10572000FF334FF0FF32384608F0F4FB224629469B
:105730004046FFF751FF0646384608F0C7FB3EB922
:105740004FF0FF324FF0FF33044808F0E3FBE6E789
:10575000A41BA4B23544DEE77C1800218C1800217C
:1057600038B50122174C114620460EF098FA012256
:10577000002104F110000EF092FA40F20743238753
:105780004FF0706323620C230025012184F824303C
:105790000D4B84F83550E586D3F80425092022F016
:1057A0000102C3F80425C3F80051D3F80021C3F85F
:1057B00004132A461960FFF77BF90920FFF748F91F
:1057C000284638BD7C1800210090004110B5FFF735
:1057D000E5FE002820DB174BC0B293F8222093F897
:1057E000214093F82310141B31EA04040DD193F8DF
:1057F000372093F8364093F83810141B31EA04042C
:105800000BD101220C4B5A600EE09C180132114062
:1058100084F8250083F8221010BD9C180132114035
:1058200084F83A0083F837100448BDE8104008F0C7
:105830004DBB00BF7C180021009000418C18002156
:10584000F0B5406801F01F04057B87B044EA4514B9
:105850000569002D63D0B2F5001F00F1100506D1D7
:10586000214628460DF061FC002007B0F0BD00275E
:10587000B2F5800F01AE0197776039D1B3F1007FA7
:1058800014BF052304238DF804300023CDE90463FD
:105890000393836823FA01F111F001011AD1B2F1E7
:1058A000A07F17D104F01F03620903F180032AD0FF
:1058B000012A3AD11E4A52F82330DB070AD40DF1EF
:1058C000030632462146284607F010FB194B984242
:1058D0001BD002962146284603AA07F0C3F9164BAF
:1058E00098421FD101222146284607F061FBBBE701
:1058F000B3F1C06F05D0B3F1007F14BF01230223C1
:10590000C1E70323BFE70D4AD5E73146284607F034
:1059100049FB094B9842DCD06FF00B00A5E76FF014
:105920008500A2E76FF015009FE751F82330FFDEF6
:1059300000088C410400AD0B0000AD0B00058C414C
:1059400038B545682B69B3B11035284607F01AFB06
:10595000044680B90146284607F0E2FA084B98420F
:105960000BD122462846074907F0BAFA22460521FC
:105970000A20FFF79DF8002038BD6FF00400FBE718
:105980000000AD0B895900014209034670B502D0F1
:10599000012A17D070BD0D4E326951680029F9D027
:1059A000012503F01F030C689D400029F2D08A688E
:1059B0002A4002D030464B6898472CB123682146D4
:1059C0001C46F2E7024EE7E72346F8E72C490101BF
:1059D000184901012DE9F04340F206354668D0062A
:1059E00048BF0320337B02EA050558BFC2F34010CD
:1059F00087B001F01F07B5F5837F144647EA4317C8
:105A00008DF8030043D00FD8062D18D007D8B5B1B4
:105A1000022D3ED06FF0150007B0BDE8F083B5F55C
:105A2000807FF7D101250AE040F20222954232D070
:105A3000B5F5407F31D0B5F5007FEBD102252203CB
:105A40002DD5012372688B409360326982BB07F0C9
:105A50001F037F092AD0012F77D13E4A02EB830230
:105A600084F48033D2F80012C3F30043C4F34044FB
:105A700044EA430421F4706144EA800421F00F01F8
:105A800044EA05230B43C2F800320020C4E707258F
:105A9000D5E70425D3E70525D1E70325CFE7630341
:105AA00041BF012372688B40D360CEE72A4AD5E715
:105AB0001036394630460DF1020207F017FA14F499
:105AC000403F80460CD1394630460DF02CFB234B2D
:105AD0009845DAD130469DF8021007F05DFAD4E718
:105AE0004FF0000901AB3946304603AACDE904392D
:105AF000CDE90199CDF80C9007F0B4F8174B984216
:105B000088D114F4003315D09DF8033084F4803428
:105B1000C4F300448DF80E3039464B46304603AA94
:105B20008DF80C508DF80D4007F058F90B4B98424A
:105B3000CDD06FE7CDE9043339460DF1030330468C
:105B400003AA039307F08EF8F0E7803352F823306E
:105B5000FFDE00BF00088C4100058C410000AD0B4A
:105B600010B504460269A2B0C2F8800016490020B0
:105B700007F04EFB002201211220FEF799FF84223C
:105B8000002101A864680EF05FFE0023012001AA35
:105B900061680432D940C90744BF00FA03F142F8F2
:105BA000041C2168D940C90748BF00FA03F103F17A
:105BB000010348BFD163102BEAD101A807F040FBD5
:105BC000002022B010BD00BF151D0101012383403C
:105BD00070B5DC430B4AD2E8EF1F01EA0405C2E8C6
:105BE000E65F002EF7D14FF4803282400648C0F8BD
:105BF0000823BFF35F8FBFF36F8F0B4214BF0120E9
:105C0000002070BD681900210060014170B40E4988
:105C100022F07F46D1E90034D01AC31844F10004C1
:105C2000C1E90034A6F50013B3F5400F09D2074BC4
:105C30001B681A0A1B069C19054B42F10005C3E9B3
:105C4000004570BC09F030B8880C00216C190021A7
:105C5000900C0021D9B101230D4A8340D2E8EFCF47
:105C60004CEA030CC2E8E1CF0029F7D14FF48033AE
:105C7000084A8340C2F80433074BD3E8AF3FC34020
:105C8000DB0742BF4FF48002044BC3F8002170478A
:105C900068190021006001416019002100E100E065
:105CA000C3B202489B001844704700BF40610141E5
:105CB000D0B50446FFF78AFF4FF0FF364FF0FF37AD
:105CC0000E4B014603EB04132046C3E902670CF0B8
:105CD00094F84FF480330A4AA340C2F848330123B2
:105CE000A340DB43074AD2E8EF6F1E40C2E8E46FEF
:105CF000002CF8D1BDE8D040FFF7ACBF580C002114
:105D000000600141601900210D4B1868010A00066E
:105D1000BFF35F8F0B4BD3F80435181841F1000126
:105D2000B3F5801F0AD2084BD3E90023904271EBF0
:105D3000030303D210F1807041F10001704700BFEE
:105D40006C19002100600141900C00212DE9F04FF9
:105D500085B016461F4604469DF840A0FFF736FF63
:105D60000190FFF7D1FFB04271EB070352D23B4BDA
:105D7000301A67EB0101984271F100014DD2384BA6
:105D800003EB0413D3E902239F4208BF964258D085
:105D90004FF48038334908FA04F8204626F07F4B48
:105DA000C1F848830CF029F84FF00309584604F174
:105DB0005005AD00ADB205F1824504F5A87305F5B7
:105DC000B0350293029A20F07F4341F82230C1F8A7
:105DD0004483D1F80435244AC01A033820F07F40A8
:105DE00090422ED9286868B1D1F80435A3EB0B0096
:105DF00020F07F40B0F5000F039322D920460BF02E
:105E0000FCFF039BBAF1000F07D109EB030009F176
:105E10000109D7E7BAF1000F09D06FF01505204648
:105E20000199FFF717FF284605B0BDE8F08F012361
:105E30000E4AA340D2E8EF0F1843C2E8E10F002951
:105E4000F8D107490E982301C8500F9B01EB0412AB
:105E50000025C2E902675360E1E700BF010080004E
:105E6000580C002100600141FDFF7F0060190021F6
:105E70007FB500254FF0FF304FF0FF314FF48032F7
:105E8000204C214B0226C4F80833C4F848331F4B7A
:105E9000C4F80855C3E90201C4F804234FF40032E2
:105EA000C3E90601C4F80423C3E90A014FF48023BF
:105EB0004FF48002C4F80433154B0121C4F8046385
:105EC0001620C3F880212A46FEF7F2FD1620FEF7C1
:105ED000BFFD01230722A36023600E4B28461A60F2
:105EE00006220D4B1A600D4B0D4A0093CDE901556A
:105EF0000023FFF72BFF3046FFF7D6FA284604B001
:105F000070BD00BF0060014103000F00580C00216C
:105F100000E100E068190021641900210D5C000116
:105F2000FFFF7F002DE9F04F87B00BF028FE354BC7
:105F3000D3F8042392070BD5D3F8042142B10022F1
:105F4000C3F80421304AD3F80431136801331360D5
:105F50002E4D0024AA462E4E4FF4803303FA04FB44
:105F6000284BD3F804331BEA030F27D00123A340A7
:105F7000DB43D6E8EF2F02EA0301C6E8E01F002862
:105F8000F7D122FA04F3DB0703D4224B53F8243071
:105F9000A3B120460BF031FFFFF7B6FEEFF31087F9
:105FA00072B60AEB0412D2E90289CDE90289029B9A
:105FB0009842039B994109D287F310880134032C3E
:105FC00005F11005C8D107B0BDE8F08F0020D5E974
:105FD00000134FF0FF384FF0FF392860C2E9028903
:105FE000084A05932046C2F848B30BF006FF87F332
:105FF00010880029E2D0059B0093DDE90223884741
:10600000DCE700BF006001416C190021580C002141
:10601000601900214061014170B501240C4B1868E2
:1060200090B1B0FA80F0C0F11F0004FA00F1C9434A
:10603000D3E8EF2F02EA0105C3E8E65F002EF7D1AF
:10604000C240D207EBD570BD6FF00B00FBE700BF7D
:106050006419002130B5431C124C85B005D0844230
:10606000A8BF0446012CB8BF0124FFF74DFE0E4B1C
:106070000C4DD3E90013401AB0F5000F0FD22218CF
:10608000AA4228BF2A46002052180849CDE901003B
:10609000009143F10003FFF759FE05B030BD2A46D9
:1060A000F1E700BFFFFF7F00880C00210D5C0001BD
:1060B00008B5FFF729FE024B1B68C01A08BD00BFD8
:1060C000880C002102460B46014807F04BBE00BF7A
:1060D00088020021014807F0BDBE00BF88020021F0
:1060E0000A4608B5014607480BF020F906480BF0B0
:1060F0001DF9002383F31188BFF36F8F0323184624
:1061000002DF08BDB3500101EC540101322337B561
:106110000125ADF8043000231A2168460E4A8DF897
:106120000630ADF800508DF80230FDF769F80446EE
:1061300070B901462A460C20FEF7BAFC2A462146D1
:106140001120FEF7B5FC2A4621460820FEF7B0FCD8
:10615000204603B030BD00BFE160000101490248A4
:106160000DF005BE70190021980C002137B50024F0
:106170000C4D6FF007034FF4806228460A490094E3
:1061800008F030F8094928460DF034FE084909485E
:106190000DF0D1FD224604211A20FEF789FC20468D
:1061A00003B030BD980C0021A0510021C85001015E
:1061B000551E010170190021014B00201B68184772
:1061C0008019002120B1012806D10448FAF7B8B996
:1061D000034B01201B681847704700BFB9610001DD
:1061E00080190021014B1860014870478019002177
:1061F0000000AD0B10B50C29036914D118680B4CC5
:1062000080EAE073A3EBE07300284FF000004FEA50
:10621000930103F0030304FB03F3BCBF49425B4259
:10622000C2E9001310BD6FF08500FBE790D00300BA
:1062300038B5064B064C9D6804222B680449034878
:1062400098472368002BF7D038BD00BF40490101B3
:1062500088190021044B186880EA403080EA5040D9
:1062600080EA401018607047881900210122024B13
:106270001A7009F037B800BF1244002108B5002099
:10628000FFF70AF900230549CB60054B4B60032358
:106290008B60BDE808400BF0D3B800BF8C1900211B
:1062A0006D62000110B50020FFF7F6F806490446BC
:1062B0000BF041F9783002D120460BF018F900229A
:1062C000024B1A7010BD00BF8C190021124400212E
:1062D00040B2002808DB01224309044900F01F00F6
:1062E0008240403341F82320704700BF00E100E0C6
:1062F00040B2002808DB01224309044900F01F00D6
:106300008240603341F82320704700BF00E100E085
:1063100040B20028ABBF00F16040054B00F5614082
:1063200000F00F00ACBF90F80003185C4009704704
:1063300014ED00E010B5064C064920460DF048FD6E
:1063400000220023204607F0F1FF002010BD00BF0F
:10635000380D00215963000137B50F4C3B21A5686A
:106360002046EB68984770B90C216A4620462B6995
:10637000984740B9094B009A93F90010914202D016
:106380001A700BF03CFE4FF4F0120023044808F0A2
:1063900001F803B030BD00BF7C490101700100214C
:1063A000380D0021014B93F9000070477001002166
:1063B000F7B5134E134C144D4FF0FF324FF0FF332F
:1063C000304607F0A7FD4FF4967321780F485943E4
:1063D0006F5804313A4629440BF009F91A22237800
:1063E000874203F10103B3FBF2F102FB1133237087
:1063F000E2D04FF0FF3301A801930AF0C8FCDBE7BD
:10640000AC020021144400219C1900211438002101
:10641000014807F05BBD00BF9C02002108B50D4894
:106420000BF0C3F8002804DA783002D06FF00500D2
:1064300008BD094A094907480BF0C5F80028F5DBF3
:106440004FF400420023064807F064FD0028EDDB0E
:106450000020EDE768490101940000211438002173
:106460009C02002170B505460C460DF0BDFCE8B15C
:106470001A2014490B785A1CB2FBF0F600FB1622C6
:106480001148D2B20078904218D00A704FF4967238
:1064900053430E482246C4500433294618440EF094
:1064A000ACF90B4807F012FD204670BD2246294684
:1064B00008480BF09CF840EAE070F6E74FF0FF3038
:1064C000F3E700BF13440021144400219C1900216C
:1064D000AC020021143800210122034B83F814255B
:1064E00002480DF0D5BB00BF1C380021343D00210F
:1064F000084BD3F8082542F00302C3F8082504220C
:10650000C3F81025D3F8042522F00302C3F80425AC
:10651000704700BF008001410122014B1A607047A3
:10652000008001410122014B1A6170470080014146
:1065300000487047488001410123054A05495364DA
:10654000D2F84435013B0B60C2F84835704700BFB4
:1065500000800141483D002108B5094BD3F848357A
:1065600028B95D21074B084A084809F007FA084A8C
:1065700012689A4216BF03600020012008BD00BFC8
:10658000008001410C5101016D51010120510101B7
:10659000483D0021004870474C800141014BD3F831
:1065A0004C057047008001414FF48032084B094987
:1065B0005B689A40C1F84823002250339B009BB28D
:1065C00003F1824303F588331A601B68704700BFEC
:1065D000E80D00210010014108B5084B1B698342FA
:1065E00005D04621064B074A074809F0C7F9FFF7CF
:1065F0008BFBBDE8084008F05BBF00BF180E002110
:106600008F51010133530101A251010110B5084915
:106610000C69844205D05421064B074A074809F00B
:10662000ADF9C1E90223BDE8104009F0A3B800BFED
:10663000000E00210152010120530101A25101016C
:10664000002238B5124B03211A70124B124D1A60FA
:106650004FF0FF32C3E90112104B114C2B60114B6C
:106660002360FFF7D9FC0028286106DA40F20D11FB
:106670000D4B0E4A0E4809F081F9FFF7CDFC0028BA
:10668000206104DA40F21311074B084AF2E738BDE3
:1066900015440021E80D0021180E0021D9650001E4
:1066A000000E00210D66000119520101FB5201018B
:1066B000A251010102460B4601480BF058BC00BF35
:1066C000180E0021014B1869FFF7F2BA180E0021CD
:1066D00070B5EFF3108672B6084C23785BB9084D9D
:1066E00028690BF096FB6861064D28690BF091FB59
:1066F00001236861237086F3108870BD1544002162
:10670000180E0021000E002110B5EFF3108472B6B0
:1067100000220A4B1A700A4B59691869891A18BF66
:1067200001210BF078FB074B59691869003918BF34
:1067300001210BF070FB84F3108810BD154400217B
:10674000180E0021000E002110B5FFF7DDFABDE89C
:106750001040C21C41F1000301480BF008BC00BF0F
:10676000000E002102460B4601480BF000BC00BFA2
:10677000000E0021014B1869FFF79ABA000E0021A4
:10678000014B1869FFF78CBA000E0021014BD3E9C9
:1067900002017047000E00212DE9F84F0546894699
:1067A000924601236F4ED6E8EF2F002A03D1C6E8A8
:1067B000E13F0029F7D10CBF98464FF0000837465B
:1067C00040F0CD80DFF8A0B1DBF80445FFF79CFA7C
:1067D000BFF35F8FDBF804359C42F5D1854279EB3E
:1067E00001030DD2431B61EB0901B3F5000F71F1F9
:1067F000000115D3C3215D4B5D4A5E4809F0BEF828
:10680000A84271EB09030BD22B1A69EB0101B3F516
:10681000000F71F1000103D3C521574B544AECE737
:10682000514A231A23F07F435B19D2F8041523F051
:106830007F43591A21F07F41B1F5000F58D84FF42A
:106840008031746801FA04F0C2F848030020503423
:10685000A400A4B204F1824404F5883420602468C2
:10686000746804F5A87CA14042F82C30C2F84413A7
:10687000D2F804C5A3EB0C03033BDFF800C123F0FF
:106880007F43634529D8EFF3108B72B6FFF73CFACC
:10689000023041F10001854279EB010142D28BF3D4
:1068A0001088BAF1FF3F07D0337935499B0019446E
:1068B0005FFA8AF00CF0B6FB4FF0FF33B360FFF7DE
:1068C00073FE0023D7E8EF2F012A03D1C7E8E13F89
:1068D0000029F7D14046BDE8F88F5034A400A4B297
:1068E00004F1824404F58834C2F848132060236818
:1068F0000023D7E8EF2F012A03D1C7E8E13F0029A1
:10690000F7D1FFF701FAA84271EB0903E2D21D4B60
:10691000281A69EB0101984271F10001DAD34FF0B6
:106920000208D7E7BAF1FF3F07D01549E4B2A40047
:1069300021445FFA8AF00CF06BFBC6F808A0C6E9A8
:1069400004598BF310880223D7E8EF2F012A03D1D3
:10695000C7E8E13F0029F7D14FF00008BAE74FF050
:106960000308B7E7E80D0021001001411F520101A3
:10697000D3520101A251010179520101FDFF7F00B3
:106980004011014101004000042038B5114CD4E809
:10699000EF3F022B03D1C4E8E20F002AF7D12546CE
:1069A00017D1FFF701FEA068431C06D023790A49DE
:1069B0009B001944C0B20CF035FB4FF0FF330020B0
:1069C000A360D5E8EF3F042B03D1C5E8E20F002A0E
:1069D000F7D138BDE80D002140110141F8B5054659
:1069E00003231A4CD4E8EF2F022A03D1C4E8E13F75
:1069F0000029F7D1264626D1EFF3108772B6237906
:106A000013499B001944E8B20CF002FB2279104BA9
:106A10009200A5609D58FFF777F9D4E904239042CE
:106A200099410ED2281E18BF012087F31088022337
:106A3000D6E8EF2F032A03D1C6E8E13F0029F7D1BA
:106A4000F8BD0120F1E70420FAE700BFE80D0021BE
:106A50004011014108B503F011FF01F0FDF80BF002
:106A60004DFA01F017FB104808F0D8F90BF032FC92
:106A700004F0ECFB01F0C6FB03F0F0FC08F0B8FCFE
:106A8000FFF7D6FB04F086FC08F050FC08F096FAFD
:106A900001F0DAFC0BF04AFA08F098FD03F012FE60
:106AA000BDE8084003F002BA3C4E01017FB505463F
:106AB0000C4631B34B792BB3887900262388CDF867
:106AC0000A60ADF80830A37821798DF80D30E378AD
:106AD0000DF10A0243EA0121ADF80E608DF80C00B9
:106AE0000BF096FC9DF809009DF8083000B933B909
:106AF00000212A460846009602AB0BF0ABFE04B01C
:106B000070BD024C01F0D6FBD7E700BF475301012F
:106B1000064B002918BF0B465A78197802B911B9EB
:106B200019460CF00CB81046704700BF41530101E4
:106B300037B5EFF3108372B6054CD4E9124583F3F1
:106B40001088CDE9004505F09FF903B030BD00BFC6
:106B5000580E0021034B186808B190F8800000F02F
:106B600001007047743D002108B5FFF7F3FF08B13D
:106B7000014B186808BD00BF743D002108B5082806
:106B800011D8DFE800F012050507090714141400F6
:106B9000012008BD0420FCE7064B1B7813F0100F02
:106BA00018BF0120F5E70BF0D9F90020F1E702202A
:106BB000EFE700BF1C44002110B5064B1C78064BC4
:106BC000E4B21878FFF7DAFF844234BF00200120D6
:106BD00010BD00BF1A4400211D44002110B5044619
:106BE00001F0F8FA044B2046012219680BF091FDE0
:106BF000BDE8104001F084BA4C3D002110B50446B8
:106C000001F0E8FA054B20461A78054B93F900107D
:106C10000BF076FDBDE8104001F072BA224400216D
:106C20001E440021014A10700BF0B1BA1D4400212E
:106C300038B504460D4601F0CDFA054B2A462146EB
:106C400018680BF0ABFABDE8384001F059BA00BF44
:106C50006C3D0021002203481146034B00680BF0F5
:106C6000CABC00BF743D0021503D0021F7B5244B44
:106C700007461B780E461546002B37D004780BF0DC
:106C80009CFA631C5B01002834D103F1CE000DB1E6
:106C9000A83080B20DF02EFB40B3FFF78DFF044605
:106CA00020B355B302F0B6FC08F0E0FC154B1878A1
:106CB0000BF09CFB291E18BF0121134B38461A7894
:106CC00061F3C3021A7002F0E9FD104B2A461B78EB
:106CD000314600930E4B02F029F8012E07D10BF03C
:106CE00089FB08F0C3FA10B902F074F900242046B9
:106CF00003B0F0BD03F22E40C9E702F093FCD3E7E6
:106D00001B4400211F4400211C4400211844002181
:106D10002044002108B5064B1B7833B10DF017FB5A
:106D20003B2894BF0020012008BD0120FCE700BFE4
:106D30001B44002110B5114C0BF0C2FA0DF055FAAE
:106D40002378012B17D90DF023FB0D4BD3E9042336
:106D5000904299410FD2012323700DF047FA01F0C0
:106D60000FFB012803D1074B18780BF010FABDE890
:106D7000104001F09BB900232370F0E71744002175
:106D8000300E00211D440021F0B504460E46154684
:106D900087B0124B1822002168461F680DF054FD81
:106DA00002948DF80D608DF80E504CB1EFF3108306
:106DB00072B60B4AD2E91001CDE9040183F31088C1
:106DC00001F008FA38460BF070FA694638460BF0C5
:106DD000A2FC01F095F907B0F0BD00BF6C3D0021A9
:106DE000580E002173B5234B05461B780C46002B2B
:106DF0003ED0FFF7E1FE00283AD01F4A137823F077
:106E000007031370FFF7A6FE0646FFF7ADFE01F07D
:106E10002FFE002301A8ADF804300BF00DFB01F0AC
:106E200049FA0BF0E3FA154A29460320127801AB20
:106E300001F052FE012D09D10BF0DCFA08F016FA30
:106E400020B90CB90BF08AF80123237002F0E6FB9D
:106E500008F00CFC3EB901F005FB094B1860FFF788
:106E600083FE01F005FEFFF7F5FE0022054B1A60D8
:106E700002B070BD1B4400211C44002119440021B4
:106E8000743D0021703D002108B5074B1B7853B1BC
:106E9000AE200DF02FFA30B1FFF78EFE18B1BDE82D
:106EA000084002F053B908BD1B4400217FB50BF028
:106EB000BFF91822002168460DF0C6FC054B694653
:106EC000186802F0F7FC69460220FFF7B1FE07B030
:106ED0005DF804FB6C3D002110B5114B1B78EBB144
:106EE000FFF76AFED0B10F4C20460DF080F90DF08F
:106EF0002EFAB0F5C07F11D32268C009831EB3EB10
:106F0000D21F4FEAD2108CBF0022A2EBC312226024
:106F100098BF1846BDE8104002F048B910BD00BF48
:106F20001B440021683D002110B5044602F052F8D0
:106F3000082C1ED8DFE804F0211D051D0B131D15BC
:106F400019000021BDE810400846FFF74BBF0122A1
:106F5000BDE81040094B00211868FFF787BE0022EA
:106F6000F6E7BDE81040FFF7B7BFBDE81040FFF7F8
:106F70008BBFBDE810400AF0F1BF10BD6C3D002191
:106F800010B586B008284FD8DFE800F03333050F7E
:106F900024243542480061B301220620254B19689C
:106FA00006B0BDE810400BF0B4BB0022224C062115
:106FB000236883F88020214B18680BF078F9204B68
:106FC00020681A781F4B93F9001006B0BDE81040F6
:106FD0000BF096BB1C4C1822002168460DF034FCC7
:106FE0006946206802F066FC6A46062120680BF0BC
:106FF000D5F806B010BD144C1822002168460DF0DB
:1070000023FC6946206802F055FC6A460521EDE73D
:10701000012006B0BDE810400BF09EBB012006B079
:10702000BDE810400BF0AABB06B0BDE810400AF066
:1070300095BF00BF4C3D0021743D0021703D0021F3
:10704000224400211E4400216C3D00212DE9F04125
:107050000646174600F0E4FF054680B11F4C237832
:10706000022B10D02278022AD3B216D04FF000089B
:10707000022B17D9033B052B12D90AF06FFF00250D
:107080002846BDE8F08101F0D9FC22788046022A2A
:10709000D3B2EDD136B90028F1D14FF0000801E0AC
:1070A000002EECD001F096FF2378022B0AD10022AB
:1070B0000B4B0C481A7008F0E3F90DF095F82078A6
:1070C0000BF065F82378072B01D10DF091F8002F14
:1070D000D6D041462078FFF753FFD1E71D44002169
:1070E00017440021300E002110B5FFF7AFFF044612
:1070F00058B1074B1B782BB10120FFF793FD01F02E
:10710000FFFF10B90020FFF78DFD204610BD00BF26
:107110001B44002173B50D461E46FFF797FF04463A
:1071200028B30DF05BF938B101F02AF9421ED2B252
:10713000022A01D90AF012FF03220E4B02201A7014
:107140000D4B1E600026FFF76DFD6B1F5842584126
:107150000DF107018DF80760FFF744FE9DF8073039
:107160002BB101F037FF31463046FFF73BFE20469A
:1071700002B070BD194400214C3D00212DE9F041C1
:10718000674A0446137886B0107003F0FF0773BB9C
:10719000002800F08A8001F007FB0122614B1A7081
:1071A00008F02EFA604E3578EDB22846FFF7E6FC7F
:1071B00080462846FFF7E2FC474579D384426CD2EB
:1071C000357802210120EDB200F02AFF08B90AF05B
:1071D000C5FE022D7CD101F031FC074601F0FAFE1C
:1071E000002F00F088800620FFF7F8FC84E00028DC
:1071F000D8D14C4B1A78002A4FD04B4D18702B78B1
:10720000022B02D101F01AFC044601F05BFB08F0EE
:107210001DFA07F033FF0221012000F001FF08B939
:107220000AF09CFE2B78082B3AD8DFE803F03605ED
:107230000B12252525363600002006B0BDE8F041AA
:10724000FFF7F0BC4CB3052006B0BDE8F041FFF7F6
:10725000C5BC0220FFF7E6FC0022344C0421236861
:1072600083F88020324B18680BF021F8206806B0B4
:10727000BDE8F041FFF7C2BC0220FFF7D3FC1822A3
:10728000002168460DF0E0FA2A4B6946186802F0C2
:1072900011FB69460420FFF7CBFC06B0BDE8F08186
:1072A00006B0BDE8F0410AF059BE07F0E7FE79E705
:1072B0008442F2D33378204A022F1278DBB205D110
:1072C000042C03D1042B01D1032AE6D030781FE02F
:1072D00001F080FE082D20D8DFE805F00D0D1F0A13
:1072E000050A0A0D0D00154B1A786FF304121A7077
:1072F0000220FFF797FC002728463946FFF740FE9B
:107300003578EDB22846FFF739FC8442C5D32846CC
:1073100006B0BDE8F041FFF707BE0AF01FFEEAE73E
:107320001A4400211B4400211D440021743D00210A
:10733000703D00216C3D0021164400211C440021B9
:1073400008B5054B1B78062B01D00AF007FEBDE8F7
:1073500008400AF0AFBF00BF1D440021002070B5F7
:107360000CF04BFF224B1B7803F001031843C0B213
:1073700008B90AF0F3FD1F4B1B78022B01D00AF06D
:10738000EDFDEFF3108172B61B4A936801339360F1
:1073900081F310880CF02AFF00200CF02EFF044629
:1073A00000F0EEFF01281FD102200CF0D2FF0CF0FC
:1073B000EFFF124D044628460E4608F061F80123FF
:1073C000A0342B770E4B46F100062846C5E904464B
:1073D0002B6208F01DF808B10AF0C0FD094A1378C5
:1073E0000133DBB2137001E0002CE0D170BD00BFAF
:1073F000194400211D440021580E0021300E0021A7
:10740000356D00011744002108B51A4B1B78022B7B
:1074100001D00AF0A3FD184B1B789B0701D40AF09A
:107420009DFDEFF3108172B6144AD3680133D36027
:1074300081F3108800F0A4FF01280FD0022813D098
:1074400000200CF0DAFE98B100220D4B0D481A70A6
:1074500008F016F8BDE808400CF0C3BE0022084B47
:1074600008481A7008F00CF802200CF072FFE7E7E9
:1074700008BD00BF1D44002119440021580E002101
:1074800017440021300E00212DE9F843DFF8589110
:10749000564D99F800308046022B2C7901D00AF025
:1074A0005DFD042C55D8DFE804F0032507542300C4
:1074B00001240126274601E00424002622464146F5
:1074C0004A480BF0B1F810B33EB13946474802F0D4
:1074D000FBFD064628BB022F0ED000F0B7FE022CA3
:1074E0003FD0042C6FD0012C6FD1EC7C01343AE0FA
:1074F0000524E2E70224DCE73D4A3846137843F0EE
:10750000010313700CF025FF0BF0B9F8E5E700F06C
:107510009DFE20B12B6893F90030002BDFDC0126A3
:1075200007E000F093FE20B12B6893F90030002BA8
:10753000D5DC01F04FFD00210846FFF753FC99F818
:1075400000000AF024FE2B685B7803F00703022B8F
:1075500003D100242046BDE8F8833046FFF73EFB08
:10756000F7E72C7D0234E4B2214E3378580719D462
:10757000DFF88080D8F8003018782B6801305B780D
:107580004001990654BFA03000F530700CF0B2FEF7
:107590000746E0B13378D8F8000043F004033370B5
:1075A0000AF086FE3378DA07D4D52B685B789B0621
:1075B000D0D500F067FE0028CCD00C480BF066F860
:1075C0000D4B1860C6E76C7D90E70024CCE701F016
:1075D00001FD39463846FFF705FC084B01221968C2
:1075E00005200BF096F8DDE71D440021503D0021F9
:1075F0001C440021743D0021703D00214C3D0021C0
:1076000013B5114C2378022B01D00AF0A7FC0F4AC6
:10761000137823F007031370FFF71CFB2078002476
:107620000AF0B5FD01A8ADF804400AF005FF084ACC
:107630002146127801AB032001F04EFA0220FFF739
:10764000CDFA02B010BD00BF1D4400211C44002132
:107650001944002108B5054B1B78062B01D00AF010
:107660007DFCBDE80840FFF721BC00BF1D440021A0
:107670002DE9F047644EDFF8948135680AF0ADFDDE
:10768000634B644F18702B782B4413F8010C0AF0ED
:1076900072FE8000FF2828BFFF205F4B0622187073
:1076A000D8F80030404619780131C9B20AF0BCFF61
:1076B0008146002846D03B78D80743D40321404672
:1076C00002F002FD044680B94FF408700CF012FE7F
:1076D000002839D03B7823F0050343F005033B70C5
:1076E0000AF0CDFF30680AF0E3FD3B78D9072DD5CD
:1076F000EFF3108272B6494C63680133636082F322
:1077000010880AF072FD02460B46EFF3108172B644
:10771000C4E9122381F310880CF065FD3B78DA0789
:1077200026D43F4B18780AF032FD6B7803F007033C
:10773000022B5DD00022336883F8802000F092FE97
:1077400030603CE00424D0E70524CEE700F07EFD65
:1077500082460028CCD1324B18780AF018FD5046EA
:107760005146FFF73FFB2046BDE8F047FFF736BA2A
:10777000B9F1000FD5D0D8F800305B789B06D0D592
:1077800000F080FD0028CCD0264802F06FF81F489A
:107790000AF07CFF244F38600028C2D00320FFF796
:1077A00041FA224B1B78032B10D9386802F076F887
:1077B000C02101F08BFB20BB336883F880000AF006
:1077C00037FD2846BDE8F047FFF718BA042102202C
:1077D00007F062FD38B9EFF3108272B6A369013386
:1077E000A36182F310880022336883F88020E6E7E3
:1077F00000F02CFD014600289CD1BDE8F047FFF7C2
:10780000F1BABDE8F08700BF743D0021503D002172
:107810001E4400211C44002122440021580E002156
:107820001D4400214E530101703D00211A440021E6
:1078300030B51A4B87B01A78052A04D01B78042B70
:1078400001D00AF08BFB164D2B685A7812070AD428
:107850002C68204600F00CFCF0B1204607B0BDE8D3
:1078600030400AF083BC1C780CF071FD0134240117
:107870008442EDD901F0AEFB0AF0DAFC18220021B7
:1078800068460CF0E1FF6946286802F013F86A4682
:10789000042128680AF082FC07B030BD1D44002195
:1078A0006C3D002170B5164B1B78032B01D00AF0FC
:1078B00055FB144D2B685A78120707D428680AF034
:1078C000FBFC2868BDE8704004F0D8BA1C780CF0C6
:1078D0003EFD013424018442F0D90B4C266801F0AE
:1078E00079FB002223682868052183F880200AF0AC
:1078F000DEFC0AF09DFC3046BDE87040FFF77EB923
:107900001D440021703D0021743D002110B5094B3C
:107910001B78032B01D00AF021FB074B1C680023C6
:1079200084F880300AF084FC2046BDE81040FFF760
:1079300065B900BF1D440021743D002170B50AF0F7
:1079400054FC02460B46EFF3108172B6224EC6E994
:107950000E2381F31088214C2148217811F0080F63
:1079600010D06FF304112170016809784901D431F6
:10797000541A63F10005EFF3108372B6C6E90C45A3
:1079800083F3108800680AF018FC0446D0B1062082
:10799000FFF748F9FFF7DEF80446FFF7E5F801F0D6
:1079A00067F801F03BFE07F061FE01F03FF994B982
:1079B00000F058FD0B4B1860FFF7D6F8BDE870409B
:1079C00001F056B80AF034FC224621462046BDE8B4
:1079D0007040FFF7D9B970BD580E00211C4400213A
:1079E0006C3D0021743D0021F0B54B4E4B4D30688D
:1079F0002C688DB0002838D0BCB3637803F007033F
:107A0000022B32D1837803F03003202B32D101785E
:107A10006B4601310322C9B20AF0EDFD28B321788B
:107A200006AB013103222046C9B20AF0E4FDDDF8BD
:107A300018C09CF8023003F03003202B15D19DF8BC
:107A40000970FF2F11D09DF81F10009BFF290CD04B
:107A50009DF812209DF829E038B1D81905D072455B
:107A600003D161440CF060FD70B10DB0BDE8F04091
:107A7000FFF71CBA2378052BF7D1A3789A06F4D424
:107A8000E278C3789A42F0D10AF0AFFB02460B4687
:107A9000EFF3108172B62248C0E9102381F31088F9
:107AA00000272D68306885F8807001780622013142
:107AB00006ABC9B20AF09FFD50B3069A537803F0A3
:107AC0000703032B24D19DF82830FF2B20D0D35C53
:107AD000042B1DD16378DB061AD50220FFF7A2F82C
:107AE00039463846FFF77EF90AF077FB2B780446D3
:107AF0002B4413F8010C0AF03EFC8200FF2A28BF39
:107B0000FF2221462846D2B2FFF73EF90DB0F0BD64
:107B10000AF08EFBE8E700BF6C3D0021743D0021B8
:107B2000580E002138B5144B1B78042B01D00AF0F5
:107B300015FA124B1B789B0701D40AF00FFA0AF0D2
:107B400054FB0D46044601F06DFD07F08FFDEFF389
:107B5000108372B60A4AC2E90A4583F31088094BBA
:107B60001B78032B07D104200CF0F3FB064B1A788B
:107B70006FF304121A7038BD1D440021184400210F
:107B8000580E0021164400211C4400217FB5EFF35C
:107B9000108172B60C4A13680133136081F31088A8
:107BA0000AF046FB1822002168460CF04DFE074BF8
:107BB0006946186801F07EFE69460120FFF738F833
:107BC00007B05DF804FB00BF580E00216C3D00219A
:107BD00037B51F4D1F4C2B788342236838BF287060
:107BE0007F2B16D90CF0B3FBB0F5C07F2ED32268E3
:107BF000C009831EB3EBD21F4FEAD2108EBF002202
:107C00001846A2EBC312226003B0BDE8304001F079
:107C1000CDBA0CF0EEFA044620B103B0BDE8304016
:107C2000FFF75AB900F046FB0AF0E0FB0AF000FB50
:107C300028788DF804400AF0AFFB8DF8040000F0BE
:107C4000C9FA01A80AF07FFD00F05AFA03B030BD6E
:107C500023440021683D002108B50023074A084855
:107C60001370084A1370084A13700CF098FB0AF05E
:107C7000B6FBBDE808400AF0FBBC00BF1D44002174
:107C8000300E00211B4400211744002138B5054661
:107C90000AF013FB044668B1074B1A7842B11B780F
:107CA000012B05D0012228461146FFF71DFA044694
:107CB00000F0FCF9204638BD1D4400212DE9F041BB
:107CC00006460F46154698460AF0F7FA0446C8B12C
:107CD0000E4B1A78022A0DD01B78032B0AD0FFF71F
:107CE00019F8044630B1424639463046069BFFF744
:107CF00011FA04460DB12046A84700F0D7F92046F6
:107D0000BDE8F081002DFAD0A847F8E71D44002116
:107D10002DE9F047089F8146884616461C460AF022
:107D20007CFA054600286DD021463046374A0AF0D5
:107D3000B8FA002852D0012241464846FFF786F99A
:107D400000284AD0204601F091FD214630462F4AB6
:107D50000AF0A9FA00283ED000F018FBDFF8B0A026
:107D600094F805908AF800000CF038FB40B100F060
:107D70000DFB03283FD039D80138C0B2012837D8CD
:107D80004FEA49095FFA89F9224B234A83F80090A8
:107D90009AF80030D91E4B424B41117863F304111D
:107DA00011706079C0F10500C0B2FEF73BFF1B4BBC
:107DB00062881E601A4B1A8022791A4B1A706279F7
:107DC000E2B9A8F10503594259413046FEF74EFF8A
:107DD000A3791BB110B90AF02BFA00250FB1284680
:107DE000B84700F063F92846BDE8F0870428C7D0FB
:107DF0000AF0B4F8C4E74FF00209C5E7E279531C72
:107E0000DAB2DEE7002FEED0B847ECE79D210101A2
:107E100016440021184400211C4400216C3D00211F
:107E2000204400211F44002130B587B004460AF0E9
:107E3000F4F9054618B3174B1B78062B1DD1164BCA
:107E400022681B689A4218D100F010FA0246C8B99D
:107E500004210120FFF748F908B90AF07FF8182239
:107E6000002168460CF0F0FC6946206801F022FD14
:107E70006A46052120680AF05DFC00F017F92846E3
:107E800007B030BD6FF00103002204210120FFF78D
:107E900041F9E1E71D4400216C3D002170B5064623
:107EA0000D460AF0BAF90446A8B10122304611463F
:107EB000FFF7CCF8044660B1802D38BF8025002242
:107EC000064B07201D60064B1A70FEF7ABFEFFF74E
:107ED00003F800F0EBF8204670BD00BF683D0021BC
:107EE0002344002110B504460AF097F9012384F8D1
:107EF000803068B1074B1B7843B100F0A5FD28B175
:107F0000054B1C60FEF730FE00F0B2FD00F0CEF82D
:107F1000012010BD1B440021743D002138B50546E9
:107F20000AF07BF90446B0B10C4B1B781BB100F092
:107F3000C1F90AF05BFA0A4B1B78022B09D1012226
:107F400029461046FFF782F818B100210846FEF7CF
:107F500049FF00F0ABF8204638BD00BF1B440021AC
:107F60001D44002110B50AF058F9044630B1044B05
:107F70001B780BB10AF03CFA00F098F8204610BDCF
:107F80001B44002110B50AF048F9044668B1094BBA
:107F90001B7803F0FF0433B1074B1B78022B06D18B
:107FA00000F082FE044600F081F8204610BD002457
:107FB000F9E700BF1B4400211D44002138B50546E8
:107FC00000F09CFE10B90024204638BD0AF025F9C7
:107FD0000028F8D0094B1B781BB9002400F066F884
:107FE000F2E700F08BFE0028F7D000F095FE044683
:107FF0000028FAD00AF0F1F82870EFE71B440021BE
:1080000010B50AF00AF9044630B1044B1B780BB1E5
:1080100000F0CCFC00F04AF8204610BD1B440021C3
:10802000F8B505460E460024064F57F8043B33B119
:1080300031462846984718B10134042CF5D1012067
:10804000F8BD00BF5C4E0101F8B505460E460024A0
:10805000064F57F8043B33B131462846984718B1CC
:108060000134032CF5D10120F8BD00BF504E0101B1
:1080700070B505460024064E56F8043B2BB1284641
:10808000984718B10134032CF6D1012070BD00BF10
:10809000444E01010022034B1A70FF22024B1A705A
:1080A000704700BF254400212444002170B5134EC1
:1080B000EFF3108572B6337803F0FF0433B909F09B
:1080C0004DFFFF24347085F3108870BD013C14F01F
:1080D000FF04F7D107F068F920B185F3108807F0A5
:1080E00053F9E5E70121084607F0D6F810B108205A
:1080F00009F011FFFEF708FBE4E700BF254400216B
:1081000010B5074C23781B0601D509F027FF054B56
:108110001B780BB909F022FFFF23237010BD00BFAD
:10812000244400212544002110B5104B5C68C4F3A1
:108130000804BCB1E4B2A4F11002D3B252B2511D92
:1081400006DA09F00BFF0A4B04F00F04185D07E094
:10815000002AF8DB03F1604303F5614393F8000361
:10816000400910BD4FF0FF30FBE700BF00ED00E01D
:1081700014ED00E038B50446FFF7D6FF431C08BFF6
:108180007F20EFF3108572B6104A3CB913782BB1FB
:108190000F4B197843B249B2994206D11478013491
:1081A000E4B2012C147004D0012485F31088204619
:1081B00038BDFEF78DFA2146204607F06DF80028FD
:1081C000F2D0082009F0A9FEEEE700BF2544002107
:1081D0002444002110B5094C2378FF2B01D009F06D
:1081E000BDFE074B1B780BB909F0B8FEFFF79CFFEB
:1081F000431C08BF7F2040B2207010BD24440021E2
:108200002544002110494FF6FF720B4623F801293F
:10821000FE22DA70FF221A710022C3F805208A605C
:108220005A732D229A73DA7302221A745A22032186
:108230005A740122D9749A745975042205211A7549
:108240009975DA75704700BF27440021024B587CAE
:1082500000F00100704700BF26440021024B5A7C09
:1082600060F300025A74704726440021014B987C49
:10827000704700BF26440021014B9874704700BF2F
:1082800026440021024B587CC0F34000704700BFD9
:1082900026440021024B587CC0F38000704700BF89
:1082A00026440021024B5A7C60F382025A747047C4
:1082B00026440021014B587CC00870472644002109
:1082C000024B5A7C60F3C7025A747047264400215F
:1082D000014B93F90000704726440021014B1870B0
:1082E000704700BF26440021004870472744002102
:1082F0000288024BA3F80120704700BF26440021EA
:10830000004870472B4400210368034AC2F8053037
:108310004368C2F80930704726440021004870477E
:10832000294400210288024BA3F80320704700BFB4
:10833000264400210378012B0BD004D9023B012BEA
:108340000ED909F00BBE0022084B5A7342789A737B
:108350007047064A53738378D373C3781374704796
:108360000268024BC3F80D20704700BF264400216D
:10837000024BD3F80D300360704700BF2644002144
:10838000014BD87C704700BF26440021014B187D6B
:10839000704700BF26440021034608289BBF024ABD
:1083A000012000205375704726440021014B587D61
:1083B000704700BF26440021034608289BBF024A9D
:1083C000012000209375704726440021014B987DC1
:1083D000704700BF26440021014BD875704700BF8D
:1083E00026440021014BD87D704700BF2644002160
:1083F00038B50446CD25FDF7D5FF04FB04F20E4B3E
:1084000004FB02F1634305FB01330C4901FB02331A
:108410000B4A02FB00330B4A1A4482EAE273A3EBD5
:10842000E27303F500139B0D002AB8BF5B425BB2F9
:10843000181B40B238BD00BF0AD76300CC5DFFFFF8
:10844000CDCCFCFF333333FE00230121044A01333A
:10845000102B82F8801002F18102F8D1704700BF22
:108460003E440021074A0023114692F8800018B1CB
:1084700003EBC313C81870470133102B02F18102BC
:10848000F3D170473E44002130B50446044D0FCD72
:108490000FC40FCD0FC495E80F0084E80F0030BD66
:1084A000780E002110B5074C23784BB90121142018
:1084B000054A09F024FD142009F02DFD0123237045
:1084C00010BD00BF4E4C0021A523010108B5F7F7F0
:1084D0007BFE0122054B1A61D3F8002222F4803280
:1084E000C3F80022BDE8084001F092B900C0004185
:1084F000002808B5D4BF00230123054AC2F800357F
:10850000FBF7B1FB034BC0B2C3F80C0508BD00BFBD
:10851000004000410080004110B5094CD4F8003201
:1085200023F48033C4F8003208B1F7F74DFEF7F7B3
:1085300045FE01F06DF909F064FF0123236110BDD0
:1085400000C0004110B5094C207809F03DFF2078AB
:10855000FFF7E2FF064A074BC2F808330023C2F8D0
:108560000032054A1371537010BD00BF514C0021F9
:108570000080004113000608524C0021074BD3F83D
:10858000502502F0F702042A06D00022C3F8102179
:10859000D3F8102101221A61704700BF008000410A
:1085A00010B50021042001F0BDF80023074CC4F8E9
:1085B0000032FFF78BFF4FF4C023C4F808330123C8
:1085C0002363BDE81040FFF7D9BF00BF0080004122
:1085D00008B50021042001F0A5F8FFF777FF4FF45C
:1085E0000042064BC3F808230022C3F800220122F0
:1085F0009A62BDE80840FFF7C1BF00BF008000419C
:1086000008B501F0BFF830B90122034B1A61C3F875
:108610001001D3F8103108BD0080004108B50021D9
:108620000748F7F7C5FD50B9064AD2F8003243F4BF
:108630008033C2F80032BDE8084001F0DFB808BD61
:10864000AC4E010100C0004113B501A8FFF790FE38
:108650009DF805009DF8044009F09CFE9DF8073048
:108660009DF806201B0643EA02432343034A43EADC
:108670000023C2F86C3602B010BD00BF008000417C
:1086800010B500EB80040B380F2804F62E140CD91B
:1086900009F064FCB4F5166F07D2A4F6381444F45C
:1086A0008074034BC3F8084510BDA4F51664F8E7C1
:1086B0000080004110B5184B184A1B681848B3FBDE
:1086C000F2F33222534300229A421ED109F046FCB3
:1086D00009F097FE09F06EFEF7F776FD114A43F2B6
:1086E0001340D2F80032082423F48033C2F8003259
:1086F00000230D4A0A491370C1F808030B48C0F85B
:108700000843C1F80032537010BDD0F85015C9B2FB
:108710000029DDD00132D7E7B000002140420F0030
:108720000080004100C00041524C00210040014146
:1087300010B50021042000F0F5FF43F202030B4CBA
:10874000C4F80833F7F740FD01F062F8084BD3F89E
:10875000002222F48032C3F8002201221A61002391
:10876000044AC4F80032537010BD00BF00800041BD
:1087700000C00041524C00210023064A1370064AF3
:108780001360064A1370064A1360064A1360C2F863
:1087900003307047594C0021803D0021514C00218D
:1087A0007C3D0021524C002137B53C4D2B780BB15C
:1087B00009F0D4FB01213A4B3A4C1961D3F8042556
:1087C000394822F00302C3F80425D3F8082542F003
:1087D0000302C3F808250422C3F810250023C4F8B7
:1087E000FC3FC4F8FC1FDA0002F1FF7202F5803290
:1087F000D2F8001301330140A14202BFD2F80013A6
:10880000D2F804230A60202BEDD10F23C4F81035D1
:10881000264B01A8D3F88430C4F88835002301938F
:10882000F7F7B4FC019BDB0709D5D4F88425204B6E
:108830001A6001221F4B1A701F4BC4F88435194C63
:108840001E4BC4F814357F23C4F818350123C4F82F
:10885000503640F20223C4F83435194BC4F8383589
:1088600000F0E4FEFFF7F0FEFFF724FDFFF708FF3E
:1088700009F07BFC082009F04EFBD4F800320BB164
:1088800009F06CFB00210720F7F7B0FC0320F7F795
:10889000A1FC01232B7003B030BD00BF594C002157
:1088A00000C000410080004100F0FFFF0000FF0118
:1088B000783D00214F4C0021081B084008000006AD
:1088C0002110010010B5314C2378002B4AD0304ADA
:1088D000304B117829B130490968C3F8841500215B
:1088E00011700022C3F8FC2F2378013B0B2B49D8D1
:1088F000DFE803F0080806083940453948483908D8
:1089000009F058FD00F0B4FE0820FDF7F1FC082244
:10891000224BC3F808230022C3F80C21D3F80C31F2
:108920001F4BD3F8002222F44032C3F80022012268
:108930001A61A3F58043C3F8FC2FF7F745FCF7F75E
:108940003DFCF7F759FC2378012B04D00320F7F7FF
:1089500041FCF7F721FC0023124A23701370537077
:108960005371137110BD0021042000F0DBFE00F0F4
:108970004FFFC7E70C4B187809F026FDF7E700F02A
:108980002BFFBFE709F0EAFABCE700BF594C002112
:108990004F4C002100800041783D00210040014102
:1089A00000C00041524C0021514C002110B5224C16
:1089B00023780BB909F0D2FA2378033BDBB2082BFA
:1089C00009D8012040F2131200FA03F3134203D135
:1089D00013F02C0F28D110BD00200BF00EFC012845
:1089E00007D002280DD00028F5D0BDE8104009F0CE
:1089F000B5BA00200BF003FC0BF0F1FB0028EAD124
:108A0000F3E72278072AD3B20AD006D8033B012B1A
:108A1000EBD8BDE810400BF0EEBB0B2BDBD0E4E74E
:108A2000BDE810400BF0E8BB0BF0E7FB0028D2D00C
:108A30000128DAD1DEE700BF594C0021014B18783C
:108A4000704700BF524C002108B5074B07491B78FF
:108A50004878032BDAB203D0052A01D008B90020E8
:108A600008BD09F07BFAFAE7594C0021524C00216D
:108A7000134B70B50446186000B3124E7578BDB143
:108A8000114B1B78032BDAB214D0052A14D009F04D
:108A900065FA0022002373700C4BC3F80445C3F839
:108AA0000022D3F85025D2B2022A01D101229A60C5
:108AB000284670BD064AEDE7064AEBE70546F7E7AC
:108AC0007C3D0021524C0021594C00210080004186
:108AD00050001800100018002DE9F0474FF0010A6F
:108AE000154603224FF000099846464B464CC3F802
:108AF00010A0464B84F801901A70C5F34003A37090
:108B000084F8009084F8059084F80690064698F959
:108B100000000F46FFF7ECFC3D4A3E4B1168002970
:108B200061D0126884F80190C3F804253A4AC3F86A
:108B300000220EB909F012FA0023364CF600C4F8F0
:108B40006065C4F83431D4F83421C4F82831D4F83D
:108B50002821C4F83031D4F83021012FC4F8043171
:108B6000D4F8042105BFC4F80031D4F8003143F231
:108B7000024443F2034415F0010038D00C2000F009
:108B80004FFE0022234BC3F86821D3F86831234BF2
:108B9000C3F80C21D3F80C210822C3F804231D4B81
:108BA0000021C3F804431E48F7F702FB154B18BB1E
:108BB000D3F8404598F80100F7F712FB194B1C60F9
:108BC000FFF7F4FE0F4A3946D2F80032042043F48E
:108BD0008033C2F80032012200F062FD87B9BDE89F
:108BE000F047FFF70DBD104A84F801A09FE70BF096
:108BF00004FB0028C2D1D2E70124C3F84045D9E7DD
:108C0000BDE8F08700C00041524C0021594C0021C2
:108C10007C3D0021008000415000180000400141CF
:108C2000AC4E0101803D002150001000052210B51E
:108C3000184B19491A700868184A194B28B30020B4
:108C400050700A68C3F80425164A0024C3F80022AD
:108C5000C3F80441D3F80421C3F83041D3F83021DC
:108C6000C3F83441D3F8342143F20202C3F8042399
:108C7000FFF7D4FCFFF79AFE22462146042000F0BD
:108C80000FFDBDE81040FFF7BBBC012151704FF054
:108C90001012DAE7594C00217C3D0021524C002192
:108CA000008000411000180038B5104B1B78032BD2
:108CB0001AD10F4CD4F85035023BDBB2012B13D83C
:108CC0000C4DAB793BB90C4B4FF4707043F0010382
:108CD00098470123AB7100230120C4F81C31D4F85C
:108CE0001C316061687138BD0020FCE7594C0021DF
:108CF00000800041524C0021504A0101014B58793B
:108D0000704700BF524C0021024BD3F8480500F0D9
:108D10007F00704700800041034BD3F81C010038EE
:108D200018BF0120704700BF008000412DE9F84FB7
:108D30000E4601219846594B9DF82890196106214D
:108D40001546003A18BF012200278346544BDFF82E
:108D500054A11970544B8AF803701A70534B98F948
:108D60000000534C1D70FFF7C3FB012DC4F804B580
:108D700031D9504BC4F8003200F0CAFCC4F86C7111
:108D8000012ED4F86C3105D1C4F80071D4F800314B
:108D9000494C01E04FF000640022454B19F0020FEE
:108DA000C3F84821D3F848111BBFC3F84421D3F8B6
:108DB000442144F4802444F4C02419F0040F1ED04C
:108DC0000022C3F80021D3F80031012344F001044C
:108DD0008AF8033013E003D1384BC4F80032CDE7F2
:108DE0004FF4A013012EC4F80032C4F86C71D4F80B
:108DF0006C3128D1C4F80071D4F800312E4C002712
:108E00002B4B44F00204C3F80471D3F804218AF810
:108E10000470C3F8044398F80100F7F7E1F945B38B
:108E200027492848F7F7C4F9014678B92448F7F7E5
:108E3000B9F91A4AD2F8003243F48033C2F800324A
:108E400000F0DCFC08E04FF00064D8E739461C482D
:108E5000F7F7A8F90028ECD0FFF7A8FD04250022B9
:108E60003146284600F01CFCAEB9BDE8F84FFFF7CC
:108E7000C7BB29461448F7F795F910B1FFF796FDDF
:108E8000EDE7064AD2F8003243F48033C2F80032EC
:108E900000F0B4FCF2E7BDE8F88F00BF00C000416D
:108EA000594C0021524C0021514C0021504C0021C2
:108EB0000080004100181400010000080038140070
:108EC000844E0101AC4E0101984E01012DE9F041A3
:108ED0003A4D07462B780C46042B01D009F03EF89A
:108EE0000FB909F03BF807233F2C2B70344D04D801
:108EF00001232B610020BDE8F081324B14221E6853
:108F00004FF4A0132644304CA6F13F08C5F8448521
:108F1000C4F804750027C4F80032C4F85471D4F8BA
:108F200054312A4B394618460BF08EFC052239463F
:108F3000173E45600274C660F7F734F9D5F8003281
:108F400098BB43F48033C5F80032FFF72FFD0023B0
:108F5000C4F86C31D4F86C21C4F80431D4F804316D
:108F600000F026FC0122164B174CDA64D3F84C258E
:108F7000D3F84035904503D9984519D9934217D372
:108F800009F03FFAD4F85035DBB2092B10D0D4F8F1
:108F900054316BB900F020FCF7F710F90120F7F716
:108FA00019F90122064B1A61A4E743F40033CAE71A
:108FB000074B0120C4F804339DE700BF594C002142
:108FC00000C00041803D002100800041843D00211F
:108FD00002000008F8B5424C23780C2B7CD8DFE85F
:108FE00003F00D0D070E2D314A60757B7B780D0067
:108FF00010223C4BC3F808230C232370F8BD09F062
:10900000D9F9F7F7E1F8384943F21345D1F80032BE
:10901000082623F48033C1F8003200233148334A54
:109020001370C0F80853324DC5F80863C0F8003219
:109030005370FFF7A3FA01230B61DDE701222A4BEE
:109040001A61D9E70021042000F06CFB43F202030F
:10905000244DC5F80833F7F7B7F800F0D9FB2249DB
:10906000224AD1F8003223F48033C1F800320023C1
:10907000C5F80032DCE700261E4F1A4D387809F09B
:10908000A3F9C5F800623878FFF746FA1A4BC5F81D
:109090000833164B1E715E7001232B63FFF76EFAC7
:1090A000AAE700F099FB00230E4DC5F80032F7F750
:1090B00085F80D4BD3F8002222F44032C3F8002289
:1090C00001221A610D4BC5F80833E7E7FFF768FA8C
:1090D00092E7FFF77DFA8FE7BDE8F84008F03EBF62
:1090E000594C00210080004100C00041524C002139
:1090F00000400141514C0021130006080200000805
:1091000008B50F4A1378013B0B2B07D8DFE803F0B3
:109110000815060A060606060606060D08F01EFFD6
:1091200000200BE00121074B196102231370FFF7A8
:1091300025FA1022044BC3F80423012008BD00BF08
:10914000594C002100C000410080004110B5154C71
:109150002378012B04D023780C2B01D008F0FEFEDD
:1091600008234FF42052237000240F4BC3F8002231
:10917000C3F84841D3F84821C3F84441D3F8442107
:109180004FF4C022C3F80423FFF748FAFFF70EFCA0
:1091900022462146042000F083FABDE81040FFF784
:1091A0002FBA00BF594C00210080004138B5174D3F
:1091B00004462B780C2B04D02B78012B01D008F01F
:1091C000CDFE0B23013CB4F5001F2B7001D308F03A
:1091D000C5FE0F4BC4F31404C3F864464FF40042B9
:1091E0000024C3F80022C3F83C41D3F83C11C3F873
:1091F0000423FFF713FAFFF7D9FB22462146042088
:1092000000F04EFABDE83840FFF7FAB9594C00219A
:109210000080004170B509F053F8994BD3F804234E
:10922000150714D5974AD2F8681181B10021C2F808
:109230006811D2F86821C3F80C11D3F80C31924BA5
:109240001B78032B01D008F089FEFEF787F88D4BC1
:10925000D3F80423D40718D5D3F80021AAB10022EB
:10926000C3F80021D3F800210122C3F8082309F034
:10927000C7F8854B1B78032BDAB206D0062A1ED11D
:10928000824BDB780BB108F0F4FF7E4BD3F804235C
:1092900090071CD5D3F80421CAB10022C3F80421D9
:1092A000D3F804211022C3F80823774A1278033A2E
:1092B000042A5ED8DFE802F0065D484E570008F049
:1092C0004DFEE2E7714B9B780BB1FEF79DF86D4BBD
:1092D000D3F80423510520D5D3F82821EAB1002280
:1092E000C3F82821D3F82831674B1B78032B01D012
:1092F00008F034FE0122654B624D1A70D5F8343106
:109300005BB9D5F86045C4F3C7042046FEF7BCF846
:1093100084423CBFC000C5F860055A4BD3F8042313
:10932000920432D5D3F834217AB30022564CC3F8D4
:109330003421D3F834312378032BDAB21CD0052A38
:109340003AD008F00BFE20E00122504B5A71FDF795
:10935000F7FFBCE70222C3F8082301224B4B1A7126
:10936000FEF766FAB3E70222C3F80823FEF79AFA7B
:10937000ADE708F0F3FDAAE7FFF79CF90122444BA3
:109380001A610C232370FEF73BF93E4BD3F80423FC
:10939000D60421D5D3F83021F2B100223A4CC3F8DB
:1093A0003021D3F830312378032BDAB20BD0052AE1
:1093B00029D008F0D3FD0FE0FFF7BAF90C23237092
:1093C000FEF748F9E1E70122304B5A71FFF772F9D5
:1093D00004232370FEF74CF92A4CD4F804331D0102
:1093E0001ED5D4F86C31DBB10026274DC4F86C6172
:1093F000D4F86C312B78062BDAB20BD0072A27D0A1
:1094000008F0ACFD0CE0FFF793F90C232370FEF796
:10941000EBFAE1E7FFF796F80C232B70FEF78EFAD4
:10942000184BD3F80423D40639D5D3F81021B2B39E
:109430000022154CC3F81021D3F8102121780329FC
:10944000CAB22CD028D8022A5CD008F087FD26E0CA
:1094500000F0C2F9C4F80062F6F7B0FE0C4BD3F886
:10946000002222F44032C3F8002201221A61094B83
:10947000C4F808330C232B70FEF748FAD0E700BF7E
:109480000040014100800041594C0021524C002114
:1094900000C0004112000008063A012AD5D84B4B03
:1094A000D3F80423900315D5D3F8442192B10022B8
:1094B000474CC3F84421D3F844312378062BDAB261
:1094C0002DD0082A2ED1FFF76BF80C230120237032
:1094D00008F0C2FE3D4BD3F8042351034DD5D3F819
:1094E0004821002A49D00025394CC3F84851D3F807
:1094F00048312378062BDAB217D0082A5ED008F05C
:109500002DFD3AE010220320C3F80823F6F762FE8F
:10951000F6F742FE0123237008F09BFEBFE7FEF73B
:1095200001FBD7E708F01AFDD4E72A4B1B780BB9EB
:1095300008F014FD284A1378012B18D91378013B41
:10954000DBB213701378012BDDB216D100F012F9E3
:109550001E49224BC1F80032D1F848316BB10D637E
:10956000FFF70CF80023C1F84831D1F84831FEF775
:10957000E9FF0C232370FEF709FB144BD3F80423F7
:10958000120417D5D3F83C21A2B10022104CC3F825
:109590003C21D3F83C3123780B2B01D008F0DEFCC2
:1095A0000A4BD3F86856FFF713F80C23E8B2237080
:1095B000FEF70EFBBDE87040FEF778BDFEF7F0FF4A
:1095C0000C232846237008F047FED6E700800041B0
:1095D000594C0021514C0021504C002100381400FE
:1095E00010B5EFF3108472B6094BD3F804231207B9
:1095F0000AD5D3F80C213AB100220820C3F80C2177
:10960000D3F80C31FCF764FE84F3108810BD00BF62
:1096100000400141004870477C4E010100487047FE
:10962000744E0101004870476C4E01010E4B0F4A09
:10963000C3F89021033AC3F880210132C3F8842192
:109640000132C3F88C210632C3F8EC21033AC3F887
:10965000C4210532C3F8C8214DF2F02203F5E043DE
:10966000C3F80425704700BF008000410700008058
:109670004DF2F022094BC3F808250022A3F5E04380
:10968000C3F8C421C3F8EC21C3F88C21C3F88421AA
:10969000C3F88021C3F89021704700BF00F000415B
:1096A00030B50024134BC3F83C41D3F83C41124C75
:1096B000D4F8005845F48065C4F800580F4D0544AF
:1096C0000F482860C4F884000E4C12B10E4AC2F84C
:1096D00080404FF48062C3F8BC01C3F8BC40064B25
:1096E0000129C3F8042502BF084AA3F5E043C3F8E3
:1096F000902030BD0040014100F0004180800041D9
:109700000A0000800700008000C000410F000080B8
:10971000024B034AC3F8AC20704700BF00800041F1
:109720000E0000804FF480630E4A30B5C2F8083551
:1097300000230D4D0D4CC5F8BC3123500C48C0F82A
:109740009030C2F88430D2F8000820F48060C2F86B
:10975000000819B1A2F54052C2F88030C5F8BC30FB
:1097600030BD00BF00F00041004001418080004159
:10977000008000410022024BC3F8AC20704700BFBC
:109780000080004108B5084BD3F85035DBB243B92F
:10979000064B08F036FED3F83C01003818BF012014
:1097A00008BD0120FCE700BF0080004100400141EE
:1097B000064B074AC2F8803002F58042C2F8C43135
:1097C0004FF48062034BC3F8042570470A00008001
:1097D0000080004100F000414FF48062054BC3F867
:1097E00008250023044AC2F8803002F58042C2F8FE
:1097F000C431704700F0004100800041024B034A31
:10980000C3F88020704700BF00C0004107000080FF
:109810000022024BC3F88020704700BF00C0004107
:10982000074A084BC3F8E82103F5404380331A5038
:109830004FF48072A3F5A143C3F80425704700BF1D
:1098400008000080008000414FF48072064BC3F88E
:1098500008250022A3F5E043C3F8E82103F54043BF
:1098600080331A50704700BF00F000410023074AC0
:109870001360074A1370074B18B91870064B18701D
:109880007047027840781A70F8E700BF983D0021D1
:109890005C4C00215B4C00215A4C0021034B1A68A0
:1098A000034B002A18BF1846704700BF983D00219F
:1098B0005D4C002138B504460D4609B908F04EFB51
:1098C0000E4A0F4B10780F4A1B7812682B70687085
:1098D00092B10D490A780132D2B240B123B120468B
:1098E000BDE838400AF089BF084B1A78F7E71BB18A
:1098F000064B1B78D21AF2E738BD00BF5A4C002144
:109900005B4C0021983D00215D4C00215C4C002106
:1099100010B5044686B01822002168460AF094FF6C
:10992000054B6A461B882146ADF80030034B18688A
:1099300008F000FF06B010BDE14C00219C3D002165
:1099400030B5012589B0FCF785FC204B20221C781E
:109950004FF4A07305FA04F4013C0440002168466A
:10996000E4B25C430AF070FF0AF012FD02238DF8A6
:109970001130174B001905936FF0020341F10001FC
:10998000CDE900010693FEF701FD022817D004D8A7
:10999000A84209D008F0E2FA09E00338C0B2012871
:1099A000F8D88DF8105002E004238DF81030684686
:1099B00005F0CAFB08B908F0D1FA09B030BD054B73
:1099C0001B78002B14BF04230123EEE7E34C002196
:1099D000919A0001E44C002110B5044601216FF07A
:1099E00002000AF089FC54B9FEF7FCFC044B1B781A
:1099F000834204D3BDE810400120FFF789BF10BDAA
:109A0000E44C0021BFF35F8F084AD2E84F3FDBB23E
:109A1000834203D0BFF32F8F00207047C2E8431F5B
:109A2000002BF2D1BFF35F8F01207047DD4C002186
:109A300010B501210220FFF7E5FF08B9012010BD94
:109A4000104C237801332370FEF7C0FC0E4A1378C4
:109A5000984284BF01331370FEF7C4FC23780024BE
:109A600083420AD9094B214601201C60FFF7CAFF37
:109A70000028E3D108F072FAE0E7FFF761FF204623
:109A8000DDE700BFE44C0021E34C00219C3D0021B8
:109A90001FB5C31C044601D008F060FA0221012062
:109AA000FFF7B0FF68B31A4B1C78FEF76FFC4CB998
:109AB000022807D104216FF002000AF03BFC08B92C
:109AC00008F04CFA134B00201B88134AADF80830FD
:109AD000124B03211B88ADF80E00ADF80A30104B75
:109AE0001B788DF80C3001238DF80D300D4B009351
:109AF000126802AB08F0AEFE08B9FFF799FF04B098
:109B000010BD0121204604B0BDE810400AF0F4BBAE
:109B1000E44C0021E14C00219C3D0021DF4C002160
:109B2000DE4C0021D999000170B506460C460AF0BA
:109B30002FFC02460B46EFF3108172B61648C0E9BF
:109B4000082381F3108801210020FFF75BFF08B98B
:109B500008F004FA2379D3B16579104B22881E608E
:109B60000F4B1A8000220F4B1A70FEF71FFC0E4B92
:109B7000E17818700D4B0E4A1D70A378284643EA11
:109B8000012108F045FCFFF7DBFE012070BDFEF768
:109B900091FB0546E1E700BF580E00219C3D0021E6
:109BA000E14C0021E44C0021E34C0021DE4C00217B
:109BB000DF4C0021012908B501D9012008BDBFF300
:109BC0005F8F0A4B1A78BFF35F8F002AF5D0002809
:109BD000F4D0BFF35F8F03221A70BFF35F8F0021B1
:109BE0006FF002000AF088FBE7E700BFDD4C0021C0
:109BF00070B5124AA1F10803012B04460D46166800
:109C00000BD8B04207D100231360BFF35F8F0C4A1B
:109C10001370BFF35F8F012070BD00210320FFF799
:109C2000F1FE28B1B442F6D02846FFF771FEF2E704
:109C3000B442F0D1BDE87040FFF7FABE9C3D002170
:109C4000DD4C0021064A1368834207D100231360CC
:109C5000BFF35F8F034A1370BFF35F8F012070471C
:109C60009C3D0021DD4C0021024608B507484368B1
:109C7000C16D9A4205D18A4201D108F06FF90348BB
:109C800003E058308A4218BF002008BD000F0021B1
:109C900030B50C4C0546636887B0043302D008F039
:109CA0005DF9002465B91822294668460AF0CCFD02
:109CB000A38A6A4607212069ADF8003008F03AFD12
:109CC00007B030BDA80E002113B5184C6368984248
:109CD00002D008F043F9002404220221204608F0B3
:109CE000B9FB08B908F03AF9114B0521009301209E
:109CF000226904F1140308F0ADFD012160680AF047
:109D0000FBFA60B908F02AF901220421204608F084
:109D1000A1FB40B902B0BDE8104008F01FB94FF0F8
:109D2000FF336360F0E702B010BD00BFA80E002152
:109D3000919C000170B500254FF0FF360D4C04F1E9
:109D4000100005F09DFB024678B90A20616808F012
:109D5000E0FC08B908F002F90122042120466660FF
:109D600008F078FB08B908F0F9F8583405B170BD6F
:109D70000125E4E7000F002170B50546EFF31086DA
:109D800072B61B4808F0D5FA0446194808F0D7FA0D
:109D900086F3108824681CB9BDE8704008F0DEB86E
:109DA000EDB1FFF7C7FF0AF0F3FA02460B46A16BCD
:109DB0000020891843F10005C4E908150121C4E910
:109DC0001023A46284F8480084F82C1084F8490019
:109DD00004F1100005F01CFB0028DDD170BD2A46FF
:109DE0000720616808F095FC0028F7D1D4E700BF90
:109DF000A83D002173B50546FFF736FF044600284D
:109E000043D00422022108F025FBA0B901212846F5
:109E10000AF072FA08B908F0A1F84FF0FF330122F6
:109E200004212046636008F015FB70BB02B0BDE85A
:109E3000704008F093B8EFF3108672B6194808F036
:109E400087FA08B108F08AF8164808F063FA046047
:109E5000144808F065FA86F31088FEF72BFA94F898
:109E60005030984213D163680521009301230E4AB4
:109E7000184608F0C0FC0121064628460AF03CFAC4
:109E800008B908F06BF8002EC7D002B070BD1846B4
:109E9000FEF716FA052008F087FD0028E3D1FFF74A
:109EA0006BFFB3E7A83D0021799D000170B5012645
:109EB0004FF0FF350B4C042308220B490B4808F0E8
:109EC0000BFA04F11000267065600AF068FA04F1DC
:109ED000680084F85860E5650AF061FA044B1E706A
:109EE0005D6070BD000F0021A03D0021A83D002154
:109EF000A80E00212DE9F041012188B080462548B7
:109F000016461F460E9D08F0BFFA044600283FD0B3
:109F1000AB78002B39D1B6F5C8764FF00003C4F802
:109F2000108023722B8804F11602A3822B796979A1
:109F3000E87843EA012147F1FF3708F069FAAB7886
:109F40004FF4B47163760123A376AA796846E2766A
:109F5000EA7822766FF003026260039104218DF8A3
:109F600008308DF812300C4BCDE90067CDE9053291
:109F7000ADF8101005F0E8F8054610B9204608F0D5
:109F8000D7FA284608B0BDE8F081B6F50976C4E7EF
:109F90000546F6E7A80E0021C99C00012DE9F04313
:109FA00089B0DDF84080054640460E461746994682
:109FB000FFF75AFE20B10025284609B0BDE8F0831E
:109FC0000221174808F060FA04460028F3D0154B28
:109FD000012203634FF491730272C0F8048003936B
:109FE00040F20113B5F5A575ADF8103007F5A5776A
:109FF0000D4B876380F8509046F1FF366846CDE9F7
:10A000000056CDE905388DF808208DF8122005F0AE
:10A010009BF805460028CFD1204608F089FACBE707
:10A02000000F0021B1240101F59D000110B5094C7C
:10A03000002160680AF060F950B14FF0FF3301224F
:10A0400002212046636008F005FA10B907F086FF88
:10A05000002010BDA80E002108B5064B1A78042A6E
:10A0600003D093F85830042B02D110B1FFF762FEF1
:10A07000012008BD000F002130B5124B01781A787D
:10A0800087B0042A0CBF1C46002413F8582F013156
:10A09000042A08BF1C46C9B26B460122054608F0D7
:10A0A000AAFA68B164B10AF073F9C4E910012B7817
:10A0B00084F84830009B5B78C3F3401384F8493040
:10A0C00007B030BD000F00212DE9F34103680446BD
:10A0D000C8070F465D789E7893F800802FD52379C6
:10A0E0000BB907F03BFFA8F10508B8F17A0F00F2B1
:10A0F0008F8005F00705052D06F0300614D01ED818
:10A10000042D13D0302E11D0202E30D00ED823683D
:10A110009B78190703F00C0211D43AB9FEF7BAF88C
:10A1200040B93DB1032002E0002EF0D0012002B082
:10A13000BDE8F081236893F90230002BF6DABB0703
:10A1400053D52379012B01D807F008FF2668A2799F
:10A150007778FF2AE57907F007070CD1FF2D2FD17B
:10A16000FEF798F8002840D1002F3ED0DAE7E37CD4
:10A17000FF2BE4D1DAE7FF2D2DD035441644FEF74E
:10A18000B3F80222014630460AF0CEF9B0B1214BB5
:10A190000222B3F80080304601A9ADF804800AF02D
:10A1A000C3F958B1002FBDD1FEF79EF802226946CF
:10A1B000ADF800800AF0B8F90028B3D10DB9CFE7A7
:10A1C0003544647C022C08D0082C1CD0002CC7D04D
:10A1D00007F0C4FEAAE70025D0E7FEF79FF8224665
:10A1E000014628460AF0A0F908B900209FE7224658
:10A1F000084B01A91B88ADF8043028460AF094F9F1
:10A2000000288FD1F1E7FEF77BF822460146F4E7FC
:10A2100009208CE73C4A01012DE9F04704460E462F
:10A220002779062F00F20E81DFE817F007007D0086
:10A2300087008D00BB00C1001301002E78D0637928
:10A24000022B75D922689078517800F00105C5F18C
:10A25000040310F0200FDBB200F00C0C1DD1BCF198
:10A26000000F29D191787C4811F00C0F18BFE371D1
:10A27000917801F00C01415CFF2959D00B44DBB20D
:10A280006174E374917850788D06C0F3801020D407
:10A290003F2926D980F001013BE0BCF10C0FC1F34E
:10A2A00080110ED100F0C00CBCF1C00F02D181F0C2
:10A2B00001010BE03F28FAD9C5F10605A371EBB205
:10A2C000D0E73F28CBD8BCF1000FF0D10029F3D163
:10A2D000C8E701F00C050C2D15D101F0C005C02D0B
:10A2E000D6D191783F2988BF6372927802F0C0027C
:10A2F000802A14D0C02A14D0D2B913442375012364
:10A30000A27423718CE73F29EBD980F00101002D65
:10A31000C0D10029E5D023720233DBB2E1E702228B
:10A32000EBE70822E9E76279E37C9A4280F08F80CC
:10A33000BE428CBF0020012087E06279237D9A42D3
:10A34000F6D30323DDE7032EF2D92268237D51786B
:10A350000D0702D463750423D3E761799942E7D9E5
:10A36000A372D118D25C5D1C9006EDB25EBFE5729F
:10A370000533DDB20B7813F0180FC3F3C1000AD018
:10A3800008F030F9257310B165730544EDB2A5737B
:10A390000135A075EDB2204608F008F92B46E075AE
:10A3A000D8E76279637D9A42C2D30523A9E7052ED7
:10A3B000BED9D4F80090627999F8003094F81580ED
:10A3C000591C9142B4D11A06B2D499F802309B07B5
:10A3D00021D584F80F8099F800502046013DEDB258
:10A3E000FF2D0CBF00254D4408F0E0F809EB080AEA
:10A3F0002D1A2946504608F0C7F860B99AF800307F
:10A4000003F07F0302339A44554591D30BD1A5EB5A
:10A4100009055FFA85F899F80030013BDBB2434546
:10A420000DD106236DE7504608F0AEF80028E0D0C5
:10A430000AF10208A8EB09085FFA88F8EBE784F84C
:10A440001080EEE707F08AFD0020BDE8F0870223C8
:10A4500057E70120F9E700BF505301010020044BEA
:10A4600083F8210083F8450083F86900704700BF36
:10A47000B43D00212DE9F843044608B907F06EFD0C
:10A48000E568002D52D12379032B51D82B4FA846D4
:10A490003E4604F104094946384608F0CDF8002844
:10A4A00048D108F10108B8F1030F07F12407F2D1F0
:10A4B00096F8213043B196F84530002B34D096F809
:10A4C0006930002B38D1022524236B43226806EB28
:10A4D000030C02F1100E674610685168083203C77A
:10A4E0007245BC46F7D12421227901FB056103F1B5
:10A4F0001000531E022B4A7696BF92000022033AA8
:10A50000A16830440AF079F9242303FB056322692A
:10A51000DA61227D83F82020BFF35F8F01220020C3
:10A5200083F82120BDE8F8830125CDE70420F9E771
:10A530000520F7E70320F5E70120F3E7B43D00210C
:10A54000F8B5064608B907F009FD0B4D00242F4663
:10A550003146284608F070F830B12423002003FB70
:10A56000047787F82100F8BD0134032C05F1240598
:10A57000EED10220F7E700BFB43D00210022044BDA
:10A5800083F8212083F8452083F86920704700BFB5
:10A59000B43D0021014B1860704700BFB03D002161
:10A5A000094B1A6882420ED2BFF35F8F53E8001F37
:10A5B0008A4202D0BFF32F8FF3E743E8000100295E
:10A5C000F4D1BFF35F8F7047B03D00212DE9F0411A
:10A5D0008846064608B907F0C1FCB8F1000F01D162
:10A5E00007F0BCFC154F00243D464146384608F0B4
:10A5F00023F878B124235C432B1993F820308BB9CE
:10A600001C342C4454E8002F531C0DD1BFF32F8F62
:10A61000062005E00134032C07F12407E5D10220D0
:10A62000BDE8F081064CEDE7013244E80020002847
:10A63000E8D12368013B3360F2E700BFB43D00215D
:10A64000B03D00210022034B1A70BFF35F8F024818
:10A6500004F016BFE54C0021B00F002113B5144CD7
:10A66000237843B1134B01A81B68019308F021F92B
:10A6700018B10023237002B010BD0F4A136803F510
:10A68000FA7313600D4A934201D907F067FC0C4836
:10A69000D0E9043213F5FA7342F10002C0E9043242
:10A6A00004F0B6FE0028E6D007F058FCE3E700BF50
:10A6B000E54C0021203E0021243E002140420F00B5
:10A6C000B00F0021D222064B06481A600023064A2A
:10A6D0001360064A1370064A136009F060BE00BF9B
:10A6E000AC000021B00F0021243E0021E54C0021E8
:10A6F000203E002138B5114C114D206009F048FE74
:10A70000236801241A780F4B1B6803EB42130E4A8F
:10A7100003F5C07313601B180C4A41F10001C2E934
:10A7200004310B4B1046147715621C7004F070FE58
:10A7300008B107F013FC012038BD00BF203E002106
:10A740005DA60001AC000021243E0021B00F0021D5
:10A75000E54C002108B5054B1B7823B1042902D034
:10A7600010B1FFF76FFF012008BD00BFE54C0021CD
:10A7700008B5064B1B68834204D0054B1B780BB110
:10A7800007F0ECFBBDE80840FFF75CBF203E00216E
:10A79000E54C002108B5044B1B780BB907F0DEFB34
:10A7A000BDE80840FFF74EBFE54C002108B5064B59
:10A7B0001B68834204D0054B1B780BB107F0CEFB1E
:10A7C000FFF740FF012008BD203E0021E54C00219D
:10A7D0002DE9F84332B1012A15D007F0BFFB002064
:10A7E000BDE8F883234ACBB90224D2F8A470013221
:10A7F0000025BC462E46B44515DA6B1CB34208BF93
:10A8000035460D60EBE71C4A1BB90B24D2F8C0712A
:10A81000EEE7D2F8C4711124B032E9E7D2F8A8709B
:10A8200008242132E4E7ACEB060506EB6505AF42F0
:10A83000E3D905FB04FE02EB0E0883B152F80EE0EB
:10A84000D0F80090CE450FD811D3D8F804E0D0F856
:10A850000480F04508D30AD801200D60C0E7B0F8A5
:10A86000008032F80EE0F4E705F1FF3CC3E76E1C10
:10A87000C1E700BFF03F0021283E002110B5094C80
:10A88000AC220021204609F0DFFF4FF4E4720021E2
:10A89000054809F0D9FF012300222370034B1A70E9
:10A8A00010BD00BFF03F0021283E0021E64C0021F2
:10A8B000014B1870704700BFF03F00212DE9F04FA9
:10A8C0009846002385B00D4603930B4603A9924694
:10A8D0009DF838700190FFF77BFF78BB0399BAF1C0
:10A8E000000F09D0BAF1010F3CD0019007F036FB00
:10A8F000019805B0BDE8F08F002D39D00826274C0F
:10A9000004F18709D9F80020102AF2D001FB066073
:10A91000831B04EB030B521A72435946204409F07F
:10A9200079FF002D14BF082202225846019909F030
:10A9300064FFD9F800300133C9F80030BAF1010FD3
:10A940000ED1039C164EEDB104EB041404F1B800D3
:10A950003A464146304409F050FF321982F8C0703F
:10A960000120C6E74DB90E4C0B2604F5E079C9E786
:10A970000C4C022604F1A309C4E70B4C112604F584
:10A980008A79BFE70B235C43A01C30443A4641461A
:10A99000264409F032FFB772E2E700BF1140002100
:10A9A000283E0021F13F0021D83E0021002373B54D
:10A9B0000C4601930B4601A91546FFF709FF064611
:10A9C00028B1019A3DB1012D1BD007F0C7FA00262E
:10A9D000304602B070BDD4B10825124B03F1870494
:10A9E00021680029F3D005FB02F0891A4A1E2918B4
:10A9F000194418446A4309F00DFF2368013B2360A2
:10AA0000E6E74CB9084B0B2503F5E074E8E7074B84
:10AA1000022503F1A304E3E7054B112503F58A742E
:10AA2000DEE700BF11400021283E0021F13F002158
:10AA3000D83E002111B1012908D07047084B10B150
:10AA4000C3F8A8107047C3F8A4007047054B18B1AD
:10AA50000022C3F8C4217047C3F8C001704700BF8B
:10AA6000F03F0021283E0021022802D8024B187036
:10AA7000704707F073BA00BFE64C002113B5234AB4
:10AA800003461278012A18D0022A3DD0002A37D175
:10AA9000407AFF2838D01E490978002934D01C6834
:10AAA000A378204403F0C003A3F1C0014B424B4103
:10AAB00001A9FFF78DFE02B010BD1549087818B343
:10AAC0001A685C7A5178FF2C01F007010CBF002452
:10AAD000A418032916D11B7CFF2B13D0D35C042BA5
:10AAE00010D1937803F0C003802BE4D100232046DB
:10AAF0001A4601A9FFF76CFE80F00100C0B2DAE748
:10AB000007F02CFA0020D6E70120D4E7E64C00211C
:10AB1000F03F002173B50E461546D0B10B46012219
:10AB200001A9FFF755FE98B1019C0B484EB104EB0B
:10AB30000414031993F8C030B8342B70204402B0C9
:10AB400070BD0B235C4303199B7A02342B70F5E72D
:10AB500028700020F3E700BF283E002108B5FFF76A
:10AB60008DFF20B1024A537843F01003537008BDA3
:10AB7000E84C002110B50A4C80220021204609F043
:10AB800063FE0022074B1146204607F034FD0023E8
:10AB9000054A1360054A1370054A137010BD00BFC3
:10ABA000E84C0021A04000219C400021E74C0021FE
:10ABB000684D00212DE9F04FDFF81882044698F81F
:10ABC000003087B0032B00F2EE81DFE813F00400C1
:10ABD0000B000700EF01022388F800307E4D267934
:10ABE0002B791EB9002007B0BDE8F08F002B4AD1A9
:10ABF0007A4F7B7843F002027A702268527811070C
:10AC000044BF43F00A037B7023685B785A0642BF57
:10AC10007B7843F040037B7023689B78DB0742BF5F
:10AC2000BB7843F00103BB7023689A78BB7802F0CD
:10AC3000C002C02A22D143F00C03BB70BB78052EA2
:10AC400043F02003BB7002D92046FFF787FF397815
:10AC500001228B1C03316048C9B23B7007F0E4FC51
:10AC600008B907F07BF9022EBCD92368DFF86C9194
:10AC70009A7812F0010F16D0002318E0802ADDD157
:10AC800043F00803D9E7022EACD9022BEDD9042EEC
:10AC9000A8D9042B5DD9062EA4D12046FFF75EFF6C
:10ACA00003234E4870E1DB7889F80330012399F8DB
:10ACB0000020A17C134489F80030AB790091FF2B70
:10ACC00016BF2F680027FF18EB79FF2B16BF2A68E5
:10ACD0004FF0000A02EB030A227AFF2A16BF23680C
:10ACE00000239B18A279FF2A16BF20680020801835
:10ACF000627AFF2A32D1002F5DD199F80030384AAC
:10AD00001F44637A89F80070FF2B16BF206800206B
:10AD1000C0182368997801F0C001A1F1C0077942F9
:10AD20007941FFF7F7FE2F4B186028B199F80230F0
:10AD300043F0020389F8023099F800100322013130
:10AD40002548C9B207F070FC002840D0042E7FF6D9
:10AD500049AF297DFF2947D1002177E0216801EB28
:10AD6000020B57BBBAF1000FC7D0BBF1000FC4D024
:10AD700023689A782B6802F0C0029B78A2F1C00C7D
:10AD800003F00C03DCF10002A3F10C0E42EB0C0209
:10AD9000DEF1000343EB0E039A4201D007F0DEF828
:10ADA00059465046009A09F028FDDDF800B0BB4432
:10ADB0005FFA8BF7A1E74FF0000B33B908B9FDF745
:10ADC00093FA03883B800227CCE71846F9E707F09F
:10ADD000C5F8BBE7684D0021A0400021E84C0021E8
:10ADE000E74C00219C400021A37A2A68FF2B02EB4C
:10ADF000010AB1D02068C718BAF1000FACD0002FFB
:10AE000000F0CD80C35C6A48535401310422C9B2BA
:10AE100007F00AFC08B907F0A1F8A37AFF2B03D0CA
:10AE20002168CA5C520764D194F81590791CA9EB8B
:10AE300003095FFA89F909F1FF32D2B20AF1010080
:10AE400009F0DBFCEB7D99445FFA89F1594F05224B
:10AE50003B7857481944C9B239700131C9B207F07B
:10AE6000E3FB08B907F07AF8DFF84CA16B7D28689E
:10AE7000DAF80010DFF844B100EB030969B19BF880
:10AE80000020B9F1000F05D1CDE9001207F066F8F6
:10AE9000DDE90012484609F0B0FC3B789BF8002041
:10AEA000DAF8001013443B7091B12B685878C0F366
:10AEB000C00100070CD5A97AFF2972D0595C11F0A6
:10AEC000070105D013444FF47E52697D5A52022186
:10AED0003B78062202331944C9B239700131344833
:10AEE000C9B207F0A1FB00287FF4D5AE07F036F811
:10AEF000D1E6237B2A7BFF2B14BFC9180021FF2A30
:10AF0000AB7A21D1FF2B25D000202A68D75CC7F36C
:10AF1000C1077B1E022B1BD8BF00033FFFB218B135
:10AF200011B13A4609F069FC95F80BA00137BAF166
:10AF3000FF0FFFB204D0D5F8009019EB0A0F0BD128
:10AF4000EB7D3B44D9B281E72868FF2B1044DCD16C
:10AF50000027E4E70027E7E7AB7A04A9FF2B0CBF43
:10AF6000002319F8033003A818BFC3F3C1038DF8F9
:10AF700010302B7BFF2B0CBF00234B440593FFF7B6
:10AF800025FB20B10020012388F800302BE6039B2D
:10AF900049F80A30EB7D0433F918C9B256E739464F
:10AFA00054E7002194E706F0D9FF1BE601481AE6B2
:10AFB000A0400021E84C00219C400021E74C0021EA
:10AFC000064B82B018689B88ADF80430BDF80420A9
:10AFD000034B18609A8002B0704700BF3E4A0101DF
:10AFE000694D002110B50279052A0FD903689A78B6
:10AFF000D2070BD4DB78064CE370FFF73FFD002847
:10B000000CBF022312232046637010BD0020FCE712
:10B01000694D002138B50446EFF310830B4D2B60CA
:10B0200072B60B4807F094F908B106F097FF08488C
:10B0300007F070F90470064807F072F90122054B19
:10B040001A602B6883F3108838BD00BFB840002118
:10B05000BC40002100400141F8B50D4C07460E46AA
:10B0600020461521154607F030FBFF2803464FF018
:10B0700000000CD0282202FB0344607063F07F00C4
:10B08000C0B2A76026736573FFF7C4FF0120F8BD47
:10B0900078100021F8B5104B002A104C18BF1C4640
:10B0A0000D46064614BF04211521204614BF002773
:10B0B000802707F00AFBFF280CD0282303FB00435E
:10B0C00001243843C0B25C701E72DD60FFF7A2FF3E
:10B0D0002046F8BD0020FCE7D80F002178100021A1
:10B0E000F8B5104C07460D462046152107F0EDFA3D
:10B0F000FF28064613D0282303FB00440223A76041
:10B10000637010340FCD0FC495E8030084E803008A
:10B1100066F07F00C0B2FFF77DFF0120F8BD002080
:10B12000FCE700BF781000212DE9F041114C80466A
:10B130000F4620461521154607F0C7FAFF28064698
:10B1400016D0282303FB00440323C4F8088063704F
:10B15000277310340FCD0FC495E8030084E8030073
:10B1600066F07F00C0B2FFF755FF0120BDE8F08117
:10B170000020FBE77810002138B50C4C054615215E
:10B18000204607F0A2FAFF280DD0282303FB004435
:10B19000042363702B7860F07F00C0B22372FFF746
:10B1A00039FF012038BD0020FCE700BF78100021E6
:10B1B00038B50B4C05461521204607F086FAFF28C6
:10B1C0000CD0282303FB0044052360F07F00C0B2AD
:10B1D00063702572FFF71EFF012038BD0020FCE7D9
:10B1E0007810002138B50B4C05461521204607F094
:10B1F0006CFAFF280CD0282303FB0044062360F0E0
:10B200007F00C0B263702572FFF704FF012038BDD4
:10B210000020FCE77810002138B50B4C05461521BD
:10B22000204607F052FAFF280CD0282303FB0044E5
:10B23000072360F07F00C0B263702572FFF7EAFE5B
:10B24000012038BD0020FCE77810002108B51A2243
:10B2500001230649064807F03FF80122054BC3F8D1
:10B260000423BDE80840FDF71DB900BF6F4D002164
:10B27000BC40002100400141F8B52E4BD3F800211D
:10B280005AB10022C3F80021D3F800312A4D2B4EC9
:10B290002B4FAA79EB799A4200D1F8BD284607F0E6
:10B2A00048F8037803F07F0413F0800F4FF0280371
:10B2B00014BF03FB047403FB04646378072B36D8C4
:10B2C000DFE803F00412171D24292D31627B94F965
:10B2D0000C10A06806F053FF284607F030F8BFF3C3
:10B2E0005F8F00232370D4E7E168207A06F049FFDE
:10B2F000F2E7A06804F1100106F045FFECE7217BBE
:10B30000A06804F1100206F040FFE5E704F1080030
:10B3100006F031FFE0E7207A06F02FFFDCE7207A25
:10B3200006F025FFD8E7207A06F023FFD4E706F0E1
:10B3300015FED1E700400141BC400021D80F00219B
:10B340007810002108B5EFF31082074B1A6072B62F
:10B35000064806F0FDFF08B106F000FEBDE8084013
:10B36000024806F0D7BF00BFC4400021C8400021FA
:10B3700008B5054806F0D4FF0122044B9A60044B3F
:10B380001B6883F3108808BDC840002100400141BC
:10B39000C440002108B5402220230649064806F093
:10B3A0009BFF0422054BC3F80423BDE80840FDF7CA
:10B3B00079B800BFC0130021C840002100400141FE
:10B3C00073B5484BD3F808214AB10022C3F80821CD
:10B3D000D3F80831444DAA79EB799A4201D102B0F1
:10B3E00070BD284606F0A5FF03780446122B76D8D8
:10B3F000DFE803F00A131D272C327575373C4146F0
:10B400004A4F535C606A6F00C668007AFCF73EFCE6
:10B410003070284606F093FFDDE722694669837B9A
:10B42000417B007B0092A268FCF748FCF0E7A36830
:10B430008669417B007B0093D4E90423FCF768FC18
:10B44000E6E7D0E90206FCF7EFFCE1E7D0E90361AB
:10B45000007AFCF723FDDBE7C668007A06F00BFFF5
:10B46000D6E7D0E90206FCF73DFDD1E7C668007AD1
:10B47000FCF754FDCCE78468FCF774FD2070C8E746
:10B480008468FCF77FFDF9E7D0E90206FCF796FD3A
:10B49000BEE78468FCF7B4FDF0E7D0E90636009318
:10B4A000D0E904238068FEF725FDB1E78468FEF744
:10B4B000BDFDE3E78269C669037D00920269D0E9B8
:10B4C0000201FEF76BFDA3E7D0E9020607F03EF8A4
:10B4D0009EE7D0E903168068FEF726FB98E706F0A2
:10B4E0003DFD96E700400141C84000212DE9F04FA5
:10B4F000B2F5004F87B081460C4615469846109E1F
:10B50000C0F03082162300E0222309F0A5F9B04AEA
:10B5100013504FF0FF37ACE10C23F6E7533A252ADE
:10B52000F0D801A353F822F08FB60001DBB8000178
:10B5300075B7000105B5000105B50001C7B60001EA
:10B5400005B5000105B5000105B5000105B500010F
:10B5500005B5000105B5000105B5000105B50001FF
:10B5600005B50001F5B5000179B6000121B800016B
:10B5700017B7000105B5000105B5000105B50001CB
:10B5800045B7000105B5000105B50001ABB60001E6
:10B5900005B5000105B5000105B5000105B50001BF
:10B5A00005B5000105B500018FB60001DBB800014B
:10B5B00005B5000105B5000105B50001C7B60001DC
:10B5C000433A092A9ED801A353F822F079B6000124
:10B5D00021B80001EFB6000105B5000105B5000175
:10B5E00005B5000105B5000105B5000105B500016F
:10B5F000ABB6000133681A1D32601A680DB98B238F
:10B6000083E722B12378003B18BF01231370013771
:10B610000134013D404607F0F5FA804698F80020D5
:10B62000002A00F02681292A00F02381782A3FF69B
:10B6300069AF522A3FF672AF4C2A3FF663AF422AF7
:10B64000BED82E2AE6D0362A7FF45CAF0F2DD6D98D
:10B65000336804F11002191D31601B68B9F1000F45
:10B6600041D02BB154F8041B944243F8041BF9D188
:10B6700014461037103DCDE733681A1D32601B6841
:10B68000002DBCD0002BC2D022781A70BFE73368DF
:10B69000012D03F1040232601B68B0D90BB122887E
:10B6A0001A8002370234023DB4E73368032D03F1F8
:10B6B000040232601B68A2D90BB122681A600437F9
:10B6C0000434043DA6E73368072D03F10402326019
:10B6D0001B6894D91BB121686268C3E9001208375E
:10B6E0000834083D96E7002BC2D01C60C0E7072D48
:10B6F00085D933681A1D32601B68B9F1000F06D076
:10B70000002BECD022681A6062685A60E7E7002BD1
:10B71000E5D01C60E3E7052D7FF671AF33681A1D95
:10B7200032601B68B9F1000F08D01BB122681A60A3
:10B73000A2889A8006370634063D6BE7002BF9D0C5
:10B740001C60F7E7336829461A1D32601A682046E4
:10B7500007F016FA22B112681E4B9A423FF6D4AE99
:10B76000002840F386808542C0F283800744044469
:10B770002D1A4FE7002D3FF442AF0023E25C9A46BA
:10B7800001330ABB0AF1010A5545FFF438AF2046E0
:10B79000024612F8013BFBB933681A1D3260B9F159
:10B7A000000F38D01A4652F8080B32605B6830B18F
:10B7B0009A453FF6B1AE5246214609F01EF857446D
:10B7C0005444A5EB0A0525E79D42D7D1AA46D9E7FF
:10B7D0000C000000FEFF1F001806DAD559067FF5A1
:10B7E00091AE980613D5D90613D51B073FF58AAE3F
:10B7F000032304E001F0C00180297FF483AE013B04
:10B80000DBB2FF2B104612F8011BF3D1C0E7012376
:10B81000F5E70223F3E71B68002BD0D01C60CEE7CE
:10B820000023ADF81630336840461A1D32601A46C0
:10B8300052F808BB3260D3F804A007F0E3F998F897
:10B8400000200378642A02D0BBB1292B15D02946E9
:10B850000DF116032046444A07F0FDF9002803467F
:10B8600004EB000105DD40F21352BDF816009042D2
:10B8700007D9384607B0BDE8F08F21460023ADF860
:10B880001650BDF81620D018A8423FF7B8AEB9F14F
:10B89000000F12D0BAF1000F3FF434AEDAF8000016
:10B8A0009042FFF42FAE5846039308F0A6FF039B87
:10B8B000BDF81620CAF8002007E0BBF1000F01D048
:10B8C000CBF80010BAF1000FF2D1BDF816201344E6
:10B8D0009BB21F441C44ED1A9CE600234046ADF881
:10B8E000163007F08FF998F800200378742A02D0F8
:10B8F000FBB1292B1DD0294620461B4A0DF116030A
:10B9000007F0A9F90028824604EB0001B1DD40F2FE
:10B910001353BDF816209A42ABD8BDF8162002EB9F
:10B920000A03AB420BDD08F097FF8B220F4B1A5036
:10B93000EFE521464FF0000AADF81650EDE7002084
:10B94000009608F10203FFF7D1FD0028EBDBBAF106
:10B95000000F05D0BDF816309A441FFA8AF005E7AB
:10B9600080B203E7002759E6FB5401010C000000F8
:10B97000B1F5004F2DE9F74F05460C4690461F469E
:10B9800016D2002808BF0024002698F80030B3B172
:10B99000292B14D0782B0BD8522B14D84C2B07D82A
:10B9A000422B63D82E2B00F08780362B00F0D680F8
:10B9B00008F052FF16224FF0FF36B54B1A503046B2
:10B9C00003B0BDE8F08F533B252BF1D801A252F80C
:10B9D00023F000BFD3BA0001A1BC0001F9BB0001F4
:10B9E000B1B90001B1B900011DBB0001B1B900013D
:10B9F000B1B90001B1B90001B1B90001B1B900019B
:10BA0000B1B90001B1B90001B1B90001B1B900018A
:10BA1000A1BA0001C3BA00012FBC000189BB00011B
:10BA2000B1B90001B1B90001B1B90001D3BB000146
:10BA3000B1B90001B1B90001F5BA0001B1B9000115
:10BA4000B1B90001B1B90001B1B90001B1B900014A
:10BA5000B1B90001D3BA0001A1BC0001B1B9000124
:10BA6000B1B90001B1B900011DBB0001433B092B75
:10BA70009ED801A252F823F0C3BA00012FBC0001E6
:10BA8000AFBB0001B1B90001B1B90001B1B900010A
:10BA9000B1B90001B1B90001B1B90001F5BA0001B5
:10BAA0003B6801361A1D3A6034B11B68003B18BF71
:10BAB000012305F8013B013C404607F0A3F880460E
:10BAC00063E73B6801361A1D3A60002CF4D01B680E
:10BAD000EFE73B68012C03F104023A6006F102062D
:10BAE00040F215811B68023CC3F307226A7005F817
:10BAF000023BE1E73B68032C03F104023A6006F1E4
:10BB0000040640F204811B68043C1A0EEA701A0C09
:10BB1000AA701A0A6A7005F8043BCDE73B68072C47
:10BB200003F1070323F0070303F108023A6006F16B
:10BB3000080640F2EC80D3E90023190EE971190CD4
:10BB4000A9712B71190A130EEB70130CAB70130A49
:10BB500069716B7005F8082B083CADE73B680F2C4A
:10BB600003F104023A6006F1100640F2D0802A4642
:10BB70001B6803F1100153F8040B8B4242F8040BCD
:10BB8000F9D11035103C97E73B68052C03F104020E
:10BB90003A6006F1060640F2BA801B6806351A685C
:10BBA000063C45F8062C9B8825F8023C84E73B6858
:10BBB000072C03F104023A6006F1080640F2A78060
:10BBC0001A680835136845F8083C536845F8043C82
:10BBD000C2E73B681A1D3A601A682E4B9A423FF63C
:10BBE000E7AE2146284606F0F7FF84420644C0F23D
:10BBF0008E800544241A5FE73B681A1D3A60D3F82B
:10BC000000A0BAF1000F0DD05046F8F76DF800F122
:10BC100001094C454E447AD34A465146284608F01D
:10BC2000ECFD31E04FF00109DFF86CA0F1E73B6873
:10BC300040461A1D3A601A4652F808AB3A60D3F8EB
:10BC4000049006F0DFFF98F800200378642A02D001
:10BC5000ABB1292B13D04B46214628460F4A07F09B
:10BC60000CF800287FF7A4AE09EB00039C421E44A9
:10BC70004DD30544241ABAF1000FCDD104E04C4550
:10BC80004E4444D3002DF6D14D44A4EB090413E7F0
:10BC90000C000000FEFF1F00ED540101FB540101E8
:10BCA000404606F0AFFF98F8013090F80090282B3E
:10BCB0007FF47EAE00213B6808F1020A01935246F0
:10BCC00001AB0846FFF754FE98F800308346742B0A
:10BCD00005D0B9F1000F18D0B9F1290F15D02146C0
:10BCE0005B4628460B4A06F0C8FF011E7FF760AE90
:10BCF0008B44A3455E440ADC0D44641A3B4652461D
:10BD000021462846FFF734FE73E70021F0E70024C0
:10BD1000D2E600BFFB5401010048704748430021B0
:10BD2000004870471041002107B510220B490C480C
:10BD300007F05CF804230B4A0B490C4807F00DF898
:10BD4000FAF7CAFBFAF76AFB002803DA019001A8A8
:10BD500005F01DF803B05DF804FB00BFD0400021E2
:10BD600010410021244100212843002148430021A3
:10BD700000B589B007AB029306AB019305AB009306
:10BD8000084A0DF1130306F066FF002807DBDDE922
:10BD90000612059807F031F909B05DF804FB6FF061
:10BDA0000200F9E75D53010107B5094B186858B166
:10BDB00000221A6003780622CDE90003802143F6B1
:10BDC0001943044807F0E4F803B05DF804FB00BF32
:10BDD00064430021615301011FB543F612430090F3
:10BDE00006228021054807F0D3F8002803DA0390E3
:10BDF00003A804F0CCFF05B05DF804FB6653010115
:10BE00001FB543F61343009006228021054807F032
:10BE1000BFF8002803DA039003A804F0B8FF05B0C8
:10BE20005DF804FB6B5301011FB590F90030062249
:10BE30000093802143F61543054807F0A9F8002830
:10BE400003DA039003A804F0A2FF05B05DF804FB39
:10BE5000705301011FB543F616430090062280215E
:10BE6000054807F095F8002803DA039003A804F0CA
:10BE70008EFF05B05DF804FB6B530101014B1860A8
:10BE8000704700BF64430021F0B58BB005460E46F5
:10BE90001746FFF789FF041E0BDBFFF741FF29461A
:10BEA00008AA06F0ADFF50B9284606F0FAF86FF080
:10BEB000080409A8099404F06AFF0BB0F0BDDDE99D
:10BEC0001023CDE90367CDE906232B78062204333E
:10BED000CDE90153089B80210093084843F617439E
:10BEE00007F056F8041EE8DAFFF71AFF089906F083
:10BEF0009FFF284606F0D5F8DBE700BF7553010128
:10BF000030B585B004460D46FFF74EFF00280ADB2A
:10BF100043F6184306228021CDE90045054807F085
:10BF200037F8002803DA039003A804F030FF05B0C7
:10BF300030BD00BF815301012DE9F04700230546C4
:10BF400092B00C468E681093FFF7E6FE29460FAAC2
:10BF500006F034FF002845D086B1FFF7E1FE3146F8
:10BF600010AA06F04DFF48B9284607F036F86FF0E2
:10BF7000080411A8119404F00AFF2EE02A7827780B
:10BF800094F801C094F80CE094F90D8094F80E90A8
:10BF9000D4E90401A4680F9EDDF840A00532FCB18D
:10BFA00023780533CDE90B43CDE9080143F61D4362
:10BFB0008021CDE904CECDE90227CDE9068906220C
:10BFC000CDE900650948CDF828A006F0E1FF044658
:10BFD000284607F002F8002CCBDB12B0BDE8F08752
:10BFE0000423DFE76FF00704C3E700BF87530101B5
:10BFF00070B5044688B00E461546FFF78DFE214603
:10C0000006AA06F0DBFEE8B16B78062205932B78D2
:10C010008021CDE9036323780C480533CDE9014342
:10C02000069B009343F61E4306F0B2FF05462046EA
:10C0300006F0D3FF002D03DA07A8079504F0A7FE4A
:10C0400008B070BD6FF00705F6E700BF9B53010114
:10C0500030B5A3B00FAB01930EAB00939F4A0DAB6D
:10C0600006F0F9FD0028C0F22D840D9BA3F5705356
:10C07000013B432B00F22684DFE813F04400580014
:10C080008A009000A3019501A000AE00C900E40061
:10C09000F20009011C014201550163017F012404E2
:10C0A0002404850124042404240424042404D80240
:10C0B0002702AC0124042404F60238035E03FF02C5
:10C0C0000B0322036202C2025E007A0091039E0308
:10C0D000C2032404E501F601FC010D021302210252
:10C0E000DC03240424044F00240424042404240432
:10C0F0002404240424042404240418042404D90358
:10C1000071017F0305F083FF43F60143009006228F
:10C110008021734806F03CFF70E205F07BFF43F698
:10C1200036430090062280216E48F3E705F07AFF3F
:10C1300043F602430090EAE714AB029312AB01937B
:10C1400013AB0093684A16ABDDE90E0106F083FDE0
:10C150000028C0F2B783DDE91601149B139A0093FF
:10C160009DF8483005F092FF43F627430090CEE754
:10C170005E4A16ABDDE90E0106F06DFD0028C0F247
:10C18000A183169805F084FF43F628430090BEE78C
:10C1900005F027FF43F603430090C3E7544A16AB6C
:10C1A000DDE90E0106F057FD0028C0F28B839DF8F3
:10C1B000580005F006FF0023009361E04D4A16ABDE
:10C1C000DDE90E0106F047FD0028C0F27B839DF8F3
:10C1D000580005F08CFFEEE716AB0093464A14AB0F
:10C1E000DDE90E0106F037FD0028C0F26B83169BD7
:10C1F000082B0AD0022B40F0BD820021149805F0D4
:10C2000078FF43F60843009081E70121F6E716AB7B
:10C210000093394A14ABDDE90E0106F01CFD00283D
:10C22000C0F25083169B082B0AD0022B40F0A2824A
:10C230000021149805F066FF43F60943009066E775
:10C240000121F6E72B4A16ABDDE90E0106F003FDEE
:10C250000028C0F237839DF8580005F056FFAAE782
:10C26000234A16ABDDE90E0106F0F5FC0028C0F20A
:10C2700029839DF85800022806D903230093002340
:10C28000062280211D4845E705F021FF93E716AB04
:10C290000093194A14ABDDE90E0106F0DCFC00281E
:10C2A000C0F21083169B022B40F06482149805F0B4
:10C2B000A8FE80E716AB00930F4A14ABDDE90E0130
:10C2C00006F0C9FC0028C0F2FD82169B022B40F04C
:10C2D0005182149805F099FE6DE700BF5E5301018D
:10C2E000665301016B530101A7530101AA530101D8
:10C2F000DC530101F05301015F530101AC53010113
:10C3000016AB0093B14A14ABDDE90E0106F0A3FCB5
:10C310000028C0F2D782169B082B40F02B8214987D
:10C3200005F071FE47E7AA4A16ABDDE90E0106F0FB
:10C3300092FC0028C0F2C6829DF8580005F0C5FEA8
:10C3400039E7A34A16ABDDE90E0106F084FC0028AC
:10C35000C0F2B8829DF8580005F0B3FE2BE79C4A66
:10C3600016ABDDE90E0106F076FC0028C0F2AA82C9
:10C370009DF8580005F0A7FE1DE705F08FFE43F677
:10C3800011430090C3E6934A16ABDDE90E0106F0B7
:10C3900062FC0028C0F29682169805F07BFE43F6F8
:10C3A00014430090B3E68C4A16ABDDE90E0106F0AB
:10C3B00052FC0028C0F286829DF9580005F013FE59
:10C3C000F9E605F012FE43F60543009006228021AF
:10C3D00082489FE613AB079312AB069311AB05930C
:10C3E0000DF15D03049317AB03930DF15B0302930F
:10C3F0000DF15A0301930DF159030093784A16ABDE
:10C40000DDE90E0106F027FC0028C0F25B82FFF791
:10C4100083FCDDE9111214AB0093139B043B06F07F
:10C42000AFFC002800F0E880149816A9FAF770FB1A
:10C43000044620B9FFF770FC149906F0C7FC43F6D8
:10C440001C43009463E6674A16ABDDE90E0106F073
:10C4500002FC0028C0F236829DF8580005F061FE0B
:10C4600043F62D43009052E605F05DFE43F62E4361
:10C47000009057E65B4A16ABDDE90E0106F0EBFBD8
:10C480000028C0F21F829DF8580005F04EFE43F6CA
:10C490002F4300903BE605F04AFE43F63043009000
:10C4A00040E6504A16ABDDE90E0106F0D4FB002849
:10C4B000C0F208829DF8580005F03BFE7BE605F0CF
:10C4C0003AFE43F6324300902CE613AB089312ABCE
:10C4D000079311AB06930DF15E0305930DF15D0318
:10C4E000049317AB03930DF15B0302930DF15A0311
:10C4F00001930DF1590300933B4A16ABDDE90E01A0
:10C5000006F0A9FB0028C0F2DD81FFF705FCDDE99C
:10C51000111214AB0093139B043B06F031FC00286E
:10C520006AD0149816A9FAF7C1FA044620B9FFF7A1
:10C53000F3FB149906F04AFC43F61B430094E6E52E
:10C5400012AB099311AB089310AB079316AB06938C
:10C550000DF1560305930DF15503049315AB0393A9
:10C560000DF1530302930DF15203019314AC0DF13D
:10C57000510300931D4A2346DDE90E0106F06BFBD3
:10C580000028C0F29F81FFF7C7FBDDE9101213AB53
:10C590000093129B043B06F0F3FB68B39DF8533005
:10C5A0001BB905F01EFD8DF8530000941398DDE9CA
:10C5B000162305F044FD0446D0B9FFF7ADFB1399EF
:10C5C00006F004FC43F625430094A0E55F53010107
:10C5D000F0530101AA5301016B5101017053010194
:10C5E000B2530101DC530101B1530101BE530101FA
:10C5F000A24B139A1A60E5E76FF0080023B030BD34
:10C6000005F042FD044618B943F6264300947EE542
:10C610009A4D2B6813B96FF00700EFE7FFF77CFB2B
:10C62000296806F0D3FB0028EED1F4E7944A14AB56
:10C63000DDE90E0106F00FFB0028C0F24381FFF791
:10C640006FFB149916AA06F0E7FB00283FF4B3AD80
:10C65000169805F026FDFFF763FB149906F0E8FB3A
:10C6600000287FF4A8ADD6E705F067FD43F61F4329
:10C6700000900622802183484CE505F06AFD43F6D0
:10C680002243CDE90001062280217F4806F080FC8C
:10C69000B4E716A805F043FD9DF85B30062203932E
:10C6A0009DF85A30802102939DF8593077480193C4
:10C6B0009DF85830009343F6234306F069FC9DE74C
:10C6C0000DF15B0302930DF15A0301930DF1590330
:10C6D00000936F4A16ABDDE90E0106F0BCFA0028A4
:10C6E000C0F2F08016A805F013FD64E511AB0393CA
:10C6F00016AB029314AB019313AB0093654A12ABD4
:10C70000DDE90E0106F0A7FA0028C0F2DB80139BDA
:10C71000082B0FD0022B2DD100219DF84430149A04
:10C7200000931298BDF8583005F0D3FC43F620432F
:10C730000090ECE40121F0E713AB019316AB0093FA
:10C74000554A14ABDDE90E0106F085FA0028C0F267
:10C75000B980169B082B0BD0022B0BD100219DF822
:10C760004C20149805F0BFFC43F621430090CEE422
:10C770000121F4E76FF0060040E716AB0093474A4B
:10C7800014ABDDE90E0106F066FA0028C0F29A80CB
:10C790009DF858109DF8500005F0A7FC0BE5384AAD
:10C7A00016ABDDE90E0106F056FA0028C0F28A80C9
:10C7B000169805F0D0FCFEE41822DDE90E450021B4
:10C7C00016A808F041F81BAB06931AAB059319ABFA
:10C7D000049314AB039318AB029317AB019313AB01
:10C7E0000093294620462E4A16AB06F034FA00285C
:10C7F00068DB16A805F0B3FC43F62A43009091E4E9
:10C800000023DDE90E01149316AB159313AB0193CE
:10C8100015AB0093234A14AB06F01DFA002851DB38
:10C8200014A805F09EFC43F62B4300907AE405F033
:10C830009AFCC0E416A8FBF727FEDDE9202380213F
:10C84000CDE90A23DDE91E231748CDE90823DDE9F8
:10C850001C23CDE90623DDE91A23CDE90423DDE914
:10C860001823CDE90223DDE91623CDE9002343F6A1
:10C870003343062206F08CFBC0E600BF684300216C
:10C88000AA530101CC530101D1530101D653010137
:10C89000D9530101DE530101DF530101E2530101CC
:10C8A000E5530101F2530101F8530101074A16ABA8
:10C8B000DDE90E0106F0CFF9002803DB169805F03C
:10C8C0004CFC78E46FF0020098E600BFAA53010127
:10C8D0000022D30003F1FF7303F58033D3F8001374
:10C8E000013107D0D3F800130132D3F80433202AE2
:10C8F0000B60EED1224BD3E94C32072B26D1023A02
:10C90000032A204B28D9D3F80024D10732D41C4B5A
:10C91000D3F83021072A19D1D3F83431023B032B45
:10C9200002D8194AD35C8BB17F23184A1849C2F840
:10C9300018310023C1F8043EC1F8083EC2F8243182
:10C94000C2F82C3102F57F22C2F81031114B1A685F
:10C95000114BC3F84425704710498A5C002AD2D095
:10C96000D3F80024D207CED50022C3F81421C3F88F
:10C970001821C8E76FF00102C3F80024C7E700BF21
:10C980000000FF010050004102540101002000415D
:10C99000000008410080FF010060004106540101D1
:10C9A00030B50468ACB1B4FA84F30122C3F11F03BB
:10C9B000DBB29A4024EA0202D0E8EF5FA54204D13C
:10C9C000C0E8EC2FBCF1000FF6D1EAD102480B70A1
:10C9D00030BD0248FCE700BF0000AD0B0200AD0B0C
:10C9E00010B50368CB40DB0710D401238B400268ED
:10C9F00043EA0201D0E8EF4F944204D1C0E8EC1FB3
:10CA0000BCF1000FF6D1F2D1014810BD0148FCE79E
:10CA10000000AD0B0400AD0B014BC3F804057047DB
:10CA200000F0004101460148FFF7BABFB400002101
:10CA3000036803F01F025B09026004D0012B034866
:10CA400018BF002070470248704700BF00088C41A3
:10CA500000058C41034A4309D35C00F01F001844D1
:10CA6000C0B270470A54010170B50546FFF7F2FFE6
:10CA70000C4C083034F810300E46DA0508D5C3F3F4
:10CA8000432304EBC302284654F8333052689847D6
:10CA9000A3682BB131462846E268BDE870401847CC
:10CAA00070BD00BFB800002108B5FFF7D3FF034BEE
:10CAB000083033F81000400B08BD00BFB80000215B
:10CAC00008B5FFF7C7FF034B083033F81000C0F379
:10CAD000400008BDB800002108B5FFF7BBFF034BBD
:10CAE000083033F81000C0F3401008BDB800002132
:10CAF000034611F0010010B5CCB20BD1A207C4F36C
:10CB000040000DD5074A106A58601062003818BFFF
:10CB1000012005E004490A6A1A600A62002AEDD081
:10CB200010BD00BF00088C4100058C4110B5FFF717
:10CB300091FF124A083032F81030D9051CD5C3F3E2
:10CB4000432123F4F85322F81030002002F10E04A0
:10CB500034F8023F13F4807F03D0C3F34323994298
:10CB60000AD001303028F3D1002342F83130044894
:10CB7000BDE81040FFF734BF10BD00BFB800002172
:10CB800030010021F0B50546002001260446074685
:10CB90008C420BD1114BD3F87C2132B10022C3F867
:10CBA0007C21D3F87C3140F00040F0BDE3B29B0023
:10CBB00003F580729B0806FA03F31D420BD002F1C5
:10CBC000824202F52042D2F800C0BCF1000F02D030
:10CBD0001760126818430134DAE700BF00A0004173
:10CBE000F7B506460846FFF735FF1A4F00F108056E
:10CBF00037F815300C46DB0729D5304606F070FAB9
:10CC00002046FFF769FF50B12046FFF74DFF002394
:10CC1000316801EB8000C0F81035C0F810352046AF
:10CC2000FFF784FF002301A827F815300194FFF7D0
:10CC3000FFFE019B00EB8300D0F80022064B13405F
:10CC400043F00203C0F80032044803B0F0BD0448CA
:10CC5000FBE700BFB8000021F0F0FCFF0000AD0BC7
:10CC60000400AD0B2DE9F0431646804685B008461A
:10CC7000FFF7F0FE0D463168044609B32846FFF77A
:10CC80001FFF18B12846FFF727FF10BB00230DF147
:10CC90000F02CDE900338DF80E308DF80F302846A5
:10CCA0000B460DF10E0106F0C3F9484A04F10801E4
:10CCB00032F8113023F0020343F0010322F811305F
:10CCC00073687BB328461F785968FFF7F9FE10B1E7
:10CCD000E9B13F4829E03D4A04F1080032F810303C
:10CCE00023F02003DB04DB0C22F8103079B1032F92
:10CCF000EFD87168496891F800C0D8F800104FEA81
:10CD00008C094944A7B9C1F81075C1F810752F4AAC
:10CD100004F1080132F8113023F01C0343EA8703C1
:10CD200022F81130B3683BBB2A4805B0BDE8F08358
:10CD3000D1F810E543EA4C332EF0030EC1F810E5AC
:10CD4000D8F8001043F0200301EB090EDEF81015AF
:10CD500022F8103021F44F3121F44071CEF8101533
:10CD60002902DEF8108501F47C5141EA074141EACD
:10CD70000801CEF81015CAE72846D3E90067FFF787
:10CD8000D5FE002ED0D0114DD5E90023964203D117
:10CD90009F4201D1002209E00F480DF10F01FFF77A
:10CDA000FFFD0C4B9842C0D19DF80F2005EBC2034C
:10CDB00008345F6035F8143045F8326043EA4223A6
:10CDC00043F4807325F81430AEE700BFB8000021AB
:10CDD0000400AD0B0000AD0B300100212DE9F04344
:10CDE0000C46804685B0204611461E46FFF732FEAF
:10CDF000054629B32046FFF763FE18B92046FFF722
:10CE00006BFE18BB334F05F1080937F8193013F0E2
:10CE10001C0F02D04B78012B18D001238DF80F3056
:10CE200000234A1CCDE9001320468B1C0DF10F0195
:10CE300006F0FEF837F8193043F0030327F81930ED
:10CE4000002E44D02046FFF73BFE18B9224805B01B
:10CE5000BDE8F083002296F800C0D8F800301D4FDE
:10CE600003EB8C03C3F81025C3F8102505F1080265
:10CE700037F812104FEA8C0E21F02001C904C90CBA
:10CE800027F81210757815B3D8F80000B6787044FA
:10CE9000D0F810352D0423F4991323F4F853C0F877
:10CEA0001035230203F47C5305F440353605D0F8E1
:10CEB00010E52B4306F48016334341EA4C3143EA34
:10CEC0000E0341F02001C0F8103527F81210034876
:10CED000BDE700BFB80000210400AD0B0000AD0BA2
:10CEE000014BC3E902127047B800002110B5084693
:10CEF0001446FFF7F1FD50B10846FFF7ABFD054BB7
:10CF0000083033F8103004485B0B237010BD034821
:10CF1000FCE700BFB80000210000AD0B0400AD0B22
:10CF200070B5154D064695F880401CBB2146602221
:10CF300005F1100007F088FC214630682E6F8E4204
:10CF40000ED10023C0F87C31D0F87C3140F307309B
:10CF5000F7F77EFD0123094885F88030AB6770BD87
:10CF6000CBB29B0003F580727C2B04BF84508358A6
:10CF70000131E4E70248F2E7B80000210000AD0B00
:10CF80000C00AD0B034B93F88000003818BF012054
:10CF9000704700BFB80000210148FFF721BD00BF66
:10CFA0002C0100210148FFF7FBBC00BF2C01002130
:10CFB00073B503681646D3F804230546002AA8BFB4
:10CFC0004FF000420846A8BFC3F804230C46FFF701
:10CFD00083FDE8B10846FFF773FD0146C0B920465E
:10CFE000FFF762FD2C68820002F58073E150E35880
:10CFF0002B681344D3F8102542F00102C3F8102522
:10D0000026B101232A688340C2F8043302B070BD00
:10D010002046FFF71FFD0F4B083033F81030C3F3E5
:10D020008203042B11D0052B11D001A80194FFF726
:10D03000FFFC019A0369D34003F00103991C2046C9
:10D0400002B0BDE8704006F03CB80321F7E70221CA
:10D05000F5E700BFB80000212DE9F04F684BDFF87D
:10D06000A481D3F80403D8F87010C0B289B040F09E
:10D070000040FFF787FD051E2FDAC24600235AF84D
:10D080007C1F06A8CDE90633FFF732FD4FF0000BF9
:10D090005D4B0DF118090193019A12F8013B0192C1
:10D0A000DA081AF8022003F0070322FA03F3DA077A
:10D0B0001CD409F10409BBF1000F14D0D8F870108A
:10D0C0004FF00040FFF75EFDD8F87C1006A8FFF790
:10D0D0000FFD0028DAD125F000450124002D76D17E
:10D0E00009B0BDE8F08F4FF0010BD5E7474B5B442B
:10D0F0000293D9F800100029DBD091FAA1F1B1FA1E
:10D1000081F1029B1C7841EA44142046FFF7A2FCFF
:10D11000083038F81070C808BB080393012319F8C9
:10D12000002001F0070103FA01F122EA010209F8E7
:10D13000002005A80594FFF77BFC059A039B80322D
:10D1400050F82220C7F382065B073746C2F301423C
:10D1500022D520463946D6B2FFF786FC05A80594AD
:10D16000FFF766FC059B803350F82330C3F301437F
:10D170009E4207D10021204605F0A3FF31462046FC
:10D1800005F09FFF05A80594FFF752FC0122059BBF
:10D1900002FA03F30362ACE7022A0CD10321204612
:10D1A00005F08FFF06F00503012BEBD13946204631
:10D1B000FFF75AFCE6E702212046039205F081FFC3
:10D1C000032EF3D0039A032ADCD1022EEDE795FA61
:10D1D000A5F3B3FA83F304FA03F29B0003F182434D
:10D1E00003F52043D3F81005D3F81015C0F305203C
:10D1F000C1F3014125EA0205FFF736FC6EE700BFE7
:10D2000000A00041B80000211A5401011A54010184
:10D2100070B5084C0E462379154643B91220F7F72E
:10D2200017FC0123044823712660A56070BD0348E4
:10D23000FCE700BF6C4300210000AD0B0C00AD0B00
:10D24000002330B50D4A50F8234003F5A271013395
:10D25000102B42F82140F6D10023084A00F13C018E
:10D2600003F5B27451F8045F0133102B42F82450D7
:10D27000F6D1D0F88030C2F8043330BD002001412F
:10D280000123024A8340C2F8043370470020014161
:10D290000123024A8340C2F808337047002001414D
:10D2A000F8B5012600270B4B0B4DD3F80C4304B9FE
:10D2B000F8BD94FAA4F0B0FA80F006FA00F324EA7C
:10D2C0000304064B82009F502B68002BEFD0A96807
:10D2D0009847ECE7002001416C4300210021014107
:10D2E0002DE9F0410E4617460C4D55F81C4FAC4247
:10D2F00003D16FF01200BDE8F081314654F8440CC0
:10D30000A4F14408F6F7E6FC30B9C7F800804046BF
:10D31000BDE8F04105F0FFBF2468E8E7784300214D
:10D3200010B5D0E909124A60416A00F12403116086
:10D33000C0E909334368044603B19847054A936836
:10D3400033B11279062A03D9072022680249984787
:10D35000002010BD784300211C5401012DE9F0414B
:10D3600007460D460B4E56F80C4FB44202D16FF0F3
:10D3700001000AE0394654F8240CA4F12408F6F719
:10D38000A9FC20B91DB1C5F80080BDE8F081246872
:10D39000EBE700BF7843002138B5044600B30068CE
:10D3A000F0B10378E3B10021FFF7D8FFD8B104F161
:10D3B0001C03C4E907330D4B04F12402196903F17E
:10D3C0000C00A16260621A610A609D6835B11B7928
:10D3D000062B03D9072022680549A847002038BD3D
:10D3E0006FF01500FBE76FF01000F8E778430021BD
:10D3F0001E54010110B5036893B11B7883B1836893
:10D40000012B0DD8084B00F144014360074B1A6A09
:10D4100003F11C048264446400201962116010BD91
:10D420006FF01500FBE700BF3C01002178430021AD
:10D4300038B5114C0546216819B100200131216031
:10D4400038BD2422204607F0FFF92B682846A36048
:10D450002B79237104F10C03C4E9033304F11403A1
:10D46000C4E9053304F11C03C4E9073300F018F8DC
:10D470000028E5D12168E0E77843002138B5074D61
:10D480002C68013C2C6044B900F012F82146284673
:10D49000BDE83840242207F0D7B938BD78430021D1
:10D4A00008B50248FFF778FF002008BD3C010021C5
:10D4B0000148FFF735BF00BF3C0100210EB4431EF9
:10D4C000062B33B588BF0020094B05AC54F8045B2C
:10D4D00053F82010074803F029FF214628460194FD
:10D4E000F6F710FC02B0BDE8304003B0704700BF53
:10D4F000C04E0101315401012DE9F04F87B01746AC
:10D500009B460446DDF840A000284BD0056A35B1A3
:10D510002D6825B1AC4607B0BDE8F04F6047A36A5F
:10D520009F4242D80026BE4203D1002007B0BDE88A
:10D53000F08F182303FB06F8D4F82C90A26909EBAE
:10D5400008052B1D0593CAB9686969680368B5F8B1
:10D550000CC0C91AAB680CF1030E5D1E05EB0C156F
:10D560005B4205EB4E051D4005EBCC038568063399
:10D57000A94228BF4FF0FF3105F09AFE59F8083054
:10D5800020460293236AB1B29B6A01935AF826306F
:10D5900000935BF82620059B05F002FF0028C5D10B
:10D5A0000136C0E76FF01500C0E70148BEE700BFD5
:10D5B00040F4FFFF10B5044690B1028D43899A42B2
:10D5C00009D0084A936833B11279032A03D9426813
:10D5D0000549042098472046BDE8104006F08EBD5E
:10D5E00010BD00BF78430021CC54010130B54489FF
:10D5F0008C4212D9436A013C5D882C4003EBC40382
:10D6000059609A60BFF35B8F426A5388013353803D
:10D61000438D01334385002030BD0148FCE700BF46
:10D6200041F4FFFF70B4039E144658B1006A48B13C
:10D6300043B1013406D0002E04DB046F14B1A446BC
:10D6400070BC6047014870BC704700BF2DF8FFFFF9
:10D6500070B4039E144660B1006A50B14BB10134FE
:10D6600007D0002E05DBD0F8804014B1A44670BC72
:10D670006047014870BC70472DF8FFFF70B50C463D
:10D68000114605461E460C4B2022002908BF1946AC
:10D69000204606F06BFF049B6662A362059B256231
:10D6A000E362069B23636A6804F13403C4E90D5204
:10D6B0006B60A26B136070BDED5401012DE9FF4753
:10D6C000DDF834900D4692461F46064600286ED07F
:10D6D00000296CD0B9F1000F69D001F1580840461B
:10D6E00005F0C7FF7C1C42D1AC6C05F1480114F079
:10D6F00001040BD000240134802C07D0630951F8B9
:10D70000233004F01F02D340D807F4D4012004F0E2
:10D710007F0303F580675B0951F8232004F01F04A1
:10D72000A040024341F823200E9B5246CDE90193CD
:10D730000C9B3146009328463B46FFF79FFF40462F
:10D7400000F0C4FB347874B195F888405CB1B36ADA
:10D7500001332ED10021304605F0BAFF044610B146
:10D76000304605F08CFF204604B0BDE8F087B7F5E1
:10D77000806FD9D3A7F580637F2B05F148010FD8BF
:10D78000580951F8204003F01F0324FA03F2D2078E
:10D790000BD4012202FA03F3234341F82030C3E7FC
:10D7A000054C404600F092FBDDE7044CF9E7024CE3
:10D7B000D9E70024D7E700BF2DF8FFFF29F8FFFFC6
:10D7C0002DE9F04385B00F46904603A90D9A054612
:10D7D000994606F08AF90446E0B10C9E039BD5F801
:10D7E000A4009E42A8BF1E460168D0F808C0611A76
:10D7F00033464A46614528BF4FF0FF3105F01EFD14
:10D800002346424639462846009606F00EF905B0F2
:10D81000BDE8F0830048FAE72EF8FFFF38B504466C
:10D82000E0B100F15805284605F0DFFFD4F8983044
:10D830009B6953B9D4F88C40103C002C00DC084C98
:10D84000284605F0D0FF204638BD012BF7D1D4F88B
:10D85000A00005F0F6FEA0F11004EEE7014CF2E79F
:10D860002EF8FFFF2DF8FFFF2DE9F0478AB00D4697
:10D87000DDE9129790461E46044620B9814F38468E
:10D880000AB0BDE8F0870029F8D0002BF6D08C2232
:10D89000002106F0D9FF012204F15800114606F0DC
:10D8A000FEF9794BC4F89850C4F868806C6223671D
:10D8B000764B6367764BA367764BE367764BC4F88A
:10D8C0008030764BC4F88430D4F89830D3F8188080
:10D8D000B8F1000F6FD1002FD0D097E8070004F106
:10D8E0008C0383E80700D4F89800036A1B69984703
:10D8F0000023286100F001006B6184F88800B8F112
:10D90000000F6ED13B7A002B69D009F10C03C4F8EB
:10D91000A830B9F1000FB1D0D9F80820002A00F0E2
:10D92000AE809B68002B00F0AA805D4B04935D4B9A
:10D9300005935D4B06935D4B0793EB6A1B68C4F838
:10D940009C30EB6A9B69C4F8A030002104F1AC0361
:10D95000C4E92B3306ABC4F8A46000930191022202
:10D96000D4F8980004ABFFF7C7FD0746002886D11E
:10D97000D4F8A00005F000FEEB6A1B68DE62EB6ADB
:10D980009B69DE62B8F1000F61D1C246D4F89030D5
:10D990000993D4F89C305B89534534D894F8883087
:10D9A000C4E90044002B59D1D4F898000421036A3B
:10D9B000DB68984763E7B8F1010F94D1D4F8980079
:10D9C000036A9B689847420606D5D4F89800002160
:10D9D000036ADB689847F1E74307EFD583E74B46D7
:10D9E00095E7B8F1010FB0D12E4B04932C4B059362
:10D9F0002E4B06932C4B0793EB6A9B69C4F89C3023
:10DA0000EB6A1B689FE74846D4F8901006F05EF872
:10DA10000546C8B131680890411AB06800228142B9
:10DA200028BF4FF0FF31D4F89030304605F040FC6D
:10DA3000009501230022D4F89C0008A905F0DDFC24
:10DA400018B90AF1010AA4E71948074617E794F83C
:10DA50008830C4E90044002B3FF411AF0023029347
:10DA6000144B204601933523134A009304F1080117
:10DA7000FFF704FEB8F1000F7FF401AF94E70C4FFD
:10DA8000FDE600BF2DF8FFFFC1D70001D737010128
:10DA9000EB390101EB3A01012B3A0101F7370101A2
:10DAA000EE540101F454010137390101E537010158
:10DAB0002EF8FFFF39380101FA540101F0B505468F
:10DAC0000E46174687B0074A03AC07CA84E807002A
:10DAD0000C9A3146009228463A460194FFF7C4FE5C
:10DAE00007B0F0BDC849010138B5EFF311854023F7
:10DAF00083F31288BFF36F8F064B9C6806F096F88D
:10DB000085F31188BFF36F8F2046BDE83840F6F7E4
:10DB100021BF00BF9C43002138B5094B53F820407A
:10DB2000013053F82050A54200D838BD636823B1B6
:10DB3000204606F07EF80834F5E723689847FAE7B0
:10DB4000E04E0101012270B5294B032086B01A7006
:10DB5000FFF7E2FFF6F70EFD0420FFF7DDFF254C8F
:10DB6000254D2646AE4204F1300410D300F048FEA5
:10DB7000204C224EAC4226D300F056FE03F016F99C
:10DB80001F4A137B23F00103137306B070BD54F8D2
:10DB90000C3C059354F8103C049354F8143C039344
:10DBA00054F8183C029354F81C3C019354F8203C60
:10DBB000009354E90A2354E90C0100F0F1FB54F8F6
:10DBC000303C5E65CDE7D4E90A23B3F1FF3F08BFDF
:10DBD000B2F1FF3F05D052EA0301206803D106F0FD
:10DBE0000CF93034C6E73146183000F0E3FFF8E7AF
:10DBF000894D002190490101C0490101073F010100
:10DC00008014002108B50348034A0021121A06F0C7
:10DC100028F808BDC00200219C4D002100230122EC
:10DC200070B586B0CDE904230F220193CDE902320D
:10DC300014230F4D0F4E03FB00550F4906EBC01682
:10DC4000044601EB00214FF4807230460B4B0095E7
:10DC500000F0A6FB737B2C7423F004037373084B52
:10DC6000013403EBC423EE606B6006B070BD00BFEF
:10DC70009C43002100140021A06100216B3C0101A4
:10DC8000A0590021BFB50020FFF746FF2D4B03F53B
:10DC9000006282F3088883F30A88E0232A4D002477
:10DCA00085F822302023EB772C766C76AC7685F8DD
:10DCB00020406B6A254E43F4E0236B6285F82340D5
:10DCC000F6F7CAFDF6F762FF4FF0FF33AB62EB6287
:10DCD000F7F7E8F8F6F77EFF40F201131C4D1D4FF1
:10DCE0002846AB81C5E9184401F066F8B56006F036
:10DCF00010FA0120FFF710FF0220174DFFF70CFF6D
:10DD000000F0B2FD154B75610593012314494FF4E2
:10DD10008062CDE9034328463B46CDE901440094A7
:10DD200000F03EFB06466A7B284622F004026A7336
:10DD300006F09FF82046FFF771FF3A463146284625
:10DD4000F6F702FFA059002100ED00E09C430021FE
:10DD50000015002145DB000180140021FD54010164
:10DD6000A06200212DE9F341044617461E46EFF359
:10DD70001188402383F31288BFF36F8FC368334A3F
:10DD80007BB180689168884219D057EA060318D1A0
:10DD900088F31188BFF36F8F6FF00F0002B0BDE8FA
:10DDA000F081916891F90E100133E360936821616D
:10DDB000A36088F31188BFF36F8F0020EEE721691D
:10DDC000F2E791F90E1090F90E306FF07E02994251
:10DDD000A8BF19469142B8BF11468B422DDD05F010
:10DDE0004FFF054622464146CDE90076184800F02F
:10DDF00053FC0028E1D0EFF31186402383F312880F
:10DE0000BFF36F8FA068D0B1236821699C420AD00C
:10DE10004BB193F90E309942A8BF19466FF07E03BB
:10DE20009942B8BF194605F02BFF40B1314608486A
:10DE300000F0A2FC6FF00A00B0E70025D2E7002D49
:10DE4000F4D186F31188BFF36F8FF3E79C43002171
:10DE50008A4D002138B58368044663B3194A926835
:10DE600093422BD1C368012B03D9013BC36000202F
:10DE700038BDEFF31185402383F31288BFF36F8F12
:10DE80000169806805F0FCFE204606F040F8A060BD
:10DE900058B190F90E2022610022826705F0E9FF57
:10DEA0002946094800F068FCE1E7E06085F3118845
:10DEB000BFF36F8FDBE76FF01500D9E74FF0FF304E
:10DEC000D6E700BF9C4300218A4D002138B50446A7
:10DED000EFF31185402383F31288BFF36F8F06F0B1
:10DEE00016F848B10022826705F0C3FF2946BDE855
:10DEF0003840074800F040BCD4E902329A4218BFCB
:10DF00000133A36085F31188BFF36F8F38BD00BF65
:10DF10008A4D002113B5EFF31181402484F3128858
:10DF2000BFF36F8F846844B1013C846081F3118832
:10DF3000BFF36F8F002002B010BD52EA030406D178
:10DF400081F31188BFF36F8F6FF00F00F3E7CDE916
:10DF500000230246014800F09FFBECE78A4D0021B8
:10DF60002DE9F04305464FF0FF364FF0FF37DFF85D
:10DF70002C8185B0EFF31189402383F31288BFF31E
:10DF80006F8FD5F880408CB9022105F1980005F01B
:10DF900092FE002860D100234946CDE90067029334
:10DFA00005F188023E4800F00DFDE3E7D5F8842036
:10DFB00023689442C5F8803008BFC5F88430D5F88E
:10DFC000983043F00203C5F89830E36823F0040367
:10DFD00043F00103E360636889F31188BFF36F8F37
:10DFE00020469847EFF31189402383F31288BFF34B
:10DFF0006F8FE368D90623F0010237D4E260E3684B
:10E000009A071AD5D8F8000023F00203E360A0B104
:10E010000021026888B143689C4237D1036869BB1C
:10E02000D8F80420C8F80030824201D1C8F8043082
:10E03000002340F8083BFFF749FFD5F8983023F05C
:10E040000203C5F8983089F31188BFF36F8FDB05A1
:10E0500090D400F011FC8DE705F19004002201211D
:10E06000204605F0B8FF0028F8D194E723F011030B
:10E07000E36004F11000FFF729FFC0E70B60D8F858
:10E080000430834208BFC8F80410D1E722B11368F6
:10E09000014610461A46BDE71346F9E7BC43002186
:10E0A0008A4D0021F8B5C36804469A070F46C3F3AA
:10E0B00040062CD45B071AD40B680BB983680B603D
:10E0C000E368DD0742BFA36802263B603D6858BF96
:10E0D0000126002D3AD01F4B9B68AB420AD0D5F8E1
:10E0E0009830D807C3F3800214D46FF012060023CF
:10E0F0003B6025E005F078FED5F898300028F0D197
:10E10000D907C3F3C002F0D552B15B0708D46FF052
:10E110000F06ECE7002AFAD1C3F3C003002BF6D1B7
:10E1200000232360D5F8843063B9C5E9204428462C
:10E1300005F0DCFDE36843F00403E3603B68A360A3
:10E140003046F8BD1C60C5F88440F0E76FF0150656
:10E15000CDE700BF9C4300212DE9F041C36807468D
:10E1600003F00503002B0C4614BF4FF001084FF0DD
:10E17000000822D08668D6F8805025B1AF4201D081
:10E180002D68FAE701250122002104F1100005F0B5
:10E1900086FD2046124905F0CEFDE36843F01003EA
:10E1A000E3609DB13B68236073B9D6F884303BB916
:10E1B000C6E92044304605F099FD4046BDE8F081AF
:10E1C0001C60C6F88440F5E73C60F3E7D6F8803081
:10E1D0002360D6F88430C6F88040002BEAD1F0E7FF
:10E1E000CD3C0101F0B50446002089B0C4E920000F
:10E1F0000E9D04F18800C4E9220004F19000C4E9F6
:10E2000024004DB32879002840F2011008BF0120F6
:10E21000C4F8980000204FF0FF364FF0FF37CDE9EB
:10E220000330CDE90100CDE9066720460B4B009491
:10E2300000F0F4F855B1296811B1204605F0DAFD77
:10E240006B791BB1237B43F001032373204609B094
:10E25000BDE8F04005F0D1BD0120D9E761DF000144
:10E2600030B50A46044685B0EFF31185402383F3A9
:10E270001288BFF36F8FD0F8983013F0060F1DD1BE
:10E28000B1B143F00C03C4F89830204605F02EFDE0
:10E2900000234FF0FF3202934FF0FF332946CDE9C0
:10E2A00000230C4804F1900200F08CFB05B030BD57
:10E2B000D0F8800048B143F00403E4E743F00401E0
:10E2C000C0F89810002AE0D0DBE785F31188BFF38F
:10E2D0006F8FEBE78A4D002137B501900846EFF3C9
:10E2E0001184402181F31288BFF36F8FC16811F050
:10E2F0001E0F16D153EA020508D101A9FFF7D2FE7D
:10E3000084F31188BFF36F8F03B030BD41F0080173
:10E31000C160019910308161034900F04BFC01207C
:10E32000EEE70020ECE700BFFB3C0101014601489D
:10E33000FFF7D2BFA0150021F7B50C4616461D46C3
:10E340000190EFF31187402383F31288BFF36F8F9F
:10E35000084605F0BCFC55EA060309D1204601A990
:10E36000FFF7A0FE87F31188BFF36F8F03B0F0BDF6
:10E37000E36804F1100043F00803E360019B3246B8
:10E38000A36203492B4600F015FC0120EAE700BF19
:10E39000FB3C010101460148FFF7CEBFA01500215B
:10E3A0002DE9F043984685B000F15803C0E91633D3
:10E3B000109B002603730423073222F007054373E2
:10E3C0000F9B01EB05090F4683734946C0E90666BA
:10E3D0008660C6730446F6F7EDF80E9B073020F012
:10E3E0000700A066C4E9187502930D9BA9EB00090C
:10E3F00001930C9B4A460093394643462046F6F764
:10E4000087FB054B66659B6803B1DB6E4846E36698
:10E4100005B0BDE8F08300BF9C430021F0B50025A6
:10E4200087B00595109DDDE9127604950F9D044691
:10E4300003950E9D02950D9D01950C9D0095FFF78E
:10E44000AFFFB6F1FF3F08BFB7F1FF3F05D056EA77
:10E45000070305D1204600F0A1F9204607B0F0BD22
:10E460003A463346024904F1180000F0A3FBF4E7F2
:10E47000073F010138B50D4D2B4653F8184F9C420C
:10E4800000D004B9EC68AB6838B95A7BD20604D125
:10E49000A26912B9DA897F2A05D89C4202D02046A7
:10E4A00000F0D0FA23466B6138BD00BF9C430021C9
:10E4B00008B590F90D200146002A437B04DA03F0E9
:10E4C0007F03437305F09BFC044B9868431A584242
:10E4D0005841BDE80840FFF7CDBF00BF9C43002175
:10E4E00070B490F90D30427B002B29DBD30627D185
:10E4F00083692BBB134962F07F0242730A4652F8CC
:10E50000184F944218BF2346CC6923B9C0E90024B0
:10E510002060C8610CE090F90E5093F90E60B5428E
:10E520000AD0AE4208DD5A68C0E900321060586077
:10E53000002070BCFFF79EBF9C42E7D01B68E4E759
:10E5400070BC70479C430021002A2DE9F0410E4623
:10E550000CBF10210821427B044611420FD141EA31
:10E560000203D20918D1437308291BD00120FFF7F9
:10E5700081FFBFF35F8F637B23F060036373274BDF
:10E580009B68A34243D1EFF30583002B3FD1304674
:10E59000BDE8F041F6F7F4B903F07F03437305F0EB
:10E5A0002EFCE1E7A36813B1204605F030FC04F12E
:10E5B000180005F032FD4FF0000804F15807A56D72
:10E5C000BD4200D0B5B9154FBB689C42CED1EFF328
:10E5D0000583002BCAD00120FFF74CFF40F2011346
:10E5E0000F4DAB8100232846C5E9183300F0E4FB4A
:10E5F000BD60BEE7284605F00AFC05F1180005F0ED
:10E600000CFD2846C5F87880FFF76AFFD7E786F348
:10E610001188BFF36F8FBDE8F08100BF9C430021DC
:10E620000015002170B590F90D200146002A437BAA
:10E6300004DA03F07F03437305F0E1FB154A4B7BDB
:10E64000104663F07F034B7350F8183FD469834240
:10E6500008BF002323B9C1E900042160D1610CE0A7
:10E6600091F90E5093F90E60B5420ED0AE420CDD1A
:10E670005868C1E90030016059609068BDE8704099
:10E68000431A58425841FFF7F5BE9C42E3D01B683D
:10E69000E0E700BF9C430021F8B5124B0C46DDE9D2
:10E6A000067611469868104A1060EFF311824022F6
:10E6B00082F31288BFF36F8F9D68284605F0B1FB87
:10E6C000B6F1FF3F08BFB7F1FF3F06D03A463346E9
:10E6D000064905F1180000F06DFA2046BDE8F84043
:10E6E000F6F74EB99C430021C4430021073F0101C6
:10E6F000F8B50446EFF31186402383F31288BFF385
:10E700006F8F437B49B2DA0619D18569BDB903F031
:10E710007F03437305F073FB437B164A63F07F036B
:10E7200043731346817353F8180F984218BF054678
:10E73000D0695DB9C4E900300460D46111E0002003
:10E74000A17386F31188BFF36F8FF8BD95F90E7032
:10E75000B9420BD08F4209DD6B68C4E900531C60DD
:10E760006C600120FFF786FE0120EAE7A842E1D0B5
:10E770002D68DEE79C43002149B9EFF3058030B9ED
:10E78000054B5A699B689A4201D0F6F7F9B881F3B4
:10E790001188BFF36F8F70479C43002110B5EFF3D2
:10E7A0001184402282F31288BFF36F8F427B51079E
:10E7B00004D484F31188BFF36F8F10BD22F00402DC
:10E7C0004273FFF78DFE2146BDE810400148FFF778
:10E7D000D3BF00BF8A4D0021034648B9EFF305823D
:10E7E00032B9064A51699268914201D0F6F7C8B829
:10E7F00083F31188BFF36F8F704700BF9C430021E4
:10E80000EFF31181402383F31288BFF36F8F054B21
:10E810009A68D37B013BD37381F31188BFF36F8F69
:10E82000704700BF9C43002138B5EFF311854024A9
:10E8300084F31288BFF36F8F0A4B00209A68D37B52
:10E840000133D373FFF716FE85F31188BFF36F8F83
:10E85000EFF3118084F31288BFF36F8FBDE8384067
:10E86000FFF7BABF9C430021024B03F11802C3E932
:10E87000062270479C430021F8B5EFF31185402331
:10E8800083F31288BFF36F8F19498868437B03F0C5
:10E890007F03437305F0B3FA08468B685A7B62F036
:10E8A0007F025A7350F8182FCC69824208BF0022A9
:10E8B00022B9C3E900042360CB610CE093F90E6038
:10E8C00092F90E70BE420ED0B7420CDD5168C3E91A
:10E8D00000210B6053600120FFF7CCFD2846BDE806
:10E8E000F840F6F74DB8A242E3D01268E0E700BF67
:10E8F0009C43002150EA01032DE9F04105460E46F4
:10E9000003D1FFF7B9FF00202BE0831C71F1FF3327
:10E9100029DB05F097FB2C18EFF31188402383F3D4
:10E920001288BFF36F8F124F124BB8681860FFF751
:10E93000BFFDB86810492A463346183000F03AF94E
:10E94000BA684046537B43F010035373F6F718F848
:10E9500005F078FB201A63EB0303012873F1000331
:10E96000D1DBBDE8F0816FF00104241AD4E700BFC9
:10E970009C430021C4430021073F0101B1F1FF3F47
:10E9800008BFB0F1FF3F08B506D10A4B986805F003
:10E990007FFA4FF0FF3008BDFFF7ACFF4FF47A71FC
:10E9A00047F6FF730022C0FB0132D80B40EA424019
:10E9B000F1E700BF9C430021014B9868704700BFFE
:10E9C0009C430021D3B5DDE90667089CCDE90067CB
:10E9D000FFF762FE1CB1034B9B685B69236002B0CA
:10E9E000D0BD00BF9C4300210122044BC01A044B40
:10E9F000C0105843034B1A54704700BF80150021C4
:10EA0000ABAAAAAA8A4D0021C3897F2B12D80A4B30
:10EA10001B6863B1094B90F90E201B689A4209DB11
:10EA2000437BDB0606D1064BC31A18BF012303F054
:10EA3000010070470023FAE7CC430021C8430021BE
:10EA40000014002170B50E4B0E4C1E7C182303FBE6
:10EA500006440546204605F0E0FA00220A4B284607
:10EA60009A55FFF7D1FF48B1084B2046BDE87040EA
:10EA70001A680749013AD31700F09CB870BD00BF6F
:10EA80009C430021801500218A4D0021CC430021A8
:10EA9000E9E9000138B5EFF31185402383F31288CB
:10EAA000BFF36F8F104B114A9C681068A04206D1CB
:10EAB000FFF7C8FF85F31188BFF36F8F38BD0021C2
:10EAC0001B7C11600A4AD35C002BF3D02046FFF771
:10EAD0009BFF0028EED0637BDB0602D12046FFF7C8
:10EAE000A1FD2046E4E700BF9C430021C443002170
:10EAF0008A4D002108B50648064A0749121A05F052
:10EB0000B2F8BDE80840054A0549064805F0ABB82B
:10EB100000000021BC020021585501010000000046
:10EB20005855010100000021034B1B680BB9F7F792
:10EB3000BFBA0020704700BFD043002130B570B18C
:10EB40000B4B5B6898420AD0036843B1D3E90421B8
:10EB5000D0E90445121941EB0501C3E90421D0E9CC
:10EB6000003213605A600023C0E9003330BD00BF9B
:10EB70006801002110B50E4B1C689C4204D1FFF7C0
:10EB8000D3FF6FF0004010BDFFF7CEFF002CF8D090
:10EB9000D4E904321B1A62EBE072B3F1004F72F158
:10EBA0000001EEDA002AACBF18460020EBE700BFF8
:10EBB00068010021B3F1FF3F08BFB2F1FF3FF8B594
:10EBC00004461D4616465ED08160EFF31187402350
:10EBD00083F31288BFF36F8F013275F1FF3324DAAC
:10EBE0006FF001032D49D1E900209B1A4FF0FF324D
:10EBF00062EB00009E1B60EB0500012E70F100032C
:10EC000001DA01260020C4E90460254ED6F800C0D0
:10EC10007568B44508BF4FF0000CBCF1000F0DD172
:10EC2000C4E900652C6074601CE0FFF77DFF0136CD
:10EC300045F10005361845EBE070E4E7DCE9042017
:10EC4000D4E90431934271EB000E1DDAD21ADCF8DC
:10EC5000043060EB0100CCE90420C4E900C31C606F
:10EC6000CCF804403368B34209D09C4207D10D4B25
:10EC70001C6824B9FFF77EFF2146F7F7EBF987F30D
:10EC80001188BFF36F8FF8BD9B1A61EB0001AC4593
:10EC9000C4E90431C4D0DCF800C0BEE798150021F7
:10ECA00068010021D04300212DE9F84FEFF3118CCA
:10ECB000402383F31288BFF36F8FDFF8B0A0DFF833
:10ECC000B0900024C9F80000DAF800000025504593
:10ECD00008BF0020274FE046D7E90021D9F80030CF
:10ECE00078B3D0E9046C4FEAE37EB3427EEB0C0BC1
:10ECF00005DAF61A6CEB0E04C0E9046421E0B218E0
:10ED000041EBE671C0E90445C7E90021FFF716FFB2
:10ED100088F31188BFF36F8F83689847EFF31188EA
:10ED2000402383F31288BFF36F8FD9F80030DAF8ED
:10ED300000009B1B5045C446C9F80030CBD1D7E931
:10ED4000002100249A1841EBE373C7E90023C9F8B6
:10ED50000040FFF70FFF2146F7F77CF988F3118891
:10ED6000BFF36F8FBDE8F84FFFF794BE6801002135
:10ED7000D04300219815002110B5EFF311844023F2
:10ED800083F31288BFF36F8FFFF7CEFE0346054A69
:10ED9000D2E90001181841EBE37184F31188BFF345
:10EDA0006F8F10BD981500210A460146014805F0F5
:10EDB00092B900BF74020021014BC366704700BFC7
:10EDC0007402002138B5064C064DAC4201D3002038
:10EDD00038BD2046D4E9011205F09CF91434F4E75B
:10EDE00074020021880200211FB5094A02AB92E893
:10EDF00003004FF4806283E80300009305494FF05D
:10EE0000FF330548FFF7EEF9002005B05DF804FB7D
:10EE1000D4490101A0760021A0150021014B186002
:10EE2000704700BFD44300210246002310B50549B6
:10EE300051F8040B046C944203D00133042BF7D136
:10EE4000002010BDD8430021EFF3108272B6054BAD
:10EE50009969814200D008B90021996182F3108834
:10EE6000704700BF40160021034610B5EFF3108233
:10EE700072B6104884691CB182F31088002010BD5E
:10EE8000836182F31088022202774FF0FF32596BC0
:10EE90004262D3E90A23521843F10003C0E9042374
:10EEA00000F0B6FA18B12046FFF7CEFFE6E70120E2
:10EEB000E5E700BF401600212DE9F8432A4D2B4E0F
:10EEC000284605F009FB002845D0377805F060FAA0
:10EED00000229446DFF8988058F8049B99F838E0AF
:10EEE000D9E90A3499F83A90B9F1010F09D1B3F58B
:10EEF000F07344F1FF34984271EB040438BF4FF0D3
:10EF0000000E72450CF1010C38BF7246BCF1040FC3
:10EF1000E2D1184BDFF860801C78944238BF144669
:10EF2000E4B2A7420CD03470BCB9F7F7BBF9204665
:10EF300088F8004000F0EEFCF4F7AEFB88F80140E2
:10EF400098F8013013B1204600F0E4FC284605F0A3
:10EF5000D2FA0028B4D1BDE8F883002FF0D1F7F73A
:10EF60008DF9F4F70BFCEBE7E84300218E4D00210F
:10EF7000D84300218D4D00218F4D002110B58469AB
:10EF8000FFF79AFFD4E90A23C4E9042301230A4ABC
:10EF9000A461226294F83020237742B1204684F89D
:10EFA0004930FFF761FF10B9042384F84930204647
:10EFB000BDE8104000F02CBAB1420101F8B50024C0
:10EFC000F4F734FB224805F084FA224805F081FA70
:10EFD0004FF0FF370222204B204D1C70204B214860
:10EFE0001C70214B214E1C70214B80F838401C7046
:10EFF00007645C7080F848409A70306005F0CFF983
:10F00000284685F838402F6485F84840756005F03B
:10F01000C6F905F15000B06085F88840C5F89070D9
:10F0200085F8984005F0BBF9124880F8384007642D
:10F0300080F84840F06005F0B2F90F4805F0AFF9EC
:10F040002046FFF701FFBDE8F84000F057BC00BFC5
:10F05000EC430021E8430021924D0021B816002125
:10F060008D4D0021581700218E4D0021D8430021DD
:10F070008F4D0021681600214016002110B5002494
:10F08000064B1C7005F0ACF9054B1A7822B11C70C8
:10F09000BDE81040F4F724BB10BD00BF8B4D00212C
:10F0A0008C4D002138B51C4D1C4C284605F014FA37
:10F0B00018B32378032B8CBF04202078637898BF83
:10F0C000C0B2984288BF6078A37888BFC0B283423C
:10F0D000134B38BFA0781A7838BFC0B282420DD027
:10F0E0001870B0FA80F30F4A5B09137000F024F92E
:10F0F000284605F000FA0028D7D138BD1B78002B30
:10F10000F6D1084B1B78002BF2D1074B1B78002B54
:10F11000EED0FFF7B3FFEBE7EC4300218F4D00216A
:10F12000924D00218B4D00218C4D002108B5054BDF
:10F130001870BFF35F8FFFF7BFFEBDE80840FFF711
:10F14000B1BF00BF8D4D00212DE9F041437C074642
:10F15000012B38D0022B39D0002B63D101213D483F
:10F1600005F068F8044600285CD0002380F8493098
:10F1700097F81280B8F1000F56D0B8F1010F4DD1B9
:10F1800005F006F9D7E90032B3F5F07E42F1FF3C15
:10F19000704571EB0C051CD23E4604F128050FCEDC
:10F1A0000FC596E80F0085E80F002B4BC4E904EC6F
:10F1B000A46184F81C802362204600F029F968BB12
:10F1C0000120BDE8F08102212448C9E7012124483B
:10F1D000C6E7244D2D780DB3984291411ED23E468C
:10F1E00004F128050FCE0FC596E80F0085E80F0043
:10F1F000D7E90023C4E904231B4BA461236284F8EC
:10F200001C80FFF759FE94F83030002BD4D02046F4
:10F2100084F84980FFF728FE0028CDD1012120463F
:10F2200005F023F80020CCE73E4600F128050FCE7C
:10F230000FC596E80F0085E80F00D7E90023C4E961
:10F24000042301232377084BA4612362FFF734FED4
:10F25000B2E700BF581700217DEF0001B81600216A
:10F26000681600218E4D0021B14201010146094876
:10F2700010B584694CB194F84930022B05D105F0E2
:10F2800095F820B1052384F84930002010BD0120F5
:10F29000FCE700BF40160021034B185C884234BFD6
:10F2A00000200120704700BF8F4D002108B500F0FD
:10F2B00059FB0422044B5A70FFF7FEFDFFF7F2FEE4
:10F2C000BDE80840FFF7F8BD8F4D00210122034B38
:10F2D0001A700022024B5A70FFF7E4BE8C4D0021D9
:10F2E0008F4D0021042208B5034B1A70FFF7E4FD8F
:10F2F000BDE80840FFF7D6BE8F4D0021042208B5B7
:10F30000034B9A70FFF7D8FDBDE80840FFF7CABE6F
:10F310008F4D0021022208B5034B9A70FFF7CCFDF8
:10F32000BDE80840FFF7BEBE8F4D0021FF22014B14
:10F330001A707047934D002137B5114D04462B6864
:10F340001B6898470F4B58B11A78FF2A08D12046FE
:10F35000F7F714FF2B685B6803B0BDE8304018472F
:10F36000D3E84F2FD2B28DF807209DF80720C3E8CD
:10F37000424F002AF4D10028ECD103B030BD00BFC9
:10F38000D4430021934D0021FF23064AD2E84F0FBA
:10F39000C2E8413F0029F9D1C0B2FF2801D0F7F7F8
:10F3A000EDBE7047934D0021024B1878FF3818BF0F
:10F3B00001207047934D002138B50C4CA4F108058D
:10F3C000204605F089F860B1284605F080F848B17C
:10F3D000D0E90001F7F76EF9204605F08CF8002817
:10F3E000EED138BDF7F76EF9F6E700BFF84300211C
:10F3F00010B5064C204604F0FBFF04F1080005F0B0
:10F4000068F8BDE81040F7F71BB900BFF0430021D2
:10F4100010B5044640B3037FDA0701D5036A1BB376
:10F42000BFF35F8F00232372BFF35F8F0122D4E904
:10F43000040102F0B2FD0B460246C4E90023237F1B
:10F440009B0707D5626AF7F7A7F901280ED00228B3
:10F450000ED078B908480C222146084B04F0CCFFA6
:10F46000FFF7AAFF002010BD0120FCE70220FAE709
:10F470000320F8E70420F6E7F04300215743010199
:10F4800010B5044670B101460C22084804F0DCFFB8
:10F4900050B1237F9B0701D5F7F776FAFFF78CFF72
:10F4A000002010BD0120FCE70520FAE7F043002111
:10F4B00037B50F4ACDE900016B460C210D4804F029
:10F4C000E3FF0446FFF778FF7CB1257FAA0707D545
:10F4D000BFF35F8F01232372BFF35F8FF7F754FAF7
:10F4E000EB0702D52046236A984703B030BD00BF22
:10F4F0007B430101F043002143F6095CF0B5430B67
:10F50000154D43EAC143A3FB05344E0B05FB0644EE
:10F510001B0F43EA0413240F650245EAD3555E022C
:10F52000A3FB0C370CFB0474C01A61EB040440F21B
:10F5300031414143094B03FB0411A0FB03030B447E
:10F5400022B147F6FF72013843EB0203DB0B981937
:10F5500045F10001F0BD00BFD07B63087B2DE8BD05
:10F560004FF40052064B10B5C3F80825F6F7E0FF3C
:10F570000024C0F88040F7F703F9C0F8804010BDC0
:10F5800000F0004108B50E4B1A7992B100220D4BE4
:10F59000C3F89020C3F89021F6F7FCFF00220A4B35
:10F5A000C0F88020C3F88C204FF40062C3F808250F
:10F5B00008BD1B68002BEFD0C3F88020ECE700BF2C
:10F5C000FC4300210040014100F0004108B5002348
:10F5D000074A1370074A1360074A1370F6F788FF4B
:10F5E000064AD2F8043843F40063C2F8043808BD70
:10F5F000964D002104440021944D002100F000416B
:10F6000010B5F7F7BDF80446F6F792FF4FF4005235
:10F610000A4BC0F88030C4F88030094BC3F8042589
:10F620000022084B1A70F6F777FFF6F785FFF7F719
:10F630008BF80122044B1A7010BD00BF0D00008032
:10F6400000F00041954D0021964D0021002208B5A3
:10F65000054B1A70F6F766FFF7F78CF8FFF792FF85
:10F66000BDE80840FFF77CBF964D002110B5044669
:10F67000FFF788FF0F4B206861680F4A03C32379A7
:10F68000A3B123780D4943F00043C1F89030C1F88D
:10F690009021F6F77FFF084A094BC0F88020C3F895
:10F6A0008C204FF40062C3F8042510BD2368C3F812
:10F6B0008020EEE7FC4300210B0000800040014168
:10F6C00000F00041274B2DE9F0411B78064603F07E
:10F6D000FF08002B37D0F6F761FF234FBB68C51A30
:10F6E000224B187828B3224B1968A5FB01ECCB17E5
:10F6F00011F5800205FB03CC43F1000311F5800FE7
:10F70000ACBF00210121B1EBDC7F4FEAD3741DD0E7
:10F71000A41843F10001640844EAC17464424FEA4A
:10F72000610161EB410114EB0E004CEB0101F0F7BC
:10F73000C3FCD7E90023AD1843F100032D1A63EB96
:10F74000E073C6E900534046BDE8F081A41843F1D8
:10F750000001640844EAC17414EB0E004CEB610133
:10F76000E5E700BF954D0021A8170021944D002129
:10F77000044400212DE9FF476D4610220021284650
:10F7800005F062F8404B1B78002B77D002A8F6F703
:10F79000E3FE002875D03D4E3D4C3378002B0CBF66
:10F7A0004FF480074FF08077F6F7F0FF02F0F7FB99
:10F7B000DFF8E0C0CDE900019CF800302BB32268EF
:10F7C000A168C2F5001E521A029986440A44101A12
:10F7D00090EA9E524FEA9E534FEADE5E4BBFA0EB8B
:10F7E0000E00864490FBF3F09EFBF3F033782A4A38
:10F7F00043B11368C3EBC30318182BD5031F48BFCD
:10F80000C31CD8100123106033704FF000088CF82F
:10F810000080BFF35F8F95E80F0084E80F00BFF30F
:10F820005F8F4FF001098CF80090F6F785FE04F029
:10F83000AFFDD4E90032B0EB030A61EB020502F040
:10F84000BEFBA7EB4007574578EB050505D2F6F759
:10F850007BFF13E00430C010D4E73378D4E9000113
:10F86000002B0CBF4FF480034FF08073C0184A4642
:10F8700041F1000102F091FBF6F774FF04B0BDE81E
:10F88000F087F6F759FEE2E7964D0021944D0021EE
:10F89000A8170021954D002104440021002373B5D1
:10F8A000134D144C144E8DF80730284604F014FE06
:10F8B000A0B10DF10700F3F7D7FD9DF8073013F065
:10F8C00004030DD0237823B9012330782370FFF788
:10F8D00015FD284604F00FFE0028E6D102B070BDE9
:10F8E0002278002AF5D030782370FFF713FDF0E777
:10F8F00008440021974D0021984D002108B5034888
:10F9000004F0E7FD0022024B1A7008BD08440021F4
:10F91000974D0021032807B5114A09D801280BD8B3
:10F920001BD00023137003B05DF804EBF3F796BD12
:10F930000428F6D1022301E00123022013700123E1
:10F940008DF8053000238DF8040001A88DF80630ED
:10F95000F3F77EFD03B05DF804FB0346EEE700BF5E
:10F96000984D002108B50448F3F784FDBDE8084030
:10F970000020FFF793BF00BF9DF800011FB514469C
:10F98000084D1A465CB9084B1C4600910749CDE961
:10F9900001340346286804F005FEF5F719FB044B13
:10F9A000F3E700BF744D0101ED5401011855010149
:10F9B0000B5501012DE9F04101268446B24201DCDC
:10F9C000BDE8F08163469C4613F8014B002CF7D04C
:10F9D000252CF8D11C780CF1020C252CF2D0002338
:10F9E000DFF8FC809E461D461F2D17D8A4F1200786
:10F9F000FFB2102F09D9A4F13007FFB2092F1DD88B
:10FA00000A24202504FB037303E028FA07F7FF0705
:10FA100006D51CF8014B002CE6D126E07F2D1AD824
:10FA2000A4F13007FFB2092FEAD9242C0FD1BEF17F
:10FA3000000F44D0B34244D00023EAE704F0FB07B0
:10FA40002A2FF9D06C2C08D145F08005E1E704F0AD
:10FA5000FB072A2FF0D06C2C22D06C2C1BD8682CE2
:10FA600023D06A2C28D04C2C26D0BEF1000FA7D072
:10FA7000B645A3D144F020070B68A7F1650CBCF193
:10FA8000020F01D9612F1ED1073323F0070308337A
:10FA900001360B6091E7742CBBD07A2CB9D0E4E727
:10FAA0002F0648BF45F40075CEE7EC0548BF45F486
:10FAB000007545F48075ACE745F42075A9E79E46CE
:10FAC000BAE76324D6E7692C02D007D8632C03D0A9
:10FAD0002F0601D5AC05D7D40433D9E7732CF6E74C
:10FAE000892801002DE9F04F436895B080460393C3
:10FAF00083789B07CDE90A1210D50B4600260D929C
:10FB00001F786FB1252F0FD0013309934146384636
:10FB1000039B01369847002880F229854FF0FF3675
:10FB2000304615B0BDE8F08F5F789A1C252F0992FA
:10FB3000ECD000242546A246A346BBF11F0F2DD8CA
:10FB4000A7F12003102B0AD8DFE803F01F090925CD
:10FB5000090909160909091D092209091400A7F153
:10FB60003003DBB2092B29D80A2202FB0A3A4BF0F8
:10FB7000200B01E04BF0010B099B13F8017B09936B
:10FB8000002FDAD15FE04BF0020B4BF0040BF3E7F0
:10FB90004BF0080BF0E74BF0100BEDE7BBF17F0FDC
:10FBA00048D8A7F13002D2B2092A07D81BF0400F7B
:10FBB0001346D9D00A2303FB0525DDE72A2F12D1EE
:10FBC000002CD9D10D9B1BF0400F53F8042B0D9343
:10FBD00001D01546D0E7B2F1000AC8DACAF1000A2E
:10FBE0004BF0280BC8E72E2F05D11BF0400F97D103
:10FBF0004BF0400BC0E7242F1CD1002C00F0898073
:10FC00000B9B1BF0400F0D930AD152460DA90A9889
:10FC1000FFF7D0FE0D9B1A1DD3F800A00D92ABE7A5
:10FC20002A460DA90A98FFF7C5FE0D9B1A1D1D68EF
:10FC30000D92A1E76C2F59D051D8682F5ED06A2F52
:10FC400064D04C2F62D034B10B9B22460DA90A9888
:10FC50000D93FFF7AFFE002D47F02003B8BF2BF048
:10FC6000400B0793A3F16503BCBF00251FFA8BFB74
:10FC7000022B53D947F02003612B40F05A83FF43F6
:10FC800007F0200308930D9B073323F0070303F1CC
:10FC900008020D924BF4C05204921A6805925A68F9
:10FCA000DDF814C0C2F30A57C2F31300D20F47EABB
:10FCB0000C03014653EA00040BF0400459D13027ED
:10FCC000D2B28DF83D70A7B28DF83C20002C00F028
:10FCD000BD810C2D4FF000075DDD0D25B3E0742FC5
:10FCE0003FF44AAF7A2F3FF447AFACE71BF0800FE9
:10FCF00018BF4BF4007B4BF0800B3DE71BF4807F7B
:10FD000018BF4BF4007B4BF4807B35E74BF4207B32
:10FD100032E725465446AB46AA462DE7FF431BF083
:10FD2000400F07F0200308BF062508930D9B0733FB
:10FD300023F0070303F10802D3E90001079B0D92AA
:10FD4000652B40F097816B1C00224BF4805BDBB28B
:10FD50001446112BCDE9002428BF11230EAA00F070
:10FD6000A5FC0E9FC3B2CDF810B0059302230693F5
:10FD700081E0002F00F039813123D2B28DF83D307F
:10FD8000A7F2FF37A3B28DF83C20002C00F055817C
:10FD90000C2D00F35481C5F10D010123890001F1FF
:10FDA000FF39A1F12104C1F1210E03FA04F423FA71
:10FDB0000EFE03FA09F344EA0E0413EB030E44EBC0
:10FDC0000409DEF1000BCDF818B069EB490B1EF108
:10FDD000FF3ECDF81CB0DDF814B049F1FF390EEA52
:10FDE0000B0E09EA0009734574EB090913DBC1F135
:10FDF0002009B1F1200E2BFA01F100FA09F958BFE0
:10FE000040FA0EFE41EA090158BF41EA0E0111F025
:10FE1000010F00F0ED800599CB1840EB04009C46E3
:10FE2000B0F5801FC0F2E4809DF83D10B7F5806FFB
:10FE300001F101018DF83D1000F0E680069A079966
:10FE40001A4001401346089A0D20C2F1570403F0EE
:10FE50000F021B0943EA01730911002A40F0FB80DD
:10FE6000854280F2FA800138F1D10E230120CDE9DC
:10FE700005307023079307F109023B46122A00F26E
:10FE8000CE809DF83CB00BF00C091BF0010B40F04C
:10FE90002781049B9A0700F11D8113F0040400F0F0
:10FEA000FD80B9F1000F40F021814FF02009049B43
:10FEB00013F4405F24D1059B002D03F1500308BFCC
:10FEC00001256B44133B059A22B113F8012D302A0A
:10FED00000F03F81049B13F0100F059B18BF2B46C9
:10FEE000381DC0F23B81BD4240F33881049ABB42C9
:10FEF00042F4005292B2049240F332817D1C5D1BA9
:10FF0000049B13F4005B00F02D8127EAE7740134B1
:10FF1000B9F1000F00D00134002D00F02C816B1CD2
:10FF20001C44A245049BCCBFAAEB0404002413F09C
:10FF3000090F04D13444B44240F022810024B9F1C5
:10FF4000000F07D041464846039B013698470028DA
:10FF5000FFF6E4AD049B1A0512D541463020039B01
:10FF600098470028FFF6DAAD089B41460236C3F1F8
:10FF70007800039B00F0F80098470028FFF6CEAD0C
:10FF8000049B1B0704D43444A64240F002810024A1
:10FF9000BBF1000F00F02D8127EAE77A6D42A7EB55
:10FFA0000A0B059B0AF1FF3A06F101099B4537BF91
:10FFB0000EAB30205B445879554500F3F380414641
:10FFC000039B984700280BF1010BFFF6A7ADBAF190
:10FFD000FF3F08D141462E20039B98470028FFF69B
:10FFE0009DAD06F102094E46DBE730230127C4E64A
:10FFF000069B03EA0C0C079B03401846B7F5806F7D
:020000040101F8
:1000000026D15CEA00001CD042F008024FF4806761
:100010008DF83C200E230593702307933B4603F194
:100020006302C62A38D903F2E73340F2CE72934214
:100030008CBF04230323069323E71D46DEE70D252B
:10004000DCE742F004028DF83C20E3E73D46FAE6A7
:1000500063460146F7E6092A09D830320DF1380C1B
:1000600085428444B8BF05468CF80520FBE622444F
:10007000D2B2F3E7079B662B05D14BF4005B2C460D
:100080000122112365E6EBB200226527012B1446FD
:10009000079738BF01235CE60223CCE7B9F1000FD4
:1000A0003FF405AFBAF1030F32DD049BAAF103045C
:1000B0001F072DD4344441462020039B0136984726
:1000C0000028FFF62BADB442F5D1BBF1000F35D0BF
:1000D000002415E0B9F1000F2AD14FF02B09E6E614
:1000E000B9F1000F27D14FF02D09E0E64FF0200BBA
:1000F000BAF1040FECDD049BAAF104041D07D9D565
:1001000041465846039B013698470028FFF606AD46
:100110009DF83C309E4D13F0080F9E4B08BF1D46C6
:100120002F46B94617F8010B50B9751BA9445BE07F
:100130004FF02B0BDCE74FF02D0BD9E75C46E7E7E0
:10014000089B4146C01A039BC0B298470028E8DAD2
:10015000E4E4059A013AD2B20592B4E65D1ECFE618
:100160000025CDE6049B13F4006F069B0CBF03240F
:1001700005241C44CCE6049BD90648BF0134D0E6D4
:1001800041462020039B013698470028BFF6D3AE96
:10019000C4E441463020039B013698470028BFF64F
:1001A000F3AEBBE4BA450AD19DF83D30352B1ED8DD
:1001B00005D19DF83C3013F0100F08BF31204146A7
:1001C000039B98470028FFF6A9AC049BD8060BD5E3
:1001D000BAF1FF3F08D106F1020941462E20039BE8
:1001E00098470028FFF69AAC4E464C4445E2312031
:1001F000E5E79DF83D00414631281EBF9DF83C30A3
:1002000023F010038DF83C30039B98470028FFF63D
:1002100085AC002D6DDD41462E20039B06F10209C1
:1002200098470028FFF67AAC01263346059A4146E6
:1002300009F10109964237BF503330206B4413F85F
:10024000130C039B98470028FFF668AC0136F6B202
:10025000AE423346EADDDDE907324146981A039B98
:10026000C0B298470028FFF659AC002F04DB4FD1ED
:100270009DF83C30DB064BD57F422D204146039B49
:1002800098470028FFF64AAC069B042B42D14FF456
:100290007A764146039B09F1030997FBF6F505F1D0
:1002A0003000C0B298470028FFF638AC06FB15773F
:1002B00064264146039B09F1010997FBF6F505F118
:1002C0003000C0B298470028FFF628AC06FB15772F
:1002D0000A264146039B09F1010997FBF6F505F152
:1002E0003000C0B298470028FFF618AC06FB15771F
:1002F00018E0049BDA0602D406F10109ABE7414697
:100300002E20039B06F1020998470028A3DA05E492
:100310002B20B3E7069B09F10209032BC8D0069BEB
:10032000012BD5D107F1300009F101094146C0B2D6
:1003300055E7A7F16303122B00F20081DFE813F009
:1003400013005800FE00FE00FE00FE005800FE00F4
:10035000FE00FE00FE00FE001A01F900FE00FE0095
:100360002C00FE00BA000D9B01240EAF1A1D1B6865
:100370000D928DF838301BF0080F2ED03D19B9467C
:10038000A9452CD1F71BB944AAEB04042CE700BF04
:100390004B550101475501010D9B1A1D0D921F6818
:1003A000AC4B002F08BF1F461BF0400F384614BF50
:1003B00029464FF0FF3104F0E9F80446DBE74146F7
:1003C0002020039B98470028FFF6A8AB013DAC42D4
:1003D000F5D35644AA46761BD0E75546F7E7414683
:1003E00019F8010B039B98470028C9DAFFF796BB61
:1003F0001BF0800F0D9B3CD01BF4007F34D00733E3
:1004000023F0070303F10802D3E900010D922BF05A
:10041000100900291FFA89F93DDA404249F4806940
:1004200061EB41010DF1380B0A235A4604F0C7F87D
:1004300019F0400FA0EB0B0B65D029F001025D45D0
:1004400092B240F3B380002F00F0AB8019F010039C
:100450002C46914640F0AD8040F2064319EA030372
:100460001CBF0134002355E01A1D18680D92C117F6
:10047000CDE71A1D1BF4807F19680D9201D1084643
:10048000F5E71BF4007F19BF48B241F3C01108B271
:1004900041F3C031BBE750EA0103C3D11BF0400F69
:1004A000C0D0002DBED12BF0110B1FFA8BF9AB463B
:1004B0002C46D1E72BF0100B0A231FFA8BFB1BF005
:1004C00080040D9A59D01BF4007115BF0732101D1E
:1004D00022F007020D900FBF106802F108010D9184
:1004E000D2E9000150EA010254D12BF016091BF0A9
:1004F000400F1FFA89F951D0002D4FD12BF0170B67
:100500001FFA8BF9AB4619F0100354D0002F4FD1CE
:100510000BF1010419F0080F60D119F0010F06D09A
:10052000A2456FDDAAEB040404EB0B0554462246FA
:100530004FE04BF0100B10237827C0E747F0200363
:10054000782B05D1582F14BF10234FF40473B6E74E
:1005500041462520039B98470028FFF6DFAA414625
:100560003846039B98470028FFF6D8AA0236099B15
:10057000FFF7C6BA08230027A1E7111D10680D91E7
:100580001BF48071AED01BF400711ABFC0B22146BB
:1005900080B2A7E72BF0060B1FFA8BF90DF1380B91
:1005A00043E729F011091FFA89F981E79146AAE783
:1005B0005C460234AEE75C464EE7CDE90423414693
:1005C0002020039B98470028FFF6A8AA049A059BC1
:1005D00001329245F1DC341BA6181446A3B1414602
:1005E0003020039B98470028FFF698AA87B302366D
:1005F00041463846039B98470028FFF68FAAB1462C
:1006000035441CE05D4692E740F2064319EA030FC9
:10061000F5D019F0020F06F10106414614BF2B2058
:10062000202019F4806F18BF2D20E3E741463020C9
:10063000039B09F1010998470028FFF66FAAA5EB73
:1006400009039B45F2DB5D460EAE2DB9D9449BE60E
:100650000136D4E74F550101013D4146039B705DD2
:1006600098470028F1DAFFF759BA41462020039B4A
:10067000013698470028FFF651AAA31B002BF4DC93
:1006800075E700BF1FB502AB074A00934FF0CC33AC
:1006900004F079F8DDE90201C00840EA4170C908B8
:1006A00005B05DF804FB00BFCDCCCCCC2DE9F04FFC
:1006B0009BB0044605920A460A93C2F30A559DF878
:1006C0009030D20F0B93C1F313030992090D85B932
:1006D00050EA03021DD1059A302301265371099B6C
:1006E000957143F002031560137130461BB0BDE8ED
:1006F000F08F40F2FF7295424BD10343099B059A5C
:100700004FF0000614BF43F0080343F004031371D5
:10071000EBE700F001024FEA830887009A4608924F
:10072000012248EA9078AA4D1646C5F1000B0692C0
:10073000584600F01DFBB5F1FF3FACBF8146A0F16C
:100740000109ABEB090B09EB05035846049300F0D4
:1007500015FB16A9A0F17D05584600F015FA12AB5D
:10076000069AA9EB0505019310AB2046029200936F
:1007700016AA2B46514603F04CFFB9F1010F04466F
:100780000D4600F2D280089B002B40F0C580012767
:100790006BE043F4801A00F001020343A5F23545F3
:1007A0004FEA8A0808924FEA800748EA907849D1D0
:1007B00040F2FE7319420CBF01260026002D32467E
:1007C000B3DB284600F0CEFA032DC8BF01380490F1
:1007D00000F0D4FA049B7C3016A95D1B0544184632
:1007E00000F044FA12AB204616AA019310AB514612
:1007F000029600932B4603F00CFF049B04460D4623
:10080000152B00F2868014AB724A3846414600939D
:100810004FF0CC3303F0B7FF149B159A9B0843EAC3
:10082000827303EB8303BB42DDE9109A0CD1384697
:10083000414600F091F9049B83428CBF00270127B9
:10084000002612E00126B9E7089B002B51D1013F99
:1008500048F1FF31B81B61F1000100F07DF9049B04
:10086000089F83428CBF002601260B9B002B40F083
:100870009080DDF828B04FF000084FF00A0ACDE96B
:100880000688DDE91001FFF7FDFE129BCDE90C01A2
:10089000184613990E93FFF7F5FE0C9B81460D9AAF
:1008A00098420B460F91934180F08D802046294657
:1008B000FFF7E8FE0AFB09F30E9AB8F1000F14BF28
:1008C000002707F001070AFB10480D46934214BFAA
:1008D000002606F001060C9B5FFA88F80446109388
:1008E0000D9BCDE911390F9B1393079B01330793A0
:1008F000C7E7B81C48F1000100F02EF9049B8342C1
:100900008CBF00200120B9EB00006AF10002CDE9A4
:10091000100200273E46A8E7109B0127119A013BD1
:1009200042F1FF32CDE910328AE7B9F13E0FF0D83B
:100930004FF0FF33A9F12000C9F1200103FA09F2B9
:1009400003FA00F023FA01F103FA09F3024327EA5C
:1009500003070A4328EA020857EA08070CBF0127E1
:1009600000276DE700FB02FC0133A1FB001262448B
:100970008C4275EB020CF5D2049ADDF828B01344D2
:10098000259A1344012BB8BF01239B45A8BF9B4662
:1009900071E70A21002201230846E9E70AFB03F078
:1009A0000131A2FB0A230344944275EB0300F5D204
:1009B000594511DDBBF1000F02D154EA05030BD0FC
:1009C0000123069372E70A2200230121ECE700BF0E
:1009D000CCFBFFFFCDCCCCCC002E2FD04FF00A0AA1
:1009E000129B139918460D93FFF74CFE0D9B0AFBC3
:1009F00000F281460C919A4220D1B8F1000F14BF49
:100A0000002707F00107DDE91001FFF73BFE0E901C
:100A10000D9120462946FFF735FE0D9B0AFB104835
:100A20000E9A04460D465FFA88F81092CDE9113906
:100A30000C9B1393079B01330793D1E7DDF81090CC
:100A4000079B9944002F60D0B8F1050F5DD114F0D9
:100A5000010350D1069A32B9DDE912239D4208BF45
:100A6000944265D0069B18194FF00A044FF000021B
:100A70004FF0010645F100012546A04271EB020747
:100A800059D2EBB1B3451BDA0B9B63B106EB0903FB
:100A9000259ADDF828B0134423EAE3739B45A8BFE9
:100AA0009B465E450CDD053009F1010906F1FF3674
:100AB0004FF00A024FF0000341F10001EFF74CFB49
:100AC0005E450FFA89F9059BA8BF5E4636B2B14470
:100AD00006F1050809F1FF3798444FF00009B145C8
:100AE00030DB059B002233445A71059B1A461F6078
:100AF000099B1371F9E5069B2BB9DDE912239D4291
:100B000008BF944209D00123ADE7069B53B9DDE944
:100B100012239D4208BF944204D1089B002BF2D1BE
:100B2000002EF0D0B8F1040F94BF002301239AE700
:100B30004FF00408F1E705FB02F70136A4FB05427C
:100B40003A449AE70A220023EFF706FB303209F114
:100B5000010908F8012DC2E770B50346094A0020D3
:100B60004FF0CC364FF0333506FB03F402FB014463
:100B7000A3FB023121449D4275EB010401D30130F6
:100B8000F2E770BDCDCCCCCC1A232DE9F04FB0FBF1
:100B9000F3FA334E03FB1A0389B004460D4606EB05
:100BA0000A1653B9D6E90023C1E90023D6E90201A8
:100BB000C5E9020109B0BDE8F08F2A4A02EBC30380
:100BC000D3E9008904AB404649460093D6E90223A5
:100BD00003F0D9FD06AB83460F46404649460093D5
:100BE000D6E9002303F0CFFD00238146DDE906624C
:100BF00016EB0B0652EB070828BF012333B1049B09
:100C0000059A013342F10002CDE9043220460391F6
:100C100000F0B4F807461A2000FB0AF000F0AEF826
:100C20003F1A3246434648460399009703F0C6FDF3
:100C30000D4A4FEA141C640004F01E0352F82C40C5
:100C4000DC4004F003042418304641F10001DDE9E2
:100C50000423C5E900414146009703F0AFFDA7E733
:100C6000284B0101584A01012C4F01012DE9F04F99
:100C70001A2700F11905DFF8E0A089B004460E46F6
:100C8000B5FBF7F56F434FEA051B0AEB05153A1A5A
:100C90000AD1D5E90023C1E90023D5E90201C6E95B
:100CA000020109B0BDE8F08F2C4B03EBC203D3E97E
:100CB000008904AB404649460093D5E9022303F07E
:100CC00062FD5AF80B206B68013ACDE9020106A9D2
:100CD00063F1000340460091494603F054FD8A4603
:100CE000029900238146DDE906526D18039952EB03
:100CF000010828BF012333B1049B059A013342F157
:100D00000002CDE90432384600F038F807462046A4
:100D100000F034F83F1A2A464346484651460097A9
:100D200003F04CFD0E4A4FEA141C640004F01E034D
:100D300052F82C40DC4004F0030401342418284607
:100D400041F10001DDE90423C6E900414146009775
:100D500003F034FDA3E700BFF84B0101584A01013D
:100D6000804F0101014B5843800C70474134010012
:100D7000014B5843000D7047FB2E0B00024B5843AC
:100D8000C00C0130704700BF4F9312007047002322
:100D900083F31188BFF36F8F0323184602DF704778
:100DA0006FF0570070476FF05700704708B5FFF7B6
:100DB000F7FF10B110F1580F06D1FFF7F4FF10F153
:100DC000580F02D00028F8D008BD0020FCE7836847
:100DD00000EBC101B3F5004F2CBF51F8220031F8F0
:100DE0001200704700EBC1018068B0F5004F2CBFC6
:100DF00041F8223021F812307047012208B5FFF780
:100E0000E6FFD04008BD836800EBC101B3F5004F99
:100E100008D34B681AB143F001034B60704723F0CD
:100E20000103FAE74B881AB143F001034B80704786
:100E300023F00103FAE753000122FFF7D3BF8368D1
:100E4000B3F5004F34BF04230823C91A081AC00899
:100E50007047B0F5004F34BF04230823481C083303
:100E6000A0EBD300B0FA80F0C0F11F0070472DE96D
:100E7000F041174603220E460446FFF7A8FF8642BC
:100E8000054607F104080AD10122E368BA4023EAC3
:100E90000203E360002344F82830BDE8F0813146C6
:100EA00002222046FFF793FF06462B460146032207
:100EB000204644F82850FFF795FF33462946204640
:100EC000BDE8F0410222FFF78DBF70B50D46866880
:100ED0000446FFF792FFB6F5004F014601D3012803
:100EE00009D03046FFF7B5FF294602462046BDE847
:100EF0007040FFF7BCBF70BD2DE9F0470546806824
:100F0000FFF7A7FF05EB800ADAF81090884606463F
:100F1000B9F1000F1BD00327DAF81040284621460C
:100F2000FFF76BFF404507D3324621462846FFF7BF
:100F30009EFF2046BDE8F087032221462846FFF7A2
:100F400046FF013FCAF8100001D08145E4D14FF0BF
:100F5000FF34EB680136B4401C40EAD094FAA4F2A6
:100F6000B2FA82F2131D55F82340DEE72DE9F04175
:100F700014460E460546FFF740FFA4EB0608371B54
:100F80000744424631462846FFF755FF3A46214678
:100F90002846FFF750FF4346002221462846FFF728
:100FA00021FF21462846FFF728FF3B462118002253
:100FB0002846BDE8F041FFF715BF2DE9F041164680
:100FC00004460F46FFF719FF314605462046FFF756
:100FD00014FF05442A4639462046FFF72CFF3146C8
:100FE0002046FFF70AFF2B46311800222046BDE8B5
:100FF000F041FFF7F7BE2DE9F0410D468668044643
:10100000FFF7FBFEB6F5004F014601D3012832D0B1
:101010003046FFF71EFF04EB80010E6996B90122EE
:10102000E36882401343E36002220D612B462946A8
:101030002046FFF7D7FE032229462046BDE8F041AF
:10104000FFF7D0BE022231462046FFF7C0FE07461A
:10105000034629462046FFF7C5FE032233462946AC
:101060002046FFF7BFFE39462B462046FFF7BAFE63
:1010700002223146E1E7BDE8F081F8B50C460546AD
:10108000FFF7BBFE2618012231462846FFF79FFED8
:10109000C3070CD431462846FFF717FF21462846E0
:1010A000FFF7ABFE214622182846FFF786FF0022F5
:1010B00021462846FFF78BFE271A0122394628468B
:1010C000FFF785FE10EA020613D139462846FFF7DE
:1010D000FCFE214632462846FFF779FE2246211AB9
:1010E0002846FFF76AFF214632462846FFF76FFE83
:1010F000241A21462846BDE8F840FFF77CBF38B5E2
:1011000071B1056800222846FFF799FE04460146A2
:101110002846FFF778FE2146BDE83840FFF7ADBF0F
:1011200038BD70B5066809B9002070BDB368B3EB6F
:10113000D10FF9D9B3F5004F34BF04230823CC1DD8
:101140001C44E40821463046FFF7D6FE0546002839
:10115000EAD001463046FFF750FEA04209D92C44A0
:10116000294630462246FFF701FF21463046FFF769
:1011700042FF304601222946FFF745FEB368B3F52A
:10118000004F34BF0423082303EBC5031844CCE706
:101190002DE9F84306681446B26801F1FF39B2F54B
:1011A000004F34BF0423082319EA01090F460BD06E
:1011B000494239408B424F4628BF0B46894654B9B5
:1011C00000252846BDE8F8839942F8D82146BDE8B5
:1011D000F843FFF7A6BFB2EBD40FF1D9B2F5004F39
:1011E00034BF04220822E11D3944C91A1144304693
:1011F000C908FFF781FE80460028E1D0B36809EBFB
:10120000C005B3F5004F34BF042308231D44354403
:101210007B1E1D44B5FBF7F57D43A5EB090529466B
:101220003046FFF70CFE2C44073424F00704A41BBF
:10123000804507464FEAE40408D20246414630465C
:10124000FFF794FE41463046FFF7D5FE394630465B
:10125000FFF7D3FD3844844208D23946304622464F
:10126000FFF784FE21463046FFF7C5FE01223946CE
:101270003046FFF7C8FDA4E7B2F5802F2CBF082346
:1012800004232DE9F0410026D21A8C18CD1D25F03B
:10129000070524F00704641BE40805602146204686
:1012A000AC60EE60FFF7D5FD421D9200013002F107
:1012B00007074FEAD7073146A2F1100205F11000E7
:1012C000B8BF324603F0C0FA3A4631462846FFF727
:1012D000B2FD3346324631462846FFF783FDA4EB84
:1012E0000708284631460122FFF78DFD4246394660
:1012F000FFF7A1FD3B46324639462846FFF772FD0F
:1013000021462846FFF797FD4346324621462846A8
:10131000FFF768FD214628460122FFF774FD394694
:10132000BDE8F041FFF767BE002070470FB407B576
:1013300004A951F8040B0191F2F7E4FC03B05DF845
:1013400004EB04B07047002203680BB918467047DD
:101350008B4210D10B6842B942680360914200D1C0
:101360004360002301200B6070471360436899427B
:1013700008BF4260F5E71A461B68E6E7038B13F0E7
:10138000070305D10368002B0CBF00200320704722
:10139000022B05D1408BB0FA80F0400980007047E5
:1013A000012B05D10368002B0CBF002005207047DE
:1013B0000020704710B50C4600B111B96FF0150050
:1013C00010BD081D00F0D2F80028F9D1A368032B46
:1013D000F6D9F3E72DE9F0410D4607461946281DD9
:1013E00090461E4600F0D3F8044638B133464246D4
:1013F00029463846A446BDE8F0416047BDE8F08183
:1014000010B4EFF31182402484F31288BFF36F8F7E
:10141000416110BC0121F2F7A7BC38B50C46054666
:1014200058B151B10B6843B14B6833B11C22002154
:1014300003F00AFA00202C6138BD6FF01500FBE7BD
:1014400070B505460E46FFF7B5FF041E14DBEFF33B
:101450001182402383F31288BFF36F8F4FF6FF7121
:101460006B8B2C8B8B4204F0070407D182F311881D
:10147000BFF36F8F6FF00A04204670BD022C0CD1B1
:1014800001336B8382F31188BFF36F8F00232246F1
:1014900031462846FFF79EFFEEE7062C14D8DFE81A
:1014A00004F004131313041A0400002333606B6860
:1014B0003BB9C5E90066ACB902212846F2F754FCF5
:1014C000DAE71E606E60F6E782F31188BFF36F8F74
:1014D0006FF00404D0E782F31188BFF36F8F6FF0D1
:1014E0008504C9E782F31188BFF36F8FC4E710B595
:1014F000EFF31182402383F31288BFF36F8F048BC5
:1015000004F00704022C0AD0012C0CBF6FF0040079
:101510006FF0850082F31188BFF36F8F08E0438B73
:10152000013B9BB2438323B92146F2F71DFC2046C1
:1015300010BD2046EEE738B5A8B1A1B1EFF3118593
:10154000402282F31288BFF36F8F048BFFF7FBFEFC
:1015500030B104F0070085F31188BFF36F8F38BDF9
:101560006FF07700F7E76FF01500F8E7034658B122
:10157000426802F00302012A03D0032A04D1026860
:1015800012B10020986070476FF0150070474268F4
:10159000034602F00302032A4FF00002816014BFE9
:1015A000104600685A607047704720B183682BB1BD
:1015B0001B6833B118476FF0150070476FF00400D7
:1015C00070471846704730B450B149B142B1846891
:1015D00054B1E56845B141F8040BE36830BC1847E5
:1015E0006FF0150030BC70476FF00400FAE730B4BC
:1015F0001346044650B1006860B182686AB19568CC
:101600005DB10A46AC46616830BC60476FF01500BA
:1016100030BC70476FF00100FAE76FF00400F7E7A5
:101620000369D3F8600370476FF085007047084680
:1016300008B5114618B102F06CF8002008BD6FF033
:101640000100FBE7084608B5114618B102F059F849
:10165000002008BD6FF00100FBE713B50446084603
:10166000216901F55771D1E8AF1F022909D15BB19A
:1016700068B100931346D0E90912FBF7E9FF02B005
:1016800010BD6FF00F00FAE76FF04C00F7E76FF056
:101690000100F4E72DE9F8431C46DDE9085316463E
:1016A00098460F46006939B34AB344B36A1C43F104
:1016B0000003022A73F1000324D2226842B1D0F859
:1016C00060339A4204D96FF00B002360BDE8F883C1
:1016D00005EA080909F101035A425A4121463846F0
:1016E00002F01FF888B9B8F1FF3F08BFB5F1FF3F1E
:1016F000F0D06FF06800E9E76FF00100E6E76FF007
:101700001500E3E76FF08500E0E730600020DDE7DB
:1017100002F04AB838B50D46044600F140012846AB
:10172000F2F7D8FA30B1284604F1B001F2F7D2FA54
:1017300020B90120702303FB004038BD0020FCE7E6
:1017400002F52A7102F52E7002F011BBD0F8B0300C
:10175000A0F52A70003B18BF012300EB8300D0F8EE
:10176000940201F080BFC86828B1096983681B68CA
:101770000BB1002218477047FCF76CBBD0E8EF3F75
:10178000C0E8E21F002AF9D1704710B54368046928
:101790001B68C4F8583304F5D47002F079FA0021BC
:1017A00004F55770FFF7EAFF084610BD2DE9F34135
:1017B00017460D4679B30B786BB3D0F8A840A4F563
:1017C000CA7814344FF0FF324FF0FF332046FCF755
:1017D000C9FA2A46404601A9F2F7F6FB019E2EB946
:1017E000204602B0BDE8F041FFF7C6BF58B1204621
:1017F000FFF7C2FF3B462A463146404602B0BDE8ED
:10180000F041F2F7BFBB2022294606F1400002F06A
:10181000ADFE3766E4E702B0BDE8F081030103EBFB
:101820004003093323F0030303EBC00348430330B1
:10183000083320F003001844400070472DE9F843B6
:1018400006464FF001090569D0F8048005F5577781
:10185000D7E8EF3F022B03D1C7E8E29F002AF7D178
:1018600041D195F86430002B40D195F8D430002B4D
:101870003CD12846D5F8581300F054F8044680BBF4
:1018800073683669D3E9050183681B693BB3224657
:101890009847044628BB06F52E7649463046FCF7A5
:1018A000DFFC304605F5E076F3F754F83046D8F81B
:1018B000001000F074F8044698B90146E82230465A
:1018C00002F0C2FF21464FF4DE72284602F0BCFF50
:1018D00021463846FFF752FF2046BDE8F8836FF0F7
:1018E00057040221F5E76FF07704F5E76FF00F0476
:1018F000F2E710B50846029B114652B993F86420EE
:101900002AB90122184683F86420F2F74DFC002022
:1019100010BD9A6E5468002CF9D0DA6EA047F6E735
:1019200001F042BF38B50D46044660B1E03002F028
:1019300067F90DB1002038BDC4F89451C4F898512E
:10194000C4F89C51F6E76FF01500F4E70268D2F88E
:10195000E03013B1D2F8DC10184770477047836944
:1019600013B9D0F888301970704701207047836927
:10197000012B04D1D0F888301878C0B27047042009
:10198000704738B5C41DE400204602F0BEFB054692
:1019900018B12246002102F057FF284638BD38B55D
:1019A00004463022002102F04FFF1822002104F1EA
:1019B000BC0002F049FF1822002104F1A40002F04B
:1019C00043FFD4F8D800FBF7F5FDD4F8D400FBF7BB
:1019D000F1FD002304F13400C4F8A03001F0C5FB90
:1019E000FBF74CFDE36E04F140050BB12846984728
:1019F00038220021284602F027FF002038BD70471A
:101A0000012801D1EFF30583FCF76EB801460068A9
:101A1000FFF7F6BF08B5F2F7C9FDBDE80840F2F7D9
:101A2000E9BD00210120FFF7EBBF38B504460D46A4
:101A300011461A46F2F7ACFD20462946049AF3F700
:101A400037F8204638BD036E83F30B88704761B6C4
:101A500062B680F31188BFF36F8F704708B5F3F754
:101A600043FB72B6002383F31188BFF36F8FF3F744
:101A7000B9FB50B1BFF34F8F30BF00BF00BF00BFF5
:101A800000BF00BF00BF00BF00BF62B6BFF36F8FD3
:101A900008BD10B50446F3F727FB72B6002383F3A5
:101AA0001188BFF36F8FF3F79DFB50B1BFF34F8FDA
:101AB00020BF00BF00BF00BF00BF00BF00BF00BF0E
:101AC00000BF84F31188BFF36F8F62B610BD40E88A
:101AD00000F313F4803FD8B208BF6FF015007047D1
:101AE00030B50C684B6885B00A894D890094013B7C
:101AF00024F01F04234402F01F0242EA451223F09F
:101B00001F0369468DF808200393F3F799F805B091
:101B100030BD08B5F3F754FA002008BDF0B5D0F891
:101B20000473064617F002001CBFC2F180701860F3
:101B30004FF0000518BF01204FF0010C4FF4803E1C
:101B40000CFA05F40C4214D00EFA05F43C4210D005
:101B500005F5A87456F82440A41A34F07F4408BF51
:101B60004FF0807408B91C6002E01868A042FAD8EF
:101B700001200135042DE3D1F0BDF3F749BAF3F7A5
:101B800047BA0C220369C9B201FB0233186C00F09A
:101B90000700704770B5C9B20369EFF3118540249F
:101BA00084F31288BFF36F8F0C2606FB0134246C7C
:101BB00014F0C00408D0A24206D085F31188BFF308
:101BC0006F8F4FF0FF3070BD012206FB01331A64A6
:101BD00085F31188BFF36F8F436803EBC1035B6824
:101BE00098470020EFE78022FFF7D4BFF8B5069FA3
:101BF0000469C9B2EFF31186402585F31288BFF35B
:101C00006F8F0C2505FB0144256C05F0070CBCF11A
:101C1000010F0CD1276486F31188BFF36F8FC4E9DD
:101C20000E23436853F8313098470020F8BD05F083
:101C3000C005AF4286F31188BFF36F8F0CBF6FF002
:101C400077004FF0FF30F1E713B580240094FFF7E1
:101C5000CDFF02B010BD10B41C240069CBB203FB51
:101C60000400002110BC10470020F4F7ABBA00209C
:101C700000F02CB91046FCF729B9436800205B68D6
:101C80001B690B607047436802EA01005B6821EA48
:101C9000020198600020D9607047436800205B68AB
:101CA00099607047436800205B68D960704743685B
:101CB0005A68536821EA03000B4090600020D3600B
:101CC000704710B503695868F8B1884219D19C680B
:101CD0000868A142586000D19860002008602AB1CD
:101CE0005A680A609A68596002B99960002010E049
:101CF000814206D10868206098688142EDD19C60DD
:101D0000EBE7044600680028F2D1002AE8D16FF022
:101D1000150010BD30B451F820500C4601EB800284
:101D20003DB10146AC46D4F88000002330BC126CB3
:101D3000604730BC704710B500690F299FBF00EBAA
:101D4000810440F821202364002088BF6FF0150033
:101D500010BD00207047102070470F290ED843682F
:101D60005B68CB40DB0709D501228B00DBB203F1B6
:101D7000824303F5903300201A6070476FF015001E
:101D8000704738B50F290C46056933D843681B687E
:101D9000CB40DB072ED5D5F8841021FA04F303F0ED
:101DA00001031AB99BB96FF0770022E0002BFAD13A
:101DB00011B91220F2F74CFE0122D5F88430A2406E
:101DC0001343C5F88430E0B2FBF75AFA0AE0E0B2F8
:101DD000FBF75EFA0122D5F88430A24023EA020321
:101DE000C5F88430D5F8843013B91220F2F73EFEDE
:101DF000002038BD6FF01500FBE7002200F1500312
:101E00009B009BB203F1824303F5B0331A601B6859
:101E10007047F3F7DBBEF3F71DBF1FB5002102913A
:101E20000799019106990091F3F790FF05B05DF8CD
:101E300004FB08B5F3F768FF08BD684620F007010A
:101E40008D4601B5EFF7D0F9F2F7D4FBBDE80140BC
:101E50008546704708B54FF0FF314FF0FF30F4F77B
:101E600031F9F1F719FFBDE80840F4F733B96846D6
:101E700020F007018D4601B5FFF77FFEEFF758F917
:101E8000BDE8014085467047684620F007018D4651
:101E900001B5EEF7FDFAF2F7ADFBBDE8014085466E
:101EA000704708B5F1F77EFE002008BD07B501A810
:101EB00000F035F92D2301A88DF805308DF8063096
:101EC00000F026F9002003B05DF804FB012801D1E1
:101ED000EEF788BB70477047EEF7C8BB002070472D
:101EE00010B53B29046901D00C2904D1F1F70EFA91
:101EF0002060002010BD6FF08500FBE7704713B530
:101F00000029AEBF00240124002100230094FFF724
:101F10008CFD02B010BDF2F79BBDF2F7A7BD08B56E
:101F2000F2F7B8FD003818BF012008BD7047EFF385
:101F30001183402282F31288BFF36F8F03607047D2
:101F400080F31188BFF36F8F704701F03AB808B57E
:101F5000F4F780FDF9F7E8FE002008BD002383F3C5
:101F60001188BFF36F8F0423184602DF704773B5E3
:101F700000210191016804460091006916461D4642
:101F8000FFF74BFFEFF3108372B6C4E9026583F3EA
:101F9000108802B070BDF3F7B7BEFDF7ADBA43F6D7
:101FA0000952A0FB020302FB013140F2FF13C018EB
:101FB00041F10001400A40EAC150490A70471F2020
:101FC000704738B50446F6F775F905462046F6F72A
:101FD00077F9A54204D0BDE83840002000F0E4BC09
:101FE00038BDF6F767B9F6F779B9002307B501A848
:101FF000ADF8043000F020FA03B05DF804FB00F007
:10200000F1BCF6F775B9F6F77FB9F6F78BB9012091
:1020100000F0D3BB08B5002000F0CFFB80F001003A
:10202000C0B208BD6FF0010307B500220093012381
:102030001146184600F0DFFB03B05DF804FB7FB5E6
:102040001D4600230293CDF80B3001230899044666
:1020500016468DF80A3021B9F6F72CF902A98DF849
:102060000B0048780B7800B953B98B7813B18B7992
:10207000FF2B07D032462B462046009100F0CEFCC5
:1020800004B070BD0020FBE700F0F0BC00F00ABD1A
:1020900000F037BD0146002000F029BC002000F010
:1020A00047BC10B590F8803004460BB1FFF756FFDF
:1020B000204600F05BFC18B9BDE81040FFF74EBFAA
:1020C00010BDF6F7CBB8F6F7D7B8F6F7EBB8F8F7D8
:1020D000CBBC10B41446DBB29DF804200193234618
:1020E00010BCF8F7EBBBF8F761BCF8F7A3BCF8F746
:1020F000DFBB002307B51A460093F8F7DFFB03B0F8
:102100005DF804FB0022F8F751BC0021F8F792BCFF
:1021100008B5F6F70FF9BDE8084000F063BCF6F724
:1021200027B9F6F739B9F6F741B9F6F745B9F6F731
:102130004DB9F6F751B9F6F755B908B502F061F89F
:1021400000F00703400000F05000184340F0080082
:1021500008BD02F01DB9F8F71DBAF8F721BAF8F773
:1021600089B9F8F7EDB9F8F709BA70477047F9F788
:1021700033BEF9F745BEF9F757BEF9F76BBEF4F772
:10218000D7BCF9F7BDBEF9F7D7BEF9F731BF08B52F
:10219000F4F7F4FCBDE8084002F0DBB870B5044683
:1021A0000D461646F5F750FF30B132462946204617
:1021B000BDE8704000F0BEBA70BD7FB501786B46D7
:1021C00001310122C9B200F016FA18B1009B58780B
:1021D000C0F3401007B05DF804FB08B5F6F794FDB6
:1021E00000F0C2F8404240B208BD37B500240025D7
:1021F0006846CDE90045FDF765FA28B9CDE9004507
:10220000DDE9000103B030BDDDE900321343F7D151
:1022100001220023CDE90023F2E708B500F04DF8D4
:1022200020B1F4F777FD10B9F5F740FF002008BDA5
:1022300008B5F6F71BF818B9BDE80840F4F7F2BC8A
:102240000220F4F7EFFCBDE8084000210846F4F74F
:10225000C9BD0020F4F7E6BC10B50446FFF7E8FF5F
:10226000F5F7B8FF204600F080FABDE81040F5F71A
:1022700047BFFFF773BE38B50546FFF7CEFF0446EC
:1022800068B1012228461146F4F7E0FE044620B169
:102290000820F4F7C7FCF4F7F7FDF5F707FF204631
:1022A00038BD0120704701207047F8F761BA7047C8
:1022B000F7F7E2BEF8F76EBA70470020F5F75ABF9D
:1022C00008B50120F5F756FF18B9BDE80840FFF73B
:1022D00045BE08BD01F097BFF8B50F4615461E462E
:1022E000044608B9FFF73AFE0FB9FFF737FE731E31
:1022F000FE2B01D9FFF732FEB5FBF6F5AB1EFD2B29
:1023000001D9FFF72BFE00232760A37165712671A9
:10231000E371F8BD81790279006801FB0200704722
:10232000837942790133DBB29A4298BF00238371EB
:102330007047C1790279006801FB02007047C379D8
:1023400042790133DBB29A4298BF0023C3717047D0
:10235000837942790133DBB29A4298BF0023C07976
:10236000C31A58425841704710B50446F6F740F872
:102370002044C0B210BD10B50446F6F739F8201A53
:10238000C0B210BD10B50446C0B2F6F731F8201A3D
:1023900000B210BDFFF7EFBF08B5FFF7F3FF5D38E0
:1023A00040B208BD08B5F7F71BF9F8F765FFF9F774
:1023B00007F808BD08B504200121F7F7B3F9BDE817
:1023C00008400C20F7F740BA08B58000002100F063
:1023D000FC00F7F7A7F9BDE80840F7F7CBB908B557
:1023E000F6F7CAF9BDE80840F6F75CB8F6F748B961
:1023F000F6F72AB908B500F001F808BD0F207047BC
:10240000704700BF00BF00BF00BF00BF00BF7047E4
:1024100037B5ADF80410C9B20446154641B19DF96F
:1024200005102A46204603B0BDE83040F1F7CCBB8A
:10243000F5F74EFF0146F4E738B50546F5F73AFFE4
:102440000446F5F745FF2A4601462046BDE83840D8
:10245000F1F7BABB08B5037A012B12D8BFF35F8F2F
:10246000D0E84F3FDBB28B4203D0BFF32F8F002069
:1024700006E0C0E8432F002BF2D1BFF35F8F0120AD
:1024800008BDFFF76BFDF2E7582370B5044603FB68
:102490000105AC4201D1002608E0204602220121BC
:1024A000FFF7D8FF264658340028F2D0304670BDDA
:1024B000F8B5846901F06CFFD4E91067BFF35F8F52
:1024C00094F8483094F8492001335B0192B9A03365
:1024D0009D1947F10002A84291410ED2C4E9085269
:1024E000A36304F11000FCF793FF00B3BDE8F840CC
:1024F000FFF734BD03F53073EAE700220820616876
:1025000000F007F908B9FFF729FD4FF0FF3301226A
:10251000042120466360FFF79DFF08B9FFF71EFD09
:10252000F5F7A4FE18B9BDE8F84000F046B9F8BDCB
:1025300008B54FF0FF33012202214360FFF78AFF05
:1025400018B9BDE80840FFF709BD08BD38B5054614
:10255000F7F78AFB044608B9002038BD2846002159
:1025600001F0CAFE054604F11000FCF789FF0DB921
:102570000028F1D14FF0FF336360BFF35F8F01207C
:102580002070BFF35F8FE8E703785A0607D14278DF
:10259000DB0943EA42037E3BDBB2012B04D98842CC
:1025A00034BF00200120704701207047837AFF2B41
:1025B00012D00268D25C012302F00702934013F0AC
:1025C000220F0BD113F0440F0AD113F0880F14BF60
:1025D0000120002000017047002070470420704750
:1025E00008207047022804D0C31E58425841C0003A
:1025F00070470420704730B40D46114690B1002258
:1026000018604FF0FF305D71C3F81100C3F8060089
:10261000C3F80A00D881187458611A71184630BC82
:10262000F7F7FABD30BC70470B46114642799A4223
:1026300038BF4371F7F7F0BD10B5034690F821009D
:1026400098B10C785A7EA24210D172B1486860B13C
:1026500003F11001531E022B96BF92000022033A91
:1026600001F062FFB0FA80F0400910BD0020FCE7E5
:1026700008B5F8F7A5FCBDE8084000F024B808B597
:1026800000F022F8BDE80840F8F774BA10B5036806
:1026900004465B789B0601D4FFF760FC23689B78B7
:1026A00003F03003102B02D0202B05D04BB920466D
:1026B000BDE81040F8F796BC2046BDE81040F8F79A
:1026C00079BA002010BD7047704770B500232826E6
:1026D000012406FB0305D5E84F2FD2B242B1BFF368
:1026E0002F8FBFF35F8F01339942F2D1FF2070BD6E
:1026F000C5E8424F002AEED1BFF35F8FD8B2F6E7AC
:1027000008B5F8F7A9FC18B9BDE80840FFF726BCE2
:1027100008BDF8F7BFBC38B504460D46F7F7CAF850
:1027200029462046F8F7DCFC18B9BDE83840FFF729
:1027300015BC38BD08B5F8F7F7FC18B9BDE8084076
:10274000FFF70CBC08BD08B5F8F716FD18B9BDE8D1
:102750000840FFF703BC08BD08B5F8F729FD18B914
:10276000BDE80840FFF7FABB08BD08B5F8F73AFD29
:1027700018B9BDE80840FFF7F1BB08BD08B5F8F788
:102780004BFD18B9BDE80840FFF7E8BB08BD10B520
:10279000F5F7CAFC04461420F3F7BAFD84428CBF57
:1027A0000020012010BD08B51420FFF7B8FB18B9B0
:1027B000BDE80840FFF7D2BB08BD002337B504468B
:1027C0008DF80730FFF7E3FF054640B12046F5F7E7
:1027D0005DFA8DF807009DF8070003B030BDFFF7E4
:1027E000E2FFF8F7AFFD0DF1070205700472C26059
:1027F000F8F7BEFDEFE72DE9FF411C460023074631
:102800000E461546DDF828808DF80F30FFF7BFFF24
:1028100070B123462A4631463846CDF80080F5F798
:102820004DFA8DF80F009DF80F0004B0BDE8F0815F
:10283000FFF7B9FFF8F786FD012303700DF10F03D1
:102840000773467385608473C0F810804361F8F79E
:102850008FFDE8E72DE9FF411C46002307460E46A1
:102860001546DDF828808DF80F30FFF790FF70B126
:1028700023462A4631463846CDF80080F5F748FA17
:102880008DF80F009DF80F0004B0BDE8F081FFF750
:102890008AFFF8F757FD022303700DF10F03C0E91B
:1028A000045407734673C0F808808361F8F760FD2D
:1028B000E8E7002313B504468DF80730FFF767FFFC
:1028C00040B12046F5F7B0FA8DF807009DF80700F3
:1028D00002B010BDFFF767FFF8F734FD0323037064
:1028E0000DF107038460C360F8F742FDEEE70023B3
:1028F00037B505460C468DF80730FFF748FF48B15D
:1029000021462846F5F7CAFA8DF807009DF807001A
:1029100003B030BDFFF747FFF8F714FD0423037041
:102920000DF1070305720461C360F8F721FDEDE7BF
:10293000002313B504468DF80730FFF728FF40B198
:102940002046FFF798FC8DF807009DF8070002B0BD
:1029500010BDFFF728FFF8F7F5FC052303700DF114
:1029600007030472C360F8F703FDEEE7002313B515
:1029700004468DF80730FFF70AFF40B12046F5F70F
:10298000B1FA8DF807009DF8070002B010BDFFF7FF
:102990000AFFF8F7D7FC082303700DF107038460E2
:1029A000C360F8F7E5FCEEE7002313B504468DF8A5
:1029B0000730FFF7ECFE40B12046F5F7AFFA8DF88F
:1029C00007009DF8070002B010BDFFF7ECFEF8F716
:1029D000B9FC092303700DF10703C3600472F8F713
:1029E000C7FCEEE7002307B58DF80730FFF7CFFEF1
:1029F00040B1F5F7B7FA8DF807009DF8070003B06E
:102A00005DF804FBFFF7CFFEF8F79CFC0A23037088
:102A10000DF107038360F8F7ABFCEEE7F0B51C4659
:102A2000002385B0064615460A9F8DF80F30FFF744
:102A3000AEFE58B12A46234630460097F7F75AFAB9
:102A40008DF80F009DF80F0005B0F0BDFFF7ABFE4D
:102A5000F8F778FC0E2303700DF10F03C0E904545E
:102A600086608761C361F8F783FCEBE7002307B555
:102A70008DF80730FFF78BFE40B1F7F7D7FA8DF8E6
:102A800007009DF8070003B05DF804FBFFF78BFE1D
:102A9000F8F758FC0F2303700DF107038360F8F774
:102AA00067FCEEE72DE9FF411C46002307460E4672
:102AB0001546DDF828808DF80F30FFF768FE70B1FD
:102AC00023462A4638463146CDF80080F7F766FAA5
:102AD0008DF80F009DF80F0004B0BDE8F081FFF7FE
:102AE00062FEF8F72FFC102303700DF10F03C0E90D
:102AF000027605610475C0F81880C361F8F738FCE8
:102B0000E8E7002313B504468DF80730FFF73FFED2
:102B100040B12046FFF71AFD8DF807009DF8070029
:102B200002B010BDFFF73FFEF8F70CFC1123037055
:102B30000DF107038460C360F8F71AFCEEE7002389
:102B400037B505460C468DF80730FFF720FE48B133
:102B500021462846F6F7E8FF8DF807009DF80700A4
:102B600003B030BDFFF71FFEF8F7ECFB1223037034
:102B70000DF10703C0E902540361F8F7F9FBEDE733
:102B80000023F0B5054618468842C0EBC0070CD0BC
:102B900005280AD02E5C013006F07F04BC40234398
:102BA0003406F1D402B11360F0BD4FF0FF30FBE703
:102BB0007F280BD9B0F5804F0AD3B0F5001F09D399
:102BC000B0F1805F2CBF05200420704701207047C2
:102BD0000220704703207047034610B51046FFF7E8
:102BE000E7FF814207DB441E1C44A342D1B203D15C
:102BF00001F07F01197010BD61F07F0103F8011B26
:102C0000D209F2E7002110B54278431C282A04D0EB
:102C1000292A0DD01846C9B91CE01846044610F8F8
:102C2000012F0131282AF9D0292A0FD10346204645
:102C300004460139002918460BD00BDD13F8012F8B
:102C4000282AEAD0292A0446F3D01846002ADBD1E4
:102C500000E0A01C10BD0CB41FB506AC54F8043B3A
:102C60000A4603A90091014600200394F8F73EFCB0
:102C700004B0BDE8104002B070470CB407B504AB17
:102C800053F8042B019301ABF8F772FE03B05DF823
:102C900004EB02B0704707B5019301ABF8F768FE8B
:102CA00003B05DF804FB70B58126802A04460D460A
:102CB000B2FBF6F602D909B9FFF750F9002319461D
:102CC000C4E9005662689A4200D870BD03EBC31293
:102CD0002A4482F880100133F4E7002373B501938E
:102CE000D0E9006500239D4201D1002012E003EBF2
:102CF000C314344494F8802092B901A8FFF717F95F
:102D000094F8803043B90123019884F88030FFF7AC
:102D100017F9204602B070BD0198FFF711F9E1E7FD
:102D20000133E0E737B50022D0E900530192812258
:102D30004C1BB4FBF2F4A34201D8FFF70FF901A832
:102D4000FFF7F5F8002304EBC4142544019885F837
:102D50008030FFF7F5F803B030BD73B51C4604238F
:102D600016460546E200009300F084F8314604EB75
:102D7000C41205F1140002B0BDE87040FFF793BF24
:102D80002DE9F34104461430DDF8208016461F4635
:102D90000191FFF7A2FFC8F8000058B13A4631464A
:102DA00001F02BFD4146204601AA00F06FF810B952
:102DB000FFF7D4F8002002B0BDE8F08107B501911B
:102DC00001A900F0C2F803B05DF804FB37B501912A
:102DD00001A9054600F095F8044620B1019905F1D6
:102DE0001400FFF79FFF204603B030BD002307B556
:102DF00092000093042300F03DF803B05DF804FB5B
:102E000013B514460191002201A900F03FF808B162
:102E1000019B236002B010BD13B51446019100223E
:102E200001A900F092F808B1019B236002B010BD27
:102E300007B5019101A900F064F803B05DF804FB47
:102E40002DE9F8430F46D0E9038300240568D0F844
:102E5000089008EB0306A14502D12046BDE8F8839F
:102E600042463946284601F05FFB0028F5D0013480
:102E70003544F0E710B5029C01601919B2FBF1F27C
:102E8000C0E9033400234260836010BDF7B50446F7
:102E90000F46002501A816460195FFF748F8394668
:102EA0002046FFF7CDFFA368834211D9226942B1C2
:102EB000E368991800FB013320683146184401F09B
:102EC0009CFC01250198FFF73BF8284603B0F0BDB4
:102ED00062689342F6D2D4E903212068114403FBCF
:102EE00001033946184601F088FC2269034622B1E5
:102EF000E0683146184401F080FCA3680133A36008
:102F0000DFE773B504460E46002501A80195FFF7DB
:102F10000EF831462046FFF793FFA16881420ED993
:102F200001398142A16009D92368D4E903242244EC
:102F300002FB013102FB003001F05FFC012501982A
:102F4000FEF7FEFF284602B070BDF7B504460F46F7
:102F5000002501A816460195FEF7E9FF39462046EF
:102F6000FFF76EFFA36883420CD956B1226942B1C4
:102F7000E1688B1800FB031123683046194401F007
:102F80003CFC01250198FEF7DBFF284603B0F0BDAD
:102F90000FB400B5CDB04EAB53F8042B4FF4947181
:102FA00002A80193FFF777FE011E07DB02A8F3F7E3
:102FB00059FA4DB05DF804EB04B070476FF00100B2
:102FC000F7E707B5F8F7D4FE002803DA019001A867
:102FD000FDF7DDFE03B05DF804FB13B50446F8F71A
:102FE0009BFE2146FFF7F2FE28B96FF0070301A808
:102FF0000193FDF7CCFE02B010BD0346032B08463B
:10300000114601D1F9F724B86FF00200704700476C
:1030100040F00040C1F88000704740F00040C1F827
:10302000800070470023C1F880307047F9F7FABC80
:10303000F7B51646DDE90847019001A81D46F9F7E6
:10304000F7FC019BB6F1000C18BF4FF0010C00EB30
:1030500083000B1E18BF0123002D43EA4C0314BF4D
:103060004FF00C0C4FF0000C002C43EA0C0314BF83
:103070004FF4706C4FF0000C002F43EA0C0314BFA8
:103080004FF4403C4FF0000CD0F8002243EA0C0310
:1030900022EA030301B109780EB1367876001943AC
:1030A0000DB12D78AD0031430CB1247824022943B1
:1030B0000FB13F783F040C433C43C0F8004203B0DB
:1030C000F0BD1FB50DF10F03019300238DF80F1014
:1030D0001A4619460093FFF7ABFF05B05DF804FBF5
:1030E00038B5054608460C46F9F7F6FCA8B108467F
:1030F000F9F7E6FC88B90846F9F7D6FC01232A68F7
:103100008340C2F808332B6803EB8000D0F81035F9
:1031100023F00303C0F8103538BD2046BDE8384021
:103120000021FFF7CEBFF9F75BBDFFF7D9BF37B579
:103130000C46154690B1037883B179B10B786BB129
:1031400062B101A9FAF70AF950B9019883684BB145
:103150002A46214603B0BDE8304018476FF01500FD
:1031600003B030BD6FF01200FAE701464068C36853
:1031700003B1184770472DE9F04389B0109E04460B
:10318000894690460021202268461F46129D01F084
:103190005BFB1F2E97BF01234FF0FF33B34003F1BA
:1031A000FF332361119BC4E90098C4E9027663618F
:1031B000183445B10FCD0FC495E80F0084E80F0017
:1031C00009B0BDE8F0836D46F4E773B50468661C8A
:1031D00031D08568A9422ED264182CD05E18AE4238
:1031E00088BF6B1A056A35B100930523A8470346CB
:1031F000184602B070BDBFF35B8F1946A41A1019B0
:1032000019B140EA0205AD070AD103290DDC0138E6
:1032100011448A42ECD010F8014F02F8014BF8E754
:103220000078013902F8010BE9E750F8044B043942
:1032300042F8044BE9E76FF02103D9E773B504685E
:10324000651C32D08568A9422FD264182DD05E1833
:10325000AE4288BF6B1A456ACDB100930523A847DB
:1032600002B070BD12F8015B013905701546A01857
:1032700019B140EA0206B607F4D103290ADC013D80
:10328000014488420CD1BFF35B8F1846E8E719462A
:10329000A41AEBE755F8042B043940F8042BECE7AB
:1032A00015F8012F00F8012BEBE76FF02100D7E7AD
:1032B00073B51C46036815465A1C29D08268914292
:1032C00026D25B1824D066189642866A88BF541AA4
:1032D00036B105232A460094B047204602B070BD9F
:1032E000184622464AB9294601F0AEFABFF35B8F71
:1032F000F3E700F8015B013AF4E78307F9D14FF0F7
:1033000001336B43032AEEDD40F8043B043AF9E74E
:103310006FF02100E2E70020704710B4046B024612
:103320000B4684B9C1681F2998BF23FA01F441688C
:1033300061B18068834209D21069184051F8243085
:10334000184410BC7047234610BC18474FF0FF309C
:10335000F7E770B5436B05460E46E3B90469621C96
:1033600009BF43680C401C680C1B21462846FFF728
:10337000D4FF864207D02B6901331C44AB689C42C2
:10338000F3D34FF0FF342868431C07D0AB68A34247
:1033900004D9204470BD98470446F4E70020F9E7BB
:1033A00030B5059CC4E90002039A21811989E260C5
:1033B000049A618121856261D3E9002502EB011342
:1033C000C4E906128A1C236203EB42036A1C1344FD
:1033D0006D422B406362836953B90139E2698B42C4
:1033E00002EB031206DB002393736FF07F03D373AA
:1033F000002030BD0133D381F0E72DE9F04FB0F864
:1034000030A004465546002685B002EB03089146DD
:103410000E9A00EBCA031FFA88FB9A63A3F83CB02C
:1034200008F1FF32C3690F1D0192B0451ADC238DEC
:103430002586A3EB0B032385236A61895A8801390A
:103440000A4003EB4203A3F804A0BFF35B8F002004
:10345000226A538801335380638D0133638505B03D
:10346000BDE8F08FE06A2A0157F8041C03EB05154C
:10347000029303680392C91A83680837994228BFE8
:103480004FF0FF31FFF749FFDDE90232985000228B
:103490006A6057F8082CAA60019A9642ACBF0022D5
:1034A0000122B145D8BF42F00202AA810136ED895E
:1034B000BBE7F0B550B3456A448E6B88A34230D069
:1034C000631C43864389BFF35B8F013B1C4005EBC4
:1034D000C4056B689EB209B1AD680D60D0F81CC020
:1034E0009BB20CEB031100EBC3039D8F078D2F44A0
:1034F000013D07859D878D896F070ED5058ECD818E
:1035000000210686986B996302B11480F0BD9D8FEF
:10351000C989013D0CEB01119D878D89ED07F6D41A
:10352000ECE70020F2E7C36903EB011398687047EA
:1035300070B5BFF35B8F0D46016A1646838E4A88CD
:1035400004469A4216D05A1C82864289013A134098
:1035500001EB43018A882A8093B2C2691B01D158CA
:10356000C06AFFF7F6FE2A88E36903EB02139B6843
:10357000336070BD0020FCE710B5026893691269E2
:10358000920017D543B9438E026A81694489013B91
:103590001B1B02EB4102938003689B69012B08D13E
:1035A000838E426A81694089013B1B1A02EBC1028A
:1035B000938010BD23B9026A138843F0010313807E
:1035C00003689B69012B01BF426A138843F0010322
:1035D0001380EEE710B5BFF35B8F036804461A69EA
:1035E0009B6912F0005F1AD07BB9036A426A5B885C
:1035F0008169013B02EBC10292889B1A628D9BB2EA
:103600009A4214D80023638510BD012BFAD1436A76
:10361000026A5B888169013B02EB4102ECE763B916
:10362000436A1B88DB4303F00103002BEAD0636984
:10363000002BE7D020469847E4E7012BE2D1036A4C
:10364000EFE7036A828E598891420AD04189013995
:103650000A4003EB42039A88C36903EB021398689C
:10366000704700207047BFF35B8FC36803B11847F2
:1036700070474FF0FF324FF0FF33FAF74BBC70B595
:103680000446056A05F158063046FFF7F2FF636A03
:10369000A3F580637F2B0BD801225909483503F02D
:1036A0001F039A4055F8213023EA020345F82130E0
:1036B000D4E90D124A60616B04F134031160C4E96E
:1036C0000D33002323623046BDE87040FAF7FEBB9D
:1036D00030B58DB0456A04460B912022014602A800
:1036E0000A9500F043FF282301222946CDE9003244
:1036F0002046352202ABF9F795FF00EAE0700DB0E5
:1037000030BD28B1006A18B111B1436F03B1184739
:10371000704728B1006A18B111B1836F03B118471F
:10372000704728B1006A18B111B1C36F03B11847CF
:10373000002070472DE9F84306468846174699460B
:103740000468A64201D1002520E07A1CA4F13405CA
:1037500002D06B6ABB4219D0B8F1000F22D02022F0
:103760004146284600F0F0FEE0B9B9F1FF3F02D033
:10377000AB6A4B450AD07B1C0BD02468B442E2D024
:1037800054F8103CA4F134059F42E8D12846BDE826
:10379000F883AB6A0133F9D02468B442D3D0A4F1E2
:1037A0003405D9E72468CCE710B5044690B1036A24
:1037B00083B102784AB193F8883033B1436AB3F5E4
:1037C000806F02D30121FFF783FF2046BDE8104040
:1037D000FFF755BF10BD51F8083C43F0004341F8D6
:1037E000083C70477047FAF771BB4FF0FF324FF05B
:1037F000FF33FAF78FBBF8B50C46054651F8086C55
:1038000000F158073846B6B2FFF7EFFF24F8086C0E
:10381000D5F8B020A4F1100344F80C2C05F1AC024B
:1038200044F8102CC5F8B03054F80C2C384613600E
:10383000FFF7D9FF0020F8BD2DE9F041056A282ADD
:103840000F46D5F8A40088B026D101688468791A9B
:10385000A14228BF4FF0FF3120236A46FFF7B5FC95
:1038600005F15806D7F820803046FFF7BEFF4346E3
:103870004FF0FF3269462846FFF75CFF7B6A04463B
:10388000DB0719D560B93046FFF7ADFFEB6E1BB112
:103890004246694628469847002008B0BDE8F081B6
:1038A0004FF0FF3383623046FFF79DFF236B002B01
:1038B000ECD020469847E9E720B93046FFF793FF60
:1038C000AB6EE4E7C0F828803046FFF78CFFE3E7F3
:1038D00030B4D0F898501346AD6925B930BCD0F853
:1038E0009C00FFF7E6BD012D06D130BC0A46D0F89A
:1038F0009C001946FFF71CBE002030BC70477FB506
:103900000C461946D0F898309D695DB90094CDE910
:10391000024201232A46D0F89C0002A9FFF76DFD60
:1039200004B070BD012DFBD1D0F89C0004B0BDE8FF
:103930007040F9F75BBE2DE9FF4103685F6A07F14C
:1039400058063046FFF751FF38460DF10A0203A929
:10395000FFF7BEFF04463046FFF745FF002C41D07D
:10396000BDF80A303046A360FFF73FFF4FF0FF334A
:10397000002138466268FFF7DDFE05463046FFF756
:1039800032FF7DB1AB6AE96B013308BF236828467B
:1039900008BFAB622368A2890091D5F82C8004F19E
:1039A0001001C0473046FFF720FFA368002B06DB5D
:1039B00021463846BDF80A30039AFFF7A0FF384683
:1039C0000DF10A0203A9FFF783FF044618B1304640
:1039D000FFF709FFC4E7D7F89C00FFF7FBFD30466F
:1039E000FFF701FF04B0BDE8F081F8B5044651F8D7
:1039F000086C00F158073846B6B20D46FFF7F5FEE1
:103A00003146D4F89C00FFF78EFD33460246A5F1FF
:103A100010012046FFF773FFD4F89C00FFF7DAFD92
:103A20003846BDE8F840FFF7DEBE2DE9F041A3F1CE
:103A3000100653F8085C002388B00693ADF81E30DA
:103A400004461023CDE904120E9FD0F8A400ADF86F
:103A50001C700168D0F808C0711A0DEB03026145B3
:103A600028BF4FF0FF3104F15808FFF7E7FB40464D
:103A7000FFF7BBFED4F89830ADB29B69CBB9D4F850
:103A80008C20D4F89830D4F8A0009B69C3B9CDE954
:103A900002620096012202A9FFF7AFFCD4F8A00051
:103AA000FFF798FD4046FFF79EFE384608B0BDE898
:103AB000F0812946D4F8A000FFF735FD0246E0E783
:103AC000012BEBD12946F9F791FDE7E710B548B195
:103AD00049B143688B4206D382680468D21A5B1AE4
:103AE0004360A01810BD0020FCE72DE9F347054610
:103AF000D0F898000E46036A17469B68984743071C
:103B000003D4002002B0BDE8F08743F69823002FCD
:103B100018BF1F4605F1580805F1AC0A4046FFF7EB
:103B200064FED5F8AC40D5F898305445D3F81890D9
:103B300025D024B3D4E90023536022681A60C4E975
:103B40000044B9F1000F0ED1D5F88C3033604046F7
:103B5000FFF749FEBDF8063004F11000A36033689A
:103B6000103B3360CEE7B9F1010FF0D12189D5F8D0
:103B7000A000ADF80610FFF7D6FC3060E7E7B9F11A
:103B8000000F2AD13146D5F8A0000DF10602FFF74B
:103B900090FC04460028DAD1D5F8A0301B8D53B92B
:103BA0004046FFF720FE002FABD021200021FAF77E
:103BB000E5FE013FB2E7D5F88C10D5F8A800FFF775
:103BC00085FF0446D5F88C30ADF80690336040464A
:103BD000FFF709FE002CE6D0BCE7B9F1010FDFD1F9
:103BE0003246D5F8A0000DF10601FFF7A1FC04460E
:103BF000EDE720B119B112B1C0E9012201607047AF
:103C000010B5044618B910BD3438FFF7CDFD206853
:103C10008442F9D10023C4E92733F4E7EFF3118399
:103C2000402383F31288BFF36F8FFEE708B5FFF7D9
:103C3000F5FF10B5D0E9003433B90020E2685378BD
:103C400043F00103537010BD204698470028F4D07C
:103C50000028B8BF4042FF28A8BFFF20E3681870C3
:103C6000ECE700F0F1BD00F0C8BD402408B5EFF36B
:103C7000118384F31288BFF36F8FFDF7EFFEF6E731
:103C800090F90E308B4201D0FAF732BD0020704718
:103C900003460020C3E90033C3E9020070473AB18C
:103CA0008A4205D3C0E90212C0E900000020704733
:103CB0006FF015007047012302688B4022EA03036E
:103CC000036022FA01F000F001007047704710B560
:103CD000032104460C30FFF7EEFF30B104F1100071
:103CE00000F09BF9B0FA80F0400910BD20B100222D
:103CF0008830114600F06FB9704773B50446EFF392
:103D00001185402383F31288BFF36F8F0023A0F146
:103D10001006032104380193FFF7CDFF28B1A369F2
:103D2000304601A90193FAF7BDF985F31188BFF375
:103D30006F8F02B070BD38B504460D4610220021C9
:103D400000F082FD656038BD13B501900846EFF3C1
:103D50001184402383F31288BFF36F8F01A9FAF710
:103D6000A1F984F31188BFF36F8F02B010BD10B5B5
:103D7000FFF7EAFF041E08DDEFF31180402383F311
:103D80001288BFF36F8FFAF727FD204610BD70B57C
:103D90000D46EFF31186402383F31288BFF36F8F34
:103DA000FAF7DAF9044686F31188BFF36F8F38B15A
:103DB0004FF0FF324FF0FF3305F11000FAF7AAF889
:103DC000204670BD08B5A022002100F03DFD08BDD1
:103DD00038B530220D460021044600F035FD4FF481
:103DE00080736560E36038BDEFF30580003818BF6D
:103DF000012070476FF057007047FAF7CFBCD0E949
:103E0000003213605A600023C0E90033704708B5E0
:103E1000FFF7F5FF437B23F0020343730023836026
:103E200008BD38B504460D46FAF742FB637B43F004
:103E300002036373E5B1A5602B689D4209D16B68ED
:103E4000C4E900531C606C6012E06A689A42F6D0C4
:103E50001B68002BF3D094F90E2093F90E108A42C0
:103E6000F3D09142F1DD5A68C4E9003214605C601D
:103E700038BD10B5EFF31184402383F31288BFF3EC
:103E80006F8FFAF72DFB84F31188BFF36F8F10BD8E
:103E900010B50446183000F0C0F8EFF3118140234C
:103EA00083F31288BFF36F8F627B12F0100204D08D
:103EB00081F31188BFF36F8F10BD2046BDE810401D
:103EC000FAF742BB38B50446EFF31185402383F37C
:103ED0001288BFF36F8F437B13F0280F0BD18368D9
:103EE0000BB1FFF794FF637B51B903F0FB0320464E
:103EF0006373FAF7F5FA85F31188BFF36F8F38BD56
:103F000003F0EB03F3E701211838FFF7DBBF38B507
:103F1000EFF31185402383F31288BFF36F8F04689A
:103F2000A0420DD034B12046FFF771FF04F1180014
:103F300000F073F885F31188BFF36F8F204638BD0A
:103F40000024F7E7014610B5EFF31184402383F313
:103F50001288BFF36F8F83680BB1FFF758FF84F3AC
:103F60001188BFF36F8FBDE8104001F1180000F019
:103F700054B838B5054600202C68A54200D004B9D5
:103F800038BD2046FFF7DEFF2046FFF772FF012015
:103F9000F2E7EFF31181402282F31288BFF36F8FB3
:103FA000027BD2070CD581F31188BFF36F8F0023FA
:103FB00083F31188BFF36F8F0423184602DF704725
:103FC000437B1B0704D581F31188BFF36F8F7047C4
:103FD0000122FAF7B9BA38B5EFF31185402383F31C
:103FE0001288BFF36F8F0468A04212D09CB1A16702
:103FF00062612046FFF70BFF04F1180000F00DF896
:104000002046FAF76DFA012085F31188BFF36F8F10
:1040100038BD0020F8E72046F6E710B5EFF311842D
:10402000402282F31288BFF36F8F03683BB1FAF727
:1040300085FD002084F31188BFF36F8F10BD6FF0F2
:104040001500F7E708B5FAF797FE08BDB3F1FF3F93
:1040500008BFB2F1FF3F70B504461D46164613D0A7
:104060001A4315D06FF001024FF0FF33921B63EB40
:104070000501002904DAFAF77FFE821941EB0501F8
:10408000C4E90021204670BD4FF0FF321146F7E72A
:104090000022FBE7B3F1FF3F08BFB2F1FF3FF8B5E5
:1040A000074616461C4610D054EA020311D0FAF710
:1040B00063FEB0420A46A14103460AD2F31A64EBFA
:1040C0000204C7E900343846F8BD4FF0FF331C4600
:1040D000F7E70023FBE70432D3B5044608D20026F5
:1040E000002741F00401CDE9006700F01BF810B98A
:1040F000002002B0D0BD40F8044BFAE720B1011F08
:1041000050F8040C00F04FB8704701460420FAF74D
:104110004BBE704710B400F10C04C0E9034410BC5E
:10412000FDF7AAB82DE9F04F054689B0DDE9126721
:1041300091463B46324606A8059105F1140AFFF761
:1041400085FFDDE90634CDE90234EFF311844FF049
:10415000400888F31288BFF36F8F05F10C0B4A46B5
:1041600028460599FDF714F830B184F31188BFF3A0
:104170006F8F09B0BDE8F08F3E43F6D0DDE9022332
:1041800006A8FFF787FFDDE906675A462146504635
:10419000CDE90067FAF780FAEFF3118488F312880B
:1041A000BFF36F8FDBE738B50446EFF3118540238B
:1041B00083F31288BFF36F8FFCF7A1FF04F10C00AB
:1041C000FFF7D7FE30B1294604F11400BDE83840AE
:1041D000FAF7D2BA85F31188BFF36F8F38BD00208C
:1041E00070470020704770477047704770477047AE
:1041F00070470020704770477047002070470220CA
:10420000704737207047704710B5BFF35F8FD0E815
:104210004F3F0C78DBB29C4204D00B70BFF32F8F62
:10422000002010BDC0E8432F002BF0D1BFF35F8FFB
:104230000120F6E7502373B50446002603FB010571
:10424000AC4201D100200CE001220DF1070104F184
:1042500048008DF80760FFF7D7FF04F1500310B155
:10426000204602B070BD1C46EAE773B500F148066F
:1042700004468DF80710032230460DF10701FFF7C1
:10428000C3FF98B100254FF0FF332046236484F824
:10429000385084F84950FAF7D7FD03232A463046B0
:1042A0000DF107018DF80730FFF7AEFF02B070BDCA
:1042B00037B5846994F84930256C012B12D0042B52
:1042C00014D0012302220DF1070104F148008DF8FA
:1042D0000730FFF799FF58B12846E36B03B0BDE8FC
:1042E00030401847022384F84930EAE70523FAE70B
:1042F00003B030BDEFF7E5BC38B50D46FAF794FDD5
:1043000004467DB110B90024204638BDFBF7B8F84B
:1043100002212046FFF7A9FF0446FAF7CDFDFAF780
:10432000C1FEF1E70028EED0FBF7AAF80028EAD199
:104330000121EEE710B50C46FAF776FD034628B1E9
:1043400090F8380010B1012083F8384010BDEFF725
:10435000E3B9FAF7EBBE10B5D0E90442D1E90403A2
:10436000844272EB030105D3A042934134BF012084
:10437000002010BD4FF0FF30FBE710B5D0E9004240
:10438000D1E90003A04293412CBF0120002010BDC1
:1043900008B5FDF700FEBDE80840FDF700BEBFF31D
:1043A0005F8F00230372BFF35F8F704708B503462A
:1043B00008467BB11A7F92070CD5BFF35F8F1B7A3B
:1043C000BFF35F8F43B9F2F709FB003818BF012034
:1043D000400008BD0120FCE70220FAE701207047F9
:1043E00008B5EFF73BF8BDE808400020EFF742B80A
:1043F00000230360037170472DE9F84F04460D4612
:1044000017469946BFF35F8F01EB020BA04694F865
:1044100004A05FFA8AFA58E8006F3EB13146284698
:10442000C847002802DB06EB0708F4E72379534569
:10443000ECD1CBF8006048E80053002BE6D1201DFA
:10444000BDE8F84F00F065B8F8B5BFF35F8F0546DB
:104450000679F6B255E8003FA3B18B4203EB0204A4
:104460000ED101249B580779B742F0D145E80036B8
:10447000002EECD114B1043000F04BF82046F8BD0A
:104480002546E7E71C46EEE72DE9F84306460F46CA
:1044900090469946BFF35F8F56E8005F2DB9BFF392
:1044A0002F8F2C462046BDE8F88349462846C04752
:1044B000044610B1EB592C461D4646E80053002B2C
:1044C000EAD1002CEED0301D00F023F8EAE70068B6
:1044D000704700230360704750E8003F5A1C18BF24
:1044E000013340E80032002AF6D1BFF35F8F013B71
:1044F000584258417047BFF35F8F002350E8002FA8
:1045000040E800310029F9D1012A94BF00200120A0
:104510007047D0E84F3F0133DBB2C0E8423F002A8A
:10452000F7D1BFF35F8F70470139024410B5904255
:1045300001D1002005E0037811F8014FA34201D01A
:10454000181B10BD0130F2E710B56AB101398418AB
:1045500010F8012B11F8013F9A4203D1A04201D07B
:10456000002AF5D1D01A10BD1046FCE710B501396C
:10457000044632B111F8013F013A00F8013B002B2B
:10458000F7D1002100F060F9204610BD0246014439
:1045900010B58A42134603D01C780132002CF8D1A2
:1045A000181A10BD0EB403B503AA52F8041B0192E9
:1045B000FBF798FA02B05DF804EB03B070472DE901
:1045C000F0471D46074688461646AB0546BF25F40C
:1045D00000754FF0070A4FF0270A4FEAE579384691
:1045E00041462A464B46EBF7B7FD4346D4B23A461E
:1045F00088460746092C84BF5444E4B2AA4204F119
:10460000300473EB090306F8014BE8D23046BDE8ED
:10461000F0872DE9F04F061887B09946154641EB13
:10462000010402AB3046DDF844B021460093A9F105
:10463000410AD2E9002300F0A6F804AB07468846F9
:10464000304621460093D5E9022300F09CF8002271
:10465000DDE90263841951EB0306049B28BF0122A4
:10466000D5E90001D218059B43F10003381848EB47
:104670000101B84271EB0801D5E902C134BF012044
:10468000002014EB0C0CCDF800A046EB010110EB60
:104690000C0041F10001A04271EB060C34BF4FF059
:1046A000010C4FF0000CCDE904231CEB020243F196
:1046B000000300F083F8109BC3E90001129B012B5B
:1046C000DDE9042329D1D5E90201D5E900C5201A85
:1046D000CDF800A066EB0101674578EB050534BF16
:1046E00001250025401B61F10001844276EB0105A4
:1046F00034BF01250025521B63F1000300F05EF872
:10470000DDE90423CBE9000120463146CDF800A0C5
:1047100000F054F807B0BDE8F08F17EB070E48EB38
:10472000080C201946EB0601BE457CEB080834BF97
:1047300001270027C71941F10008D5E90001864586
:104740007CEB010C34BF01200020D5E90215381A9A
:1047500068F1000C401A6CEB050192185B41A7420E
:1047600078EB060534BF01250025521943F10003FB
:10477000874278EB010834BF01250025521BA9F1BF
:1047800040050095B8E7F0B50F460446A0FB0201CE
:10479000059EA7FB02524919A3FB0445A7FB03731F
:1047A00042F10002611845F10004D21943F10003FF
:1047B000121943F10003C6E90023F0BDF0B5059CD2
:1047C000C4F14007C4F12006A4F12005E04002FA3C
:1047D00006F6BB4022FA05F5BA403343C4F1200681
:1047E0002B4301FA06F6A4F12005304321FA05F522
:1047F000E140284319431043F0BD0A44431E91424F
:1048000000D1704710B511F8014B914203F8014FE8
:10481000F9D110BD884210B501EB020402D98442DF
:10482000234607D8431EA14208D011F8012B03F8F4
:10483000012FF8E7024401468A4200D110BD13F867
:10484000014D02F8014DF7E702440346934200D1BF
:10485000704703F8011BF9E7014800687047000042
:10486000D8170021A4F0FE7F0100000035500001A0
:10487000000000002953000104490101C5ED0001B9
:1048800000000000415900012C490101415900017B
:10489000184901010D61000100000000A31E010183
:1048A000000000006157000140490101715E0001F4
:1048B000000000004550000100000000615B0001A5
:1048C00054490101ED4F0001000000006D6100013D
:1048D00000000000E9ED0001000000008B1701015D
:1048E000684901014F1F010100000000DD1E0101A8
:1048F0007C4901013563000100000000AD1E01018B
:10490000000000006A500101844D0101944D010135
:10491000660200212818002189500101B84D0101CB
:10492000E84D01016A020021C018002197500101E1
:10493000D04D0101E84D01016C020021CC1800218D
:104940007950010100000000B04D01016802002112
:104950007C180021A55001018C0000210C4E0101A2
:104960006E020021D8180021D44F0101500000210F
:10497000E84C010164020021F0080021D25001013D
:1049800000000000204E0101700200218419002166
:10499000680D0021A055002100040000B163000152
:1049A000000000000000000000000000F0FFFFFF1A
:1049B00000000000E05001010000000000000000C5
:1049C000BDD400010600000000020000000200004B
:1049D000000000000255010100010000000000007D
:1049E00000000000000000000000000000000000C7
:1049F0000101010102020202030303030405060789
:104A000008090A0B0C0D0E0FD8ECF0F4F8F9FAFBBC
:104A1000FCFDFEFF00010203070909020307001065
:104A20000200FA0000000000A33C0001AF3C0001BE
:104A3000B33C0001BB3C0001BF3C0001FFFF05127D
:104A40000000000000000000000000000000000066
:104A50000338FDD87047000001000000000000008E
:104A60000500000000000000190000000000000028
:104A70007D00000000000000710200000000000046
:104A8000350C000000000000093D0000000000009F
:104A90002D31010000000000E1F5050000000000DC
:104AA00065CD1D0000000000F90295000000000027
:104AB000DD0EE90200000000514A8D0E00000000EA
:104AC0009573C24800000000E941CC6B0100000072
:104AD0008D49FD1A07000000C16FF2862300000017
:104AE000C52EBCA2B1000000D9E9AC2D78030000AE
:104AF0003D9160E45811000031D6E275BC560000CB
:104B0000F52E6E4DAEB10100C9EA26836778080024
:104B1000ED95C28F055A2A00A1EDCCCE1BC2D30061
:104B200025A4000A8BCA2204000000000000000037
:104B30000000000000000010000000000000000065
:104B4000B9340332B7F4AD1410DB1AB30892540E23
:104B50000D307D951447BA1A66088F4D26ADC66D87
:104B6000F598BF85E2B74511CA96853D92BD1DEB0C
:104B7000FCA11860DCEF52163C92AE220BB8C1B417
:104B8000839D2D5B0562DA1C304C7E8F4E8BB25BB1
:104B900016F4529F8B56A512FBD4827643ED8AF011
:104BA0008FE7F9311565191850F19BD94A13EEB406
:104BB000284CF0A686C1251F035FC270CB9E491604
:104BC000E642889C44EB2014B0650836AD6EA5859E
:104BD00085F0CA14E2FD031A0B899979D5B13D0914
:104BE000D8DA973A35EBCF10AC363F5E73BB38CF8F
:104BF0003E6752FA44AFBA15010000000000000001
:104C00000000000000000020345065C05FC9A652BB
:104C1000BB13CBAEC440C21806C8DF7100D5A87C58
:104C2000F56F0FDA58FC27136E4756357D24206543
:104C300002C7E768E48CA41DE9E60268D7CD3961B4
:104C40007977FCC2405BEF16798CDE43FFA751F900
:104C500091F3B278F5BDBE11E857E9D6E8BEE87B1E
:104C6000B054AC8F848D751BEA23A499E9F9D38BDA
:104C7000B7A3714061DA3E15CEE33ECB73F9480825
:104C80008C97B427D51B7010A2BFEFB9EB853215F6
:104C90004DB44DB49BBB6F1996B6076CF8E7EEADFB
:104CA00036D9B4F59135AE13222218AF4E6A684D4D
:104CB00091DAAA3D4F40741E9FBD9EE006A1C098A8
:104CC00057C2A7FDA40E90170E7D497173E3208F84
:104CD000B220D87605143B12853D7434811343B05D
:104CE000AD297A5F27F4351CF13F00013D18010121
:104CF000D9410001254200010543000121160101AF
:104D000095160101291601015B16010145160101E5
:104D10002F16010100000000000000006F190101C2
:104D20005F1901016B1901015D190101000000000B
:104D30000000000000000000000000004D1901010B
:104D40000000002100000000060001000200000039
:104D5000544D010100000001525001010600000005
:104D6000E0FF0301000000215A5001012100000072
:104D7000E0FF00217C000021B152000181520001BE
:104D80000000000001540001F5520001691C0101FE
:104D90006F1C010181530001E71B0101491C010146
:104DA00000000000831B0101000000000000000063
:104DB0000957000161560001FFFF000000088C4107
:104DC000000000000100000000A000410000000001
:104DD000FFFFFFFF00058C41000000000000000005
:104DE00000A0004100000000D55900017B1C01011A
:104DF000871C01019B1C0101A51C0101AF1C0101C5
:104E000041580001C31C0101000000005B1D0101AD
:104E1000371D0101531D0101571D0101831D0101B2
:104E2000000000000000000000000000E11E010181
:104E3000F56100010000000000000000BB2201013C
:104E4000AD800001459C0001F5A6000100000000B6
:104E5000F19B0001ADA7000100000000B59B00011F
:104E600055A7000159A00001000000000C0000003F
:104E7000010000003081004100000000040000003B
:104E80000100000001000000090000000000000017
:104E900000000000000000000000000000C0004111
:104EA00000000000280000000500000000000000D5
:104EB00000C00041000000002800000005000000C4
:104EC00034540101475401015A5401016D54010148
:104ED0008054010193540101A6540101B954010108
:104EE0006C4801016C480101AC480101B448010162
:104EF000FC48010104490101647261676F6F6E2F04
:104F00006C6962732F7363686564756C696E672F73
:104F10007372632F72656D5F68616C5F6576656E35
:104F2000745F74696D65722E6300000000000000FC
:104F30000000000000000000000000000000004031
:104F400095596959555554551555555604051541EA
:104F500010545540455155444045504450555545D1
:104F60000040004040044496655556554540455420
:104F70005141154055915555555540510501000079
:104F800054455454455505040010041014044000C1
:104F90000000014055551541540400004400010033
:104FA0000000004041000044504445505400555515
:104FB000545565510040004001000001000501000A
:104FC00011545151545555050000000000000000D7
:104FD0000000000069706330007372616D302E73E1
:104FE000686D0067656E65726963002A2A2A20422F
:104FF0006F6F74696E67206E524620436F6E6E65E8
:1050000063742053444B2076322E372E302D72633A
:10501000332D323132356238613534353862202AE9
:105020002A2A0A002A2A2A205573696E67205A659F
:1050300070687972204F532076332E362E39392DF1
:10504000316135643362346134666639202A2A2A34
:105050000A00464C4153485F30005352414D5F3087
:105060000061626F727428290A00636C6F636B4081
:1050700034313030353030300072616E646F6D40E5
:105080003431303039303030006770696F4034313E
:10509000386330383030006770696F4034313863BE
:1050A00030353030006D626F78403431303132301D
:1050B0003030004D50534C204153534552543A2008
:1050C00025732C2025640A004D50534C20576F72D5
:1050D0006B0074656D7040343130313030303000E9
:1050E0007370696E656C5F7061636B65745F736527
:1050F0006E645F746872656164006E72665F3830FA
:10510000323135345F7370696E656C00705F74693D
:105110006D657374616D7020213D204E554C4C00BF
:10512000574553545F544F504449522F6E72662F67
:105130006D6F64756C65732F6E7266786C69622F23
:105140006E72665F3830323135342F736C2F706C6D
:105150006174666F726D2F6E72665F3830323135F2
:10516000345F68705F74696D65722E63006E72667D
:105170005F3830323135345F68705F74696D6572E5
:105180005F73796E635F74696D655F6765740069ED
:1051900064203D3D206D5F74696D65722E636861AA
:1051A0006E00574553545F544F504449522F6E720E
:1051B000662F6D6F64756C65732F6E7266786C699F
:1051C000622F6E72665F3830323135342F736C2F38
:1051D000706C6174666F726D2F6E72665F383032FC
:1051E0003135345F706C6174666F726D5F736C5FC4
:1051F0006C7074696D65725F7A65706879722E6320
:10520000006964203D3D206D5F73796E635F746952
:105210006D65722E6368616E0066616C7365007403
:1052200069636B73203E3D207A65706879725F72A6
:1052300074635F636F756E7465725F6E6F77207CE9
:105240007C207A65706879725F7274635F636F75D2
:105250006E7465725F6E6F77202D207469636B7357
:10526000203C205254435F434F554E5445525F48B3
:10527000414C465F5350414E007469636B73203C50
:105280003D207A65706879725F7274635F636F75D1
:105290006E7465725F6E6F77207C7C207469636BBF
:1052A00073202D207A65706879725F7274635F6312
:1052B0006F756E7465725F6E6F77203C2052544339
:1052C0005F434F554E5445525F48414C465F5350E3
:1052D000414E007A65706879725F7274635F7469B9
:1052E000636B735F746F5F68775F7461736B5F721A
:1052F00074635F636F756E746572006E72665F389B
:1053000030323135345F706C6174666F726D5F730B
:105310006C5F6C705F74696D65725F696E69740053
:1053200073796E635F74696D65725F68616E646CDA
:1053300065720074696D65725F68616E646C657238
:10534000000000000000000000010000000000005C
:1053500000FFFFFFFFFFFFFF02FFFFFF084369445D
:105360000043696944004369696200436969430015
:10537000436969630043696974284C44296343584D
:1053800000436969434C0043696974284C442962AD
:10539000624363435874284C442900436969742864
:1053A0004C442943626200584C434C00436969698C
:1053B000006262626263624374284C442900626244
:1053C00062436263435874284C4429004369694C22
:1053D0000043696958004369694343434300646477
:1053E00043006243007428442974284344294C4CE8
:1053F0006200742843442900436969585858585832
:105400005800000000010100000000203030303062
:10541000303030303030303030300001756E7265F1
:105420006769737465726564202573206275730AF9
:10543000002573006D6574616C3A20656D65726757
:10544000656E63793A20006D6574616C3A20616C19
:105450006572743A2020202020006D6574616C3ADA
:1054600020637269746963616C3A2020006D657411
:10547000616C3A206572726F723A20202020200001
:105480006D6574616C3A207761726E696E673A205F
:105490002020006D6574616C3A206E6F74696365DD
:1054A0003A20202020006D6574616C3A20696E6698
:1054B0006F3A202020202020006D6574616C3A2016
:1054C00064656275673A20202020200025733A2009
:1054D00066726565696E67206E6F6E2D656D70749E
:1054E00079207669727471756575650D0A00727838
:1054F0005F76710074785F7671004E53006D61695C
:105500006E00737973776F726B71002C2066756E05
:105510006374696F6E3A2000617373657274696FAA
:105520006E2022257322206661696C65643A2066CC
:10553000696C6520222573222C206C696E652025FC
:1055400064257325730A00696E66006E616E00281B
:105550006E756C6C2900000004000021193C0001EC
:105560001F3C00014B3C0001233C0001553C000165
:10557000293C0001613C00012F3C0001313C00014D
:10558000333C0001413C0001453C0001373C000137
:105590003D3C0001513C00015B3C0001284A0101F7
:1055A000010505002913010101000000000007208A
:1055B00000000100544901010100000054490101AB
:1055C00000000000020000000000000000000000D9
:1055D0000002000000000000131B01010000000099
:1055E00000000000FFFF0000FFFF0000FA50010173
:1055F00000000000116400014B1F010100000000C9
:1056000000000000D20000000090D0030800FFFF5F
:10561000000000000000000000000000000000008A
:10562000000000000000000000000000000000007A
:10563000000000000000000000000000000000006A
:10564000000000000000000000000000000000005A
:10565000000000000000000000000000000000004A
:10566000000000000000000000000000000000003A
:10567000000000000000000000000000000000002A
:1056800008000000FF000000000000000300000010
:1056900000000000E34F010100000000E1D2000122
:1056A00000000000000000000000000000000000FA
:1056B00000000000000000000000000000000000EA
:1056C000680100216801002114FFFFFF00000000B5
:1056D000231A010100000000231A0101000000004C
:1056E000231A010100000000231A0101000000003C
:1056F000231A0101D91E01010F3001010000000031
:10570000231A010100000000231A0101000000001B
:10571000231A01017C180021CD57000159D0000146
:105720000F30010100000000231A010100000000F9
:10573000231A010100000000231A010100000000EB
:10574000231A010100000000231A010100000000DB
:10575000231A010100000000231A0101A1D2000157
:105760000F30010100000000231A010100000000B9
:10577000231A010100000000231A010100000000AB
:10578000255F000100000000231A01010000000055
:10579000231A010100000000231A0101000000008B
:1057A0005D61000100000000231A010100000000FB
:1057B000231A010100000000231A0101000000006B
:1057C00000000000000000000000FFFF00000000DB
:1057D000A066002100100000000000000000000092
:1057E0008802002188020021000000000000000063
:1057F0000E0000009C0200219C020021000000001D
:1058000001000000AC020021AC02002100000000F9
:085810001A00000015E015E08C
:00000001FF
