:020000040000FA
:10000000800201207969000099740400656900008C
:100010006569000065690000656900000000000076
:10002000000000000000000000000000916B0000D4
:100030006569000000000000256B00006569000094
:10004000896E0000F1800400896E0000896E000056
:10005000896E0000896E0000896E0000896E0000C4
:10006000C1800400896E0000896E0000DB800400FE
:10007000896E0000896E0000896E0000896E0000A4
:10008000896E0000896E0000896E0000896E000094
:10009000896E0000896E0000896E0000896E000084
:1000A000896E0000896E0000896E0000896E000074
:1000B000896E0000896E0000896E0000896E000064
:1000C000896E0000896E0000896E0000896E000054
:1000D000896E0000896E0000896E0000896E000044
:1000E000896E0000896E0000896E0000896E000034
:1000F000896E0000896E0000896E0000896E000024
:100100009FED197B70B51A4A1A4D002342F2200068
:100110002021A972288185F82130136082F82830C7
:1001200082ED027BAB7385ED067B1C4685F82210C1
:1001300085F8203005F1280202F814300134202C13
:10014000FAD101260C48EE7303F036F90B4B187008
:100150000B4B1C7003F090F9286000F06FFE85F8DF
:10016000236070BDAFF30080FFFFFFFFFFFFFFFFC5
:10017000C80A0020480B0020DD180000F80A002003
:10018000C00A00207BB972B90029BEBF00204FF021
:10019000004106E008BF00281CBF6FF000414FF08F
:1001A000FF3000F057B8ADF1080C6DE904CE00291E
:1001B00009DB002B1ADB03F06BFCDDF804E0DDE962
:1001C000022304B07047404261EB4101002B1BDB6E
:1001D00003F05EFCDDF804E0DDE9022304B04042F8
:1001E00061EB4101524263EB43037047524263EBC0
:1001F000430303F04DFCDDF804E0DDE9022304B025
:10020000404261EB41017047524263EB430303F00C
:100210003FFCDDF804E0DDE9022304B0524263EB69
:100220004303704753B94AB9002908BF00281CBFCF
:100230004FF0FF314FF0FF3000F00CB8ADF1080C7B
:100240006DE904CE03F024FCDDF804E0DDE90223CF
:1002500004B07047704700BF014B1B685B681847CC
:1002600000000020014B1B68DB68184700000020DD
:10027000014B1B681B69184700000020014B1B68DD
:100280005B69184700000020014B1B689B691847F9
:1002900000000020014B1B68DB69184700000020AC
:1002A000014B1B689B6A184700000020014B1B682C
:1002B0001B6B184700000020014B1B68DB6B1847C5
:1002C0000000002010B4034C2468A468A4465DF824
:1002D000044B604700000020014B1878704700BFB6
:1002E000C40C0020042810B511D883B104280CBF19
:1002F00010242824A1420AD2064C54F8200018B138
:1003000041568A42A8BF0A461A70002010BD6FF0FD
:100310001500FBE78006002030B50246114890F931
:100320001C3093421ADD90F92430934218DAD31A24
:10033000856A0D4CE85C235693420ED00E3400299A
:100340000CBF0346431CA542D8B206D129B1013ADD
:10035000D2B2012A01D80130C0B230BD0D20FCE775
:100360000020FAE780060020A8EC040008B5054B41
:1003700093F91C30984203DAFFF7CEFF024B1B566D
:10038000184608BD80060020A8EC040010B51C4CDF
:1003900094F82C3073B9012384F82C3004F021F840
:1003A00048B1184BA362D823236284F82430082371
:1003B000A361237710BD04F029F80028F1D104F0DF
:1003C0002EF80028EDD103F0F1FF38B10E4BA362F7
:1003D000D823236284F824300423E9E703F0EFFFF5
:1003E0000028F3D103F0F4FF0028EFD104F002F865
:1003F0000028EBD140F2BB11742002F059FF00BF7E
:1004000080060020E3EC0400B6EC0400034610B3C1
:10041000007888B91A79012A1ED85A79012A1BD87E
:100420009A680E49643A8A4216D8D8680C4B9842AA
:100430002CBF00200120704701280CD11A79012A15
:1004400009D85A79012A06D8DA680449643A8A42F6
:1004500001D89868EAE70020704700BF3C86010099
:100460000040420F10B5054C236813B19847002394
:100470002360BDE8104001F02DBE00BFB006002093
:100480002DE9F8438846074680B300F037F84FF06F
:10049000000905465FFA89F6AE420AD2304600F0FE
:1004A00033F890F8264009F10109002CF2D1FF2E13
:1004B00003D16FF00B00BDE8F883304600F024F85C
:1004C0000546848480F8264080F8286001460A4862
:1004D00001F0A8FF202885F827000AD001232F6209
:1004E00085F82630204688F80060E4E76FF01500B4
:1004F000E1E76FF02200DEE7473F0000014B18798B
:10050000704700BFB4060020054B1A79824283BFB2
:100510001B6800EB400003EB00100020704700BF99
:10052000B406002010B510F003040BD1074A117176
:10053000106030B101EB41010A01214602F0E0FFF9
:10054000204610BD6FF00D00FBE700BFB406002091
:1005500043F60952C0F3080302FB03F3400A03F514
:10056000807302FB00F000EB5320704743F6095CF8
:10057000C0F3080210B50CFB02F2C0F34E24030EC8
:1005800043EA01230CFB04F0090E02F580724FEAE6
:10059000411C00EB52205A01B2EB030E4CEAD36C23
:1005A0006CEB01044FEA841C4FEA8E12B2EB0E0290
:1005B0004CEA9E6C6CEB040C4FEACC0C4CEA527C7F
:1005C000D200D31841EB0C01DA03C903801841EAC9
:1005D000534141F1000110BD430B48F2376C0CFB55
:1005E00003F34FEA134C00B5104B43F6095E0EFBC4
:1005F0001C0000FB03F35B0D0EFB03FE03EB4C231F
:100600000EF5745C0CF1080CB0EB5C2F08D80EF5FD
:10061000807EA0EB5E20C0B20B6010705DF804FB22
:10062000013300200B6010705DF804FB6F0C0100BB
:10063000F8B5274DA94246D8264E274F450F45EA23
:10064000C105A6FB0514C0F34F31A40B01EB054116
:1006500007FB1411A6FB0151890B41EA04411F4C11
:1006600004FB110448F2376C600B0CFB00F04FEAFE
:10067000104C43F6095E1A480EFB1C4505FB00F0C2
:10068000400D0EFB00FE00EB4C200EF5745C0CF1EF
:10069000080CB5EB5C2F12D80EF5807EA5EB5E2E14
:1006A0005FFA8EFE069D85F800E00D0628184FEAD9
:1006B000112141F10001186059601460F8BD01304A
:1006C0004FF0000EEEE796219B2002F0F1FD00BFF7
:1006D000FF7F841E83DE1B43000024F40080841E01
:1006E0006F0C0100420B48F2376303FB02F2120C5D
:1006F00043F6095C074B0CFB120101FB0333013B82
:100700005B0D0CFB03FC5002B1EB5C2F88BF01308A
:10071000184470476F0C010010B5094A92F8003474
:10072000202B03D15021022002F0C2FD590102EB1F
:100730004313BDE81040525858680421104700BFC9
:10074000C006002008B501B3F0B14FF0FF331A46E0
:10075000E0FB01320E498A4203D971216D2002F07B
:10076000A7FD180D40EA0230C3F30F134FF22441E6
:10077000B0FBF1F203EB0040064B03FB1200B0FBB1
:10078000F1F040EA0240013008BD0846FCE700BF36
:100790003F420F00000024F4014B5888704700BF0F
:1007A000FC0A002010B5EFF3108472B6064A937964
:1007B0000133DBB293719379012B01D103F098FDE2
:1007C00004B962B610BD00BFFC0A002070B50C4C25
:1007D000267866B90125A0602570FFF7E3FF00F0D9
:1007E0004BFA30B94FF080432573C3F8045300200F
:1007F00070BDA368002BFAD09847A660F7E700BF4A
:10080000FC0A002038B5FFF7CDFF00F035FA094C9F
:100810004FF0804540B103F058FD01232B610423C4
:1008200063730023A37338BD032363730123C5F8E7
:100830000433F6E7FC0A002010B5EFF3108472B61B
:100840000A4B9A7922B94FF496716D2002F030FD6F
:100850009A79013AD2B29A719A791AB9DB7B0BB9BB
:1008600000F0F8F904B962B610BD00BFFC0A002020
:1008700008B5054B1A7822B100221A731A70FFF7D7
:10088000DBFF002008BD00BFFC0A002073B51B4D34
:100890002B7F63B9286A00F0030003F043FD30B1F9
:1008A000EFF3108372B66A7B1AB103B962B602B075
:1008B00070BD01226A7303B962B64FF0804308220B
:1008C000C3F808234FF42073ADF80630BDF8064096
:1008D000A4B2631E9BB2ADF80630002CF6D14FF0E7
:1008E00080460748C6F80C4103F042FD85F82540D4
:1008F000FFF788FF0823C6F80433D8E7FC0A002076
:10090000200B00202DE9F041384C94F82630002BC4
:1009100069D04FF08043D3F80071D3F8046157B128
:100920000122C3F80823237B2BB1A368002525737C
:100930000BB19847A5604EB14FF080430022C3F839
:1009400004210222C3F80823FFF7A0FF4FF08046DE
:100950002748D6F80C8194F82550EDB203F00CFD31
:1009600020B140F2C5116D2002F0A2FC47B1637BBB
:10097000032B05D10423637303F0A7FC0123336128
:10098000B8F1000F16D04FF080430022C3F80C21BD
:10099000637B042B02D040F2D711E4E703F048FD5B
:1009A000C0B14FF080430022C3F8342C022363739C
:1009B000FFF742FF4DB1002384F82530637B022B03
:1009C00001D1FFF71FFFFFF737FFBDE8F0410848EF
:1009D00003F0E1BC03F00EFD0028E2D103F01FFD9F
:1009E0000028DED1E2E7BDE8F08100BFFC0A00206C
:1009F000200B002010B5044C206A00F0030003F027
:100A000091FC0028F8D010BDFC0A0020F8B505467E
:100A100050B10278042A07D8437842B9013B1F2B12
:100A200002D88378212B07D96FF0150076E0002BD0
:100A3000FAD18378002BF7D1814B0127C3F880705E
:100A4000BFF34F8FBFF36F8F4FF08046C3F88071B5
:100A50007C4C4FF0FF33C6F808330023C6F8003152
:100A6000C6F80431C6F80C31A371AB88A38003F03B
:100A700044FC08B12770A771D6F80C24D6F80C34C2
:100A8000D20303D5DF0701D500F0F0F840F2F553AB
:100A900063802B78A9782377002222622174A273C5
:100AA000042B4ED8DFE803F005033B494B0001233C
:100AB000236203F029FC00284ED003F02CFC236AAB
:100AC00003F00303984247D1AB79002B3ED1FFF7E7
:100AD00091FF237C6BB12B785BB900F0CDF8054614
:100AE00002F02CFC6FF00043002D00F0A580C4E95B
:100AF00005034FF08043D3F80C24D3F80C34D20311
:100B000003D5DB0701D500F0B1F84D4A01230020E1
:100B1000607384F82630C2F880311360F8BDFFF7A7
:100B200041FE4FF08043D3F80C14D3F80C24CE03CD
:100B3000F9D5D007F7D50223BAE7434BB8E7434BC3
:100B4000B6E740F216316D2002F0B2FB4FF0804361
:100B50000222C3F80423BCE74FF080430122DA608D
:100B60000022C3F80421226AC3F8182503F01EFCF2
:100B700010B34FF080534FF08042D3F84432C3F3A8
:100B80004233C2F83C3503F011FC10B34FF0804300
:100B90000122C3F84C254FF0804301229A600222C3
:100BA000C3F80423AA79002A93D1D3F80423910728
:100BB0001CD440F2CD21C6E703F001FC0028D8D1B7
:100BC00003F006FC0028D4D103F014FC0028D0D197
:100BD000D9E703F0F4FB0028D8D103F0F9FB002893
:100BE000D4D103F007FC0028D0D1D4E7184A166905
:100BF000116941F010011161D3F8043106F01006BB
:100C00000BB903F023FC4FF08047D7F8043183B1D0
:100C1000FFF7F0FE26B90E4A136923F010031361A3
:100C20004FF080430222C3F808230022C3F80421B6
:100C30004FE703F009FCE8E7C4E9053059E700BFD6
:100C400000E100E0FC0A00200100020001000300B6
:100C500000ED00E04FF08042012353600023C2F812
:100C60000031014A13707047230B0020014B012211
:100C70001A707047230B00204FF08043D3F80031E7
:100C800023B9034B187800F0010070470120FAE700
:100C9000230B0020094B4FF0FF32C3F8082300223A
:100CA000C3F84025C3F84021C3F84425C3F84421C4
:100CB000C3F84825C3F84821704700BF00800040B2
:100CC000084B094A1B78012B16BF4FF440314FF4F3
:100CD00000310023C2F84813C2F808130BB9C2F858
:100CE00040317047280B002000B0004070B5EFF392
:100CF000108472B6094A0A4B0025D2F80415D2F8BE
:100D000004612EB1596801315960C2F80451F4E709
:100D10005B6804B962B6C0E9001370BD00B0004062
:100D2000280B0020094BD3F80435C01A20F07F436C
:100D300023F001033BB120F07F40B0F5000F8CBFE2
:100D40000220002070470120704700BF00B0004023
:100D5000104B4FF40062C3F88020BFF34F8FBFF3F6
:100D60006F8FC3F880210C4B01225A609A60D3F830
:100D70000425002AFBD10949C3F808134FF4403178
:100D8000C3F84813C3F84021C3F84421C3F8042131
:100D9000704700BF00E100E000B000400200030027
:100DA00008B5144BD3F8042522F00302C3F8042538
:100DB000D3F8082542F00302C3F80825102292FA5E
:100DC000A2F2B2FA82F2092A04DD0B4840F2913114
:100DD00002F064FAC3F810250122DA60074A92682B
:100DE000C3F80022064B4FF48072C3F880211A60CA
:100DF00008BD00BF0080004056130500280B0020EE
:100E000000E100E008B50A4B4FF48072C3F880207F
:100E1000BFF34F8FBFF36F8F0649C3F880210120C6
:100E20004860FFF737FF044B086100221A7308BDC2
:100E300000E100E000800040280B002010B5234CAA
:100E40000023FF224FF0FF314FF0FF30C4E90401CF
:100E5000237062736360FFF7D5FFFFF779FF1C4BC8
:100E60004FF400621A60A1691A4A31B90123136074
:100E7000184B0222C3F8042310BD174B1748C3F8C0
:100E8000A805C3F8AC15C3F85C294FF40022C3F8D9
:100E90000425134A0521C2F8401501211160D2F83A
:100EA00040110029FBD04FF40021C3F8081501219F
:100EB0005160D1600021C2F84011C2F84015C3F85A
:100EC000A815C3F8AC15C3F8AC15D1E7280B002062
:100ED00000E100E000B0004000F00140408100402F
:100EE00000800040014BD3E904017047280B00202B
:100EF000014BD3F80405704700B0004013B56846B5
:100F0000FFF7F4FEDDE90004FFF722FB024B0021AE
:100F1000E4FB030102B010BD0080841EB1F1FF3F6D
:100F200008BFB0F1FF3F2DE9F041424C05460E46A7
:100F30003AD1414DD5F800318BB3404E404BC6F805
:100F40000835FFF7BDFE4FF000080123A36084F8C9
:100F50000D80FFF757FFFFF723FF3A4BC5F80081DD
:100F6000394FC6F8A8354FF40023C6F8AC75C6F85B
:100F7000043503F0E8F9D5F800312BB10123C5F8A9
:100F800000817B60FB60F4E7013041F10001022346
:100F9000C4E904012370FF236370BDE8F08103F00E
:100FA000D2F9C51C41F10006D4E90473B34208BF6D
:100FB000AF42F2D0214B224AC3F80825FFF780FE4A
:100FC0001D4A4FF4803125F07F480023C2F80813F2
:100FD0004046C2F84813C2F84031FFF7A3FE20B1E3
:100FE00040F226316C2002F063F9C2F84085C2F865
:100FF00044132378012B06D127F07F473846FFF7AB
:1010000091FE0128FAD0002301276373A760FFF740
:10101000F9FEFFF7C5FE094B27704FF00042C3F8F9
:10102000042504236370044BC4E90456C3F84873D1
:10103000B3E700BF280B002000B0004000F00140E3
:101040000000088000B1004000800040032870B517
:101050002D4B06D9011FC9B201292FD940F2763193
:101060000BE0D3E90441B1F1FF3F08BFB4F1FF3F0A
:1010700006D11B7B23B940F255316C2002F018F9E0
:101080002249234D00F110040123800003FA04F4E7
:10109000C5F808430B5000F1804101F50041D1F83B
:1010A0004005101A022805DDC1F84025C5F80443A3
:1010B000012002E00020C1F8400570BD1C782CB171
:1010C0005B78834202D140F27231D6E7114B124E67
:1010D00022F07F458A0013444FF480348C40002274
:1010E000C6F808432846C6F848431A60FFF71AFEB8
:1010F00040B901F5A87146F82150C6F80443C6F876
:101100004443D5E71046D8E7280B00204080004034
:101110000080004040B1004000B0004008B520B160
:101120004FF461716C2002F0C3F8014808BD00BFA4
:1011300040810040032837B508D9041FE4B2012CD0
:1011400019D940F2CA316C2002F0B2F8234900F1FB
:10115000100201239340C1F8083300F5A873002260
:1011600041F823201E4B81005A5053F82030009341
:10117000009B03B030BD1B4D2B7893B16A7882423F
:101180000FD1194A1949C2F80815012B01D1FFF7EF
:1011900039FE00232B704FF0FF324FF0FF33C5E9CB
:1011A0000423134A4FF48033A340C2F80833C2F833
:1011B000483304F5A87352F82300FFF7B3FD012864
:1011C00018BF0C4B22B24FEA84041CBF00211951F6
:1011D000084B53F822300193019BCAE7008000407E
:1011E00040810040280B002000F0014000000880F2
:1011F00000B0004040B1004010B50A4B0446012247
:1012000010B1C3F8442310BDC3F84823FFF7FAFD1B
:10121000054B4FF0FF304FF0FF31C3E904011C7064
:10122000F1E700BF00B00040280B00201F4A08B5BE
:10123000D2F80433D90311D5D2F8403173B1002369
:10124000C2F84031D2F84005FFF76CFD30B14FF4E1
:101250008033C2F80833042001F044FC134AD2F86A
:1012600004339B0311D5D2F8443173B10023C2F883
:101270004431D2F84405FFF755FD30B14FF4003347
:10128000C2F80833052001F02DFC084BD3F80421E7
:1012900032B10022C3F80421054A53680133536078
:1012A000044B4FF40062C3F8802108BD00B0004039
:1012B000280B002000E100E038B5364C637BFF2BA3
:1012C00064D0237883B10122022B227319D1324BCF
:1012D0004FF40022C3F80825002323704FF0FF329B
:1012E0004FF0FF33C4E904232C4BD3F8042310033D
:1012F0000DD5D3F84C2152B140F20F416C2001F0D2
:10130000D7FF022360782370FFF714FFECE7D3F8D0
:10131000042351030DD5D3F8483153B10220FFF710
:1013200009FF1F4B4FF48072C3F88021022001F0A7
:10133000D9FB1A4BD3F8042392030DD5D3F84431CB
:1013400053B10120FFF7F6FE154B4FF48072C3F83E
:101350008021012001F0C6FB104DD5F80433DB03DA
:1013600016D5D5F840319BB10020FFF7E3FE0C4BBA
:101370004FF48072C3F880210020FF236373A060C4
:10138000C5F80002BDE8384001F0ACBB0620F9E723
:1013900038BD00BF280B002000F001400080004055
:1013A00000E100E02DE9F04F97B01C46CDE90312B3
:1013B000DFF808A38046FFF795FD4FF08042012338
:1013C000C2F80835DAF8002006460F46B848136020
:1013D000082101EB44121318D3E901B100EB441CBE
:1013E00015581C7BDA8906910CF1080C597BDB68D7
:1013F000009201910793BCE80F000DF1380EAEE8A2
:101400000F009CE803008EE8030025F07F40FFF703
:101410009FF8009A531C1C44A64B9842044400F2C7
:1014200037829C4200F3E380002CC0F2C080FFF7BB
:1014300023FC019B012B024608D0DAE90613B3F125
:10144000FF3F08BFB1F1FF3F00F0B6800292FFF707
:10145000A3F940F256339842029A00F0D68040F247
:10146000F553984200F0CE80B0F5C67F00F0C480FE
:1014700000230293002103200591B7F1FF3F08BF2D
:10148000B6F1FF3F1FD0AE4277EB0B03C0F0818077
:10149000B6EB050C67EB0B03BCF5000F73F1000313
:1014A00080F00082A5EB060CBCF1000F33460ADD8C
:1014B0000598002800F0AC809AF8200000280CBFA6
:1014C0000846002000E0434615F1FF39A9EB030C64
:1014D0004BF1FF3184454B4656DB002A41D009933E
:1014E000039B0891B9EB080861EB03020392FFF735
:1014F00053F940F2563C6045DDE90813039A00F0C9
:10150000D48040F2F55C604500F0BD80B0F5C67F48
:1015100014BF09201620804572F1000280F0B980C6
:10152000049A012A00F0CC80059A002A72D1B7F102
:10153000FF3F08BFB6F1FF3F6CD0B6EB090C67EB7D
:101540000102BCF1050F72F1000080F28481BCF150
:10155000010F72F1000317DA39463346059FB14691
:1015600067E0DAE90620B0F1FF3F08BFB2F1FF3FC4
:10157000B5D0AA1A6BEB000C029882427CF10002F3
:10158000ADD2019A012AAAD00026304617B0BDE894
:10159000F08FB5EB060C6BEB0703BCF5000F73F196
:1015A000000381D340F23171702001F081FE04F11B
:1015B000F45404F590243AE700287FF447AF0290F2
:1015C000FFF7EAF840F256339842029A00F04C8155
:1015D00040F2F553984200F01E81B0F5C67F00F04E
:1015E00020810123032011460292059345E704F16F
:1015F000614404F5F7041AE700210D230320029348
:1016000005913AE73223029334E71C23029331E732
:10161000084659E7484605930391FFF77FFC039975
:10162000059B0027B1F1FF3F08BFB9F1FF3F00F074
:10163000348123F07F402A1A22F07F42013AB2F52A
:10164000000FA1D2069B5B191B1A23F07F43B3F551
:10165000000F99D80391FEF77BFF174B0399A4EB7A
:10166000000898453CD3041B9C42C0F0E080114B1D
:10167000984531D89C4240F22981C4F1614404F577
:10168000F704A0462DE03B20804572F10002FFF4F4
:1016900047AF0593019B03915F1E484618BF012782
:1016A000FFF73CFC059B0399BCE7252033E700BF0F
:1016B000C0060020FF7F841E0040420F480B002020
:1016C000B7F1FF3F08BFB6F1FF3F00F0F5803946A4
:1016D0003346B1460027ACE708F1F45808F59028E6
:1016E00044467D4B93F8283023B9009B1E33A34218
:1016F00080F2A580049B012B04D001200391FFF709
:1017000019FD0399009B4BB1A8EB030201200023B4
:101710000391FFF79BFC0399002854D00023424615
:1017200018460391FFF792FC0399064600284AD019
:10173000019BDAF81820012BDAF81C3000F08480C5
:10174000002F44D1B3F1FF3F08BFB2F1FF3F00F0DB
:1017500098800120FFF750FD9AF82030002B40F0D0
:101760008980009A1932A24280F2A1800024A8EB5D
:10177000020223460220FFF769FC30B1DAF800309C
:101780001C604FF08043C3F80845069B1093079BED
:10179000119300238DF850300A934FF0FF324FF031
:1017A000FF33CDE90E5BCDE90C230AAD0FCD4A4CDA
:1017B0000FC40FCD0FC495E80F0084E80F0030462A
:1017C00017B0BDE8F08F0120FFF7B4FCDCE6B3F101
:1017D000FF3F08BFB2F1FF3F0BD00191FFF72CF89C
:1017E0004FF0FF324FF0FF33CAE906230199002F73
:1017F000B2D0029BB9EB030261F100030520FFF7B1
:1018000025FC00285DD09AF82030002BA9D10123B7
:101810008AF82030A5E73221012335200291059373
:101820002BE60D21012310200291059325E62A4B7A
:1018300093F828306442A046002B7FF45BAF4FF44E
:10184000F261702001F034FDB3F1FF3F08BFB2F147
:10185000FF3FCCD0C1E7484608930391059FFFF7AF
:101860005DFB0399089BDDE61C2101231F200291EB
:10187000059302E60520FFF75DFC00238AF820307F
:101880006FE7FEF78FFF02F05EFDCAE9060160E731
:1018900040F22141702001F00BFD40F27C7170207C
:1018A00001F006FD40F23571702001F001FD40F2BB
:1018B000BA71702001F0FCFC40F2A361702001F0CD
:1018C000F7FC40F22621702001F0F2FC40F65801AE
:1018D000702001F0EDFC00BFC80A00202DE9F04F98
:1018E0008F4F97F8214004EB44033B4483B05E7A6A
:1018F000202E48D08B4BE5B26400002B00F089808D
:10190000894BDFF82C92002B5FD006EB451207EBDA
:10191000420A4FEA45189AF82830013BDBB2052B02
:1019200034D8824A12F803B0BBF1090F2ED0AFF3BE
:101930000080EFF3108372B62C443C449AF82920BF
:101940006272A27AB24204BF2022A27213B9AFF32C
:10195000008062B6B044730107EB480809EB4616F5
:10196000012259F80330706888F8282059469847B2
:1019700097F8214004EB44033B44E5B25E7A202E05
:101980004FEA4404C1D103B0BDE8F08F40F26E616C
:10199000702001F08DFC62B6B044730107EB48087B
:1019A00009EB4616012259F80330706888F82820A0
:1019B0005946984797F8214004EB44033B44E5B26D
:1019C0005E7A202E4FEA4404DDD006EB451207EB89
:1019D000420A4FEA45189AF82830013BDBB2052B42
:1019E000D4D8524A12F803B0BBF1090FCED0AFF3EE
:1019F0000080EFF3108372B62C443C449AF82920FF
:101A00006272A27A964204BF2022A272002BC3D136
:101A1000C1E7454BDFF814B1DFF814A14FF02009FE
:101A2000002B51D006EB451207EB42024FEA451856
:101A300092F82830013BDBB2052BA7D81BF8031026
:101A40000929A3D0EFF3108372B62C443C4492F8DA
:101A500029206272A27A964208BF84F80A90002B6D
:101A600054D0B04407EB480873010AEB4616012234
:101A70005AF80330706888F82820984797F8214072
:101A800004EB44033B44E5B25E7A202E4FEA440463
:101A9000C8D178E762B6B044730107EB48080AEB97
:101AA000461601225AF80330706888F828209847B3
:101AB00097F8214004EB44033B44E5B25E7A202EC4
:101AC0004FEA44043FF45FAF06EB451207EB4202D6
:101AD0004FEA451892F82830013BDBB2052B3FF660
:101AE00055AF1BF8031009293FF450AFEFF31083F3
:101AF00072B62C443C4492F829206272A27A964233
:101B000008BF84F80A90002BC5D1C3E70191AFF359
:101B1000008062B6B044019907EB4808A4E700BF13
:101B2000480B0020000000000000000014ED04003D
:101B3000C00600202DE9F04F85B00D4614461F4623
:101B40009DF838B0FEF7CEFD2E686968031947F19D
:101B50000002B342019372EB01030292C0F0CA800B
:101B6000DFF8A891DFF8A8810BEB4B034B440393FC
:101B7000DA46039B1C7A202C3BD040F2F5578C466A
:101B80000FE06B7B012B02D0537D012B56D004EB71
:101B90004A1409EB440494F82940202C29D0D5E9B3
:101BA000006C08EB44124FEA441B91681369D0683B
:101BB0005B1840F100009E427CEB0003E1D240F252
:101BC000563740F2F55608EB0B0C2968AB68DCF889
:101BD00008006A685B1842F100029842DCF80C3099
:101BE00093411AD39CF81530012B02D06B7B012B4B
:101BF00003D0012005B0BDE8F08F411A0091FEF737
:101C0000CBFDB84200993FD0B04228D0B0F5C67F96
:101C100014BF01230E239942EBDA08EB0B032A7C55
:101C2000197E91421FD904EB4A1409EB440494F83D
:101C30002940202CDDD04FEA441BC4E7761AFEF77A
:101C4000ABFD40F25633984220D0B84209D0B0F5EF
:101C5000C67F14BF01230E239E42B0DB97E73323D8
:101C6000D9E73323F8E7D3E902611C695B7DA61944
:101C700041F10001012B0BD0019BB342029B8B4130
:101C800038D3C5E9006174E71D23C4E71D23E3E7EA
:101C90006B7B012BF0D00091FEF77EFD40F25633B6
:101CA000984200992CD040F2F553984226D0B0F5D6
:101CB000C67F14BF01230E239C42DDDAFEF76CFDC4
:101CC00040F2563398421FD040F2F553984219D053
:101CD000B0F5C67F14BF01260E26C344DBF80830DA
:101CE000DBF80C10F618019B41F10001B342029B96
:101CF0008B41C6D2002005B0BDE8F08F3323DBE76F
:101D00001D23D9E73326E8E71D26E6E7480B002028
:101D1000C00600202DE9F047154692F8008092F8A1
:101D20000BC0AF7A12891C4686B00023E3602361A2
:101D3000C4E9003327749DF8389084F80DC0064636
:101D4000A3606361E28184F811800F46B8F1000F4F
:101D500042D1FEF70BFCD5E904C24C4BC31841F14C
:101D6000000E9C4572EB0E030AD3013E47F1FF378C
:101D7000C4E900674FF47A73A36006B0BDE8F0874A
:101D8000263041F10001844572EB0103EDD328892F
:101D900001300021844572EB01036AD3BCEB0000E3
:101DA00062EB010104F10C03009303AA04ABFEF7FC
:101DB0003FFC039B6A682889473313441844FEF7A5
:101DC00091FCDDE90432C01A20F07F40C4E9003202
:101DD000A06006B0BDE8F0872D4804A9801A04F180
:101DE0000C02FEF7F9FB2B4B1B78202B24D02A4941
:101DF0000B69D1E90521053342F1000A13EB010813
:101E00004AF1000A6B68227BE0894733104418448A
:101E1000C4E9008AFEF766FC3246A0603B462869AA
:101E2000CDF800902146FFF785FE0028A5D1C4E932
:101E3000006706B0BDE8F087637B16F1090847F13B
:101E4000000A012BDED0FEF717FF0028DAD1FEF7DB
:101E5000A3FC40F2563398420ED040F2F55398421C
:101E60000FD0B0F5C67FCDD116F1160847F1000AA4
:101E7000C8E74046414695E716F1250847F1000AB4
:101E8000C0E716F13B0847F1000ABBE70040420FEC
:101E9000FF7F841EC00A0020C80A00202DE9F047F9
:101EA000374DDFF8E08000EB40032B4406461C7AF8
:101EB0004700FFF71DF84FF0200C4FEA461E08EBD5
:101EC00044110EEB0403D1F808A00A69AAEB00093B
:101ED00029F07F49B9F5000F05EB43030DD812EB4C
:101EE0000A02121A22F07F42B2F5000F05D8BCF1A7
:101EF000200F0BD12046BDE8F08793F82930202B26
:101F0000A4461C46DBD1BCF1200FF3D0BB192B44F7
:101F10000CEB461205EB420293F8088092F8292058
:101F20001A72710144464FF0040E0B1905EB43037E
:101F300022469445204683F828E093F82940F4D1BE
:101F4000BB192B440A4493F80AE0BEF1200F5FFA54
:101F50008EFC18BF8C443E4418BF05EB4C0C05EBBF
:101F60004202354408BF83F809804FF0200318BFB0
:101F70008CF82980A87282F829302046BDE8F087C5
:101F8000480B0020C00600202DE9F0414E4D01EB2A
:101F900041032B440C461E7A202E80464FEA41070F
:101FA00041D14A4B0BB1AFF3008002F0CCF995F868
:101FB0002230202B0AD0464BD3E904E210F1020C68
:101FC00041F10003E64572EB030331D3202E0AD022
:101FD00042463346FFF7E6F900283FD085F82260F5
:101FE0000220BDE8F081D5E90623B3F1FF3F08BF29
:101FF000B2F1FF3F1FD195F8203043BB0420FFF71B
:1020000099F802F0AEF90020FFF7F6F829684FF0D2
:102010008042202085F8220000230B600120C2F8B6
:102020000835BDE8F0810846FFF738FF8642B8D092
:102030000020BDE8F081FEF7FFFB4FF0FF334FF0CB
:10204000FF32C5E9062395F82030002BD6D00520B5
:10205000FFF770F8002385F82030CFE73B192B44B9
:1020600006EB441205EB420293F808E092F82920AF
:102070001A72610173460420CA189C4605EB42029D
:10208000664592F8293082F82800F5D13B192B4497
:102090003C44987A2028C2B218BF5218614418BF35
:1020A00005EB420205EB4101254408BF83F809E036
:1020B0004FF0200318BF82F829E085F80AC081F8A4
:1020C00029300020BDE8F081480B0020000000000E
:1020D000C80A00202DE9F04F85B002F034F9C14E56
:1020E0000746884602F03DF9D6E90223B3F1FF3FE7
:1020F00008BFB2F1FF3F05D04FF0FF324FF0FF3382
:10210000C6E9022396F82830ABB94FF40C71B069D8
:10211000FEF718FB33697269B169023342F10002BC
:102120005B1842F10002181842F10002874278EB76
:10213000020380F06381AC4C4FF0FF304FF0FF3171
:10214000FEF7ECFEE37B002B40F04681A74991F8B7
:1021500000B00122BBF1200FE27300F03881202291
:102160000A7084F82220A373336094F8213003EBC3
:10217000430AA2445FFA83F99AF808505B0095423B
:10218000009307D09A4B03EB45102A46407E012866
:1021900000F0C580009BDFF860A203EB0908202D4A
:1021A000A0444FEA491708D04846FFF777FE85421A
:1021B00003D098F80850202DF6D1BAF1000F01D0C5
:1021C000AFF3008002F0BFF894F82230202B09D042
:1021D000D6E9042310F1020E41F1000C724573EBB5
:1021E0000C03E6D3202D38D02B460122FFF7DAF876
:1021F000002859D084F8225007EB0B0304EB43036B
:1022000093F82820022A1DD1009A4A44224406212C
:1022100083F82810917ACBB220291CBFDB1904EB7C
:1022200043035F4418BF83F829B0009B08BF82F8BE
:1022300009B04B44234404EB470783F80AB020233A
:1022400087F82930FF232374009B4B441C44637A96
:10225000202B5DD105B0BDE8F08FD4E90623B3F1A2
:10226000FF3F08BFB2F1FF3F07D0FEF7E5FA4FF09E
:10227000FF324FF0FF33C4E9062394F82030002BDF
:102280003FD10420FEF756FF02F06BF80020FEF766
:10229000B3FF21684FF080420023202084F8220001
:1022A0000B60C2F80835A7E77B1904EB430398F8E5
:1022B000080093F8293088F80830024604211346B4
:1022C000BA1804EB42029D4282F8281092F82920A5
:1022D000F5D198F80A1088F80A30CAB220291CBF34
:1022E000D21904EB42023B4404EB430318BF82F8CB
:1022F00029004FF0200208BF88F8090083F8292040
:1023000057E70520FEF716FF002384F82030B8E7D2
:10231000384B187805B0BDE8F04F01F069B809787E
:10232000202914D0316970694F1DB16940F1000056
:10233000791840F10000019003EB4213D3E9020247
:1023400088420198824128BFC3E9021022E701FBBD
:10235000053191F815C017F1090148F10000BCF1F1
:10236000010F0190E8D0CDE90251FEF785FCDDE9CF
:1023700002211F4B10B19AF80850DDE7CDE9022188
:10238000FEF70AFA40F25635A842029A184B0CD0D2
:1023900040F2F555A84214D0B0F5C67F03990AD093
:1023A000009848442044057AC6E717F1250148F112
:1023B00000000190F4E717F1160148F100000190C8
:1023C000EEE717F13B0148F100000190E8E74FF418
:1023D0003171702000F06CFF40F2C121702000F0DC
:1023E00067FF00BFC80A0020480B0020C00A002079
:1023F000C0060020F80A002000000000074B084A31
:102400001B78580102EB4313082112585868904773
:1024100040F2B621702000F04BFF00BFC00A002040
:10242000C006002070B5134C0D460646FEF7E2FAD2
:1024300094F8213004F1280CD9B20CEB831C002352
:1024400002E00133202B12D01CF81320D8B2002A4E
:10245000F7D103EB4111084A04EB4104590102EBA7
:1024600043135650012284F828205D6070BD184641
:1024700070BD00BF480B0020C00600201F280AD8EE
:102480000C4991F8213000EB431301EB430393F81F
:102490002820012A01D00020704791F8213000EB5C
:1024A000431301EB43034FF0000C104683F828C0A0
:1024B000704700BF480B002010B5094C04EB4014D6
:1024C000D4E90201FEF752F8227DE38A9B1803F15A
:1024D00001034FF000025241181842EB010110BDF8
:1024E000C00600202DE9F04FB04A536891B0C3F305
:1024F000080303900791002B40F03B8208230693CA
:10250000079B1B78012B00F2DB82DFF8BCB2BBF12A
:10251000000F04D0002140F24350AFF300800023AD
:10252000DFF8A8A2DFF8A88204930124BBF1000F12
:1025300004D000214FF4AA60AFF3008024B99C4B73
:102540000BB1AFF3008062B69AF82130DBB205938D
:102550004FF000028AF81020069A002A40F0AD8061
:102560009946BBF1000F04D0002140F26450AFF354
:10257000008001F0E8FE059B0093079A0AAB044631
:10258000FFF7C8FBBBF1000F04D0002140F26C50F4
:10259000AFF30080039B03EB49130AEB43034FEABD
:1025A000491693F82830013B012B00F28480DDE9C5
:1025B0000A3224F07F441D1B25F07F4121F00101E8
:1025C000002940F0D580039A09EB49035344B2181F
:1025D000997A0AEB4202042082F8280020294FEA67
:1025E00049020992CAB200F001823244039B0AEB0D
:1025F000420282F829301A46099B4B445344164440
:102600000AEB46069A72202386F8293000230493A9
:102610000125BBF1000F04D0002140F27150AFF34F
:102620000080644B0BB1AFF30080EFF310863446AB
:1026300072B69AF81030002B7FF478AF039B0AAF84
:1026400008EB43140FCF08340FC497E8030084E865
:102650000300A5B1069B002B00F0B281049B23B1BF
:10266000554B1B78202B00F0F1819AF82130DB4389
:1026700003F001038AF82130FF238AF8103026B9CD
:102680004B4B0BB1AFF3008062B6BBF1000F04D02F
:1026900000214FF4B560AFF30080002D53D1BBF1A2
:1026A000000F04D0002140F2B450AFF30080284660
:1026B00011B0BDE8F08F0025ABE7059A3F4B551CE4
:1026C00005F0010503EB821E03EB851C17B2BEE883
:1026D0000F00ACE80F00BEE80F00ACE80F00BEE84A
:1026E0000F00ACE80F009EE80F00A9468CE80F0031
:1026F0002EB2BBF1000F04D0002140F2DE30AFF368
:1027000000802F4B07EB470706EB4606DA19D95B2B
:102710009278995333449A70BBF1000F0CD000218A
:1027200040F2E230AFF30080BBF1000F04D0002193
:1027300040F25A50AFF300809AF81030002B7FF42B
:10274000F5AE05950DE79AF8213003EB43035344AA
:102750005B7A202BA3D0BBF1000F04D0002140F204
:10276000AF50AFF30080174B187800F041FE96E7AA
:1027700025F07F45B5F5000F3FF625AF0C99C91838
:102780000C1B24F07F44B4F5000F3FF61CAF09EB9F
:10279000490151440C7A4FEA4901202C099100F07B
:1027A0003A812021944604911A4627E000ED00E08A
:1027B0000000000000000000C00A0020700B002094
:1027C000500B0020F80A002000000000480B0020F9
:1027D000C00600209DF83510012903D0417D012954
:1027E00000F0B18033190AEB430393F82930202B12
:1027F00000F02081DDE90A2C04941C4608EB44100B
:10280000650187680169C368C91943F1000E8A42EE
:102810007CEB0E03DED213466246049F0C9908EB54
:102820000500C918D0F808C042F100028C45C16803
:1028300071EB020275D3427D012A03D09DF8352049
:10284000012A59D0049B9F4200F0DF80202F00F026
:102850003C81049B202B06EB07030AEB430393F810
:10286000292000F02481049BF3180AEB430393F81A
:10287000294083F8292022460520B3180AEB430398
:1028800011468F4293F8292083F82800F5D1099B3F
:102890004B445344987A202808BF5C72099B4B44F0
:1028A000C1B253441CBF89190AEB41019F72039BBB
:1028B00018BF81F82940F318F1190AEB43030AEB1A
:1028C0004101202081F8290083F82920049B8342BC
:1028D00000F0A7801C4634440AEB4404039B84F8B0
:1028E000293000230493039B1E440AEB460603236E
:1028F00086F8283001258CE6ACEB03030893FDF73E
:102900004BFF40F256339842089B55D040F2F552A7
:1029100090424DD0B0F5C67F14BF01220E229A42DC
:1029200090DD45449DF838302A7E9A424FD93319BC
:102930000AEB4303274693F82940202C61D0DDE9B8
:102940000A3265016AE7D71BFDF726FF40F25633CE
:10295000984233D040F2F55398422BD0B0F5C67F61
:1029600014BF01220E22BA427FF73CAFDDE90A32E2
:1029700053E7103B59B200293BDB01F1604101F5FF
:10298000614191F800335B090693002B7FF4B8ADE9
:10299000534B1B78202B00F09D80079B1B780693E0
:1029A000002B3FF4B2AD40F23C51702000F080FCAF
:1029B0003322B4E73322D6E71D22B0E71D22D2E747
:1029C000FF238AF81030002E7FF45FAE58E6099B93
:1029D000039A4B445344B218997A0AEB42020420FA
:1029E000202982F82800CAB27FF4FFAD039A5A72F8
:1029F00002E603F00F03043B13441B7E5B090693BE
:102A0000C3E7049B9F427FF424AF202B11D1099B85
:102A10004B4453441C7A039BF3180AEB430383F89B
:102A20002940099B039A4B4453441A72012304938F
:102A300059E71C4633190AEB430393F82920039BFB
:102A4000F3180AEB430383F8292044E70599022091
:102A5000FFF79AFA00287FF408AE9AF82130039F16
:102A600003EB4301514407EB43128C7A0AEB420219
:102A70000420202C82F82800DDB24FEA4312E0B295
:102A80004FEA430319D011180AEB410181F829706C
:102A900039462B4453440A440AEB420299722023DC
:102AA000049D82F82930002E7FF4EFADE8E5099B04
:102AB0004B4453441C7A1A72DDE64F723946E8E7FC
:102AC0004FF4A861702000F0F3FB4FF4E871702020
:102AD00000F0EEFB40F23951702000F0E9FB00BF3E
:102AE000C00A002070B506280DD8DFE800F01C529F
:102AF000040C0C740D00B14A4FF0804112680123A0
:102B0000C1F80835136070BDAD4D2B78202B00F057
:102B10009180AC4C5A0104EB4313A2585868BDE8AD
:102B2000704005211047A54CD4E90623B3F1FF3FBF
:102B300008BFB2F1FF3F00F0D080A34E0120FEF7A6
:102B40005BFB737F012B04D0FEF796F8002800F0A2
:102B500030819B4D2B78202B00F09B80FF23A373AB
:102B6000D6E90223B3F1FF3F08BFB2F1FF3F05D022
:102B70000520FEF76BFA002800F016812B78914AA9
:102B8000590102EB4313BDE87040525858680121C7
:102B900010478B4D2B78202B00F0A6808A4E737F38
:102BA000012B04D0FEF768F8002800F0F380834C76
:102BB000D4E90623B3F1FF3F08BFB2F1FF3F61D074
:102BC0002B78804A590102EB4313BDE870405258FC
:102BD000586800211047794C94F820307BB1D4E933
:102BE0000623B3F1FF3F08BFB2F1FF3F00F0A28020
:102BF0000120FEF701FB002384F8203070BD704DEA
:102C00002A78202A00F09D806F4E4FF0FF324FF05F
:102C1000FF33C6E90223A37B002B00F0B6802B789C
:102C2000684A590102EB4313BDE870405258586896
:102C300006211047614890F8213003EB430101441D
:102C4000DAB20B7A202B00F0AA8003EB421200EBE1
:102C5000420292F829400C72FF210174022182F88D
:102C60002810584C58492B700022C27381F8282034
:102C700004EB4312127E002A7FF44CAF00F002FFF7
:102C80002B7847E7FDF78EFD01F05DFBC4E90601F7
:102C900096E794F82130DAB203EB43032344197A20
:102CA00020297CD001EB421204EB420292F8290069
:102CB0001872FF232374434B297003EB4111002347
:102CC000097EE37386F82830022382F82830002931
:102CD0007FF444AF00F0D6FE40E7FDF763FD01F05E
:102CE00032FBC4E9060128E7344A92F8213003EBAD
:102CF00043001044DBB2017A202950D001EB43138A
:102D000002EB430393F829400472FF201074022061
:102D100083F828002B4B297003EB41112A4E097EC2
:102D20000023D37386F8283000297FF438AF00F0F1
:102D3000A9FE34E7FDF736FD01F005FBC4E9060105
:102D400056E794F82120D1B202EB42022244107AD5
:102D5000202824D000EB411104EB410191F82960B7
:102D60001672FF222274174A287002EB4010164E8A
:102D7000027EE37386F82830022381F82830002A87
:102D80007FF443AF00F07EFE3FE740F243617020E6
:102D900000F08EFA40F25161702000F089FA40F2A2
:102DA0004721702000F084FA40F22F61702000F07B
:102DB0007FFA40F22961702000F07AFA480B002077
:102DC000C00A0020C0060020C80A002070B5284BA9
:102DD0001A78202A86B045D0264CD4E90213B3F1E4
:102DE000FF3F08BFB1F1FF3F37D1234D05EB42153F
:102DF0000646D5E90201FDF7B9FB2B7DEA8AD21818
:102E000002F101024FF0000C4CEB0C0C93194CF149
:102E1000000C18180DF10B034CEB0101009303AAF1
:102E200004ABFDF705FC9DF80B20DDE904310F2A0A
:102E300094BF002201229B1841F10001C4E9023134
:102E40000E4B9B7B13B9012006B070BDD4E9022361
:102E50000520FEF7FBF806B070BD40F62F0170208C
:102E600000F026FA40F62E01702000F021FA00BF93
:102E7000C00A0020C80A0020C0060020480B00201D
:102E800038B5234B93F800E0BEF1200F3AD0214D26
:102E900095F8213095F821C003EB43032B445FFAEA
:102EA0008CFC1B7A202B1FD01B4C4FEA4C1C06E0DD
:102EB000634405EB430393F82930202B14D004EB33
:102EC0004312117E8142F3D804EB4E14D4E902136D
:102ED00020694018D2E9021243F10003814272EBEB
:102EE000030304D2002038BD4FF0FF3038BD0B4B38
:102EF000081A1C68FDF72CFB04F132038342F1D859
:102F0000001B38BD40F66801702000F0D1F900BF09
:102F1000C00A0020480B0020C0060020C80A00207C
:102F20002DE9F04F8D4B1E7887B0202E019000F0D8
:102F300010818B4F8B4D97F82130286803EB4303AA
:102F40003B440DF113021C7A019B18442B69039337
:102F50008946AB69029305A9FDF73EFB019A824BB6
:102F6000323A9A4261D8DFF80882059B696908EB1A
:102F70004616B2689B1832699B182A699B1A23F07F
:102F80007F40B0F5000F50D897F821A0AB61202CFE
:102F900085F820905FFA8AFA18BF4FF0200B00F0F6
:102FA000CB8008EB441C9B18DCF8080041F10001C1
:102FB0009842DCF80C308B414FEA44164ED39CF813
:102FC0001530012B02D06B7F012B32D00520FEF78C
:102FD000B1F897F821104FF0FF324FF0FF33BBF1FB
:102FE000200FC5E90223C9B240F0A48001EB4101E2
:102FF000394420240B7A594A97F82110127802EBB1
:10300000411207EB420282F829302B68019A1344DF
:103010002B60FF233B74202C40D0544B187800F0D9
:10302000E7F9002007B0BDE8F08F012007B0BDE848
:10303000F08FA0EB0209FDF7AFFB40F25633984248
:1030400020D040F2F55398421AD0B0F5C67F14BF95
:1030500001230E234B45B9DD95F820904644337E7D
:103060004B4511D904EB4A1307EB430393F829307E
:10307000202B17D0A346D5E904211C46AB6990E765
:103080003323E7E71D23E5E7DDE902312A695B1811
:103090009B1A0220AB6107B0BDE8F08F002007B09B
:1030A000BDE8F08F0520FEF745F84FF0FF324FF0F6
:1030B000FF3397F82110C5E90223C9B201EB4103A0
:1030C0003B4404EB411207EB420293F808A092F84C
:1030D00029201A724FEA410C480153464FF0050867
:1030E00000EB030E07EB4E0E1A4694421E468EF876
:1030F00028809EF82930F3D10CEB010EBE446144C8
:103100009EF80A90B9F1200F5FFA89F818BF804441
:103110003944024418BF07EB480807EB42028E729D
:103120004FF0200114BF88F829A08EF809A082F87A
:10313000291060E75C46C1E70520FDF7FBFF97F823
:1031400021104FF0FF324FF0FF33C5E90223C9B21F
:103150004CE74FF40961702000F0AAF8C00A002083
:10316000480B0020C80A0020CE3F420FF80A00207A
:10317000C0060020BFF34F8F0549064BCA6802F412
:10318000E0621343CB60BFF34F8F00BFFDE700BF8A
:1031900000ED00E00400FA05094B01225A604FF0EF
:1031A000FF32C3F80823074B4FF48042C3F8802056
:1031B000BFF34F8FBFF36F8FC3F88021704700BFFD
:1031C00000E0004000E100E0094B01225A604FF0AE
:1031D000FF32C3F80823074B4FF48052C3F8802016
:1031E000BFF34F8FBFF36F8FC3F88021704700BFCD
:1031F00000C0004000E100E0084B0022C3F8FC2FB3
:103200000122C3F8FC2F064B0222C3F88020BFF333
:103210004F8FBFF36F8FC3F88021704700100040BD
:1032200000E100E0F8B51B4E337805460C46174622
:103230006BBBFDF7ABF8184B7760002D08BF1D4640
:1032400028463472FFF7D8FFFFF7BEFFFFF7A4FF51
:10325000FDF7DCFB0546C0B9FCF752FFFDF7CAFBE2
:10326000FDF714FB00F077FF002C0CDB04F01F02CD
:103270006409A40004F1604404F56144012393400F
:10328000C4F880312360012333702846F8BD4FF025
:10329000FF35FAE7F00B00201AED040008B572B60E
:1032A000024B5B6803B19847FFF764FFF00B002007
:1032B0001FB572B6134B5D688DB9FFF75BFFB2FBAC
:1032C000F6F2DCB20133002AF9D104F110036B44A9
:1032D00003F80C2C0A2234B901A8A847EDE70246EE
:1032E00000230A26EDE7631E04AEDCB256FA83F330
:1032F000B0FBF2F602FB1600303003F80C0C30463F
:10330000E9E700BFF00B0020074B93F90830002BD2
:1033100009DB5A09012103F01F0301FA03F34032CC
:10332000024941F822307047F00B002000E100E034
:10333000014B1878704700BFF00B00201B4B4FF477
:10334000805270B5C3F88020BFF34F8FBFF36F8FEB
:10335000174D184C0021C5F80011C3F880212669CB
:10336000236943F0100323610123C5F8043306F0F9
:1033700010062B60D5F80031A3B11EB9236923F0E4
:10338000100323610A4B0122D3F808055A60C3F8E1
:1033900008230022C3F80021044B4FF48052C3F8E5
:1033A000802170BD01F050F8E4E700BF00E100E0CB
:1033B00000C0004000ED00E038B50C490246052091
:1033C000431ED8B2FF2803D148216920FFF770FFC0
:1033D00001EBC0031D7905F0FF04002DF0D141F889
:1033E000302001225C719C711A7138BD000C0020E4
:1033F000042808B503D958216920FFF759FF094B64
:1034000003EBC0000379012B01D05921F4E7437984
:1034100082790133DBB29A4218BF4371BDE808409C
:10342000FFF772BF000C002070B5124C0625002675
:10343000013D15F0FF0500D170BD94F8281004EB94
:10344000C1031A79012A09D158799A79904205D095
:103450005A79D2B29A7154F83130984794F828309A
:103460000133DBB2042B94BF84F8283084F8286041
:10347000DEE700BF000C002008B500F097FF70B930
:1034800000F09DFF58B900F0A3FF40B900F0B2FF73
:10349000044A054B002808BF1346184608BD024BD6
:1034A000FBE700BF00E701400C05004008B500F055
:1034B000A1FF08B3EFF3108072B6104A13691169C7
:1034C00041F010011161A2F5406203F01003D2F83F
:1034D0000011D2F804210A4300D040BF20BF00BF32
:1034E00000BF00BF00BF23B9044A136923F01003D3
:1034F000136100B962B608BD20BFFCE700ED00E033
:103500002DE9F04184075FFA81FE5FD0002A59D08F
:10351000034601E0002A55D003F801EB990702F1B8
:10352000FF32F7D14EEA0E24032A44EA04443ED97E
:10353000151FAE08172D06F10106C3F3800147D908
:103540009846002940D048F8044B771A03EB810CC9
:1035500079080CEBC101CCE900440CF1080C614581
:10356000F9D127F0010C08EB8C016745CCEB8C7886
:1035700005EB880517D02F1F032F0C6013D9A5F179
:103580000807032F4C600ED9A5F10C07032F8C60A0
:1035900009D9A5F11007032FCC6004D9143D032DE0
:1035A0000C6188BF4C6102F0030203EB86034AB151
:1035B000013A83F800E005D0012A83F801E018BF42
:1035C00083F802E0BDE8F0811546BEE70346A9E7AF
:1035D00019461546CFE700BF014B1B681B6818470B
:1035E00044000020014B1B685B6818474400002022
:1035F000014B1B689B68184744000020014B1B6867
:103600001B6918474400002038B504201E4CFFF702
:1036100037FC2568854228BF054604212846FFF768
:103620007FFC20B1012820D040F2451108E023683A
:10363000E068AB420DD1FFF7C9FB20B940F225117C
:103640006B20FFF735FEE268236822611344E360D4
:1036500038BD05446089E5600123281A2375FFF70A
:10366000B5FB60B940F22F11EAE763892075E06885
:10367000C01AFFF7ABFB10B94FF49E71E0E7628907
:10368000E3689B1A2361E3E7300C002008B50C4B7C
:103690001A7802F0FF0312B15A1E1A4203D0E02139
:1036A0006B20FFF705FE19B1034207D1E521F7E7CB
:1036B00023EA00039B0601D1E921F1E708BD00BF21
:1036C0004800002008B50D4B01221A764FF0827297
:1036D0001A621A68DA615A689A62094A93F83000E5
:1036E0000221117003F11801FEF7FCFE20B94FF41E
:1036F00083716B20FFF7DCFD08BD00BF300C00209C
:103700004800002070B5EFF3108572B6264C94F88F
:1037100031600023012E84F8313006D0022E1DD0F6
:10372000002E3BD185F3108870BD85F3108894F886
:10373000323003F0FF0123B14FF4A9716B20FFF782
:10374000B7FD1420FFF7A2FF184B84F832601B78F6
:10375000012BE9D1BDE87040FFF7B4BF94F83220E7
:1037600012B940F26311E9E7104984F832300B785E
:10377000023BDBB21E2B0ED8012202FA03F30C4AE5
:103780001342CFD144F20402134204D020230B7021
:10379000FEF7A0FCC6E740F27F11CFE785F3108863
:1037A00040F2A511CAE700BF300C002048000020FD
:1037B0004100004070B5144C94F8335025B14FF4DB
:1037C00022716B20FFF774FD104B84F832500126F4
:1037D0001E700F4B0F484FF4C852C4E900230E4B24
:1037E000A360FFF7E9FD294684F834000B48FEF793
:1037F00019FE202884F8300002D140F29721E0E73A
:1038000084F8336070BD00BF300C002048000020F9
:10381000FF3F420F053700000500B7009139000057
:1038200008B5104B93F8332022B940F2F7216B20F2
:10383000FFF73EFDEFF3108172B693F8312022B10D
:10384000012A0DD040F20731F1E7022283F831203E
:1038500001B962B693F83400BDE80840FFF7C8BD6F
:103860000022F3E7300C00200B4B93F8333010B5F7
:1038700023B940F216316B20FFF71AFDEFF31084E5
:1038800072B6064B1A78102A03D108221A70FEF776
:1038900021FC04B962B610BD300C002048000020A5
:1038A00070B5174B1B78042B27D1164D2B7D1BB9F8
:1038B0006B892868C01A70BD00F0FCFC10F11E0472
:1038C00095F8300041F10006FEF7F6FD2B691B1854
:1038D00041F100019C4276EB01004FF000020CD256
:1038E000181B4FF0FF3361EB0601834272EB0103BB
:1038F000E1D2A7216B20FFF7DBFC0020DBE700BF54
:1039000048000020300C002038B5144C94F83330B7
:1039100023B94FF433716B20FFF7CAFCEFF3108526
:1039200072B694F8313023B1022B0DD040F2DF2172
:10393000F1E7012384F8313005B962B694F8340018
:10394000BDE83840FFF754BD054B1B780022042B1F
:1039500084F83120F0D13AF087F8EDE7300C002000
:103960004800002008B5094B19781029CAB207D0C1
:10397000202A05D0042A04D110221A703AF084F8C3
:1039800008BD4FF4E2716B20FFF792FC4800002065
:1039900070B50C46FDF7ACFA611E06294AD8DFE87F
:1039A00001F00453532823665F0001210220FFF732
:1039B0006DFE314B314A93F8321079B10421117008
:1039C0001A68DA6000221A7593F83130022B01D0A0
:1039D0003AF04AF8BDE87040FFF716BE2023137096
:1039E000BDE87040FEF776BB4FF404716B20FFF723
:1039F0005FFC214C94F83230E3B1204B1B78042B50
:103A000019D100F057FC064694F830000D46FEF739
:103A100053FD227D012A0BD12269121841F10003C6
:103A2000964275EB030303D3BDE87040FFF79ABFDE
:103A30000AF0BCFC70BD124B0222C3F88020BFF319
:103A40004F8FBFF36F8FF5E701210220FFF71EFEB6
:103A5000094B93F8323033B1BDE87040FFF732BE06
:103A600001212820F2E7054B01221A70E2E7024B00
:103A70001B7D012BAED1D7E7300C00204800002081
:103A800000E100E0014B01229A777047680C0020AA
:103A90002DE9F04786468C460846089E1546744632
:103AA0001946002B40F0C2808542B2FA82F245D915
:103AB0004AB1C2F1200300FA02FC2EFA03F395404A
:103AC00043EA0C0C94404FEA154EA8B2BCFBFEF83A
:103AD000230C0EFB18CC08FB00F943EA0C43994574
:103AE00028D9EB1808F1FF3704D2994502D9A8F17B
:103AF00002072B44A3EB0903A4B2B3FBFEFC0EFBAD
:103B00001C330CFB00F044EA0344A04214D92C19E6
:103B10000CF1FF3304D2A04202D9ACF102032C44D1
:103B2000241A43EA07401EB1D44000233460736076
:103B3000BDE8F0874746DDE76346F1E792BB431BEC
:103B400001214FEA154EAFB2B3FBFEFC200C0EFB79
:103B50001C330CFB07F840EA0343984562D9EB1885
:103B60000CF1FF3004D2984502D9ACF102002B448D
:103B7000A3EB0803A4B2B3FBFEFC0EFB1C330CFB4F
:103B800007F744EA0344A7424ED92C190CF1FF333E
:103B900004D2A74202D9ACF102032C44E41B43EA4D
:103BA0000040C0E7C2F1200320FA03F195409040A5
:103BB0002EFA03F303434FEA154EAFB2B1FBFEFCFE
:103BC0000EFB1C10190C0CFB07F841EA004188455C
:103BD00004FA02F422D969180CF1FF3004D28845A6
:103BE00002D9ACF102002944A1EB08019BB2B1FB60
:103BF000FEFC0EFB1C110CFB07F743EA01439F423E
:103C00000ED9EB180CF1FF3104D29F4202D9ACF16E
:103C100002012B44DB1B41EA004192E76046E3E7E7
:103C20006146F7E76046A3E76346B7E7834206D9F4
:103C300016B9002108467BE7C6E900E0F9E7B3FAC8
:103C400083F78FB9834201D3724508D8BEEB0204D3
:103C500060EB030301209C461EB9002168E738464B
:103C6000FAE7C6E9004CF8E7C7F1200CBB4022FA9E
:103C70000CF41C432EFA0CF120FA0CF3B84001436B
:103C80004FEA14490EFA07F5B3FBF9F81FFA84FE60
:103C900009FB18300B0C08FB0EFA43EA00439A4567
:103CA00002FA07F240D9E31808F1FF3004D29A452E
:103CB00002D9A8F102002344A3EB0A0389B2B3FBA3
:103CC000F9F809FB183308FB0EFE41EA03418E4563
:103CD0002CD9611808F1FF3304D28E4502D9A8F11E
:103CE0000203214443EA0040A0FB0298A1EB0E012D
:103CF0004145CE46434602D306D14D4504D2B9EBE9
:103D0000020E68EB04030138002EA6D0B5EB0E02BC
:103D100061EB030101FA0CFC22FA07F34CEA0303FE
:103D2000F940C6E9003198E74046C5E74346D9E780
:103D3000FCF72CBB70B5841A04F307040E4660B27E
:103D400059B21546FCF712FB0023307028447370FB
:103D500040B270BD37B5A0F10B04E0B20F28154694
:103D600003D94F216420FFF7A3FA0DF103030A469C
:103D700001460420FCF7B6FA034608B15821F1E7E2
:103D800004EB840404F665149DF90300A2B201A9B2
:103D9000FCF798FA9DF804302B709DF805306B7095
:103DA00003B030BD002303607047002070474FF020
:103DB000FF3070474FF0FF3070477047704700206A
:103DC00070474FF0FF307047002070470020704769
:103DD0000023037070470022FFF7ACBF002070473C
:103DE0004FF0FF3070474FF0FF3070474FF0FF301B
:103DF0007047C0B2704738B5054691F827000C46A9
:103E0000FEF73CFB18B9D3216A20FFF751FA0023D3
:103E1000A38484F826300921236A2846984718B1DC
:103E200003780BB1D721EFE738BD426808B50346E8
:103E300011441A785960012AA1F1500006D1FEF709
:103E4000C5FF40B9B7216A20FFF732FAFEF7BEFF7F
:103E500008B9BC21F7E708BDF8B504460E4619B904
:103E6000012384F829303CE00D78032DF8D8DFE8F1
:103E700005F03A0212154868C72802D800252846DE
:103E8000F8BD0421FFF74CF80028F7D171682046EF
:103E9000FFF7CBFFF3E7FCF7E5FAF0E790F82470C3
:103EA000FFB94D682846FCF7B1FA0028D8D0297828
:103EB000D9B9012222702B792181003B18BF01233F
:103EC000E3726B79002B0CBF02230423A372AB684F
:103ED00060336360EB682361032384F8263084F841
:103EE0002520FCF7BFFA0225C9E794F82630052BF8
:103EF00004D040F277116A20FFF7DAF927702B79A6
:103F000094F827002781003B18BF0123E3726B79E7
:103F1000002B0CBF02230423A372EB68A968603353
:103F20006360D4E906325B1842EBE172C4E9043203
:103F3000042384F826302146FEF7D4FA0028D0D195
:103F400040F27911D7E770B50D46044620B940F22A
:103F500091116A20FFF7ACF990F82860082900F267
:103F6000F080DFE811F0EB000900410041007C0027
:103F700086009000A900970090F82630033B012BA3
:103F800002D94FF4CE71E4E7052390F8241080F8AD
:103F90002630002380F8293011BBFFF746FF237835
:103FA000012B18D194F82700FEF786FAC4E9060120
:103FB000236A00213046984701462046FFF74CFF10
:103FC000022820D0002800F0BF80012840F0BF80E8
:103FD000236A0421EEE7D4E90423C4E90623E7E7D2
:103FE000BDE87040FCF73EBA90F82630DA1E012A90
:103FF00002D94FF4DD71ACE790F8242072B101468C
:104000003046FFF7F8FE002D40F0A48000F054F990
:10401000002800F09F8040F22E219AE7042B0CBF6D
:1040200002230123022980F82630036A0CD10521DE
:1040300030469847002800F08D800378002B00F070
:10404000898040F2CF1184E7062130469847002846
:10405000D9D00378002BD6D04FF4EA7179E790F8E5
:104060002630052B02D040F2DB1172E7036A0221F1
:10407000A0E790F82630052B02D040F2E11168E766
:10408000036A012196E790F82630052BA8D040F26C
:10409000E7115EE790F82630052B02D04FF4F67159
:1040A00057E7036A0A213046984701462046FFF742
:1040B000D3FE40F2EF114CE790F82630052B07D0E5
:1040C00090F825200AB1032B02D040F2F31140E70B
:1040D00094F824202AB121463046BDE87040FFF70D
:1040E0008ABE94F8293073B1022384F8263084F80C
:1040F0002920236A08213046984758B303784BB3E8
:1041000040F2FF1125E794F8252052B194F82700DA
:1041100084F825302146FEF7E5F9D8B94FF401714E
:1041200017E7022384F826300721236A3046984790
:1041300080B1037873B140F20B210AE74FF40471A8
:1041400007E74FF4057104E7236A032132E740F2E1
:104150002521FEE670BD70B5FCF7D0F900240546B8
:104160002646E0B2854200D870BDFCF7CDF9013497
:10417000868480F82660F4E7F8B504460D46FCF71F
:10418000BDF900270646F8B2864204D8082D0CD99E
:104190006FF0150008E0FCF7B7F990F8263001370A
:1041A000002BF0D04FF0FF30F8BD2CB1294620464F
:1041B000BDE8F840FCF7B6B921462046F8E738B527
:1041C0000546FCF7A1F9014688B190F824408CB966
:1041D00090F8263073B1013B012B04D82846FFF735
:1041E0000AFE204638BD012380F82430F9E76FF03D
:1041F0000100F7E76FF02200F4E770B50D46FCF719
:1042000083F9044600284AD090F82660731E012BDB
:104210004BD8002D46D02846FCF7F8F8002841D0AE
:104220002A7802BB012323702B792281003B18BF1F
:104230000123E3726B79002B0CBF02230423A372CA
:10424000AB6860336360EB682361032394F8270055
:1042500084F826302146FEF745F948BB4FF42B7110
:104260006A20FFF725F8022E1FD1002222702B7939
:1042700022819B1A18BF0123E3726B79934218BF06
:104280000426A672EB68A96860336360D4E906323D
:104290005B1842EBE172C4E904320423D6E76FF005
:1042A000010070BD6FF01500FBE76FF02200F8E72A
:1042B0000020F6E7FCF722BE08B50020FCF72EFF31
:1042C0000068003818BF012008BD08B500F0B0F83C
:1042D00028B14FF080430222C3F8342C08BD00F00F
:1042E00089F80028F5D100F09AF80028F1D1F5E717
:1042F0004FF0804301221A6070474FF08043D3F89B
:10430000080400F0010070474FF08043D3F8140414
:1043100000F0010070474FF08043D3F81C0400F018
:10432000030070474FF08042D2F81834D2F81824B6
:1043300013F4803305D002F003031B1A584258418E
:1043400070471846704707B56846FCF7CFFCDDE9B3
:1043500000024FF080730021E2FB030103B05DF81F
:1043600004FB08B5FCF7ACFCBDE80840FCF792BCC8
:104370000023037018467047EFF3108272B603787B
:104380000121DBB2017002B962B6012B0CBF6FF0E4
:10439000220000207047EFF3108372B600220270F3
:1043A00003B962B600207047FFF73EB84FF0805364
:1043B000D3F83001A0F10F035842584170474FF035
:1043C0008053D3F83001A0F10A0358425841704796
:1043D0004FF08053D3F83001A0F10E0358425841FA
:1043E00070474FF08053D3F83001A0F110035842CA
:1043F000584170474FF08053D3F83001062803D05E
:10440000431C584258417047012070474FF0805379
:10441000D3F83001A0F10D035842584170474FF0D6
:104420008053D3F83001A0F1080358425841704737
:1044300008B5FFF7C4FF30B14FF08053D3F8340113
:10444000B0FA80F0400908BDFFF730B8FFF72EB88A
:1044500000280CBF6FF01500002070470020704747
:10446000072303700020704700207047002070472A
:1044700010B50446FFF714FAA04294BF00200120B3
:1044800010BD0000000000002DE9F04F9FB08246F3
:10449000039116461C460025307810B9284600F0D6
:1044A00089BD731C2528069306D00399D0470028A0
:1044B000C0F2808501352CE21822002110A843F0BB
:1044C00070F87378252B7ED00023701C98469E468A
:1044D0009C461F46014610F8012B2B2A00F0A680AF
:1044E00000F29D80202A00F0A480232A00F0A480FE
:1044F0002BB19DF8483043F040038DF84830B8F1B7
:10450000000F05D09DF8483043F020038DF8483067
:10451000BEF1000F05D09DF8483043F010038DF830
:104520004830BCF1000F05D09DF8483043F0080337
:104530008DF848302FB19DF8483043F004038DF8D2
:1045400048309DF8483003F04400442803D16FF30D
:1045500086138DF848309DF848302A2A43F08003AE
:104560008DF8483040F084809DF8492042F00102E7
:104570004B1C8DF849201A782E2A9DF849200CBF33
:104580000121002161F341028DF849207CD15A7844
:104590002A2A72D0013300224FF00A0C194611F872
:1045A000010BA0F13007092F40F2B3809DF84810AD
:1045B0001492C1F3400040EAD2700A4660F341020F
:1045C0008DF8482060E0B21C06928DF84B309DF8C3
:1045D00049209DF84A30D70703F0070040F1548185
:1045E00054F8041B0491002908DA9DF8481041F0A2
:1045F00004018DF84810049949420491510740F193
:104600004B8154F8047B002F80F24A819DF84920A9
:104610006FF341028DF849204FF0FF3740E12D2A1A
:104620000DD0302A7FF464AF012353E74FF0010C23
:1046300050E74FF0010E4DE74FF001084AE7012720
:1046400048E70EFB0272303A0346184610F8017B29
:10465000A7F1300CBCF1090FF3D999428BD09DF82A
:1046600048101392D20F62F341018DF8481082E78F
:104670000B4600224FF00A0EE7E79DF8492042F072
:1046800004028DF8492002331A786C2A61D045D88B
:10469000682A4BD06A2A65D04C2A6BD013F8012BBC
:1046A0000693782A8DF84B2000F2AD806D2A6ED8E3
:1046B000692A00F2A880572A00F28880412A04D093
:1046C000A2F14503022B00F29E809DF84A3002F0D1
:1046D000DF020421A2F1410861F30203D8F10002D4
:1046E0009DF849108DF84A3042EB080262F3C71179
:1046F0000A068DF84910CBB200F1C48003F07802AD
:10470000182A40F0AE806FF3C6038DF849300023BD
:104710009DE00CFB0202303A0B463FE7742A25D09D
:104720007A2ABBD19DF8492006210CE05A78682AE4
:104730009DF8492006D1012161F3C6028DF8492078
:104740000233ABE7022161F3C6028DF84920013341
:10475000A4E75A786C2A9DF8492001D10421EBE79F
:104760000321F0E79DF849200521ECE79DF8492059
:104770000721E8E7BDF8482022F4F04222F00202C7
:1047800042F4804242F00202ADF84820DFE76E3A80
:10479000D3B201229A4040F282431A429DF8493036
:1047A00038D112F0240F60D1D1072CD59DF84A20C2
:1047B00003F07803A3F1400C032161F30202DCF162
:1047C00000038DF84A2043EB0C0340E0A2F15801AE
:1047D000C9B2012000FA01F111F4624F7FF475AF04
:1047E00040F6010319429DF8493019D111F4043FF4
:1047F00009D09DF84A2060F3020203F07803402BB1
:104800008DF84A2083D19DF8483043F001038DF89C
:1048100048307CE79DF84A20022161F30202ECE770
:104820009DF84A10022003F0780360F30201402B48
:104830008DF84A1002BF9DF8481041F001018DF833
:104840004810632A7FF463AF003B18BF01239DF833
:104850004820C2F340010B4363F341028DF8482026
:10486000B5E613F0380FCED151E79DF84A20032169
:1048700013F0780F61F302028DF84A2014BF012370
:104880000023E4E70123E2E79DF948100029B4BFC3
:1048900013994FF0FF31B0E697077FF5BDAE149F37
:1048A00000220428CDE913229DF8492007D1900762
:1048B00005D49DF949100029ACBF06270D2703F048
:1048C0000703012BC2F3C30233D1D31E042B04D838
:1048D000DFE803F02146462121002368012A4FEA40
:1048E000E371CDE910311CD19DF94030D917CDE9E4
:1048F000103104349DF848300793990750D0069B37
:1049000003993246504642F05BFC0028C0F25283C5
:104910000544069EC0E554F8043BD917CDE9103193
:10492000E8E7022AE5D119B243F3C033CDE9101309
:10493000DFE7022B24D1D31E042B04D8DFE803F0D9
:10494000181010181800012A54F8043B4FF0000109
:1049500014D0022ACDE91031CCD19BB21093C9E713
:10496000073424F00704F4E80201CDE91001C1E79F
:1049700054F8043B109300231193BBE7DBB2CDE75F
:10498000042B08D1073424F00704D4E900010834CB
:10499000CDE91001AEE7032BACD154F8043BDDE7C1
:1049A0009DF84BB0BBF1780FB3D8BBF1570F49D886
:1049B000BBF1250F00F09080BBF1240FA9D9BBF10A
:1049C000410F03D0ABF14502022AA2D8DDE9101253
:1049D000002AC0F23581079B1E0700F13481C3F322
:1049E00000194FEA4919C2F30A50C2F31302002812
:1049F00040F02C8151EA020614BF01260026D202A3
:104A000042EA5152C902BBF1460F40EA010E42EAA6
:104A1000E07C08BF4FF0660B5EEA0C0CCDE90C128F
:104A200000F09681002E40F043810D9A42F0004242
:104A3000A0F2FE380D920020DDE90C1206464FF080
:104A4000050C4FE1ABF1580120293FF662AF01A000
:104A500050F821F0DF4B000013490000134900001B
:104A600013490000134900001349000013490000D6
:104A70001349000013490000CD490000134900000C
:104A8000634B0000774B0000CD490000CD4900008A
:104A9000CD49000013490000774B00001349000086
:104AA000134900001349000013490000194C00008D
:104AB000DF4B0000E54B00001349000013490000E4
:104AC000DF4A000013490000DF4B000013490000DB
:104AD00013490000DF4B000003995846E6E4002F1D
:104AE000109E3ADB3946304642F067FD3718002EFB
:104AF0003FF40FAF4FF000099DF84A3013F0100259
:104B0000059200F04C82023013F04003DDF84C8037
:104B1000089318BF149BCDF81C80404418BFC018E0
:104B2000049B002B40F356829DF848201B1A0493E7
:104B30005307C2F3800B00F14D82500640F13D82D5
:104B4000B9F1000F07D003994846D0470028C0F2BA
:104B500031820135D946302230E2304642F0E8FC5D
:104B6000C4E7109B8DF85C304FF000090DF15D0734
:104B700017AE0120C0E7079B1A0758BFC3F30019FF
:104B8000DDE9102354BF4FEA49194FF02B09002BE0
:104B900006DA524263EB4303CDE910234FF02D09AF
:104BA0000DF175030093DDE9100117AB12AA42F075
:104BB000C1FA0646002F0CDB9DF848200DF1750365
:104BC0009B1B6FF386129F428DF8482001D9FB1A78
:104BD0001393002E3FF49DAE0DF1750756E04FF094
:104BE0000009DDE71098002800F0D4810DF175036D
:104BF000009312AA17AB002142F09CFABDF84A308C
:104C000003F0EF0343F4F04343F010030646ADF81E
:104C10004A304FF00009CDE7109B072A3FF679AEE6
:104C2000DFE802F00C04060C08080C0C1D7070E69E
:104C30001D806EE6EA17C3E900526AE61D6068E669
:104C40004FF02D09CFE64FF02B09CCE640F2FF766E
:104C5000B0422AD10A43ABF141031ED11A2B35BF12
:104C6000492369234E216E2134BF462266228DF8E6
:104C70005C309DF848308DF85D106FF386138DF829
:104C80005E208DF848300DF15F0717AEB81BB9F103
:104C9000000F3FF431AF01302EE7192B8BBF6E238D
:104CA0004E23612141211A46E1E70026A7E601389B
:104CB00049185241002AFADACDE90C12B5E6490842
:104CC00041EAC2715208B2F1333F404608F101088F
:104CD000F5D20CFB02FEA1FB0C1200F1020872449B
:104CE000013E012018F1020FE9DB08B1CDE90C12F9
:104CF000B8F1000FDDE90C212DDCC8F10400A0F1B2
:104D0000200C08F11C08C24001FA08F821FA0CFC3A
:104D1000C1400BF0DF0042EA0802472842EA0C02D9
:104D20003AD1F01C01DBB7422BDAABF10203002FC2
:104D30005FFA83FB7DDD9DF84800830607F1FF37AE
:104D400077D43B1E18BF0123059307F101082DE01E
:104D50004FF000086FE6023241F100010CA8CDE9E6
:104D60000C2142F0B8F9DDE90C2108F1FF380136D9
:104D700092184941002908F1FF38F9DACDE90C21F0
:104D8000B6E79DF848309806A7EB06074FD43B1EC0
:104D900018BF0123059304E00023BBF1660F0593C0
:104DA000D3D117EB06084FF0660B44D4B8F1100FBF
:104DB000A8BF4FF010089FEDB27B8DED0E7B102049
:104DC0000B90DDE90E03B8F1000F37D1121841EB5B
:104DD0000301B1F1805F41D2CDE90C21079BBBF10A
:104DE000660F03F0200240F0B480002E41DC302139
:104DF0008DF85C10002A65D1002F40F3B2812E227D
:104E00008DF85D2086B17242BA42A8BF3A469DF83D
:104E10004A101392002AA7EB0207D4BF00220122F6
:104E200062F345118DF84A100DF15E0839E0002358
:104E3000B0E7002388E74FF00008BCE7400840EAED
:104E4000C3705B08CDE90E030EA8CDE9082108F177
:104E5000FF3842F040F9DDE90821B2E7520842EAA2
:104E6000C1720CA84908CDE90C21013642F033F992
:104E7000B4E70DF15C080B99002909DD0BA90CA81A
:104E8000079242F040F9013E08F8010B079AF2D16F
:104E900013969AB9002F40F362812E2108F8011B66
:104EA0000026002F17DD0B9A002A14DD0BA90CA891
:104EB00042F029F9013F08F8010BF2E72E2208F829
:104EC000012BEDE72E228DF85D20002EACD0002FB7
:104ED00099DC0DF15E08059B002B4ED114974746D7
:104EE0000BF0DF02452A23D1002EBABF76422D23D4
:104EF0002B23632EC8BF64217B70D1BFBA1CB6FBC5
:104F0000F1F3FA1C03F13000C8BF01FB13664FF048
:104F10000A01C8BFB87087F800B0B6FBF1F31746B6
:104F200003F1300001FB1363303307F8020B5370B9
:104F3000139B002B2CDC149B002BD4BF00230123DC
:104F40009DF84A2063F3861200238DF84A203B70B7
:104F50009BE60BA90CA8079242F0D5F8079A8DF8AA
:104F60005C00302818BF06F1FF3612B9002F40F35D
:104F7000F8802E228DF85D2056E7474608F1FF386D
:104F800017F8012C302AF8D02E2A08BF4746A7E789
:104F90000123D5E73C4F81467E1F0520ACE51A076B
:104FA00048BF0130B0E5104609920399D047002868
:104FB000099A05DA1FB0BDE8F08F2022DDF810B0A5
:104FC000594600290BF1FF3BEDDC049BCDF810B0F6
:104FD0002B445D1AB9F1000F05D003994846D0471C
:104FE0000028E7DB0135089B002B7DD09DF9493077
:104FF000002B28DBB3469BF80000A0F13003092BFF
:10500000D9460BF1010B46D99DF84A30AE1B9906E3
:105010004E4407D44246002A08F1FF3840DC079B83
:1050200033449E1A99F800002E280AD10399D047DC
:105030000028BFDBB8F1000F06F1010636DC09F1EC
:1050400001094D463DE0B14699F800007028C84678
:1050500009F101091AD1AE1B149D46443544AB1B1E
:10506000002B39DC03993B464246504642F0A8F8F3
:1050700000289FDB3044049E054606446AE000BFDA
:105080000000000000000008C8F104000399D047A8
:105090000028D9DA8EE70399D0470028ABDA89E7F0
:1050A00003993020D0470028B4DA83E703993020F1
:1050B000D04708F1FF38BBE70399D0470028FFF637
:1050C00079AF2878A0F13003092BA84605F1010536
:1050D000F2D9A6EB0906BFE703993020D047002894
:1050E000FFF668AF0136BAE79DF84A30DA0601D418
:1050F0001B0706D503993020D0470028FFF65AAF8A
:105100000135059B3BB103999DF84B00D047002822
:10511000FFF650AF0135A84406E003993020D04790
:105120000028FFF647AF0135A8EB0503002BF4DCA0
:1051300003993B463246504642F042F80028FFF6BB
:1051400039AF284497E703992020D0470028FFF67D
:1051500031AF0135731B002BF5DCFFF7DABB1646C8
:10516000B9E60DF15D08B6E62DE9FF4715461A7C54
:1051700004697D2A0E468046D9681F4609D9B6487B
:10518000452142F038F96FF07905284604B0BDE8B2
:10519000F087931C84F8A03604F2A16042F0F6F97F
:1051A00004F5D169484635F08BFF022E32D00AD97A
:1051B000F31E012B49D9A9483246452142F01BF97B
:1051C0006FF08505E1E70023ADF80D3095F84A3022
:1051D000C3F34002C3F380038DF8093001238DF837
:1051E0000B309F4B8DF8082093F84C378DF80C301E
:1051F00006F0010602A904F5D4608DF80A6006F0F5
:1052000059FD002872D19748452142F0F4F86FF01B
:105210000405BAE70023ADF80C3095F84A30C3F323
:105220004002C3F380038DF8093001238DF80A3062
:105230008B4B8DF8082093F84C378DF80B3002A972
:1052400004F5D46006F068FDDBE755B98649874868
:1052500040F25B2241F0D4FF834840F25B2141F0F1
:10526000C6FF0023CDF80B3095F84A30C3F3400257
:10527000C3F380038DF80930331F5E425E418DF821
:1052800008208DF80A6043F054F801238DF80C30A3
:10529000734B8DF80B00D5E9086293F84C378DF805
:1052A0000D30734BB3424FF00203934104F5D46ABF
:1052B00017D3704BA6FB036103FB0211AB6AF01816
:1052C00041F100014FF47A720023FAF75BFF47F0D7
:1052D00098F80B4602A902460091504643F04DF85B
:1052E0008FE74FF0FF306FF00041EBE75C4BD3F8F6
:1052F00044371BB13A460021404698474FF0FF32F1
:105300004FF0FF33484635F07BFE94F84A2795F876
:105310004A3062F3410385F84A3094F84B27DBB2F8
:1053200062F3820385F84A3094F82037052B3FF664
:105330006EAF01A252F823F0575300005153000002
:10534000455400004B5400000F520000455400002B
:105350006FF00F0519E7D4F82C57002D3FF415AF67
:10536000D4F83037D4F83427134304F5E6670DD169
:105370004148572142F03FF86FF02205D4F82C073E
:1053800043F027F80023C4F82C37FEE62D78206878
:1053900000220023CDE9002300231A46294602F00B
:1053A000B9FC064630B93548452142F024F86FF083
:1053B0000B05E3E7D4F82C172A46013142F084FBB1
:1053C000002809DA2E48452142F015F86FF00B0548
:1053D000304642F0BDFAD1E794F8383786F84830C5
:1053E00094F93937AE339BB2FE2B28BFFE2386F8E3
:1053F0004930D4F830077A684FF47A73A0FB030180
:1054000003FB0211002907DA1E491848E92241F07E
:10541000F7FE1C48E92122E70DA3D3E90023FAF7A0
:10542000B1FEC6E90801B262304642F0CAFA20680D
:10543000314605F0C7FA18B11348492141F0DBFFA6
:105440000025C5E76FF022059FE66FF068059CE632
:1054500000CA9A3B00000000DEFD040031FE04009B
:10546000000D00204FFE0400F9FD04009AF1040035
:10547000037DC12500CA9A3B66FE040082FE04003B
:10548000A1FE0400C3FE0400F4FE040000000000BE
:105490002DE9F0472DED028B46A7D7E900679FED78
:1054A000408BDFF818A182B080464FF0FF334FF0F9
:1054B000FF3208F5996035F011FD4368044643B9A1
:1054C00039493A48A92241F09BFEA921364841F0CA
:1054D0008EFE93F80090B9F1800F06D93249334817
:1054E000B62241F08DFEB621F0E700231A46494668
:1054F0008DED008BD8F8000002F00CFC61684A4684
:105500000131054642F0E0FA8146002836D1237C7D
:1055100085F8483094F91130AE339BB2FE2B28BF8A
:10552000FE2385F84930A27C95F84A3062F30003E7
:1055300085F84A30A3684FF47A72A3FB0201E3684E
:1055400002FB0311002907DA19491848E92241F042
:1055500057FE1748E921BAE732463B46FAF712FEF2
:10556000C5E90801AA62D8F80000294602F058F8F7
:1055700000280CDA4521504641F03DFF00236068C9
:10558000636042F026FF284642F0E2F98DE760684A
:10559000C4F8049042F01DFF87E700BFAFF300801E
:1055A000FFFFFFFFFFFFFFFFF9FD04009AF104007A
:1055B000C3FE040000CA9A3B0000000048FF04003C
:1055C0002DE9F04F364ED6F804339A0787B00BD545
:1055D000D6F8043143B1334A0023C6F80431D6F873
:1055E00004311368013313602F4DDFF8C4A0002489
:1055F000A9464FF48038D6F8042308FA04F7174276
:1056000028D0BFF35B8F0122A240284BD24353E83E
:10561000001F01EA020043E8000CBCF1000FF6D1C4
:10562000BFF35B8F21FA04F2D30702D45AF8242087
:1056300082B1204642F034FD04F018F9EFF3108BEC
:1056400072B609EB041CDCE902239042994109D2AD
:105650008BF310880134042C05F11005CBD107B071
:10566000BDE8F08FCDE904239FED0B7BD5E9001356
:105670000020286003938CED027B2046C6F8487317
:1056800042F00EFD8BF310880029E3D0039B0093BA
:10569000DDE904238847DDE7FFFFFFFFFFFFFFFF92
:1056A0000010014074280020701500206828002098
:1056B00040110140000000002DE9F041137886B050
:1056C0000E46023B511C9BB24FF00008039105911E
:1056D000044600210020CDE90088CDF80880ADF80F
:1056E0001030ADF8123002F0B1FA0546002840D073
:1056F0003F4F022CC7F800802ED0032C54D0012C31
:1057000035D1DFF8F8803B4B3B4E03225A70D8F876
:10571000003030685B689847D8F8003010F0100F00
:10572000D3F8188030686B462A460CBF2146022108
:10573000C0470446284642F00BF92E4B022214F1D2
:10574000230F5A703CD0002C47D1386823F000F862
:10575000012004F0F5FD3EE0DFF8A080264CD8F8EB
:10576000003020685B689847C30506D4284642F09D
:10577000EFF8002006B0BDE8F0814FF47A70A6FB88
:10578000000119A3D3E90023FAF74CFD194BAA62D3
:10579000C5E9080103215970D8F8003020689E69D6
:1057A0002A466B46B047C4E7124B5C70134B024667
:1057B0001B6811489C6900686B464146A047B8E7E2
:1057C000042022F0F1FF002004F0BAFD40F2F220A4
:1057D000002136F047FF0120CCE7012022F0E4FF52
:1057E0000020B6E7AFF3008000CA9A3B000000003B
:1057F0000029002089010020D8280020D42800207A
:1058000001460022014804F041BD00BFA76C04001E
:105810002DE9F0470121054644F0C0FC90F80090C6
:10582000284644F078FC01218246002044F0FCFB2D
:10583000064638B92548452141F0DDFD4FF6EA70AE
:10584000BDE8F087012122F04FF80521804630465F
:1058500044F0A4FC0446284644F067FC01281C4F91
:1058600030D19AF80050012D13D0022D19D04DBB24
:1058700042F079FC25706570A570E5703D703B784D
:1058800084F80490304688F8003045F010FFFF207F
:10589000D6E742F054FC002323706370A370E370DA
:1058A000ECE73B7883F00102012B3A7007D042F01D
:1058B00046FC002323706370A370E370DFE742F0BF
:1058C00052FCF6E74FF0FF33F4E700BFFCF00400B2
:1058D0008688002008B549210B4841F08CFD26F050
:1058E0006FFD05F057F9094834F05CFAC622012132
:1058F000074804F07BFC04F055FD0648492141F0BF
:105900007AFD002008BD00BF12F10400115800000C
:105910000158000043F1040070B589B306683046B1
:1059200041F007FA012201460446304641F0C9F928
:10593000C30708D413491448AF2241F061FCAF21DA
:10594000104841F054FC2146304641F0D0F925186A
:1059500029460022304641F0B4F92D1AAC4206D057
:1059600008490948B72241F04BFCB721E8E7214636
:10597000304641F0C2F92146BDE8704041F0FEBA20
:1059800070BD00BF77F104009AF104002DE9F843DF
:1059900006681446B2680F464B1EB2F5004F34BF7E
:1059A000042108213B4010D0C7F1000909EA07098A
:1059B000494503F1FF3028BF494618420CD11F4624
:1059C000BCB900252846BDE8F8838F420FD8214690
:1059D000BDE8F84341F014BB2C492D484FF4A272A6
:1059E00041F00EFC29484FF4A27141F000FC9946A9
:1059F000E6E7B2EBD40FE4D9E319591A104641F0A7
:105A0000A2F90146304641F0F8F980460028D8D086
:105A1000B368B3F5004F34BF0423082309EBC00576
:105A20001D4435447B1E1D44B5FBF7F57D43A5EBB6
:105A300009052946304641F07CF92C44073424F00E
:105A40000704A41B804507464FEAE40408D2024637
:105A50004146304641F00BFA4146304641F04CFA9F
:105A60003946304641F043F93844844208D2394639
:105A70003046224641F0FBF92146304641F03CFADF
:105A800001223946304641F038F99BE777F10400AE
:105A90009AF10400B2F5802FF8B50CD2042A20D870
:105AA0003B493C484FF4F97241F0AAFB4FF4F971BD
:105AB000374841F09CFB0823D21ACC1D114424F036
:105AC000070421F00701091B17294FEAD1060AD85C
:105AD0002F49304840F2FB1241F092FB40F2FB119B
:105AE000E6E70423E8E7002704603146A660E760A4
:105AF000304641F031F9012185000246304641F03F
:105B000022F91B35ED082844B04234D804F10C01C9
:105B10003B4638469A4237DA2A462046002141F071
:105B200004F900231A461946204641F0D5F8771BA0
:105B300019462046012241F0E0F83A46294641F054
:105B4000F4F82B4600222946204641F0C5F831469C
:105B5000204641F0EAF83B4631462046002241F01B
:105B6000BBF831462046012241F0C7F82946BDE87E
:105B7000F84041F0C1B9064906484FF4037241F0BC
:105B80003FFB4FF4037193E741F8040F0133C1E782
:105B900077F104009AF10400014B1B68184700BF1D
:105BA0004C00002007B50B46002102460091034837
:105BB000FEF76AFC03B05DF804FB00BF995B0000D0
:105BC000014B1860704700BF4C00002030B587B013
:105BD0000025CDE903010446009503A90548059574
:105BE000FEF752FCDDE904309842B8BF255407B0F7
:105BF00030BD00BF6970040008B50446EFF311839F
:105C0000402383F31288BFF36F8F03F0DDFF20463C
:105C100000F0DCFE024841F03AFA41F05DFCFCE79E
:105C2000C9F104002DE9F84F04460846A38B190773
:105C3000164612D4022803F0070162D1204641F033
:105C400007FB88B10138042800F22581DFE810F055
:105C5000590023017E00C800F50001280CBF43F065
:105C6000100143F02001A18304F1140036F0CEFEB0
:105C7000002800F0AB8086F31188BFF36F8FBDE87A
:105C8000F88F03F00702501F01281ED80020062AB3
:105C90002768C4E9000014D13A4603E0E08B0130E4
:105CA000E0831268002AF9D123F0070343F00202CF
:105CB000A283204641F0CCFA90B342F02002A283A6
:105CC0002EE023F007039AB2F2E7042A33D123F03F
:105CD00007039AB2A283204641F0BAFA10B142F00B
:105CE0002002A283A38B03F00709894540F0DC80E2
:105CF000A18BCA0640F1218121F01003A38301F09A
:105D00000701D4F81880A38BB8F1000FB9DA00228C
:105D1000276823F00703C4E9002243F00103A383AB
:105D2000A38B03F00709894540F0BF80002FDFD027
:105D30000025AA4640E08549854840F21B1241F003
:105D40005FFA40F21B11814841F051FA41B17F499D
:105D50007F484FF4AB7241F053FA4FF4AB71F2E766
:105D6000236843B979497A4840F2571241F048FA1A
:105D700040F25711E7E723691D6845B97349744834
:105D80004FF4AD7241F03CFA4FF4AD71DBE7A38BF9
:105D900023F0070343F006039BB2A3830F46884614
:105DA0004FF00609A268002A40F08180002F40F0E1
:105DB0008180002D9CD0BA4643F0080304F1140BF7
:105DC000A383584636F022FE002875D16149604809
:105DD00040F2311241F014FA40F231115D48B3E75C
:105DE000022908D059495A4840F25D1241F008FA98
:105DF00040F25D11A7E7E78B47B1544954484FF48F
:105E0000AF7241F0FDF94FF4AF719CE723695D6813
:105E100045B94E494E4840F2611241F0F1F940F265
:105E2000611190E7A38B23F0070343F004039BB2B7
:105E3000A383B8464FF00409B4E7012908D04349C9
:105E400043484FF4B27241F0DBF94FF4B2717AE794
:105E5000236843B93D493E4840F2651241F0D0F90C
:105E600040F265116FE723699D6845B937493848A5
:105E70004FF4B47241F0C4F94FF4B47163E7A38BEB
:105E800023F0070343F005039BB20027A383B84622
:105E90004FF0050986E72D492D4840F26B1241F07D
:105EA000AFF940F26B114EE7002700257AE74FF07B
:105EB000010A81E792467FE786F31188BFF36F8F6F
:105EC000BAF1000F16D147BB15B123492046A847A8
:105ED000EFF31186402383F31288BFF36F8F584688
:105EE00036F086FD08BB1B491948882241F088F925
:105EF000882173E7A1680029E5D00E680029E2D067
:105F0000D1F804A043464A462046D0471EB1336824
:105F100031461E46F2E73346FAE7394643464A46DB
:105F200020463F6841F0C0F9CDE7584636F084FD81
:105F3000A38B23F00803A383DAE68B067FF594AEE8
:105F400021F02003A38301F0070177E6F2F10400BA
:105F50009AF1040017F204005D5F0000F8B50446F2
:105F60000D4600F11406EFF31187402383F31288E6
:105F7000BFF36F8F304636F03BFD40B909490A4800
:105F8000882241F03DF90748882141F030F9304638
:105F900036F052FDA5613A4620460121BDE8F840A1
:105FA000FFF740BE17F204009AF104002DE9F04714
:105FB00004460F4641F068F9051E5DDB04F1140943
:105FC000EFF3118A402383F31288BFF36F8F4846A3
:105FD00036F00EFD804638B933493448882241F006
:105FE0000FF9882130483CE0484636F025FDE38B28
:105FF000A68B4FF6FF72934206F007063FD0022EA3
:1060000010D10133E3833546484636F0FFFC0028C3
:106010003BD12549254840F2311241F0F1F840F2D8
:106020003111DFE7062E13D8DFE806F0092C121233
:10603000090409006FF085054FF00008E4E700232C
:106040003B6063687BB9C4E900777EB13546F3E70E
:10605000174916484FF4E47241F0D2F814484FF44F
:10606000E47141F0C4F81F606760EEE75246022118
:106070002046FFF7D7FD35462846BDE8F0876FF08C
:106080000A05D9E76FF00405D6E78AF31188BFF354
:106090006F8FB8F1000FEFD000233246394620460B
:1060A00041F002F9E8E700BF17F204009AF104009A
:1060B000F2F10400F8B5054600F11406EFF311877C
:1060C000402383F31288BFF36F8F304636F090FC85
:1060D00038B920492048882241F092F888211D488B
:1060E00025E0304636F0A8FCAC8B04F00704022C07
:1060F00012D0012C0CBF6FF004046FF08504304601
:1061000036F084FC08BB1349134840F2311241F0C9
:1061100077F840F23111E2E7EB8B53B90F490E48A3
:1061200040F2EF1241F06CF80C4840F2EF1141F0F0
:106130005EF8013B9BB2EB83002BE0D13A4621464F
:106140002846FFF76FFD2046F8BD87F31188BFF39F
:106150006F8FF8E717F204009AF10400F2F10400DF
:106160002DE9F0410E460546002845D0002943D0D0
:1061700000F11407EFF31188402383F31288BFF373
:106180006F8F384636F034FC38B91D491D488822D7
:1061900041F036F888211A4816E0384636F04CFCB3
:1061A00031462846AC8B41F038F878B104F007044A
:1061B000231F022B0CD91449124840F22D2241F022
:1061C0001FF8114840F22D2141F011F86FF07704CB
:1061D000384636F01BFC40B909490A4840F23112F2
:1061E00041F00EF840F23111D5E788F31188BFF382
:1061F0006F8F2046BDE8F0816FF01504F9E700BF0E
:1062000017F204009AF10400F2F1040008B54268A4
:10621000816002F00302022A03460AD0032A4FF0EB
:10622000000103D0012A0AD1596006E018685960BC
:1062300008BD186800225A6050B90020F8E70649E6
:106240000648452240F0DCFF0348452140F0CFFFDF
:1062500036F05EFFF1E700BF44F204009AF104005B
:106260002DE9F34180460E46154600272A4601A92E
:10627000404641F056F8314604460246019841F046
:1062800085F92D1B2744264401D0002CEED1394638
:10629000404641F065F840B106490748492240F0C0
:1062A000AFFF0448492140F0A2FF384602B0BDE8E4
:1062B000F08100BF6AF204009AF104002DE9F34175
:1062C00080460D4616460027324601A9404641F059
:1062D0005CF804462DB102460199284641F056F972
:1062E0002544361B274401D0002CEDD139464046C9
:1062F00041F06BF840B1064906488E2240F080FF1D
:1063000003488E2140F073FF384602B0BDE8F081AB
:106310006AF204009AF10400014B03600020704708
:1063200058ED040070B5114B1C680D46DCB1104BE4
:10633000196800238B4202DB6FF0010070BD22461A
:1063400012F8106B864202D001331446F2E7E0687F
:1063500010B96FF01200F1E745F084FE0028F8D084
:106360002C600020EAE76FF00C00E7E75000002007
:1063700058ED040008B5044840F089FEBDE8084027
:10638000024840F084BE00BF95F20400CEF2040043
:106390002F2808B508D905490548142240F030FFD8
:1063A0000248142140F023FF08BD00BFFCF20400A6
:1063B0009AF1040070B506460C46154600F01AFC2A
:1063C00040B109490948172240F01AFF0648172131
:1063D00040F00DFF3046FFF7DBFF054B43F8305030
:1063E00003EBC0035C6070BD2BF304009AF1040062
:1063F000700200202DE9F041074686B00C460029C6
:1064000039D08B680093D1E900232348DFF8A080BE
:10641000452140F0F0FF63690093D4E903231F484E
:10642000452140F0E8FFE2691D48452140F0E3FFC7
:1064300026460025F36A0593EB1C0493B36A039385
:10644000AB1C0293736A01936B1C0093336A2A4658
:1064500045214046043540F0CEFF102D06F11006D0
:10646000E8D1226E0F48452140F0C5FFA2690E48D1
:10647000452140F0C0FF012F06D1EFF305820B4804
:10648000103A452140F0B7FF2146384606B0BDE836
:10649000F04133F073BE00BF58F304008CF30400E6
:1064A000C0F304001CF4040030F4040063F404009E
:1064B000D4F3040030BFFFF7FDBF00BF074A936865
:1064C00093F90E10002907DB926993421FBF044A1B
:1064D000536843F080535360704700BF44830020EB
:1064E00000ED00E02DE9F8433D4D804689463D48EA
:1064F0004521174640F07FFFAB6ADA0626D53A48B9
:10650000452140F078FF1124AB6A1B0704D53748BA
:10651000452140F070FF1224314DAB6A9E0717D51C
:106520003348452140F067FF6E6BAB6A1C0645D5CA
:1065300030483246452140F05EFFB9F1000F03D0EC
:10654000AB6A23F08003AB62132403E01024DBE783
:106550006FF01506224DAB6AD80704D526484521B1
:1065600040F049FF1424AB6A990604D5234845211D
:1065700040F041FF15241A4DAB6ADA0602D4AB6A2B
:106580009B070AD56B68180507D54146304600F0D1
:10659000FFFBB0B180F309880224114B9A6A92067E
:1065A00042BF5A6A22F400525A629A6A42F0FF02CB
:1065B0009A6200233B702046BDE8F8836FF0150611
:1065C000C2E7AB6AD906E8D50D490E4840F25D1224
:1065D00040F016FE0A4840F25D1140F008FE00BF90
:1065E00000ED00E07BF4040096F40400CEF4040017
:1065F000E6F4040003F504001EF5040042F504006F
:1066000076F504009AF1040010B5204C204845218D
:1066100040F0F1FEA36A990136D51E48452140F0AD
:10662000EAFE1E20A36ADA0104D51B48452140F08A
:10663000E2FE1F20154CA36A1B0304D51748452111
:1066400040F0D9FE2120A36A590304D514484521FE
:1066500040F0D1FE22200D4CA36A9A0304D51148C4
:10666000452140F0C8FE2320A36ADB0304D50E4871
:10667000452140F0C0FE2420044A936A6FEA034398
:106680006FEA1343936210BD1D20CBE700ED00E0DD
:10669000A8F50400C5F50400DDF50400FCF50400D0
:1066A0001FF6040049F6040068F6040070B5284C93
:1066B00006460D462748452140F09DFEA36AD904B1
:1066C0003BD52548452140F096FE1720A36A1A05C0
:1066D00004D52248452140F08EFE18201C4CA36AA8
:1066E0009B0511D51E48452140F085FEA26BA36A8B
:1066F000180408D51B48452140F07DFE1EB1A36A51
:1067000023F40043A3621920114CA36A590504D550
:106710001548452140F06FFE1A20A36ADA050ED510
:106720001248452140F067FE1B20094A936A43F452
:106730007F43936200232B7070BD1620C6E7A36AC7
:106740009B04F2D50A48452140F055FE1C20ECE799
:1067500000ED00E098F60400B3F60400CEF4040067
:10676000C9F60400E7F6040001F7040021F704006D
:1067700042F5040070B56A4B054658689CB0C0F3FA
:106780000803002686F31188BFF36F8F02F07F4461
:10679000B4F17F4F07D102F00C04082C0ED16148F0
:1067A000452140F028FE604960484FF48B6240F07C
:1067B00027FD4FF48B615C4840F019FD14074CBF76
:1067C0000D460126002DEED00024DA1E8DF807407C
:1067D000092A00F29380DFE802F005868A71919120
:1067E0009191918E5248452140F005FE8DF8074069
:1067F0004B4CE36A9A0705D54E48452140F0FBFD16
:10680000002429E0E36A002B02DA4B484521F5E732
:10681000E36A5B005ED54948452140F0ECFD6369C1
:10682000AA6943F480736361BFF34F8FBFF36F8F27
:10683000636932F8022C23F480736361BFF34F8FD6
:10684000BFF36F8F4DF602739A421ED12A683C48FF
:10685000452140F0D0FD2C689DF807309BB9682297
:10686000294602A840F092FE099B002E52D0C3F3A5
:10687000080222B96FEA53236FEA4323099302A95E
:106880002046FFF7B7FD1CB070BDA36ADBB23BB179
:106890000DF1070201212846FFF724FE0446DBE73D
:1068A000A36A13F47F4F05D00DF107010120FFF714
:1068B000FDFEF3E7A36AB3F5803F02D3FFF7A4FE22
:1068C000ECE71949194840F22A3240F099FC40F2AD
:1068D0002A3170E71449154840F22E3240F090FCFE
:1068E00040F22E3167E70DF107020021D3E70DF1E9
:1068F00007010020DBE7134845217FE71249134ACF
:1069000010F4F87F08BF0A461148103B452140F0BB
:1069100072FD75E723F4FF7323F00103AEE700BFB8
:1069200000ED00E06CF7040076F504009AF1040035
:106930009CF70400B8F70400DEF70400F1F7040048
:1069400015F8040036F804003EF7040053F704007D
:106950005FF80400024A536943F010035361704723
:1069600000ED00E0EFF30880EFF3098101B5724616
:10697000FFF700FF01BD00BF002080F31488BFF3C4
:106980006F8F09F0F7FD00200D490860BFF34F8FAE
:106990000C4880F3088800F03DF8402080F311880F
:1069A00009484FF40461401880F30988EFF314801C
:1069B0000221084380F31488BFF36F8F00F052F96F
:1069C00094ED00E08002012080F40020BFF34F8F9F
:1069D0000549064BCA6802F4E0621343CB60BFF37B
:1069E0004F8F00BFFDE700BF00ED00E00400FA0597
:1069F0000749D1F890200023C2F30722184693429A
:106A000000DB7047C1F89830C1F8A0000133F6E709
:106A100000ED00E008B572B6002383F31388FFF79A
:106A2000E7FF144B4FF0FF32C3F88020C3F88420F7
:106A3000C3F88820C3F88C20C3F89020C3F89420B2
:106A4000C3F89820C3F89C20C3F88021C3F88421A0
:106A5000C3F88821C3F88C21C3F89021C3F894218E
:106A6000C3F89821C3F89C2162B6BFF34F8FBFF3E0
:106A70006F8F08BD00E100E0084B9B6883420BD19B
:106A8000EFF3058343B1064B5A6842F080525A60D7
:106A90005A6A22F400425A6235F036BE448300201E
:106AA00000ED00E0094A93686FF00A01D9670849D0
:106AB00098674B6843F080534B60002383F3118841
:106AC000BFF36F8F9368D86F704700BF4483002077
:106AD00000ED00E010B5114A9168034681F8C1004D
:106AE000EFF31181402181F31288BFF36F8F90691A
:106AF00090600B4A4FF00061516090F8C14023F064
:106B0000FF0300221C43836F826783F31188BFF366
:106B10006F8F00F0D7F9204610BD00BF44830020DE
:106B200000ED00E019498A6882F8C1E04FF03000BA
:106B30001044EFF3098C80E8F01F1EF0100F03D112
:106B400002F1800080EC108A74467046FFF7C2FFA5
:106B5000A6460E498A6886461EF0100F03D0002311
:106B6000E1EE103A03E002F1800090EC108AEFF3BE
:106B7000148323F0040383F31488BFF36F8F02F1AF
:106B8000300090E8F01F8CF30988704744830020A0
:106B90001EF0040F0CBFEFF30880EFF3098081694A
:106BA00011F8021C0229FFD001B540F071FC01BDB3
:106BB00040B2002807DB044A4109012300F01F000E
:106BC000834042F82130704700E100E040B20028E5
:106BD0000CDB4309064900F01F00203301228240EC
:106BE00041F82320BFF34F8FBFF36F8F704700BF73
:106BF00000E100E0054B420900F01F0053F822209D
:106C0000012303FA00F01040704700BF00E100E0EC
:106C100008B5D3070BD40231072909D90E490F480B
:106C2000582240F0EDFA0C48582140F0E0FA0021DB
:106C300040B20028ACBF00F16040094B4FEA41115F
:106C4000B8BF00F00F00C9B2AABF00F561401954E7
:106C500080F8001308BD00BF77F804009AF1040023
:106C600014ED00E0144A08B5144B22F07F029A603C
:106C7000BFF34F8FBFF36F8FD3F8882022F47002D9
:106C8000C3F88820D3F8882042F4A002C3F88820F3
:106C90004FF04042C3F83422BFF34F8FBFF36F8FE2
:106CA0000023E1EE103A33F053FB35F0CDFE00F057
:106CB000DFF833F091FB00BF0000000000ED00E0C2
:106CC000017B890705D5816E40318166C16E4039EF
:106CD000C16642F8203C009B42F81C3C0F49019BD6
:106CE00042F8183C029B42F8143C21F001014FF09D
:106CF000807342F8043C42F8081C00238367037B3E
:106D000013F0020FA2F120024FF6085308BF4FF410
:106D10007D430265C0F8C030704700BFC3700400F7
:106D2000037B13F0020F194B03D190F8C120D20658
:106D300017D45A6B42F080425A63D0F8C03019071A
:106D400009D443F00803C0F8C030836E4033836633
:106D5000C36E403BC366037B43F002030373802092
:106D600070475A6B22F080425A63D0F8C0301A073D
:106D700001D44020704723F00803C0F8C030836E70
:106D8000403B8366C36E4033C366F2E700EF00E02A
:106D90000C4A03469068A0B1D0F8C020806E12F073
:106DA000080F0CBF4022802213F1160F04D0821A64
:106DB0009A4205D8834203D2814228BF00207047FF
:106DC0000020704744830020104B9B6883421AD1F7
:106DD000EFF30580B8B9EFF31181402282F31288F6
:106DE000BFF36F8F1A7B22F002021A73EFF3148342
:106DF00023F0040383F31488BFF36F8F81F31188AA
:106E0000BFF36F8F70476FF0150070474483002009
:106E100008B515460E460022E1EE102AEFF3148263
:106E200022F0040282F31488BFF36F8FBFF36F8FD9
:106E3000094A906000F046F82C4686F309884FF026
:106E40000000064B984720464FF000014FF000022B
:106E50004FF00003024C204744830020CB74040011
:106E6000C3700400014B10221A61704700ED00E06E
:106E7000044800234021C2180133302B82F800134C
:106E8000F9D1704700E100E008B5EFF30583064A49
:106E9000103B02EBC30152F8330049688847BDE854
:106EA0000840FFF70BBB00BF70020020024B034AF3
:106EB0000348012100F08AB80000022000000020F1
:106EC0008CED040010B50446FFF72AFFA26E0346BE
:106ED0000548D21AC0E90023044B8360BDE8104086
:106EE000012100F08FB800BF4027002000000B15E3
:106EF00008B5104AD2F89030C3F30723013B9842FB
:106F000007D9024645210C4840F075FA6FF015008C
:106F100008BDC2F898000B6823F01F03034343F039
:106F20001003C2F89C308B6843F00103C2F8A03014
:106F3000EEE700BF00ED00E0B2F80400F0B50F4648
:106F400085B01C4605460026BE420CDA686808B3C8
:106F50008CB1431E184209D010483246452140F0FA
:106F60004AFA6FF01502104605B0F0BD1F28F3D99C
:106F700029680B42F0D12B68019340F0C9FAAB6845
:106F800001A90343D0B20393FFF7B2FF10F1160F2C
:106F9000E7D0421C01360C35D6E700BFDDF804000F
:106FA000044B0522C3F89420BFF34F8FBFF36F8FBC
:106FB000704700BF00ED00E0BFF35F8F024B00227F
:106FC000C3F89420704700BF00ED00E010B50A4CF4
:106FD00001232278FFF7B2FF207016300AD107494B
:106FE000074840F2671240F00BF9044840F267117D
:106FF00040F0FDF810BD00BF8788002005F90400AF
:107000009AF1040008B5114A00231278FFF796FFA1
:1070100010F1160F08D00E4A0021D2F89030C3F3B9
:10702000072398420BDB08BD0A490B484FF4C37293
:1070300040F0E6F807484FF4C37140F0D8F8C2F8C2
:107040009800C2F8A0100130E7E700BF8788002051
:1070500000ED00E005F904009AF104002DE9F04F7D
:1070600070487149D0F890300D68C3F307239D42F2
:1070700085B00AD96D496E484FF4CF7240F0C0F820
:107080004FF4CF71694840F0B2F8FFF795FF4968B7
:107090000022954201F10C0129D1664C664F257002
:1070A0006846FFF739F9DFF89481DFF894910646D6
:1070B0000025AE422ED123785A490020D1F89020E5
:1070C000C2F307229342C0F2A380FFF769FFD1F811
:1070D0009030C3F30723082B00F0A0805349544895
:1070E00040F20E2240F08CF840F20E21CAE7C0F8C0
:1070F000982051F80C3C23F01F03134343F0100376
:10710000C0F89C3051F8043C43F00103C0F8A030B3
:107110000132BEE7009A02EB05132901D3F80CA057
:107120000AEA0700B0F5000F58D00AD8B0F5001FE2
:1071300034D0B0F5800F46D0B0F5801F12D00135A5
:10714000B7E7B0F1807F54D0B0F1007FF7D19868F5
:10715000D3F804A0525840F0DBF9CDE901A240F485
:1071600080200BE09868D3F804A0525840F0D0F982
:10717000CDE901A240F0885040F4302003902078FF
:1071800001A9FFF7B5FE00283EDA284928484FF448
:10719000E47240F035F84FF4E47173E79868D3F87F
:1071A00004B0525840F0B4F91AF0010F40EA080058
:1071B000CDE901B20390E2D01C491D486C2240F099
:1071C0001FF86C215EE79868D3F804A0525840F08D
:1071D0009FF9CDE901A240EA0900CFE79868D3F80A
:1071E00004A0525840F094F9CDE901A240F0827019
:1071F000C4E79868D3F804A0525840F089F9CDE963
:1072000001A240F08870B9E723780133237096E734
:10721000C1F89830C1F8A00001334FE7002005B055
:10722000BDE8F08F00ED00E098ED040005F90400E2
:107230009AF10400878800200000F0FF0000081188
:1072400000000202014B1860704700BF540000208C
:10725000044A0123C2F840354FF080420020C2F8B2
:107260007835704700E0014020B1034B800143F0C6
:1072700001031847704700BF40ED0400F7B506460C
:107280000D461446194F384644F0ECFE40B91849F3
:10729000184814223FF0B4FF154814213FF0A7FF0F
:1072A000AAB2BB681B683BB9134912485B223FF086
:1072B000A7FF11485B21F1E731463846984700287F
:1072C00002DB002003B0F0BD002CFBD1AC42F8D2B1
:1072D0002F1B042F28BF042740F0EEFE3A460190F2
:1072E00001A9301940F052F93C44EFE768EB040083
:1072F00047F904009AF1040080F9040070B541696F
:10730000867A0B4D044659B1437ADB0706D4342301
:1073100003FB0653DB6A1B689B6898470023636185
:107320003420214606FB0050BDE8704044F013BFF6
:1073300070050020827A074B342101FB02331A6B5F
:1073400093F824301B33801A23F00303B0FBF3F0CF
:10735000704700BF7005002038B5074B827A34248F
:1073600004FB0233DB6AD3E901240C601568FFF7E4
:10737000E1FF04FB005038BD700500202DE9FF47F8
:107380000546684603911446984644F086FFDDE9B9
:1073900000673DB959495A48EE223FF031FFEE21CE
:1073A000564813E005F11C09EFF3118A402383F3DB
:1073B0001288BFF36F8F484635F01AFB40B9514928
:1073C0004F4888223FF01CFF88214E483FF00FFFB6
:1073D000484635F031FB6B8C002B56D02A8C9A42F4
:1073E00033D900220023284633F078FD044660B3E9
:1073F000484635F00BFB40B94249414840F2311252
:107400003FF0FEFE40F23111DFE78AF31188BFF34F
:107410006F8F039D002D65D032463B46684644F091
:1074200060FFA27A384B342101FB02332046DB6A2D
:107430001B6803A91E68DDE90023B04760610028CE
:1074400044D12046FFF75AFF35E06C8C631E6B84F5
:10745000484635F0DBFA0028CED08AF31188BFF316
:107460006F8F95F824302A8C1B33121B2C6B23F062
:10747000030302FB0344244B244AEB1A9B1053439F
:10748000A37295F82430E372C3E7484635F0BEFA9C
:107490000028B1D08AF31188BFF36F8F54EA080334
:1074A0000ED10024A04622464346284633F016FD5E
:1074B00004460028ADD10024204604B0BDE8F08782
:1074C00035F01CF9124B8342EDD1EAE7039B9D4254
:1074D00009D90A490A4840F24B123FF091FE40F2A6
:1074E0004B115DE7656100230122636022812382E5
:1074F000039A63696282E360DEE700BFB4F90400C7
:107500009AF1040017F2040070050020C54EECC487
:10751000F823002070B5044698B1114D342620465A
:107520006468037A013BDBB203724BB9C36043600A
:10753000837A06FB03539B6A73B19847002CEED104
:1075400070BD0849084840F2CB123FF059FE05488B
:1075500040F2CB113FF04BFEFFF7D0FEEEE700BF4D
:1075600070050020B4F904009AF1040008B5034640
:1075700050B9084908484FF410723FF041FE0548E1
:107580004FF410713FF033FE18465B68002BFBD1BF
:1075900008BD00BFB4F904009AF1040070B50D46AF
:1075A000044650B90E490F4840F24B223FF028FEE6
:1075B00040F24B210A483FF01AFE41B908490948F8
:1075C0004FF413723FF01CFE4FF41371F2E746685C
:1075D0001EB10846FFF7CAFF4660656070BD00BF78
:1075E000B4F904009AF10400F8B5858803680E46E2
:1075F00004465F193FF0F8FFB04208D20649074839
:107600003E223FF0FDFD04483E213FF0F0FD3544B1
:10761000A5803846F8BD00BFE0F904009AF10400E7
:1076200038B505460C46002942D0002840D08B686A
:10763000002B40D0DA68002A3DD01B8A002B3AD0BC
:10764000036853B91F49204840F243323FF0D8FD48
:1076500040F243311B483FF0CAFDBFF35B8FDB684C
:10766000BFF35B8FDB0729D591F8463043F0010368
:1076700081F84630084640F0A4F9A5612B6843B96B
:107680001049114840F233423FF0BAFD40F2334115
:10769000E0E75B7D84F8393084F8413094F84B00A2
:1076A00000F054FB2146C0B200F046FB002038BD7C
:1076B0006FF01500FBE76FF03C00F8E76FF0720029
:1076C000F5E700BF1AFA04009AF1040008B550B9B2
:1076D0000B490C4840F232423FF092FD40F23241F9
:1076E00007483FF084FD006840B90549054840F26D
:1076F00033423FF085FD40F23341F1E7103008BDE1
:107700001AFA04009AF1040008B550B90B490C4864
:107710004FF46B723FF074FD4FF46B7107483FF00C
:1077200066FD036843B90549054840F2AD323FF0B4
:1077300067FD40F2AD31F1E7186808BD1AFA0400A0
:107740009AF1040008B550B90F49104840F242328E
:107750003FF056FD40F242310B483FF048FD0368D0
:1077600043B90949094840F243323FF049FD40F22C
:107770004331F1E7BFF35B8FD868BFF35B8F0841FC
:1077800000F0010008BD00BF1AFA04009AF10400DD
:1077900008B550B9124913484FF440723FF030FD1C
:1077A0004FF440710E483FF022FD036843B90C4985
:1077B0000C4840F201323FF023FD40F20131F1E785
:1077C000012202FA01F10C33BFF35B8F53E8000F83
:1077D000084343E80002002AF8D1BFF35B8F08BDDD
:1077E0001AFA04009AF1040008B550B91349144874
:1077F0004FF448723FF004FD4FF448710F483FF0DA
:10780000F6FC036843B90D490D4840F221323FF0C0
:10781000F7FC40F22131F1E7012202FA01F1C943FC
:107820000C33BFF35B8F53E8000F084043E80002BE
:10783000002AF8D1BFF35B8F08BD00BF1AFA04001D
:107840009AF1040010B550B909490A484FF434724E
:107850003FF0D6FC06484FF434713FF0C8FCBDE859
:1078600010404FF0FF324FF0FF3310303FF002BFB7
:107870001AFA04009AF1040008B550B907490848FB
:1078800040F2D7223FF0BCFC044840F2D7213FF041
:10789000AEFCBDE8084010303FF0FABE1AFA040012
:1078A0009AF1040038B5036800219D7E0446FFF775
:1078B00049FF68B90220236803BB254925484FF4D6
:1078C00056723FF09DFC22484FF456713FF08FFCFA
:1078D0002046FFF719FF44F0C5FB68B10921204697
:1078E000FFF730FF0028E5D00A212046FFF72AFFE6
:1078F000C0F10600C0B2DEE70320DCE7987623681B
:107900009B7E984222D1062819D1062D1ED02046F2
:10791000FFF7DCFE03684BB90F490E4841F2BE3257
:107920003FF06EFC0C4841F2BE31CFE70821204603
:10793000FFF72EFF2046BDE838403FF09DBE062DE4
:1079400004D108212046FFF74FFFF3E738BD00BF01
:107950001AFA04009AF1040049FA040038B5054601
:10796000FFF770FF00212846FFF7ECFE68BB2846B2
:107970003FF07BFE0446E0B18468D4B12846FFF7AF
:10798000C3FE50B91449154841F267423FF038FC34
:10799000114841F267413FF02AFC44F063FBB8B163
:1079A00028463FF062FE0121836828469847041E5E
:1079B00006DB28460021FFF7EBFE2846FFF772FFA3
:1079C0002846FFF759FF204638BD6FF07704F7E7E8
:1079D0006FF00504F4E700BF49FA04009AF10400CF
:1079E0002DE9F8430C46054678B371B308463FF0DD
:1079F0009FFD082806462BD8174FDFF8688000F156
:107A00000109474518D91549154841F2E8523FF098
:107A1000F7FB124841F2E8513FF0E9FBAF4201D1D8
:107A20003C37EEE74A462146381D3FF088FD0028E6
:107A3000F6D16FF0770006E0F0D3721C2146281DC6
:107A40003FF0A4FD0020BDE8F8836FF01500FAE7D1
:107A50006FF05A00F7E700BFD805002049FA04008C
:107A60009AF10400140600202DE9FF473548364CF2
:107A7000364D374FDFF8E4904FF0FF324FF0FF33D1
:107A80003FF0F8FD40F04AF80026A046AC4241D94C
:107A90003049314841F265623FF0B2FB41F2656125
:107AA0002C483FF0A4FB09220021201D3FF079FD66
:107AB0002046FFF729FED0F808A0BAF1000F14D035
:107AC000DAF800308BB104F1100044F019FB04F136
:107AD000240044F015FBDAF800302046984794F86B
:107AE000383023F0030384F8383023797BB9CDE9AB
:107AF00001338DF80C303B685A1C3A6008214A4625
:107B000001A83FF0D1FA01A92046FFF769FF01362D
:107B10003C34BBE7C7D37EB1A5EB08053C23B5FBDE
:107B2000F3F5AE4208D00B490B4841F285623FF0B5
:107B300067FB41F28561B3E7024804B0BDE8F04756
:107B40003FF0A6BDD0040020D80500201406002078
:107B50004C27002049FA04009AF1040073FA04004B
:107B600038B50D4C0D4DAC4214D90D490D4841F2BC
:107B70009D623FF045FB0A4841F29D613FF037FBB3
:107B800003212046FFF7DEFD10B92046FFF7E6FE91
:107B90003C34E8E7F4D338BDD805002014060020B3
:107BA00049FA04009AF1040002484FF0FF32012123
:107BB00044F0DBBA5027002008B5816189B10B6819
:107BC00053B90849084840F233423FF019FB0548D1
:107BD00040F233413FF00BFB5B7D80F8393080F899
:107BE000413008BD1AFA04009AF1040073B5044646
:107BF00016461D4644F0FAFA08B1002635462B46D3
:107C0000324601A9204632F05DFD0546B8B9502242
:107C1000014601983FF0C5FC0A4A019801239442AD
:107C20000363446005D180F84B303FF0CAFE02B0D8
:107C300070BD054B9C4208BF80F84B50F5E7002013
:107C4000F5E700BF980400207804002002460B46A8
:107C50000148FFF7CBBF00BF980400202DE9F04199
:107C6000DDE9066705461446884629B922B990F829
:107C7000463013F0700F3DD044F0B8FA08B100263A
:107C8000002728463FF08BFEE0B995F8463013F008
:107C9000700F17D0012C17D0A4F13A035A425A4161
:107CA0009200AB6908EB020183B11B6873B91449F8
:107CB000144840F2D5423FF0A3FA114840F2D541B2
:107CC0003FF095FA0022ECE70422EAE7081A814225
:107CD00028BF01466C680C4832463B460B4E0C4FA1
:107CE000BC4208BF30463FF05BFD014628B1284644
:107CF0003FF06DFE0020BDE8F0816FF00B00FAE769
:107D00001AFA04009AF1040070050020A40500206E
:107D10009804002030B585B0DDE908450093CDE931
:107D2000024513460A46014602483FF061FE05B08F
:107D300030BD00BF78040020034BC0EB001003EB04
:107D4000001044F0FDB900BF801400200828024B49
:107D500028BF0020185C704779FA040010B588B07D
:107D60000F4C204644F0DFF94FF0FF324FF0FF3365
:107D7000CDE906230023CDE90323CDE901330949E9
:107D8000094B00944FF4C86204F1200033F09AFDCF
:107D900020B108B0BDE8104044F033BA08B010BDBF
:107DA0008014002000E10020017B040037B50C4660
:107DB0000A490B4A411A40230093491105462346BC
:107DC00008483FF0ACFE011E05DA2846234603B002
:107DD000BDE83040184703B030BD00BF7C2700200D
:107DE000877B04002CEB0400C9B2012908B508D92F
:107DF000084909487A223FF003FA06487A213FF001
:107E0000F6F903690C2201FB0233986C00F00700BD
:107E100008BD00BF8AFA04009AF1040070B5C9B227
:107E2000012903690AD91849184840F25D123FF048
:107E3000E7F9154840F25D113FF0D9F9EFF31185EC
:107E4000402484F31288BFF36F8F0C2606FB0134A5
:107E5000A46C14F0C00408D0A24206D085F31188A7
:107E6000BFF36F8F4FF0FF3070BD71430B440122A1
:107E70009A6485F31188BFF36F8F43680B445B6886
:107E800098470020F0E700BF8AFA04009AF1040046
:107E900070B50D460649411A04464911054840226D
:107EA000FFF7BCFF2B4601462046BDE8704018474F
:107EB0007C2700202CEB0400002270B50121044631
:107EC0001046FEF7A5FE0F4803F000FA0E4B98424D
:107ED00015D140F0B2F926690C4930463FF0FAF965
:107EE00000280BDB0125B5642469084904F1200052
:107EF0003FF0F0F9002801DB6565002070BD6FF0F0
:107F00000400FBE7CD7F00000000AD0BE4ED0400B2
:107F10007FB500220123CDE9022304ABCDE9043370
:107F2000094ACDF800D06B46CDF804D03FF024FECE
:107F3000002805DB4FF480420023684633F060F8E8
:107F400007B05DF804FB00BF9F7B040010B5EFF3A2
:107F50001184402383F31288BFF36F8F074A13689D
:107F600023F00201DB07116002D4012003F098F92D
:107F700084F31188BFF36F8F10BD00BFD42700209A
:107F800030B4104B0C2202FB003301460020D3E931
:107F900010521864EFF31180402484F31288BFF369
:107FA0006F8F9C6C04F0C00444F002049C6480F366
:107FB0001188BFF36F8F1DB12B46034830BC1847A3
:107FC00030BC70477C2700202CEB0400012808B54A
:107FD00006D0042808D090B90E4B9B6C5B0717D1D4
:107FE000BDE80840FFF7CCBF0B490C4840F26E22B9
:107FF0003FF006F940F26E2107483FF0F8F80649D5
:10800000064840F272223FF0FBF840F27221F3E79B
:1080100008BD00BF7C2700208AFA04009AF1040002
:1080200010B4EFF31182402383F31288BFF36F8FF4
:108030001848016841F002040460C80708D482F3BC
:108040001188BFF36F8F01205DF8044B03F008B96E
:108050004FF08041D1F80C04D1F80C14C907EED5CB
:10806000EFF3118083F31288BFF36F8F0A498B6C93
:1080700003F0C00343F002038B6480F31188BFF365
:108080006F8F82F31188BFF36F8F00205DF8044B70
:10809000FFF776BFD42700207C270020024BC0B218
:1080A00003EB4010704700BF7C2700202DE9F04112
:1080B0004349BFF35B8F0646012251E8003F41E888
:1080C00000200028F9D1BFF35B8F9BB93D493E48A2
:1080D0004B60CB608A60FDF769FF00280ADA3B49F4
:1080E0003B484FF40C723FF08BF84FF40C7137485B
:1080F0003FF07DF876B3731E012B58D8012E07D1BF
:108100004FF08043D3F81C3403F00303012B21D03C
:1081100044F06CF80546F8B92E4B1B78E3B14FF0EC
:1081200080430222C3F808230746DFF8AC804FF0F3
:108130008044D4F81824D4F81834D20315D503F0A9
:108140000303012B01D0012E0FD155B387F3118802
:10815000BFF36F8FBDE8F081EFF31187402383F306
:108160001288BFF36F8F0125DFE7ADB138463FF0CE
:10817000C0F9D4F81835002BDBD1D4F80421002A3B
:10818000D7D0C4F80431D4F804310123C4F8183529
:10819000C8F88031A360CCE70021212034F062FAD6
:1081A000E7E74FF080430222C3F80423D2E70749F0
:1081B000074840F242223FF023F840F2422196E77E
:1081C00078270020682700209C2700208AFA0400D6
:1081D0009AF10400CADF002000E100E008B507487A
:1081E00043F040FF38B10648FFF72CF80448FDF78C
:1081F000E7FC002008BD6FF01200FBE790EB0400E5
:10820000058200000A2838B5074D044604D1AB6842
:108210000D215B6828469847AB6803485B68E1B26C
:108220009847204638BD00BF90EB0400034B044A3A
:108230000020C2F8043583F8300070478888002099
:1082400000E00040024B002083F83000704700BF80
:1082500088880020012A10B50BD1CA8B920608D558
:108260008A8B102A05D19DF80800012801D1012B25
:1082700006D0124845213FF0BEF86FF0150010BD42
:10828000886810B90E484521F5E70E4890F830404F
:1082900034B10D4845213FF0AEF86FF00F00EEE726
:1082A00080F83030094C4C600B708968814201D1F4
:1082B0000020E4E73FF06AF9FAE700BFF0FA0400B3
:1082C0003EFB04008888002053FB0400D18200009C
:1082D00010B54A68102A0C4606D01D4845213FF0CB
:1082E0008AF86FF0150010BDCB680F2B02DC19481F
:1082F0004521F4E709681848814201D03FF046F96A
:10830000164B0022C3F80021D3F80011C3F8042152
:10831000D3F8042101221A60D3F800211AB9D3F846
:108320000421002AF8D0D3F8043133B10C48452198
:108330003FF061F86FF00400D5E7A0680949884272
:1083400002D010223FF022F9636823610020CAE7BF
:108350006AFB040091FB04009888002000E00040C4
:10836000AEFB0400A8880020EFF31182402383F3C2
:108370001288BFF36F8F0A4BD3F8001161B100214F
:10838000D3F80805C3F80011D3F80031C0B282F366
:108390001188BFF36F8F70476FF00A00F7E700BFD7
:1083A00000D00040F0B5034610469C7893F803C017
:1083B000EFF31182402585F31288BFF36F8F1F788A
:1083C00093F801E0E41B04EA0C04A04288BFA0B2C9
:1083D0003E180CEA06063D461E7082F31188BFF374
:1083E0006F8F0A188A4216D177450CD1EFF31182AC
:1083F000402181F31288BFF36F8F1978597082F38F
:108400001188BFF36F8F1B79241AA34222BF064B3A
:1084100001221A60F0BD5E190135767901F8016B11
:1084200005EA0C05DEE700BF00D000402DE9F0476B
:108430002D4D0069A8420E4614460AD02B492C48FF
:108440004FF481723EF0DCFE28484FF481713EF01B
:10845000CEFEDB4313F0010504D03030FFF7A2FF5E
:10846000BDE8F0879AB3EFF31188402383F31288B5
:10847000BFF36F8F0D20FEF7BDFB07460D20FEF703
:10848000A5FB88F31188BFF36F8FDFF868A0DFF8D2
:108490006880CAF80051DAF800314FF4005901231E
:1084A000CAF800302546C8F88091DAF8003183B167
:1084B000FFF75AFF031EC8F88091F6DB013DADB20D
:1084C0007355002DF1D117B10D20FEF771FB204639
:1084D000C6E7EFF31180402383F31288BFF36F8F59
:1084E0003FF007F8E1E700BFD8270020E3FB0400D6
:1084F0009AF1040000D0004000E100E02DE9F041D5
:10850000184B07699F420D46144605D107F14508EF
:108510005CB92046BDE8F08113491448E4223EF0DE
:108520006FFE1148E4213EF062FE4FF0FF334FF042
:10853000FF32384632F064FD224629464046FFF7B6
:1085400031FF0646384632F021FD3EB94FF0FF328A
:108550004FF0FF33064832F053FDE6E7A41BA4B208
:108560003544D5E7D8270020E3FB04009AF1040046
:10857000F027002038B5204B04699C420AD01F49DF
:108580001F484FF4A3723EF03BFE1C484FF4A3710A
:108590003EF02DFE01221146204643F0E6FD012269
:1085A000002104F1180043F0E0FD40F20743A4F875
:1085B00048304FF0706323630C2384F83430002577
:1085C000104B84F84550A4F84650D3F8042522F007
:1085D0000102C3F804250121C3F80051D3F800219A
:1085E000C3F804132A4619600D20FEF711FB0D2075
:1085F000FEF7DEFA284638BDD8270020E3FB04004A
:108600009AF1040000D0004010B5FFF7ADFE00283D
:1086100020DB174B93F8322093F8314093F8331056
:10862000141B31EA0404C0B20DD193F8472093F82B
:10863000464093F84810141B31EA04040BD10D4B4B
:1086400001225A600EE09C180132114084F8350076
:1086500083F8321010BD9C180132114084F84A0092
:1086600083F847100448BDE8104032F08FBC00BFCB
:10867000D827002000D00040F0270020024B0B60DC
:1086800001231360704700BF2C280020004870476A
:108690005CEE040070B50D462846194616461C4689
:1086A0003FF0A9FA40B9084823462A4645213EF042
:1086B000A2FE6FF0150070BD24B122462946304657
:1086C0003EF064FF0020F6E725FC040010B501220F
:1086D00011460748074C43F048FD02F05DFE40F0AC
:1086E00065FC206040F05EFC6060002010BD00BFB3
:1086F000342800202C280020F0B587B00E461546FF
:1087000040F050FC2946074630463FF074FA58B313
:10871000B6FBF7F307FB136323B9B5FBF7F407FBCD
:10872000145454B11F482B46324645213EF063FE97
:108730006FF01504204607B0F0BDBD42FAD34FF0EC
:10874000FF334FF0FF32184832F05AFC3FF078FD0B
:1087500002AB014668B9102218463EF022FFCDE96F
:1087600003653FF024FA17E010482B4632464521B6
:10877000DCE71022214618463EF013FF01228DF857
:1087800014200B4ACDE900200A48CDE9036502F028
:108790000BFE684602F00EFE0446034832F0F6FB7C
:1087A000C8E700BF47FC04003428002025FC040073
:1087B000AF7B0400645E010038B5037B04460BB157
:1087C0003FF04AFD0125A368032B06D8124AD2F8D0
:1087D0000034DB07FBD5002038BD236860681968CA
:1087E00008F088FC63680433636023680433236003
:1087F000A368043BA360237B0135002BE3D028460C
:1088000002F082FE0028DED0034AD2F80034D907F5
:10881000FBD50120E0E700BF00E0014070B50D4648
:1088200086B01946284616461C463FF0E4F950B972
:108830001D4823462A4645213EF0DDFD6FF0150414
:10884000204606B070BD45EA04039B0704D01748D4
:1088500023462A464521EFE7002CF1D04FF0FF33A5
:108860004FF0FF32124832F0CBFB3FF0E9FC0346F9
:10887000CDE9026502A804948BB101238DF8143070
:108880000C4BCDE9003041F64C5002F08DFD6846AE
:1088900002F090FD0446064832F078FBD0E78DF8F0
:1088A0001430FFF789FFF5E725FC04006BFC04009A
:1088B00034280020B987000010B5036941B91C496C
:1088C0001C483A223EF09CFC3A2119483EF08FFCAD
:1088D000486830B9164917483B223EF091FC3B21CD
:1088E000F3E75868F8B1884219D19C680868586065
:1088F000A14200D19860002008602AB15A680A603D
:108900009A68596002B99960002010E0814206D14E
:108910000868206098688142EDD19C60EBE70446CE
:1089200000680028F2D1002AE8D16FF0150010BDD0
:10893000B2FC04009AF1040038B545682B69B3B164
:108940001035284608F02AFA044680B90146284620
:1089500008F0EAF9084B98420BD10849224628460C
:1089600008F0B2F9224605210620FEF751F9002051
:1089700038BD6FF00400FBE70000AD0B518C000028
:1089800008B503685909024613D0012906D103F03E
:108990001F0340F2FF31D940C80712D40A490B48DF
:1089A00040F269323EF02CFC074840F269313EF05B
:1089B0001EFC4FF0FF31D940C907EFD54FF0A04062
:1089C00000E00348136008BDEEFC04009AF10400C7
:1089D00000030050F0B54068057B01F01F0444EA35
:1089E0004514056987B0002D5CD0B2F5001F00F179
:1089F000100506D12146284640F0B8FA002007B0FD
:108A0000F0BD01AE0027B2F5800F0197776034D139
:108A1000B3F1007F14BF052304238DF80430002335
:108A2000CDE9046303938368CB40D90717D4B2F12F
:108A3000A07F14D168460094FFF7A2FF009B03F5C6
:108A4000E07350F82330DB0709D46A4621462846F4
:108A500008F040F9164B98421AD0CDF808D003AA76
:108A60002146284608F000F8124B98421DD10122F9
:108A70002146284608F0A8F9C0E7B3F1C06F05D039
:108A8000B3F1007F14BF01230223C6E70323C4E729
:108A90006946284608F092F9064B9842DDD06FF0FF
:108AA0000B00ACE76FF08500A9E76FF01500A6E7B3
:108AB0000400AD0B0000AD0B2DE9F043466840F219
:108AC0000635337BD00687B001F01F0702EA0505A3
:108AD00047EA431754BFC2F340130323B5F5837F1E
:108AE00014468DF8033044D00FD8062D18D007D87F
:108AF000B5B1022D3FD06FF0150007B0BDE8F0838F
:108B0000B5F5807FF7D101250AE040F202229542B7
:108B100033D0B5F5407F32D0B5F5007FEBD10225DB
:108B200022032ED5726801238B40C2F808353369C1
:108B30007BBB03A80397FFF723FF039B00EB830096
:108B400084F48033C3F30043C4F34044D0F80027D7
:108B500044EA43049DF8033022F4E16244EA8304CA
:108B600022F0070244EA05231343C0F8003700202F
:108B7000C3E70725D4E70425D2E70525D0E7032579
:108B8000CEE7630341BF012372688B40C2F80C3506
:108B9000CDE710360DF102023946304608F09AF85A
:108BA00014F4403F804616D13946304640F0DCF997
:108BB000244B9845DBD19DF80210304608F0F8F8B8
:108BC0004045D4D020492148AB223EF019FB1E4835
:108BD000AB213EF00CFB01AB4FF0000903AA394674
:108BE0003046CDE90439CDE90199CDF80C9007F074
:108BF0003BFF144B98427FF47EAF14F4003315D042
:108C00009DF803308DF80E3084F48034C4F30044B2
:108C10004B4603AA394630468DF80C508DF80D406E
:108C200007F0D6FF074B9842C2D064E7CDE9043382
:108C300003AA0DF1030339463046039307F014FFEE
:108C4000F0E700BF0000AD0B21FD04009AF1040025
:108C5000420970B5034602D0012A1AD070BD124EE7
:108C6000326951680029F9D003F01F0301250C680F
:108C70009D400029F2D08A682A400ED04B6853B933
:108C80000A490B485D223EF0BBFA08485D213EF0E0
:108C9000AEFA084EE4E7304698471CB123682146F7
:108CA0001C46E6E72346FAE754EB0400B2FC040056
:108CB0009AF1040040EB0400014BB3F848077047F9
:108CC000000D0020024B002083F84C17704700BFB6
:108CD000000D002038B50B4DD5F8404764B94FF46E
:108CE0007A704843C5F840273FF06CFB38B9C5F8A7
:108CF00040076FF00F0038BD6FF07700FBE72046AC
:108D0000F9E700BF000D002008B550B90B490C4829
:108D10004FF46B723EF074FA4FF46B7107483EF0FB
:108D200066FA036843B90549054840F2AD323EF0A2
:108D300067FA40F2AD31F1E7186808BD1AFA04008D
:108D40009AF1040008B53FF000FB30B90448452112
:108D50003EF051FB6FF0040008BD0020FCE700BFAF
:108D600069FD040008B5084B93F94C073FF0E3FA9E
:108D70003FF0F6FA30B9054845213EF03CFB6FF074
:108D8000040008BD0020FCE7000D002089FD040060
:108D900021B1012906D06FF0010070470123136053
:108DA00000207047004BFAE7FCEE040070B5144653
:108DB00086B00C290ED8DFE801F007182F33370DE5
:108DC0000D0D0D0D0D3C9F00137843B1507820B16F
:108DD000012802D06FF0150005E03FF010FB20786D
:108DE0003FF01EFB002006B070BD5379117910686A
:108DF00033B13FF017FB0028F4D16FF00B00F2E71E
:108E000030B13FF018FB0028ECD16FF00100EAE729
:108E100008463FF013FBE5E710783FF0EEFAE1E794
:108E200010783FF0E6FADDE73A4B1268C3F84427C2
:108E3000D8E7937A43B1012100203FF0EFFA0121F6
:108E400008463FF0EBFACDE713894FF6FF729342E5
:108E50004FD06268002A4CD004ADAA42ADF80C3065
:108E600002F108030CD29D420ED22B492B4840F24E
:108E7000B1223EF0C5F9284840F2B1213EF0B7F9E1
:108E8000F3D006A98A42EFE7294613F8010D01F84D
:108E9000010B9342F9D1226812B1137859060AD115
:108EA0000122002103A83FF0B7FA0122114628460B
:108EB0003FF0B2FA96E75078C3F3C01100F07F009C
:108EC00041EA400149B21A2913D1012603F07F0378
:108ED00000960233002103A83FF093FA226813782A
:108EE000009603F07F030233314628463FF089FAAB
:108EF00078E76FF0850076E710783FF07CFA23780A
:108F0000044A82F84D37002B7FF46CAF3FF020FA13
:108F100068E700BF000D0020ACFD04009AF10400DA
:108F200070B5054688B04668046904F5996043F059
:108F3000FAF80122002104F5D16043F016F901226C
:108F4000002104F26C6043F010F902F087FE3FF05C
:108F500081FA82B2D301110101F4016103F480733B
:108F600012020B4302F48062134343F49553164AF2
:108F700043F00F03A2F84837012384F84D373368D4
:108F80002846984704F5806600220023CDE9062391
:108F900000256FF00D03CDE90335CDE901550B4BED
:108FA00000944FF4487204F18001304632F08AFC9C
:108FB0000749304643F020F9064849213EF01BFAA4
:108FC000284608B070BD00BF000D0020915400007D
:108FD0001DFF040025FF04002DE9F0418C461C4CC8
:108FE0000746DDE9060100232646D4F8EC84B8F1F3
:108FF000000F0FD00133102B04F11804F5D11549DF
:10900000154840F23F423EF0FBF8124840F23F4123
:109010003EF0EDF818245C433519C5F8EC7485F87A
:10902000F9C485F8F8243A7843F0E5F905F59E632C
:10903000C3E90001B6F86836A5F8FA3404F59D6175
:10904000A6F8688631440548BDE8F04143F078B899
:10905000000D0020F9FD04009AF10400C811002061
:1090600037B5114D04462868FFF74EFE631E072BE7
:1090700016D8DFE803F0170413151515151701238B
:109080008DF807300023A5F86836D5F844371BB1B2
:109090000DF107020121984703B030BD0223EFE72D
:1090A0000323EDE70023EBE7000D00204378054A9A
:1090B000C3F3001382F868364378C3F3C00382F821
:1090C00069367047000D002010B5154B002283F85B
:1090D00020270A7883F84A274A7883F84B278A683A
:1090E000C3F82C278AB191F90D0083F83907887BE2
:1090F00083F83807D1E9040150EA010403F5E66476
:1091000008D100220023C4E900230648BDE810402E
:1091100031F03CBF127843F06EF9C4E90001F4E786
:10912000000D002088130020064880F820171378CF
:1091300080F84A37537880F84B3700F5D16031F02A
:1091400025BF00BF000D0020034B83F8840603F207
:109150006C6031F01BBF00BF000D002003480023EE
:1091600080F8843600F26C6031F010BF000D0020F2
:1091700070B5094BD3F8405704465DB1186800221A
:10918000C3F84027FFF7C0FD94F900102B46BDE857
:109190007040184770BD00BF000D002010B5084B8F
:1091A000D3F840475CB118680022C3F84027FFF7A6
:1091B000ABFD234647F6FF71BDE81040184710BDD0
:1091C000000D002008B503685909024613D0012993
:1091D00006D103F01F0340F2FF31D940C80712D473
:1091E0000A490B4840F269323EF00AF8074840F25B
:1091F00069313DF0FCFF4FF0FF31D940C907EFD591
:109200004FF0A04000E00348136008BDEEFC0400EE
:109210009AF10400000300502DE9F04FDFF860B12F
:1092200085B01546824600EB810840F2FF19D04513
:1092300003D1002005B0BDE8F08FDAF800305A0401
:10924000C3F3C321C3F3080400F191804B4A5B0CC4
:10925000575C4C4508BF4FF0FF34192B00F28A8051
:10926000DFE803F00D141A1D20261D888888883633
:1092700063888888888888888888667C7F82C5F823
:109280000C45631C5ED10AF1040AD0E7C5F8144509
:10929000661CF8D000265FE0C5F80845F1E7C5F880
:1092A0001045F5E7601CC5F80845ECD0002604E041
:1092B000611CC5F80C45E6D0012603A80394FFF70E
:1092C00081FF039B012101FA03F3C0F80C3508E08C
:1092D000C5F80845002FDBD1631CD4D000263146E9
:1092E0000627DAF80030019303F40040002818BF85
:1092F000002103A8009118BF01260394FFF762FF25
:10930000039C019B009900EB8400C3F3412CD0F82F
:1093100000473B0243EA8C030B4304EA0B0423435C
:1093200043EA4603C0F80037ADE7C5F80C45D1E77E
:10933000C5F86045621CDAF80030A4D0C3F30043DE
:10934000002BB9D003A80394FFF73CFF039B012631
:1093500006FA03F3C0F808353146C2E7C5F864459C
:10936000E8E7C5F86845E5E7C5F86C45E2E76FF062
:1093700015005FE76FF085005CE700BF84FF040025
:10938000F0F8FCFF2DE9F743476805693C684FF0AA
:109390000008C4F800852860D7F80C90064601AA9A
:1093A000414648463EF0DAFC00283CDB019BD9F8F8
:1093B000002019791868FFF72FFF002833DB6B7A3C
:1093C000D6F810C0012B03D0032B2AD14FF0100880
:1093D000AB7A032B25D195F80BE0BEF1000F02D03C
:1093E000BEF1010F1DD12A7A012A1FD0022A21D0F5
:1093F000BAB910466B687168B3F5164F096800F08A
:10940000848034D8B3F5165F00F082801CD8B3F5A1
:10941000966F7FD010D8B3F5967F7ED0B3F5167FC8
:109420007ED06FF0850003B0BDE8F0834FF480700C
:109430000E22DFE70020FBE7B3F5166F73D0B3F51C
:10944000965FEED15C4B3EE0B3F5E14F6ED007D8AE
:10945000B3F5615F6CD0B3F5964FE2D1574B32E074
:1094600047F612294B45DCD14FF400032BE0B3F54E
:10947000613F5FD013D8B3F5963F5ED009D84DF663
:10948000C0294B455BD0B3F5614FCAD14FF46B0394
:1094900019E0B3F5E13FC4D14FF0EB7313E0B3F53E
:1094A000612F4FD009D8DFF830914B454DD0B3F53F
:1094B000E12FB6D14FF0E86305E0DFF820914B458E
:1094C000AFD14FF08053C1F82435736840EA0E00E5
:1094D0001B6842EA08021043C3F86C05D5E9010194
:1094E0000CF1040383E803007B6899073CD505F180
:1094F0001C0007F02FFE324B984229D031484521FD
:109500003DF079FF6FF004008DE74FF41D03DAE7BB
:109510002D4BD8E74FF49E23D5E74FF4A033D2E785
:109520004FF41C33CFE74FF41D23CCE7274BCAE79A
:10953000274BC8E74FF06C73C5E7264BC3E74FF4E2
:109540006503C0E74FF07063BDE74FF08063BAE793
:10955000287F04F10C0204F590713FF05EFC2B7F34
:109560000120984007F0FAF80823C4F800353B7A48
:1095700053B9C4F81031D4F81031AB69C4F834359C
:109580000123C4F8383523607B689A075CBF4FF429
:109590008073C4F804337B68DB0644BF4FF4800358
:1095A000C4F804336B69C4F8443500200123C4F8BF
:1095B0004805A360E36036E700B0130000A04E004A
:1095C0000000AD0B8CFF04000050270000C07500A8
:1095D00000F03A0000903A0190D0030040420F00A2
:1095E0002DE9F041044607690D4642F0FFFD4FF0BA
:1095F0004008B0B91F4B1B789BB1642660683EF0F1
:1096000086FCF0B901203FF006FC013EF6D10021B6
:10961000212033F027F8F0E781F31188BFF36F8F33
:10962000F5E7EFF311810E4688F31288BFF36F8FD1
:1096300060683EF06CFC80B981F31188BFF36F8FD6
:10964000EFE7EFF311810E4688F31288BFF36F8FB7
:1096500060683EF05CFC0028DED07B691D70796993
:10966000012220463EF094FB86F31188BFF36F8FF2
:10967000BDE8F081CADF002070B5012383400E4AA7
:10968000BFF35B8FDC4352E8001F01EA040542E8A8
:109690000056002EF7D1BFF35B8F4FF4803282402B
:1096A0000648C0F80823BFF35F8FBFF36F8F0B42EC
:1096B00014BF0120002070BD702800200010014060
:1096C00070B40E49D1E90034D01AC31844F1000433
:1096D00022F07F46C1E90034A6F50013B3F5400F30
:1096E00009D2074B1B681A0A1B069C19054B42F14D
:1096F0000005C3E9004570BC33F0EEBAB015002098
:1097000074280020B815002011B3BFF35B8F01232C
:10971000104A834052E800CF4CEA030C42E800C1F3
:109720000029F7D1BFF35B8F0B4A4FF4803383409E
:10973000C2F80433094BBFF35B8F1B68BFF35B8F29
:10974000C340DB0742BF064B4FF40032C3F8002191
:10975000704700BF702800200010014068280020DA
:1097600000E100E0032808B508D90649064886222A
:109770003DF046FD034886213DF039FD8300034856
:10978000184408BDDCFF04009AF1040040110140B8
:1097900008B5431E022B08D906490748A8223DF008
:1097A0002FFD0448A8213DF022FDBDE80840FFF749
:1097B00063BF00BFDCFF04009AF1040008B5431E3C
:1097C000022B08D906490748BA223DF019FD044882
:1097D000BA213DF00CFDBDE80840FFF795BF00BF82
:1097E000DCFF04009AF10400431E022BD0B50446AE
:1097F0000AD91949194840F29B123DF001FD16485B
:1098000040F29B113DF0F3FCFFF736FF144B01468D
:1098100003EB04134FF0FF364FF0FF372046C3E948
:1098200002673EF03DFC0F4A4FF48033A340C2F87C
:1098300048330123A3400C4ABFF35B8FDB4352E85C
:10984000006F1E4042E80064002CF8D1BFF35B8F2C
:10985000BDE8D040FFF758BFDCFF04009AF10400D8
:109860007015002000100140682800200D4B18687A
:10987000010A0006BFF35F8F0B4BD3F804351818AD
:1098800041F10001B3F5801F0AD2084BD3E9002350
:10989000904271EB030303D210F1807041F100019B
:1098A000704700BF7428002000100140B815002048
:1098B0002DE9F04F85B016461F469DF840A004469E
:1098C000FFF7DAFE0190FFF7D1FFB04271EB07031B
:1098D00054D23E4B301A67EB0101984271F10001FE
:1098E0004FD23B4B03EB0413D3E902239F4208BF43
:1098F00096425ED037494FF4803804F1500508FA9B
:1099000004F8AD00C1F848832046ADB23EF0C8FB74
:1099100026F07F4B05F1804504F5A87305F58835E1
:10992000DC464FF003090293029A2CF07F4341F882
:109930002230C1F84483D1F80435274A6FF0020081
:10994000C01A604420F07F40904232D9286868B144
:10995000D1F804350393A3EB0B0020F07F40B0F562
:10996000000F26D920463EF09BFB039BBAF1000F67
:1099700007D109EB030C09F10109D5E7BAF1000F92
:1099800009D06FF0150520460199FFF7BDFE284666
:1099900005B0BDE8F08F0123104ABFF35B8FA340F1
:1099A00052E8000F184342E800010029F8D1BFF344
:1099B0005B8F07490E98230101EB0412C8500F9BDF
:1099C0005360C2E902670025DDE700BF01008000A7
:1099D0007015002000100140FDFF7F006828002066
:1099E0001FB5411E02290AD90A490B4840F28B12C1
:1099F0003DF006FC074840F28B113DF0F8FB0021DA
:109A000002910799019106990091FFF751FF05B066
:109A10005DF804FBDCFF04009AF104001FB5411E51
:109A200002290AD90A490B484FF4CA723DF0E8FBF3
:109A300007484FF4CA713DF0DAFB01210291079902
:109A4000019106990091FFF733FF05B05DF804FB23
:109A5000DCFF04009AF104007FB5264C264BC4F8C5
:109A60000833C4F84833254B00254FF0FF304FF042
:109A7000FF314FF48032C4F808554FF48026C3E913
:109A80000201C4F804234FF40032C3E90601C4F80C
:109A90000423C3E90A01C4F80463C3E90E014FF4C7
:109AA0000023C4F80433164B02260121C4F80463D2
:109AB0001120C3F880212A46FDF7AAF81120FDF7EE
:109AC00077F80123A36023600E4B0F221A600E4B20
:109AD0000E221A600D4B0E4A0093CDE9015500236A
:109AE0002846FFF7E5FE3046FEF7E0FA284604B0C8
:109AF00070BD00BF0010014003000F007015002072
:109B000000E100E0702800206C280020C1960000D1
:109B1000FFFF7F000F4B70B501241868B0B1BFF391
:109B20005B8FB0FA80F0C0F11F0004FA00F1C94366
:109B300053E8002F02EA010543E80056002EF7D152
:109B4000BFF35B8FC240D207E7D570BD6FF00B004B
:109B5000FBE700BF6C28002030B5431C124C85B0D9
:109B600005D08442A8BF0446012CB8BF0124FFF7EA
:109B70007DFE0E4B0C4DD3E90013401AB0F5000FDB
:109B800010D22218AA4228BF2A4652184FF00000CD
:109B900007490091CDE9010043F10003FFF788FE7A
:109BA00005B030BD2A46F0E7FFFF7F00B01500206A
:109BB000C196000008B5FFF759FE024B1B68C01A9A
:109BC00008BD00BFB015002010B5084C012363602C
:109BD0001120FCF7FBFF064BC4F80833C4F84833E8
:109BE000044B4FF40032C3F8802110BD0010014037
:109BF00003000F0000E100E02DE9F04112F0FC6FDE
:109C0000D0E90147066913460AD0364936484FF471
:109C100074723DF0F5FA4FF4747132483DF0E7FA92
:109C200002F03002302A08D12E492F4840F2D332B8
:109C30003DF0E6FA40F2D331EFE72C4A2C4D1A40C2
:109C4000AA4208D12749284840F2D7323DF0D8FA35
:109C500040F2D731E1E703F00602042A08D1214996
:109C6000214840F2DA323DF0CBFA40F2DA31D4E763
:109C700013F4402212D09D0308D41A491A4840F226
:109C8000DD323DF0BDFA40F2DD31C6E7B2F5402FDE
:109C900014D0184A9A4301D183F440232468012543
:109CA0008D40254223F4801211D10E490E4840F216
:109CB000ED323DF0A5FA40F2ED31AEE709490A4830
:109CC00040F2E1323DF09CFA40F2E131A5E7346820
:109CD000DB074CBF2C43AC4334603B68BDE8F0412C
:109CE000184700BF0D0005009AF1040002000300B0
:109CF000020001000100100010B5012303FA01F178
:109D0000436804691B6819420AD10C490C484FF496
:109D1000CB623DF075FA09484FF4CB613DF067FA2C
:109D20002368194203D022B183681B6903E0002A2B
:109D3000FAD08368DB68BDE8104018470D000500C5
:109D40009AF104002DE9F041114E0746884600259E
:109D500027FA05F212F0010210D128FA05F3DB0709
:109D60000ED531793068FFF7C7FF044640B1094886
:109D700045213DF040FB2046BDE8F0810122F0E79F
:109D80000135042D06F10806E2D10024F3E700BFF7
:109D9000A8EF04003E00050070B50D4C0026E288D7
:109DA0002068217942F40032FFF726FF054648B9C2
:109DB0000136042E04F10804F1D1BDE870400F21F2
:109DC000FFF7C0BF034845213DF015FB284670BD95
:109DD000A8EF040059000500032810B50A4607D96A
:109DE0000B4845213DF007FB6FF01504204610BDE0
:109DF000084B03EBC00153F830000979FFF77CFFF3
:109E000004460028F2D0044845213DF0F4FAEDE77D
:109E100078000500A8EF04003E00050002460B464E
:109E2000014830F0A9BE00BFE4040020014830F032
:109E300059BF00BFE4040020034808B545213DF0A8
:109E4000DAFA0020FCF7C2FDAC00050008B50246B6
:109E50000B46064845213DF0CEFA002383F31188D6
:109E6000BFF36F8F0323184602DF08BDCE00050045
:109E700037B53223ADF80430134A002301251921E8
:109E800068468DF80630ADF800508DF80230F9F7CD
:109E9000C9F90446A0B90D482946FAF76DF90446F8
:109EA00070B901462A460820FCF7B2FE2A46214630
:109EB0000B20FCF7ADFE2A4621462846FCF7A8FEFB
:109EC000204603B030BD00BF4D9E00007828002022
:109ED00008B54FF0FF304FF0FF31FFF79FFF40B163
:109EE00007490848B6223DF08BF90548B6213DF0F8
:109EF0007EF9FAF759FABDE80840FFF797BF00BFAF
:109F0000E70005009AF1040008B50849084842F046
:109F10005DF9002808DA0749074830223DF070F95A
:109F2000044830213DF063F908BD00BFA828002097
:109F3000C0150020140105009AF1040037B50D4D3D
:109F40000D49002400946FF007034FF488622846FF
:109F500031F006FB0949284642F04EF90849094804
:109F600031F086FA224604211920FCF751FE2046E2
:109F700003B030BDC015002080E700203D01050082
:109F8000D19E0000A828002008B540F02EFC50B15A
:109F9000084909484FF4AF723DF032F905484FF4D3
:109FA000AF713DF024F9054B01221A7040F00EFC10
:109FB000FCE700BF510105009AF10400FE88002073
:109FC00070B5424BBFF35B8F86B0002253E8001F91
:109FD00043E800200028F9D1BFF35B8F3C4C694671
:109FE000204630F08BFD00286DD19DF80030072B06
:109FF0000CD8DFE803F004121A464D51555D9DF868
:10A000000C10019822F0C6FB1D3059D0002200230D
:10A010006946204630F0D2FCE1E7BDF80E209DF8FD
:10A020000C10029822F0D0FBEEE742F034F94FF426
:10A030007A75A0FB050305FB0131049EC30B43EABF
:10A0400041439E42059B4FEAD1318B4117DB42F0E1
:10A0500022F9A0FB050305FB0131C30B43EA414391
:10A06000F61A43F6FF3205FB06224FF47053B2FB9B
:10A07000F3F29DF80C10019822F010FDC4E70122C4
:10A08000F7E79DF80C100198002222F023FDBBE7B2
:10A0900001983FF0EFFFB7E701983FF0FDFFB3E70E
:10A0A000BDF80C20BDF80E10029840F008F8ABE7A0
:10A0B000BDF80C20BDF80E10029840F016F8A3E78A
:10A0C000044831F047FA06B070BD00BFBC2800203C
:10A0D0000C050020C028002007B50C490C4831F0C1
:10A0E000C7F940F0D1F91EF087FA684600F0C2FBCC
:10A0F000684623F0B7F8002023F0E4F8012023F0AD
:10A10000FDF8002003B05DF804FB00BF4DA3000084
:10A11000C028002008B5EFF3058353B1074908486C
:10A1200040F271123DF06CF8044840F271113DF0BC
:10A130005EF80448BDE8084030F0D4BD5101050088
:10A140009AF10400F804002010B5EFF3058353B131
:10A1500009490A484FF4BC723DF052F806484FF4E2
:10A16000BC713DF044F80648BDE810404FF0FF32A6
:10A170004FF0FF3330F000BD510105009AF10400AB
:10A18000F804002070B5164B1E6886B005460C46D4
:10A190006EB13DF0BFFF864209D1EFF3058333B9BD
:10A1A0002146284606B0BDE8704022F0F3BA1822D6
:10A1B000002168463DF0F5F90195ADF80C400948DD
:10A1C00000220023694630F05FFB044628B90648A8
:10A1D00031F0C0F9204606B070BD6FF01C04F9E7FD
:10A1E000B82800200C050020C0280020F0B5244B22
:10A1F0001F6887B006460D46144677B13DF08AFFCA
:10A2000087420AD1EFF305833BB9224629463046FF
:10A2100007B0BDE8F04022F041BC1822002168469A
:10A220003DF0BFF902238DF800300196ADF80C50D7
:10A2300042F031F84FF4705303FB04F24FF47A7498
:10A24000A0FB040304FB0131C30B43EA4143B2FB0F
:10A25000F4F2C90BD21841F10001CDE904210948FB
:10A2600000220023694630F00FFB044628B9064857
:10A2700031F070F9204607B0F0BD6FF01C04F9E72B
:10A28000B82800200C050020C0280020F0B51A4B8B
:10A290001F6887B006460C46154677B13DF03AFF79
:10A2A00087420AD1EFF305833BB92A46214630465F
:10A2B00007B0BDE8F0403FF002BF18220021684619
:10A2C0003DF06FF906238DF800300296ADF80C5082
:10A2D000ADF80E40094800220023694630F0D4FA58
:10A2E000044628B9064831F035F9204607B0F0BDDC
:10A2F0006FF01C04F9E700BFB82800200C0500200F
:10A30000C028002008B5084B1A785AB901221A70E3
:10A310003DF03DFF3DF011FF00F0B2FBBDE808400D
:10A320003DF00CBF08BD00BFFD880020034808B504
:10A3300045213DF060F800203DF0EEFE860105006D
:10A340000146014832F0E4BEC000002010B586B0DE
:10A350001148694630F0D2FBB0B9BFF35B8F0F4BA9
:10A36000012153E8002F43E800100028F9D1BFF382
:10A370005B8F8A4208D00A4C0021204622F00AFA5C
:10A3800020B90320FFF7DCFF06B010BD00214FF419
:10A39000004032F067F9EFE70C050020BC280020F0
:10A3A000C19F000010B588B00D4C0E49002200235B
:10A3B000CDE9062300230322CDE90323CDE90133B0
:10A3C00000934FF40462084B204631F07BFA074BB0
:10A3D00018600749204608B0BDE8104041F00CBFA6
:10A3E000A816002000EC0020899F0000B82800205B
:10A3F000A6010500124A13784FF08041FF2B04BFDD
:10A40000D1F81C351370D1F80034C1F80034D907E5
:10A41000127811D4590706D4002B14BF0520002050
:10A42000102A03D07047102A08D101204FF0804332
:10A430000122C3F81C2570470220F1E70520F1E74F
:10A440008801002008B5044841F07AFE0220FFF799
:10A4500077FF002008BD00BF0429002008B550B9CF
:10A460000B490C4840F232423CF0CAFE40F2324105
:10A4700007483CF0BCFE006840B90549054840F279
:10A4800033423CF0BDFE40F23341F1E7103008BDED
:10A490001AFA04009AF1040047F6FF7399421CBFB0
:10A4A0004B31C1EB0121074B0FBF0122212291FB50
:10A4B000F2F1C9B20CBF1A7683F82010014830F0CF
:10A4C00065BD00BFDC28002013B50023ADF80630C1
:10A4D000064BADF804001B6805481C69006801AB19
:10A4E00002220121A04702B010BD00BFD4280020E5
:10A4F000D828002013B5064B01901B6805481C693D
:10A50000006801AB00220121A04702B010BD00BFCE
:10A51000D4280020D828002013B50023ADF8063039
:10A52000064BADF804001B6805481C690068012251
:10A5300001AB1146A04702B010BD00BFD4280020D7
:10A54000D8280020F8B5114C002323764FF470531F
:10A5500058434FF47A73B0FBF3F0E0614FF0FF32F1
:10A560004FF0FF33204630F04BFD094D094F0A4EA6
:10A57000E1693B682868DB6A324689B2984700B9CE
:10A58000F8BD4FF4FA7032F09BF8F1E7DC280020B8
:10A59000D8280020D428002099A400002DE9F041FB
:10A5A000134C144E144F05464FF0FF3310484FF034
:10A5B000FF3230F025FD237E3BB994F820302B701C
:10A5C0000B48BDE8F04130F0E1BC0023DFF82C80FF
:10A5D0002376E1693B683068DB6A424689B2984776
:10A5E0000028E1D04FF4FA7032F06AF8F1E700BFCA
:10A5F000DC280020D8280020D428002099A40000BE
:10A60000034B044A1B680146DB681068184700BF0B
:10A61000D4280020D828002010B5054B054A1B6817
:10A6200004465B69014610689847034B1C7010BDD7
:10A63000D4280020D82800208901002008B5084B24
:10A6400093F9003013F1800F08D106490648D12252
:10A650003CF0D6FD0348D1213CF0C9FD037008BD94
:10A6600089010020B70105009AF1040010B586B0F9
:10A6700004461822002168463CF093FF054B06482B
:10A680001B688DF800409B6A00686A460221984763
:10A6900006B010BDD4280020D828002010B586B000
:10A6A00004461822002168463CF07BFF01238DF808
:10A6B0000130064B06481B688DF800409B6A006815
:10A6C0006A460021984706B010BD00BFD42800207C
:10A6D000D828002008B5054B054A1B681068DB69BF
:10A6E0009847044B02225A7008BD00BFD4280020AE
:10A6F000D82800208901002008B5054B054A1B68B1
:10A7000010681B6A9847044B00225A7008BD00BFAE
:10A71000D4280020D828002089010020024B587836
:10A72000831E58425841704789010020024B5878D7
:10A73000003818BF012070478901002070B586B02D
:10A74000064615460C46122200210DF106003CF08B
:10A7500028FF0A4B0A481B68009684F001049B6A94
:10A760008DF804508DF805406A460121006898472D
:10A77000B0FA80F0400906B070BD00BFD4280020B8
:10A78000D828002030B50C4D0C4C87B01822002181
:10A7900068463CF006FF2B6820689B6A6A460121E8
:10A7A00098472B6820689B6A01218DF804106A463F
:10A7B000984707B030BD00BFD4280020D82800201B
:10A7C000024B1868003818BF012070470429002088
:10A7D000F8B5054608B90020F8BD2348002200233B
:10A7E00030F07CFB04460028F5D083680026B3BB1C
:10A7F000314628461DF078F8074620463DF0E1F83E
:10A800003246394620463DF036F928463FF094FC62
:10A8100094F8483000F8023C94F84930134EFF2B6E
:10A8200016BFAE3B124B1BB200F8013C236A042159
:10A8300028464FF47A725E43A36AB3FBF2F73FF007
:10A84000ADFC3E44066094F84A10284601F0010130
:10A850003FF02FFE20463DF07BF80120BCE71A8A2E
:10A860005B681644C3E700BF0429002040420F0084
:10A870000080FFFF70B5214E0446306850B9204972
:10A88000204840F212223CF0BBFC40F212211C484E
:10A890003CF0ADFCFFF7E2FD0379082B08D0184926
:10A8A000184840F213223CF0ABFC40F21321EEE7D3
:10A8B0003068FFF7D3FD05683068FFF7CFFDA5428C
:10A8C00003790CD2EA1894420DD20F490D4840F298
:10A8D000B1223CF095FC0C4840F2B121D8E7F4D00D
:10A8E000E2189542F0E75A1E1544013C03B970BDC9
:10A8F00015F8012904F8012F013BF7E7D0280020C3
:10A90000B70105009AF10400ACFD040070B50446DF
:10A9100048B92449244840F21D223CF071FC40F221
:10A920001D2120480CE0214B1860036853B92049D1
:10A930001D4840F2AD323CF063FC1D4840F2AD31A1
:10A940003CF055FC1B681B4D2B6043B9154916485C
:10A9500040F221223CF054FC40F22121E1E79B68C7
:10A96000154E336043B90F490F484FF409723CF05C
:10A9700047FC4FF40971D4E70120FFF78FFEFFF782
:10A98000ABFB0E4841F0CFFB012211460C4841F0D1
:10A99000ECFB336828681B6A98472046BDE8704086
:10A9A000FCF7DCBFB70105009AF10400D0280020B5
:10A9B0001AFA0400D8280020D428002004290020F6
:10A9C000DC28002070B50C46896800220B4643B98C
:10A9D000052A0AD0164A174845213CF00CFD0120F3
:10A9E00070BD188A5B680244F1E7CB681B7803F0FE
:10A9F0000703022B03D00E4A0F484521EDE70F4D08
:10AA00002B681BB10E4845213CF0F5FC0D4E31463C
:10AA1000052201F8012B20463DF02DF8002804DA2C
:10AA2000094845213CF0E7FCD9E72E600020D7E734
:10AA30006E020500EF010500090205000029002053
:10AA400029020500FF8800204F02050007B50023FA
:10AA5000019304210DEB01003CF0B8FD40B1064923
:10AA600006485D223CF0CCFB03485D213CF0BFFB77
:10AA7000019803B05DF804FB840205009AF104001C
:10AA800008B5084B0848186041F0ECFA40B907498E
:10AA9000074865223CF0B4FB044865213CF0A7FB65
:10AAA00008BD00BF20290020B8EB04008402050087
:10AAB0009AF104002DE9F043804691B00F46164606
:10AAC0000AB101B140B92E492E486C223CF098FBE6
:10AAD0006C212B483CF08BFBDFF8B490D9F8005088
:10AAE00035B92749274821223CF08AFB2121F0E78C
:10AAF00008AC1C22002120463CF053FD224B0F9352
:10AB00000023CDE906331023CDE903360593CDF8B4
:10AB10002880AA680B9501230093566802978DF848
:10AB200020301A4621462846B04730B1144915480E
:10AB300032223CF065FB3221CBE79DF82030012B1F
:10AB400007D012490F48FF223CF05AFB0F48FF2163
:10AB5000C0E7099B079402A92046984730B10849ED
:10AB6000084839223CF04CFB3921B2E7D9F8000003
:10AB7000836821469B68984711B0BDE8F08300BF09
:10AB8000840205009AF1040010003200B7020500AB
:10AB90002029002008B5FFF7FFF8024628B1BDE8DC
:10ABA0000840024845213CF026BC08BDE9020500EA
:10ABB00038B50A4B0A4D0B4800241C600A4B1C6038
:10ABC0000A4B1A680A4B1A603DF0F2FA286818B16D
:10ABD0000221FFF7D7FA2C6038BD00BF54290020AE
:10ABE0006029002058050020502900205829002005
:10ABF0005C29002070B50C4A0C480D4905681468A2
:10AC000000230B60136003600A4841F08BFB0A4885
:10AC10003DF0CEFA094B1B6823B129462046BDE81A
:10AC20007040184770BD00BF2C2900202829002043
:10AC30002429002008040020400500206829002065
:10AC400070B5064E3368044613B14518AC4200D1C6
:10AC500070BD336814F8010B9847F7E76C290020A2
:10AC600038B50A4D2B687BB10024094B09481C609C
:10AC70002146FFF787FA38B1074B2C601C60BDE80E
:10AC8000384006483DF094BA38BD00BF2C2900205A
:10AC900024290020F5AB00002829002040050020D1
:10ACA000F0B53D4FADF5037D00210546FC2203A81C
:10ACB00002913CF076FC3B68002B49D0374C384E73
:10ACC00021683268914243D2216830682268194471
:10ACD000821A3448FBF7F2FA236839680344236088
:10ACE0002368326819442368D21AAB681B690BB316
:10ACF0002846984705462368386829461844FFF7D0
:10AD00009FFF23681D442560226833689A4214D14E
:10AD100000253560244841F005FB24482946FFF70B
:10AD200031FA20B1224825603D603DF041FA0DF531
:10AD3000037DF0BD6FF05705DDE700220023CDE96C
:10AD4000002319484FF4A472002332F043F9EEE7D0
:10AD5000AB681B69E3B14FF4807202A9284698479B
:10AD60000446214602A8FFF76BFF0E48416942687E
:10AD7000C369521A991A8C4204D9D21A224442A9A0
:10AD8000FBF79CFA224602A90648FBF769FACEE7D0
:10AD90006FF05704E5E700BF2C2900202829002088
:10ADA000242900203029002008040020F5AB0000F1
:10ADB000400500202DE9F3410446A368DB6B002B1E
:10ADC00058D1A3689B6B002B5BD1A368DB6A9BB94E
:10ADD0002046FFF765FFA368DB691BB12046984753
:10ADE0000028EAD0294F2A4D3A682B689A4208D8A1
:10ADF00020463DF0CEF9E0E7204698470028EAD00B
:10AE0000E6E7DFF8A0802B68D8F800103A6819440C
:10AE10002B68D21AA368DB68F3B1204698472B68E9
:10AE2000184428603A682B689A4218D1194B0026BA
:10AE30001B682E60C8F800303E601748174D41F07F
:10AE400071FA17483DF0B4F928680028B5D03146AA
:10AE5000FFF798F92E60B0E76FF05700DFE70022A8
:10AE60000023CDE900230C484FF4A472002332F0F4
:10AE7000B1F8A2E7204698470028A2D102B0BDE869
:10AE8000F0812046984700289FD1F7E750290020FD
:10AE90005429002058290020400400206029002067
:10AEA000580500205C29002070B51C4E3478002C19
:10AEB00033D11B4B1C601B4B1C601B4B1C601B4B82
:10AEC0001C601B4B1C601B4B1C601B4B1C601B4BFA
:10AED0001C601B4B1C601B4B1C601B4B1C601B4DE8
:10AEE000284641F0BFF8C0B1194B4FF48072DA61C7
:10AEF000184A1A60C3E90244C3E905445C601C6156
:10AF0000AB682BB11B6C1BB11349224628469847EE
:10AF10000E483DF048F90123337070BD058A0020CA
:10AF20006C29002068290020642900206029002065
:10AF300050290020542900202C29002024290020F9
:10AF4000282900205C290020582900207CEB0400DF
:10AF50003029002005890020B5AD00002DE9F0471B
:10AF60001F4F3B6805460C46B3B129B11D4A92F804
:10AF70000080B8F1000F04D000210846BDE8F0477A
:10AF8000184719484FF40042002330F039F80646BC
:10AF900020B13B68002BEFD1BDE8F0871348DFF804
:10AFA0005C803DF0FBF8224629461148FBF786F904
:10AFB000C8F800000D483DF0F6F8D8F80090A1451B
:10AFC00008D10948C8F800603DF0F2F83B684946EE
:10AFD0002846D3E7074B1C60074B1D60DCE700BF2A
:10AFE00068290020068A0020400500207CEB040030
:10AFF00030290020242900202C2900202829002085
:10B00000014B1860704700BF6829002070B5154BD0
:10B01000154C1B7806460D462BB123680BB3FF2059
:10B02000BDE87040184711484FF4004200232FF04C
:10B03000E7FF18B12368A3B10120F1E70C4B0D4ADB
:10B0400019681E600C4B11601D600C4B2268186063
:10B050000B4B1A600B4883685B6913B1BDE8704005
:10B06000184770BD068A002064290020580500207A
:10B070005C29002058290020502900205429002054
:10B08000602900207CEB0400014B1860704700BF72
:10B090006429002008B50A490120FBF743F918B1DB
:10B0A000084845213CF0A7F907490220FBF73AF987
:10B0B00028B1BDE80840054845213CF09CB908BDD1
:10B0C00074290020090305007029002030030500C1
:10B0D000012870B514D85E18B6F5005F13D8AAB170
:10B0E000BBB101EB40310C4800683CF091F930B144
:10B0F0000246452109483CF07EF94FF0FF3070BD13
:10B100006FF03800FBE76FF01600F8E76FF00B0008
:10B11000F5E76FF00C00F2E7742900205A030500F0
:10B12000012870B51C4619D85E18B6F5005F18D80E
:10B13000D2B10BB9002070BDA40818D001EB40318A
:10B140000C4800683CF079F902460028F2D00A4821
:10B1500045213CF050F94FF0FF30ECE76FF038003C
:10B16000E9E76FF01600E6E76FF00B00E3E76FF03A
:10B170000C00E0E7742900206E030500012838B5B3
:10B18000044605D9002520461EF060F8284638BD43
:10B19000084B4FF40052410318683CF063F9024633
:10B1A0000028EFD0044845213CF025F94FF0FF3549
:10B1B000E9E700BF742900208303050013B50D4B98
:10B1C0000D480024CDE90034042300680DEB030290
:10B1D00021463CF01DF950B9042269460DEB0200EE
:10B1E0003CF0ADF9B0FA80F0400902B010BD204645
:10B1F000FBE700BFE737DDF67029002008B50246FF
:10B2000007480B46006804213CF002F930B10246C1
:10B21000452104483CF0EFF84FF0FF3008BD00BF77
:10B22000702900209803050008B50B461146024618
:10B230000648043100683CF0EBF830B10246452185
:10B2400003483CF0D8F84FF0FF3008BD70290020CB
:10B25000BD030500014B00201B681847782900201A
:10B2600010B530B101280AD1BDE810400848F5F703
:10B27000ADBA084BBDE810401B68012018470649CD
:10B2800006481C223BF0BCFF03481C213BF0AFFFEB
:10B2900055B2000078290020F00305009AF104005F
:10B2A00008B570B1012803D1BDE80840F5F7E0BA50
:10B2B000044905482A223BF0A3FF02482A213BF01B
:10B2C00096FF08BDF00305009AF10400014B1860D9
:10B2D00001487047782900200000AD0B10B5284CBC
:10B2E000237E834208D02749274855223BF088FF18
:10B2F000552124483BF07BFFBFF35B8F236CBFF3EA
:10B300005B8F13BB092934D8DFE801F005333333F1
:10B310003321211C331F236AD3E9002090470128E1
:10B3200005D00223E06384F8343018480EE047F279
:10B3300030532363032384F83430154B84F82900F9
:10B34000A363F2E70E482FF021FE002010BD00237A
:10B3500084F829300E490F4B207E2363F8F74DFF08
:10B360000028F2D0074908484D223BF049FF4D2103
:10B37000BFE70449044881223BF042FF8121B8E73E
:10B380007C2900202D0405009AF10400B02900203A
:10B39000A0290020FF3F420F02480122002140F077
:10B3A000E4BE00BF7C290020014BD861704700BF7C
:10B3B0007C29002070B54FF0FF3106464FF0FF307A
:10B3C000FEF72CFD054640B147494848AE223BF008
:10B3D00017FFAE2144483BF00AFF45494548F5F7C1
:10B3E0004FF80446FEF722FD002C07DA42482246B9
:10B3F00045213CF000F86FF00B0070BD3F4C40F26F
:10B4000001132385E36926626433E36247F2305314
:10B4100023636FF0730384F82450E36304F1400660
:10B42000BFF35B8F56E8003F46E80052002AF9D18F
:10B43000BFF35B8FA36833B12B492C48C4223BF088
:10B44000DFFEC421C6E74FF0FF304FF0FF31FEF7BB
:10B45000E5FC30B124492548C7223BF0D1FEC72185
:10B46000B8E7207E04F12401F8F7C7FE30B11E4989
:10B470001E48C9223BF0C4FEC921ABE7FEF7D6FC4B
:10B480001F4A002320462FF0BBFD00280EDA1D487E
:10B4900045213BF0B0FFBFF35B8F012356E8002F3F
:10B4A00046E800310029F9D1BFF35B8F4FF0FF3040
:10B4B0004FF0FF31FEF7B2FC30B10B490B48D422FC
:10B4C0003BF09EFED42185E7207EF8F778FEFEF75C
:10B4D000ADFCBFF35B8F236CBFF35B8F13B10748E9
:10B4E0002FF0EEFDE06B88E72D0405009AF10400D3
:10B4F00094290020DDB20000670405007C290020AB
:10B50000447B0B0092040500074B01221A64D3F818
:10B510004035B3FBF0F01844044BDB69984234BF6C
:10B5200000200120704700BF008000407C290020DF
:10B5300010B50C29036912D118680A4C80EAE0732F
:10B54000A3EBE073990803F00303002804FB03F363
:10B55000BCBF49425B42C2E90013002010BD6FF03E
:10B560008500FBE790D0030070B5154840F07AFDE8
:10B5700068B1134C134EA5682B6883B91249134860
:10B580005B223BF03DFE10485B213BF030FE104952
:10B590000E4819223BF034FE19210D48F5E7094900
:10B5A00004222046984730B1094908481D223BF043
:10B5B00027FE1D21F1E73368002BDDD070BD00BFF1
:10B5C00068EB0400C429002080F904009AF104000B
:10B5D000CC040500044B186880EA403080EA5040F3
:10B5E00080EA401018607047C4290020024B0122F5
:10B5F0001A7032F055BA00BF078A002008B5002043
:10B60000FCF74CFD40B90E490E4839223BF0F8FDDD
:10B6100039210B483BF0EBFD0B490023CB600B4B72
:10B620004B6003238B60FAF7C1FC002806DA04495B
:10B6300004483E223BF0E4FD3E21EAE708BD00BF9E
:10B64000270505009AF10400C8290020EDB5000087
:10B6500010B50020FCF722FD044640B90F49104800
:10B6600047223BF0CDFD47210C483BF0C0FD0D4982
:10B67000FAF776FD10F1780F02D12046FAF71AFD9D
:10B68000002806DA054906484A223BF0B9FD4A215E
:10B69000EAE7054B00221A7010BD00BF2705050020
:10B6A0009AF10400C8290020078A002040B200282F
:10B6B00008DB4309044900F01F00012240338240A7
:10B6C00041F82320704700BF00E100E040B20028AD
:10B6D00008DB4309044900F01F0001226033824067
:10B6E00041F82320704700BF00E100E040B200288D
:10B6F000A7BF00F1604000F5614000F00F00034B70
:10B70000ACBF90F80003185C4009704714ED00E0EE
:10B7100037B50F4CA5683B21EB682046984770B9B8
:10B720000C212B696A462046984740B9094B009A7C
:10B7300093F90010914202D01A703CF0FEFD4FF4D4
:10B74000F0120023044830F05FF803B030BD00BFB2
:10B75000E0EB04008B0100207017002008B50C48B6
:10B7600040F080FC40B90B490B483B223BF048FDC0
:10B7700008483B213BF03BFD084909482FF056FFA4
:10B780000022002306482FF0D9FF002008BD00BF8B
:10B79000E0EB0400890505009AF1040011B70000F0
:10B7A00070170020014B93F9000070478B010020B7
:10B7B000084BD3F8082542F00302C3F808250422F9
:10B7C000C3F81025D3F8042522F00302C3F804259A
:10B7D000704700BF00900040014B01221A60704783
:10B7E00000900040014B01221A6170470090004018
:10B7F0000048704748900040054A064901235364B9
:10B80000D2F84435013B0B60C2F84835704700BFA1
:10B8100000900040D829002008B50A4BD3F84835DD
:10B8200040B9094909485D223BF0EAFC06485D2120
:10B830003BF0DDFC064A12689A4216BF0360002006
:10B84000012008BD00900040080605009AF10400A0
:10B85000D8290020004870474C900040014BD3F895
:10B860004C0570470090004008B5094B1B698342A6
:10B8700008D00849084846223BF0C2FC054846214A
:10B880003BF0B5FCFDF7F2FFBDE8084032F0EEB941
:10B89000D0170020550605009AF1040010B509499B
:10B8A0000C69844208D00849084854223BF0A8FC9F
:10B8B000054854213BF09BFCC1E90223BDE8104040
:10B8C00032F0F6BAB8170020550605009AF10400C8
:10B8D00038B51D4A1D4C002313702360FEF71AF97A
:10B8E000002860600ADA1A491A4840F203123BF055
:10B8F00087FC40F2031116483BF079FC164D4FF0DF
:10B90000FF33A360154B164C2B60164B2360FEF7DC
:10B9100001F90028286108DA0D490E4840F20D129D
:10B920003BF06EFC40F20D11E5E7FEF7F3F800285E
:10B93000206108DA0649074840F213123BF060FC28
:10B9400040F21311D7E738BD088A0020A017002065
:10B95000550605009AF10400D017002069B80000D0
:10B96000B81700209DB8000002460B4601483CF085
:10B97000A6BC00BFD0170020014B1869FDF734BFEB
:10B98000D017002070B5EFF3108672B6084C2378FC
:10B990005BB9084D2869FDF7FBFE6861064D286913
:10B9A000FDF7F6FE01236861237086F3108870BDF1
:10B9B000088A0020D0170020B817002010B5EFF338
:10B9C000108472B60A4B00221A700A4B5969186922
:10B9D000891A18BF0121FDF7F1FE074B5969186953
:10B9E000003918BF0121FDF7E9FE84F3108810BD6E
:10B9F000088A0020D0170020B817002010B5FDF7E6
:10BA000035FFC21CBDE81040024841F100033CF084
:10BA100056BC00BFB817002002460B4601483CF058
:10BA20004EBC00BFB8170020014B1869FDF7DCBE03
:10BA3000B8170020014B1869FDF794BEB817002015
:10BA4000014BD3E902017047B81700202DE9F74FE9
:10BA5000464CBFF35B8F05460E461746012354E85C
:10BA6000002F002A03D144E800310029F7D1BFF3A9
:10BA70005B8F0CBF98464FF00008A14673D14FF082
:10BA8000000ACDE900AA2A4660683346FDF7C6FFE2
:10BA9000E0B1BFF35B8F54E8003F012B03D144E8D2
:10BAA00000A2002AF7D1BFF35B8FFDF7DFFEA842AB
:10BAB00071EB060338D22E4B281A66EB010198422F
:10BAC00071F1000130D34FF002082DE06068FDF7FE
:10BAD00049FE8246EFF3108B72B6FDF7C7FE0230C7
:10BAE00041F10001854276EB010121D28BF31088F0
:10BAF0007A1C06D06068FDF735FE0146F8B204F006
:10BB00003BFE4FF0FF336068A360FDF76DFEBFF3AF
:10BB10005B8F002359E8002F012A03D149E8003147
:10BB20000029F7D1BFF35B8F404603B0BDE8F08F2B
:10BB30007B1C03D05146F8B204F016FEA760C4E99E
:10BB400004568BF31088BFF35B8F022359E8002F54
:10BB5000012A03D149E800310029F7D1BFF35B8FF7
:10BB60004FF00008E0E74FF00308DDE7A0170020E2
:10BB70000100400070B5174CBFF35B8F042054E800
:10BB8000003F022B03D144E80002002AF7D1BFF3A3
:10BB90005B8F25461CD16068FDF726FEA668731CE6
:10BBA00006D06068FDF7DEFD0146F0B204F0E4FD6A
:10BBB0004FF0FF33A3600020BFF35B8F55E8003FD9
:10BBC000042B03D145E80002002AF7D1BFF35B8FB5
:10BBD00070BD00BFA0170020F8B51F4CBFF35B8FEE
:10BBE0000546032354E8002F022A03D144E800311C
:10BBF0000029F7D1BFF35B8F26462AD1EFF31087D8
:10BC000072B66068FDF7AEFD0146E8B204F0ACFD27
:10BC10006068A560FDF7A6FD0568FDF727FED4E97D
:10BC200004239042994112D2281E18BF012087F3A5
:10BC300010880223BFF35B8F56E8002F032A03D13D
:10BC400046E800310029F7D1BFF35B8FF8BD012032
:10BC5000EDE70420FAE700BFA017002008B503F0C5
:10BC60002DFE01F0FDF83CF008FB01F017FB104839
:10BC700031F0B2FC3CF0B1FC04F024FB01F0C6FB57
:10BC800003F0B6FC31F092FFFFF76EFC04F0BEFB50
:10BC900031F02AFF31F070FD01F094FC3CF005FB1F
:10BCA00032F03CF803F02CFDBDE8084003F0C6B9C3
:10BCB000E4EF04007FB505460C4631B34B792BB356
:10BCC00088792388ADF808300026A378CDF80A607B
:10BCD00021798DF80D30E378ADF80E6043EA01214B
:10BCE0000DF10A028DF80C003CF03CFD9DF80900B6
:10BCF0009DF8083000B933B90021009602AB2A46FE
:10BD000008463CF05AFF04B070BD024C01F0D8FB6D
:10BD1000D7E700BFBA060500064B002918BF0B463F
:10BD20005A78197802B911B919463DF052B810463F
:10BD3000704700BFB406050037B5EFF3108372B645
:10BD4000054CD4E9124583F31088CDE90045FDF791
:10BD500043F903B030BD00BF10180020034B186832
:10BD600008B190F8800000F001007047042A00201C
:10BD700008B5FFF7F3FF08B1014B186808BD00BF15
:10BD8000042A002008B5082811D8DFE800F01205C1
:10BD90000507090714141400012008BD0420FCE75E
:10BDA000064B1B7813F0100F18BF0120F5E73CF08D
:10BDB0007DFA0020F1E70220EFE700BF0F8A0020A4
:10BDC00010B5064B1C78064B1878FFF7DBFFE4B282
:10BDD000844234BF0020012010BD00BF0D8A002026
:10BDE000108A002010B5044601F0F8FA044B2046F2
:10BDF000196801223CF040FEBDE8104001F084BA11
:10BE0000DC29002010B5044601F0E8FA054B1A7849
:10BE1000054B204693F900103CF025FEBDE810408C
:10BE200001F072BA158A0020118A0020014A1070B0
:10BE30003CF030BB108A002038B504460D4601F0B6
:10BE4000CDFA054B2A46186821463CF02AFBBDE88E
:10BE5000384001F059BA00BFFC2900200348044BC8
:10BE60000068002211463CF070BD00BF042A00208B
:10BE7000E0290020F7B5244B1B7807460E461546EF
:10BE8000002B37D004783CF01BFB631C5B010028BF
:10BE900034D103F1CE000DB1A83080B240F075FB73
:10BEA00040B3FFF78DFF044620B355B302F07EFC8C
:10BEB00031F08CFF154B18783CF041FC144B291ED7
:10BEC0001A7818BF012161F3C30238461A7002F0D4
:10BED000ADFD104B1B7800932A460F4B314601F005
:10BEE000EFFF012E07D13CF02EFC31F09DFD10B983
:10BEF00002F03CF90024204603B0F0BD03F22E40CE
:10BF0000C9E702F05BFCD3E70E8A0020128A00200A
:10BF10000F8A00200B8A0020138A002008B5064BE8
:10BF20001B7833B140F05EFB3B2894BF002001201A
:10BF300008BD0120FCE700BF0E8A002010B5114C9F
:10BF40003CF041FB31F0B2FA2378012B17D940F0D5
:10BF50006AFB0D4BD3E90423904299410FD2012390
:10BF6000237031F053FA01F00FFB012803D1074B86
:10BF700018783CF08FFABDE8104001F09BB900231F
:10BF80002370F0E70A8A0020E8170020108A0020BA
:10BF9000F0B5144B87B004460E4615460021182212
:10BFA00068461F683BF0FDFA02948DF80D608DF82D
:10BFB0000E504CB1EFF3108372B60B4AD2E9100168
:10BFC000CDE9040183F3108801F008FA38463CF00B
:10BFD000EFFA694638463CF051FD01F095F907B09B
:10BFE000F0BD00BFFC2900201018002073B5234BC2
:10BFF0001B7805460C46002B3ED0FFF7E1FE0028DB
:10C000003AD01F4A137823F007031370FFF7A6FEF8
:10C010000646FFF7ADFE01F0F3FD002301A8ADF8E1
:10C0200004303CF0B3FB01F04BFA3CF088FB154ABE
:10C0300001AB12782946032001F016FE012D09D12B
:10C040003CF081FB31F0F0FC20B90CB93CF02EF94A
:10C050000123237002F0AEFB31F0B8FE3EB901F0CF
:10C06000BFFA094B1860FFF783FE01F0C9FDFFF727
:10C07000F5FE064B00221A6002B070BD0E8A002049
:10C080000F8A00200C8A0020042A0020002A0020A9
:10C0900008B5074B1B7853B1AE2040F076FA30B1AB
:10C0A000FFF78EFE18B1BDE8084002F01BB908BDCD
:10C0B0000E8A00207FB53CF03EFA18220021684627
:10C0C0003BF06FFA054B6946186802F0BBFC694605
:10C0D0000220FFF7B1FE07B05DF804FBFC29002049
:10C0E00010B5114B1B78EBB1FFF76AFED0B10F4CC6
:10C0F000204631F0FFF940F075FAB0F5C07F11D35A
:10C100002268C009831EB3EBD21F4FEAD21094BF3E
:10C11000A2EBC31200222260BDE8104098BF18466F
:10C1200002F010B910BD00BF0E8A0020F8290020CF
:10C1300010B5044602F01AF8082C1ED8DFE804F007
:10C14000211D051D0B131D1519000021BDE8104010
:10C150000846FFF74BBF01220A4BBDE810401868A4
:10C160000021FFF787BE0022F6E7BDE81040FFF789
:10C17000B7BFBDE81040FFF78BBFBDE810403CF0F3
:10C1800095B810BDFC29002010B586B008284FD8FE
:10C19000DFE800F03333050F24243542480061B353
:10C1A000264B19680122062006B0BDE810403CF07D
:10C1B00063BC234C2368002283F88020214B062196
:10C1C00018683CF0F7F9204B20681A781F4B93F958
:10C1D000001006B0BDE810403CF045BC1C4C1822D5
:10C1E000002168463BF0DDF96946206802F02AFC30
:10C1F0006A46062120683CF054F906B010BD144C84
:10C200001822002168463BF0CCF96946206802F00C
:10C2100019FC6A460521EDE7012006B0BDE8104093
:10C220003CF04DBC012006B0BDE810403CF059BCCC
:10C2300006B0BDE810403CF039B800BFDC29002052
:10C24000042A0020002A0020158A0020118A0020DC
:10C25000FC2900202DE9F0410646174600F0E4FFD6
:10C26000054680B11F4C2378022B10D02278022A79
:10C27000D3B216D04FF00008022B17D9033B052B81
:10C2800012D93CF013F800252846BDE8F08101F0F2
:10C290009DFC2278022A8046D3B2EDD136B900281F
:10C2A000F1D14FF0000801E0002EECD001F05EFF6C
:10C2B0002378022B0AD10C4B0C4800221A7031F063
:10C2C000BDFC31F081F820783CF0E4F82378072BAE
:10C2D00001D131F043F9002FD6D020784146FFF745
:10C2E00053FFD1E7108A00200A8A0020E8170020B7
:10C2F00010B5FFF7AFFF044658B1074B1B782BB1C1
:10C300000120FFF793FD01F0C7FF10B90020FFF7F0
:10C310008DFD204610BD00BF0E8A002073B50D466E
:10C320001E46FFF797FF044628B340F0A2F938B144
:10C3300001F02AF9421ED2B2022A01D93BF0B6FF1F
:10C340000E4B03221A700E4B02201E60FFF76EFD8B
:10C350006B1F5842584100260DF107018DF8076008
:10C36000FFF744FE9DF807302BB101F0FFFE314688
:10C370003046FFF73BFE204602B070BD0C8A00201D
:10C38000DC2900202DE9F041674A1378107086B04F
:10C39000044603F0FF0773BB002800F08A8001F019
:10C3A000BFFA624B01221A7031F0D2FC604E357830
:10C3B000EDB22846FFF7E6FC80462846FFF7E2FC90
:10C3C000474579D384426CD2357802210120EDB201
:10C3D00000F02AFF08B93BF069FF022D7CD101F083
:10C3E000F5FB074601F0C2FE002F00F08880062012
:10C3F000FFF7F8FC84E00028D8D14C4B1A78002ACB
:10C400004FD04B4D18702B78022B02D101F0DEFB80
:10C41000044601F02DFB31F0BDFC31F00DFA022194
:10C42000012000F001FF08B93BF040FF2B78082BFA
:10C430003AD8DFE803F036050B12252525363600FD
:10C44000002006B0BDE8F041FFF7F0BC4CB305207A
:10C4500006B0BDE8F041FFF7C5BC364C0220FFF73F
:10C46000E5FC2368002283F88020334B0421186800
:10C470003CF0A0F8206806B0BDE8F041FFF7C2BC70
:10C480000220FFF7D3FC1822002168463BF089F810
:10C490002A4B6946186802F0D5FA69460420FFF76E
:10C4A000CBFC06B0BDE8F08106B0BDE8F0413BF042
:10C4B000FDBE31F0C1F979E78442F2D33378204AE6
:10C4C000022F1278DBB205D1042C03D1042B01D149
:10C4D000032AE6D030781FE001F048FE082D20D86E
:10C4E000DFE805F00D0D1F0A050A0A0D0D00154BBA
:10C4F0001A786FF304121A700220FFF797FC0027D6
:10C5000028463946FFF740FE3578EDB22846FFF75A
:10C5100039FC8442C5D3284606B0BDE8F041FFF798
:10C5200007BE3BF0C3FEEAE70D8A00200E8A00201A
:10C53000108A0020042A0020002A0020FC29002064
:10C54000098A00200F8A002008B5054B1B78062BAE
:10C5500001D03BF0ABFEBDE808403CF02EB800BF78
:10C56000108A002070B5002031F01AF8224B1B7899
:10C5700003F001031843C0B208B93BF097FE1F4B0C
:10C580001B78022B01D03BF091FEEFF3108172B6C5
:10C590001B4A93680133936081F3108830F036FFB3
:10C5A000002030F0FDFF044600F0EEFF012820D10E
:10C5B000022040F019F840F036F8124D04462846A3
:10C5C0000E4631F03BFBA0344FF0010346F100066C
:10C5D0002B7728460C4B2B62C5E9044631F0F6FA5E
:10C5E00008B13BF063FE094A13780133DBB21370E4
:10C5F00001E0002CDFD170BD0C8A0020108A0020E1
:10C6000010180020E81700203DBF00000A8A002013
:10C6100008B51A4B1B78022B01D03BF047FE184B94
:10C620001B789B0701D43BF041FEEFF3108172B6FB
:10C63000144AD3680133D36081F3108800F0A4FF5B
:10C6400001280FD0022813D0002030F0A9FF98B1A4
:10C650000D4B0E4800221A7031F0F0FABDE8084088
:10C6600030F0E8BE084B094800221A7031F0E6FAB3
:10C6700002203FF0B9FFE7E708BD00BF108A0020A5
:10C680000C8A0020101800200A8A0020E8170020D9
:10C690002DE9F843DFF86891554D99F800302C7971
:10C6A000022B804601D03BF001FE042C55D8DFE878
:10C6B00004F003250754230001240126274601E046
:10C6C000042400264A48224641463CF05EF910B355
:10C6D0003EB14748394602F0C1FD064628BB022F4D
:10C6E0000ED000F0B9FE022C3FD0042C6FD0012CEC
:10C6F0006FD1EC7C01343AE00524E2E70224DCE768
:10C700003C4A1378384643F0010313703FF06CFF46
:10C710003CF068F9E5E700F09FFE20B12B6893F943
:10C720000030002BDFDC012607E000F095FE20B191
:10C730002B6893F90030002BD5DC01F017FD0021A8
:10C740000846FFF753FC99F800003BF0A3FE2B6866
:10C750005B7803F00703022B03D100242046BDE8D9
:10C76000F8833046FFF73EFBF7E72C7D0234E4B256
:10C77000204E3378580719D4DFF88880D8F8003075
:10C7800018782B685B7801304001990654BFA030BF
:10C7900000F530703FF0F9FE0746E0B13378D8F885
:10C7A000000043F0040333703BF005FF3378DA07F1
:10C7B000D4D52B685B789B06D0D500F069FE0028A5
:10C7C000CCD00B483CF015F90B4B1860C6E76C7DDC
:10C7D00090E70024CCE701F0C9FC39463846FFF762
:10C7E00005FC064B0122196805203CF045F9DDE700
:10C7F000E02900200F8A0020002A0020DC290020E8
:10C80000108A0020042A002013B5114C2378022B33
:10C8100001D03BF04BFD0F4A137823F00703137050
:10C82000FFF71CFB20783BF035FE002401A8ADF893
:10C8300004403BF0ABFF084A01AB127821460320CD
:10C8400001F012FA0220FFF7CDFA02B010BD00BFCE
:10C85000108A00200F8A00200C8A002008B5054BA2
:10C860001B78062B01D03BF021FDBDE80840FFF707
:10C8700021BC00BF108A00202DE9F047644EDFF88C
:10C88000B0813568634F3BF02BFE634B18702B78FB
:10C890002B4413F8010C3BF017FF00B28000FF2877
:10C8A0005E4B28BFFF201870D8F80030197801318E
:10C8B0000622C9B240463CF068F88146002846D0BE
:10C8C0003B78D80743D40321404602F0C7FC044616
:10C8D00080B94FF408703FF058FE002839D03B78FB
:10C8E00023F0050343F005033B703CF07BF8306810
:10C8F0003BF061FE3B78D9072DD5EFF3108272B67D
:10C90000474C63680133636082F310883BF0F0FDAD
:10C9100002460B46EFF3108172B6C4E9122381F38D
:10C92000108830F0A7FD3B78DA0726D43D4B187805
:10C930003BF0B0FD6B7803F00703022B5DD033684A
:10C94000002283F8802000F04BFE30603CE004249D
:10C95000D0E70524CEE700F07FFD82460028CCD149
:10C96000304B18783BF096FD50465146FFF73EFBA2
:10C970002046BDE8F047FFF735BAB9F1000FD5D032
:10C98000D8F800305B789B06D0D500F081FD0028F8
:10C99000CCD02548254F02F031F825483CF029F845
:10C9A00038600028C2D00320FFF740FA214B1B78E3
:10C9B000032B10D9386802F039F8C02101F052FB7E
:10C9C00020BB336883F880003BF0B5FD2846BDE806
:10C9D000F047FFF717BA0421022031F03BF838B9CD
:10C9E000EFF3108272B6A3690133A36182F310885A
:10C9F0003368002283F88020E6E700F02DFD014631
:10CA000000289CD1BDE8F047FFF7F0BABDE8F087F9
:10CA1000042A00200F8A0020118A0020158A002095
:10CA200010180020108A0020C1060500002A0020EE
:10CA3000E02900200D8A002030B51A4B1A78052A0B
:10CA400087B004D01B78042B01D03BF02FFC164D8F
:10CA50002B685A7812070AD42C68204600F00CFC88
:10CA6000F0B1204607B0BDE830403BF002BD1C7875
:10CA70003FF0B8FD013424018442EDD901F076FB8A
:10CA80003BF059FD1822002168463AF08AFD2868DB
:10CA9000694601F0D7FF28686A4604213BF001FD92
:10CAA00007B030BD108A0020FC29002070B5164B5D
:10CAB0001B78032B01D03BF0F9FB144D2B685A78FF
:10CAC000120707D428683BF07AFD2868BDE870405B
:10CAD000FCF7ECBA1C783FF085FD01342401844258
:10CAE000F0D90B4C266801F041FB2368286800222E
:10CAF00083F8802005213BF05DFD3BF01CFD3046B6
:10CB0000BDE87040FFF77EB9108A0020002A00209F
:10CB1000042A002010B5094B1B78032B01D03BF0F1
:10CB2000C5FB074B1C68002384F880303BF003FDF5
:10CB30002046BDE81040FFF765B900BF108A00200D
:10CB4000042A002070B53BF0D3FC02460B46EFF3FD
:10CB5000108172B6224EC6E90E2381F31088214C53
:10CB60002148217811F0080F10D06FF304112170C3
:10CB7000016809784901D431541A63F10005EFF3D3
:10CB8000108372B6C6E90C4583F3108800683BF049
:10CB900097FC0446D0B10620FFF748F9FFF7DEF80E
:10CBA0000446FFF7E5F801F02BF801F003FE31F041
:10CBB0000DF901F005F994B900F012FD0B4B186066
:10CBC000FFF7D6F8BDE8704001F01AB83BF0B3FCAF
:10CBD000224621462046BDE87040FFF7D9B970BD16
:10CBE000101800200F8A0020FC290020042A0020B1
:10CBF000F0B54B4E4B4D30682C688DB0002838D0C6
:10CC0000BCB3637803F00703022B32D1837803F0BF
:10CC10003003202B32D1017801316B460322C9B297
:10CC20003BF093FE28B32178013106AB0322C9B251
:10CC300020463BF08AFEDDF818C09CF8023003F075
:10CC40003003202B15D19DF80970FF2F11D09DF8CE
:10CC50001F10009BFF290CD09DF812209DF829E0A1
:10CC600038B1D81905D0724503D161443AF067FC58
:10CC700070B10DB0BDE8F040FFF71CBA2378052B6A
:10CC8000F7D1A3789A06F4D4E278C3789A42F0D127
:10CC90003BF02EFC02460B46EFF3108172B62248A1
:10CCA000C0E9102381F310882D683068002785F8CB
:10CCB00080700178013106AB0622C9B23BF045FE17
:10CCC00058B3069A537803F00703032B25D19DF838
:10CCD0002830FF2B21D0D35C042B1ED16378DB06D8
:10CCE0001BD50220FFF7A2F839463846FFF77EF938
:10CCF0003BF0F6FB2B782B44044613F8010C3BF079
:10CD0000E3FC02B29200FF2A28BFFF22D2B22146E2
:10CD10002846FFF73DF90DB0F0BD3BF00CFCE7E70E
:10CD2000FC290020042A00201018002038B5144BDC
:10CD30001B78042B01D03BF0B9FA124B1B789B07F0
:10CD400001D43BF0B3FA3BF0D3FB0D46044601F0AF
:10CD500035FD31F03BF8EFF3108372B60A4AC2E9B1
:10CD60000A4583F31088094B1B78032B07D1042055
:10CD70003FF03AFC064B1A786FF304121A7038BD74
:10CD8000108A00200B8A002010180020098A002039
:10CD90000F8A00207FB5EFF3108172B60C4A13683A
:10CDA0000133136081F310883BF0C5FB182200218A
:10CDB00068463AF0F6FB074B6946186801F042FEF8
:10CDC00069460120FFF738F807B05DF804FB00BFA3
:10CDD00010180020FC29002037B51F4D1F4C2B7860
:10CDE0008342236838BF28707F2B16D93FF0FAFBA7
:10CDF000B0F5C07F2ED32268C009831EB3EBD21FCB
:10CE00004FEAD21096BFA2EBC3120022184622604E
:10CE100003B0BDE8304001F095BA30F097FB04460E
:10CE200020B103B0BDE83040FFF75AB900F048FB2D
:10CE30003BF085FC3BF07FFB28788DF804403BF00D
:10CE400054FC8DF8040000F0C9FA01A83BF02EFE56
:10CE500000F05AFA03B030BD168A0020F8290020ED
:10CE6000084A094808B500231370084A1370084A95
:10CE700013703FF0DFFB3BF05BFCBDE808403BF08C
:10CE8000AABD00BF108A0020E81700200E8A0020EB
:10CE90000A8A002038B505463BF092FB044668B18B
:10CEA000074B1A7842B11B78012B05D0012211469D
:10CEB0002846FFF71DFA044600F0FCF9204638BD6D
:10CEC000108A00202DE9F04106460F461546984687
:10CED0003BF076FB0446C8B10E4B1A78022A0DD0FF
:10CEE0001B78032B0AD0FFF719F8044630B1069BD4
:10CEF000424639463046FFF711FA04460DB1204646
:10CF0000A84700F0D7F92046BDE8F081002DFAD0FF
:10CF1000A847F8E7108A00202DE9F047089F8146CE
:10CF2000884616461C463BF0FBFA054600286DD0A5
:10CF3000384A214630463BF037FB002852D00122C8
:10CF400041464846FFF786F900284AD0204601F0BE
:10CF500055FD304A214630463BF028FB00283ED0A4
:10CF600000F018FBDFF8C4A094F805908AF80000E0
:10CF70003FF07FFB40B100F00DFB03283FD039D8D4
:10CF80000138C0B2012837D84FEA49095FFA89F958
:10CF9000214B224A83F800909AF80030D91E4B4268
:10CFA0004B41117863F3041111706079C0F10500F1
:10CFB000C0B2FEF73BFF1A4B62881E60194B1A8005
:10CFC000194B22791A706279E2B9A8F10503594226
:10CFD00059413046FEF74EFFA3791BB110B93BF023
:10CFE000AAFA00250FB12846B84700F063F9284691
:10CFF000BDE8F0870428C7D03BF058F9C4E74FF0EC
:10D000000209C5E7E279531CDAB2DEE7002FEED061
:10D01000B847ECE7A38404000B8A00200F8A0020A5
:10D02000FC290020138A0020128A0020098A00208F
:10D0300030B587B004463BF073FA054618B3174B7A
:10D040001B78062B1DD1164B22681B689A4218D1FB
:10D0500000F012FA0246C8B904210120FFF748F98E
:10D0600008B93BF023F91822002168463AF099FAF2
:10D070002068694601F0E6FC20686A4605213BF01D
:10D080000CFD00F017F9284607B030BD6FF0010322
:10D09000002204210120FFF741F9E1E7108A002076
:10D0A000FC29002070B506460D463BF039FA0446CF
:10D0B000A8B1012211463046FFF7CCF8044660B112
:10D0C000084B802D38BF80251D60074B00220720AC
:10D0D0001A70FEF7ABFEFFF703F800F0EBF82046FE
:10D0E00070BD00BFF8290020168A002010B5044644
:10D0F0003BF016FA012384F8803068B1074B1B78A7
:10D1000043B100F069FD28B1054B1C60FEF730FE0D
:10D1100000F076FD00F0CEF8012010BD0E8A002050
:10D12000042A002038B505463BF0FAF90446B0B1B0
:10D130000C4B1B781BB100F0C3F93BF000FB0A4B12
:10D140001B78022B09D1012229461046FFF782F8ED
:10D1500018B100210846FEF749FF00F0ABF8204661
:10D1600038BD00BF0E8A0020108A002010B53BF0A9
:10D17000D7F9044630B1044B1B780BB13BF0E1FA10
:10D1800000F098F8204610BD0E8A002010B53BF044
:10D19000C7F9044668B1094B1B7803F0FF0433B1AB
:10D1A000074B1B78022B06D100F048FE044600F026
:10D1B00081F8204610BD0024F9E700BF0E8A002048
:10D1C000108A002038B5054600F062FE10B9002430
:10D1D000204638BD3BF0A4F90028F8D0094B1B7855
:10D1E0001BB9002400F066F8F2E700F051FE0028B9
:10D1F000F7D000F05BFE04460028FAD03BF070F94F
:10D200002870EFE70E8A002010B53BF089F904463C
:10D2100030B1044B1B780BB100F090FC00F04AF8E1
:10D22000204610BD0E8A0020F8B5084F05460E4670
:10D23000002457F8043B33B131462846984718B1CB
:10D240000134042CF5D10120F8BD00BF04F0040026
:10D25000F8B5084F05460E46002457F8043B33B195
:10D2600031462846984718B10134032CF5D10120E6
:10D27000F8BD00BFF8EF040070B5074E0546002466
:10D2800056F8043B2BB12846984718B10134032CBB
:10D29000F6D1012070BD00BFECEF0400034B00226B
:10D2A0001A70034BFF221A70704700BF188A0020C3
:10D2B000178A002070B5134EEFF3108572B63378DD
:10D2C00003F0FF0433B93AF0F1FFFF24347085F323
:10D2D000108870BD013C14F0FF04F7D130F042FC1F
:10D2E00020B185F3108830F02DFCE5E701210846D8
:10D2F00030F0B0FB10B101203AF0CCFFFEF75EFB3E
:10D30000E4E700BF188A002010B5074C23781B06FD
:10D3100001D53AF0CBFF054B1B780BB93AF0C6FFAD
:10D32000FF23237010BD00BF178A0020188A002039
:10D3300010B5104B5C68C4F30804BCB1E4B2A4F1AE
:10D340001002D3B252B2511D06DA3AF0AFFF0A4BC7
:10D3500004F00F04185D07E0002AF8DB03F16043D6
:10D3600003F5614393F80003400910BD4FF0FF300F
:10D37000FBE700BF00ED00E014ED00E038B5044627
:10D38000FFF7D6FF431C08BF7F20EFF3108572B66E
:10D39000104A3CB913782BB10F4B197843B249B2FC
:10D3A000994206D114780134E4B2012C147004D0EF
:10D3B000012485F31088204638BDFEF7E3FA2146A4
:10D3C000204630F047FB0028F2D020463AF064FFB8
:10D3D000EEE700BF188A0020178A002010B5094C1C
:10D3E0002378FF2B01D03AF061FF074B1B780BB974
:10D3F0003AF05CFFFFF79CFF431C08BF7F2040B260
:10D40000207010BD178A0020188A002010B5114C1A
:10D410005A23637401230222FF21E018A3743AF017
:10D42000C0F8FE23E3700822FF230021601D237152
:10D430003AF0B7F8002363732D230322A373E37339
:10D4400002232374E2740423627505222375A275F6
:10D45000E37510BD198A0020024B587C00F00100D2
:10D46000704700BF198A0020024B5A7C60F300020B
:10D470005A747047198A0020014B987C704700BF8E
:10D48000198A0020014B9874704700BF198A002048
:10D49000024B587CC0F34000704700BF198A00203F
:10D4A000024B587CC0F38000704700BF198A0020EF
:10D4B000024B5A7C60F382025A747047198A00202A
:10D4C000014B587CC0087047198A0020024B5A7CD7
:10D4D00060F3C7025A747047198A0020014B93F910
:10D4E00000007047198A0020014B1870704700BF78
:10D4F000198A0020004870471A8A0020014602223B
:10D5000001483AF043B800BF1A8A0020004870472B
:10D510001E8A00200146082201483AF037B800BFB1
:10D520001E8A0020004870471C8A00200146022203
:10D5300001483AF02BB800BF1C8A00200378012B69
:10D5400001460BD004D9023B012B0ED93AF0AEBEF6
:10D55000084B00225A7342789A737047054A5373F6
:10D560008378D373C37813747047034804223AF066
:10D570000DB800BF198A0020268A00200149042224
:10D580003AF004B8268A0020014BD87C704700BFCF
:10D59000198A0020014B187D704700BF198A0020AE
:10D5A000014B587D704700BF198A0020014B987DC0
:10D5B000704700BF198A0020014BD87D704700BF1B
:10D5C000198A0020054A002301210133102B82F81B
:10D5D000801002F18102F8D1704700BF318A00202B
:10D5E000074A0023114692F8800018B103EBC313D9
:10D5F000C81870470133102B02F18102F3D1704734
:10D60000318A002010B5074C23784BB9064A012116
:10D6100017203AF033FE17203AF03CFE0123237026
:10D6200010BD00BF41920020F786040008B5F2F754
:10D630002BFE064B01221A61D3F8002222F48072DD
:10D64000C3F80022BDE8084001F0A8B900800040FE
:10D6500010B5094CD4F8003223F48073C4F80032BA
:10D6600008B1F2F711FEF2F709FE01F097F93BF06D
:10D6700072F80123236110BD0080004010B5094CF1
:10D6800020783BF04AF82078FFF7E2FF064A074B84
:10D69000C2F808330023C2F80032054A13715370F0
:10D6A00010BD00BF43920020001000401300060888
:10D6B00044920020074BD3F8502502F0F702042AC9
:10D6C00006D00022C3F81021D3F8102101221A61DC
:10D6D000704700BF0010004010B50021094C042025
:10D6E00001F0D8F80023C4F80032FFF79FFF4FF491
:10D6F000C023C4F8083301232363BDE81040FFF7BB
:10D70000D9BF00BF0010004008B50021042001F07F
:10D71000C1F8FFF78BFF074B4FF40042C3F8082313
:10D720000022C3F8002201229A62BDE80840FFF7F8
:10D73000C1BF00BF0010004008B501F0E7F830B9E4
:10D74000034B01221A61C3F81001D3F8103108BD50
:10D750000010004008B508480021F2F789FD50B9D3
:10D76000064AD2F8003243F48073C2F80032BDE8B2
:10D77000084001F001B908BD50F0040000800040ED
:10D7800013B501A8FFF7FAFE9DF805009DF80440C7
:10D790003AF0A9FF9DF807309DF806201B0643EAE2
:10D7A00002432343034A43EA0023C2F86C3602B023
:10D7B00010BD00BF0010004010B500EB80040B3816
:10D7C0000F2804F62E1428D93AF070FD40F6C41341
:10D7D0009C420AD91249134840F2CF6239F010FD39
:10D7E00040F2CF610E4839F002FD40F637139C42FB
:10D7F00008D80B490B4840F2D26239F001FD40F2E3
:10D80000D261EFE7B4F5166F07D2A4F6381444F4EA
:10D810008074054BC3F8084510BDA4F51664F8E7FD
:10D82000C30605009AF104000010004010B5184B23
:10D83000184A1B681848B3FBF2F332225343002204
:10D840009A421ED13AF032FD3AF085FF3AF05BFF82
:10D85000F2F71AFD114A1049D2F8003223F480730E
:10D86000C2F800320E4A002343F213401370C1F88D
:10D8700008030C480824C0F80843C1F8003253706C
:10D8800010BDD0F85015C9B20029DDD00132D7E75C
:10D89000D400002040420F000010004000800040F3
:10D8A000449200200070014010B500210D4C04206E
:10D8B00000F0F0FF43F20203C4F80833F2F7E4FC8F
:10D8C00001F06CF8084BD3F8002222F48072C3F800
:10D8D000002201221A61054A0023C4F80032537065
:10D8E00010BD00BF001000400080004044920020A6
:10D8F000064B074800211970064B1960064B19703A
:10D90000064B0722196039F04CBE00BF4B92002035
:10D91000449200200C2A002043920020082A002074
:10D920007FB54E4C23780BB13AF0C0FC4C4B4D4DBB
:10D9300001211961D3F8042522F00302C3F804255C
:10D94000D3F8082542F00302C3F808250422C3F8DF
:10D9500010250023C5F8FC3FC5F8FC1FF2F7BCFCFE
:10D96000A0B14FF08053D3F83003D3F83413D3F879
:10D9700038233C4B461C18BFC5F84C07481C18BF41
:10D98000C3F88415511C18BFC3F88825354D0F23E3
:10D990000021C5F810350D22684639F002FE082333
:10D9A0008DF8003002238DF805307F238DF8083084
:10D9B0009DF807309DF801205B0743EA02239DF89C
:10D9C000022043EA02439DF8032043EA02539DF8F4
:10D9D000042043EA825343F0C063012643F0080366
:10D9E0008DF80660C5F814359DF809309DF80C20B7
:10D9F0001B0243EA42639DF80A2043EA02439DF872
:10DA00000B2043EA026343F07F03C5F8183540F268
:10DA10000223C5F85066C5F83435134BC5F83835C0
:10DA20003AF095FEFFF7ACFEFFF74AFDFFF7C4FEA4
:10DA30003AF01EFD30463AF02DFCD5F800320BB11D
:10DA40003AF034FC01210948F2F730FC0320F2F7E8
:10DA500021FC0123237004B070BD00BF4B92002055
:10DA60000080004000100040211001001011004013
:10DA700010B52C4C2378002B41D02B4B0022C3F83F
:10DA8000FC2F2378013B0B2B49D8DFE803F0080873
:10DA9000060839404539484839083AF034FE3AF02A
:10DAA00057FE0120FDF712FE204B0822C3F8082381
:10DAB0000022C3F80C21D3F80C311D4BD3F80022FF
:10DAC00022F44072C3F8002201221A61A3F5E04358
:10DAD000C3F8FC2FF2F7D8FBF2F7D0FBF2F7ECFB20
:10DAE0002378012B04D00320F2F7D4FBF2F7B4FB28
:10DAF000104A00231370537053711371237010BDBB
:10DB00000021042000F0C6FE00F048FFC7E70A4BE2
:10DB100018783AF002FEF7E700F020FFBFE73AF08E
:10DB2000C5FBBCE74B920020001000400070014094
:10DB300000800040449200204392002010B5224C07
:10DB400023780BB93AF0B2FB2378033BDBB2082B06
:10DB500009D8012000FA03F340F21312134203D153
:10DB600013F02C0F28D110BD00202FF019FD012833
:10DB700007D002280DD00028F5D0BDE810403AF0BB
:10DB800095BB00202FF01AFD3EF053FC0028EAD18F
:10DB9000F3E72278072AD3B20AD006D8033B012B39
:10DBA000EBD8BDE810402FF0FBBB0B2BDBD0E4E73C
:10DBB000BDE810402FF0D8BC2FF0F2FC0028D2D0E6
:10DBC0000128DAD1DEE700BF4B920020014B187824
:10DBD000704700BF4492002008B5074B07491B78E7
:10DBE0004878032BDAB203D0052A01D008B9002007
:10DBF00008BD3AF05BFBFAE74B920020449200200C
:10DC0000134B70B50446186000B3124E7578BDB161
:10DC1000114B1B78032BDAB214D0052A14D03AF03A
:10DC200045FB0022002373700C4BC3F80445C3F876
:10DC30000022D3F85025D2B2022A01D101229A60E3
:10DC4000284670BD064AEDE7064AEBE70546F7E7CA
:10DC5000082A0020449200204B920020001000402F
:10DC600052000800120008002DE9F04798464B4B7F
:10DC70004B4C4FF0010AC3F810A04A4B1546032243
:10DC80001A704FF00009C5F34003A37084F80190A7
:10DC900084F8009084F8059084F80690064698F978
:10DCA00000000F46F6F7A5F83F4B404AC0B2C3F854
:10DCB0000C051168002961D0126884F80190C3F83E
:10DCC00004253B4AC3F800220EB93AF0EFFA364C6D
:10DCD0000023F600C4F86065C4F83431D4F8342168
:10DCE000C4F82831D4F82821C4F83031D4F83021D0
:10DCF000C4F80431012FD4F8042105BFC4F8003161
:10DD0000D4F8003143F2024443F2134415F0010009
:10DD100038D00C2000F050FE234B0022C3F86821BD
:10DD2000D3F86831234BC3F80C21D3F80C21082217
:10DD3000C3F804231C4B2048C3F804430021F2F726
:10DD400097FA164B18BBD3F8404598F80100F2F744
:10DD5000A7FA1A4B1C60FFF7F1FE104AD2F8003206
:10DD600043F48073C2F8003239460122042000F0E7
:10DD700029FD87B9BDE8F047FFF7DEBC84F801A0B4
:10DD800052229FE72FF00CFC0028C2D1D2E70124D9
:10DD9000C3F84045D9E7BDE8F08700BF00800040E8
:10DDA000449200204B92002000100040082A0020DE
:10DDB000520008000070014050F004000C2A0020BE
:10DDC00010B5194B194905221A700868184A194BE1
:10DDD00028B3002050700A68C3F80425164AC3F817
:10DDE00000220024C3F80441D3F80421C3F83041D1
:10DDF000D3F83021C3F83441D3F8342143F202027E
:10DE0000C3F80423FFF7A6FCFFF798FE224621463D
:10DE1000042000F0D7FCBDE81040FFF78DBC0121C5
:10DE200051701222DBE700BF4B920020082A00202D
:10DE300044920020001000401200080038B5104B3A
:10DE40001B78032B1AD10F4CD4F85035023BDBB2B0
:10DE5000012B13D80C4DAB793BB90C4B4FF47070C0
:10DE600043F0010398470123AB710023C4F81C3130
:10DE70000120D4F81C316061687138BD0020FCE7D6
:10DE80004B920020001000404492002050ED04000E
:10DE9000014B5879704700BF44920020024BD3F8E1
:10DEA000480500F07F00704700100040034BD3F896
:10DEB0001C01003818BF0120704700BF001000404F
:10DEC0002DE9F84F98465B4B9DF82890DFF890A11C
:10DED000594C0E4601211961584B062119701546FF
:10DEE000574B003A18BF012200271A708AF80370B6
:10DEF000544B834698F900001D70F5F77AFF012D09
:10DF0000C0B2C4F80C05C4F804B531D94E4BC4F8FE
:10DF1000003200F095FCC4F86C71012ED4F86C311D
:10DF200005D1C4F80071D4F80031484C01E04FF03D
:10DF30000064414B002219F0020FC3F84821D3F8C6
:10DF400048111BBFC3F84421D3F8442144F4802472
:10DF500044F4C02419F0040F1ED00022C3F800219D
:10DF6000D3F80031012344F001048AF8033013E0B0
:10DF700003D1374BC4F80032CDE74FF4A013C4F8F7
:10DF80000032012EC4F86C71D4F86C3128D1C4F879
:10DF90000071D4F800312D4C274B0027C3F80471D1
:10DFA00044F00204D3F804218AF80470C3F804434F
:10DFB00098F80100F2F774F945B326492648F2F7BC
:10DFC00057F9014678B92348F2F74CF9194AD2F8C3
:10DFD000003243F48073C2F8003200F0CDFC08E058
:10DFE0004FF00064D8E71B483946F2F73BF90028A8
:10DFF000ECD0FFF7A3FD042500223146284600F0AF
:10E00000E1FBAEB9BDE8F84FFFF796BB13482946D0
:10E01000F2F728F910B1FFF791FDEDE7054AD2F8C4
:10E02000003243F48073C2F8003200F0A5FCF2E73E
:10E03000BDE8F88F00800040001000404B920020A7
:10E0400043920020429200200018140011000008A2
:10E050000038140020F0040050F0040038F00400F0
:10E06000449200202DE9F0413A4D2B78042B0746CD
:10E070000C4601D03AF01AF90FB93AF017F9072314
:10E080003F2C2B70344D04D801232B610020BDE8B8
:10E09000F081324B1E682644314CA6F13F08C5F88A
:10E0A00044854FF4A013C4F804750027C4F8003267
:10E0B000C4F85471D4F854312A4B18221846394602
:10E0C00039F06FFA173E0522394645600274C66082
:10E0D000F2F7C8F8D5F8003298BB43F48073C5F85E
:10E0E0000032FFF72BFD0023C4F86C31D4F86C210B
:10E0F000C4F80431D4F80431194C00F01DFC164B5F
:10E100000122DA64D3F84C25D3F84035904503D981
:10E11000984519D9934217D33AF01DFBD4F85035DE
:10E12000DBB2092B10D0D4F854316BB900F016FCD7
:10E13000F2F7A4F80120F2F7ADF8074B01221A61BB
:10E14000A4E743F40073CAE7074BC4F80433012083
:10E150009DE700BF4B920020008000400C2A002069
:10E1600000100040102A002012000008F8B5424CB0
:10E1700023780C2B7CD8DFE803F00D0D070E2D3132
:10E180004A60757B7B780D003C4B1022C3F8082356
:10E190000C232370F8BD3AF0B6FAF2F775F8384957
:10E1A0003648D1F80032374A23F48073C1F8003280
:10E1B00043F2134500231370C0F80853324D08266C
:10E1C000C5F80863C0F800325370FFF773FA0123F3
:10E1D0000B61DDE72A4B01221A61D9E70021274DA7
:10E1E000042000F057FB43F20203C5F80833F2F7AE
:10E1F0004BF800F0D3FB2249224AD1F8003223F435
:10E200008073C1F800320023C5F80032DCE71F4FED
:10E210001A4D387800263AF080FAC5F8006238784E
:10E22000FFF716FA1A4BC5F80833164B1E715E70CD
:10E2300001232B63FFF73EFAAAE7104D00F08EFB97
:10E240000023C5F80032F2F719F80D4BD3F800227D
:10E2500022F44072C3F8002201221A610D4BC5F866
:10E260000833E7E7FFF738FA92E7FFF74DFA8FE751
:10E27000BDE8F8403AF01AB84B9200200010004078
:10E280000080004044920020007001404392002032
:10E29000130006080200000808B50F4A1378013B76
:10E2A0000B2B07D8DFE803F00815060A060606065A
:10E2B0000606060D39F0FAFF00200BE0074B01219E
:10E2C000196102231370FFF7F5F9054B1022C3F80B
:10E2D0000423012008BD00BF4B92002000800040B5
:10E2E0000010004010B5154C2378012B04D0237882
:10E2F0000C2B01D039F0DAFF08232370104B0024D7
:10E300004FF42052C3F80022C3F84841D3F8482103
:10E31000C3F84441D3F844214FF4C022C3F8042386
:10E32000FFF718FAFFF70AFC22462146042000F006
:10E3300049FABDE81040FFF7FFB900BF4B9200203B
:10E340000010004038B5174D2B780C2B044604D034
:10E350002B78012B01D039F0A9FF013C0B23B4F538
:10E36000001F2B7001D339F0A1FF0F4BC4F314042D
:10E37000C3F864464FF400420024C3F80022C3F8F7
:10E380003C41D3F83C11C3F80423FFF7E3F9FFF74E
:10E39000D5FB22462146042000F014FABDE838409F
:10E3A000FFF7CAB94B9200200010004070B53AF058
:10E3B0000AF9994BD3F80423150714D5974AD2F8D4
:10E3C000681181B10021C2F86811D2F86821C3F840
:10E3D0000C11D3F80C31924B1B78032B01D039F080
:10E3E00065FFFEF7BFF88D4BD3F80423D40718D58B
:10E3F000D3F80021AAB10022C3F80021D3F80021EC
:10E400000122C3F8082300F02DFA854B1B78032B5B
:10E41000DAB206D0062A1ED1824BDB780BB13AF075
:10E42000ABF87E4BD3F8042390071CD5D3F8042116
:10E43000CAB10022C3F80421D3F804211022C3F882
:10E440000823774A1278033A042A5FD8DFE802F0FB
:10E45000065E494F580039F029FFE2E7714B9B787F
:10E460000BB1FEF7D5F86D4BD3F80423510521D538
:10E47000D3F82821F2B10022C3F82821D3F828319B
:10E48000674B1B78032B01D039F010FF654B634DB0
:10E4900001221A70D5F8343163B9D5F86045C4F358
:10E4A000C7042046FEF7F4F884423EBF00B2C00025
:10E4B000C5F86005594BD3F80423920432D5D3F83C
:10E4C00034217AB30022564CC3F83421D3F83431C6
:10E4D0002378032BDAB21CD0052A3AD039F0E6FEB5
:10E4E00020E0504B01225A71FEF72EF8BBE70222C2
:10E4F000C3F808234B4B01221A71FEF79DFAB2E7CD
:10E500000222C3F80823FEF7D1FAACE739F0CEFEB9
:10E51000A9E7FFF78BF9444B01221A610C23237002
:10E52000FEF772F93D4BD3F80423D60421D5D3F876
:10E530003021F2B100223A4CC3F83021D3F8303107
:10E540002378032BDAB20BD0052A29D039F0AEFE9E
:10E550000FE0FFF7A9F90C232370FEF77FF9E1E73D
:10E56000304B01225A71FFF761F904232370FEF743
:10E5700083F92A4CD4F804331D011ED5D4F86C312C
:10E58000DBB1274D0026C4F86C61D4F86C312B78D0
:10E59000062BDAB20BD0072A27D039F087FE0CE021
:10E5A000FFF782F90C232370FEF722FBE1E7FFF768
:10E5B00065F80C232B70FEF7C5FA184BD3F804232B
:10E5C000D40638D5D3F81021AAB30022144CC3F8CE
:10E5D0001021D3F8102121780329CAB22BD027D8D3
:10E5E000022A5BD039F062FE25E000F0B7F9C4F8EA
:10E5F0000062F1F743FE0C4BD3F8002222F4407284
:10E60000C3F8002201221A61084BC4F808330C2316
:10E610002B70FEF77FFAD0E7007001400010004039
:10E620004B9200204492002000800040120000081D
:10E63000063A012AD6D84B4BD3F80423900315D5BC
:10E64000D3F8442192B10022474CC3F84421D3F8B7
:10E6500044312378062BDAB22DD0082A2ED1FFF7C9
:10E660003BF80C230120237039F079FF3D4BD3F8A0
:10E67000042351034DD5D3F84821002A49D03A4C00
:10E680000025C3F84851D3F848312378062BDAB275
:10E6900017D0082A5ED039F009FE3AE01022C3F8FC
:10E6A00008230320F1F7F6FDF1F7D6FD01232370CF
:10E6B00039F052FFBFE7FEF739FBD7E739F0F6FD37
:10E6C000D4E72A4B1B780BB939F0F0FD284A1378B0
:10E6D000012B18D91378013BDBB213701378012B8F
:10E6E000DDB216D100F004F91E49224BC1F8003208
:10E6F000D1F848316BB10D63FEF7DCFF0023C1F8A0
:10E700004831D1F84831FEF7B9FF0C232370FEF7EA
:10E7100041FB144BD3F80423120417D5D3F83C2142
:10E72000A2B1114C0022C3F83C21D3F83C3123782C
:10E730000B2B01D039F0BAFD0A4BD3F86856FEF71F
:10E74000E3FF0C23E8B22370FEF746FBBDE8704000
:10E75000FEF7B0BDFEF7C0FF0C232846237039F04A
:10E76000FEFED6E7001000404B92002043920020AE
:10E77000429200200038140010B5EFF3108472B6F6
:10E78000094BD3F8042312070AD5D3F80C213AB168
:10E790000022C3F80C210120D3F80C31FCF786FFCE
:10E7A00084F3108810BD00BF00700140004870471E
:10E7B0001CF004000048704718F00400004870473F
:10E7C00014F0040010B5174B0024C3F83C41D3F8F3
:10E7D0003C31154B154CC3F8484500F1804000F51D
:10E7E0008050C3F84C051248C3F82C09BAB1114A3D
:10E7F000C3F850454FF4E070C3F854250E4A11B9E0
:10E800000E49C3F84015C3F84425074BD3F8002838
:10E8100042F08002C3F80028C3F8040510BDC020F0
:10E82000ECE700BF0070014000F001403C71014086
:10E8300004F00140008000403C7001401011004095
:10E84000064B074AC3F86025A2F58E72C3F864250B
:10E850004FF48062C3F80425704700BF00F0014008
:10E8600048110040084B0022C3F83C21D3F83C314A
:10E87000064A074BC3F8402502F5AF3202F59672FF
:10E88000C3F84425704700BF0070014010110040DC
:10E8900000F00140154BA1B9C022C3F80825C3F808
:10E8A0004815C3F84C15C3F82C19C3F84015C3F824
:10E8B00044150E4AD2F8003823F08003C2F800381D
:10E8C00070474FF4E072C3F808250022C3F84825CA
:10E8D000C3F84C25C3F82C29C3F84025C3F84425B8
:10E8E000C3F85025C3F85425E3E700BF00F001400A
:10E8F000054B4FF48062C3F808250022C3F8602559
:10E90000C3F86425704700BF00F0014008B5084B0C
:10E91000D3F85035DBB243B9064B39F01CFFD3F8BE
:10E920003C01003818BF012008BD0120FCE700BFF2
:10E930000010004000700140054B064AC3F85825FE
:10E94000054AC3F85C254FF40072C3F804257047EC
:10E9500000F001404481004000100040054B4FF49E
:10E960000072C3F808250022C3F85825C3F85C25B7
:10E97000704700BF00F00140054B064AC3F8502520
:10E98000054AC3F854254FF48072C3F80425704734
:10E9900000F001403C71014000800040054B4FF405
:10E9A0008072C3F808250022C3F85025C3F8542507
:10E9B000704700BF00F00140074B084AC3F86825C4
:10E9C00000F1804000F5B8304FF40062C3F86C05E8
:10E9D000C3F80425704700BF00F0014068110040F3
:10E9E000054B4FF40062C3F808250022C3F86825E0
:10E9F000C3F86C25704700BF00F00140074A0023B0
:10EA00001360074A1370074B18B91870064B18703B
:10EA1000704702781A704078F8E700BF282A002073
:10EA20004E9200204D9200204C920020034B1A6819
:10EA3000034B002A18BF1846704700BF282A002041
:10EA40004F92002038B504460D4609B939F02EFC26
:10EA50000E4A0F4B10780F4A1B7812682B706870A3
:10EA600092B10D490A780132D2B240B123B12046A9
:10EA7000BDE8384038F08ABD084B1A78F7E71BB17B
:10EA8000064B1B78D21AF2E738BD00BF4C9200202B
:10EA90004D920020282A00204F9200204E92002004
:10EAA00010B586B0044618220021684638F079FD7A
:10EAB000054B1B88ADF80030044B6A4618682146A8
:10EAC00039F0EBFF06B010BDD39200202C2A0020B5
:10EAD00030B589B0FCF77EFD204B1C78012505FA86
:10EAE00004F4013C04404FF4A07320220021E4B25E
:10EAF00068465C4338F055FD3DF095FD0223001952
:10EB00008DF81130164B059341F100016FF00203AF
:10EB1000CDE900010693FEF73DFD022817D004D889
:10EB2000A84209D039F0C2FB09E00338C0B201287D
:10EB3000F8D88DF8105002E004238DF810306846A4
:10EB40002EF0E0FE08B939F0B1FB09B030BD054B3D
:10EB50001B78002B14BF04230123EEE7D59200207D
:10EB600021EC0000D692002010B5012104466FF080
:10EB700002003DF00CFD54B9FEF71EFD044B1B785E
:10EB8000834204D3BDE810400120FFF789BF10BDC8
:10EB9000D6920020BFF35F8F084AD2E84F3FDBB226
:10EBA000834203D0BFF32F8F00207047C2E8431F7A
:10EBB000002BF2D1BFF35F8F01207047CF9200206E
:10EBC00010B501210220FFF7E5FF08B9012010BDB3
:10EBD000104C237801332370FEF7E8FC0E4A1378BB
:10EBE000984284BF01331370FEF7E6FC237883421A
:10EBF0004FF000040AD9094B214601201C60FFF7A1
:10EC0000C9FF0028E2D139F051FBDFE7FFF760FFD1
:10EC10002046DCE7D6920020D59200202C2A002046
:10EC20001FB5C31C044601D039F040FB022101206E
:10EC3000FFF7B0FF68B31A4B1C78FEF7ABFC4CB97A
:10EC4000022807D104216FF002003DF0BEFC08B994
:10EC500039F02CFB134B144A1B88ADF80830134BCA
:10EC60001B88ADF80A30124B1B788DF80C3001234D
:10EC70008DF80D300F4B009300201268ADF80E0098
:10EC800002AB032139F099FF08B9FFF799FF04B0EF
:10EC900010BD0121204604B0BDE810403DF077BC16
:10ECA000D6920020D39200202C2A0020D19200205E
:10ECB000D092002069EB000070B506460C463DF08E
:10ECC000B2FC02460B46EFF3108172B61648C0E95B
:10ECD000082381F3108801210020FFF75BFF08B9AA
:10ECE00039F0E4FA2379D3B16579104B22881E609C
:10ECF0000F4B1A800F4B00221A70FEF751FC0E4B7F
:10ED0000E17818700D4B0E4A1D70A378284643EA2F
:10ED1000012139F027FDFFF7DBFE012070BDFEF772
:10ED2000CFFB0546E1E700BF101800202C2A002089
:10ED3000D3920020D6920020D5920020D0920020BD
:10ED4000D1920020012908B501D9012008BDBFF3E7
:10ED50005F8F0A4B1A78BFF35F8F002AF5D0002827
:10ED6000F4D0BFF35F8F03221A70BFF35F8F0021CF
:10ED70006FF002003DF00BFCE7E700BFCF920020F0
:10ED800070B5124AA1F10803012B166804460D461E
:10ED90000BD8B04207D100231360BFF35F8F0C4A3A
:10EDA0001370BFF35F8F012070BD00210320FFF7B8
:10EDB000F1FE28B1B442F6D02846FFF771FEF2E723
:10EDC000B442F0D1BDE87040FFF7FABE2C2A002013
:10EDD000CF920020064A1368834207D100231360B4
:10EDE000BFF35F8F034A1370BFF35F8F012070473B
:10EDF0002C2A0020CF92002008B50246074843681D
:10EE0000C16D9A4205D18A4201D139F04FFA0348C7
:10EE100003E058308A4218BF002008BDB81800200F
:10EE200030B50C4C6368043387B0054602D039F026
:10EE30003DFA002465B918222946684638F0B1FB2E
:10EE4000A38A2069ADF800306A46072139F025FE13
:10EE500007B030BD6018002013B5184C63689842A5
:10EE600002D039F023FA002404220221204639F08E
:10EE70009BFC08B939F01AFA114B0093052122695D
:10EE800004F11403012039F098FE606801213DF07F
:10EE90007EFB60B939F00AFA01220421204639F0DC
:10EEA00083FC40B902B0BDE8104039F0FFB94FF023
:10EEB000FF336360F0E702B010BD00BF60180020B0
:10EEC00021EE000070B50F4C00254FF0FF3604F125
:10EED00010002EF0B3FE024678B961680A2039F0BE
:10EEE000CBFD08B939F0E2F9666001220421204621
:10EEF00039F05AFC08B939F0D9F9583405B170BD68
:10EF00000125E4E7B818002070B50546EFF3108638
:10EF100072B61B4839F090FB0446194839F092FB51
:10EF200086F3108824681CB9BDE8704039F0BEB97A
:10EF3000EDB1FFF7C7FF3DF076FB0B46A16BA46276
:10EF40000246891843F100050020C4E90815012193
:10EF5000C4E9102384F82C1084F8480084F8490090
:10EF600004F110002EF032FE0028DDD170BD616882
:10EF70002A46072039F080FD0028F7D1D4E700BFEA
:10EF8000382A002073B50546FFF736FF04460028EF
:10EF900043D00422022139F007FCA0B90121284600
:10EFA0003DF0F5FA08B939F081F94FF0FF336360AD
:10EFB00001220421204639F0F7FB70BB02B0BDE806
:10EFC000704039F073B9EFF3108672B6194839F012
:10EFD00042FB08B139F06AF9164839F01EFB0460AB
:10EFE000144839F020FB86F31088FEF769FA94F88C
:10EFF0005030984213D163680093012305210E4AD3
:10F00000184639F0ABFD0121064628463DF0BFFA0F
:10F0100008B939F04BF9002EC7D002B070BD1846C0
:10F02000FEF754FA052039F072FE0028E3D1FFF70D
:10F030006BFFB3E7382A002009EF000070B50D4CD4
:10F040000D490E480423082239F0C9FA01264FF071
:10F05000FF3504F11000267065603DF0EBFA04F115
:10F06000680084F85860E5653DF0E4FA044B1E70D2
:10F070005D6070BDB8180020302A0020382A0020BA
:10F08000601800202DE9F04188B080460121254814
:10F090000E9D16461F4639F0A1FB044600283FD0BE
:10F0A000AB78002B39D1B6F59B764FF00003237275
:10F0B000C4F810802B88A3822B796979E87843EA19
:10F0C000012104F1160247F1FF3739F04BFBAB7811
:10F0D00063760123A376AA79E276EA7822766FF046
:10F0E000030262604FF487718DF808308DF812309A
:10F0F0000D4B039168460421CDE90067CDE9053247
:10F10000ADF810102EF0FEFB054610B9204639F080
:10F11000B9FB284608B0BDE8F081B6F5E576C4E74E
:10F120000546F6E76018002059EE00002DE9F0438F
:10F1300089B00546DDF8408040460E4617469946A0
:10F14000FFF75AFE20B10025284609B0BDE8F0833C
:10F150001748022139F042FB04460028F3D0154B32
:10F16000036301224FF487730272C0F80480039393
:10F1700040F20113B5F59B75ADF8103007F59B779C
:10F180000D4B876380F8509046F1FF366846CDE915
:10F190000056CDE905388DF808208DF812202EF0A4
:10F1A000B1FB05460028CFD1204639F06BFBCBE7F9
:10F1B000B81800200588040085EF000010B5094C40
:10F1C000002160683DF0E3F950B14FF0FF330122B8
:10F1D00002212046636039F0E7FA10B939F066F889
:10F1E000002010BD6018002008B5064B1A78042ACC
:10F1F00003D093F85830042B02D110B1FFF762FE10
:10F20000012008BDB818002030B5134B01781A78DA
:10F21000042A08BF1C4613F8582F87B018BF0024D3
:10F220000131042A08BF1C46C9B26B4601220546BB
:10F2300039F08BFB68B164B13DF0F5F9C4E9100118
:10F240002B7884F84830009B5B78C3F3401384F834
:10F25000493007B030BD00BFB81800202DE9F34198
:10F2600003680446C8075D789E7893F800800F46CF
:10F270002FD523790BB939F019F8A8F10508B8F1A1
:10F280007A0F00F28F8005F00705052D06F0300695
:10F2900014D01ED8042D13D0302E11D0202E30D0F3
:10F2A0000ED823689B78190703F00C0211D43AB9E1
:10F2B000FEF7F6F840B93DB1032002E0002EF0D091
:10F2C000012002B0BDE8F081236893F90230002BE1
:10F2D000F6DABB0753D52379012B01D838F0E6FFC6
:10F2E0002668A2797778E579FF2A07F007070CD11D
:10F2F000FF2D2FD1FEF7D4F8002840D1002F3ED0AB
:10F30000DAE7E37CFF2BE4D1DAE7FF2D2DD035449B
:10F310001644FEF7EFF802220146304638F00FF9A6
:10F32000B0B1214B0222B3F80080ADF8048001A9EE
:10F33000304638F004F958B1002FBDD1FEF7DAF8A5
:10F3400002226946ADF8008038F0F9F80028B3D100
:10F350000DB9CFE73544647C022C08D0082C1CD0B2
:10F36000002CC7D038F0A2FFAAE70025D0E7FEF7AF
:10F37000D9F822460146284638F0E1F808B90020BD
:10F380009FE7094B1B88ADF80430224601A92846A7
:10F3900038F0D5F800288FD1F1E7FEF7B7F822460C
:10F3A0000146F4E709208CE738ED04002DE9F04729
:10F3B00004460E462779062F00F20E81DFE817F08B
:10F3C00007007D0087008D00BB00C1001301002EE7
:10F3D00078D06379022B75D922689078517800F043
:10F3E0000105C5F1040310F0200FDBB200F00C0C96
:10F3F0001DD1BCF1000F29D191787C4811F00C0F80
:10F4000018BFE371917801F00C01415CFF2959D0DC
:10F410000B44DBB26174E374917850788D06C0F3CD
:10F42000801020D43F2926D980F001013BE0BCF1B7
:10F430000C0FC1F380110ED100F0C00CBCF1C00F55
:10F4400002D181F001010BE03F28FAD9C5F1060590
:10F45000A371EBB2D0E73F28CBD8BCF1000FF0D1BD
:10F460000029F3D1C8E701F00C050C2D15D101F0EE
:10F47000C005C02DD6D191783F2988BF637292789C
:10F4800002F0C002802A14D0C02A14D0D2B913448A
:10F490002375A274012323718CE73F29EBD980F0F7
:10F4A0000101002DC0D10029E5D023720233DBB267
:10F4B000E1E70222EBE70822E9E76279E37C9A427E
:10F4C00080F08F80BE428CBF0020012087E06279EF
:10F4D000237D9A42F6D30323DDE7032EF2D9226877
:10F4E000237D51780D0702D463750423D3E7617936
:10F4F0009942E7D9A372D118D25C5D1C9006EDB297
:10F500005EBFE5720533DDB20B7813F0180FC3F35D
:10F51000C1000AD039F010FA257310B165730544A3
:10F52000EDB2A5730135A075EDB2204639F0E8F9CA
:10F530002B46E075D8E76279637D9A42C2D30523F2
:10F54000A9E7052EBED9D4F80090627999F8003069
:10F5500094F81580591C9142B4D11A06B2D499F886
:10F5600002309B0721D584F80F8099F80050013DA7
:10F57000EDB2FF2D204614BF4D44002539F0C0F9EF
:10F5800009EB080A2D1A2946504639F0A7F960B947
:10F590009AF8003003F07F0302339A44554591D323
:10F5A0000BD1A5EB09055FFA85F899F80030013B0E
:10F5B000DBB243450DD106236DE7504639F08EF995
:10F5C0000028E0D00AF10208A8EB09085FFA88F8E1
:10F5D000EBE784F81080EEE738F068FE0020BDE825
:10F5E000F087022357E70120F9E700BFF70605007F
:10F5F000044B002083F8210083F8450083F869005C
:10F60000704700BF442A00202DE9F0418846064695
:10F6100008B938F04BFEB8F1000F01D138F046FEC2
:10F62000154F00243D464146384639F0B6F978B1C9
:10F6300024235C432B1993F820308BB91C342C44C1
:10F6400054E8002F531C0DD1BFF32F8F062005E087
:10F650000134032C07F12407E5D10220BDE8F08135
:10F66000064CEDE7013244E800200028E8D1236889
:10F67000013B3360F2E700BF442A0020402A00200B
:10F68000034B00221A70BFF35F8F02482EF0D6BAE8
:10F69000D79200206819002013B5144C237843B189
:10F6A000134B01A81B68019339F0B6FA18B1002377
:10F6B000237002B010BD0F4A136803F5FA7313608C
:10F6C0000D4A934201D938F0F1FD0C48D0E90432DB
:10F6D00013F5FA7342F10002C0E904322EF076FA13
:10F6E0000028E6D038F0E2FDE3E700BFD792002023
:10F6F000B02A0020B42A002040420F0068190020E0
:10F70000064B0748D2221A60064A00231360064AB5
:10F710001370064A13603CF08DBF00BFD00000207C
:10F7200068190020B42A0020D7920020B02A0020B7
:10F7300038B5114C114D20603CF075FF23681A78E4
:10F740000F4B1B6803EB42130E4A03F5C0731360A3
:10F750001B180D4A41F10001C2E904310B4B15623F
:10F760000124104614771C702EF030FA08B138F0DE
:10F770009DFD012038BD00BFB02A002099F6000091
:10F78000D0000020B42A002068190020D792002061
:10F7900008B5054B1B7823B1042902D010B1FFF73F
:10F7A0006FFF012008BD00BFD792002008B5064BAF
:10F7B0001B68834204D0054B1B780BB138F076FDF3
:10F7C000BDE80840FFF75CBFB02A0020D7920020B8
:10F7D00008B5044B1B780BB938F068FDBDE808404C
:10F7E000FFF74EBFD792002008B5064B1B68834237
:10F7F00004D0054B1B780BB138F058FDFFF740FFE4
:10F80000012008BDB02A0020D79200202DE9F8433E
:10F81000894632B1012A16D038F048FD0020BDE8F3
:10F82000F883244AD3B9D2F8A47002240132002507
:10F83000BC462E46B44516DA6B1CB34208BF3546AB
:10F84000C9F80050EAE71C4A1BB9D2F8C0710B2472
:10F85000EDE7D2F8C4711124B032E8E7D2F8A8700D
:10F8600008242132E3E7ACEB060506EB6505AF4261
:10F87000E2D905FB04FE02EB0E087BB152F80EE064
:10F8800001688E4510D812D3D8F804E0416871455C
:10F890000AD30CD8C9F800500120C0E7B0F80080A6
:10F8A00032F80EE0F045F3E705F1FF3CC2E76E1CCD
:10F8B000C0E700BF802C0020B82A002010B5094CFA
:10F8C000AC220021204637F06CFE4FF4E47206486B
:10F8D000002137F066FE01232370044B00221A70CA
:10F8E00010BD00BF802C0020B82A0020D892002034
:10F8F000014B1870704700BF802C00202DE9F04F9D
:10F9000085B0984600230D4603930B4603A99DF846
:10F91000387001909246FFF779FF78BB0399BAF1EE
:10F92000000F09D0BAF1010F3CD0019038F0BEFCB5
:10F93000019805B0BDE8F08F002D39D0274C08267E
:10F9400004F18709D9F80020102AF2D001FB0660E3
:10F95000831B04EB030B521A72435946204437F0C1
:10F96000FEFD002D019914BF08220222584637F0EF
:10F970000DFED9F800300133C9F80030BAF1010F9B
:10F980000ED1039C164EEDB104EB041404F1B80043
:10F990003A464146304437F0F9FD321982F8C070DA
:10F9A0000120C6E74DB90E4C0B2604F5E079C9E7F6
:10F9B0000C4C022604F1A309C4E70B4C112604F5F4
:10F9C0008A79BFE70B235C43A01C304426443A46A7
:10F9D000414637F0DBFDB772E2E700BFA12C002003
:10F9E000B82A0020812C0020682B002073B500234A
:10F9F00001930C460B4601A91546FFF707FF064683
:10FA000028B1019A3DB1012D1BD038F04FFC0026E2
:10FA1000304602B070BDD4B1124B082503F1870403
:10FA200021680029F3D005FB02F0891A4A1E291823
:10FA3000194418446A4337F092FD2368013B236060
:10FA4000E6E74CB9084B0B2503F5E074E8E7074BF4
:10FA5000022503F1A304E3E7054B112503F58A749E
:10FA6000DEE700BFA12C0020B82A0020812C002056
:10FA7000682B002011B1012908D07047084B10B144
:10FA8000C3F8A8107047C3F8A4007047054B18B11D
:10FA90000022C3F8C4217047C3F8C001704700BFFB
:10FAA000802C0020B82A0020022802D8024B1870AF
:10FAB000704738F0FBBB00BFD892002013B5234A33
:10FAC0001278012A034618D0022A3DD0002A37D1E5
:10FAD000407AFF2838D01E490978002934D01C68A4
:10FAE000A37803F0C003A3F1C0014B424B41204473
:10FAF00001A9FFF78BFE02B010BD1549087818B3B5
:10FB00001A685C7A5178FF2C01F0070114BFA41821
:10FB10000024032916D11B7CFF2B13D0D35C042BAC
:10FB200010D1937803F0C003802BE4D100231A4650
:10FB300001A92046FFF76AFE80F00100C0B2DAE7B3
:10FB400038F0B4FB0020D6E70120D4E7D89200209B
:10FB5000802C002073B50E461546D0B10B4601220D
:10FB600001A9FFF753FE98B1019C0B484EB104EB7D
:10FB700004140319B83493F8C0302B70204402B039
:10FB800070BD0B235C43031902349B7A2B70F5E79D
:10FB900028700020F3E700BFB82A002008B5FFF75F
:10FBA0008DFF20B1024A537843F01003537008BD13
:10FBB000DA92002010B50A4C80220021204637F04E
:10FBC000F0FC0022074B1146204638F0BEFE064AE4
:10FBD00000231360054A1370054A137010BD00BF5F
:10FBE000DA920020302D00202C2D0020D992002008
:10FBF0005A9300202DE9F04FDFF8348298F8003056
:10FC000087B00446032B00F20582DFE813F00400FE
:10FC10000B0007000602022388F80030804D267989
:10FC20002B791EB9002007B0BDE8F08F002B49D119
:10FC30007C4F7B7843F002027A702268527810077A
:10FC400044BF43F00A037B7023685B78590642BFC8
:10FC50007B7843F040037B7023689B78DA0742BFD0
:10FC6000BB7843F00103BB7023689A78BB7802F03D
:10FC7000C002C02A21D143F00C03BB70BB78052E13
:10FC800043F02003BB7002D92046FFF787FF397885
:10FC900063488B1C03310122C9B23B7038F075FEFA
:10FCA00008B938F003FB022EBCD923685D4F9A785F
:10FCB00012F0010F16D0002317E0802ADED143F0A6
:10FCC0000803DAE7022EADD9022BEED9042EA9D90A
:10FCD000042B60D9062EA5D12046FFF75FFF5148BF
:10FCE000032384E1DB78FB7001233A78A07994F850
:10FCF00009C01344AA793B70FF2A1CBF2B6803EB91
:10FD0000020BEA79A37C009308BF4FF0000BFF2A97
:10FD10001CBF296801EB0209217A08BF4FF00009D6
:10FD2000FF2916BF226800225218FF2816BF21683B
:10FD300000210918BCF1FF0F32D1BBF1000F5BD1DC
:10FD40003A780BEB02033B70637A374AFF2B1CBFF8
:10FD50002068C0182368997801F0C001A1F1C00C97
:10FD600008BF0020DCF1000141EB0C01FFF7F2FEBF
:10FD70002E4B186018B1BB7843F00203BB70397882
:10FD8000274801310322C9B238F0FFFD002843D0D3
:10FD9000042E7FF647AF297DFF294BD100217BE060
:10FDA000206800EB0C0ABBF1000F27D1B9F1000F5E
:10FDB000C6D0BAF1000FC3D0226891782A68927831
:10FDC00001F0C00102F00C02A1F1C00EDEF1000151
:10FDD000A2F10C0341EB0E015A425A41914201D06B
:10FDE00038F064FA009A5146484637F0CFFB009B42
:10FDF0005B445FFA83FBA3E74FF0000A52B911B9E5
:10FE0000FDF778FB01465846022237F0BFFB4FF062
:10FE1000020BCBE71146F6E738F048FAB8E700BF27
:10FE2000302D0020DA920020D99200202C2D0020C5
:10FE30005A930020A37A2A68FF2B02EB010AADD067
:10FE40002068C718BAF1000FA8D0002F00F0DE809C
:10FE5000C35C5354013172480422C9B238F095FD95
:10FE600008B938F023FAA37AFF2B03D02168CA5CC3
:10FE7000520774D194F81590A9EB03095FFA89F938
:10FE800009F1FF32791CD2B20AF1010037F07EFB92
:10FE9000EB7D99445FFA89F1624F61483B781944E0
:10FEA000C9B2397001310522C9B238F06EFD08B906
:10FEB00038F0FCF9DFF870A16B7D2868DAF80010E3
:10FEC000DFF868B100EB030969B19BF80020B9F1D4
:10FED000000F05D1CDE9001238F0E8F9DDE9001294
:10FEE000484637F053FB3B789BF80090DAF8001057
:10FEF0004B443B7011B3D5F800A09AF80130C3F31E
:10FF0000C0011B071AD5AB7AFF2B00F081801AF8CD
:10FF1000031011F0070111D06D7D4FF47E530222C2
:10FF200004A903A8ADF8103037F030FB09EB050049
:10FF300003A90222504437F029FB02213B783848BC
:10FF400002331944C9B2397001310622C9B238F0FE
:10FF50001CFD00287FF4BEAE38F0A8F9BAE6237B7A
:10FF60002A7BFF2B14BFC9180021FF2AAB7A20D1AE
:10FF7000FF2B24D000202A68D75CC7F3C1077B1E63
:10FF8000022B1AD8BF00033FFFB218B111B13A4695
:10FF900037F0FCFA95F80B900137B9F1FF0FFFB27B
:10FFA00003D02B6813EB09090BD1EB7D3B44D9B28D
:10FFB00072E72868FF2B1044DDD10027E5E7002712
:10FFC000E8E7AA7AFF2A16BF9A5C0022C2F3C102B0
:10FFD0008DF810202A7BFF2A14BF9B18002304A948
:10FFE00002A80593FFF710FB20B10020012388F839
:10FFF000003018E6029B039303A90422484637F019
:020000040001F9
:10000000C5FAEB7D0433F918C9B245E7394643E731
:10001000002193E738F04AF904E6024803E600BFFE
:10002000302D0020DA9200202C2D0020D9920020C3
:1000300007B5074B186800909B880648ADF8043058
:100040000622694637F0A2FA03B05DF804FB00BF50
:100050003AED04005B93002010B50279052A0FD910
:1000600003689A78D2070BD4064CDB78E370FFF76D
:1000700025FD00280CBF022312236370204610BD0B
:100080000020FCE75B93002038B50446EFF31083B3
:100090000B4D2B6072B60B4838F0DDFA08B138F022
:1000A00005F9084838F0B9FA0470064838F0BBFA88
:1000B000054B01221A602B6883F3108838BD00BFFE
:1000C000482D00204C2D002000700140F8B50D4C4B
:1000D00007460E4620461521154638F0A9FCFF2894
:1000E00003464FF000000CD0282202FB034460704E
:1000F00063F07F00C0B2A76026736573FFF7C4FF8B
:100100000120F8BD301A0020F8B5114B114C002A1F
:1001100018BF1C460D46064614BF04211521204673
:1001200014BF0027802738F083FCFF280ED003B2CD
:1001300003EB830304EBC30338430124C0B25C70B8
:100140001E72DD60FFF7A0FF2046F8BD0020FCE72F
:1001500090190020301A0020F8B5104C07460D46C3
:100160002046152138F064FCFF28064613D02823CA
:1001700003FB004402236370A7600FCD10340FC44B
:1001800095E8030084E8030066F07F00C0B2FFF743
:100190007BFF0120F8BD0020FCE700BF301A0020E3
:1001A0002DE9F041114C80460F4620461521154699
:1001B00038F03EFCFF28064616D0282303FB0044F7
:1001C00003236370C4F8088027730FCD10340FC465
:1001D00095E8030084E8030066F07F00C0B2FFF7F3
:1001E00053FF0120BDE8F0810020FBE7301A00201A
:1001F00038B50C4C05461521204638F019FCFF286F
:100200000DD0282303FB00440423637060F07F00BB
:100210002B782372C0B2FFF737FF012038BD0020D2
:10022000FCE700BF301A002038B50B4C05461521FD
:10023000204638F0FDFBFF280CD0282303FB0044A8
:1002400060F07F000523C0B263702572FFF71CFFCA
:10025000012038BD0020FCE7301A002038B50B4CD7
:1002600005461521204638F0E3FBFF280CD0282353
:1002700003FB004460F07F000623C0B26370257268
:10028000FFF702FF012038BD0020FCE7301A0020F4
:1002900038B50B4C05461521204638F0C9FBFF2820
:1002A0000CD0282303FB004460F07F000723C0B27A
:1002B00063702572FFF7E8FE012038BD0020FCE7DF
:1002C000301A002008B51A2201230649064838F0E2
:1002D00086F9064B0122C3F80423BDE80840FDF768
:1002E00091B900BF619300204C2D002000700140A7
:1002F000F8B52E4BD3F800215AB10022C3F80021E3
:10030000D3F800312A4D2B4E2B4FAA79EB799A4224
:1003100000D1F8BD284638F08FF9047814F0800F2A
:1003200004F07F0404EB840414BF07EBC40406EB61
:10033000C4046378072B36D8DFE803F00412171DD6
:1003400024292D31627B94F90C10A06838F09AF8BA
:10035000284638F077F9BFF35F8F00232370D4E786
:10036000E168207A38F090F8F2E7A06804F1100113
:1003700038F08CF8ECE7217BA06804F1100238F02B
:1003800087F8E5E704F1080038F078F8E0E7207A2C
:1003900038F076F8DCE7207A38F06CF8D8E7207A85
:1003A00038F06AF8D4E737F081FFD1E700700140F8
:1003B0004C2D002090190020301A002008B5EFF3D2
:1003C0001082074B1A6072B6064838F044F908B13B
:1003D00037F06CFFBDE80840024838F01EB900BF96
:1003E000542D0020582D002008B5054838F01BF981
:1003F000044B01229A60044B1B6883F3108808BDEC
:10040000582D002000700140542D002008B54022D6
:1004100020230649064838F0E2F8064B0422C3F8C8
:100420000423BDE80840FDF7EDB800BF781D0020AB
:10043000582D00200070014073B5484BD3F80821B7
:100440004AB10022C3F80821D3F80831444DAA79F3
:10045000EB799A4201D102B070BD284638F0ECF831
:1004600003780446122B76D8DFE803F00A131D2721
:100470002C327575373C41464A4F535C606A6F00B9
:10048000C668007AFCF706FD3070284638F0DAF8C6
:10049000DDE722694669837B417B007B0092A2688D
:1004A000FCF710FDF0E7A3688669417B007B0093B1
:1004B000D4E90423FCF730FDE6E7D0E90206FCF7B7
:1004C000B7FDE1E7D0E90361007AFCF7EBFDDBE77C
:1004D000C668007A38F052F8D6E7D0E90206FCF791
:1004E00005FED1E7C668007AFCF71CFECCE78468FD
:1004F000FCF73CFE2070C8E78468FCF747FEF9E78C
:10050000D0E90206FCF75EFEBEE78468FCF77CFEDD
:10051000F0E7D0E906360093D0E904238068FEF7BF
:10052000B1FDB1E78468FEF749FEE3E78269C66979
:10053000037D00920269D0E90201FEF7F7FDA3E70F
:10054000D0E9020638F0ACF99EE7D0E903168068DE
:10055000FEF7B2FB98E737F0A9FE96E7007001407E
:10056000582D0020024AD2F80034002BFBD07047EF
:1005700000E0014010B54FF08053D3F830210D2A30
:1005800055D14FF080410022C1F80C21C1F8102153
:10059000C1F838254B4AD3F80404C2F82005D3F833
:1005A0000804C2F82405D3F80C04C2F82805D3F8CF
:1005B0001004C2F82C05D3F81404C2F83005D3F89F
:1005C0001804C2F83405D3F81C04C2F84005D3F867
:1005D0002004C2F84405D3F82404C2F84805D3F82F
:1005E0002804C2F84C05D3F82C04C2F85005D3F8FF
:1005F0003004C2F85405D3F83404C2F86005D3F8C7
:100600003804C2F86405D3F83C04C2F86805D3F88E
:100610004004C2F86C05D3F84434C2F87035D1F800
:100620000034DB0744BF6FF00103C1F80034264AF1
:10063000D2F8883043F47003C2F88830BFF34F8F8C
:10064000BFF36F8F4FF08053D3F830210D2A0AD1BA
:10065000D3F834313BB14FF01023D3F808224FF0D8
:100660008043C3F858254FF01023D3F80022002A06
:1006700003DBD3F80432002B22DA144901234FF0B4
:100680001020C1F804351224FFF76CFFC0F80042B7
:10069000FFF768FFC0F80442FFF764FF0023C1F8CA
:1006A0000435FFF75FFFBFF34F8F0749084BCA6858
:1006B00002F4E0621343CB60BFF34F8F00BFFDE74E
:1006C00010BD00BF00C0004000ED00E000E00140B0
:1006D0000400FA0530B50468CCB1BFF35B8FB4FAFF
:1006E00084F3C3F11F03DBB201229A4024EA020221
:1006F00050E8005FA54204D140E8002CBCF1000F97
:10070000F6D1BFF35B8FE6D102480B7030BD0248D3
:10071000FCE700BF0000AD0B0200AD0B10B5036895
:10072000CB40DB0714D401238B400268BFF35B8FFF
:1007300043EA020150E8004F944204D140E8001C13
:10074000BCF1000FF6D1BFF35B8FEED1014810BDB5
:100750000148FCE70000AD0B0400AD0B014BC3F8F2
:100760000405704700F00140024BA23043F83010FE
:10077000704700BF00F00140024BA230002243F856
:100780003020704700F00140034A430900F01F0089
:10079000D35C1844C0B270477707050008B50268FB
:1007A0000146104638F043FB50B91049104840F25A
:1007B000693236F025FD40F269310C4836F017FDFC
:1007C00002F01F0352090B600AD0012A0BD007491F
:1007D000074840F2723236F013FD40F27231ECE716
:1007E0004FF0A04008BD0348FCE700BFEEFC04004A
:1007F0009AF1040000030050072808B50AD90749F8
:10080000074840F2AA3236F0FBFC044840F2AA3115
:1008100036F0EDFC800000F5807008BD040705008F
:100820009AF1040070B50546FFF7AEFF0C4C083096
:100830000E4634F81030DA0508D5C3F3432304EB31
:10084000C302284654F8333052689847A3682BB146
:10085000E26831462846BDE87040184770BD00BFC9
:10086000D800002008B5FFF78FFF034B083033F89E
:100870001000400B08BD00BFD800002008B5FFF7EE
:1008800083FF034B083033F81000C0F3400008BD6D
:10089000D800002008B5FFF777FF044B083033F885
:1008A000100010F01C0018BF012008BDD800002067
:1008B00008B5FFF769FF034B083033F81000C0F3A9
:1008C000401008BDD8000020034611F0010010B50B
:1008D000CCB20DD1A207C4F3400012D5094AD2F818
:1008E00020055860C2F82005003818BF012008E034
:1008F0004FF0A041D1F820251A60C1F82025002A28
:10090000E8D010BD0003005010B5FFF73DFF184AB6
:10091000083032F81030D9051DD5C3F3432123F434
:10092000F85322F8103002F10E04002034F8023F90
:1009300013F4807F03D0C3F3432399420BD00130DB
:100940002A28F3D100230B4842F83130FFF7E6FEA6
:10095000094B984200D110BD084909484FF4DC7298
:1009600036F04EFC05484FF4DC7136F040FC00BF19
:10097000D8000020440100200000AD0B390705001D
:100980009AF104002DE9F843002407460E46254657
:100990004FF00108A146B5420DD1124BD3F87C218E
:1009A00032B10022C3F87C21D3F87C3144F00044FA
:1009B0002046BDE8F883E8B2FFF71EFFA0F580727D
:1009C000920808FA02F2174209D000F1804303F5B9
:1009D000C043196819B1C3F800901B68144301356E
:1009E000D9E700BF00600040F7B506460846FFF7AC
:1009F000CBFE194F00F108050C4637F81530DB0720
:100A000027D5304638F08CFA2046FFF751FF40B129
:100A10002046FFF727FF316800F5A270002341F858
:100A200020302046FFF770FF002301A827F815307B
:100A30000194FFF7B3FE019B00EB8300074BD0F856
:100A40000027134043F00203C0F80037044803B006
:100A5000F0BD0448FBE700BFD8000020F0F8FCFF21
:100A60000000AD0B0400AD0B2DE9FF41164680469A
:100A70000846FFF789FE37680D460446E7B1084689
:100A800038F043FA08BBCDE900008DF80E008DF870
:100A90000F003B460DF10F020DF10E01284638F014
:100AA000D8F9474A04F1080132F8113023F0020363
:100AB00043F0010322F81130736863B328461F78AE
:100AC0005968FFF7DBFE10B1D1B13E4826E03C4A41
:100AD00004F1080032F8103023F02003DB04DB0CB3
:100AE00022F8103061B1032FEFD87168496891F88E
:100AF00000C0D8F80010A7B90CF5A27C41F82C7002
:100B00002F4A04F1080132F8113023F01C0343EAA4
:100B1000870322F81130B3684BBB2B4804B0BDE803
:100B2000F08101EB8C0143EA4C33D1F810E52EF053
:100B3000030EC1F810E5D8F8001001EB8C0E43F05D
:100B40002003DEF8101522F8103021F44F3121F483
:100B50004071CEF810152902DEF8108501F47C51A1
:100B600041EA074141EA0801CEF81015C8E7D3E988
:100B700000672846FFF7C8FE002ECED0104DD5E9FD
:100B80000023964203D19F4201D1002209E00F4881
:100B90000DF10F01FFF79EFD0B4B9842BED19DF862
:100BA0000F2045F8326005EBC20308345F6035F86A
:100BB000143043EA422343F4807325F81430ACE741
:100BC000D80000200400AD0B0000AD0B4401002054
:100BD0002DE9FF410C468046204611461E46FFF790
:100BE000D3FD054621B32046FFF748FE18B920463D
:100BF000FFF75EFE10BB2046FFF74CFE10B14B78AE
:100C0000012B1BD001238DF80F300023CDE90013F9
:100C10004A1C8B1C20460DF10F0138F01AF9274AA7
:100C200005F1080132F8113043F0030322F81130C6
:100C3000002E41D02046FFF721FE18B9204804B00D
:100C4000BDE8F08196F800C0D8F800301B4F0CF5D5
:100C5000A272002143F8221005F1080237F81210A1
:100C600021F02001C904C90C27F8121075781DB3B2
:100C7000D8F80000B67800EB8C002D04D0F81035C1
:100C800023F4991323F4F853C0F81035230203F426
:100C90007C5305F440353605D0F810E52B4306F4B7
:100CA000801641EA4C31334341F0200143EA0E0300
:100CB00027F81210C0F810350248C0E7D80000200D
:100CC0000400AD0B0000AD0B014BC3E902127047ED
:100CD000D800002010B5144652B90E490E4840F213
:100CE0000D3236F08DFA0B4840F20D3136F07FFAB6
:100CF0000846FFF7DDFD50B10846FFF745FD074BFD
:100D0000083033F8103006485B0B237010BD0548DF
:100D1000FCE700BF390705009AF10400D800002065
:100D20000000AD0B0400AD0B2DE9F041184D95F816
:100D3000744006464CBB5422214605F1100036F0A3
:100D400030FC36686F6EA046A7420FD10023C6F86C
:100D50007C3146F30730D6F87C31F5F729FF0123C3
:100D60000C4885F87430EB66BDE8F081E0B2FFF71F
:100D700043FDA0F580739B081F2B08BF46F8008039
:100D800004F1010408BF3358DEE70348ECE700BF75
:100D9000D80000200000AD0B0C00AD0B034B93F806
:100DA0007400003818BF0120704700BFD800002031
:100DB0000148FFF7B3BC00BF400100200148FFF726
:100DC00089BC00BF400100202DE9F34105460846DB
:100DD0000C461646FFF75EFD50B93449344840F2E0
:100DE000FA3236F00DFA40F2FA31304836F0FFF9B7
:100DF0002B68D3F80423002AA4BF4FF00042C3F8A5
:100E000004230846FFF754FD18B30846FFF736FDE4
:100E10000746F0B90846FFF725FD0446FFF7ECFC4E
:100E2000D5F8008048F8007058F800302B6822B2DE
:100E300003EB8203D3F8102542F00102C3F810251A
:100E400026B12A680123A340C2F8043302B0BDE8EA
:100E5000F08146B91549164840F20E4236F0D0F9F5
:100E600040F20E41C1E72046FFF78EFC114B0830DF
:100E700033F81030C3F38203042B12D0052B12D0A9
:100E800001A80194FFF78AFC019BD0F81015D94006
:100E900001F001010231204602B0BDE8F04138F016
:100EA00025B80321F7E70221F5E700BF3907050060
:100EB0009AF10400D80000202DE9F04F694BDFF8CB
:100EC000B081D3F80403D8F86410C0B289B040F000
:100ED0000040FFF757FD051E2FDAC24600235AF8DF
:100EE000701F06A8CDE90633FFF7EEFC5E4B0193B9
:100EF0000DF118094FF0000B019A12F8013B019215
:100F0000DA0803F007031AF8022022FA03F3DA07DB
:100F10001CD409F10409BBF1000F14D0D8F86410F7
:100F20004FF00040FFF72EFDD8F8701006A8FFF72D
:100F3000CBFC0028DAD125F000450124002D79D121
:100F400009B0BDE8F08F4FF0010BD5E7474B5B448C
:100F50000293D9F800100029DBD0029B91FAA1F18D
:100F60001C78B1FA81F141EA44142046FFF70CFCE9
:100F70000830059438F81070C808BB0819F800202C
:100F8000039301F00701012303FA01F122EA0102B0
:100F900009F8002005A8FFF701FC059A039B02F55C
:100FA000E072C7F3820650F822205B073746C2F38F
:100FB000014224D539462046D6B2FFF733FC05A8B6
:100FC0000594FFF7EBFB059B03F5E07350F8233026
:100FD000C3F301439E4207D10021204637F086FF2C
:100FE0003146204637F082FF05A80594FFF7D6FB6F
:100FF000059B012202FA03F3C0F82035A9E7022A73
:101000000CD10321204637F071FF06F00503012BB8
:10101000EAD139462046FFF705FCE5E702212046E4
:10102000039237F063FF032EF3D0039A032ADBD138
:10103000022EEDE795FAA5F3B3FA83F304FA03F26F
:101040009B0003F1804303F5C04325EA0205D3F872
:101050001005D3F81015C0F30520C1F30141FFF7C7
:10106000E1FB6BE70060004087070500870705008C
:10107000D8000020044AD2F80034DB07FBD5016019
:10108000BFF35F8F704700BF00E0014008B54FF02D
:1010900080531A6959694A43904207D21A69B0FBD2
:1010A000F2F302FB130363B10D4818E00D490E483B
:1010B00040F2071236F0A4F80A4840F2071136F061
:1010C00096F80A4B0222C3F80425C3F80805D3F8A2
:1010D0000024D207FBD500220548C3F8042508BD2B
:1010E0000A00AD0B890705009AF1040000E00140F9
:1010F0000000AD0BF8B50D460121044637F038FF6E
:1011000050B91149114840F2951236F079F840F281
:1011100095110D4836F06BF814F0030708D00A4912
:101120000A484FF4CB7236F06BF84FF4CB71F0E70E
:10113000074E0123C6F8043529462046FFF79AFFDB
:10114000C6F80475F8BD00BF890705009AF10400D0
:1011500000E0014001460148FFF7BCBA5001002001
:1011600010B5144CA8220021204636F01AFA0323A9
:101170002361114A6361114BA261E3614FF4806303
:1011800023620023A3626362E36222660C4A626602
:101190001022A2662367E3666367BFF35F8F094A85
:1011A00012F8011DE1540133102BF9D1BFF35F8F09
:1011B00010BD00BF602D0020C50705008B930020E7
:1011C0007B930020DE0705002DE9F0410D4698468F
:1011D00006461746AD0012F0F7FA254C012E45EAF7
:1011E000C8158CBF0023012340F2516245EAC705B0
:1011F00045EA4305A4F8FA283423A4F8FE2800227F
:1012000084F8F73884F80029122394F8642F84F8BE
:10121000F838002E4FF06C0384F8F93842F6414359
:1012200018BF4FF43053D206A4F8FC3844BFC3F3C0
:101230000803A4F8FC38B4F8F41894F8663F84F86E
:10124000F65813F0600F21F0070118BFB4F8FC380E
:1012500041EA060101F0E70141EAC02118BF23F489
:101260005643A4F8F41818BFA4F8FC38BDE8F08180
:1012700048320020014BA3F8F7087047483200209D
:1012800030B40B4DB5F8014924F00F04204320F091
:10129000F00040EA011020F4706040EA0220C0F340
:1012A0000B0040EA0330A5F8010930BC2FF0C2BFA3
:1012B0004832002070B583798B4205460C461646AD
:1012C00003D80448BB2139F015F8043425F814601C
:1012D00070BD00BFDF07050070B5C3798B420546BE
:1012E0000C46164603D80548C92139F003F8AB79F6
:1012F0001C44043425F8146070BD00BFDF070500EE
:1013000070B5144D144E4FF400630024A5F808394D
:10131000092385F80349C5F8044985F80A3985F891
:10132000504905F60315E1B236F8022B2846013480
:10133000FFF7C0FF082CF6D1084D094E00242146C6
:10134000013415F8012B3046E4B2FFF7C5FF092C34
:10135000F5D170BD48320020DCF00400EF07050035
:101360004B3B0020054B93F8B123003A18BF0122F4
:10137000012311460220FFF727BF00BF483200209B
:10138000084B93F85029072A9FBF511C83F8501926
:1013900003EB8203C3F8300994BF00206FF01C00F8
:1013A000704700BF4832002010B5084B9B680446C8
:1013B00043B920462DF086F838B12046BDE81040EC
:1013C00016F002BA98470028F3D110BD4C2E002029
:1013D00038B51B21044638F0E1FE0378012B14BF19
:1013E00007210921204616F0DFFA0A4BD3F8F058FE
:1013F00025B92046BDE8384016F0E6B993F8B42385
:101400001344204693F8B32393F8B213A847002857
:10141000EFD038BD4832002010B51C21044638F00A
:10142000BDFEC3792BB9044821461BF0DBF801202F
:1014300010BD0020FCE700BF892D030010B51C2162
:10144000044638F0ABFEB0F8090020B1024821464E
:101450001BF0C8F8012010BDA564020030B585B0AE
:10146000054638F0F5FD02AA04460021284612F090
:101470006DFCB0B9029B5B7813F01C0F11D1214BAE
:10148000FF22284683F8BA2312F016FC20B11E482A
:101490004FF4F67138F02EFF204616F095F905B09E
:1014A00030BDD4B1294602A815F050FB08221749D7
:1014B0000DEB020036F043F8C0B1082214490DEBE1
:1014C000020036F03CF888B102A920461FF0F0F87F
:1014D000FF2802D1204616F077F90B201EF0C2FE3D
:1014E000002229460B481BF0C3F8D8E729460DF126
:1014F000060015F06DFBBDF80610204639F02DFBF7
:10150000E6E700BF48320020F80705005E0B050043
:10151000560B050071E8020038B51C21054638F06D
:101520003DFEC279B0F80B30FF2A044608D1B0F86E
:101530000910032200202DF05FF888B9002038BD83
:101540004CF25D218B4203D1C42A1CBFC423C3715A
:10155000E0792CF0FFFEB4F80B103BF004FAECE756
:10156000024829461BF03EF80120E8E71FCB0400A3
:1015700038B5044638F0CFFD37F007FF0D4D014672
:10158000204616F011FAD5F8543863B1204610F011
:101590008BFBD5F854382046984720B12046BDE84B
:1015A000384010F081BB21460348BDE838401BF0AD
:1015B00019B800BF4832002077900400014BC3F8EF
:1015C0005408704748320020F0B58BB0044638F01C
:1015D00037FE14210746204638F0E0FD05461CF092
:1015E0009BF8002800F09380FF238DF80730AB7B39
:1015F000032B02A938D1284612F02AFC0022064605
:101600000DF107031146284615F000FE0546002E91
:1016100036D130B11C3504D0894840F2412138F030
:1016200069FE029A537803F01C03042B46D013F092
:1016300075FB30B1834B9DF8072093F8BA339A427B
:1016400065D0814B02999F4247D08B787F4803F049
:101650001F038B70CB7823F00103CB70029B002219
:10166000D9791BF037FA52E0288812F0CFFB00221C
:1016700006460DF107032888114615F0FDFCC5E765
:101680001C3604D06E484FF4107138F033FE35B17B
:101690001C3504D06A4840F2412138F02BFE9DF8F9
:1016A0000730FF2B33D0204638F0CAFD664B9842F6
:1016B0002DD19DF80700FFF7D1FE28E0157805F041
:1016C0000C0513F02BFB30B15E4B93F8BA239DF859
:1016D00007309A421BD0082DB2E7CA78594D887856
:1016E00095F8D56402F00103DB0043EA5013B342DE
:1016F00032DA013303F0070500F01F00C3F3C00323
:1017000022F0010240EA45101A438870CA70204650
:1017100025F052FE002865D11421204638F03EFD08
:101720000746204638F08CFD0546204638F07FFD00
:10173000020623D5444B9D4203D1BE21204638F0FA
:1017400086FD204604F0C6FB00284BD120460BB096
:10175000BDE8F04016F038B8C9793C4803AA1BF040
:1017600049FA1C30D3D195F8D624029B3748D97951
:1017700002EB421252001BF03FF8C8E7204637F058
:1017800028FCC8B115F5956F10D015F1410F0DD09B
:1017900015F1470F0AD0183508D0204638F0BBFCA9
:1017A00037F0F3FD0146204616F0FEF820460BB058
:1017B000BDE8F04037F02EBC234B9D4214D12046AB
:1017C00038F0A9FC37F0E1FD0146204616F0ECF8B0
:1017D0001D4B9D4201D18523437020461EF0DAFB4C
:1017E0000028B3D10BB0F0BD204638F020FD10F03A
:1017F0002006E4D17B7AF02B14D11C22314603A8B9
:1018000035F0CFFE2046324603A937F0FCFC9DF8A8
:101810000C305B06204602D538F070FBE2E715F08D
:10182000D3FFDFE7002B91D1064BD3F858080028EF
:101830008CD021460BB0BDE8F0401AF0D3BE00BFFB
:10184000F80705004832002059FBFFFF5D14010036
:10185000034B93F8382660F3C30283F838267047A9
:1018600048320020024B93F83806C0F3C00070479E
:1018700048320020024B93F84A06C0F340007047FC
:1018800048320020034B93F8492660F3C30283F8E3
:101890004926704748320020034B93F849266FF3DE
:1018A000C30283F84926704748320020024B93F860
:1018B0004906C0F3C00070474832002001490822A1
:1018C00035F064BE0C380020014815F001BD00BFA2
:1018D0000C38002008B504490448082235F02FFED2
:1018E000B0FA80F0400908BD5E0B05000C380020FE
:1018F00008B504490448082235F021FEB0FA80F00A
:10190000400908BD560B05000C380020014608B5FB
:101910000822034835F013FEB0FA80F0400908BDF4
:101920000C380020014B93F8F00570474832002036
:10193000014916F013BA00BF003800200A460146DC
:10194000014816F021BA00BF0038002001460148C6
:1019500016F0A6BA0038002038B5054D04462846D2
:1019600016F0C4FB21462846BDE8384038F0B3BC29
:1019700000380020014838F0B2BC00BF0038002019
:10198000014838F0AFBC00BF003800202DE9FF4708
:10199000164D074688469146002695F85036F4B213
:1019A000A34204D8FF24204604B0BDE8F08739469E
:1019B000684615F0CBF8D5F8583602A813F824106D
:1019C00015F0C4F808220DEB020168464FEA840ABC
:1019D00035F0B5FD40B9D5F8583653445A784245EC
:1019E00002D15B884B45DED00136D6E74832002075
:1019F000F7B50821044638F0D1FB082201466846B5
:101A000035F0C4FD0621204638F0C8FB134ABDF866
:101A100002609DF8005092F85036D2F85816002215
:101A200093420FD805709342BDF80210418094BFD5
:101A3000002301230371019810B121461AF0D2FD51
:101A400003B0F0BD4F88B74204D14F78AF42E9D020
:101A5000FF2DE7D001320431E2E700BF4832002019
:101A60002DE9F04F1C2189B0074638F097FB002282
:101A700001210DF10E0306468DF80F2015F0C6FB6F
:101A8000014660B1384638F0E2FBB069002800F04A
:101A9000098139461AF0A6FD09B0BDE8F08F30463D
:101AA00000F0D8FB10F12B0F014601D00028E9D13E
:101AB0007289317A9DF80E007C4CFFF767FFFF2892
:101AC000804694F8342F08BF94F8508694F8513625
:101AD000424501D87649D5E794F8352F9A42F9D98D
:101AE000337B032B59D101210DF10F03002206F1A5
:101AF0000D0015F08BFB01460028C3D194F8503639
:101B000043454ED1D4F858269DF80E100FFA88F3AD
:101B10004FF0010902F82310D4F85826317A02EB6D
:101B200083025170D4F85826718902EB83025180E8
:101B300094F85036013384F85036327BD4F85C3652
:101B4000032A78D19DF80F3096F815B0019300253F
:101B5000D4F85C2602EBC5024FEAC50A9279032A43
:101B600022D1019904A814F0F1FFD4F85C26524464
:101B700006A8117914F0EAFF082206A904A835F096
:101B8000DEFC88B9D4F85C265244517959450BD112
:101B9000D279424508D1EDB20EE0012BAED04549D5
:101BA00070E74FF00009C8E794F851160135EAB222
:101BB0009142CDD894F8515694F85136AB4258D151
:101BC000317BD4F85C2603294FEAC50302EBC5023A
:101BD00046D19171D4F85C269DF80F101A4411710A
:101BE000D4F85C26717D1A445171D4F85C261A44ED
:101BF000002182F8078094F851363846013384F882
:101C0000513638F024FB9DF80E0015F037F820B15E
:101C100029484FF4DF7138F06DFB337B032B2FD154
:101C20009DF80F0015F02AF850B3234840F2C31175
:101C300038F060FB24E0B6F80D0094F8511600254A
:101C40009A79012A05D19A88824202D1DA794245ED
:101C5000A1D00135EAB2914203F10803F0D8A9E717
:101C600001219171D4F85C26B6F80D101A449180C8
:101C7000BBE70021384638F0EAFAB9F1000FC2D1CB
:101C800017F042F90B2019F0B3FD0F2019F0B0FD49
:101C900017F048F9D4F87C37002B3FF4F6AE28460D
:101CA0009847F2E6384615F08FFDF5E648320020F9
:101CB00052FBFFFF5CFBFFFF00080500F7B52A4D54
:101CC000002695F85036F4B2A34234D8274F0024AA
:101CD0003B68A34231D840220021254835F061FC01
:101CE000002016F0A3FA17F00FF90B2019F080FD71
:101CF0000F2019F07DFD03B0BDE8F04017F012B9D8
:101D0000D5F85C3603EBC203DA79A2420BD19A799B
:101D1000032A08D1187915F02FF8D5F8583613F89A
:101D2000240015F029F8013795F85136FAB293429C
:101D3000E6D80136C5E70027F6E7D5F8906604EB4C
:101D4000C40033181B7A1F2B0BD90022305A0DF117
:101D50000703114615F090F918B99DF8070015F022
:101D60000BF80134B4E700BF4832002070010020B6
:101D7000983800202DE9F84F091A8618154FDFF81A
:101D800058900446F6B2CDB26119B442C9B201D13D
:101D9000BDE8F88FD7F85C060FFA81FA50F834B036
:101DA00000EBC101082200EBC40035F0EFFB0FFA95
:101DB00084F8D7F85C3699F8002043F838B0D7F8A3
:101DC0005C36013453F83A1053F8380035F0DEFB36
:101DD000E4B2D9E7483200208F0100202DE9FF410D
:101DE000654C0646002594F85136AB4213D84FF0A7
:101DF000000894F85036434544D8002594F85026FE
:101E0000AA4240F2AC80D4F85C0694F851660023F4
:101E1000194607308CE0D4F85C3603EBC503EF00BD
:101E20009B79032B2CD13146684614F08FFED4F8F1
:101E30005C363B4402A8197914F088FE08220DEBA9
:101E40000201684635F07BFBD0B9D4F85C363B44E0
:101E50001879DF7914F090FFD4F8583613F827007A
:101E600014F08AFF94F85126013AE8B2D2B284F80D
:101E70005126411C121AD2B2C9B2FFF77BFFB2E75A
:101E80000135B0E73146684614F060FED4F85836A4
:101E900002A813F8281014F059FE08220DEB0201D5
:101EA000684635F04CFB4FEA880708F10103054608
:101EB000B0BB94F85026D4F85806013AD2B284F850
:101EC0005026391DA2EB080201449200384435F037
:101ED00046FBD4F85C3603EBC503DA79424519D1E9
:101EE000187914F049FFD4F85836D85D14F044FF3F
:101EF00094F85126013AD2B2E8B284F85126411C36
:101F0000121AD2B2C9B2FFF735FF94F85136AB427C
:101F1000DFD86EE784BF02F1FF32DA710135F4E7F2
:101F2000984666E710F831305F1B7B427B410131F8
:101F30008E4203D9002BF5D001355FE7002BFBD192
:101F4000013AD4F85836A800D2B284F85026011DC0
:101F5000521B92001944184435F001FB4EE716F06D
:101F6000D3FF0B2019F044FC0F2019F041FC04B002
:101F7000BDE8F04116F0D6BF483200202DE9F74306
:101F80001C21064638F00AF900220DF1060311461D
:101F900005468DF806208DF8072015F037F9044620
:101FA000002840F0B2806A89297A9DF80600FFF780
:101FB000EDFCFF28074601D159490FE02B7B032B8D
:101FC00019D121460DF10703224605F10D0015F048
:101FD0001DF910F11C0F0146EED070B1304638F0FB
:101FE00036F9A869002800F0978031461AF0FAFA0D
:101FF00003B0BDE8F083012BDED1284600F02AF9BA
:1020000010F12B0F014615D00028E7D1DFF814811D
:102010000C468946D8F85C3603EBC903DA79BA4234
:1020200005D12A7B032A07D0012A60D0012409F1B7
:1020300001091CE00021E9E79A79032AF6D1187911
:102040009DF807209042F1D15A796B7D9A42EDD1EB
:1020500098F85126013A5FFA89F0D2B288F85126F1
:10206000411C121AC9B2D2B2FFF784FE012198F8BE
:1020700051364B45CED8002C43D198F85026D8F88D
:102080005806013A3BB2D2B29B0088F85026191D7F
:10209000D21B01449200184435F061FAD8F85C363E
:1020A00003EBC4030134DA7997423CBF02F1FF32FB
:1020B000DA7198F85136A342F0D80021304638F052
:1020C000C6F89DF8060014F057FE2B7B032B03D1B6
:1020D0009DF8070014F050FE16F016FF0B2019F0C3
:1020E00087FB0F2019F084FB16F01CFF79E7987925
:1020F00001289BD19A88B5F80D309A42A8D00446A1
:1021000095E700293FF458AFD7E710F11C0F14BF33
:102110006FF03D01014661E7304615F055FB67E77A
:102120005CFBFFFF483200200A460146014800F0F0
:10213000FDBA00BFE03800200A460146014800F021
:102140002DBB00BFE038002038B50C4C04F5ED6520
:10215000D4F8642722B9BDE83840094836F0E5BF15
:10216000D4F85C37E85C0133013A03F00703C4F8A4
:102170006427C4F85C3715F027FBE9E748320020F4
:10218000E038002010B5094B93F85817002291420F
:1021900001D8002010BDB3F89846844203F10C0327
:1021A00001D00132F3E70120F4E700BF48320020FC
:1021B000F0B50E4C94F85256002326460C279D424B
:1021C00001D8FF200EE094F860C684450BD107FBD0
:1021D000036CBCF861C68C4505D194F863C6944580
:1021E00001D1D8B2F0BD01330C34E8E74832002009
:1021F0002DE9F843164D95F85246032C8146884642
:1022000017461E4620D8FFF7D3FFFF281AD0844276
:102210000BD10C2303FB0053013483F86096A3F821
:10222000618683F8637685F852460C2340F2646237
:1022300013FB002031460822284435F0A7F900207E
:10224000BDE8F8832046E4E76FF04000F8E700BF00
:102250004832002038B5012241890446007AFFF750
:10226000A7FFFF2832D01B4B93F8522682422DD075
:1022700040F264620C2515FB00251D441649082216
:10228000284635F05CF928B114490822284635F073
:1022900056F908B9282038BD237B032BFAD10D3419
:1022A0000D490822204635F04AF90028F2D00B49A2
:1022B0000822204635F043F90028EBD008222946B1
:1022C000204635F03CF90028E5D0E3E76FF02A001E
:1022D000E1E700BF483200205E0B0500560B050009
:1022E0002DE9FF470D461C210446174637F056FFDF
:1022F000B0F80180204637F00EFF0378C3F3401A90
:102300009B06D1462ED5807837F052F8811C0131DA
:10231000204615F049FB10F8016CFFF7C7FA88BB9F
:102320005C495D48082235F00AF958B338F052FB91
:1023300020BB12F0DFFC28BB574814F0C9FF8045D2
:1023400020D04FF6FF739D4222D1B9F1000F2FD05C
:1023500050495148082235F0F2F898B1204615F05E
:1023600033FA10E002A9404614F0B2FE20B9FF2172
:1023700002A821F0DFFD05460221C8E7FFF796FA23
:102380000028D6D134BB04B0BDE8F04712F0D0BC71
:1023900002A9284616F016FDB9F1000F08D0082250
:1023A0003D480DEB020135F0CAF80028EAD0CFE72E
:1023B0006A462146304637F021F818B1B8F1000FCF
:1023C000E0D0CBE734480822694635F0B8F8002859
:1023D000F4D1D7E72A465146304604F0BFFD002825
:1023E000BCD0B9F1000F0CD112F0A2FC88B3B31F1E
:1023F000092B2ED8DFE803F013191F2D2D2D2D2DBD
:102400000D272A464146304622F094F80028EBD1A9
:10241000A4E7204604B0BDE8F04704F0F7B8204632
:1024200004B0BDE8F04704F01FB9204604B0BDE891
:10243000F04704F07DB93A462946204604B0BDE88D
:10244000F04704F0ABB9204604B0BDE8F04704F013
:10245000EFB9092E0BD0102E0FD0052E13D13A460E
:102460002946204604B0BDE8F04704F09FBB204653
:1024700004B0BDE8F04704F013BA204604B0BDE84C
:10248000F04704F035BA204604B0BDE8F04715F037
:102490009BB900BF5E0B05000C38002038B50C4C12
:1024A0000C4D94F82C38002243F0020311462846C4
:1024B00084F82C381AF00EFB40F26A5200212846AC
:1024C0001AF09AF935F07CFEC4F8300838BD00BF28
:1024D0004832002003910400F0B40022184E194F36
:1024E000114633688B4203D8F2B1F0BCFFF7D6BF78
:1024F000D7F8744701EB41031C44A3789D060FD025
:1025000003F03F038342C8BF1B1AA578CCBF03F07A
:102510003F03002363F30505AB06A57018BF012236
:1025200002F001020131DCE7064B074893F82C1852
:1025300062F3410183F82C18F0BC11461AF0CABAB4
:102540005401002048320020039104002DE9F74F88
:10255000884617461E4600220DF10703012114F09C
:102560008BFD002872D1DFF8E890DFF8E8A099F839
:102570002C38DAF80050990715D535F021FED9F836
:1025800030486FF00043001B98422DD235F018FE02
:10259000D9F83038C01A4223B0FBF3F010F0FF0036
:1025A00001D0FFF799FF9DF80740DAF80020D9F82D
:1025B00074C704F52D3303F2A513B3FBF2F102FB4C
:1025C00011310B4603EB430B0CEB0B0090F802E0D0
:1025D0001EF03F0F0CD1AA4219D1581C1D46B0FB6A
:1025E000F2FE02FB1E0317E035F0EAFD201AD2E7E7
:1025F0001CF80BB0A3450AD190F801B0C34506D131
:10260000CEF3801BBB4502D1B6EBDE1F0FD00133EA
:10261000B3FBF2F002FB10339942D3D1AA4209D0A6
:1026200005EB45050CEB050083789A0604D003B052
:10263000BDE8F08F0120B4E767F3861366F3C71394
:102640000CF8054080F801808370F0E70020EEE789
:102650004832002054010020F7B500220DF1070395
:10266000012114F009FDC8B103B0F0BD00EB400337
:10267000D5F874279DF8077012F803C0BC4508BF51
:10268000D65402EB030100F1010002BF8B786FF317
:1026900005038B7023688342E8D8E5E7014C024DBF
:1026A000FF26F7E7540100204832002070B50F4D97
:1026B0000F4C0023FF262A689A420BD800220D48AF
:1026C00011461AF007FA94F82C386FF3410384F896
:1026D0002C3870BD03EB4301D4F8740746544218FC
:1026E000013391786FF305019170E4E75401002004
:1026F000483200200391040010B5044618B9094877
:10270000F12137F0F7FDA378152262F30503A370DA
:10271000054B93F82C389B0703D4BDE81040FFF716
:10272000BDBE10BD0B08050048320020F0B590F882
:10273000C05000230C269D420CD8102B29D00C240D
:102740006343C418C15201231D44A270A37280F8D0
:10275000C05014E006FB03F4075B8F4217D1011948
:1027600001348D7A044400218D420AD8082910D002
:102770000C2404FB0303194401358A709D72002068
:10278000F0BD14F8016F9642F9D00131ECE7013346
:10279000D1E70148F4E700BF52FBFFFFF8B504465C
:1027A00090F8C050002301309D4201D81D4822E01E
:1027B00030F8016C8E4204D1477A84460026B74235
:1027C00002D801330C30EFE71CF801EF964527D112
:1027D000012F11D00C255D43E91CA81C7A1E25444D
:1027E00031443044921B2144204434F0B8FEAB7A8B
:1027F000013BAB720020F8BD6A1E9A420AD90C2137
:1028000001FB03F0EA1A4A4341180C3A21442044E0
:1028100034F0A5FE94F8C030013B84F8C030E9E7FD
:102820000136CCE75BFBFFFF10B5044637F073FCC5
:102830008378C3F38103032B14BF072109212046AA
:1028400015F0B2F821460248BDE8104019F0CABEA2
:10285000A91301002DE9F041102186B0054637F09B
:102860009DFC10210646284637F098FC0378012B82
:1028700014BF4FF007084FF00908074641462846A5
:1028800015F036F942460446002134F08AFE0B2347
:10289000237000236370A37843F00302A2703A7898
:1028A000022A46D143F00B03A3703B78012B04F1BD
:1028B000030806D140460222F91C34F067FE04F1F9
:1028C0000508022207F10D01404634F05FFE0222A6
:1028D00007F10B0108EB020034F058FE172200212B
:1028E000684634F05EFE9DF812302C49082243F011
:1028F000600368468DF8123034F048FE3378032BBD
:102900009DF8133014BF0222032262F346138DF8A0
:102910001330B6F80130ADF810303378022B2ED0DA
:10292000032B0BD0012B2DD14FF6FF73ADF80830E0
:102930000AE0012AB9D143F00F03B5E70822F11CE0
:102940000DEB020034F022FEF37B8DF81530337866
:10295000DA1E534253419DF81220284663F30402C5
:102960008DF8122037F060FC1721284637F016FC4E
:102970006946172234F00AFE0948294608E0B6F8ED
:102980000330D3E70749284637F061FC064829465B
:1029900019F028FE06B0BDE8F08100BFF035002038
:1029A000A138020018FDFFFF292801002DE9F0439E
:1029B0000E4685B01B2198469146054637F0EEFB42
:1029C0000446284637F0A7FB1B2200210746204675
:1029D00034F0E7FD84F8199084F81A80284637F01F
:1029E000A4FB02285ED9BB78C3F38103032B2846DE
:1029F00014BF0727092737F098FBB84252D329465E
:102A000001A836F096FB9DF80C30C3F38103032B2D
:102A10003AD09DF80C30C3F38103022B46D0032B30
:102A200049D0002B3ED12046032300F8033B082267
:102A3000314634F0ABFD2EF0B9FA28B9BDF80A20C2
:102A40004CF25E039A422DD0738AA4F80130338A87
:102A5000A4F80B300822B11804F10D0034F096FDF3
:102A600002220DF10A0104F1150034F08FFD02A9D4
:102A7000022204F1170034F089FD1148294619F0AB
:102A8000B1FD05B0BDE8F0830E4B93F858374BB15C
:102A9000BDF806004FF6FF7398420CD0FFF772FBAB
:102AA0000028B6D1284614F08FFEEAE72370338859
:102AB000A4F80330BFE701232370BDF80630F7E721
:102AC000D113010048320020014BC3F8F0087047D1
:102AD000483200202DE9F0470E46924698460746B8
:102AE000002848D0254C23784BB9DFF89C9099F802
:102AF000003023B9256AD9F80C301D4306D038467A
:102B000014F062FE6FF00300BDE8F0872C22294626
:102B1000204634F046FD18222946484634F041FD4F
:102B20001748294619F05EFD0123237089F800300B
:102B300043F6FF324FF47A7303FB0A224FF47053CB
:102B4000B2FBF3F22261E268A66022F0784206F05E
:102B500078463243E2600B4A677092F8B433E5700E
:102B60001A44C4F8148092F8B233237192F8B33344
:102B700063712846C8E76FF01600C5E7202E0020D5
:102B80006D2E010048320020082E002010B5054BA4
:102B90000446597814F074FE21460348BDE81040FD
:102BA00019F020BD202E00205528010073B5104DCE
:102BB000104E95F8B423F3782A44044692F8B313E0
:102BC000994210D082F8B33337F0C6FA0A4B01931A
:102BD0000123009395F8B413F31C0022204611F052
:102BE0006BFF02B070BD02B0BDE87040FFF7CEBF12
:102BF00048320020202E00208D2B010038B50E4CCD
:102C0000A578854214D137F01BFB60B9E2780B48F8
:102C100001239340E268294613432269E36019F0D7
:102C2000EBFD002038BD2946044819F0DBFCF8E72D
:102C30004FF0FF30F6E700BF202E00206D2E010080
:102C400010B50F4A13780446B3B1D16804290ED8E1
:102C500093680131D018D16001330521B3FBF1F144
:102C600001EB81015B1A04749360002010BD012206
:102C7000C2210FF0A7F9F8E74FF0FF30F6E700BFE9
:102C8000082E002010B50F4A13780446B3B1116A1C
:102C900004290FD8D3690131D018116201330521FD
:102CA000B3FBF1F101EB81015B1A80F82440D361A1
:102CB000002010BD044901F02FF8F9E74FF0FF3074
:102CC000F7E700BF202E00205AFBFFFF70B5204C15
:102CD000236A00252570C3B1A1691E48013B236208
:102CE0004A1C0523B2FBF3F303EB8303D21A04F16E
:102CF0002403A261595C19F075FC236A2BB12946A3
:102D00001548BDE8704019F06DBC63696078D3B1B7
:102D1000E368102133F078430CBF4FF0FF350025F6
:102D200037F03CFA0821C67B607837F037FAE36861
:102D3000036006712946607837F089FA6369607824
:102D4000BDE870401847BDE8704014F03DBD00BFBD
:102D5000202E0020953F0100CD2C010038B5114CEC
:102D6000E36800252570C3B161680F48013BE3604B
:102D70004A1C0523B2FBF3F303EB8303D21A04F1DD
:102D800010036260595C19F02DFCE3682BB12946F1
:102D90000648BDE8384019F025BCBDE838400020A1
:102DA000FFF794BF082E0020C93102005D2D0100FD
:102DB00008B508B114F008FD034B00209870BDE879
:102DC0000840FFF7CBBF00BF202E002073B5104D89
:102DD000104E95F8B42373792A44044692F8B3133D
:102DE000994210D082F8B33337F0B6F90A4B019309
:102DF0000123009395F8B413731D0022204611F0AF
:102E00005BFE02B070BD02B0BDE87040FFF7D0BFFE
:102E100048320020202E0020B12D010073B5104D46
:102E2000104E95F8B42333792A44044692F8B2132D
:102E3000994210D082F8B23337F08EF90A4B0193E1
:102E40000123009395F8B413331D0422204611F09A
:102E500033FE02B070BD02B0BDE87040FFF7B6BFF0
:102E600048320020202E0020CD2D0100F0B5294D44
:102E7000AE6885B00DF10D010446F00E15F06EF848
:102E8000A8680DF10E01C00E15F082F8EB780BB9B1
:102E90009DF80D3044B9204837F0ECF810B12046C9
:102EA000FFF7BCFF05B0F0BD9DF80E10AC7026F02A
:102EB0007846012707FA03F2324204D19942EED351
:102EC0000133DBB2F6E79942E9D3EB70AB6823EA52
:102ED0000203AB60114D95F8B4232A44DB0E92F83F
:102EE000B2138DF80F30994210D0204682F8B233D9
:102EF00037F032F90A4BCDE90073042295F8B41388
:102F00000DF10F03204611F0D7FDCBE72046FFF768
:102F10004DFEC7E7202E00206D2E01004832002014
:102F2000AD2B010010B4064CE4681CB1A4465DF85A
:102F3000044B60474FF0FF305DF8044B704700BF13
:102F40004C2E0020024B1B6903B11847704700BF8D
:102F50004C2E0020054B064A1A60064A5A60064A63
:102F60009A60064ADA60064A1A6170474C2E0020C1
:102F7000852C0100412C0100FD2B0100D52A010008
:102F8000C92A0100084B094AD3F8543612781A446A
:102F9000934201D10020704713F8011B8142F7D101
:102FA0004FF0FF30704700BF4832002090010020F2
:102FB0000B4A30B500231546C3EB03142C44B4F878
:102FC0008047844203D192F882478C4206D0013375
:102FD000032B02F10F02EFD1FF2030BDD8B2FCE786
:102FE000483200201049F0B50023A1F284754FF655
:102FF000FF76C3EB03122A44B2F88027B24209D00D
:103000000C46082214F8017F87420AD0013A12F0D8
:10301000FF02F7D10133032B01F10F01E9D1FF20AA
:10302000F0BDD8B2FCE700BFCC390020F7B54FF0B7
:10303000FF3301931D4B057993F83446C378611E25
:10304000CA18B2FBF4F2013AD2B2954203BF03F1BF
:10305000FF33B3FBF4F204FB1233CAB208BFDAB297
:10306000002101AD012750FA81F4CBB2647954B943
:10307000DE0803F0070355F8264007FA03F324EAB5
:10308000030445F826400131CBB29A42EBD2827B51
:10309000074B02F01C02D340DB0744BF4FF0FF3365
:1030A00001939DF8040003B0F0BD00BF483200203A
:1030B0000001110010B5084B002293F83446031D9F
:1030C000D1B28C4201D8002004E013F8010F013284
:1030D0000028F5D010BD00BF48320020084BD3F8BF
:1030E000903600EBC0000344187A00F0E00020287E
:1030F00004D0A0F140035842584170470120704766
:103100004832002038B50C4B1C680C4BD3F8905655
:1031100001460022D0B2844201D8002038BD00EB25
:10312000C0032B44DB798B4203D1FFF7D7FF002884
:10313000F4D10132EEE700BF7001002048320020D8
:103140000D4BD3F82408A8B193F8DB2792B993F874
:10315000DE277AB9D3F81C2803F628010138895CE8
:10316000C3F82408013202F001020448C3F81C2805
:1031700019F038BA704700BF48320020953F01006F
:10318000F7B52B4D002206460F46B5F8A4030DF106
:103190000703114613F070FF0446E8B9397AB7F80F
:1031A00009209DF80700FEF7F1FBFF28014613D028
:1031B000204F2346FF22A4463878DCB2A0420DD827
:1031C000FF2A09D0DFF870E0C2F3C704002095F8A9
:1031D0005166C3B29E420CD803B0F0BDD5F8540678
:1031E00010F804E0B64504BF00F804C022460133DD
:1031F000E2E7D5F85C6606EBC30C9CF807C08C458B
:1032000013D197F800C094450FD99EF800C0A4458B
:103210000BD956F833C002F0070301269E401CF874
:10322000043023EA06030CF804300130CFE700BF76
:1032300048320020900100208F0100202DE9F04F3E
:10324000182187B0814636F0A9FF644DDFF89481DC
:10325000002204460DF11703B5F8A40398F8007096
:10326000114613F009FF064620B15D4E304607B007
:10327000BDE8F08F6289617B9DF81700FEF786FB41
:10328000FF280390F1D098F80020D5F85416334663
:10329000DDB2AA4204D8BA420AD86FF04006E5E788
:1032A000C85C484560D00133002808BF2F46EFE7CF
:1032B00001F807903D46012105F007034FF0010C8E
:1032C0000CFA03FC5FFA8CF30293DFF81081002301
:1032D000C5F3C70701939A464FF0FF0E9DF80420EF
:1032E00098F851B6D8F85C3693453FD80FFA8EF26D
:1032F00003EBC209D8F8581699F8063099F8070078
:10330000032B66D101EB800B99F804100392204641
:10331000019313F01BFCBBF8021061819BF80110B4
:10332000019B039A6173E37399F8053023732D4B66
:103330001978BAF1000F06D08D4297D22749D1F8FB
:103340005416002048551B78AB428FD9264B1B786A
:10335000BB428BD9D8F85C36029953F83220D35D42
:1033600023EA0103D35581E70021A5E703EBC20B54
:1033700003989BF807B0834517D1D1B1BEF1FF0F79
:1033800008BFD8F85436029808BF03F80590D8F85B
:103390005C3608BF964653F83220D35D43EA0003FB
:1033A000D3550CBF8A464FF0000A019B01330193AD
:1033B00094E753F832B01BF807B01BEA0C0FF4D0B7
:1033C000BEF1FF0F03D196464FF0010AEDE78A46A2
:1033D0008CE7B9F8043023800123A4E748320020A9
:1033E00058FBFFFF900100208F010020F8B56FF01F
:1033F0000404084E451D241A002796F83426631944
:103400009A4200D8F8BD287810B114F0DDF92F7079
:103410000135F2E7483200202DE9F843124D00242F
:10342000A5F5F0684FF6FF79C4EB04164644B6F8EC
:1034300080374B4510D096F88E37C3F38203052BA7
:103440000AD16B7B43B92846FFF7D0FF4FF0FF331B
:1034500086F8803786F881370134032C05F10F0593
:10346000E2D1BDE8F88300BFC839002010B5144C84
:10347000D4F8902600EBC0031A440146107A6FF38B
:1034800047101072D4F890264FF0FF30D0541A44F1
:103490005070D4F890261A44D0710A48002219F0CE
:1034A00019FB94F8943623B9074841F2BE6136F00F
:1034B00021FF94F89436013B84F8943610BD00BF88
:1034C00048320020F152010016080500F8B5094EF7
:1034D000094F0546002496F83426E3B29A4200D8F4
:1034E000F8BD2B44597919B10022384619F0F2FA87
:1034F0000134F0E748320020793901007FB502A994
:1035000013F0E6FD024618B1002007B05DF804FB99
:1035100001460C480DF10703B0F8A40313F0ACFD0D
:103520000028F1D19DF8071004A813F00FFB082222
:1035300004A90DEB020034F002F8B0FA80F0400963
:10354000E3E700BF483200202DE9F74F6B4C0546FA
:1035500094F8AE0770B194F8B72794F8343602FBAC
:10356000033612FB03F2D2B25FFA82FB584501D94F
:10357000964207D815B1284614F026F9002384F89E
:10358000DE3731E004EBDB010BF0070A91F8AF17EF
:1035900021FA0AF1C9074FEADB0702F10102E3D47D
:1035A0005E46A21992F8B81799B98DB194F8DD97D3
:1035B00094F8DC8782F8B857484636F0B6FD08FB29
:1035C0000BF8804513D34E4840F2967136F092FEC8
:1035D000002504EB060999F8B867002E40D1494848
:1035E00036F048FD84F8DE6703B0BDE8F08F48464A
:1035F00036F09BFD94F8DC17A0EB080292B28A42E9
:1036000028BF0A4611462846019214F06DF941463A
:103610000090484636F09AFD0146DDE9000233F09D
:10362000B5FF1821484636F0B9FD182180462846D6
:1036300036F0B4FD18224146054633F0A7FFBBF132
:10364000000F0AD101236B7594F8AEB72B7C85F877
:1036500016B043F00C032B74BAE702226A75F5E743
:10366000E3194FF0010893F8AF2708FA0AF85FFA58
:1036700088F848EA020283F8AF2793F8B33723FAB1
:103680000AF3DB072ED494F833261F484FF47A71DF
:1036900043F6FF3301FB02334FF470523146B3FB64
:1036A000F2F219F0A9F894F8332616484FF47A711B
:1036B000274443F6FF3301FB02334FF470520021DD
:1036C000B3FBF2F219F098F897F8AF3748EA03081D
:1036D00087F8AF87002D87D0284603B0BDE8F04FAC
:1036E00014F072B81FF0CAF899F8B817074818F024
:1036F00079FF06201CF0B6FDD5E700BF4832002058
:10370000160805004935010035420100ED2C020084
:103710002DE9F041CDB204462846884636F09FFD9B
:103720001C210646284636F039FD294BB0F8051015
:1037300093F858E700221F46964519D9B3F898C662
:103740008C4503F10C0311D10C2303FB027797F88E
:10375000A236B3420DD93744A4B997F89A36C3714B
:1037600029461C48BDE8F04118F03CBF0132E3E7B0
:10377000EAD1284614F028F844B32046BDE8F041C9
:1037800014F022B82946204614F07AF81C2120466D
:1037900036F004FD97F89A36C371711CC9B22846F9
:1037A00036F064FD21460B4818F01CFF28460EF049
:1037B0007BFA09480022414636F081FC30B142468E
:1037C0000548BDE8F041002118F052BFBDE8F08186
:1037D000483200207115010011370100134A002101
:1037E00010B40846144692F8E5373BB1013BDBB212
:1037F00082F8E53711B9191E18BF012101300A28D6
:1038000002F10602EFD194F82C3861F3820384F8B8
:103810002C385B0707D506485DF8044B40F6E442B8
:10382000002118F0E9BF5DF8044B704748320020D2
:10383000DD370100F8B5837B9A0704460AD56FF39C
:103840004103094E094F8373002596F83426EBB2E5
:103850009A4200D8F8BD2344597919B1002238465C
:1038600019F038F90135F0E7483200202D3A01000F
:1038700038B502884FF6FF739A4204460D4604D1CC
:10388000184840F6CF2136F035FD2046FFF71EFEE2
:103890002046FFF7CFFF607B08B113F095FFDDB145
:1038A000A37B03F01C03142B04D00E4840F6DC214C
:1038B00036F020FD0C4B0D4893F8B133002B0CBFB4
:1038C0004FF4A5624FF4C672002118F095FF204610
:1038D000BDE83840FFF78ABD4FF0FF3323706370B7
:1038E000F5E700BF16080500483200201934010032
:1038F00070B51F4EC0EB00133344054693F88E2776
:1039000002F01C020C2A08BF93F88E274FEA00141D
:10391000A4EB050404BF042060F38402344408BF10
:1039200083F88E2796F8343694F88327C9B20B446F
:10393000934217DB94F88E3703F01C03142B11D13C
:1039400094F88D170B4818F04DFE002384F88D373E
:103950000F2303FB05600121BDE8704000F5F06016
:10396000FFF786BFBDE8704001201EF039BF00BFE1
:10397000483200207115010010B5FFF733FBFF2816
:10398000044604D1084840F61B5136F0B3FC074802
:103990000F234FF4F06213FB04230021BDE8104015
:1039A0001844FFF765BF00BF160805004832002025
:1039B000F8B51B4F97F8673FDA0604462FD4C0EBE3
:1039C00000133B440F2593F88E3705FB00759B07CA
:1039D00005F5F0654FEA001602D52846FFF72AFFE5
:1039E000331B3B44284693F88E2742F0020283F8AB
:1039F0008E27FFF75FFB044620B90A4840F6765150
:103A000036F078FC97F8B1330748002B40F22622B5
:103A1000214618BFA522BDE8F84018F0EDBEF8BD5C
:103A200048320020160805002D3A010010B5FFF7B6
:103A3000D9FAFF2804460BD1164840F6924136F0D9
:103A400059FC21461448BDE81040002236F037BB2F
:103A500000220146104836F032FB104B93F8342612
:103A6000012A15D9022C13D8C4EB0412134403F510
:103A7000F06193F88E375F2B4FEA531208D801326A
:103A800062F347138B732046BDE81040FFF790BFE9
:103A900010BD00BF16080500514801004832002043
:103AA00010B5064C94F8DE3733B9054836F0E2FA23
:103AB00010B9012384F8DE3710BD00BF4832002062
:103AC0004935010038B500210546012036F0ACFA31
:103AD000044630B12A4621460748BDE8384018F070
:103AE000C7BD28460EF0E0F803482246294636F0C6
:103AF000E6FA0028EED138BD1137010038B5FF20B5
:103B000018F068FC204C214D84F8B40500234FF0D8
:103B1000FF312A689A422AD82D2200211C4833F00E
:103B200040FD4FF6FF724FF0FF33A4F8802784F872
:103B30008F2700213322174884F89037A4F89E3746
:103B400033F02FFD012384F83436322384F83336E2
:103B500002F024FD104B1B7884F8343F0F4B1B7888
:103B600084F8353F4FF6FD73A4F8723F38BDD4F8A2
:103B7000902603EBC3000133115402445170D4F872
:103B800090260244D171C4E7483200207001002021
:103B9000C8390020F53900208E0100208D01002059
:103BA00037B5144D95F8674F14F008041ED10DF188
:103BB00007032246012113F05FFA70B99DF8072030
:103BC0002B4693F8E51719B193F8E017914207D007
:103BD00001300A2803F10603F3D1002003B030BD01
:103BE000062303FB0055B5F8E207F7E74FF424700E
:103BF000F4E700BF4832002037B5144D95F8674F01
:103C000014F008041FD10DF107032246012113F01F
:103C100033FA78B99DF807102A46234692F8E5074B
:103C200018B192F8E007884207D001330A2B02F15D
:103C30000602F3D1204603B030BD062202FB035535
:103C400095F8E447F6E75224F4E700BF4832002035
:103C50002DE9F7430D4616460DF107030022012119
:103C600013F00AFA68BB294A9DF807C0FF242346CF
:103C700017464FF0060892F8E5E7C1B2BEF1000F13
:103C800022D092F8E097E14522D10B46062202FBB2
:103C90000373142283F8E0C7A3F8E25783F8E467BC
:103CA00083F8E52797F82C385A07C3F3800108D426
:103CB00043F00403164887F82C3840F6E44218F025
:103CC0009BFD03B0BDE8F083FF2B03D10B460AE058
:103CD000FF2C18D0092C06D808FB047999F8E59731
:103CE000F14588BF0C4601300A2802F10602C2D114
:103CF000FF2B08BF2346092BC8D906484FF4337160
:103D000036F0F8FACEE70C46EDE700BF4832002067
:103D1000DD3701001608050070B50E4686B0182183
:103D2000054636F03BFA04461422002101A833F080
:103D300038FCE37B8DF81230A389ADF80C30206895
:103D40006168CDF8136001AB03C33146284636F0F5
:103D50007EFA0023142128468DF8173036F01EFA1B
:103D6000142201A933F012FC2946024818F03AFC4B
:103D700006B070BD7DD902002DE9F84F344C0546E0
:103D800094F8AE070E4604F2B7720023D9B2884207
:103D900008D8304B19680023DAB2914203F10103CD
:103DA000FAD84EE012F8011FA94203F10103EDD148
:103DB000DFF8A0804FF0000927E0234493F8B8A76C
:103DC000BAF1000F1FD000273A4613E0D4F890361E
:103DD00005EBC5010B44DB7953450AD12846FFF7B3
:103DE0007DF9002814BF834693462846FFF73EFB23
:103DF0005A460137D8F80030FDB29D42E6D312B9D9
:103E0000504613F0E1FC09F1010994F8AE275FFA7E
:103E100089F39A42D1D810482022002133F0C1FB07
:103E2000002394F8DD5784F8AE3784F8AD3784F872
:103E3000B73784F8D83784F8DB3784F8DD37FFF7F5
:103E40007FF931462846BDE8F84FFFF765BF00BF50
:103E50004832002070010020003A00202DE9F04790
:103E6000C0F381089146A8F1030255420C46554122
:103E70000646C70948460CBF08350A3536F0D4F95E
:103E8000237C13F0010A14D0B8F1020F4DD013F0C7
:103E9000100314BF0D3505354FF00401484619BF16
:103EA000EDB24FF0010AEDB29A4646F0200636F028
:103EB00085F92946484613F01BFEF30605460670B1
:103EC00004D5324840F6930136F014FAB8F1030FE6
:103ED0002ED123886B702288120AEB1CAA7062898B
:103EE0001A706289120A5A7022899A702289120AFB
:103EF000DA70627B1A71627C012A254A1CD1217D0D
:103F0000597192F8671F890644BF92F8681F59716A
:103F100067BB981DB30637D592F8751FC90952467D
:103F20004900BDE8F04702F091B84FF0000AC0E741
:103F3000227B6A70AB1CD2E7FFB192F8AE17E1B1F9
:103F4000617D01F00301012901BF92F8B41582F8E7
:103F5000AD17013182F8B41592F8AD17597192F886
:103F6000671F880602D592F8681F5971617D9971A3
:103F7000A17DD97103F10800CCE792F8B41559710D
:103F8000013182F8B415BCE7BDE8F08716080500DA
:103F9000483200202DE9F8431821044636F0FEF897
:103FA0000746204636F0C1F8984B1B6881463BB95E
:103FB0003B895BB921469648BDE8F84318F012BB2F
:103FC000204698470028F3D1BDE8F8833B7C03F0F6
:103FD0000C030C2BEED18F4E96F8DB378BB196F895
:103FE000AE1771B1002206F2B770134610F8015FE8
:103FF0000133DBB2A54208BF01229942F6D1002A63
:10400000D8D11821204636F0C9F8037C8046D8075D
:1040100028D513F0100F0CBF4925412510F06AFE7A
:1040200088B398F80F3013F0FB0F02D12046FFF74A
:1040300005F998F80F30032B16D1404613F048F9D4
:104040004FF6FF73984213D14FF00008A5EB080517
:104050001FFA89F9EDB24D4518D33B7C23F00803D4
:104060003B74A7E75225D9E7022BEDD1B8F8000041
:1040700035F0FEFB85428046E8D8674840F2EE51B5
:1040800036F038F9E2E74FF01808DFE7FB7B032B47
:1040900033D1384613F01CF94FF6FF73984280462F
:1040A0001DD002233880FB734FF6F773984503D970
:1040B0005748214618F096FA4046FFF71FFA10B30A
:1040C000224639460020FFF7C9FE204635F0C8FFDA
:1040D00021460246BDE8F843504835F0F0BF50484D
:1040E0000022214635F0EBFF00283FF46DAF4D492B
:1040F0002046BDE8F843FFF70FBE013B012BF6D881
:10410000B7F80080D0E74046FFF74AFD024648B9BD
:104110004548214635F0D3FF00283FF455AF6FF0F6
:104120001501E5E7814501D94049E1E796F8743F7B
:10413000A3B94046FFF760FD1B2803D84046FFF7B0
:104140005BFDF1E73A7CD10703D4A0F10A03DBB2AF
:1041500006E0D20647D4A0F11303F8E7FF2BEDD019
:10416000D6F82428002A41D196F8DB1700293FD140
:1041700096F8DE1700293BD1023DEDB29D424FF08B
:104180001801204628BF1D4636F008F8074625B915
:10419000214840F2357136F0ADF825483322002130
:1041A00033F0FFF9012386F8DB3786F8DD47FB7B28
:1041B00086F8DF3725B9184840F23B7136F09AF897
:1041C000204686F8DC5735F0B0FF6B1E1844B0FB74
:1041D000F5F0B0F5807F28BF002086F8AE07BDE877
:1041E000F843FFF75DBCA0F11B03B0E7012A96D1AD
:1041F000D6F82038F1180133013203F0010381F8B9
:104200002848C6F82428C6F82038DDE64C2E0020C1
:1042100035420100483200201608050065500100B3
:10422000E90603005AFBFFFF1508030060FBFFFFD0
:10423000F53900202DE9F04F18218BB0064635F0F6
:10424000ADFF90F80F90054626B96F4840F25F31F8
:1042500036F050F82B7CD90703D50421304635F0D1
:10426000ADFF2B7C694C13F0080311D194F8AE0715
:1042700004F2B772D9B288420AD912F8011FB142CA
:1042800003F10103F6D1604840F2733136F032F8A1
:10429000AB7B8DF8023002238DF8033000238DF8BC
:1042A000043094F86E3F83F04003C3F38013402141
:1042B00030468DF8053035F081FFB9F1000F08D197
:1042C0003046FEF7BBFF95F80F900746002840F0F8
:1042D000AA812B7C5A0705D56A7C012A04BF23F0EA
:1042E00004032B74B9F1030F6FD8DFE809F002085B
:1042F0002C5640F2CA31444835F0FCFF30E094F8C7
:10430000703F5F074CBFB4F8723F4FF6FD73ADF8D6
:1043100000302B7C23F0040218072A743BD40C27AE
:104320002888FFF7EBF8002878D03246294638462F
:10433000FFF794FD304635F093FE3146024634488F
:1043400035F0BDFE3EE02B88ADF800304FF6FF7231
:1043500093421DD05A1D92B2022A19D94FF0020978
:104360002F7C3A0743D594F849365B0739D4BDF81A
:104370000000FFF715FC024650BB2648314635F0D9
:104380009EFEF8B16FF015013046FFF7F5FC19E01D
:104390002B7C190733D50021F6E7284612F098FF49
:1043A0004FF6FF739842ADF8000003D00223288037
:1043B000EB73D3E718480022314635F080FE002821
:1043C00040F057810BB0BDE8F08F40F24D4192E7CD
:1043D0002F7C07F00C030C2B07D017F008079FD099
:1043E000D9E707F00C070C2FD5D1802798E707F005
:1043F0000C07A7F10C0047424741FF0190E703205B
:104400001BF030FF08278BE7160805004832002014
:104410006550010015080300E90603006B7C8DF868
:1044200008306B8AADF80A3030462B7D8DF80C30A1
:1044300035F07BFE48B92B7CD90706D523F0010364
:104440002B740421304635F0D4FE95F8108018F016
:10445000040800F0C0801822294604A847F040074D
:1044600033F094F832462946384695F81680FFF71F
:10447000F5FC814994F894360A68934200F0A980CB
:10448000D4F890064FF0000A0AEBCA0300EB030CC5
:104490009CF808C0BCF11F0F00F291809DF81F200E
:1044A000DFF8ECC1012A1CBFBDF81020C252D4F8BD
:1044B0009026BDF81A001A44508094F8AEE7002206
:1044C000D0B286450CD91CF801BFB34502F10102F8
:1044D000F6D1D4F8902694F8ADC71A4482F804C0F7
:1044E00094F8AE27824206D1D4F8902694F8B40509
:1044F0001A4401381071D4F890269DF81D001A4412
:104500004FF0040C5071D4F890269DF81C001A440A
:104510009071D4F890261A44D67194F894260132FA
:1045200084F89426D4F890261A44107A6CF3030089
:104530001072D4F89026134401201A7A60F34712BF
:104540001A720B689A4504D34C4841F26C2135F03D
:10455000D1FE01201EF044F9288835F08AFA00289F
:1045600008BF4FF42572464818BFC622514618F0BE
:1045700043F90E214FF0010A3046ADF806A0C7F30B
:10458000810735F00BFE0E22694632F0FFFF032F44
:104590004BD194F8583723BB94F8673F5B0709D594
:1045A00094F8AE3733B198453FF40CAFB8F1020F31
:1045B0003FF408AF3146334818F014F802E70AF127
:1045C000010A5FFA8AFA52453FF65EAF4FF0000AE1
:1045D000BAE72D49D8E6324629463846FFF73EFC71
:1045E000C7E7D4F86437072BD6D82888FDF7CAFD6B
:1045F0000028D1D0B9F1010FCED1D4F860372348CB
:10460000E218013382F86867D4F8642703F00703DF
:104610000132C4F86427C4F8603735F03DFD074621
:1046200000283FF4CFAE3946AEE6002FB4D1BDF836
:10463000000004AB5246514612F01EFD074600280A
:10464000AAD00E4840F2595135F054FE94F8673F15
:104650005A0704D431460B4817F0C4FFE3E794F837
:10466000AE37002BF6D04345DDD0B8F1020FF1D1C3
:10467000D9E7054FD7E700BF7001002016080500F5
:10468000F1520100ED2C020052FBFFFF95460100A4
:10469000FF39002070B51B4CD4F8642705463AB3A7
:1046A000D4F85C3704F5ED61013ACE5CC4F86427B8
:1046B000013303F007033146C4F85C3713F0E0F828
:1046C0003146114817F08EFF1C21284635F066FD53
:1046D000002206460146284634F095FDB4F8A4337E
:1046E000A6F8013029460948BDE8704017F07ABFA6
:1046F00013F06AF8BDE87040054840F2FD7135F0EE
:10470000F9BD00BF48320020ED2C0200C53A01007F
:10471000160805002DE9F84F0B785FEAD3180D460F
:10472000074603F0030140D02A7D02F03002102A30
:1047300001D0202A37D14FF0010841450BBF122686
:10474000022605210B21980644BF0531C9B238461F
:1047500048BF46F0200613F0C7F8B8F1000F01D0AB
:1047600046F08006F206067026D5441C697B21704F
:10477000B8F1000F34D10134B30608D5042138460E
:1047800035F01CFD00221146204601F05FFCB5F813
:1047900001103846012234F0C4FD39462948BDE8ED
:1047A000F84F17F01FBF4FF0000801290BBF12266A
:1047B000022602210821C6E72B7A4370B5F809309A
:1047C0008370B5F809301B0AC370B5F80B3003715C
:1047D000B5F80B301B0A4371EB798371C41DC5E733
:1047E000B5F80100FEF7E4FBFF28804604D1164827
:1047F00041F2A61135F07EFDDFF850A0C8EB081B92
:10480000D3449AF834369BF884970F2019FB03F9A8
:104810004FF4F06310FB08305044FEF707FC5FFADA
:1048200089F9B9F1000F0CBF0123022363709BF8D3
:1048300084379AF83426E07013FB02F3A370043433
:104840009AE700BFED2C0200160805004832002050
:1048500070B50C4688B0054620B9144840F665414D
:1048600035F048FD1248C4EB041406194FF6FF73E7
:10487000B6F880279A4213D004F5F0642044FEF77E
:1048800019FC68B1002201A934F0BDFCB6F88037EC
:10489000ADF8053001A92846FFF73CFF08B070BD10
:1048A000284608B0BDE8704012F08EBF160805001B
:1048B000483200202DE9F04F90468FB0002318F1C8
:1048C000030F8DF81A300A78B94B064613D193F8C6
:1048D000D907FF280FD0D3F8903606EBC6061E4442
:1048E0000522337A62F3471333726FF001073846BB
:1048F0000FB0BDE8F08F93F8AE77002FF7D0D7094F
:10490000F5D012F00C0FC2F3810A40F0F58193F854
:10491000B75793F8342615FB02F5EDB2B8F1000F46
:1049200006D1CB7D91F816A08DF81A30002713E040
:1049300018F1030F06D193F8D92793F8DAA78DF869
:104940001A20F3E718F11E0F47D06FF495639845CE
:1049500014BF00276FF007079648954C04220021EA
:1049600032F01FFE00230293059394F8AE27AA426B
:1049700007D994F8343694F8B71701FB03318D4208
:104980002DD39DF81A30FF2B02BF94F8B7370133AF
:1049900084F8B737059B002B00F0F380002384F8E0
:1049A000D837002F00F03F816FF00707D4F890361A
:1049B000814806EBC60903EB09010023DDB2AA42D8
:1049C00040F2358191F807C010F8015FAC4503F162
:1049D0000103F3D100252B4684E1AA46A6E75545FD
:1049E00073D353449D4270DAA5EB0A020EAB03EB7E
:1049F000D20302F0070213F81E3CD34013F0010368
:104A0000049365D004EBD50205F0070101238B4028
:104A100092F8AF170B4382F8AF37684BD4F8901673
:104A20001A684FF0000B60195FFA8BF39342019301
:104A300041D2019B90F8B8E703EBC30901EB0903EE
:104A40000BF1010CDB79734540F0998023B95C4888
:104A500041F2583135F04EFCD4F890360393049B64
:104A6000002B4FD06319039A93F8B80706EBC603DF
:104A70001344DB7983423DD0FEF744FB024688B9FC
:104A8000014603980DF11B0330F8090012F0F4FA07
:104A900018B99DF81B0012F06FF9631993F8B80765
:104AA00012F092FE6319002283F8B827019BB342EB
:104AB00023D101230593414B019A1B689A4201BF00
:104AC0003B4B5B19002283F8B8270135EDB24CE768
:104AD000631993F8B837002BF7D004EBD50305F032
:104AE00007020121914093F8AF2722EA010283F8DF
:104AF000AF2792E701230293D4E75FFA8BF0FEF72A
:104B0000B5FCD6E704EBD5024FF0010B92F8B317D2
:104B100005F007030BFA03F30B4382F8B337039B4B
:104B2000049A4B4407A9D87934F06DFBD4F8903639
:104B30004B4407A95A88ADF825205A798DF82420CE
:104B40009A798DF823201A798DF82920D87934F0B4
:104B50002BFBD4F8901601EB090331F809101A7AEF
:104B6000D87982F01002C2F3001234F0DAFBD4F8E4
:104B700090364B441A7A6BF347121A729BE7E3465E
:104B800052E704EBD50305F0070593F8B337EB4084
:104B9000D90742BF94F8D837013384F8D83794F84E
:104BA000D837022B7FF6FDAE6FF01D07FEE600BF83
:104BB00048320020FB390020FF390020700100201E
:104BC0001608050004EBD30003F0070390F8AF07C5
:104BD00020FA03F3DB0701F1010125D4FEF760FFA2
:104BE000029B002B3FF481AED4F8907606EBC6050D
:104BF0007B19D879FEF786FA024680B901460DF195
:104C00001B03785B12F038FA18B99DF81B0012F0FC
:104C1000B3F8D4F890362B44D87912F0D5FDF0B221
:104C2000FEF724FC61E63946CBB29A42CAD894F822
:104C3000DD3723B9314841F20E4135F05BFB1421D9
:104C400094F8DD0735F0AAFA14220021054632F067
:104C5000A8FC94F8DF37AB73032B06EBC606D4F839
:104C6000903646D1985B294612F032FA20B123489B
:104C700041F21A4135F03EFBD4F8903620483344D7
:104C80005B796B72D4F8903633449B792B72C5F8FC
:104C90000F8094F8DD1717F0A5FC33220021194886
:104CA00032F07FFC002384F8DB37FEF749FA1EE67A
:104CB00004EB0B0A9AF8B80798B1D4F890264A4446
:104CC000D279824209D0002259460F4817F002FFDC
:104CD0009AF8B80712F078FD002304EB0B0181F875
:104CE000B837013594F8AE275FFA85FB5A45DFD80F
:104CF0009DE79B5B2B80BFE70027F8E516080500C2
:104D00007DD90200F5390020F15201002DE9F04370
:104D10005C4C91F80090D4F8903600EBC0052B4421
:104D200089B080460F461646D879114635F08FFA7D
:104D30000EB1F11C04D1D4F89036585B09F0AAFFEB
:104D400009F00303012B04D0022B1CD119F0100F22
:104D500019D0D4F8903694F83C282B44DB799A4249
:104D600008D194F8500301300023C0B284F83C38D5
:104D70001EF0C8FC023616D0D4F890362B44D879F1
:104D800012F022FD0FE016F1150F13D1D4F89006A2
:104D90000022405B01AB114612F06EF918B99DF884
:104DA000040011F0E9FF5FFA88F009B0BDE8F043B4
:104DB000FEF75CBBB21CF6D03B78DA091ED013F0CC
:104DC0000C0F1BD1324639464046FFF773FD0230C7
:104DD00054D0D4F890667319D879FEF793F9024647
:104DE0000028E0D1014601AB705B12F045F90028C4
:104DF000C2D19DF8040011F0BFFFBDE7D4F8903692
:104E00002B440022D87901A934F0FDF9D4F890366A
:104E10002B441421D87935F0C1F9D4F890362B44BD
:104E200007465B794372D4F890362B4401469B7950
:104E30000372D4F89036585B12F04AF9B8B90323DC
:104E4000BB73F31C08BF0026C7F80F60D4F8903678
:104E50009DF804102B4401AAD87934F08FF9D4F8C6
:104E6000903609482B44D97917F0BCFB9BE7022305
:104E7000BB73D4F890365B5B3B80E2E709B0BDE8DA
:104E8000F08300BF483200207DD902002DE9F743AE
:104E90009DF8284005460F461646984635F0C4F959
:104EA000FF2C3ED022463146284601F0E1F8284644
:104EB00035F031F904210446284635F07FF94FF6E4
:104EC000F7739F422678DFF8749094BF0023012384
:104ED00046EAC30646F00106267099F8B4356370B9
:104EE00016F00C0F0CD101220DF1070311463846C4
:104EF00012F0C2F820B10F4841F2821135F0FAF9F0
:104F000099F8B435394601332846424689F8B43514
:104F100034F007FA0848294603B0BDE8F04317F01B
:104F200061BB0321284612F0E3FD00230446037011
:104F30008670C4E716080500ED2C020048320020F8
:104F40002DE9F0434FF6FF73984289B0044626D00E
:104F5000FDF782FBDFF89C80244F00254FF6FF7998
:104F6000D8F80030AB421DD8214E00254FF6FF780F
:104F7000C5EB05133B44B3F88037434507D0A34244
:104F800001D0444503D100213046FEF771FC0135C4
:104F9000032D06F10F06EBD109B0BDE8F083FDF754
:104FA00085FBD7E7D7F8903605EBC50698199B5BCC
:104FB000A34201D04C4516D1037A03F0E003602BE5
:104FC00011D10022C07901A934F01DF9D7F890362B
:104FD000334401A9D879FEF7D3F86FF4956201A99B
:104FE0002846FFF793FE0135BAE700BF483200209C
:104FF000C83900207001002030B5182189B005465D
:1050000035F0CCF801A904460022284634F0FBF81C
:1050100018220021204632F0C4FABDF80F30238157
:10502000BDF80D3063819DF80C3063730023E3738A
:105030009DF804305B0642BF237C43F004032374D5
:10504000284635F068F834F0A0F90146284612F0F9
:10505000ABFC2946024817F0C5FA09B030BD00BFC5
:10506000953F0100F8B5CEB21C21074635F096F801
:1050700018210446304635F091F8054627B91948FD
:1050800040F62C0135F036F93146384612F0F8FB7F
:10509000384635F040F8037823706B7C1248012BBA
:1050A00016BF124B6B8AB3F8A433A4F801302B7BE4
:1050B000E3716B7B23726B89A4F809302B89A4F808
:1050C0000B30394617F08EFA3046FDF75BFF01468C
:1050D000304619B1BDE8F840FFF78EBFBDE8F84093
:1050E000FEF71ABE160805007115010048320020AF
:1050F0002DE9F047142188B0044635F04FF8D0F878
:105100000F80054624B9724840F6321135F0F2F8A6
:10511000204635F000F88146B8F1000F38D12A88D2
:105120004FF6F7739A4235D8077807F00307023F26
:1051300018BF012701A90022204634F064F8204658
:10514000FDF720FF99F80010064601F0030318BB95
:10515000022B6AD1B8F1000F10D19DF80430DB09A1
:105160000CD09DF811102888FDF722FFFF2801467A
:1051700004D0BDF81A20574817F07AFA204612F0EA
:1051800023FB17B105201BF06DF808B0BDE8F087D0
:105190000027CFE74746CDE7022B05D14C4840F624
:1051A000561135F0A7F8D5E74A064FD50126DFF8A6
:1051B0003891DFF838A1D9F800209DF81110DAF8FD
:1051C00090360025AA421BD0D879A0427DD118790B
:1051D00088427AD11A7A02F0E001802902D03E4852
:1051E00080453ED1B6B328466FF0140201A9FFF7FF
:1051F0008DFD2046FFF700FFD9F80030AB42C0D14B
:10520000204612F0E1FA0025D9F80030E8B29842C1
:10521000B7D2DAF8903600EBC0021344DB79A34230
:1052200001D1FEF723F90135EEE74B06BFD4204646
:1052300001AA33F0A3FF9DF80C306B729DF80B3080
:105240002B722146254817F0CDF99AE72046FFF743
:10525000D3FE96E76FF4956201A92846FFF756FD45
:10526000CAE7402907D1032038F0D6FD002EBAD175
:105270006FF00202F0E7B8F1000F17D1202904D037
:10528000134840F6C61135F035F8DAF8903605EBDC
:10529000C502134403211A7A61F347121A72D9F82E
:1052A0000030AB427FF471AF0027A9E70C49884575
:1052B00006D11EB101A92046FDF762FF094ACBE7DE
:1052C000032161F347121A725BE70135093379E76D
:1052D00016080500F13801002DFCFFFF7DD9020002
:1052E0003EFCFFFF59FBFFFF700100204832002009
:1052F0002DE9F04F764FD7F890A600EBC0090AEBE6
:10530000090489B0E67905463046FDF73BFE834641
:105310003AF8090034F0ADFB0022804601A930467E
:1053200033F071FF3046FDF7EDFEBBF1000F40F0AA
:10533000A780002840F0A580237A180708D003F042
:10534000E002202A1EBF03F10F0262F3030323725F
:10535000237A19070ED103F0E003602B01D0802BD4
:1053600008D128465B4A01A9FFF7D0FC07201AF0B4
:1053700079FF70E0B8F1000F0CBF4FF42572C62220
:105380005548294617F038FA237A03F0E002602ADC
:1053900061D103F00F03012B03D13AF8090034F077
:1053A00032FA6388ADF80D3063798DF80C30A3794B
:1053B0008DF80B3023798DF8113001A9304633F088
:1053C000F3FE227A3AF8091082F01002C2F30012BA
:1053D000304633F0A6FF237A012262F3471323728B
:1053E000022038F019FD3D49002311F8012FB24287
:1053F00034D107EBD30203F0070092F8AF27C24085
:10540000D2072BD597F8B72797F8341612FB01F27D
:10541000D2B29A4213D01F2B0DD09A420BD901332E
:10542000C3F3C4023A4403F0070392F8AF2722FA09
:1054300003F3DC0703D597F8673F58070BD56FF0E8
:105440001D0201A92846FFF735FA97F8673F6FF369
:10545000820387F8673F09B0BDE8F08F0133DBB204
:10546000202BC2D11DF00AFA1D48314617F0BAF8B8
:105470003AF809204FF6F7739A42ECD8062076E7FF
:1054800050B1B8F1000F0CBF4FF4A572632229464A
:10549000114817F0B1F9DEE7237A03F0EF02602A32
:1054A00009D128466FF0140201A9FFF72FFC3046FE
:1054B000FFF7A2FDE2E71907E3D003F0E002202A9C
:1054C0001EBF03F10F0262F303032372D9E700BF8B
:1054D0004832002059FBFFFFF1520100FF39002044
:1054E000ED2C02002DE9F0416FF00304DFF8348069
:1054F000051D0026241A98F8342663199A4202D80A
:105500003046BDE8F08168780028F9D034F003FE19
:1055100033F03BFF074615F8010F34F006FEC01BC1
:105520000644E8E7483200202DE9F047437B044673
:1055300023B9314840F66C3134F0DCFEDFF8BCA012
:105540004FF000089AF834365FFA88F6B34208D96B
:10555000A719787910BB26B9274840F6753134F081
:10556000C9FE1C21607B34F019FE1C2105466079C0
:1055700034F014FE1C220146284632F007F8A37BC3
:1055800003F01C02082A02BF032262F38403A37300
:10559000A37B6FF30003A373BDE8F08734F0BBFD7A
:1055A00033F0F3FE054676B9237963B90146607B93
:1055B00012F020FA0646607934F0ADFD2A46014625
:1055C000304631F0E3FF7879667B34F0AEFD411B65
:1055D000304612F00FFA29460646787934F0B6FDC7
:1055E0008146787934F0A1FD4946421B304631F0BE
:1055F000CDFF08F10108A5E7160805004832002094
:105600002DE9F84FDFF8D080C1EB011606F5F06602
:105610000D464FEA01194644044620B92D4840F68C
:10562000BD3134F067FEA9EB050747444FF6FF7321
:10563000B7F880279A4204D12046BDE8F84F12F00F
:10564000C3B897F88D37B3B3204634F009FD8346CD
:105650003046FFF747FFA9EB05074744824697F816
:105660008D0734F0FDFC8244D345E5D397F88D07D0
:1056700034F05BFD0146204612F036F9824697F879
:105680008D0734F048FD834697F88D0734F04DFDC3
:1056900059460246504631F079FF97F88D0712F0CF
:1056A00093F8A9EB0509C844304688F88D47BDE852
:1056B000F84FFFF739BF204634F0D2FC824630461F
:1056C000FFF710FF8245ECD897F88D37002BB3D049
:1056D000BAE700BF16080500483200202DE9F04F58
:1056E000CDB28DB00746284634F015FD00244FF6A4
:1056F000FF73012205A92846ADF812308DF810304D
:105700008DF8114033F07FFD9DF81430DB0907D090
:105710009DF8283003F03003102B51D0202B4FD0B0
:10572000284633F0F1FC30BB002634461C212846C5
:1057300034F034FD1C2205A931F028FF9DF8143007
:105740009A063FD50DF1110304AA0DF11201284666
:1057500000F00CFE9DF814309B0633D590B328461C
:1057600012F032F817B1384612F02EF80021B34883
:1057700016F038FF21E09DF81420BDF8150002F066
:10578000030312F00C0F03F1FF310CBF01220022C2
:105790004B424B419DF82110FCF7D8FE04460028EF
:1057A000C2D0867816F03F06C0D0284612F00CF81A
:1057B0001FB105A93846FEF7ADFF1DF049F883E09B
:1057C0000126B3E714B12046FCF796FFBDF812009E
:1057D00013F0EEFA1C210446284634F0DFFC6CB1CD
:1057E000237E027DC3F3400363F300020275237E30
:1057F000D2B2C3F3810363F342020275037D9DF8C5
:10580000112062F3C3030375002E00F0478228467F
:105810000CF04AFABDF815909DF821A01FFA89F006
:105820005146FDF7C5FBFF28804650D08449C0EBA8
:1058300000130B4493F88E27824B02F01C0223FACC
:1058400002F919F0010937D10F244FF4F06314FB6A
:1058500000340C449DF8283003F03003102B73D132
:10586000E678002E7FD19DF82A30E370A37B03F009
:105870001C03042B40F0A080DFF8C4A123799AF820
:1058800034B6E27813FB0BF30BF1FF31D8B251FAC7
:1058900083F3DBB29A4224BF02F1FF32D3B28642D5
:1058A00061D39E425FD89AF8673FDA066AD4B6FBA6
:1058B000FBF30BFB136377E005A92846FEF72AFFED
:1058C00017B1384611F080FF0DB0BDE8F08F9DF89C
:1058D000283003F03003102B4CD1DFF86481B8F886
:1058E00080374FF6FF72934226D0B8F88F37934235
:1058F00026D0B8F89E3793423CD108F29E74022617
:105900000F2200212046C6EB061631F04AFE08EBB6
:105910000603A3F8809783F882A74B4BA4EB0308F8
:105920004A4B03FB08F8A37B4FF0010969F384039A
:105930005FFA88F8A3738DE708F5F0640026DFE7C7
:1059400008F28F740126DBE7202B0CD13C4A9DF82E
:105950002A6092F8673F990788D5012E86D16FF3A8
:10596000410382F8673FB9F1000F03D000212046C0
:10597000FDF77EFF17B1384611F026FF284611F0DB
:1059800023FF1AE78E4292D12046FDF74FFBFF28F6
:1059900060D000222E48414634F091FB9AF834261C
:1059A000B6FBF2F302FB136354FA83F35A79002A2D
:1059B00040F004815D7158E0102BD4D12279DFF8DA
:1059C00080A0E1789AF834C60132D2B212FB0CF30F
:1059D0000CF1FF3CD8B25CFA83F3DBB2994224BFEE
:1059E00001F1FF31CBB28642BDD39E42BBD8A37B2F
:1059F0002271012262F38403A3739AF8343693422E
:105A000002D92046FDF716FF2046FDF75FFD204630
:105A1000FDF7ECFC9AF83426B6FBF2F302FB1363B5
:105A200054FA83F35A7922B95D71B9F1000F1FD18D
:105A300021E0284611F0C8FEF7E700BF3DD802007C
:105A40004832002000101000C8390020EFEEEEEEC2
:105A500051480100B6FBFBF30BFB136654FA86F6C4
:105A60007379002B40F0AA807571B9F1000F2ED028
:105A700001201CF0B5FE9E4D95F83436012B06D959
:105A80004046FDF795FFA37B6FF34713A3732046B2
:105A9000FDF71CFD2046FDF70DFB044620B9954897
:105AA00040F6415134F026FC95F8B1339248002B72
:105AB00095F834364FF0030101FB03F30CBF4FF4AC
:105AC0002572C62203FB0222214616F095FE9DF8A0
:105AD0002110BDF81500FDF76BFAFF28044604D12C
:105AE000844840F6E55134F005FC814EC4EB0415C2
:105AF00035444FEA041995F883A7BAF1000F67D02F
:105B000095F88E3703F01C03042B61D14FF4F0633A
:105B10004FF00F0818FB0438B0444046FDF786FAF2
:105B2000FF2855D196F83426531E5344B3FBF2F3A5
:105B300095F88427013BDBB29A4214BF0223052368
:105B400095F88E27404663F3840285F88E27FDF78B
:105B500071FEBFB321463846FEF77AFEA9EB040377
:105B6000334493F88E37DB0704D5624840F6FA31A8
:105B700034F0C0FBA9EB0403334493F88E2793F869
:105B80008D0742F0010283F88E2730B334F0CDFA4E
:105B900000F11C054046FFF7A5FC43190193A9EB52
:105BA0000403334493F88D07C8B134F059FA019BCC
:105BB000834214D84046FFF7B7FC85E6284611F02B
:105BC00003FE52E73A4621464C4834F078FAC5E7DE
:105BD000002F3FF4F2AD3846D1E63925DAE7A9EBDC
:105BE000040AB2449AF88D5725B3284634F038FA9F
:105BF00000EB4000420840F2DC539A4228BF1A46AC
:105C0000019B3F489A4238BF1A46214634F06DFA4C
:105C100000283FF459AEA9EB040906EB0903002163
:105C200093F88E27404642F0010283F88E27FDF755
:105C30001FFEC2E59AF8850734F06DFA33F0A5FB34
:105C40002946029096F83406EBB2984209D8A9EB9F
:105C500004033344029A93F883373C3201FB032256
:105C6000C9E70AEB030797F885070028EFD00391EF
:105C700034F051FA33F089FB834697F8850734F006
:105C800054FA0399A0EB0B00884205D997F88507D1
:105C900034F04BFAA0EB0B010135D3E79DF814303B
:105CA00003F00302012A07D19DF81020BDF812105D
:105CB0002846FCF715FB7BE51AB9C3F38103032BD8
:105CC0000BD01048294616F08DFC002F3FF4FCAD98
:105CD00005A93846FEF71EFDF6E5BDF81900FCF7EC
:105CE00051FA00283FF461AD07482946EBE700BFB1
:105CF000483200201608050079390100514801009A
:105D00000156010071150100C53A01002DE9F04767
:105D100088B0044634F0FFF9054633F0DFFD2B5C14
:105D200003F00302022A40F09D80674D012201A981
:105D3000204633F068FA95F8763F9DF8042059061E
:105D400009D56FF3861385F8763F204611F03CFDA8
:105D500008B0BDE8F087D30915D15C4BD5F89006A3
:105D6000D3F800C0BDF805E09DF81180BDF80D9096
:105D70009DF80BA0C2F300110022D6B2664510D3E5
:105D80001CF066FDE1E712F00C0FE6D195F8B7378D
:105D900095F834069DF81A1013FB00F39942DCD0F5
:105DA000D3E706EBC607C319C75B774510D11F7948
:105DB00047450DD171B95F884F4509D15F79574586
:105DC00006D19B799DF80C709F4203D0FF2B01D028
:105DD0000132D2E705201AF045FA3046FDF77EF988
:105DE00006EBC603B8B1D5F89026134402211A7AFF
:105DF00061F347121A729DF80430DA09A5D013F046
:105E00000C0FA2D19DF81A3085F8DA379DF81B30B7
:105E100085F8D93799E7D5F890562B44DF7938467D
:105E2000FDF7B0F8024680B9284BD3F800C0014610
:105E3000CBB263450ED203EBC3002844C079B8420D
:105E400001D1B3420BD10131F2E73846FFF7D4F864
:105E50006FF0140201A93046FEF758FF75E76FF0A6
:105E60000102F7E75B0627D5174B93F8640F10F094
:105E7000400021D134F0F0F8054680B101462246B9
:105E8000134816F0F5FB00283FF462AF204611F0EE
:105E90009BFC284608B0BDE8F04711F095BC2046B1
:105EA0000BF002FF0A482A46214634F008F9002880
:105EB0003FF44EAF2046EDE72146002008B0BDE894
:105EC000F047FFF70BBC00BF4832002070010020F4
:105ED000DD56010010B5044608B9002010BD34F0AD
:105EE000A6F90306F9D5064BD3F834380BB1204692
:105EF00098472046802134F07CF90120EEE700BF6E
:105F0000483200202DE9F04F4E4B8FB092460AAA3E
:105F100081460D4603F110069346186859681446E9
:105F200003C40833B3422246F7D1284634F0F3F8CD
:105F30000446007833F008FA235C13F0200F14BFF6
:105F40004FF00D084FF0050813F0180F064604EB4C
:105F500000078044C3F3C1023BD1102209F10801BC
:105F600006A831F013FB0D22002102A831F019FB25
:105F7000082251460DEB020031F008FBD7F8013042
:105F80000493A35D8DF81430284634F0C4F8064617
:105F9000284634F0CAF844440644361B009643466B
:105FA0002A4602A906A833F02BFF044668BB042149
:105FB000284634F003F9791C042202A831F0E6FAED
:105FC00002998B1C2BD10F201AF04CF94FF0FF34A3
:105FD0001DE0022A1FD1FBF74DFC30B1002106AABB
:105FE00009F108000FF0C0FEBDE7174BD3F8D43A13
:105FF000002BF3D098470028F0D0102209F10801B7
:10600000584631F09CFA0028E8D16FF0270420466A
:106010000FB0BDE8F08F032AD8D10221DFE70A488C
:1060200090F8F53503EB8302D0F8143603EB420306
:10603000D3F8062091422CBFC3F806106FF0050478
:10604000E5E700BF2108050048320020C900C9B2B9
:106050003AB141F0250100F8051B0822034931F04F
:1060600095BA41F005010170704700BFF03500207E
:10607000F8B50F4610211446064611F039FDE4002C
:1060800005462023C77303700421304644F02504DD
:1060900034F094F8AC70E81D0249BDE8F8400822DD
:1060A00031F074BAF03500202DE9F04F91B00C4674
:1060B000804691461D4634F02EF80444002D47D00A
:1060C000404634F028F88246A34F9AF8000033F097
:1060D0003BF9D7F8CC556B1CC7F8CC35C5F3090391
:1060E0000AEB00062BB1012D03D097F80D3EDB071C
:1060F00008D5072015F07CFB97F80D3E6FF30003E1
:1061000087F80D3ED7F85C3F05950BB105A8984779
:10611000042205A9701C31F039FA327812F0180FF8
:10612000C2F3C10340F0A18063781D0716D5082291
:10613000A11806A831F02AFA012106A835F04BF87B
:1061400010BB06A81DF0BCFEF0B94FF0FF3414E000
:10615000204633F0C3FB04EB000AB5E760884FF636
:10616000F77398420DD806A910F0B2FF0446002834
:10617000E2D07A48DA2134F0BDF8204611B0BDE80B
:10618000F08F4FF0FF34F4E700F1080110220CA863
:1061900031F0FCF93378724913F0200FD6F8013052
:1061A0000A9333788DF82C304FF0080208A80CBF02
:1061B00005240D2431F0EAF9404633F0ACFF97F89E
:1061C000752F3444D106A4EB000509D59DF8313074
:1061D0006FF3041283F0F0038DF8313087F8752FD8
:1061E000404633F0A2FF401BA4EB0A035246CDE920
:1061F000004008A9CDF808900CA80FF0D7FC404645
:1062000033F089FFAAEB0001484611F071FC044607
:10621000404633F080FF0546404633F07CFF294678
:10622000AAEB0002204631F0B1F9484633F073FF83
:106230000446404633F06FFF361A4046A35D23F014
:106240000703A35533F0F3FF42060CD5402148461F
:1062500033F0B4FF404633F0EAFF030603D5802154
:10626000484633F0ABFF002487E7022B30D197F983
:10627000753F002B0FDA002104F108001DF03AFDF4
:1062800097F8753F6FF3C71387F8753F04460028EA
:106290005CD000212EE02821404633F07FFF83466A
:1062A00034F0A8FF04460028F3D1FBF7FFFA0028DA
:1062B0004CD021462B4834F08EFF04460028E8D10C
:1062C000009003462849012258461DF08DFBDDE76A
:1062D000032B1BD12821404633F060FF01210546E6
:1062E00034F079FF0446A0BB28461DF0E9FD0221E9
:1062F000044690B13378C3F3C103012B3FF44AAF96
:106300000CAA04F108000FF02FFD43E797F8653F52
:106310005C0710D400214FF0FF3497F8653F580711
:106320007FF513AF3378C3F3C103012B7FF40DAFB7
:10633000002CDFD009E797F850031DF003FB01465E
:106340000028E7D010220CA831F020F900210C46DB
:10635000E3E70221CEE700BF483200203208050003
:10636000F0350020560B0500283800202DE9F047B5
:106370009846002388F8003086B00D461C219146CF
:10638000064633F00BFF8246304633F0C4FE074624
:10639000007832F0D9FF3C5C24F0070444F0050497
:1063A0003C54C4F3C10489F800403B5C391898069A
:1063B0004FD50822053104A831F0E8F8002104A8DF
:1063C0001DF098FC074600284DD1022104A81DF0BD
:1063D00091FC002851D1012104A81DF08BFC00285C
:1063E0007CD16A4800211DF085FC804600287ED1C2
:1063F0000DF10F030022012104A810F007FF20B1C6
:10640000634840F2192133F075FF002F78D104A8BA
:106410001DF056FD002800F0B68004AA3146FFF7B3
:1064200071FD10F1280F044625D1B8F1000F73D08B
:10643000012019F005FC002800F08F80002104A83D
:106440001DF078FD4FF6FF73984261D01DF080FD7E
:106450005EE0BAF8010004A910F03AFE0028ADD0C1
:106460006FF01B0456E004AA3146FFF74BFD10F114
:10647000280F0446A9D064B12AE004AA3146FFF7E8
:1064800041FD0446F0B9FBF711FA58B1002388F832
:106490000030404B93F8F5352B800024204606B0A1
:1064A000BDE8F0873B49B1F8FC38DA0701D5012394
:1064B000EDE7082201F2C45104A831F040F80028A9
:1064C000F5D0E3E7002310F1280F88F8003082D0E0
:1064D000A31D1FD10F2019F0C5FEDFE704AA314626
:1064E000FFF710FD10F1280F0446C4D179E704AA84
:1064F0003146FFF707FD10F1280F0446BBD177E7BF
:10650000B8F1000F27D0012019F09AFB074628B3F5
:106510006FF027041220DEE701271C480DF10F035E
:106520000022012110F072FE18481DF0C9FC50B382
:1065300004AA3146FFF7E6FC10F1280F04469AD171
:1065400012481DF04DFE012019F07AFB30B1002FEA
:106550007FF474AFDCE74746DFE7012700230E49ED
:106560000093012204A81DF03FFA60B104AA31464D
:10657000FFF7C8FC0446002F3FF47DAF10F1280F51
:106580003FF45CAF77E74FF0FF34C3E7560B0500ED
:106590003208050048320020183800207FB5164B1D
:1065A0006A4603F11006154618685968144603C474
:1065B0000833B3422246F7D110481022294630F062
:1065C000E5FF0F4B2C4603F1100618685968224668
:1065D00003C20833B3421446F7D1102229460948B2
:1065E00030F0D4FF084B0022C3F8CC254FF6FF72E1
:1065F000A3F8402F04B070BD210805001838002012
:106600003E080500283800204832002037B50446EF
:106610000BF04AFB204633F07EFD10F059FE0821B6
:106620000546204611F0C0F900222946204632F0E6
:1066300078FE204633F0F8FD0DF10703012200211A
:10664000284610F019FD20B1054840F2751133F0CD
:1066500051FE2146034815F0C5FF03B030BD00BF11
:106660004F080500ED2C02002DE9F341054633F0FB
:1066700052FD14210646284633F090FDDFF8AC8029
:106680000446022206F108010DF1060030F07EFFFB
:1066900098F86E3F1B0728D51C21284633F07EFD55
:1066A00004F108072146B0F8010010F011FD08229E
:1066B0003146384630F06AFFBDF80610218298F85E
:1066C000702F12F008021BD000220DF105031146B5
:1066D000384610F09BFDD0B10022208A0DF1050351
:1066E000114610F0C9FC90B115E0BDF80600314626
:1066F00005F08AFC0028CFD0284611F065F810E09C
:106700000DF10503384610F0FFFD0028DCD19DF89F
:1067100005000DF0D1FAB37A0348A374294615F0A9
:1067200061FF02B0BDE8F08131440300483200202F
:1067300070B5044633F0EFFC10210646204633F0D6
:106740002DFD1C210546204633F028FD2946B0F8D2
:10675000010010F0BDFCA0B908223146A81830F0A5
:1067600015FF0B4B93F8653FDB0604D52046BDE8CB
:10677000704011F029B821460648BDE8704015F078
:1067800031BFBDE8704004484FF44A7133F0B2BDE8
:1067900048320020213803004F0805002DE9F04160
:1067A000044690460F4633F0B6FC132105462046BA
:1067B00033F0F4FC1C210646204633F0EFFC314652
:1067C000B0F8010010F084FC30B1BDE8F04115488C
:1067D0004FF4517133F08EBD2946134D11F8013B32
:1067E0003372A6F81170082206F1090030F0CEFECF
:1067F000D5F8443F43B139462046984720B120465A
:10680000BDE8F04110F0E0BFB8F1000F03D095F8FB
:1068100049365B06F3D521460448BDE8F04115F042
:10682000E1BE00BF4F08050048320020B13D030023
:1068300070B5044633F06FFC19210646204633F04C
:10684000ADFC1C210546204633F0A8FCB0F803201F
:106850004FF6F7739A4204D92046BDE8704010F015
:10686000B3BF3146082211F8013B2B72284630F0A5
:106870008DFE102206F1090105F1090030F086FEB7
:10688000054B93F8653F1B07E6D421460348BDE856
:10689000704015F0A7BE00BF4832002095400300AD
:1068A00070B5044633F037FC09210646204633F024
:1068B00075FC1C210546204633F070FC2946B0F8D3
:1068C000010010F005FC38B933782B7221460648D8
:1068D000BDE8704015F086BEBDE87040034840F248
:1068E000993133F007BD00BF9BB104004F0805008C
:1068F000F8B5054633F00FFC0A210646284633F06A
:106900004DFC1C210446284633F048FC1C21B0F8FD
:106910000170284633F042FCB0F803204FF6F773BD
:106920009A4219D873786370337804F8023B0021D7
:106930000822204630F035FE2146384610F0C8FBCC
:1069400028B929460748BDE8F84015F04BBE06486F
:1069500040F2BE3133F0CEFC2846BDE8F84010F0DE
:1069600033BF00BFD13F03004F08050037B5224DAC
:1069700095F8654F14F00104034608461FD195F8B9
:106980004916490601D5052B19D0053B0B2B2DD8EF
:10699000DFE803F0060D0A0A152C2C2C2C15150A1D
:1069A000012A14BF03240224204603B030BDB5F9E8
:1069B000403F002B05D14FF6FF73A5F8403FFF2461
:1069C000F2E703DD013BA5F8403FEDE7694610F033
:1069D0007FFB014608B1FE24E6E7684634F0FBFB86
:1069E0000028F8D0037EDB07F5D4DDE703484FF439
:1069F0009A6133F07FFCE2E7483200204F0805003F
:106A000030B50A2187B0044633F0C8FB024600685F
:106A1000516803AB03C30DF10D0012891A8010F009
:106A200057FC4FF6FF739842054603D09DF815308A
:106A3000042B04D0204610F0C7FE07B030BD022161
:106A40000DF10D001DF056F918BBAD238DF80C307B
:106A50000A21204610F048FF9DF80C3003709DF885
:106A60001530437008220DF10D01023030F08EFD1B
:106A70009DF80C30FBB99DF8152029461020FFF732
:106A800075FF00900123102229462046FEF7FEF9EB
:106A9000D3E70A4991F8F53503EB8302D1F81436B0
:106AA00003EB420300229A71DA711A725A720E20B5
:106AB00014F09EFECCE70020E3E700BF4832002040
:106AC000F0B5142189B0054633F068FB03AA0346EC
:106AD00000F11007144618685968164603C60833B3
:106AE000BB423246F7D1186830600B21284610F0BF
:106AF000FBFE07AF0646082205A930F047FD02223B
:106B0000394606F1080030F041FD9DF81E30B372A1
:106B1000204610F0DDFB4FF6FF73984206460DD17C
:106B20001E491F48082230F00AFD30B100221C48DF
:106B30000DF10B03114610F0E7FB00260022314651
:106B40000620FFF713FFFE281FD11421284633F03B
:106B500025FB22460346144603CCBC42186059600C
:106B6000224603F10803F6D12068186000220D4880
:106B7000294633F0A4FA0C4A9DF81E106FF0440326
:106B800005A817F095F809B0F0BD00900123062282
:106B900031462846FEF77AF9EDE700BF5E0B0500A7
:106BA0000C380020BD930400F03500202DE9F04F93
:106BB0000F4689B01C210546934633F0EFFA1C219D
:106BC000B0F801300393284633F0E8FA2121B0F8F9
:106BD00003A0284633F0E2FA0646284633F09BFA33
:106BE0000446284633F023FB2378012B814600F02E
:106BF000040805D0032B48D0082204F1110102E05B
:106C0000082204F1120106A830F0C0FC2378A44940
:106C10003372082206A830F092FC002838D123787D
:106C2000032B00F0E480042B00F00981012B40F0DD
:106C30008880DFF878B2B8F1000F6FD004F11A0342
:106C4000984803930822194630F079FC814638466B
:106C500012F0AEF8002878D1B9F1000F40F0AA8008
:106C60009BF8492602F01002B8F1000F00F0A8804E
:106C70004FF6FF718F4200F0A3809BF84926D206A1
:106C80006ED5B9FA89F77F096BE085490822BAE722
:106C90008549082206A830F052FC0028BFD0834B5B
:106CA00093F8653FDB074CD5002211460DF1110327
:106CB00006A810F0ABFA0146002842D19DF8110059
:106CC00005AA0DF043F800283BD1059B5B7803F043
:106CD0000C03042B35D19DF811100DF112000FF0AB
:106CE00077FF059BBDF812705E78227806F01C06CF
:106CF000143E39464FF0050018BF0126FFF736FE57
:106D000033460090052239462846FEF7BFF8059B1A
:106D10005A78012161F384025A703BE016F0FCFCC2
:106D200050B19BF82C38D80706D519F0020F03D0C4
:106D30004FF6F7739A4581D89BF8653FD9073FF521
:106D40007DAF284610F040FD24E05949102208305C
:106D500030F0F5FB00287FF47FAFB9F1000F1CD0B5
:106D600000279BF8653FDB072ED51AF015FA00289F
:106D70003BD003990822304630F008FC637C7376E0
:106D80001022611C06F1090030F000FC4948294638
:106D900015F028FC09B0BDE8F08F9BF8493603F0E8
:106DA0001003B8F1000F07D04FF6FF73FF1A18BF9A
:106DB0000127D6E70127D4E7002BD1D04746D0E7FB
:106DC000171E18BF0127CCE71AF0E6F950B94FF6A5
:106DD000F7739A45B5D83449082206A830F0AFFBBE
:106DE0000028AED0002FACD0C3E70127EFE716F0A4
:106DF00093FC0028A5D02D4B93F82C28D707A0D5BD
:106E0000B8F1000F9DD093F84936580799D40398EC
:106E1000314610F05DF938B9082204F1110106F18C
:106E2000190030F0B3FBABE723484FF40E7133F099
:106E300061FA214840F2422133F05CFAAAE716F0E9
:106E40006BFC00283FF47DAFDFF8609099F82C3898
:106E5000D9077FF576AFB8F1000F3FF472AFBBF101
:106E6000030F7FF46EAF384611F0A2FF671C70B1BC
:106E700000F108011022384630F061FB38B999F86A
:106E800049365A0703D50D4833F0F4F859E708227C
:106E900004F11901304630F079FB1022394671E7D0
:106EA000F0350020560B05005E0B0500483200202F
:106EB00028380020D53A03004F080500E96F01008B
:106EC0002DE9F7430921044633F068F9012106460C
:106ED00020481CF00FFF07461E4810F0F9F996F8FD
:106EE0000890B9F1040F054605D0204603B0BDE86F
:106EF000F04310F069BC30461649082230F01FFB01
:106F000006460028F1D1002FEFD04FF6FF739D42C7
:106F1000EBD01921204610F0E7FC0F4980460822EB
:106F200000F8019B30F032FB08F1090207F108007C
:106F300003210EF019FF324631460F20FFF716FDF0
:106F4000012300900F2229462046FDF79FFF03B042
:106F5000BDE8F0830C380020F035002070B5214EDC
:106F600096F8653FDB0704460D46104629D496F88F
:106F7000663F13F0600F00D119BB96F849365906E9
:106F80000CD5062C1DD0082C1BD04FF6FF73984251
:106F900008D1082C17D8072C13D10DE04FF6FF733A
:106FA00098420BD011F004FF10B1007E00F00100F8
:106FB000082C08D8062C03D9002070BD0120F7E763
:106FC00003D00120F9E7102CE6E796F8663F9A0611
:106FD00003D5002D08BF0020EFE75B0648BF85F012
:106FE0000100EAE748320020002210B511460446AD
:106FF000074815F06FFD074B93F849266FF382029F
:1070000083F849262046BDE8104018F01FBD00BF98
:107010001571010048320020F0B528218BB00446DC
:1070200033F0BCF86A46034600F128071546186895
:107030005968164603C60833BB423246F7D1284684
:1070400032F0FBFC9DF81B70F7B11021204633F0A5
:10705000A5F80822064607A930F098FA0822294622
:10706000B01830F093FA1648214615F0BBFA154BCC
:1070700083F84C46284616F07DFE0122114628462C
:1070800016F05CFE0BB0F0BD012807D110212046A0
:1070900033F084F8082206462946DDE70A21204617
:1070A00033F07CF829460646082230F06FFA0123B7
:1070B000337277722146044815F094FADAE700BF7C
:1070C00099940400483200204D46020038B5044629
:1070D00020B9BDE838400C4832F0CCBF0B4A92F8DA
:1070E000493643F0040382F84936022110F0FCFBD4
:1070F0000025057045700649204633F03FFD2846BF
:10710000BDE838401BF0DEBACD70010048320020E7
:10711000C572010010B5044620B9BDE81040104802
:1071200032F0A8BF0F4991F848365A1C02F00F02FE
:1071300062F3030381F84836C3F30313934205D285
:1071400001460948BDE8104015F04CBA002104483A
:107150004FF4A37215F050FB04482146F2E700BF3C
:107160001571010048320020E96F0100B5350300B8
:1071700010B5044620B9BDE81040104832F07ABF7F
:107180000F4991F848365A1C02F00F0262F30303CC
:1071900081F84836C3F30313934205D201460948E8
:1071A000BDE8104015F01EBA002104484FF4A37248
:1071B00015F022FB04482146F2E700BF717101007F
:1071C00048320020E96F01000936030010B5104C69
:1071D00014220021204630F0E4F940F2D133E3607C
:1071E000236923F40033A4F5C76023F47C7343F4CC
:1071F0004C732361B0F8383623F4FF6323F00503A2
:1072000043F43A7343F00103A0F8383610BD00BFD1
:107210008038002038B50F4B0F4D93F848266FF398
:10722000030283F848260022044611460B4815F055
:1072300051FC00221146284615F04CFC002128463E
:107240004FF4A37215F0D8FA21460548BDE838403E
:1072500015F0C8B9483200207171010015710100A4
:107260000936030007B5002101AA044815F0C2FC45
:10727000B0FA80F0400903B05DF804FB71710100C1
:1072800010B50D4B93F849266FF3820283F8492617
:10729000002204461146094815F01CFC0022114644
:1072A000074815F017FC002033F049FE2046BDE8E2
:1072B000104018F0B5BB00BF483200201571010026
:1072C0007171010070B5044632F025FF43780BB9A7
:1072D00046882EB117482146BDE8704015F082B9A6
:1072E0008389154DB3F5285F0AD214230E2085F843
:1072F000F03514F07DFA2046BDE87040FFF7C0BFBE
:107300001B0A0E2085F8F03514F072FA95F838361D
:107310001B07F0D595F84836084866F30303314655
:107320004FF4A37285F8483615F066FA04482146F2
:10733000D2E700BFE96F010048320020157101005B
:10734000B535030037B5044668460D460FF0FEFB21
:107350006A460649204615F06BFC00220446294681
:10736000034815F0B7FB204603B030BD4795040035
:1073700045D50200F7B5CDB204462821284632F0A3
:107380000DFF00220DF10703114607460FF03EFFE7
:1073900020B99DF807101E48FFF7D4FF1D4E29465F
:1073A000204610F06DFAD6F8503F0BB128469847AA
:1073B0001948294615F016F996F838361B0712D5E4
:1073C000FAF774FA78B9022138461CF0B3FD4FF68B
:1073D000FF73984207D1D6F844260D48214615F090
:1073E0000BFA03B0F0BD002CFBD0204610F0ECF9F6
:1073F00000220DF10703114638460FF007FF002861
:10740000EFD1D6F844269DF807100448E7E700BFFF
:107410001970010048320020DD60020045D50200ED
:107420001FB5044632F077FE0822411C0DEB020026
:1074300030F0ACF8002211460DF1030302A80FF062
:10744000E5FE0146A8B99DF8030001AA0CF07EFCF8
:1074500003469DF803008BB9019B5B7803F00C0396
:10746000042B0BD1012117F003FA064B002283F8FD
:107470004C26204610F0A8F904B010BD0AF020FBFD
:10748000F3E700BF48320020032898BF0E4B73B5C6
:1074900094BF1E5C10260D4632464FF6FF712846FB
:1074A00014F0C2FF02220446A9190DF1060030F0C3
:1074B0006DF8E443BDF80600A4B2001B18BF4FF0FE
:1074C000FF3002B070BD00BF6808050070B505460A
:1074D0000E46FFF7D9FF044678B9032D98BF084B35
:1074E000084896BF5A5D12220232314630F04EF8FB
:1074F000054B83F83256204670BD6FF03104FAE731
:107500006808050068380020483200200A4B93F8CC
:1075100032260270002203F21F63114613F8010F96
:107520000131002808BF01321229F7D1122A03487D
:1075300008BF0020704700BF483200206838002094
:107540002DE9F047254EDFF898A088B09146074610
:10755000884633F0E8F83468B0FBF4F2002502FB0B
:1075600014043368AB4202D84FF0FF302AE0DAF857
:10757000183603EB840213F824305178D07843EAAC
:107580000123917800F00F0243EA014353EA0261BC
:107590001BD01C2301AA0009F3F79AFDA8B9082201
:1075A000394601A82FF0CBFF78B912220DF10E0158
:1075B00048462FF0EBFF9DF80C3003F0070388F8E6
:1075C000003060B208B0BDE8F0873368013401359F
:1075D000B4FBF3F203FB1244C3E700BF64010020D5
:1075E00048320020F0B58FB0002304460E468DF8D7
:1075F00003300DF07FFB60B101AA0DF103012046BD
:10760000FFF79EFF013037D16FF01B0528460FB002
:10761000F0BD2248082221462FF091FF20BB0DF13A
:107620000300FFF773FF04460028EDD09DF80370B8
:1076300021463846FFF728FF054600282BD11EB902
:1076400017483C2132F056FE164B93F8653F9B07D6
:1076500014D5032F98BF144B144994BFDA5D102240
:1076600030462FF093FFD1E711490C4808222FF044
:1076700066FF0028D3D0C7E701ACD7E7032F9BBF35
:10768000094BD95D1221023106AA20460EF0D0FA2C
:10769000102206A9E4E76FF02B05B7E70C380020AD
:1076A0005D080500483200206808050018380020F1
:1076B0005E0B05002DE9F0430E468BB08146114666
:1076C000304617469846FFF7DFFE0546002831D1C1
:1076D00005AA0DF107014846FFF732FF013027D018
:1076E000032E9BBF164B9A5D12220232394605A823
:1076F0002FF025FF98B105AC003C18BF01248DF890
:107700001040104C8DF8116002AB0D20C4F81C36EF
:10771000CDE9029714F06CF80023C4F81C36B8F1D8
:10772000000F0AD0284643460BB0BDE8F043184787
:107730002C46E1E76FF03105F1E70BB0BDE8F083CF
:107740006808050048320020F0B50C2191B00646CB
:1077500032F024FD0822014604460DEB02002FF012
:1077600015FF04AA0DF1070102A8A768FFF7E8FEBC
:10777000431C054629D01C22002109A82FF011FF27
:10778000154AD2F8183603EB85030024D9786FF335
:107790000711D970D2F8183603F8254003EB85039A
:1077A0000D20DA785C7022F00F029C70DA7014F011
:1077B0001FF86FB10121304632F0F0FC3146047001
:1077C000384614F00FFF11B0F0BD6FF02A04F0E757
:1077D00030460FF0F9FFF6E7483200202DE9F04778
:1077E000042188B0064632F0D9FCDFF8A8A0D0F812
:1077F0000090274F0025DAF80030AB4212D8002461
:107800000D2013F0F5FFB9F1000F3BD001213046F8
:1078100032F0C4FC31460470484608B0BDE8F04779
:1078200014F0E0BED7F8183603EB850213F82530C4
:107830005178D07843EA0123917800F00F0243EAAF
:10784000014353EA02614FEA850819D01C2301AABB
:107850000009F3F73DFC04460028D1D1D7F81836CB
:107860004344DA7860F30712DA70D7F8183603F871
:1078700008004344DA78587022F00F029870DA70EA
:107880000135B8E7304608B0BDE8F0470FF09CBFBF
:1078900048320020640100202DE9F04F05218BB013
:1078A000044632F07BFC382190F80090D0F801803B
:1078B000DFF8A0A0DFF8A0B0204610F015F80025F2
:1078C00001902E462F46DAF80030BB4215D800232F
:1078D0000193B8F1000F39D00421204632F05EFC4C
:1078E000019B0370457080F80290C67021464046A7
:1078F00014F078FE0BB0BDE8F08FDBF8182602EB31
:10790000870312F827105A78D87841EA02219A782A
:1079100000F00F0341EA024151EA036114D01C2335
:1079200003AA0009F3F7D4FB03460028D0D14D4544
:1079300009D3012E07D8019B1C2202FB063003A9A4
:107940002FF024FE013601350137BCE720460FF049
:107950003BFFCFE764010020483200202DE9F04FC3
:10796000052189B0064632F019FC002790F800A0E6
:10797000D0F80180DFF8BC90DFF8BCB03C46D9F805
:107980000030A3422ED8B8F1000F4DD06FF01B0588
:107990001C21304632F002FC04461C2200212FF04C
:1079A00000FE2570BDB9082201A9601C2FF0EEFD74
:1079B0009DF80C2002F00703520758BF1C4A63725F
:1079C00058BFD25C04F10A0054BF023212220DF1FA
:1079D0000E012FF0DBFD3146404614F003FE09B0E6
:1079E000BDE8F08FDBF8182602EB840312F82410B0
:1079F0005A78D87841EA02219A7800F00F0341EAD8
:107A0000024151EA03610AD01C2301AA0009F3F7DD
:107A10005FFB05460028B6D1574502D00137013437
:107A2000ADE7B8F1000FB3D130460FF0CDFED6E789
:107A300068080500640100204832002030B5114B71
:107A4000D3F8342A042A1AD8D3F8302A03F6382473
:107A500002EB82021519A0502971D3F8342A0132A1
:107A6000C3F8342AD3F8302A05210132B2FBF1F1F0
:107A700001EB8101521AC3F8302A012030BD0020E9
:107A8000FCE700BF4832002010B5124CD4F8343A5D
:107A90001BB911483F2132F02DFCD4F82C3AD4F810
:107AA000341A01330522B3FBF2F202EB82020139F0
:107AB0009B1AC4F8341AC4F82C3A49B1074A03EBAC
:107AC00083039918BDE810400979D05814F08ABD95
:107AD00010BD00BF483200206C080500803C00202B
:107AE00013B5164CD4F8343AABB1D4F82C1A144B65
:107AF00001EB81011944052268462FF047FDFFF78D
:107B0000C3FF9DF804100098D4F8344AFFF796FF9D
:107B100050B902B010BD0B48542132F0EBFBD4F841
:107B2000343A002BF5D0E0E7002CF2D19DF8041098
:107B30000098422214F060FEEBE700BF48320020BC
:107B4000803C00206C080500F8B5084B0546D3F8CA
:107B5000347A0E46FFF772FF044620B11FB9314652
:107B6000284614F03FFD2046F8BD00BF48320020F3
:107B700060B1A0F11703082B27D8183807280ED8B2
:107B8000DFE800F0111717171B1B1B1FA1F10B03D8
:107B90000F2B1DD8104B1944116000207047182975
:107BA00016D80E4BF7E7A1F13803142B10D80C4B65
:107BB000F1E737290CD80B4BEDE73D2908D80A4BE4
:107BC000E9E71A2904D8094BE5E76FF00900704787
:107BD0006FF00A00704700BF323100204D310020A5
:107BE0002E3100207B310020B3310020F131002004
:107BF000014B987C10F0E4BD6C2E002030B589B0AC
:107C0000044632F088FA2146054602A831F048FDC4
:107C10002B5C013B2A18072B1ED8DFE803F021520A
:107C20001D261D3F045E00253748019501AA2946FF
:107C300014F0E0FF10F11C0F0ED1344B93F8703F9D
:107C400013F0020F0CBF0820142014F0C3FB2946C8
:107C5000421C2D4814F0D0FD20460FF0B5FD13E076
:107C60002B48214614F0BEFC0EE0204632F0E8FA24
:107C7000EB2805D0002102A801F03CFF013005D11E
:107C800002A9204601F004FF09B030BD21480122BD
:107C9000214614F077FC0028F6D0F1E79DF81D305E
:107CA0009B09032BD8D10921204632F077FA04A989
:107CB000054608222FF06AFC002317482B72214644
:107CC000D0E7164B93F8E43003F01C030C2BC3D120
:107CD00002A9204601F0BCF9D6E7104B93F8E52045
:107CE0009206B9D593F8F220032AB5D193F8E6208D
:107CF0000B4842F0020283F8E6202146002214F0ED
:107D000041FC0028C0D0A7E7C598010048320020F8
:107D1000AD930100699B0100EDDD01006C2E002098
:107D2000C5A7010030B52B4C87B0054613220021B2
:107D300001A82FF036FC94F8D4303BB994F8E43025
:107D4000DA0703D403F01C030C2B09D1E8212846E1
:107D500032F07DFA2048294614F044FC07B030BDCB
:107D600028460F2184F8D45032F018FAA3884FF631
:107D7000FD72934205461DD802228DF80420ADF80D
:107D800006302B788DF80530032B1ED10822691C94
:107D90000DF10E002FF0FAFB94F8E43043F00103EC
:107DA00084F8E430D5F80B30C4F8C43201A802F0EE
:107DB00087F9D3E70323082204F13E010DF1060001
:107DC0008DF804302FF0E2FBDBE7B5F80130ADF8B9
:107DD0000E30E1E76C2E00207149020010B50D4C09
:107DE00094F8E530DA0704D40B4840F62E1132F04F
:107DF00081FA94F8E43043F0800384F8E43094F896
:107E0000E5309B0704D4A07CBDE8104010F0D8BC3E
:107E100010BD00BF6C2E00208008050013B5114B6B
:107E2000D3F8CC3204463BB10DF10702984718B99C
:107E30009DF907007F280CD16CB1A4F11803072B22
:107E40000BD9172C0BD0084840F6ED2132F052FA2E
:107E50007F2002B010BD1420FBE70E20F9E71E20A2
:107E6000F7E700BF6C2E00208008050038B52D4DC7
:107E70000B2421460020FFF7D1FF0134E4B21B2C74
:107E800005F8010FF5D1284D0024E1B21720FFF7C6
:107E9000C5FF0134192C05F8010FF6D1234D382404
:107EA00021461820FFF7BAFF0134E4B24D2C05F843
:107EB000010FF5D11E4D00241A2CE1B22ED9232C2E
:107EC00034BF1A201B202331C9B2FFF7A7FF0134AA
:107ED000382C05F8010FEFD1164D00241A2CE1B211
:107EE0001ED9232C34BF1D201E202331C9B2FFF719
:107EF00095FF01343E2C05F8010FEFD10E4D002403
:107F0000E1B21F20FFF78AFF01341B2C05F8010F97
:107F1000F6D10A4B012283F8D02238BD1920D2E7CE
:107F20001C20E2E73C3100204C310020653100206C
:107F30007A310020B2310020F03100206C2E002078
:107F400010B5044603F032FC78B1094B9B7C23B991
:107F500021884FF6FF72914208D0237D1B0704D57C
:107F6000607D10F0300018BF012010BD1846FCE7FE
:107F70006C2E00202DE9F04796B00146044608A873
:107F800031F08EFB014620460FF00EFD9DF8353096
:107F90000646980740F19980204632F0C6F802AABA
:107FA00001460546304632F0A7F90746002800F0A2
:107FB0008C800299A94200F0888020460FF0F4FCE2
:107FC0009DF8345015F00705064600F0AE80032DED
:107FD0007BD1204632F0A9F802AA0146304632F0A1
:107FE000ABF9002871D0029BF35C072B6DD12046C2
:107FF00032F091F80646204632F097F896F90120C3
:108000007378002A074660DB327851065DD15B0049
:1080100043EAD2135BB27E2B57D19DF835309B09D2
:10802000032B52D10222002101A82FF0BAFA2022FC
:1080300000210EA82FF0B5FA0225BB1E012B40F23D
:10804000368173195B78DA0900F03181715DC3F311
:10805000C3021B0203F4E063A81C19434518AF4296
:10806000C0F02481022A0AD00F2A00F02381012ABD
:1080700003D101AA304432F0E2F97B1BDEE70EAAFD
:10808000304432F082F9F8E79DF80430EBB19DF806
:1080900005309C4E13F001030ED196F8C920012A39
:1080A00033D0022A11D0002A00F01281964840F203
:1080B000855132F01FF90BE1B27D96F8C93042B913
:1080C000012B24D0022B00D01BBB20460FF07CFBE1
:1080D000CAE08E4A012B92F86E7F10D0022BF4D0AA
:1080E000EBB9BD06F1D4F3E006EBC101082249313A
:1080F0000AA82FF024FA0135002800F0E98096F84C
:108100004830E9B28B42EFD8DFE71D46F7E7154666
:10811000F5E77D4840F2855132F0ECF8D5E77A4832
:1081200040F2855132F0E6F8DBE7204631F0F3FF0C
:108130000646204631F0F9FF8146204632F0ADF97F
:108140002022804629460EA82FF02BFA96F901200E
:108150007378002AB9DB32785006B6D15B0043EA67
:10816000D2135BB27E2BB0D10225A9EB0503012B04
:108170007DD8A945A9D1002FA7D09DF83830002B74
:10818000A3D09DF835305F4E9B098DF80C30082246
:10819000BDF83030ADF80D300AA90DF10F002FF009
:1081A000F5F996F83C308DF8183002220DF14201B5
:1081B00096F83A308DF817300DF119002FF0E6F9E6
:1081C000BDF84430ADF81D30204600238DF81B303B
:1081D00032F069F98DF81C00204631F0A6FF411BF2
:1081E00020460FF0C3FB022120460FF0DDFB96F87E
:1081F000E530990606D5F37D23B1434840F2CB41E3
:1082000032F078F8542120460FF072FC54220546D3
:1082100000212FF0C6F9012385F84F309DF8363044
:108220006B70002385F85130204631F07EFF5438C2
:1082300085F85200132203A9A81C2FF0A7F995F87E
:10824000522095F85130324885F85380134485F810
:108250005030214614F0C6F996F8E5309A0603D559
:1082600043F0800386F8E53016B0BDE8F087731957
:108270005B78DA093FF47DAF715D1A0202F4E062C7
:108280001143023505EB010AD145C3F3C303FFF4E3
:1082900070AF022B04D00F2B3FF46DAF554664E74F
:1082A0000EAA701932F071F80746F7E70546AF429B
:1082B0007FF40BAF9DF84850002D3FF4E5AE154913
:1082C00008220DF14A002FF03AF900287FF4FDAEA4
:1082D000114803AA002114F08DFC10F11C0F7FF44B
:1082E000F4AE0A4B93F8703F13F0020F0CBF082056
:1082F000142014F06FF80021421C074814F07CFA97
:10830000E3E600BF6C2E0020800805004832002004
:1083100061FD0100882E0020D598010038B50E4D72
:108320000E4C0C21284632F00CFA0822002120467F
:108330002FF037F90FF0FAF984F89F0002F086FC6D
:10834000F1F702FF40F2FF136B60F1F7E3FE002349
:1083500084F8923238BD00BF602E0020AA2E002083
:1083600038B50146044601220B4814F00BF988B1D8
:108370000221204631F012FF02214578204631F0DB
:108380000DFFF1230370457021460448BDE83840D5
:1083900014F028B938BD00BFCD8C0100B5480200EB
:1083A0002DE9F04F674C94F8E5305E0787B005463D
:1083B0008A4604D4644840F6620131F09BFF94F889
:1083C000E530D80707D594F8E83023B95E4840F681
:1083D000640131F08FFFBAF1FF0F04D15A4840F623
:1083E000650131F087FF94F8E530DFF8648123F010
:1083F000030343F00303284684F8E53031F08BFE95
:1084000098F8753F990606460BD5037823F00803C4
:1084100043F00803037098F8753F6FF3451388F82D
:10842000753F2946684631F03BF99DF81530C3F396
:108430008103032B59D0022B59D1BDF800704FF6A0
:10844000F7739F428CBF0027012796F80090DFF852
:1084500004B119F020094FD0DBF80420B3789A4218
:1084600047D194F8DE30AB4243D194F8DF90A9EBCA
:108470000A02D2F1000949EB0209F1F765FEB3786F
:10848000CBF80430F1F746FE94F8E4302F4884F836
:10849000DE506FF3C7130022FF2184F8E43084F824
:1084A000DFA014F017FB98F8753F94F83A2003F01A
:1084B000400313434FF0000684F8E06014BF032428
:1084C0000124B9F1000F35D18FB303F0D1FA214661
:1084D000284610F003F9284631F0A9FE430601D5DD
:1084E00003F026FB07B0BDE8F08F0127ADE70027BA
:1084F000ABE74FF00009C0E7F1F726FE40F2FF13AB
:10850000CBF80430F1F706FE94F8E43094F83A2002
:1085100084F8E09069F3C71384F8E43098F8753F65
:1085200003F0400313430CBF01240324CCE703F002
:10853000E1FACCE703F0C8FA3146204610F0B6F86D
:10854000C9E700BF6C2E002080080500DD7D01001A
:1085500048320020602E00202DE9F0438DB0F2F764
:108560002FF908B910F09AF8F1F7EEFDF2F728F9B3
:108570000546C04CF1F7CEFD002D38D0012031F07A
:108580006BFD0546002879D0F1F7DEFDF1F7C2FD5D
:108590002846F2F71DF9064618B300200FF00AFB33
:1085A000284631F0C2FD20B9B34840F2FA2131F03B
:1085B000A1FE284631F0AFFD2946804606A831F0DD
:1085C0006FF82946064606A803F064F906A8FFF7E7
:1085D000B7FC002854D128460FF0F6F803F094FABF
:1085E00005E028460FF0F0F830460FF0E3FAF1F717
:1085F000ABFD10F053F80646A04DF1F78BFD002EB1
:1086000000F07A8194F8E5306FF3410384F8E530A7
:108610002B68012B40F05A81E12384F8E03003F00D
:108620007DFA00229648FF2114F054FA6A6840F25D
:10863000FF139A4214D094F8E430DB0910D1D4F837
:10864000D820904B9A4240F03B8194F8DE0030F005
:1086500087FF002800F034818948002113F0C2FF11
:1086600094F8E030002B00F038816A6840F2FF1384
:108670009A4240F0328103F011FA2EE10120B4E772
:1086800028469DF82F7031F050FD02378742A2D85E
:1086900094F8E430D80703D403F01C030C2B29D141
:1086A0000022FF21784814F015FA0022114677487D
:1086B00013F068FF284631F038FD9DF82F30023363
:1086C00098420CD128460FF07FF894F8E430EB2064
:1086D0006FF3410384F8E43001F088FC87E794F8F5
:1086E000E4306FF34103D90784F8E43002D5002069
:1086F00001F07CFC94F8E5309A060CD594F8F23041
:10870000042B1DD8DFE803F01803031203009DF8C3
:108710002C305B0710D19DF82D30C3F30112022AD3
:1087200014D15B48294613F05DFF60E79DF82C30BB
:1087300003F00703032BEED028460FF045F856E769
:108740004D4840F29D3131F0D5FDE4E79DF82C70A5
:1087500007F00707012F73D0032F00F08480002F4C
:108760007FF439AF284631F0D6FC30F014FF0646CE
:10877000284631F092FE8046284631F0D6FC331D63
:108780009842FFF428AF9DF82D309B09082208A9D4
:108790008DF804300DF10700BDF82830ADF8053034
:1087A0002EF0F4FE94F83C308DF81030284694F802
:1087B0003A308DF80F3031F0AEFC9DF82F100222C8
:1087C00001440DF111002EF0E1FE28468DF81370E2
:1087D00031F069FE31468DF8140028460FF0E4F8B8
:1087E000022128460FF0C2F8284631F09EFC5421A1
:1087F000814628460FF07CF99DF82E3043700646DE
:1088000080F84F70132201A902302EF0BFFE3946C6
:10881000392206F115002EF0C4FE37701D4886F887
:10882000509086F85380294613F0DCFE94F8E5302A
:108830009F067FF5DCAE43F0800384F8E530D6E692
:1088400018F80630C3F38303032B09D194F8D03012
:10885000002B7FF4C0AE0FF097F900287FF4BBAE79
:108860000D4829465FE79B09032B19D00B48294681
:1088700059E700BF6C2E002080080500602E002004
:10888000DD7D0100ED9C0100ED9F0100F17B010009
:10889000757F010061FD0100FDA50100FD7B010068
:1088A0009D49082208A82EF04AFE00283FF493AE06
:1088B0009A49082208A82EF042FE0028D6D18AE65E
:1088C000E2689748002113F097FFC9E62B68042B54
:1088D0003FF4C2AE002384F8E0300FF0D9FE00224E
:1088E0002A60696840F2FF13994202BF94F8E530AC
:1088F00062F3000384F8E530AB68002B41D06A686E
:1089000040F2FF139A423CD0AB68012B40F2CF807B
:1089100094F8E430DE0700F1CC8003F01C03A3F1EF
:108920000C004342434194F8E420002663F34102E3
:1089300084F8E420AE60F1F707FC40F2FF136B60AF
:10894000F1F7E8FB94F8E430754866F3C713324654
:10895000FF2184F8E43014F0BDF894F8E53084F891
:10896000DE6066F3000384F8E530A37C84F8E860F9
:108970003BB994F8E4309907C3F3400001D40FF0F9
:108980001FFF6A6840F2FF139A4232D194F8E53033
:10899000DA072ED49F072CD4F1F712FF48BB0FF053
:1089A0007DFE064628BBD4F8D83023B194F8DC000D
:1089B0009847C4F8D8605B4E3369D3B1B36894F874
:1089C000E52006F1140103EB8303581842F004027A
:1089D00084F8E520CB58007998473369013B33612F
:1089E000B36811220133B3FBF2F202EB02129B1ABD
:1089F000B36094F9E430002B35DAF1F7E1FE90BB77
:108A00000FF04CFE78BB94F8E5309E07C3F34002AC
:108A100029D44348AA60FF2114F05CF894F8E830A8
:108A2000227D0133DBB29A4284F8E83043D2A07C45
:108A30000FF0C6FEF1F788FB40F2FF136B60F1F711
:108A400069FBB4F8E43023F4C073A4F8E430E923FC
:108A500084F8E030D4F8D830002584F8DE5084F86B
:108A6000E850002B4BD194F8E5306FF382039D065C
:108A700084F8E530DAB216D494F8E43013F01C0F21
:108A800011D1D0070FD4274C216961B9D9070AD475
:108A9000930708D4F1F794FE28B90FF0FFFD10B941
:108AA00094F80A31ABB300200DB0BDE8F083002389
:108AB00039E7012337E7D4F8D8201B4B94F8DE00C0
:108AC0009A4203D130F04CFD0028B0D094F8DE304B
:108AD00023B9164840F2D91131F00CFC0FF0D8FD43
:108AE00000232B6094F8E53094F8DF1094F8DE0052
:108AF00043F0040384F8E530FFF752FCB3E702F0DB
:108B0000CDFFD4F8D83094F8DC009847C4F8D8509A
:108B1000A9E76FF00100C7E75E0B0500560B0500E3
:108B2000DD7D010048320020ED9C01008008050039
:108B300010B50F4B93F8D42004464AB12046F121DA
:108B400031F085FB21460B48BDE8104013F04ABDCB
:108B500093F8E43013F00102F0D103F01C030C2B66
:108B6000ECD00146044813F00DFD0028E6D110BDFD
:108B70006C2E002071490200257D0100014BC3F8D5
:108B8000CC0270476C2E002010B5084C94F9C92215
:108B9000824209D084F8C902F1F73EFD04F2C920EF
:108BA000BDE81040F1F74ABD10BD00BF6C2E00209B
:108BB00010B5034C2046F1F741FD94F9000010BDBB
:108BC0003531002073B53F4C94F83A30FF2B0D46F9
:108BD00009D1FF2884F83A0084F83B0084F83C105F
:108BE00017D102B070BDFF2805D14FF6FF73638720
:108BF00084F83C10F5E7B0FA80F1B3FA83F2490942
:108C00005209914210D084F83A0084F83B0084F86D
:108C10003C50002846D10423A3600223E36094F86B
:108C20003A30FF2B10D1DCE7A3F117014B42A0F142
:108C300017064B4172427241934284F83A0084F81D
:108C40003B0084F83C50E4D194F83C30FF2BC8D072
:108C500094F8D0320BB9FFF709F994F83C1094F866
:108C60003A00FFF7DBF894F83C1084F8C802064697
:108C700001AA94F83A00FEF77BFFF0B9019E96F93D
:108C80000000FFF781FF94F9C93233702846F1F7ED
:108C9000B7FCA07C003818BF012002B0BDE87040CE
:108CA0000FF08EBD10F0170F01D00523B4E7064872
:108CB00040F69D2131F01EFBB1E73046FFF764FF1F
:108CC000E4E700BF6C2E00208008050070B500218D
:108CD000054631F0BCFA0221284631F05FFA1E4CFD
:108CE000FF210646084684F83B10FFF76BFF3378F8
:108CF000012B01D101F0AAFF6088F1F7E5FB00220A
:108D0000FF21164813F0E6FE94F8E53014486FF39F
:108D1000451384F8E5300022FF2113F0DBFE94F8C0
:108D2000D40020B10EF050FD002384F8D430A07C94
:108D3000767808B90FF044FD0221284631F02EFA6A
:108D400000234670037002F0DBFD29460548BDE8AC
:108D5000704013F047BC00BF6C2E00200DB0010026
:108D6000ED9F0100B54802002DE9F0430E2187B0C8
:108D7000804631F013FA0022817A304D07460320F5
:108D800000F0A6F900F102090646494695F8DD0013
:108D90000EF0AAFD044618B92948FD2131F0AAFABF
:108DA0004A46002120462EF0FCFB0222002105A8A5
:108DB0002EF0F7FB9DF8143023F0270343F0230334
:108DC0008DF81430B97A05A800F020FA9DF8153016
:108DD00005A823F0300303218DF8153000F002FAC6
:108DE000EB7C8DF8163039460133EB7431F8023BD9
:108DF000ADF81230082268462EF0C8FB08224FF664
:108E0000FF730DEB02000F49ADF810302EF0BEFBE2
:108E10006946204600F098F90122A255A3197A7BF1
:108E20005A7095F8DD00084BC5F8D830314685F802
:108E3000DC80FFF7B5FA07B0BDE8F0836C2E0020A8
:108E400086080500AA2E0020E98F010070B50E21CA
:108E500086B031F0A3F90F4D0446032629460822B7
:108E60000DF106008DF804602EF090FBA37A8DF8CA
:108E700005300822A11C0DF10E002EF087FB95F89D
:108E8000A63001A866F3840385F8A63001F018F92E
:108E900006B070BDAA2E0020E829F8B504460D469C
:108EA00044D0234991F8E430C3F34112013262F314
:108EB000461381F8E430DAB203F07C03102B27D09C
:108EC00001270B21204631F069F90B2206460021CB
:108ED0002EF067FB2946204631F0B9F91548B570E8
:108EE000214613F07FFB07B3114D95F8D430A34210
:108EF00004D0114840F2AB1131F0FCF995F8E430A0
:108F0000002262F3840385F8D42085F8E4300CE075
:108F10001346052262F3840381F8E43000220146FF
:108F2000064813F02FFB0028CAD1F8BD0027C8E778
:108F30006C2E002049080200860805004D8E0100B5
:108F400010B5014604460022054813F01BFB28B16A
:108F50002046F121BDE81040FFF79EBF10BD00BFC5
:108F6000658F01002DE9F0411D4C0E21064631F0C0
:108F700015F994F8E45094F8D42005F01D05154334
:108F8000034602D1827A022A05D0E8213046BDE8A4
:108F9000F041FFF781BF1F88197BC07A84F8E05049
:108FA0001FFA87F8FFF70EFE4046F1F78DFA04F13D
:108FB0003E006780F1F79EFA0A4884F8D4602A469A
:108FC000314613F0DFFA08B1F121DFE794F8E4301D
:108FD000012262F3840384F8E430BDE8F08100BF2D
:108FE0006C2E0020698D010010B40E4B93F8E42024
:108FF000022464F3840283F8E42093F8E02001461D
:109000005AB993F8E40062F3461083F8E4005A7DFD
:1090100005485DF8044B13F0EFBB5DF8044B1146B7
:10902000FFF73ABF6C2E00202D90010010B50146CD
:1090300004460022054813F0A5FA28B12046F12184
:10904000BDE81040FFF728BF10BD00BF4D8E0100E6
:109050002DE9F0411C4C0F4606460B2194F8D40034
:10906000904631F09BF8414605460246384600F0EE
:10907000E1F80822E91C04F12C002EF087FA2B8875
:10908000A380A97894F8D40031F0E1F8AB782BB143
:109090004FF6FF7363804FF6FE73A380A088F1F74D
:1090A0003BFA94F8D410094813F09CFA94F8E43091
:1090B0006FF3840384F8E430002384F8D43030461E
:1090C000BDE8F0410EF080BB6C2E00204908020084
:1090D00038B50D465AB160B3831E012B13D9194818
:1090E000C62131F007F98DB90724204638BD00B3F9
:1090F000831E012B19D91348C62131F0FBF8072430
:10910000002DF2D003E061B1032814D00524AB1E7A
:10911000012B12D90B48D72131F0ECF80434E4B21A
:10912000E3E70328E0D10D24DFE70328E7D10D248E
:10913000E6E70324E4E70B24E9E7032DEED10A3444
:10914000EDE700BF9608050038B50C46054600B1AE
:1091500019B92348F02131F0CDF8022204F11401AD
:1091600028462EF013FAA37DAB70637D13F00C0F2D
:10917000C3F3810216D1E81C637D9B0911D0227DC7
:10918000520607D40246218A02F8021B218A090AE4
:1091900041701046022B1CD12389037023891B0ABE
:1091A000437038BD638AEB70638A022A4FEA132347
:1091B0002B7106D123886B7123881B0AE81DAB71C4
:1091C000DAE708222146681D2EF0E0F905F10D00CE
:1091D000D2E70822A118BDE838402EF0D7B900BF69
:1091E00096080500032938B504460D4604D90648FB
:1091F00040F22F1131F07EF8637803F03F0343EA29
:109200008511617038BD00BF96080500032938B587
:1092100004460D4604D9064840F23D1131F06AF883
:10922000637823F00C0343EA8501617038BD00BF09
:109230009608050013B503461446D01C5A7D0191CB
:109240009209032A4FF0080217D199182EF09EF9BF
:10925000019B1B78022B04D00A4840F2571131F0D1
:1092600049F8019B01A901332046019331F027FA07
:10927000019B1B78A37002B010BD00212EF091F964
:10928000E6E700BF960805002DE9F04118228CB0F2
:10929000064600210DEB0200414D2EF082F900231D
:1092A0000B213046CDE90033ADF8083085F8E030C9
:1092B00030F074FF0B22014603A82EF067F903215A
:1092C00001220846FFF704FF00F104080746414663
:1092D00030460EF009FB044618B93248782131F0C7
:1092E00009F84246002120462EF05BF902220021B7
:1092F0000BA82EF056F99DF82C3023F0670343F0AD
:10930000630303210BA88DF82C30FFF77FFF9DF836
:109310002D30032123F030030BA88DF82D30FFF7FB
:1093200061FFEB7C8DF82E300133EB7408226B88E3
:10933000ADF82A3003A906A82EF028F96B881A493F
:10934000ADF82830082208A82EF020F906A92046FA
:10935000FFF7FAFE0222E255E319BDF814205A7015
:10936000BDF81420120A9A709DF81620DA7003A92D
:109370000323082268468DF808308DF809602EF026
:1093800005F9684600F098FD013005D195F8E01028
:109390003246304600F044FC0CB0BDE8F08100BF1E
:1093A0006C2E0020A3080500AA2E00202DE9F04312
:1093B00087B0044630F0AFFE21460546684630F0DF
:1093C0006FF90B210544204630F0E8FE6B784372BC
:1093D0000646204631F067F8771C0822B0720DEB84
:1093E0000201384600252EF0D1F8DFF854803570A0
:1093F000114E4FF00A093268EBB2934204D3214672
:109400000E4813F0EFF813E0D8F8FC1009FB031135
:109410004B7A0BB90135EEE70B7A032BFAD1082210
:1094200038462EF08CF80028F4D120460EF0CCF906
:1094300007B0BDE8F08300BF74010020D1DC01005B
:109440006C2E002038B50821054630F0A7FE114CDF
:10945000437984F829300F2B18BF8379E380B0F863
:1094600001306380C1780079FFF7ACFB0A48F1F75F
:1094700041F8A088F1F750F86088F1F725F8284600
:10948000002130F0E4FE29460448BDE8384013F0DE
:10949000A9B800BF6C2E0020AA2E00206503020090
:1094A000F7B5164D95F8D4600B21304630F076FEB6
:1094B0000822014668462EF069F81621304630F041
:1094C0006DFE032795F8E0308374044605F13E01F4
:1094D000077208222EF05AF808226946677404F1D0
:1094E00009002EF053F86B88A4F81330012363753C
:1094F0003146034813F076F803B0F0BD6C2E00201F
:1095000061DE01002DE9F0414B4E4C4C96F86E3F68
:1095100094F8282003F02203134386B07DD0002264
:1095200011460220FFF7D4FD94F828700437074451
:10953000FFB20546394694F8DD000EF0D5F98046B5
:1095400020B93F4840F2D91130F0D4FE3A4600210C
:1095500040462EF026F81822002168462EF021F809
:109560009DF81430022123F0070305A88DF814306C
:10957000FFF738FEBDF8143023F4405323F01003F6
:10958000ADF8143094F82A308DF81630013384F891
:109590002A306388ADF8103008EB0507A388ADF8D2
:1095A000083069464046FFF7CFFD022200213846C9
:1095B0002DF0F7FF18F80530224903F0F00308F802
:1095C000053094F8293003F00F0308F80530E288DD
:1095D00043EA021308F805307B7823F01F0343F0B9
:1095E0000F037B70227E43EA021303F0BF037B70FC
:1095F00094F8462043EA821303F07F037B70A27D38
:1096000043EAC2137B7094F82820381D2DF0BEFF6A
:1096100094F8DD002946FEF7C3FE96F86E3F9A07E0
:1096200006D56FF34103084886F86E3F30F022FDFF
:1096300006B0BDE8F08100BF483200206C2E00204B
:10964000B6080500852E0020F1EE010037B50D4C5F
:109650000B21054684F8D40030F0A0FD0A4BC4F875
:10966000D83084F8DC5094F83A300289019394F8A9
:109670003C30009301466388002000F0E1FF03B016
:1096800030BD00BF6C2E0020A19401002DE9F043F5
:10969000624C94F8283087B0002B00F0BC80002288
:1096A00011460320FFF714FD94F8285012350544A5
:1096B000EDB20646294694F8DD000EF015F9804615
:1096C00020B9574840F2331130F014FE2A460021E9
:1096D00040462DF066FF1822002168462DF061FFFC
:1096E0009DF8143023F007038DF814309DF81530E1
:1096F00023F0020343F00203032105A88DF815307F
:10970000FFF770FD9DF81530464923F0300343F014
:1097100020038DF8153094F82B308DF81630082280
:1097200001330DEB020084F82B306388ADF8103064
:109730002DF02CFF40466946FFF706FD002708EB99
:10974000060308F806703F225A7094F8282036491C
:109750000C329A7094F828200C32120A62F06F02D0
:10976000DA701B221A7119225A714A229A7194F8DE
:1097700028201F72043202F03F0262F07F0203F1E0
:109780000908DA7194F8282040462DF0FFFE94F87D
:10979000289008EB09050222394628462DF001FFE2
:1097A00018F8093003F0F00308F8093094F829306C
:1097B00003F00F0308F80930E28843EA021308F8BF
:1097C00009306B7823F01F0343F00F036B70227E88
:1097D00043EA021303F0BF036B7094F8462043EA98
:1097E000821303F07F036B70A27D43EAC2136B7098
:1097F000A388AB70A3886F711B0AEB7041232B7198
:1098000094F8C832AB71F823EF712B7294F8DD0035
:109810003146FEF7C5FD07B0BDE8F0836C2E002091
:10982000B6080500AA2E0020852E002070B508215C
:10983000054630F0B3FC42790F2A04463BD88379C1
:109840009A4201D20F2B36D11B4EB2884FF6FF73CE
:109850009A4230D0002386F8E0306379E0790F2B0C
:1098600008BFA371C0F3000300F0010086F8463082
:10987000F0F7FCFEE3795B0702D5002000F090FFD3
:1098800096F829300D480E2B98BFE3794FF000026F
:1098900098BFC3F34003294698BF337612F072FE97
:1098A00048B12846F12130F0D2FC29460448BDE8F1
:1098B000704012F097BE70BD6C2E002045940100E0
:1098C0006503020001460022014812F05BBE00BFA2
:1098D0000595010001460022014812F053BE00BF69
:1098E0008D96010010B5014604460022044812F08E
:1098F00049FE20B12046BDE810400DF065BF10BD07
:109900004D960100F0B58FB00146044602A82FF035
:10991000C7FE9DF81D60082204A968462DF036FE9A
:109920009DF81D00B60901223146C0F38100FFF702
:10993000CFFB0146054620460DF0D6FF074620B96D
:10994000264840F2591130F0D5FC2A46002138460D
:109950002DF027FE022200210DA82DF022FE9DF8F9
:10996000343023F0470343F0410331460DA88DF80E
:109970003430FFF74BFC9DF835309DF81D10184E24
:1099800023F030030DA8C1F381018DF83530FFF7C6
:1099900029FCF37C8DF836300133F3746946738803
:1099A000ADF83230082208A82DF0F0FD08220DEBAA
:1099B000020100230AA8ADF830302DF0E7FD08A918
:1099C0003846FFF7C1FB074BC6F8D830294620467A
:1099D00086F8DC40FEF7E4FC0FB0F0BDCB080500D4
:1099E0006C2E0020B7960400F8B5264D0A24D5F851
:1099F000FC304443234407465B7A23B9224840F2B3
:109A0000223130F077FCD5F8FC30204E2344002280
:109A10005A72D5F8FC301819017A022906D131683A
:109A20008A421BD10022114630F02FFD3268531EAE
:109A3000BB4212D9D5F8FC00D21B0A277A43E119A0
:109A40000A3A014420442DF08AFD3268D5F8FC30F2
:109A500007FB0233002203F8012CF8BD93F809C07C
:109A6000BCF1000F0AD093F808C0BCF1020F05D179
:109A7000B3F800E0B0F800C0E645D7D001320A33B1
:109A8000CEE700BF6C2E0020CB080500740100203B
:109A900038B504460D4619B90C48B12130F02AFCFE
:109AA0006B7D9B09022B0BD10121204630F076FB08
:109AB0000023037021460648BDE8384012F092BDED
:109AC0002046BDE838400DF07FBE00BFCB08050042
:109AD000D1C0020010B5014604460122044812F02C
:109AE00051FD20B12046BDE810400DF06DBE10BD07
:109AF000059901002DE9F843467D194FDFF8648090
:109B00000546B6090C464FF00A093B68A34203D844
:109B10004FF0FF30BDE8F883D8F8FC1009FB04F2E1
:109B20008818437A23B1032E0FD1037A032B01D077
:109B30000134EAE70822A9182DF001FDB0FA80F3FC
:109B40005B09002BF4D060B2E4E7022EF0D1037A77
:109B5000022BEDD12B898A5A9A1A53425341F0E7CE
:109B6000740100206C2E00202DE9F0418CB00146DC
:109B7000074668462FF094FD00216846FFF7BAFFBC
:109B8000244D0024061E85F8E04021DBEB213846F9
:109B900030F05DFBD5F8FC3006EB860603EB4603A0
:109BA00006A8597A2FF07CFDD5F8FC304FEA46081C
:109BB00043440646587A00F0BFFB90B10024164B90
:109BC000C5F8D830D5F8FC3043445B7A85F8DC30F2
:109BD000A74203D069463846FFF75AFF0CB0BDE8EC
:109BE000F081D5F8FC304344587A30F020FB10F077
:109BF0000E0F0BBFD5F8FC30084B434493F8A04A36
:109C000008BF5C7A002CD9D031462046FEF7C8FB4D
:109C1000D5E700BF6C2E0020ED9C010048320020EB
:109C200070B586B015460E46014668462FF038FDE1
:109C30001621284630F0B2FA31460446867428468A
:109C400030F005FB08220DEB020120462DF09EFCB2
:109C50009DF815309B0923720822694604F109001A
:109C60002DF094FC9DF815300748C3F3810363740D
:109C7000BDF81230A4F8133000266675294612F09C
:109C8000B1FC304606B070BD61DE0100F0B587B0B2
:109C9000044618220D46684600212DF082FC20461D
:109CA00030F039FA2146074668462FF0F9FC06469F
:109CB000204630F030FA037803F00703032B09D174
:109CC000BB5D022B06D1224629462046FFF7A8FF9E
:109CD00007B0F0BD044B01222946204683F8E0502E
:109CE00000F078FBF4E700BF6C2E00202DE9F04176
:109CF000DFF8B8802A4DD8F80020D5F8FC100446CB
:109D000086B000230A20DEB2964209D395F8E030EF
:109D10007BB1F021204606B0BDE8F041FFF7B6BFA9
:109D200000FB061701337F7AA742ECD195F8E030AB
:109D300013BB204630F0EFF90746214668462FF066
:109D4000AFFC3B7803F00703032B21D13B5C022BD4
:109D500018D195F8E01022462046FFF761FFD8F8A9
:109D600000309E4202D23046FFF73EFE00222146DE
:109D70000C4812F0AFFE02E0002385F8E03006B098
:109D8000BDE8F081084840F2C31130F0B3FAE6E7CD
:109D900095F8E0100122204600F01CFBDFE700BF31
:109DA0006C2E0020399F0100CB08050074010020B3
:109DB0002DE9F0430B2185B0054630F0EFF908227C
:109DC0000478B0F80130ADF80630C11C0DEB02008C
:109DD0002DF0DCFB0221284630F0E0F90222064695
:109DE00000212DF0DEFB022C747054D9E82333706F
:109DF00029462C4812F0F6FB05B0BDE8F083D8F8F0
:109E0000FC200A247C4311194B7AFBB10B7A022BFC
:109E10002FD1BDF80610135B8B4217D14FF6FF729E
:109E2000934213D0D8F8FC301F4823440022597ABB
:109E300012F050FED8F8FC302344DA21587AFFF7AC
:109E400025FFD8F8FC30234400225A720137D9F894
:109E50000030BB42D3D8BDF806204FF6FF739A42BC
:109E600005D0002211460DF1060030F00EFB002354
:109E7000BDE7032BEAD108220DEB02002DF05FFBBA
:109E80000028E3D1082209490DEB02002DF057FB11
:109E90000028C7D1DAE7DFF81890DFF8188000272C
:109EA000D5E700BF75D70100399F0100560B0500AB
:109EB000740100206C2E0020F8B51C4C94F8E5309D
:109EC00043F0080384F8E530194B06461968D4F8C6
:109ED000FC0000220A25D3B2994206D80BD1F12307
:109EE00084F8E0304FF0FF30F8BD05FB0307013286
:109EF0007F7A002FEFD10A2202FB03F53146284476
:109F00002DF044FBD4F8FC30228A0A482B44597ABD
:109F100012F072FC337A022B04D100220121304668
:109F200030F0B3FA6FF01400DEE700BF6C2E0020B3
:109F300074010020399F0100F8B5134B1968134BC9
:109F4000D3F8FC5000220A26D4B28C4206D3BDE8D6
:109F5000F8400F484FF42D7130F0CCB906FB045790
:109F600001327F7A8742EFD1D3F8D8201AB193F823
:109F7000DC30834202D0F021FFF788FE2046BDE8A6
:109F8000F840FFF731BD00BF740100206C2E0020A7
:109F9000CB08050008B500B30178012911D00229CA
:109FA00017D009B1E82008BD8378022B01D10A46F9
:109FB00002E0032BF6D10122BDE80840033030F067
:109FC00064BA8378022B01D10022F5E7032BE9D193
:109FD000EDE7F0F7D7FB0020E5E7034840F2C33197
:109FE00030F088F9DEE700BFCB08050038B51E4C1D
:109FF00094F8D430054673B3002211461B4812F082
:10A00000C1FA00221A48FF2112F064FD94F8E430EE
:10A0100003F01C020C2A0BD1042262F3840384F89F
:10A02000E43094F8D4002946BDE83840FEF734BF48
:10A03000DA0711D56FF3000394F8D40084F8E43004
:10A04000294630F004F994F8D4100A4812F0CAFAFC
:10A05000002384F8D43038BDBDE83840064840F2CB
:10A06000323130F047B900BF6C2E0020F17B010087
:10A07000ED9F010071490200D908050010B50E4B93
:10A0800093F8E0403CB1987C0EF09AFB2046BDE886
:10A090001040FFF7ABBF93F8E420920706D5BDE868
:10A0A00010409A680548EB2112F0A6BB987C0EF090
:10A0B00087FBEB20EBE700BF6C2E0020ED9F01003B
:10A0C000F0B5447887B00546002C5AD02146007878
:10A0D0000122FEF7FDFF04462C4E05F10A0108227D
:10A0E00068462DF053FA08227388ADF81230002725
:10A0F000A91C0DEB0200ADF810702DF047FAF37CAF
:10A100008DF8163002220133394605A8F3742DF07C
:10A1100048FA9DF81430697823F0670343F063032D
:10A1200005A88DF81430FFF771F89DF815302978DF
:10A13000671C23F0300305A8FFB28DF81530FFF738
:10A1400051F896F8DD0039460DF0CEFB054618B9FA
:10A150000F489C2130F0CEF83A46002128462DF0D9
:10A1600020FA69462846FEF7EFFF04232B552146C7
:10A17000084B96F8DD00C6F8D830FEF711F907B0A5
:10A18000F0BD03487D2130F0B5F8A5E76C2E002026
:10A19000D90805007DA0010070B586B005461822DB
:10A1A000002168462DF0FDF9172128462FF0F6FF13
:10A1B0005E4E417D0446284630F058F8228A738866
:10A1C000E17CA07CA2EB030CDCF1000242EB0C0270
:10A1D000C1F34111C0F34110FEF77AFFE37C60F355
:10A1E0000403E37428462FF0A0FFE37C03F01F0371
:10A1F0000344FF2B04D94E4840F2111130F07AF895
:10A200000222002105A82DF0CCF99DF814307188A8
:10A2100023F0270343F001038DF81430A27C520190
:10A2200002F02002134303F0B9038DF81430228AA0
:10A230008A425BD1A27C12F0600206D0E27C12F06E
:10A24000600F14BF01220022920113438DF81430D5
:10A25000E17C05A8C1F34111FEF7D8FFA17C05A858
:10A26000C1F34111FEF7BEFF9DF8153023F0300316
:10A270008DF81530F37C8DF816300133F374082215
:10A28000238AADF81230A11868462DF07FF9738843
:10A29000ADF81030A37C274E03F06003402B27D18C
:10A2A0002388ADF8083028462FF035FF96F8763F22
:10A2B0005A0707D58388B6F8802F99B2914201D109
:10A2C000ADF80830E17C284601F01F010DF010FCCC
:10A2D000044620B9164840F2811130F00BF82046B0
:10A2E0006946FEF731FF002006B070BD0022ACE7E2
:10A2F000082221460DEB02002DF048F928462FF0E8
:10A300000AFF96F8763F5B07DCD5082206F67871DF
:10A3100010302DF014F90028D4D1082206F67871F7
:10A320000DEB02002DF032F9CCE700BF6C2E0020BF
:10A33000D90805004832002070B505462FF077FF98
:10A34000044610F00E003ED028462FF0E4FE43787D
:10A350000278C3F381019809C2F38012FEF7B8FEB8
:10A3600004F00603062B064612D1174C014694F85A
:10A37000DD2000232846FBF797FE20BB134B94F803
:10A38000DD0093F8A02A3146BDE870400AF05EBFB8
:10A39000620709D50D4A014692F8A02A28460023F3
:10A3A000BDE87040FBF780BEA30705D5074B01460B
:10A3B00093F8A02A2846E7E705484FF412712FF0DA
:10A3C00099FF6FF0160070BD6C2E002048320020FF
:10A3D000D90805002DE9F0430E4687B017219046B5
:10A3E00005462FF0DBFE6C46034600F11002A14645
:10A3F00018685968274603C7083393423C46F7D18B
:10A40000186838609A889B79BB71BA80B8F1000FE0
:10A4100006D09DF81310284601F01F010DF0C4FA74
:10A42000172128462FF0BAFE9DF8153043750446D3
:10A430008674314628462FF00AFF494608222046F6
:10A440002DF0A4F802AB03CBA060E160BDF81030A2
:10A4500023829DF81230E27C1048C3F3411363F36A
:10A460000512E2749DF813209DF81230C2F34112D8
:10A4700003F00F0343EA8213E27C02F0300213433D
:10A48000E3749DF8143023759DF81630A3752946A2
:10A4900012F0A8F807B0BDE8F08300BF251C020049
:10A4A000024B012293F8E010FFF794BF6C2E0020BE
:10A4B0007FB5172104462FF071FE064620B93248B9
:10A4C00040F261212FF016FF304D002385F8E03077
:10A4D000B37C1A070AD52E4BC5F8D830204685F82C
:10A4E000DC4004B0BDE8704001F02CBB17212046D1
:10A4F0002FF054FE837C5B0713D42046FFF71CFF2C
:10A5000080BB234BC5F8D830204685F8DC402FF0BF
:10A510008EFE10F00E0FF17C2BD101F01F012046B2
:10A520002CE0C37C8DF80D400822C3F34113811841
:10A5300001A88DF80C302DF029F801A8FFF7BCFC1C
:10A540000028DAD0153012D095F8E03023B90E4843
:10A5500040F29F212FF0CEFE204604B0BDE87040AF
:10A56000FFF79EBFE423153085F8E030F4D104B046
:10A5700070BD084B93F8A00A01F01F0104B0BDE8BC
:10A580007040FDF70DBF00BFD90805006C2E0020FC
:10A59000A1A401004832002038B5172104462FF04D
:10A5A000FDFD054624B912484FF4EC712FF0A2FED0
:10A5B0002046FFF7F1FDAB7C5A0704D52046BDE8E5
:10A5C0003840FFF775BF0B4B93F8E530C3F34012EB
:10A5D0009B0606D520460122BDE83840F121FFF751
:10A5E000F9BE0548214611F0CDFF0028F2D138BD53
:10A5F000D90805006C2E0020B1A4010038B504462E
:10A600002FF093FD20B90C484FF437712FF072FEF4
:10A610008CB1042120462FF0C1FD08210568204699
:10A620002FF0BCFD00230370456021460348BDE8C0
:10A63000384011F0D7BF38BDD9080500311C0200E1
:10A640002DE9F0438BB00546ADF806208846182268
:10A65000002104A8ADF804302CF0A3FFC5F10301DC
:10A660000022C9B20320FEF733FD484E00F108096D
:10A670000746494696F8DD000DF036F9044618B94C
:10A6800043486A212FF036FE4A46002120462CF02E
:10A6900088FF0222002109A82CF083FF9DF82430B6
:10A6A00023F0070242F003028DF82420002D60D130
:10A6B00023F0270343F023038DF82430032109A856
:10A6C000FEF7A4FD9DF82530032123F0300309A8EF
:10A6D0008DF82530FEF786FDF37C8DF826300133AA
:10A6E000F3744FF6FF73ADF82230002D43D12949A2
:10A6F000082240462CF023FF00283CD00822414687
:10A7000004A82CF043FF73882349ADF820300822B9
:10A7100006A82CF03BFF04A92046FEF715FD0823F0
:10A72000022201A90DF109008DF808302CF02EFF4E
:10A730001A4902220DF10B002CF028FF9DF8483039
:10A740008DF80D30E5B902220DF106010DF10E0074
:10A750002CF01CFF08220DEB0201E0192CF016FF73
:10A7600096F8DD003946FDF71BFE00200BB0BDE872
:10A77000F0830221A3E74FF6FF73ADF81030C2E774
:10A780004FF6FF73ADF80E30E4E700BF6C2E0020EB
:10A79000E40805005E0B0500AA2E0020702E0020A4
:10A7A00007B5074B0022019293F83C1000915B889B
:10A7B00011460120FFF744FF03B05DF804FB00BF22
:10A7C0006C2E002070B588B005462FF0A4FC2946F9
:10A7D000019002A82EF064FF134E019B3446013015
:10A7E000034401A9304601932FF069FF34F80209B0
:10A7F000EFF76AFE01A920462FF061FF019B187850
:10A8000084F83C00EFF7FCFE019B01A90133B01C6A
:10A8100001932FF054FFA088EFF77EFE28460CF03E
:10A82000D3FF08B070BD00BF6E2E00202DE9FF479A
:10A8300005462FF070FC002104460B2201A82CF0E5
:10A84000B0FE00238DF8043023788DF8053063784E
:10A850008DF80630214611F80B3B5A2B44D83F2B7C
:10A8600006D8002B60D0042B00F08480F4206BE02D
:10A87000403B1A2BFAD801A252F823F089A9010013
:10A88000A5A901006DA80100ADA901006DA80100F6
:10A89000B5A90100BBA90100C5A901006DA801006F
:10A8A000CFA90100DFA90100D9A90100E5A9010094
:10A8B0006DA801006DA801006DA80100EDA90100BF
:10A8C0006DA80100FFA9010013AA01006DA80100F5
:10A8D0008FA901006DA801006DA801007FA90100EA
:10A8E00095A901009DA9010003F17F02D2B2092AB6
:10A8F000BCD8813B092BB9D801A252F823F000BF84
:10A9000025AA01006DA801006DA801006DA8010035
:10A9100035AA01003DAA0100B9AB0100B1AB0100AD
:10A920006DA80100BFAB0100A94E96F83B30FF2B8C
:10A9300004D1A8484FF433712FF0DCFCE17A96F88B
:10A940003B00FEF73FF90020D4F803408DF80400E7
:10A950000B2128460CF0C8FF0B2201A92CF016FE93
:10A96000002C00F031812946204611F03BFE04B056
:10A97000BDE8F087964BE27A83F83B20E3E7964800
:10A9800002222CF003FEDEE794480222F9E7944805
:10A990000222F6E78E4BE27A1A75D4E78C4BE27A04
:10A9A0005A75D0E78A4BE27A9A75CCE7884BE27AFF
:10A9B0001A76C8E78B480F22E3E7854BE27A83F8E3
:10A9C0002820C0E7824BE27A83F82920BBE7804B3E
:10A9D000E27A83F82A20B6E77D480222D1E782484E
:10A9E0000822CEE77A4BE27ADA74ACE702227F489B
:10A9F0002CF0CCFD764B5888EFF766FDA3E7744B3F
:10AA0000E07A987493F83A30FF2B9CD00DF0D8FE82
:10AA100099E7022276482CF0B9FD6D4B9888EFF744
:10AA20007BFD90E7082273482CF0B0FD7148EFF7EA
:10AA300061FD88E70846FFF7ADFA85E728462FF065
:10AA400074FB082801D8E8207EE7E37A032B00F2A4
:10AA5000A980DFE803F00240709F284694F80D803B
:10AA60002FF059FB074628462FF05FFB04F1140630
:10AA7000801B4FEAC8080744B84504D9554840F23E
:10AA800099112FF037FC237B627B1344DBB2102B30
:10AA9000D9D8E27B102AD6D89342D4D84C4F97F815
:10AAA0004800824207F1490806D9121AD200FF2154
:10AAB00008EBC0002CF075FD627B207BD200314694
:10AAC00008EBC0002CF062FDE37B87F84830A37BE5
:10AAD00087F8C93037E73E4E96F8483001330F2BE0
:10AAE000B1D80023184604F10C0896F84820D9B2D2
:10AAF00091420FD25F1C00287FF425AF06EBC10105
:10AB00000822493140462CF01AFDB0FA80F0400985
:10AB10003B46EAE700287FF416AF06EBC20004F1DB
:10AB20000C01082249302CF031FD96F848300133F1
:10AB300086F8483007E7264F4FF0000904F10C0A69
:10AB400097F848305FFA89F6B3427FF6FCAE07EB20
:10AB5000C60808F149080822414650462CF0EFFC8F
:10AB600009F101090028EBD197F84820531EB342A0
:10AB70000AD0921B013AD20007EBC60102F0F8029C
:10AB8000513140462CF0EBFC97F84830013B87F8F8
:10AB90004830D8E60E4B002283F84820227B83F809
:10ABA000C920D0E60B4840F2AD112FF0A3FBCAE656
:10ABB000114804222CF0EAFCE27A054BEFE7044B43
:10ABC000E27A83F8D020BEE628460CF0FDFDCEE602
:10ABD0006C2E0020F3080500742E0020782E002033
:10ABE0007C2E0020852E0020982E00206E2E002026
:10ABF000702E0020AA2E0020382F002010B5044609
:10AC00002FF089FA0378532B1AD8492B0BD893B914
:10AC10000D480022214611F0B5FCA0B12046BDE848
:10AC200010400CF0D1BD4A3BDBB240F2433222FA75
:10AC300003F3DB07ECD42046BDE81040FFF7F6BD78
:10AC4000812BF8D1E4E710BD2DA801002DE9F041DA
:10AC5000244C0223E3604FF47073A3864FF4FA731D
:10AC60002382042742F203034FF00108FF20A3824E
:10AC7000A76084F8128011F0ADFBE074FF2011F0A2
:10AC8000A9FB4FF6FF7684F82A004FF6FE73FF20EB
:10AC90006680A38011F09EFB00250523668784F85B
:10ACA0003C60114E84F82B00C4F8CC3084F8485036
:10ACB00084F8C95084F8D08084F8E05084F8DE50DD
:10ACC00084F8E850EFF740FA40F2FF137360EFF7B3
:10ACD00021FAB5603A46294604F1E400BDE8F041A6
:10ACE0002CF05FBC6C2E0020602E00202DE9FF416F
:10ACF00004462FF010FA0A22014601A82CF046FC67
:10AD00009DF804305A2B4BD83F2B0CD8002B73D016
:10AD1000042B79D0042120460CF0E6FD00230546E3
:10AD2000C370F42699E0403B1A2BF3D801A252F8E5
:10AD300023F000BF11AE01002FAE010015AD0100E0
:10AD400035AE010015AD01003BAE010079AE01004A
:10AD500081AE010015AD0100A7AE0100B5AE010046
:10AD6000AFAE0100C5AE010015AD010015AD01008B
:10AD700015AD0100CBAE010015AD0100D1AE010053
:10AD8000D7AE0100DDAE0100E3AE010015AD01005C
:10AD900015AD0100E9AE010001AF010007AF0100F0
:10ADA00003F17F02D2B20F2AB4D8813B0F2BB1D866
:10ADB00001A252F823F000BF89AE010015AD0100D9
:10ADC00015AD010015AD010015AD01000DAF01007D
:10ADD000AFAF0100B7AF010015AD0100A7AF010093
:10ADE00015AD010015AD010015AD010015AD010057
:10ADF000DBAF0100E3AF01007F4B93F83C1020462E
:10AE00002EF06DFC0026C9E07B4B93F83A10F6E774
:10AE1000794DEB68B3F5803F04D378484FF4EA717D
:10AE20002FF068FAA98920462EF047FCEAE7724B1A
:10AE3000997DE4E7704B197EE1E7132120460CF081
:10AE400053FD6D49054691F82830C3700F22193122
:10AE5000043000262CF09AFBAE709DF804306B7025
:10AE60002E70DDF80600002800F0C180214611F0A8
:10AE7000B9FB04B0BDE8F0815F4B93F82810BEE742
:10AE80005D4B93F82910BAE70C2120460CF02CFDFD
:10AE90005B4905460822281D2CF078FB0026082374
:10AEA000AE70EB70D9E7544B93F82A10A7E7524BDA
:10AEB0001988B8E70C2120460CF016FD51490546CB
:10AEC0000822E8E74C4BD97C99E74B4B5988AAE715
:10AED000494B997C93E7484B9988A4E7464BD9881E
:10AEE000A1E7454B198A9EE7434DAB68B3F5803F18
:10AEF00004D3424840F22D212FF0FCF9298992E732
:10AF00003D4B197D7BE73C4B597D78E720462FF080
:10AF100002F9394E00F10A01022268462CF036FB94
:10AF20009DF8007096F848309F422ED2DB1B9DF8AA
:10AF30000170DBB29F4228BF1F467D1CED002946F1
:10AF400020460CF0D1FC804620462FF0EEF8031F7F
:10AF500088F803309DF8003088F8043096F84820CF
:10AF600088F8052088F8077096F8C92088F8062028
:10AF7000002F3FF447AF2449A5F1080201EBC301BC
:10AF800008F108002CF002FB3CE7002FD5D004218B
:10AF900020460CF0A9FC0023C370F92620462FF0B0
:10AFA000BAF8054659E7144B93F8481027E7124BB7
:10AFB00093F8C91023E7104B0821D3F8CC30009345
:10AFC00020460CF091FC04220546C27069461044EC
:10AFD0002CF0DCFA0023AB7014E720462EF08AFB3D
:10AFE00010E720462EF086FB00F032FD0AE72046EF
:10AFF0000CF0EAFB3DE700BF6C2E0020F3080500D3
:10B00000AA2E0020982E0020B52E00202DE9F34115
:10B01000874C242107462FF0C1F894F8E53090F8CA
:10B0200003805A0605462DD5D023437094F8E530A9
:10B0300023F0600384F8E53094F8F2303BB994F8DB
:10B04000E6305B0703D50DF10700EFF7A7FA94F898
:10B05000F110FF2903D094F8F000FDF7B3FD94F848
:10B06000F230012B01D0042B02D16088EFF72CFACB
:10B07000A07C0DF0A5FB6F48394602B0BDE8F04159
:10B0800011F0B0BA0DF1060140460CF067FF18B19F
:10B090006948F9212FF02EF90DF1070140460CF017
:10B0A00077FF18B16448FB212FF024F994F8F220BF
:10B0B0009DF80730032A04D194F8E6108E0700F1BA
:10B0C00093809DF80660D4F8EC109E4246D821FA91
:10B0D00006F0C00740F196805AB994F8E6305B0755
:10B0E00007D5287909302844EFF758FA2B7901332E
:10B0F0002B7194F8E63043F0040384F8E6300DF148
:10B100000502314640460CF091FE20B14A4840F21B
:10B110001D112FF0EFF89DF805104046FDF752FD88
:10B1200094F8F2301BB994F8F400EFF70BFAD4F866
:10B13000EC300122B24023EA0203C4F8EC3094F868
:10B14000F230012B52D100223C48114611F01AFA7C
:10B15000D4F8F4203A48394611F04EFB9DF80730F8
:10B1600001339E423DD194F8F2303BB92879093041
:10B170002844EFF713FA2B7901332B7194F8F1106F
:10B18000FF2942D094F8F000FDF71CFD94F83C1024
:10B1900094F83A00FDF716FD94F8F230012B3DD1FA
:10B1A00094F8E530DB0904BFEA236B7094F8F230C1
:10B1B000012B01D0042B02D16088EFF785F994F8B8
:10B1C000E530A07C6FF3451384F8E5300DF0F8FA14
:10B1D000FF211B48002211F07DFC1648394611F072
:10B1E00001FA02B0BDE8F0811E466CE7042B03D1E2
:10B1F000144800223946A9E7032BA9D1002212489E
:10B200001146A3E70136F6B25FE794F83A3084F8C6
:10B21000F03094F83C3084F8F130B7E7042BBFD01D
:10B22000032BC3D194F8E63013F0020FBBE700BF45
:10B230006C2E00207DF90100FD08050029B40100F5
:10B240000DB001004DB20100D1B401002DE9F0476D
:10B2500086B006462EF05FFF804630462EF065FF32
:10B2600001280FD998F8004098F8015030462EF088
:10B270005CFF63190233834206D968484FF4E771D3
:10B280002FF038F800252C46012202210320FDF77B
:10B290001FFF66192B1E06F1010618BF0123064485
:10B2A00006EB8306DFF87C91F6B20746314699F843
:10B2B000DD000CF019FB824620B958484FF4F571B7
:10B2C0002FF018F83246002150462CF06AF902227D
:10B2D000002105A82CF065F99DF8143023F04703F0
:10B2E00043F043038DF814309DF8153023F002032A
:10B2F00043F00203022105A88DF81530FDF786FF03
:10B30000032105A8FDF76EFF9DF81530444923F091
:10B31000300343F020038DF8153099F813308DF881
:10B3200016300822013389F813300DEB02004FF676
:10B33000FF73ADF81230ADF800302CF027F96946F4
:10B340005046FDF701FF0AEB070654B9BDBB0723C2
:10B35000337099F8DD003946FDF722F806B0BDE8F4
:10B36000F0872246304608F102012CF00FF933191C
:10B370009E1C3F2265B30021023419705A7008EBFD
:10B3800004010B465A781C464FEA022C14F8020BB3
:10B39000C2F3C3020CF4E06C022A40EA0C001BD09A
:10B3A00023185A1A9542EDDC2A4630462CF0EEF866
:10B3B000731900227255F8225A709E1CC7E73F236A
:10B3C0000AF80740023606F8013C08F10201D8E706
:10B3D000802119705A70BAE79A781B2AE0D1DA787E
:10B3E000192ADDD11A794A2ADAD105331A1B824289
:10B3F00004DB23185A1AAA42C4DBD5E71A784FEAAD
:10B40000921CBCF1010F03D199F8C8229A70CBE7C6
:10B4100002F03F0202321344E8E700BFFD080500D6
:10B42000AA2E00206C2E0020F0B5002287B0022149
:10B430001046FDF74DFE244E471CFFB20546394627
:10B4400096F8DD000CF050FA044620B91F4840F28F
:10B450007F212EF04FFF3A46002120462CF0A1F824
:10B460000222002105A82CF09CF89DF8143023F04E
:10B47000070343F0030305A802218DF81430FDF7FC
:10B48000C5FE9DF8153005A823F0300300218DF886
:10B490001530FDF7A7FEF37C8DF816300133F374F9
:10B4A00069464FF6FF732046ADF81230ADF8003014
:10B4B000FDF74AFE07236355294696F8DD00FCF7A1
:10B4C0006FFF07B0F0BD00BF6C2E0020FD08050027
:10B4D000F0B5012287B002210320FDF7F9FD2B4DC5
:10B4E000471CFFB20646394695F8DD000CF0FCF922
:10B4F000044620B9264840F2BD212EF0FBFE3A4614
:10B50000002120462CF04DF80222002105A82CF045
:10B5100048F89DF8143023F0070343F0030305A80F
:10B5200002218DF81430FDF771FE05A80321FDF707
:10B5300059FE9DF81430174923F0400343F04003AF
:10B540008DF814309DF8153023F030038DF8153048
:10B55000EB7C8DF81630082201330DEB0200EB7402
:10B560004FF6FF73ADF81230ADF800302CF00EF846
:10B5700069462046FDF7E8FD0623A355012195F80D
:10B58000DD000DF0ABF807B0F0BD00BF6C2E002061
:10B59000FD080500AA2E00202DE9F84300210746EA
:10B5A0002EF055FE082138462EF0F8FD054618B954
:10B5B0004A4838212EF09EFE6B7895F8028095F867
:10B5C00007900E2B02D92B78032B0DD1D5F8033021
:10B5D00053B1434C94F8E5309B0605D42B78012BEE
:10B5E00014D9033B012B11D9242138462EF0D6FD66
:10B5F00080F803802B788370E823437080F80090F4
:10B6000039463848BDE8F84310F0ECBF94F8E5300F
:10B6100043F0200384F8E530D5F80330C4F8EC306B
:10B6200094F83A3084F8F03094F83C3084F8F130F3
:10B630002B7884F8F23084F8F8902B78032B04BF31
:10B6400005236B706A780123934001332421384627
:10B65000C4F8F4302EF0A2FD0022427094F8F230CB
:10B66000837080F80380D4F8EC10D5F803300271B1
:10B6700023EA0103C0F8053080F800900646FF2158
:10B68000194811F027FA94F8F230042B0ED8DFE8AD
:10B6900003F016030D1D030094F8E5306FF3C71394
:10B6A00084F8E5304FF6FF70EEF70EFF0E480022EB
:10B6B000394610F067FF70B1F1237370A0E794F87A
:10B6C000E6306FF3820384F8E630EFE794F8E63073
:10B6D0006FF34103F7E7BDE8F88300BFFD080500FD
:10B6E0006C2E00207DF901000DB0010010B5084C52
:10B6F00094F8003104EBC3030146082203F2011061
:10B700002BF044FF94F80031013384F8003110BD70
:10B710006C2E0020054A92F8313102EB43010133CF
:10B72000A1F8320182F83131704700BF6C2E002041
:10B7300070B5104C94F8312104F5987100239A42A9
:10B7400014D931F8026F864203F101050FD103F1DC
:10B7500099004000811C013AD21A214420442BF068
:10B76000FEFE94F83131013B84F8313170BD2B4637
:10B77000E5E700BF6C2E0020F8B50B4C6FF480732A
:10B7800006460025E71897F80031AB4201D80020A3
:10B79000F8BD2146082230462BF0D1FE083408B10E
:10B7A0000135F0E70120F3E76D2F0020F7B5437D69
:10B7B000204D9B09022B044607D095F8002112B1B9
:10B7C000027D52072ED1012028E095F8311105F5B0
:10B7D0009872002399421BD895F80031002BF2D0C3
:10B7E000237D5B07EFD0144F002695F80031B3425C
:10B7F00013D9208969460BF06BFC30B90822394611
:10B8000068462BF09CFE0028DDD001360837ECE7B7
:10B81000268932F8020F864202D1002003B0F0BD23
:10B820000133D7E7032BCED1083003B0BDE8F04099
:10B83000FFF7A2BF6C2E00206D2F002038B5134BF0
:10B8400093F8D8233F2A4FEA12119EBF013161F3CA
:10B85000071283F8D82393F8D823541C04F0030468
:10B8600064F3030283F8D823062202FB043305465F
:10B87000002103F568702BF094FE29460448BDE8CA
:10B88000384049F6B02210F0B7BF00BF6C2E002040
:10B890003DB8010070B5054608460E462EF003FE81
:10B8A000154C84F8D60330462EF0F7FD84F8D70304
:10B8B0006B7DC3F38103022B0DD12B8823F00F0383
:10B8C0009BB24FF6F072934210D1D4F8B8330133E3
:10B8D000C4F8B83370BD002BF7D0032BFAD1074959
:10B8E000082228462BF02BFE0028EED0D4F8C033D7
:10B8F0000133C4F8C033EDE76C2E0020560B050071
:10B9000038B50D4D0D4C0022FF21284611F0E2F80C
:10B910003922002120462BF044FE94F838300122D1
:10B9200062F3071384F83830284649F6B022BDE8A0
:10B930003840002110F060BF3DB801000C320020FB
:10B940002DE9F0410446002871D0272200212BF078
:10B9500028FE3D4D0A2384F82030D5F8B833236003
:10B96000D5F8BC336360D5F8C033A360B5F8D033E5
:10B970006383B5F8D233A383B5F8D433E383D5F822
:10B98000C833E360B5F8CC332382B5F8CE33638295
:10B9900095F8D63384F8213095F9D73384F82230DE
:10B9A00095F8D8330F2B3ED900221B09294616469D
:10B9B00017469046D0B2834201F1060139D8B8FB50
:10B9C000F3F3B3F5803F03D320489F212EF092FC80
:10B9D00095F8D8331B09B7FBF3F3B3F5803F03D3D6
:10B9E0001A48A0212EF086FC95F8D8331B09B6FB27
:10B9F000F3F3B3F5803F03D31448A1212EF07AFC72
:10BA000095F8D8331B09B8FBF3F8A4F8148095F81F
:10BA1000D8331B09B7FBF3F7E78295F8D8331B0936
:10BA2000B6FBF3F62683D5F8C433C4F82330BDE85B
:10BA3000F081B1F89A038044B1F89C030744B1F84F
:10BA40009E0301320644B5E76C2E0020080905006C
:10BA5000064B0022C3E9EE22C3E9F022C3E9F22239
:10BA6000C3F8D023A3F8D423704700BF6C2E002066
:10BA7000094A92F8D833062103F00F0301FB032390
:10BA8000B3F8A0130131A3F8A013D2F8C8330133DF
:10BA9000C2F8C833704700BF6C2E0020094A92F8E4
:10BAA000D833062103F00F0301FB0323B3F8A213DD
:10BAB0000131A3F8A213B2F8CC330133A2F8CC338E
:10BAC000704700BF6C2E0020094A92F8D833062137
:10BAD00003F00F0301FB0323B3F8A4130131A3F810
:10BAE000A413B2F8CE330133A2F8CE33704700BFAF
:10BAF0006C2E0020034AD2F8BC330133C2F8BC33A9
:10BB0000704700BF6C2E0020034AB2F8D2330133D5
:10BB1000A2F8D233704700BF6C2E0020034AB2F85F
:10BB2000D4330133A2F8D433704700BF6C2E002009
:10BB3000034AD2F8C4330133C2F8C433704700BF9C
:10BB40006C2E002038B5114D172104462EF026FB2F
:10BB500095F8E5305B0703D40D4834212EF0CAFB7D
:10BB600095F8E53023F0030343F0030385F8E5304F
:10BB7000EEF7EAFA074B40F2FF125A60EEF7CAFA04
:10BB800020460221BDE838400CF0A8BD6C2E0020F4
:10BB90001D090500602E0020431E9BB24FF6F67271
:10BBA000934213B5044602D9002002B010BD002212
:10BBB0000DF1070311460BF05FFA0028F4D0034B98
:10BBC000B3F8A403001B18BF0120EEE748320020A1
:10BBD00038B50D46072104462EF0E0FA6FF0020357
:10BBE00003700D224FF0FF3343708270A0F80350B2
:10BBF000837121460248BDE8384010F0F3BC00BF15
:10BC0000FD49020037B5CCB2054621460DF10600CC
:10BC10000AF0DEFF04EB840304EB4304074BD3F884
:10BC20009432234428469A7A6FF341029A72BDF8FF
:10BC30000610FFF7CDFF03B030BD00BF4832002033
:10BC400037B5002205460DF105032648ADF806205C
:10BC500011460BF0DBFA18B12348C7212EF04AFB3E
:10BC60009DF80510214C01EB810201EB4203D4F851
:10BC7000942213449A7A6FF341029A7294F9B4347D
:10BC8000002B03DA0DF106000AF0A2FFB4F8A413AA
:10BC900014480DF1050300220BF036FB18B11248D1
:10BCA000D4212EF027FB9DF8050008F005F894F943
:10BCB000B434002B0CDABDF806100D4800222EF02B
:10BCC000FEF928B994F8B43460F3C71384F8B43497
:10BCD0002946084810F086FCB4F8A4031EF040F88A
:10BCE00003B030BDF03500202709050048320020A0
:10BCF000D1BB0100D5E0020010B5144B00EB80026F
:10BD0000D3F8943200EB4202134404469A7A910726
:10BD10001AD442F002029A7210F072FB4FF47A7158
:10BD200043F6FF320A4BB0FBF3F30A485B01B3FB67
:10BD3000F1F301FB03234FF470522146B3FBF2F2FF
:10BD4000BDE8104010F058BD10BD00BF48320020C3
:10BD50009BC4200059BD010037B51D4D0146044666
:10BD60000DF102000AF034FFB5F8A423BDF802304B
:10BD70009A421DD001AA0021204607F0E7FF80B9B2
:10BD8000019A537803F01C0104290AD1117801F0BB
:10BD90000C01082905D143F020030E4853702EF002
:10BDA00069F90D48002221462EF089F903B030BD13
:10BDB00008F0A0FF0028F9D108482EF05BF9002810
:10BDC000F4D195F8B43443F0800385F8B434EDE74A
:10BDD000483200202997040005BC0100E1BD0100A4
:10BDE00037B5044608F086FF98B92DF090FC0C4D4D
:10BDF000A5F8A40300F07CFE0A4B019302230093F4
:10BE0000532205F56973FF21204608F055FE03B063
:10BE100030BD204603B0BDE830400BF0D5BC00BFBC
:10BE20004832002041BC0100F0B5344C94F8AA34EB
:10BE300089B005460E464BB194F8A524CB799A42B9
:10BE400004D109B0BDE8F0400BF0BEBC2DF05FFCA2
:10BE5000F179074606A80AF079FEF1790DF116008E
:10BE60000AF0B6FE0123CDE901330093BDF8162098
:10BE7000B4F8A4130023284605F086FE40F21D12F4
:10BE800040F6B60128462DF05DFD03220721284625
:10BE90002DF00DFD002383700780FD2128462DF035
:10BEA0003CFD94F86E3FDB0622D515484222294618
:10BEB00010F0A2FC94F8AA34C3EBC3032344A3F804
:10BEC000A374F07983F8A5040AF0D8FE94F8AA3494
:10BED000C3EBC3022244012182F8A6147178013316
:10BEE000C1F3400182F8A71484F8AA3409B0F0BD68
:10BEF0002946034810F076FBDCE700BF48320020FB
:10BF0000C9310200F7B50D46002204460DF10303C6
:10BF1000114628460BF0B0F8364F0646E0B99DF8BA
:10BF2000031001EB810201EB4203D7F894221A447B
:10BF3000937A9B0710D502462F4810F0CBFD9DF851
:10BF4000033003EB830203EB4203D7F8942213443C
:10BF50009A7A66F341029A72B7F8A433AB4211D1D0
:10BF600008F0C8FE28B120460BF02EFC002003B0DC
:10BF7000F0BD08F0C9FE0028F5D021461F4810F09A
:10BF800031FBF3E701A9284607F040FF98B9019B70
:10BF90005A7860F345125A7001994B7803F01C03EC
:10BFA000042B08D10B7803F00C03082B03D1204697
:10BFB000FFF73AFFDAE720462EF0ADF842884FF659
:10BFC000F7739A4212D9082120462EF0E7F8FF2392
:10BFD000837124B90A4840F2AF112EF08BF9094859
:10BFE000214610F0FFFA6FF01B00C0E720460BF06F
:10BFF000EBFBF8E74832002059BD0100E1BD01002C
:10C0000027090500C9310200F0B585B000233F4F74
:10C010008DF804300E46054630B9B7F8A433C3B9DD
:10C020000024204605B0F0BD082207F56A713046AD
:10C030002BF085FA18B9B7F8A433AB4238D134499C
:10C04000082230462BF07BFAB7F8A43370BBAB4222
:10C05000E6D00024002201AB114628460BF00CF874
:10C0600000284FD19DF8041002A80AF06FFD0822A5
:10C070000DEB020130462BF062FA002842D0082274
:10C080000DEB020023492BF05AFA024638B901465B
:10C090000DF1050330460BF0B9F8F0B154B39DF83B
:10C0A0000400FFF729FE6FF02804BAE7AB42D0D1B5
:10C0B0000022B7F8A40301AB11460AF0DDFF0446E5
:10C0C00028B9B7F8A433AB42E9D00124C2E712483B
:10C0D0004FF4F3712EF00EF9A3E79DF805100DF162
:10C0E00006000AF075FDBDF806204FF6FF739A4270
:10C0F000D5D1D3E7224601AB294630460BF004F9EF
:10C1000004468EE7002C8BD0C9E700BF48320020E0
:10C11000F0350020560B050027090500F0B54B4E01
:10C1200085B007462DF0F7FF96F86E4314F0100423
:10C13000054640F088804378DB060FD52DF0B1FB33
:10C14000082201460DEB02002BF020FA6A88A8882D
:10C150004FF6F7739A422AD800286AD10024AB8898
:10C160009BB16B789A0710D528462DF0B7FB0821B4
:10C17000064638462EF012F8A91940880939FFF70B
:10C1800043FF002818BF6FF02804688868B36B78F5
:10C190001B072AD54FF6F773984226D805F10801F8
:10C1A000FFF732FF002818BF6FF028041DE0B6F833
:10C1B000A4338342D0D1002BD0D008220DEB020053
:10C1C00006F56A712BF0BBF90246002839D1014609
:10C1D0000DF10703B6F8A4030AF04EFF044638B188
:10C1E0001B4840F262212EF085F8204605B0F0BDD4
:10C1F000B6F8A4133246034606EB830090F8F30327
:10C20000C00708D5B2F8F003884204D192F8F2C30F
:10C21000E87984450AD00133102B02F10402EBD1F6
:10C220009DF80700FFF768FD6FF02804A888002834
:10C2300095D002A9FFF7E8FE002818BF6FF0280488
:10C240008DE7A88888E70024CFE700BF48320020A8
:10C250002709050037B504460D4608F04BFDA8B187
:10C26000694620460AF034FFE8B9082229466846A4
:10C270002BF065F9B8B129462046FFF7C5FE10F14D
:10C28000290F14BF0020012040420DE0074BB3F8F6
:10C29000A403A042E4D12946FFF7B6FE2930DFD13E
:10C2A0004FF0FF3000E0002003B030BD48320020E6
:10C2B0002DE9F041104D80460F4600242E4695F89A
:10C2C000320438B90134102C05F10705F7D10020EC
:10C2D000BDE8F0812DF01FFF83884345F2D195F82A
:10C2E00032042DF018FFC379BB42EBD1C4EBC40478
:10C2F00004F231443019EBE748320020F8B5044627
:10C30000154621B317212DF049FF477D867D172162
:10C3100020462DF043FF114AB2F8A6330382C37CB6
:10C32000477503F00F0363F05F03C3740023857444
:10C330000375B2F8A43303804FF0FF3303724372E6
:10C34000867521460648BDE8F84010F04BB9082133
:10C350002DF024FFFF268779D9E700BF483200205F
:10C36000C128020038B54378044623B911484FF478
:10C37000D3712DF0BFFF217860780022C909FFF743
:10C38000BDFF637823B90B4840F2D1112DF0B2FF05
:10C39000094D95F8A13423B906484FF4E9712DF001
:10C3A000A9FF0023637095F8A134013B85F8A134FF
:10C3B00038BD00BF3E09050048320020F8B51B4CCF
:10C3C00094F8303483B32746002606F1FC0504EBCD
:10C3D0008502D378D90703D5012B10D0FE33D37053
:10C3E0000136102E07F10407EFD194F8B133DBB119
:10C3F000BDE8F8400E484222002110F0FDB997F840
:10C40000F213B7F8F003FFF753FF08B1FFF7AAFFE5
:10C4100004EB8505EB786FF30003EB7094F8303490
:10C42000013B84F83034DBE7F8BD00BF4832002020
:10C43000BDC301002DE9F347DFF82081C1EBC1073F
:10C4400008EB0706044696F832340D464FEAC10A57
:10C450004BB196F8333407F23147FF2B474409D1EB
:10C4600038462DF076F9B4B3204602B0BDE8F04767
:10C470000BF0AAB903EBC30203EB4203D8F8C024C4
:10C4800002EB03090DF1060099F807100AF0A0FB72
:10C4900096F832042DF03FFEBDF8063082889A42AD
:10C4A00005D099F8013003F01C03142B16D1AAEB28
:10C4B000050AD04498F832042DF02DFE98F8331474
:10C4C0004088013107F03EFF2A4688F833042146B0
:10C4D000204810F0CDF802B0BDE8F0876CB91D48D7
:10C4E000224629462DF0EBFD0028F4D0FF2386F8E4
:10C4F000333438462DF02DF9EDE796F832042DF05F
:10C500000AFE96F833144088013107F01BFF96F8B5
:10C51000321486F8330420460BF0B2F91721204676
:10C520002DF03CFEFF234375BDF806300381837C6C
:10C5300043F005038374102120462DF03FFE06488A
:10C54000214610F04FF896F83334FF2BD1D02A460D
:10C550000021BDE735C40100A138020048320020A7
:10C56000F7B50446084601A907F050FC034608BB8E
:10C570001A4E019AD6F8C014D4F80370521A9820B3
:10C580000121B2FBF0F01325B2FBF5F202F0070235
:10C5900001FA02F2395C0A433A54114AD6F8C0044F
:10C5A00011688B4208D123786FF301032370204672
:10C5B0002DF0CFF803B0F0BD05FB03F2825CD70786
:10C5C0000AD5160708D4D4F80360DA08B25C03F081
:10C5D0000706F240D207EAD50133E2E748320020ED
:10C5E0005C0100202DE9F84F574E002435464FF0EE
:10C5F000FF0996F832349BB1C4EBC4032B4403F516
:10C60000866193F8313403F00702042A4FEAC40725
:10C6100006D013F0780F1DD12DF01AFD804620BBF7
:10C620000134102C06F10706E3D1002247481146D9
:10C6300010F050FA95F8B133002B00F0828095F895
:10C64000A134002B7DD0BDE8F84F404802220021E4
:10C6500010F0D2B8C3F3C3020F3262F3C6034B70BB
:10C6600003F07803002BDBD1D6E73B1B2B4403F50B
:10C67000866293F8313499071EBFD91C61F3010318
:10C68000537096F832B458462DF045FD027802F00A
:10C690000302012A824641D0B5F8A8224FF47A71EC
:10C6A00043F6FF335201B2FBF1F201FB0233B3F563
:10C6B000F02F44D24FF47052B3FBF2F3C3F34603AE
:10C6C0003A1B2A4402F5866B92F8312463F3C602C2
:10C6D0008BF8012096F8321440460BF0D1F8172160
:10C6E00040462DF05BFD414680F8159018480FF04C
:10C6F00079FF9BF801305B0703D496F832042EF0E3
:10C70000ECF93F1B2F4406F2314097F8313443F0E7
:10C71000040387F831342DF01CF881E72DF0DEF8A2
:10C72000014658462DF012FD0278012AB4D1BAF81C
:10C730000420B5F8A4339A42AED10823C0E70E23F3
:10C74000BEE7BDE8F88F00BF48320020E5C5010014
:10C75000A138020070B51B4A92F8B13383B30023AD
:10C7600003F1FC0602EB8604E57815F0010521D102
:10C7700092F83034E1780133DBB241F00101E1702D
:10C7800082F83034818822F82610C279A270E278CB
:10C79000092161F34702012BE27009D12A46FF21EA
:10C7A000094810F097F908484222294610F024F869
:10C7B000012006E00133102BD2D1192013F052FDD5
:10C7C000002070BD48320020BDC301000E4A70B584
:10C7D00000210446154601F1FC0305EB8300C378F4
:10C7E000DB0709D5B2F8F063A3889E4204D192F822
:10C7F000F263E3799E4205D00131102902F104026F
:10C80000E9D1002070BD00BF483200202DE9F34778
:10C81000824C082106462DF0C1FC94F8A1340F2B60
:10C82000804600F2D6802246002592F83214002974
:10C8300040F0C980013384F8A134C5EBC50323441B
:10C84000304683F832642DF066FC90F800A00AF0C0
:10C85000030ABAF1010F4FEAC507814611D12DF045
:10C860003DF8014630462DF071FC0378012B40F075
:10C87000BF8099F8063094F81823B3EB420F00F00C
:10C88000BB804FF0020AA7EB0509A14499F83134A7
:10C8900099F8320423F0070343EA0A0389F8313494
:10C8A0002DF039FC0021408807F04CFD99F8313417
:10C8B00089F833046FF3C60389F83134B8F80220DD
:10C8C0004FF6FE739A4231D030462DF024FC0378A7
:10C8D00003F00303012B40F092802CF0FFFF014690
:10C8E00030462DF033FC0378012B40F088800FF0A8
:10C8F00087FD4B4BB0FBF3F33F335B00791B2144C7
:10C900004FF47A7043F6FF329BB25B01B3FBF0F356
:10C9100000FB03234FF47052B3FBF2F391F8312480
:10C92000C3F3460363F3C60281F831243D4BA7EB02
:10C9300005091A6804EB09030732D3F8340400210F
:10C94000D2082AF02EFEB8F802104FF6FE73994274
:10C9500004D009F231402044FFF702FE082130469E
:10C960002DF01CFC837900934FF6FF720023B4F87E
:10C97000A413304606F004FC7B1B234493F83124B7
:10C9800042F0800283F8312494F8A134012B0CD1B9
:10C9900000222548114610F09DF894F8B13323B1D8
:10C9A0002148022200210FF027FF7F1B3C4494F80E
:10C9B0003334FF2B2FD01D48EAB2002102B0BDE86E
:10C9C000F0470FF055BE0135102D02F107027FF43C
:10C9D0002CAF192013F046FC98F80630F62B14D82B
:10C9E0000122CF21304602B0BDE8F04705F0EABA97
:10C9F000082B3FF448AF44E74FF0030A43E70FF03A
:10CA0000FFFC0B4BB0FBF3F378E7304602B0BDE818
:10CA1000F0470AF0D9BE02B0BDE8F08748320020E6
:10CA20006BA510005C010020E5C5010035C40100C4
:10CA30009BC4200010B5094A92F8B422022A044689
:10CA40000B4609D0C9799888FFF732FC20B12146FE
:10CA5000BDE81040FFF784BD10BD00BF4832002084
:10CA60002DE9F0471F4EDFF884900025374696F8F1
:10CA7000320406F23148EC0080B1631B3B4493F86A
:10CA8000312453074FEAD21129D596F83334FF2BBE
:10CA900025D112F0030222D1FFF730FC641B3C4485
:10CAA000D9F80020D4F834A40732D2080021504627
:10CAB0002AF077FD01350722002140462AF071FD5A
:10CAC000102DC4F834A406F10706D0D1002287F84F
:10CAD000A124BDE8F047044811460FF0FBBFD02267
:10CAE000DAE700BF48320020E5C501005C01002004
:10CAF00008B5FFF7B5FF0C48002202F1FC0100EB7E
:10CB000081010132CB7813F0010F1CBF6FF30003DA
:10CB1000CB70102AF1D1002280F83024BDE8084003
:10CB2000024811460FF0D6BF48320020BDC30100B5
:10CB30001FB50D4B93F8402642F0010283F84026C2
:10CB40000A4AC3F8E423012283F8B123084B8DF885
:10CB50000F20CDE90023FF210DF10F03522207F032
:10CB6000ABFF05B05DF804FB483200203D11030027
:10CB70002102020010B504462DF069FB064B074860
:10CB800093F86F236FF3C30283F86F232146BDE848
:10CB900010400FF027BD00BF483200203D110300B8
:10CBA0002DE9F04F494C94F8B96389B0074676B93E
:10CBB00094F8BE0497212DF0F1FA054698B944483F
:10CBC0004FF4A47109B0BDE8F04F2DF093BB0023E2
:10CBD00084F8B9336FF048010023384684F8B8333D
:10CBE000FFF7C8FF43E003781BB30222314606A8D3
:10CBF0002AF0D7FC04F597600BF078FAA946B04606
:10CC00004FF0FF0A04F5976B2B78434532D886B96D
:10CC10009DF818102F4801F007010BF057F99DF807
:10CC200018108DF81600CA082A4801F007012DF0E7
:10CC300037FB07AB002101930DF116030093084663
:10CC4000244A0DF1170302F0A9FC0146B8BB0323E7
:10CC500084F8B833079B01939DF81630009394F83D
:10CC6000BD249DF817300121384602F0FBFC09B0C5
:10CC7000BDE8F08F05EB480258465178039201F069
:10CC800007010BF023F98DF8160099F80230039A8A
:10CC9000C82B0BD9534504D8B9F80120ADF818209A
:10CCA0009A4608F1010809F10209ADE751785846A2
:10CCB000CA0801F007012DF0F3FA0126F1E710F19F
:10CCC0001C0F14BF0146C12186E700BF4832002077
:10CCD000510905000037002070B5082106462DF0E7
:10CCE0005DFA19490446082218482AF028FC28B998
:10CCF00017490822A1F1FC002AF048FC154D082232
:10CD0000002120462AF04DFC95F8B333E37095F8E6
:10CD1000B2332371B5F8A633A4F8013095F8B525E0
:10CD2000E3790D4802F0010223F005031343E37198
:10CD30000F236371A371FF23237031460FF052FC60
:10CD4000042385F8B83370BD5E0B0500F434002071
:10CD5000F035002048320020893802002DE9F04FDC
:10CD60008DB0002504900122FF2106A88DF82950DE
:10CD70002AF017FC0122FF2107A82AF012FC012249
:10CD8000294608A82AF00DFC774C0122294609A85B
:10CD90002AF007FC012229460AA82AF002FC94F88E
:10CDA000B933002B4BD194F8BE04002853D1074669
:10CDB000042200216D48DFF8C4A16C4E2AF0F1FB7B
:10CDC0006B481B2200212AF0ECFB0025DAF800302A
:10CDD000AB424ED8002167480BF078F80BA90290BF
:10CDE0000BF0BCF820B1644840F267212DF082FAC4
:10CDF00002980DF12D010BF0CBF8064620B15E48EC
:10CE000040F269212DF076FA5A4800210BF048F8DB
:10CE10009DF82CB005900BF56F78A0444FF00009F9
:10CE20009DF82D205A456FD29DF82830002B40F0F8
:10CE3000E1809DF8293001338DF82930DFE084F856
:10CE4000B9536FF0480604983146FFF793FE00236C
:10CE500084F8B8330AE097212DF0A0F9074600289E
:10CE6000A6D1454840F245212DF044FA0DB0BDE869
:10CE7000F08F4FF01308D4F8C03408FB05F803EB2B
:10CE8000080213F8083003F00303032B3AD1D37BD5
:10CE9000C3F3C10003F00703325C22FA03F1C907B0
:10CEA00030D4012101FA03F31A433254D4F8C034C8
:10CEB00043440DF12901187C0BF01EF820B12E48D7
:10CEC0004FF416712DF016FAD4F8C03443440DF126
:10CED0002A02597C187C01F03F010AF071FF20B151
:10CEE00025484FF417712DF005FA9DF829309DF86B
:10CEF0002A201B2101FB0343134493F8BC23013276
:10CF000083F8BC23013561E7012303FA0BF2059B8B
:10CF10001A4224D05FFA8BF319460020039306F0DF
:10CF200073FC0128054604D113484FF41E712DF0FF
:10CF3000E1F905F130030DEB030298F8001012F847
:10CF4000182C91420BD84FB39DF829C03E7800228F
:10CF5000D1B28E4214D84FF000096FF01B060BF1CE
:10CF6000010B08F101085BE7483200201F36002062
:10CF70000436002000370020510905005C01002024
:10CF800007EB4201487800F0070EE64540F08D803F
:10CF9000BBEBD00F40F0898091F80290DDE90201EF
:10CFA0000DF12B020AF042FF064620B161484FF412
:10CFB00022712DF09FF905F130030DEB030598F870
:10CFC000002015F8181C914203D115F8141C49458E
:10CFD000C5D9029B9DF82B1005F8103C4FF00103BA
:10CFE00005F80C1C05F8182C05F8149C05F8083CED
:10CFF000002AB4D19DF81830002B7FF41AAF94F8B2
:10D00000BE0420B10AF0E0FB002384F8BE34002007
:10D0100006F018FC38B19DF8283023B945484FF484
:10D0200031712DF067F9B4F8A6536B1E9BB24FF621
:10D03000FD72934204D94FF6FF700FF0CBF985B221
:10D040004FF013094FF00008DAF800305FFA88F764
:10D05000BB422CD9D4F8C03409FB07F7DB5DDA07F3
:10D0600020D5002006F0EEFBE0B1D4F8C034DA1988
:10D07000DB5D9B0716D59DF82010137C994211D1DA
:10D08000537C9DF8241003F03F038B420AD1D07BE0
:10D090000DF12E0100F01F0009F044FCBDF82E3008
:10D0A000AB4241D008F10108CEE7013250E74FF61C
:10D0B000FF7006F0A7FF07F01DFE20B1002384F8E3
:10D0C0001C33A4F8A4330020A4F8A65306F0BAFB3E
:10D0D00050B19DF8203084F8B2339DF8243084F8A4
:10D0E000B333002384F8B4334FF6F67507F00CFE23
:10D0F00028B1B4F8A433013B9BB2AB420DD80E4B20
:10D1000001930223009304980C4B5322FF2107F054
:10D11000D3FC002E3FF4AAAE95E64FF6FF700FF059
:10D1200059F9A4F8A403E1E74FF6FF700FF052F9A4
:10D1300085B287E751090500D9CC0100EC35002004
:10D14000054B064AC3F89025054AC3F88C25054AC5
:10D15000C3F89425704700BF483200205DCD010020
:10D16000A1CB010031CB01002DE9F041464E96F8EC
:10D17000B87386B0044637B1C221204606B0BDE878
:10D18000F041FFF7F7BC10F0C7FA0028F4D11021E6
:10D1900020462DF003F800F1080805463B49082217
:10D1A00040462AF0CCF928B10822414606F52B70FA
:10D1B0002AF0ECF904AB0193002103AB00932A465B
:10D1C0000DF10B03084602F0E9F9002856D130486A
:10D1D00029460AF0C3FD049B5A1E1A4246D19DF807
:10D1E0000B309DF80C008DF80D300DF10F010AF099
:10D1F00083FE18B12748A8212DF07CF89DF80D007A
:10D20000234A9DF80F1005AB019301300DF10E0379
:10D21000C0B200930DF10D038DF80D0002F0BEF9C0
:10D220001C3026D096F8BE84B8F1000F1AD107F052
:10D2300061FD4746022396F86F2386F8B83360F302
:10D24000C30286F86F23049B2A7901939DF80C3062
:10D25000009339469DF80B30204602F003FA06B0E1
:10D26000BDE8F0810B48C5212DF044F807F042FDE0
:10D27000E0E707F03FFD01270323DCE7C12120465B
:10D28000FFF778FCEBE700BF483200205E0B05009B
:10D29000003700205109050037B50F4C94F840368F
:10D2A00043F00103054684F84036F4F7FFFA18B955
:10D2B00084F81C03A4F8A403002001F0F5FE074B3A
:10D2C0000193022300935322054BFF21284607F0C8
:10D2D000F3FB03B030BD00BF48320020D9CC0100C1
:10D2E000EC35002010B504460AF06EFA0A4B93F8AC
:10D2F000A924A24205D193F8A814002283F8A924F6
:10D3000029B940F25E2105482CF0F4FF0021BDE868
:10D31000104003480FF066B9483200206409050048
:10D32000A13802002DE9F04F85B09A4600230D4642
:10D330000193CE094FF6FE7301A99DF83C90ADF81C
:10D3400002300746904606F083FD18BB019A137819
:10D3500003F00C03042B04D1A80706D40023019387
:10D3600018E0082B2DD1A907F8D45378C5F3C001D4
:10D37000C3F340038B42F1D1D1790DF1020009F0E2
:10D3800027FC019A137843F001031370019BD879AD
:10D3900004F0D6FC019B974CAEB1ABB994F81B33AB
:10D3A00094F81A1394F819230B449A424DDC002385
:10D3B000914884F8B0332CF05DFEED2005B0BDE857
:10D3C000F08F0C2BD7E723B35B7803F00C03042B0F
:10D3D0002DD1BDF80230AAF80030002202AB114670
:10D3E000384609F013FF002840F081809DF80800BE
:10D3F00001AA012106F0AAFC002800F0838094F81D
:10D400001B2394F81A33134494F819239342D4DB62
:10D41000CDE7AA074BBF94F81A3394F81B330133B6
:10D4200001334CBF84F81A3384F81B33B6E7AB07DB
:10D4300005D594F81A33013384F81A33C9E794F800
:10D440001B33013384F81B33C3E7C5F3400BCEB164
:10D45000BBF1000F2BD1D4F8F0342BB138469847EC
:10D460000646FEF799FB10B92CF051F906464FF627
:10D47000FF72964294F81B33ADF80260E1D194F844
:10D480001A232AE0BAF8000002A909F021FE28B107
:10D49000BBF1000F28D1BAF80060E8E7082239464E
:10D4A0000DEB02002AF04BF80028F1D0D0E7D4F8B9
:10D4B000F0342BB1384698470646FEF76DFB10B99D
:10D4C0002CF025F906464FF6FF72964294F81A336F
:10D4D000ADF80260AFD194F81B23134494F81923DC
:10D4E000934266DAEC2069E7BAF80060EBE7BDF832
:10D4F000021002AB0022384609F006FF00283FF474
:10D5000075AF7CE794F81B2394F81A33134494F80E
:10D510001923934207DB84F8B00337482CF0AAFDA7
:10D5200000287FF44AAF019B23B9344840F20241FE
:10D530002CF0E0FE019B9DF838109A7861F304020C
:10D540009A70019AC5F340031178C3F1020363F3A3
:10D5500083011170019B5A78ED0865F341025A70FE
:10D56000B9F1000F05D0019B5A78052161F38402BF
:10D570005A70019B00229A72DA721A735A7394F8E5
:10D580001C131878013161F307101870019B19788A
:10D5900001F00C01082915D00020019B1A7A83F8AC
:10D5A000048002F07F021A725A7A22F00F025A7235
:10D5B00004E70023104884F8B0332CF05BFD00280A
:10D5C00090D0FAE6597862F30001597094F88E13FE
:10D5D000019801220EF0F8FCB9F1000FDCD1019B9B
:10D5E0000748D9794A462CF06AFD0028D4D0ED20AE
:10D5F000D3E700BF48320020F1EE010064090500C6
:10D60000BDC20200F7B505462CF01AFE0B210446F8
:10D6100028462CF0C3FD634213F0FF0400F101061D
:10D6200019D1304609F054FE0746082231466846B3
:10D6300029F0ACFF0B2128462CF0B0FD064608224D
:10D64000694629F0A3FF3781B472294603480EF0DA
:10D65000C9FF03B0F0BD4FF6FF77E6E789920100FE
:10D6600037B5172104462CF099FD054620462CF0CD
:10D67000E7FD434203F0FF03002B39D1288901A9BC
:10D6800006F0C4FB20B11D4840F20E212CF032FE02
:10D69000002228890DF10303114609F0EDFC20B1A9
:10D6A000164840F213212CF025FE154D9DF803007D
:10D6B00095F8A51409F06AFFA8B1019B1B7803F047
:10D6C0000C03082B14D19DF803100E4885F8A844CC
:10D6D00000222CF0F4FC20B1084840F22F212CF05D
:10D6E00009FE03B030BD054840F221212CF002FEB6
:10D6F000214605480EF076FFF3E700BF64090500F8
:10D70000483200200DD70100A138020038B50B4B7C
:10D7100093F8A5248A4204460D4608D183F8A9044B
:10D72000E9B22046064ABDE838400EF041BD054842
:10D7300040F27B212CF0DEFDF2E700BF48320020F2
:10D74000E5D201006409050010B50823002212216A
:10D7500004462DF035F80549082229F017FF214627
:10D760000348BDE810400EF03DBF00BF4037002029
:10D770000D4C0300F8B5022104462CF00FFD037890
:10D78000002B50D14378012B04D0022B25D0002B45
:10D7900043D1F8BD0B2120462CF000FD0746204662
:10D7A0002CF0B9FC0546013009F092FD4FF6FF73ED
:10D7B0009842064603D11E488E212CF09BFD304630
:10D7C000F7F7BEFB29460B22384629F0DFFE194841
:10D7D0002146BDE8F8400EF005BF172120462CF089
:10D7E000DDFC054620462CF096FC17220146284613
:10D7F00029F0CCFE172120460AF0D6F82A894FF6E8
:10D80000FF739A4203D10A48A1212CF073FD2889A5
:10D81000F7F796FB08482146DBE7BDE8F8400448E7
:10D82000AB212CF067BD2046BDE8F84009F0CCBF25
:10D830006409050005D6010061D601002DE9F04F0D
:10D840008DB004462CF067FCBC4D064608212046EE
:10D850002CF0A4FC95F8AA34002B40F06A81737870
:10D86000D80640F1668130462CF01BF808220146AC
:10D8700008A829F08BFE20462CF04DFC0821064616
:10D8800020462CF08BFCC379049373789907C3F37B
:10D89000400A13D530462CF021F895F86F33C3F3C6
:10D8A000410303EB031330442B4410F801AC93F80D
:10D8B0002D33BAEB030A18BF4FF0010A95F8AA34CA
:10D8C000002B40F036817378DA0640F13281BAF1EC
:10D8D000000F40F02E8130462CF000F8411C20460D
:10D8E0002CF034FCB38890F8009096F80180ADF8E5
:10D8F0001A3030461FFA83FB2BF0D3FF90490822E1
:10D90000074629F01CFE002800F013818D490822EB
:10D91000384629F014FE002800F00B81C8F34003BC
:10D92000082239460AA80593984629F02FFE0DF1E2
:10D93000190352465146384609F068FCE0B995F89B
:10D94000AA249DF81930BAB195F8A5249A4213D1AA
:10D950000023B68807930227B8F1000F1AD007A951
:10D96000304606F053FAA8B9079A51784FEAD9031E
:10D9700063F3410151700DE095F86E335B07E7D416
:10D98000B8F1000F40F0A280F3F790FF00287CD0A0
:10D99000B68802270123CDE90133059B0093B5F832
:10D9A000A41300233246204604F0EEF8B8F1000F2D
:10D9B00006D04FF4E6724FF49F7120462BF0C2FF61
:10D9C0000322072120462BF072FFFD23BDF81AB079
:10D9D000A0F800B0877019F0080F0093C9F3C00ACF
:10D9E00014BF53460523B5F8A4133246204605F06C
:10D9F000C7FB172120462CF0D1FB049B8375002F19
:10DA000040F08F8095F8AA34C3EBC3022A4439460C
:10DA1000A2F8A3B4072202FB035303F2A543012299
:10DA20000AA809F0F3FB95F8AA34C3EBC3022A4411
:10DA300001333946204685F8AA3482F8A68482F854
:10DA4000A7A42CF004FC172120462CF0A7FB1721DB
:10DA5000054620460AF04CF81722294629F096FD83
:10DA60000B2120462D892CF099FB02230370A0F88E
:10DA7000015008A90822033029F088FD32482146C8
:10DA80000EF0B0FD0DB0BDE8F08F07A93846CDF817
:10DA90001C8006F0DDF980BB384609F019FC079AB6
:10DAA000137803F00C030C2B27D083450BD119F00E
:10DAB000020F34D0042B06D15378C9F3C002C3F34C
:10DAC0004003934219D0B688002763E720462CF024
:10DAD000EAFC0123019395F8B433009302460DF15B
:10DAE0001A0338464946FFF71DFCB688074600284A
:10DAF0003FF450AF0023079331E720462CF0D3FCCE
:10DB00000123019395F8B433009302460DF11A03F3
:10DB100038464946FFF706FCB68807463AE7082B21
:10DB2000C9E70A492046C91B2CF091FB0848214649
:10DB3000A6E7204609F048FEA4E700BF48320020CF
:10DB40005E0B0500560B0500B19D010000FEFFFFB6
:10DB500061D601002DE9F347172180462CF01EFB0A
:10DB6000022200F1080100240DEB0200534D8DF854
:10DB7000014029F00BFD2E4696F8AA34A34212D993
:10DB80000022BDF802000DF10103114609F074FAFC
:10DB900068B995F8A5249DF801309A4207D196F806
:10DBA000AA34A34206D8404609F00EFE7FE00134B5
:10DBB0000735E1E70D2140462CF0F0FA05464046D6
:10DBC0002CF03EFBE7008246002873D105F10209E4
:10DBD0009DF80110484608F0B9FF3B1B33445246FC
:10DBE000B3F8A31429800DF1010389B2484609F066
:10DBF0008BFB20B1324840F2AA212CF07BFB3B1B6F
:10DC00003344002193F8A6349DF801002B73A972C8
:10DC100001AA06F09BF8814600284BD1AB7A019906
:10DC200003F0FD03AB720A7802F00C02101F4242AF
:10DC3000424143EA4203AB724A78C2F3400243EAEC
:10DC4000C203AB720223EB72494640462CF0FFFA46
:10DC5000019B1B7803F00C03082B05D19DF80110E4
:10DC600018484A462CF02BFA174841460EF0BAFCE9
:10DC700000231648C6F8E4332CF0FCF93F1BF319D7
:10DC800093F8A50409F078F896F8AA24013AD2B2DC
:10DC9000A24286F8AA240AD907F2AA41121B07F267
:10DCA000A347C2EBC2023144F01929F058FC02B07C
:10DCB000BDE8F087404609F087FDDFE748320020E5
:10DCC00064090500BDC2020005D80200F1EE0100A2
:10DCD0002DE9F04387B004462CF01DFADFF80891D7
:10DCE0004FF6FF7307460B212046ADF80E302CF09F
:10DCF00055FA99F8643F13F00803054605D020460D
:10DD000007B0BDE8F04309F05FBD38B9314840F2D3
:10DD1000594107B0BDE8F0432CF0ECBA99F8B023B4
:10DD2000002A4BD0827A417A019303780093461CF3
:10DD30000DF10E033046FFF7F5FA024600283ED1FA
:10DD4000BDF80E8004AB4146304609F0DDFA30B133
:10DD50001B3004D01F4840F277412CF0CBFA082248
:10DD600031461D4829F012FC1C482CF083F9D9F8E3
:10DD7000F4340BB130469847204600212CF067FA66
:10DD800029460B22384629F001FC0822314604A816
:10DD900029F0FCFB0B2120462CF000FA0123037034
:10DDA000A0F80180082204A9033029F0EFFB2146E6
:10DDB0000B480EF017FC07B0BDE8F08302220949BA
:10DDC0002046891A2CF043FA204607B0BDE8F043FC
:10DDD000FFF718BC640905004037002049D701004F
:10DDE000B19D010000FEFFFF4832002037B5092138
:10DDF00004462CF0D3F9002211460DF1010309F07D
:10DE000005FA014628BB9DF8010001AA05F09EFF16
:10DE1000F8B9019B5B7803F01C03042B19D10B218B
:10DE200020462CF0BBF99DF80110054608F08EFE47
:10DE30009DF801100DF1020008F0CAFEBDF8023095
:10DE40002B8101230548AB7221460EF0CBFB03B0BA
:10DE500030BD204609F0B8FCF9E700BFE5980100A5
:10DE6000F0B58DB0044606F063FF002800F08C800A
:10DE700000251621204602952CF090F9467D074694
:10DE800076B920462CF047F92146054606A82BF026
:10DE900007FC03AA291806A8FBF7CCF99DF80E5039
:10DEA0007B7C0022032B11460DF1050346D107F1BF
:10DEB000090009F0ABF90146002865D19DF805007D
:10DEC00002AA05F043FF00285ED1002D5CD1BB7C87
:10DED000002B38D10D2120462CF060F99DF805204B
:10DEE00007460DF10601023008F0F6FDBDF80630D8
:10DEF0003B80029ABD72137803F00C03191F4B424A
:10DF00004B415B00BB725278FE72C2F3400243EA9F
:10DF1000C203BB72294620463D732CF098F9029B40
:10DF20001D485A78052161F384025A7021460EF08B
:10DF300059FB1A482CF09EF80DB0F0BDB7F8090057
:10DF400009F09AF8B7E7029B5B7803F01C030C2BEF
:10DF500017D19DF8050003F0B3FD029B1B7803F079
:10DF60000C03042B0E4B0BBF93F81A2393F81B23BF
:10DF700002F1FF3202F1FF320CBF83F81A2383F85B
:10DF80001B2306482CF076F8002CD5D020460DB087
:10DF9000BDE8F04009F018BC05D80200F1EE010020
:10DFA0004832002010B5044680782379F62B0CD92E
:10DFB00009F00AFCE378074A6FF30003E37092F874
:10DFC0001733013B82F8173310BD0122D12103F032
:10DFD000F9FFEFE7483200202DE9F041174C0646E3
:10DFE0000025274605EB85033B4403F52E7893F87F
:10DFF000BF22D2071BD5B3F8BC32B34217D10821D8
:10E0000094F8BE022CF0CAF894F8C032837194F8E8
:10E01000BE120B480EF0E6FA98F807306FF30003D3
:10E0200088F8073097F81733013B87F81733013525
:10E03000052D04F10504D5D1BDE8F081483200205A
:10E04000C93102002DE9F84306F072FE002864D0C1
:10E05000384C94F81533002B5FD000210A2000FBC8
:10E06000014303F5347593F8D522D30720D553081F
:10E070001AD1314AD4F8B862D2F800C00A2202FBA1
:10E08000014202F534729C4516D10A2303FB014379
:10E0900093F8D5226FF3000283F8D52294F8153354
:10E0A000013B84F8153303E07F3363F347026A7161
:10E0B00001310629D3D130E003EB8305771916F837
:10E0C00005E01EF0010F08D0B7F80390B2F80B80FE
:10E0D000C14502D11EF0060F01D10133D3E79C45A3
:10E0E000D3D953796FF30003537194F81533013B7F
:10E0F00084F81533B7F803104FF6F773994203D835
:10E100000E4800222BF0DBFF735D6FF300037355A5
:10E1100094F81433013B84F8143306F009FE30B14F
:10E12000BDE8F8430648422200210EF065BBBDE879
:10E13000F88300BF483200205801002045E101006B
:10E1400045E0010037B50C46042105462CF026F8C1
:10E150000023019301A90370A0F80140204605F0B7
:10E1600055FE68B9019B1A7802F00C02082A07D004
:10E170005A7802F01C02042A02D0D87905F09CFDDE
:10E18000294602480EF02EFA03B030BD09D4020031
:10E19000074B48B91980074B93F8B1333BB1064898
:10E1A000422201210EF028BB1888FFF715BF7047E7
:10E1B0006C880020483200206D970400F8B506F006
:10E1C000ADFD054600287FD1404C94F817338BB93C
:10E1D00094F81433002B74D107F082FC94F8B13317
:10E1E000002B71D0BDE8F84039484FF4A5720021EA
:10E1F0000EF002BB274605EB8503234403F52E7181
:10E2000093F8BF32D8074FEA850619D513F03E0FB1
:10E21000C3F344021FD197F8C03297F8BE02F62B21
:10E2200014D909F0D1FA7319234493F8BF226FF37C
:10E23000000283F8BF2294F81733013B84F81733A8
:10E240000135052D07F10507D5D1C1E70122D121FF
:10E2500003F0B8FEE7E71F3262F34503CB71EFE747
:10E26000D4F8B86200EB800506EB050C735DDA07A5
:10E270000FD59CF8011001F00F02920052EA9312A0
:10E280000CD162F30003735594F81433013B84F806
:10E29000143301303B689842E2D39DE713F0060F38
:10E2A000F7D13F3202F0030E03F03F03C2F38302C3
:10E2B00021F00F0143EA8E13114373558CF80110BE
:10E2C000E7E7044F0020E5E7F8BD00BF4832002033
:10E2D000BDE10100580100202DE9F04F4FF0000B87
:10E2E00085B01F460123CDE9013B184E9DF838A0AB
:10E2F00096F82C3803F00103009389465B46B6F884
:10E30000A4139046BDF83C20044603F03DFC0722D0
:10E310000546022120462BF0CAFA80F800B080F8AA
:10E320000190A0F80280878080F806A096F8183344
:10E330005B00AB71FF2120462BF0EFFA0448214629
:10E3400005B0BDE8F04F0EF04DB900BF48320020D7
:10E35000C931020008B5094B93F8B13363B14222C9
:10E36000002107480EF048FABDE8084005484FF480
:10E37000A57200210EF040BA08BD00BF483200204F
:10E3800045E00100BDE10100F8B50C4D0646002452
:10E39000A5F52F7704EB84033B4493F8BF22D20703
:10E3A00006D5B3F8BC32B34202D12846FFF7FAFDD6
:10E3B0000134052C05F10505ECD1F8BD043500202C
:10E3C00070B50A4D0024A5F52F7604EB8403334481
:10E3D00093F8BF32DB0702D52846FFF7E3FD01348F
:10E3E000052C05F10505F0D170BD00BF04350020F6
:10E3F00070B50E4C0E4BD4F8B8221D6800239D4218
:10E4000001D100200EE003EB83015018565CF607A3
:10E4100009D494F81433013384F81433535C43F073
:10E420000103535470BD0133E9E700BF48320020B7
:10E43000580100202DE9F341DFF808813F4B0F46DA
:10E44000D8F8B812144606461A6800239A4244D1F6
:10E4500001A9304605F0DAFC70B998F8663F9D07CF
:10E4600069D5019A137803F00C03082B04D1537873
:10E4700003F01C03042B5ED0FFF7BAFF054600280B
:10E4800059D04FF001082B78A5F8036003F0390349
:10E490002B706B7843F00F036B7000220DF10303B8
:10E4A0000121384608F0E8FD20B125484FF4FE71FF
:10E4B0002BF020FFB8F1000F20D004B3A01E44427F
:10E4C0002B784441E40044F0100423F018031C436B
:10E4D0002C702B7843F0200314E003EB83000D181D
:10E4E000085CC00703D5B5F80300B04201D0013382
:10E4F000ACE79A42ACD94FF00008C4E724B92B78B6
:10E5000023F038032B7013E0A21E544254412B78A1
:10E51000E40044F0100423F01802144321072C7087
:10E52000D7D4A9789DF803209142D2D1DB06D0D56B
:10E530009DF80330AB7002B0BDE8F08158010020B7
:10E54000720905004832002030B50D4B19680D4B9B
:10E550000246D3F8B8420023994201D1002030BDD1
:10E5600003EB83056019655DED0703D5B0F8035033
:10E57000954201D00133EFE7994298BF0020EEE7C2
:10E5800058010020483200200C4970B500220A25AD
:10E5900005FB02F3CC1804F5347694F8D542E40771
:10E5A00003D5B6F80B40844204D00132062AEFD1DD
:10E5B000002070BD03F2D5200844FAE7483200205D
:10E5C000F8B50C4606462BF0A6FDF62C054624D8D9
:10E5D0001749002202EB82030B4493F8BF0210F0AC
:10E5E000010021D191F8172383F8BE62013281F82E
:10E5F000172393F8BF2283F8C04242F0010283F848
:10E60000BF226A88A3F8BC2293F8BF2222F07E02C0
:10E6100042F0440283F8BF22F8BD09F0B5FA0028A1
:10E62000D6D06FF01500F7E70132052AD2D1F8E70E
:10E630004832002008B50022FF2105480EF04AFAB2
:10E64000BDE8084003480022FF210EF043BA00BF96
:10E65000BDE1010045E0010037B5164D95F86F3377
:10E660009B06044624D401A905F0D0FBB8B9019A51
:10E670001079137ADF289ABF400980F00700012043
:10E6800013F0700F04D1127802F00C02082A0DD199
:10E69000C3F302139842B8BF184603B030BDB5F8B3
:10E6A000A403001B18BF0120C000F6E70820F4E710
:10E6B0000720F2E7483200202DE9F04F8BB0894661
:10E6C000164605462BF038F94FF6FE73984208BF00
:10E6D000A14B074608BFB3F8A4733846FFF7BCFF49
:10E6E0000828834600F0D38033799B4C0344DBB287
:10E6F00005939A4BD4F8B802D3F800E0002296456F
:10E7000013D1FFF775FE034600285AD07288A0F88F
:10E7100003200278012161F3420202F03F020270FD
:10E72000427842F00F024270C8E002EB820C00EB2C
:10E730000C0310F80C1011F0010F06D0B3F803A071
:10E74000B6F80280C24500F0AA800132D7E792F8FD
:10E75000DD3205998B4240F29A80ACF8097082F85C
:10E76000DD123278B9F80400C2F3C1023946FFF76E
:10E7700061FEB4F8A433BB4233D07088FFF76CFF5E
:10E78000337813F0180F2CD108282AD05844C0B27F
:10E79000009001977388B9F8042071782846FFF734
:10E7A0009BFD0BB0BDE8F08F0130062840F0A8803B
:10E7B0001A786FF300021A7094F81433013B84F84E
:10E7C0001433B4F81233002B61D072889A425ED1B0
:10E7D0000021284600F056FD4FF6FF73A4F81233CF
:10E7E000DFE7002DDDD00D22314606A828F0CEFE51
:10E7F00099F80680B8F1000F4BD094F82C289DF8BA
:10E800001830B9F8047099F807A013F0200F02F03F
:10E8100001024FF000034FF00109CDE9019300928E
:10E8200039464FF6FC7228460CBF4FF0050B4FF0EF
:10E830000D0B03F0A9F95A460646494628462BF027
:10E8400036F89DF8183003F0780303709DF819200E
:10E850004270BDF81A2042809B06059A027105D5C8
:10E8600008220DF11D01053028F090FE86F8068083
:10E87000B4F8A433BB4218BF86F807A0FF2128468E
:10E880002BF04BF8294636480DF0ACFE89E7002DF9
:10E8900087D028460BB0BDE8F04F08F095BF9645ED
:10E8A0007FF62FAF01F0060E412222FA0EF2D207B8
:10E8B00004D4012262F3420100F80C102648002122
:10E8C0004FF00A0A0AFB014202F5347C92F8D5E2C5
:10E8D0001EF0010F0CD090F8D68296F801E0F045BA
:10E8E00006D1BCF80780B9F804E0F0453FF42FAF3B
:10E8F0000131062900F10A00E4D100204FF00A0C92
:10E900000CFB004191F8D5E21EF0010F7FF44CAFF3
:10E9100094F81533013384F8153391F8D53243F068
:10E92000010381F8D532737881F8D632B9F8043012
:10E93000A1F8D732A1F8D9727388A1F8DB32059B10
:10E9400081F8DD32FF2381F8DE3291F8D5326CF3A5
:10E95000470381F8D53204E74832002058010020EF
:10E96000C93102002DE9F04F8B4685B017460022D1
:10E9700004461E4611460DF10703584608F07CFB7D
:10E98000002869D19DF8071002A808F0DFF80822D6
:10E9900054490DEB020028F0D2FD40B10822524943
:10E9A0000DEB020028F0CBFD003818BF012000F06D
:10E9B00001055846FFF7C8FD00284FD0037803F043
:10E9C0000603062B4AD1002C64D0204608F0FCFE3A
:10E9D0000821204608F088FFE9008046204609F01B
:10E9E00009F88146B8F1000F00D020B93F4840F245
:10E9F0005B112BF07FFCDFF8F8A09AF81633013397
:10EA0000DBB28AF8163389F80130002389F8043024
:10EA1000F300A9F802B003F01803002D58D189F8CB
:10EA200000301FB99AF818737F00FFB288F806709B
:10EA3000BAF8A433A8F80430082120462BF0AEFB26
:10EA40006FF0010383704FF0FF33C3704A464146B5
:10EA50002046FFF731FE1DE00025AAE7002CB7D1C4
:10EA600009F07CF888B1224E002404EB840333447F
:10EA7000A50093F8BF22D20703D5B3F8BC225A45AC
:10EA80000BD00134052CF0D104E02BF0E1FA044660
:10EA900000289DD105B0BDE8F08F93F8BE0293F831
:10EAA000C032F62B0FD908F08FFE2B19334493F8A0
:10EAB000BF226FF3000283F8BF2296F81733013BA1
:10EAC00086F81733D0E70122D12103F07BFAECE777
:10EAD000484643F0200300F8053B9DF8071008F076
:10EAE00035F89EE75E0B0500560B05007209050020
:10EAF000483200202DE9F04F85B0164680462AF0B6
:10EB00001BFF604DB7795F4A4FF6FE73984208BF0E
:10EB1000B5F8A40300234FF00A0C0CFB03F42919E9
:10EB200001F5347E91F8D512C90709D592F8D6922D
:10EB30007178894504D1BEF807E071888E4516D0FA
:10EB40000133062B02F10A02E7D100244E4BD5F81F
:10EB5000B8A21968002399420DD184BBB8F1000F07
:10EB600072D0404605B0BDE8F04F08F02DBE04F26B
:10EB7000D5242C44EAE703EB83090AEB090B1AF8C6
:10EB8000092012F0010F05D0BBF803E0B6F804C06D
:10EB9000E64501D00133DEE79942DED9CCB1637A94
:10EBA000BB42DBD30DF10F030022012108F064FA10
:10EBB000C8B1364840F22A412BF09CFBCEE72378BF
:10EBC0006FF30003237095F81533013B85F8153377
:10EBD000C4E764F300020AF8092095F81433013BF6
:10EBE00085F81433BAE79DF80F308BF8023023789C
:10EBF00067720A2262F3470323701AF8093003F0A0
:10EC00000602022A04BF60F342030AF80930728840
:10EC1000B5F8A4339A421ED195F8663FBBF803209D
:10EC2000DB0714D51A4800210DF022FDB5F8122398
:10EC3000BBF803309A4291D10021404600F022FBFC
:10EC40004FF6FF73A5F8123305B0BDE8F08F1046FC
:10EC5000FFF7C2F9EAE7A088FFF7FEFC0744A388A4
:10EC60000193FFB2009772887178B3884046FFF72E
:10EC700033FBA1887088002205B0BDE8F04FFFF794
:10EC8000D9BB00BF4832002058010020720905009E
:10EC900091E10100F0B5114B1E68114BD3F8B81289
:10ECA00000239E4200D1F0BD03EB83054C194A5D61
:10ECB000D70706D5B4F80370874202D112F0060FC9
:10ECC00001D00133EDE79E42EDD902F03F024A55F3
:10ECD000637843F00F036370E5E700BF580100203D
:10ECE00048320020F0B51A4B19681A4BD3F8B842D5
:10ECF0000022914200D1F0BD02EB8206A519A35D6E
:10ED0000DF0706D5B5F80370874202D113F0060F6E
:10ED100001D00132EDE79142EDD9697801F00F029F
:10ED2000920052EA9312E6D03B2A03F03F0381BFE0
:10ED3000A2F13C0002F0030243EA8213A35521F042
:10ED40000F0186BFC0F383031943A3556970D2E74F
:10ED50005801002048320020F0B5104C104BD4F878
:10ED6000B8121E6800239E4200D1F0BD03EB83055C
:10ED70004F194A5D12F0010F03D0B7F803708742B4
:10ED800001D00133EFE79E42EFD96FF300024A55FD
:10ED900094F81433013B84F81433E6E7483200203A
:10EDA000580100201FB50F238DF80F300A4B93F840
:10EDB0006E3F9B0749BF0023084B8DF80F30084B6F
:10EDC00001930123009346220DF10F03FF2105F06B
:10EDD00073FE05B05DF804FB48320020E5ED01004C
:10EDE000B9EE010070B51A21064608F07DFD4523F5
:10EDF0000370FF2343700F222C4B82700446C0F82F
:10EE0000033000210B302A4D28F0CBFB2223237343
:10EE100095F81C33627B0F2B28BF0F2363F3C602C8
:10EE2000627305F52B71082204F10E0028F0AEFB89
:10EE300003224FF0FF3104F1160028F0B2FB95F8E1
:10EE40001B1395F81A3395F819231A480B449A4264
:10EE5000D8BF95F8B023637BD9BF62F38203637395
:10EE600043F004036373D8BF95F8B033627BCCBF23
:10EE7000012303F0010363F3C712627395F8B532FF
:10EE8000637695F86F33D2B2C3F3C00363F34102E4
:10EE9000627395F86F33D2B2C3F3001363F30002C9
:10EEA00062733146BDE870400DF09CBBB9EE0100C5
:10EEB00048320020AD38020038B50C4D044602F04F
:10EEC00037FFD5F8E43363B1002120462BF0BFF9BA
:10EED000D5F8E40321460DF085FB0023C5F8E433A3
:10EEE00038BD2046BDE8384008F06EBC48320020EE
:10EEF00030B585B0044605F011FF78B100238DF8D8
:10EF00000F30104B01930123009346220DF10F03A4
:10EF1000FF21204605F0D0FD05B030BD0A4B93F827
:10EF20001A2393F81B5393F819132A449142D8BF1C
:10EF300083F8B003054B0193012300934122044B56
:10EF4000E6E700BFB9EE010048320020A5ED010060
:10EF5000F835002010B505F0EBFE0B4C68B10EF053
:10EF6000DBFB50B194F86F33084843F0100384F88A
:10EF70006F33BDE810402BF07DB894F86F336FF31A
:10EF8000041384F86F3310BD48320020F1EE010005
:10EF900073B5044605F0B8FE002847D0294D002679
:10EFA00003212046CDE900662BF0F8F8B5F8A6332A
:10EFB000ADF8013003788DF805309DF8073095F8ED
:10EFC000B41466F300038DF8073043788DF80630EB
:10EFD00082784B08520002F0020203F0040313434C
:10EFE0009DF8072022F0060213438DF8073041F008
:10EFF000080195F8B23385F8B4148DF8043008216F
:10F0000095F8B3338DF8033020462BF0C7F808226B
:10F01000694628F0BBFA21460B480DF0E3FA0523B8
:10F0200085F8B83302F076FE02B070BD2046C221EA
:10F030002BF00DF90548214602B0BDE870400DF0F7
:10F04000D1BA00BF483200208938020081D80200BE
:10F0500010B5044605F06CFEC0B1201E0C4C94F8AF
:10F060006F3318BF0120C3F3C00282420ED060F399
:10F07000C30384F86F3301200CF0BAFBD4F8E433F7
:10F0800023B9BDE8104003482AF0F4BF10BD00BF0B
:10F0900048320020F1EE01000022024811460DF036
:10F0A00019BD00BF55EF010008B50020FFF7F4FFC0
:10F0B000BDE80840024A034800210DF09DBB00BF97
:10F0C0000003570055EF010010B50B4B0B4893F8A8
:10F0D000B42400246FF3410283F8B42483F8B043CE
:10F0E0002AF0C8FF06482AF0C5FF21460548BDE8BA
:10F0F000104002222AF0E3BF48320020F1EE010066
:10F100007397040009F1010038B500220D46012370
:10F11000362104462BF054FB057021460248BDE819
:10F1200038400DF05FBA00BF0D4C030010B5002150
:10F1300004462BF08CF821460248BDE810400DF043
:10F1400051BA00BFF9D702000349044B91F8B41338
:10F150008A2205F0E5BC00BF4832002061F10100C1
:10F1600030B585B004462AF0D6FF054620462AF081
:10F17000DCFF032803D81348BD212BF0BBF82B7804
:10F180002046D3B92AF0D1FF042803D80D48C12165
:10F190002BF0B0F82B79003B18BF01238DF80F300E
:10F1A00000220123CDE90032FF210DF10F03872258
:10F1B000204605F081FC05B030BD05B0BDE830400B
:10F1C00008F002BB88090500F8B5274C0121054667
:10F1D0002AF0E4FF94F8B43407789B0706460AD572
:10F1E00022480022FF210DF075FC94F8B4346FF32F
:10F1F000410384F8B43405F09BFD70B333784BB30E
:10F20000FF2B08BFFE273378B3B194F819339BB1B5
:10F2100094F8B434154843F002033AB284F8B43495
:10F2200002EB421201239A40002184F8B0330DF022
:10F23000E3FA0F482AF01EFF39460E4802222AF050
:10F240003EFF0D4B0D48C4F8E4332946BDE8F840B5
:10F250000DF0C8B984F8B033D5E7C22128462AF0AA
:10F26000F6FF07482946F1E748320020C9F00100BF
:10F2700049F1010009F101002DF10100F1EE010059
:10F28000F9D7020070B50E460121054608F02CFBA7
:10F29000044618B905482D212BF02CF82670294674
:10F2A0000348BDE870400DF09DB900BF9D09050001
:10F2B000A993040037B5052105462AF06FFF0446DF
:10F2C00030B92748372103B0BDE830402BF012B8E1
:10F2D00005F024FD014630B1C221284603B0BDE847
:10F2E0003040FFF7CFBFB4F801204FF6F77390B26C
:10F2F000984216D91B4BA3F8122393F86423FF2AD4
:10F3000008BF83F864132379B4F80110E27833B1AD
:10F310000223284603B0BDE83040FFF723BB01239A
:10F32000F7E72378022B04D10E4BB3F8A4338342C2
:10F33000D3D001A904F06AFD014620B92846FFF7A1
:10F34000A1FF03B030BD2378022BC5D1054BB4F823
:10F350000120A3F81223E278B4F801100023D8E7C3
:10F360009D0905004832002070B51E46937C03714C
:10F3700092F953304371C37B61F30403C3731546A1
:10F38000437C927B62F3050343746B7B0374B37815
:10F390000278C3F3C30363F3071202707378427CED
:10F3A000C3F3030363F387124274B37B8373394B54
:10F3B00093F8B833072B0446437856D02A7CC17B98
:10F3C000D20962F300034370B378C3F3800363F39D
:10F3D0004511C173B178C37BC90961F3861362F328
:10F3E000C713C37305F0A4FCE37B002845D0627CFF
:10F3F00002F0C002802A40D1C3F3401202EAD313C4
:10F40000E27B63F3C7122378E2730F2B09D895F8D8
:10F410004F30012B34D1AB78032B02D1B5F8132038
:10F4200042B16378D80733D4E37B13F0600F0CBF8D
:10F4300003220122237862F3830323702A78A378BE
:10F4400062F30403A370B378A27C99074CBF42F027
:10F45000010202F0FE02A274B378DB074CBF42F057
:10F46000020202F0FD02A27470BDC27B43F00103F0
:10F4700062F01F02C2734370B4E7C3F38012BDE7AA
:10F48000002BCED1AB78022BCBD1B5F80520C7E746
:10F490000122CFE7483200202DE9F7430E4604460B
:10F4A00058B92AF0D5FD044620B9394840F20E512A
:10F4B0002AF020FF20462AF04FFE972120462AF00E
:10F4C0006DFE344F24210546F0B22AF067FE97F80E
:10F4D000BE14064629B90422284628F062F887F8A7
:10F4E000BE44F0780DF1070108F006FD20B1284870
:10F4F00040F21D512AF0FEFE9DF80710264808F044
:10F50000CFFCD6F805300DF1050120EA0308F078AC
:10F5100008F024FD20B11E4840F223512AF0EAFEF3
:10F52000F0780DF1060108F033FD20B1184840F2E3
:10F5300025512AF0DFFE9DF80540DFF854900027A2
:10F540009DF80630A34202D203B0BDE8F08328FA4A
:10F5500004F3DB0718D52B784A2B04D940F22E513F
:10F5600048462AF0C7FE2A789DF8073005EB42018D
:10F5700003F0070343EAC4034B70F31901325B7ACB
:10F580008B7001372A70FFB20134E4B2D8E700BFB4
:10F59000B609050048320020003700202DE9F34766
:10F5A0000646DDE90A8791461D460C4621B12B48E7
:10F5B00040F231112AF09EFEB9F1000F04D1274824
:10F5C0004FF499712AF096FEB8F1000F04D1234848
:10F5D00040F233112AF08EFE27B920484FF49A7179
:10F5E0002AF088FE26B16FF01B0002B0BDE8F0875C
:10F5F00088F800603E6005B12E70FCB904220DEB66
:10F600000200174927F0C2FF88F8004021463C60FD
:10F6100001A808F05BFC2146824601A808F040FCE6
:10F6200021460646484608F03BFC0640DBD088F8F9
:10F6300000A03E6005B12C700020D6E70748FF21EE
:10F640002AF058FE042206490DEB020027F09EFF27
:10F65000002388F800303B60C5E700BFB60905000D
:10F66000E43500202DE9F84F0B9F9DF828800546D2
:10F67000894614461E4627B936484FF4D7712AF0FA
:10F6800039FEDFF8D8A0B9F1040F8AF8BC6408F09D
:10F69000170B1ED128462AF07DF8BBF1000F18BFCA
:10F6A0000424082128468AF8BD442AF07AFD08215E
:10F6B00080F80280C0F8037080F800904470C67132
:10F6C00028462AF06BFD29462348BDE8F84F0CF088
:10F6D00089BFBBF1000FE4D0B9F1010F38D19AF81E
:10F6E000B833012B05D128462AF054F80424A1464A
:10F6F000D7E7072B2CD11621284608F0F5F814235C
:10F700004370122383709023C3701B23037119234A
:10F7100043714A234FF0000983710A230446C371E1
:10F7200080F8009080F8089008220AF5737109307B
:10F7300027F02CFFBAF8A4336374BAF8A43384F822
:10F7400014901B0AA3744123E3747F236375CDE7F0
:10F750000424A6E7B609050099B501004832002047
:10F760002DE9FF410F46242106462AF017FD0546E4
:10F7700020B928484FF499612AF0BCFDDFF89C803D
:10F7800098F8BC4400238DF80A3003938DF80930B3
:10F7900024B1204840F2D4412AF0ACFDE8780DF1C4
:10F7A0000B0108F0A9FB20B11A484FF49B612AF025
:10F7B000A1FD03AB013401930DF10A030021009375
:10F7C000154A8DF80B100DF10903E0B2FFF7E6FEC4
:10F7D000A0B9039C24B90F4840F2ED412AF08AFDFC
:10F7E0009DF80A300093019430469DF8093098F84E
:10F7F000BD243946FFF736FF012002E01C3003D15B
:10F80000002004B0BDE8F081024840F2EA412AF04D
:10F8100071FDF5E7B60905000037002048320020E9
:10F820007FB5082104462AF0B9FC054638B92348BB
:10F8300040F2F31104B0BDE870402AF05BBD204EE9
:10F8400096F8B81399BB03AB01930DF10B0300932A
:10F8500002460DF10A030846FFF7A0FEA0B92946AB
:10F8600006F5976008F07AFA012186F8B813039B31
:10F870002A7901939DF80B30009320469DF80A30B9
:10F88000FFF7F0FE04B070BD0521204608F02CF80B
:10F890006FF0160303704FF0FF3343708370C37033
:10F8A0000848214604B0BDE870400CF09BBE05211D
:10F8B000204608F019F86FF00303EBE7B6090500DE
:10F8C0004832002035A804007FB5082104462AF0FC
:10F8D00065FC054638B9244840F2D12104B0BDE8A2
:10F8E00070402AF007BD214E96F8B432032B38D071
:10F8F00096F8B813002934D103AB01930DF10B0333
:10F90000009302460DF10A030846FFF747FEE0B9EF
:10F9100096F8BE3423B114484FF437712AF0EAFC4C
:10F920002946134808F01AFA062386F8B833039BD1
:10F930002A7901939DF80B30009300219DF80A303D
:10F940002046FFF78FFE04B070BD6FF47071204643
:10F950002AF07DFC0748214604B0BDE870400CF059
:10F9600041BE0549F3E700BFB60905004832002053
:10F97000003700203DF602003EFCFFFF2DE9F74F67
:10F98000C24C242105462AF009FC94F8B833082B10
:10F990000CD8082B0DD8DFE813F0A50114004301A3
:10F9A00029010C000C0089011C016401182B00F0D6
:10F9B0007781B74840F2D16103B0BDE8F04F2AF03B
:10F9C00099BC242128462AF0E9FB94F8B933B3B155
:10F9D0000521284607F088FF6FF0480303700026D2
:10F9E0004FF0FF33067143708370C3702946A948F6
:10F9F0000CF0F8FDA4F8B86303B0BDE8F08F4378CD
:10FA0000D02B08D1A24840F2D1512AF073FC94F8CF
:10FA1000B933002BDCD101212846FFF7A1FE0646B1
:10FA20000028E9D104F02EFD7521284607F05CFF7F
:10FA30004FF00209834600F1050A09F1FF395FFA28
:10FA400089F90023944A1268934211D3B9F1000F47
:10FA5000F3D1002E914B8F488BF8046018BF002320
:10FA6000CBF8003029460CF0BDFD84F8B893C3E70D
:10FA7000132202FB03F8D4F8C02402EB080C12F89E
:10FA8000082002F00301032940F09F80B9F1000F24
:10FA900003D012F00C0F40F0988051460020B04285
:10FAA0006CD11B2E00F291800AEB86070422002104
:10FAB0003846019327F075FDD4F8C0241AF82610B3
:10FAC0004244D27B02F01F0262F306010AF82610BC
:10FAD000D4F8C0141AF82620414402F07F02087CB2
:10FAE00000F0010042EAC0120AF82620097C7A7868
:10FAF000C1F3430122F00F020A437A70D4F8C02404
:10FB000042440136517C7A7801F00F0002F00F0276
:10FB100042EA00127A70BA78C1F3011122F00302AE
:10FB20000A43BA70D4F8C024B9784244527C92098E
:10FB300062F38301B970D4F8C02442445178BA7892
:10FB400061F30412BA70D4F8C024B9784244D27B6D
:10FB5000C2F3401262F34511B970D4F8C024424494
:10FB6000C9B2D27BC2F3801262F38611B970D4F8A5
:10FB7000C024019B4244927BFA7026E09CF80F70EF
:10FB80000A4607F01F0E11F8047B07F07F07BE45F9
:10FB90001DD19CF80110CF0717D5917841F01001C5
:10FBA0009170D4F8C0144144C97B880642BF917853
:10FBB00041F020019170D4F8C0144144C97B49063A
:10FBC00003D5917841F04001917001333AE701305B
:10FBD00065E701212846FFF7C3FD00287FF40CAF3D
:10FBE000284603B0BDE8F04F00F074BF94F8B93375
:10FBF00073B1D4F8903523B9254840F221612AF039
:10FC000079FBD4F89035284603B0BDE8F04F18478B
:10FC100001212846FFF7A4FD00287FF4EDAEE8E7B8
:10FC200094F8B96356B1D4F88C3523B94FF4C66152
:10FC300017482AF05FFBD4F88C35E4E794F8BE044B
:10FC40002946FFF729FC31462846FFF789FD0028A1
:10FC50007FF4D2AED4F88C35002BECD140F23D616C
:10FC6000E6E7242128462AF099FA43782BB928465A
:10FC700003B0BDE8F04F01F0D5B903212846FFF7E6
:10FC80006FFD00287FF4B8AEF1E700BF48320020D6
:10FC9000B609050035A804005C01002016FDFFFF31
:10FCA000284603B0BDE8F04F14F07EBD294694F815
:10FCB000BE04FFF7F1FB28460021FFF751FD054682
:10FCC00000287FF499AE94F8BE64014630462AF0CD
:10FCD000BEFA074831460CF085FC84F8B85384F826
:10FCE000BE5489E6284603B0BDE8F04F07F06CBD6E
:10FCF0003DF6020010B5084C94F8093504EBC30337
:10FD00000146082203F20A5027F040FC94F8093516
:10FD1000013384F8093510BD48320020024B00221F
:10FD200083F80925704700BF48320020F8B50B4C16
:10FD300006460025A4F20A5797F80935AB4201D8C8
:10FD40000020F8BD21460822304627F0F8FB083491
:10FD500008B10135F0E74FF0FF30F2E752370020ED
:10FD60002DE9F04F91B080462AF0D5F904460DF008
:10FD7000D3FC94F84F300090002B39D194F85030D8
:10FD800004F15406B44D95F8B823012A60D0072A2F
:10FD900067D004F0CDFF002800F0EF81009B002B1E
:10FDA00000F0DF81D5F89835002B40F0D18195F82F
:10FDB000B833072B00F00181A378022B08A940F08B
:10FDC0001C82B4F8050004F021F8002840F0F5800A
:10FDD000089AB3781178C3F3C30363F30711117062
:10FDE000089A237C5178DB0963F300015170E4E049
:10FDF000012B40F0E28020220DEB0200002127F0D1
:10FE0000D0FB94F8512094F8523004F15406134476
:10FE1000B5181E44B54208D39DF82030002B00F0E1
:10FE2000CC80099E9DF82830ACE76B7815F8027BF2
:10FE30001A02C3F3C30302F4E062022B47EA02078B
:10FE400004D108AA394628462AF09FFA3D44E1E742
:10FE5000A17C1F2940F2B18094F91010002980F292
:10FE6000AC800E2B43D996F80090B9F1000F3ED12B
:10FE7000737803F0F001202939D103F00F03013B1F
:10FE8000012B34D8072A06F1030A29D00023049352
:10FE90008DF80F3095F8B833072B00F09880504656
:10FEA000FFF744FF471C00F08880002800F08F8097
:10FEB00010F11B0F20D1A3789DF80F00022B40F00A
:10FEC000BE80B4F8051004AA03F066FD10F1160F09
:10FED00040F03A81614B4FF0FF0A01271322E4E022
:10FEE0005F490822504627F02AFB0028CED0009B0D
:10FEF000002B7FF45CAF60E01D305ED100271C2238
:10FF0000394608A8059727F04CFB544B1868D5F8DC
:10FF1000C024F9B281426CD30027FF236FF01B0B82
:10FF20001322D5F8C014019302FB0711C87B06A960
:10FF300000F01F0006F06CFC06A8FFF7F7FE019B1F
:10FF40001322002878D11BF11C0F15D1C7F3C4016F
:10FF50004031694407F0070E11F82C1C21FA0EF10C
:10FF6000C9075FFA87FC07D508A9C95D8B4203D989
:10FF70008DF80FC00B46834601371C2FD1D1BBF142
:10FF8000000F1AD1A27C9A4217D99DF80F0004F0F5
:10FF900047FA20B1334840F2CA312AF0ABF99DF854
:10FFA0000F20B4F80300514606F0D8FC002882D098
:10FFB0002C4840F2CD312AF09DF9B8F1000F00F045
:10FFC000CD80404611B0BDE8F04F07F0FDBBB4F85E
:10FFD00003000DF10F02514606F0A0FB10F11B0FBC
:10FFE0003FF469AF10F11D0F88D000283FF463AFD4
:10FFF000E3E71320414302EB010B515C01F00301E5
:020000040002F8
:10000000032917D19BF80F1005A801F01F0129F053
:10001000C9FF9BF80F109BF8040001F01F0101F1CC
:1000200040030DEB03010D4B11F820CC844538BF84
:1000300001F8200C013769E76FF0010B9CE794F899
:100040004F30012B04AA02D1B4F813103CE7611D14
:1000500003F0CCFC3AE700BF483200205C010020EE
:1000600014360020B6090500D5F8C01402FB07FBC2
:100070005944C87B08A900F01F0006F0C9FB08A876
:10008000FFF754FE5F4B132270B9D5F8C01401EB93
:100090000B0011F80B1001F00301032904D10179C1
:1000A00051453CBF04908A4601371868B842DBD8F6
:1000B000049A002A81D0A37C53457FF67EAFD5F801
:1000C000C07400234FF0130C984221D1B9F1000FF6
:1000D0000AD0D07B00F01F0006F064FC20B14A4833
:1000E00040F225412AF006F900210498132227F056
:1000F00058FAA3780499022B21D1B4F80530CB80AB
:100100009DF80F10049833462246FFF72DF9EEE6CE
:100110000CFB03F107EB010E795C01F003010329ED
:100120000BD19EF80F1092F80FE081EA0E01C9067C
:1001300004BF09F101095FFA89F90133C4E7083105
:10014000601D06F041FCDBE700287FF436AFD7E7FF
:100150004046984795F8B833072B4BD111B0BDE80E
:10016000F08F95F8B833032B0BD0182B7FF425AF05
:100170003146204614F084FA1FE795F8B833032B74
:1001800030D100230893B4F8030006AAF11C06F04E
:10019000C5FA00287FF411AFA3789DF81800022B50
:1001A00014D1B4F8051008AA03F0F6FB10F1160FED
:1001B00007463FF402AF9DF81810089833462246D0
:1001C000FFF7D2F8002F7FF4F8AE90E694F84F30A6
:1001D000012B08AA02D1B4F81310E5E7611D03F062
:1001E00005FCE3E7182B7FF482AE3146204614F07D
:1001F00047FA7CE64FF00008DEE5601D03F028FEBC
:10020000E3E500BF5C010020B6090500034B93F84D
:1002100009050F2894BF00200120704748320020B4
:100220007FB5214C94F81B1394F81A2394F81933D2
:100230000A449342D4BF002301230646FE21002234
:100240001A4884F8B0330CF045FC94F86C33184A23
:1002500043F6FF3502FB03554FF47053B5FBF3F53E
:100260000CF0CEF84FF033330021B0FBF3F20F481F
:100270002A440CF0C1FA94F8B133FF2B04BF0123D8
:1002800084F8B13394F8B1338DF80F30094B0193F2
:100290000123009352220DF10F03FF21304604F099
:1002A0000BFC04B070BD00BF483200201D110200DD
:1002B00040420F00F1EE010073B5054629F0C0FF82
:1002C000244C064630B101F033FD002384F8B833E6
:1002D00002B070BD4FF6FF7003F094FEB4F8A413A3
:1002E0000DF10703324604F56A7007F00DF818B1F6
:1002F0001948902129F0FEFFFEF79CF9FEF72AF835
:1003000094F8B833052B11D00B2B1AD0042B1CD129
:10031000FCF716FFD4F894351BB90F48AC2129F02F
:10032000E9FFD4F894352846984706E00B4B0C4873
:10033000C4F8E43329460CF055F90020FEF7B4FE6A
:10034000C3E7284607F040FABFE70348B92129F080
:10035000D1FFBAE748320020C609050081D8020063
:1003600021020200014601480CF03CB99538020018
:1003700070B50D460F21064629F010FF114C0346BB
:1003800040F8065B6DB9B4F8A4239A8004F52B718C
:10039000082227F0FBF831460B48BDE870400CF00E
:1003A00021B94FF0FF321A715A7104F52B710822EE
:1003B00027F0ECF894F86F336FF3C30384F86F33CE
:1003C000E9E700BF4832002045E6020007B5064BCA
:1003D0000193022300935322044BFF2104F06CFB92
:1003E00003B05DF804FB00BFF1030200EC35002010
:1003F00013B50C4BD3F8D8138A780C7C02F01F028B
:100400001A4482F8B2438978074C019401F01F0125
:1004100001F2B232012413440094042204F04CFB94
:1004200002B010BD483200202D04020013B50D4B60
:10043000D3F8D8138A784C7C02F01F021A44C4F314
:10044000050482F8B3438978074C019401F01F0139
:1004500001F2B332012413440094002204F02CFB77
:1004600002B010BD483200206D04020007B5074BF2
:10047000074AD3F8D83301920222009206334B2266
:10048000FF2104F019FB03B05DF804FB48320020A3
:100490009504020030B5194C19490546D4F8D80323
:1004A00085B00622083027F04AF898B908224FF0A4
:1004B000FF310DEB020027F074F8D4F8E03301931C
:1004C000082300934A226B44FF21284604F0F4FAE3
:1004D00005B030BDD4F8D833197A032202FB0141AC
:1004E00001F215110DF10D0027F050F8D4F8D813D2
:1004F0000522093102A827F049F8DEE7483200203A
:10050000560B050007B5064B0193022300935322B7
:10051000044BFF2104F0D0FA03B05DF804FB00BFE8
:1005200029050200EC35002013B5074B074C93F862
:10053000B413019401F2B332012413440094002255
:1005400004F0BAFA02B010BD48320020750502006E
:1005500007B5064B0193022300935322044BFF215E
:1005600004F0AAFA03B05DF804FB00BFD7970400BB
:10057000EC3500201FB50A4B044693F8BA130DF171
:100580000E0006F025FB074B0193022300934B223C
:100590000DF10E03FF21204604F08EFA04B010BDC9
:1005A00048320020A905020030B50A4D85B095F803
:1005B000BA13044602A806F0C9FAD5F8E03301934D
:1005C000082300934A226B44FF21204604F074FA6A
:1005D00005B030BD48320020F0B51C4CD4F8D833FB
:1005E00094F8DC73DA8885B00126CDE90166B7FAA4
:1005F00087F35B090093B4F8A4130023054601F0C8
:10060000C3FA867137B940F21F3240F245112846CD
:1006100029F098F9002601220621284684F8DC6397
:1006200029F045F994F8D433037094F86F3366F3E6
:10063000C30384F86F33FA21284629F06EF9044881
:10064000294605B0BDE8F0400BF0CCBF4832002091
:10065000C93102002DE9F84F0025DFF88090DFF85E
:1006600080A0074688462E464FF0130BD9F800307D
:10067000AB4202D83046BDE8F88FDAF8C0240BFB55
:1006800005F3D418D35C03F00303032B19D1E37BE8
:1006900003F01F02BA4214D1190612D56278D207AC
:1006A0000FD518F0020F0ED0627C02F0C002802A33
:1006B00009D113F0200F04D023791F2B01D92EB9B3
:1006C00026460135D2E713F0400FF4E721463046C5
:1006D00013F07EFF0028F3D0F3E700BF5C01002099
:1006E000483200202DE9FF41002380460E468DF858
:1006F00005300DF011F8002840F09A800DF1050149
:10070000304606F0A7F8074620B14A4F384604B0F5
:10071000BDE8F081317B9DF80500FFF79BFF0446A3
:100720000028F2D0444D9DF805000DF1060106F0B9
:10073000F9F8BDF80630A5F8A633A378C3F304038F
:1007400085F8B433A378627C03F01F032B44C2F313
:10075000050283F8B323A378227C03F01F032B4404
:10076000314683F8B22305F56F70102204F10806B4
:1007700026F00CFF31490622304626F0E0FE002824
:1007800043D02E490622304626F0D9FE60BB08220F
:100790004FF0FF310DEB020026F003FF0E21404623
:1007A00029F0FCFC237CC372637CC3F30503037351
:1007B000BDF80630038008220323064683720DEB42
:1007C0000201023026F0E2FE95F8C833737395F803
:1007D0006F331B48C5F8CC436FF3C30385F86F3301
:1007E00041460BF0FFFE91E7217A032202FB015103
:1007F00001F215110DF10D0026F0C8FE052204F1DD
:10080000090102A826F0C2FEC8E70E21404629F0E1
:10081000C5FC237CC372637CC3F30503037302220C
:10082000BDF80630038006468272A11D1044C9E758
:10083000044F6BE73DFCFFFF48320020560B0500DC
:10084000418F01003EFCFFFF2DE9FF410B210646D1
:1008500029F0A4FC054638B98C484FF4A27104B0C5
:10086000BDE8F04129F046BD8478002C40F0FC80C2
:100870000088FBF791F938B96FF43D71304604B048
:10088000BDE8F041FFF774BD814C94F84036082272
:1008900043F0010304F56F7104F52B7084F84036C2
:1008A00026F074FE2B88A4F8A433D4F8CC339B7BB9
:1008B00084F8B53229880DF10203012204F56A702B
:1008C00006F022FD20B1714840F2611129F012FDBD
:1008D0000023D4F8CC030193B0F806804FF6FF73E1
:1008E000984540F08A806B490622083026F027FEA2
:1008F00000286ED108224FF0FF310DEB020026F0E8
:1009000050FE94F81C330F2B07D0D4F8CC331B784F
:10091000C3F30313013384F81C335F480DF1030163
:1009200005F098FF20B159484FF4CB7129F0E2FC53
:100930009DF8030001AA414603F02EF820B1534868
:100940004FF4CC7129F0D6FC0198012103F0A2FAF2
:1009500020B14E484FF4CD7129F0CCFC4FF6FF7317
:1009600098450DF102034DD10122002102A806F0A5
:100970004DFC074600284BD0444840F2BF1129F0F7
:10098000B9FC0F213046AF7829F008FC0760B4F8B5
:10099000A4338380082241490546063026F0F6FD3F
:1009A000D4F8CC333E485B7CC3F30503AB733146CC
:1009B0000BF018FED4F8CC3394F86F23DB88B3FA2D
:1009C00083F35B0963F3C30284F86F2304B0BDE8CB
:1009D000F081D4F8CC33197A032202FB014101F2F1
:1009E00015110DF10D0026F0D1FDD4F8CC13052220
:1009F000093102A826F0CAFD83E70822E91C0DEBA5
:100A00000200F7E700221146404606F035FBB0E74A
:100A1000082220490DEB020026F091FD80B14FF62F
:100A2000FF7398450CD00DF102033A464146E81C8D
:100A300006F06AFC20B115484FF4E47129F05AFC25
:100A40009DF8020001AA002103F080F9002898D146
:100A5000019B5A7860F384025A709DF8023084F842
:100A6000BA3329F013FE8CE70949D1F8CC33DA7B8D
:100A70006FF3C712DA7301F56F713046FFF732FE7C
:100A80000028A3D00749091BF8E600BFD6090500D6
:100A900048320020560B0500F434002004360020B4
:100AA00045E6020000FEFFFF07B5084B084AC3F801
:100AB000E01301920222009203F2A6335022FF219A
:100AC00003F0FAFF03B05DF804FB00BF48320020DA
:100AD000CD03020073B5002305460DF1030127483D
:100AE0008DF80330019305F0B5FE254C60B100236D
:100AF0004FF6FF7084F8B83303F084FA2149284692
:100B0000FFF736FC02B070BD94F8D4139DF80300D3
:100B1000FFF7A0FD94F86E3F0190DB0706D5B4F80F
:100B20006C1F9DF8030001AA02F036FF019B002B09
:100B3000DDD015499DF8030005F0F4FE4FF6F6767A
:100B4000B4F8A433013B9BB2B34210D80198C4F867
:100B5000D803012103F09EF920B10C4840F2962100
:100B600029F0C8FB0A492846FFF79EFFCAE74FF65F
:100B7000FF700BF02FFCA4F8A403E1E7143600206B
:100B8000483200203DFCFFFFEE350020D60905006D
:100B9000D905020007B5084B084AC3F8E0130192D3
:100BA0000222009203F2A6335022FF2103F084FFB9
:100BB00003B05DF804FB00BF4832002005050200C9
:100BC00010B5184B93F8B143D3F8D80374B938B3C0
:100BD00093F8DD23022A0AD8204603F0A9FC214617
:100BE0001148BDE810406E220BF006BEC0B10022D5
:100BF00083F8DD2383F8DE2393F82C28D2075CBF2B
:100C0000012283F8DC2328F0E9FD084829F032FAB4
:100C100030B1BDE81040064840F2773129F06ABB98
:100C200010BD00BF48320020C10B0200D50A0200EF
:100C3000D60905002DE9F04188B0074629F06BFA86
:100C4000054628F04BFE411C384629F07FFA06463F
:100C50000CF062FD804604F061F8884C00284BD00F
:100C600094F8B833002B47D1B8F1000F00F002819F
:100C7000B378002B40F0FE8032884FF6F7739A422B
:100C800000F2F8806B7819072ED4A88804A906F022
:100C90001FFA88BB04A828F0B4FE804660BB3088E9
:100CA000A4F8A40380B219F05BF8B4F8A413744854
:100CB0000DF10B03424606F027FB20B1714840F2CC
:100CC000C33129F017FB704839460BF08BFCAB8819
:100CD00094F86F23B3FA83F35B0963F3C30284F8D8
:100CE0006F2308B0BDE8F0810822A91804F56A70E6
:100CF00026F025FC0028C8D094F8B833072B40F024
:100D0000B980D4F8D80361490622083026F017FCD0
:100D1000002871D108224FF0FF3106A826F041FCCF
:100D2000B378002B40F0838032884FF6F7739A42F5
:100D30007DD86B78DA067AD51B0771D4534908221F
:100D400006A826F0FCFB38B1082206A905F1100020
:100D500026F0F5FB00286AD1318849480DF10B03D4
:100D6000012206F0D1FA284628F09BFDD4F8D813CA
:100D7000474BC988002206F0C7FA3388A4F8A43389
:100D800094F8403643F0010384F8403694F81C335D
:100D90000F2B55D13F490822A1F5907026F0F6FBA4
:100DA000D4F8D833D88803F02DF9002194F8BA0389
:100DB00084F8B81303AA02F0C9FF30B9039B5A782C
:100DC00060F384025A7029F061FC03F0A7FF002849
:100DD0003FD000238DF80C302B4B0193012300935F
:100DE000462203ABFF21384603F066FE002211467F
:100DF00029480BF06FFE74E7D4F8D833197A032230
:100E000002FB014101F215110DF11D0026F0BEFBA0
:100E1000D4F8D8130522093106A826F0B7FB7FE7DE
:100E200008221749A81826F08AFB002886D0D4F893
:100E3000D80328F0D3FC394618480BF0D3FBD5E78C
:100E4000D4F8D8331B78C3F30313013384F81C336D
:100E5000A0E739460C480BF0C5FB06A806F038FAA7
:100E600094F86F33B0FA80F0400960F3C30384F85C
:100E70006F33BBE7384606F0A7FC32E74832002064
:100E8000F0350020D609050051050200560B05007B
:100E90000236002014360020C10B0200D50A0200E1
:100EA0002DE9F041102186B0054629F077F9064674
:100EB00038B9594840F2544106B0BDE8F04129F034
:100EC00019BA564C94F8B43400216FF3C30384F874
:100ED000B43484F88D13037B94F8B424DB0963F3F2
:100EE000861204AB84F8B42400F1080701930DF1D5
:100EF0000D0300933A4603AB0846FEF74FFB00286C
:100F000040F08680717B012919D0022946D0002942
:100F100041D1337B84F8C833384607F0A5F801285F
:100F200076D11021284629F039F901462846FFF7E5
:100F3000D9FB014678B32846FFF71AFA2BE01021B7
:100F4000284629F02BF994F8B813064600295DD1FC
:100F500005AB00F1080701930DF10F0300933A462A
:100F60000DF10E030846FEF719FB002850D1394653
:100F700004F5976006F0F2FE082384F8B833059B69
:100F8000B27B01939DF80F3000939DF80E30032142
:100F90002846FEF767FB06B0BDE8F0811021284621
:100FA00029F0FCF894F8B813064679BB05AB00F1BC
:100FB000080801930DF10F03009342460DF10E0353
:100FC0000846FEF7EBFA074610BB0822314604F547
:100FD000737026F0DBFA337B84F8D433414604F592
:100FE000976006F0BBFE072384F8B83394F8B43456
:100FF00067F3C30384F8B434059BB27B01939DF877
:101000000F30009301219DF80E30C1E7044992E7AB
:101010006FF470718FE700BFD609050048320020D9
:101020003DFCFFFF10B52421044629F0B7F84378B2
:101030000549002B08BF00212046FFF799F9034B13
:10104000002283F8B82310BD36FCFFFF4832002091
:101050002DE9F0412F4D304F01244FF000082B684F
:1010600043450ED803F050FE002851D0002C4FD03D
:10107000294BD3F8A40500284AD0BDE8F04128F058
:10108000F9BF1326D7F8C03406FB08F699199B5D03
:1010900003F00303012B29D1487A0A7A97F86DC32C
:1010A00000F00F035B0043EAD213634521DB12F02B
:1010B000700F04D06FF306120A7202F0C3FDD7F866
:1010C000C034985D10F00C0005D197F86F331A0703
:1010D00001D5FDF7BDFFD7F8C0349A199B5D1B07FA
:1010E00004D4137A13F0700F18BF002408F101081C
:1010F000B5E7013303F0010C02F07F02C3F34303B1
:1011000020F00F0042EACC1218430A724872E2E75C
:10111000BDE8F0815C0100204832002010B50CF0E1
:10112000FBFAF0B1FFF794FF0E4828F0A3FFC0B11F
:101130000D4B0E4A93F86C3343F6FF3402FB034425
:101140004FF47053B4FBF3F40BF05AF94FF0333310
:101150000021B0FBF3F206482244BDE810400BF03A
:101160004BBB10BD611302004832002040420F000B
:101170001D1102002DE9F0430D4685B0511C0746B4
:1011800028F0E4FF00230393067806F01F06731E81
:10119000192B044676D8A88803A902F037FE002848
:1011A00070D10134022221460DF1060026F0EEF93D
:1011B000032101FB06410222033902A826F0E6F9C9
:1011C000039B1A7A02F07F021A725A7A22F00F02F7
:1011D0005A725A7842F002025A70039B1B7803F04D
:1011E0000C030C2B0AD1AD88002D51D0039B003D80
:1011F0001A7818BF012565F383021A70039BDFF884
:10120000A8801B7898F86F2303F00C0302F0080203
:10121000134302D10120FDF71BFF039A537803F01B
:101220001C010C2902BF022161F384035370039B4C
:1012300043B3B8F8A423BDF80610914222D8BDF8F4
:10124000081091421ED31A7A6FF306121A72A14641
:101250000025022249460DF10A0026F097F9B8F858
:10126000A423BDF80A309A4217D105EB4505039B2C
:1012700025441A7AA97861F306121A725A786FF324
:1012800086125A70384606F09FFA05B0BDE8F08322
:1012900003F030FD0028A9D0B0E70135AE4209F1D6
:1012A0000309D6D8EEE700BF483200202DE9F74306
:1012B0002A4E002504460F46A94606F2EA384F4555
:1012C00004D901A9404628F040FB58B196F8EA330A
:1012D0008DF8023001A90DF1020028F036FB88B329
:1012E000FF2335E0019B1A78120723D4D9790DF139
:1012F000020005F06DFC02220DEB0201204626F0F3
:1013000045F90199A2780B79DF2B98BF5B0922F090
:10131000070294BF83F0070301231343A3700A7AE3
:1013200003F00F03C2F3021243EA02130135A37064
:10133000EDB2033496F8EA33013386F8EA3309F163
:101340000109BCE796F8EA33002BC9D0013BDBB2B8
:10135000284686F8EA3303B0BDE8F083483200201F
:101360002DE9F04186B004460CF0D6F900287AD079
:1013700001270026CDE901763E4D0097B5F8A4136C
:1013800033464FF6FC72204600F0FEFB877195F85D
:10139000EA030DF1170105F06FFB08B185F8EA6368
:1013A00001220821204628F082FA4FF00008064664
:1013B00080F80080204628F0AEFE95F8EA333278B7
:1013C000B3FA83F35B0942EA43133370371A4E21B1
:1013D000204606F00FFB1A21FFF768FFF9B2064618
:1013E000204628F0B3FE0378C6F11A0133430746BE
:1013F000037001EB4101204606F0B8FA95F8EA3394
:10140000FF2B02BF3B7843F040033B704FF0FF01DE
:10141000204608BF85F8EA8328F07FFA164821465F
:101420000BF0E0F895F86C3323B914484FF4D671FB
:1014300028F060FF95F86C33114A43F6FF3402FB45
:1014400003444FF47053B4FBF3F40AF0D9FF4FF0A8
:1014500033330021B0FBF3F20A4822440BF0CCF9FD
:1014600006B0BDE8F081204606B0BDE8F04106F0C8
:10147000ABB900BF48320020C9310200E1090500C4
:1014800040420F001D110200034A92F8B53443F0A8
:10149000010382F8B53470474832002070B50D4B17
:1014A00019780D4B024693F86403884205D8D3F8A7
:1014B00060430E260023994201D8002070BD06FB30
:1014C00003F56019655DED0702D545889542F5D0B5
:1014D0000133F0E78C0100204832002037B54FF689
:1014E000FE730D210546ADF8063006F0FDF95323D5
:1014F00002220370FF238270044643700DF106013F
:101500000B3026F043F8044BC4F803302946034857
:101510000BF068F803B030BD21150200AD380200B1
:1015200010B50C21044606F0DFF946230370FF23B3
:101530004370012383700023C372C370037143712E
:10154000837121460248BDE810400BF04BB800BF44
:10155000AD380200F0B5172187B0054628F01EFE11
:101560006A46034600F11007164618685968144683
:1015700003C40833BB422246F7D11868206099881B
:101580009B79A371A1802846172128F00AFE3146D5
:101590000822044625F0FAFF02AB03CBA060E1600D
:1015A000BDF8103023829DF81330A27C114803F05F
:1015B0000F0363F30402A2749DF81330D2B2C3F395
:1015C000011363F34612A2749DF81330E27C9B0969
:1015D00063F34612E2749DF8143023759DF81530BC
:1015E00063759DF81630A375042229460BF004F9A3
:1015F00007B0F0BDA138020073B50D4604210646C0
:1016000028F0CCFD0446280A28F01CF9E9B2207025
:101610000DF1060005F0DCFABDF80630A4F8013043
:10162000314602480AF0DEFF02B070BD09D4020064
:1016300037B50446104600220D460DF1070311464A
:1016400005F01AFD80B99DF8073043EA052134B151
:101650000A46084821460BF00BF803B030BD22467D
:10166000044828F02CFDF8E7002CF6D0204606F0C0
:10167000ABF8F2E7F9150200F8B50F460921144658
:10168000054628F08BFDFF2C06460AD108220021D2
:1016900025F087FF377229460448BDE8F8400AF074
:1016A000A1BF214605F052FAF4E700BFA1E902000C
:1016B00010B5064C94F8EA2494F8EB14FFF7DCFF1D
:1016C00094F8EA04BDE8104005F056BB483200200B
:1016D00010B5064C94F8E82494F8E914FFF7CCFF11
:1016E00094F8E804BDE8104005F046BB48320020FD
:1016F0002DE9F0478A78CB78002A80460D4614BF42
:101700001026082603B10836E888FFF7C7FE07460B
:1017100000287AD043780133B14606EB43062C7893
:101720000CB10E360424404628F081FD95F801A046
:10173000430748BF0434BAF1000F68D03146404631
:1017400006F0D2F802220021044625F02AFF6A782A
:101750002378DFF824A1002A7DD043F00903237009
:101760007FB17B7804F8093004EB0900391D437020
:101770007A780230520025F009FF637843F00403C1
:101780006370EB78AA78DB0043EA021362781343B4
:10179000637003F0C3FA30B19AF88D331BB16378EC
:1017A00043F0200363702B7863B126449AF85033DA
:1017B00006F8013C637843F002036370022140465F
:1017C00028F0FCFCAB88A380EB8863800123A37125
:1017D0009AF8AA32E37101338AF8AA32AA78EB7830
:1017E000002A3ED004F1080005F110060822002B63
:1017F0003DD0A91825F0CAFE0822314604F1100098
:1018000025F0C4FE2046BDE8F087814687E74046C4
:1018100028F08BFC06F10B03234403447F2B0DD9E6
:10182000AB7823B185F802A0083EA9F10809EB784E
:1018300023B10023EB70083EA9F10809404628F0C7
:1018400074FC0B34344404447F2C12D83146404697
:1018500006F04EF976E79AF83E2F43EA8203DBB2B0
:101860007DE7002BCED00822A918A018C8E7314682
:10187000C6E70024C6E700BF4832002038B50D4651
:10188000044620B90E4840F2DB7128F033FDEDB27A
:101890002946204605F0F4FF2046102128F08EFC52
:1018A000294608480AF09EFE0821204628F076FCCA
:1018B000FF23837121460448BDE838400AF092BEF8
:1018C000F3090500492E0200C9310200F8B5104F96
:1018D0001646B7F8A4334A889A4205460C4613D1F7
:1018E000072128F05BFCA388038013238370B7F8DB
:1018F000A433A0F80330FF234671837129460548BD
:10190000BDE8F8400AF06EBEBDE8F84005F05CBFE7
:1019100048320020FD49020010B5074C4FF4847294
:101920002046002125F03DFEFF23A370BDE81040B6
:10193000002006F07BBC00BF003600202DE9F843F4
:10194000394C3A4A43F60953A4F8A832022384F8E2
:10195000AB320F2384F81833D4F86C331A40344B6D
:10196000002513434FF0FF0910222946064604F2D2
:101970001D30C4F86C33A4F8649384F86653C4F83B
:10198000685325F00EFE94F86F3384F82D5365F3F9
:10199000451384F86F334FF6FF784FF0FF3701227D
:1019A000494604F2B330A4F81283C4F8A47325F0B6
:1019B000F8FD94F86E3336BB66F3820384F8B08387
:1019C00084F86E331C221B48002125F0EAFD4FF6F7
:1019D000FF72A4F85C23022284F83E2F94F8B52409
:1019E000002363F3000284F8B52494F8082584F8F2
:1019F0008D3363F3C71284F8B53284F80825BDE847
:101A0000F84301F0B3BE65F3820384F86E33082017
:101A1000012384F88C33A4F8B0730AF061F90AF05A
:101A200075F90AF06DF9CDE7483200200000E4FFB7
:101A30000F030B00B835002008B50120FFF77EFF2B
:101A4000FFF76AFF01F090FFFCF784FC074B0848A2
:101A500093F808256FF3000283F80825BDE80840D5
:101A600040F24A2200210AF0C7BE00BF48320020DF
:101A700089140200F0B5104B10491E78D1F860535C
:101A800000220E27964200D8F0BD07FB02F405EBBA
:101A9000040C2B5D13F0010F03D0BCF802C0844589
:101AA00001D00132EEE76FF300032B5591F8643358
:101AB000013B81F86433E7E78C01002048320020C5
:101AC00037B5014604460DF1060005F081F8002205
:101AD000284821460AF0FEFFBDF806204FF6FF73A6
:101AE0009A4237D0244D95F8AA2482B195F8A534AE
:101AF000A3420CD1013AD2B285F8AA243AB1C2EB82
:101B0000C20205F2AA4105F2A34025F028FDB5F86E
:101B1000A423BDF806309A421ED14FF6FF73174832
:101B2000A5F8A43328F0A6FA27F0E3FA0BF0F4FDA9
:101B300040B1204605F0EEF820B1114840F666713C
:101B400028F0D8FBBDF80600FCF71EFC0D48214626
:101B50000AF048FD03B030BD204629F058FB20466E
:101B6000F0F73CF9204602F0A7F8BDF80600FFF7B1
:101B700081FFE7E7C11A020048320020DD140200AD
:101B8000F30905006D98040030B587B005469DF84F
:101B900028308DF800309DF82C308DF8013000236E
:101BA000ADF802301C4BADF80410084693F86E13E4
:101BB0001446C9069DF83020ADF8064000D5F2B1B4
:101BC000B3F8A433834220D11449082204A825F095
:101BD000DDFC01238DF802304FF6F7739C420ED8DE
:101BE00002A9204605F074FA48B908220C490DEB09
:101BF000020025F0A4FC10B101238DF803306946E2
:101C00002846FFF775FD07B030BD04A905F060FA5E
:101C10000028DED00023DDE748320020F035002028
:101C2000560B0500014601480AF0DCBCDD38020015
:101C300030B587B001460446684627F031FD0546B9
:101C4000204628F068FA435DC3F38303022B05D0D6
:101C5000032B1DD0204605F0B7FD09E00BF05CFD1D
:101C600040B1002010F016FD0C4821460AF04AFD54
:101C700007B030BD0A4B93F8B823072AF1D0D3F848
:101C8000A835002BE6D0204698470028E9D1E1E7A7
:101C9000214604480AF0A6FCEAE700BF2D2C02000A
:101CA00048320020456B040038B550B3154A92F80D
:101CB000B034834225D1002382F8B034D2F8AC345A
:101CC0009968F1B1186818440139047B9960D2F819
:101CD000AC040D490368096801334908B3FBF1F509
:101CE00001FB1533036082F8B04424B9074840F67D
:101CF0003F0128F0FFFA21460548BDE838400AF0C8
:101D000071BC38BD4832002078010020F30905007D
:101D10000D5D0100044A92F8B03423B9034B1B68EF
:101D2000013382F8B0347047483200207801002037
:101D3000024B18680130C0B2FFF7B6BF780100202F
:101D4000F0B5104C94F83034DBB10026314604F580
:101D50007C7701F1FC0504EB8505EA7812F0010CB3
:101D600009D037F821E0864505D16FF30002013B29
:101D7000EA70DBB2664601311029EAD10EB184F86F
:101D80003034F0BD48320020F7B50025624C0746DC
:101D900028460E4684F88D53FDF77EF92A46FE212B
:101DA0005E480AF097FE2A46FE215D480AF092FE40
:101DB0002A46FE215B480AF08DFE2A46FE215A483B
:101DC0000AF088FE94F8B43484F8EC5465F3C30345
:101DD00084F8B434FAF78CFE4FF6FF7084F8AA54F6
:101DE000F3F7AEF80BF098FC60B10DF107032A464B
:101DF000294604F56A7005F009FA18B99DF807003C
:101E000004F0BAFF94F86F336FF3C30384F86F33B1
:101E100096B10BF081FC002864D194F84036434819
:101E20006FF30003394684F840360AF0DBFBFF23EA
:101E300084F8BA3303B0F0BD94F82C38B4F8A40396
:101E400066F3000384F82C3832460DF1070331465F
:101E500005F012F918B99DF80700FFF731FE0822C6
:101E60000021334825F09DFB32493348082225F0F4
:101E700066FB68B328F0AEFD024648BB01460DF193
:101E800007032D4805F0C2F90546E0B92B490822A1
:101E900001F5077025F053FBA8B194F8B5355B0642
:101EA00009D59DF8070004F067FF94F8B53565F390
:101EB000861384F8B5359DF8070094F8BA33834249
:101EC00001D0FFF7FDFD1C480822002125F069FB29
:101ED00094F8BA03FF2801D0FFF7F2FD38460CF062
:101EE00039FDA4E794F8BA33FF2B96D002F016FF21
:101EF00050B194F8BA0301F0DFFE48B1104841F246
:101F0000270128F0F7F903E002F0FEFE0028F0D1E7
:101F1000FF2384F8BA3380E7483200201D11020005
:101F200061130200C9F00100D5BA02000DFD0200E4
:101F3000F43400205E0B05000C380020F035002042
:101F4000F309050070B51021054628F027F9102285
:101F50000446002125F025FB16490822204625F0DD
:101F600015FB02F0D1FE18B1237B43F00E0323735F
:101F7000114E96F8B1331BB1237B43F00C0323734E
:101F8000237B0E4963F07F0323730223637304F101
:101F9000080005F0E3FE0423A37396F838380848D8
:101FA00043F0010386F8383829460A22BDE870401C
:101FB0000AF022BCF434002048320020003800200F
:101FC000A10E0200F8B50E4614210446174628F06B
:101FD000E8F80546BEB10D4B9B1BC5F80F3067B145
:101FE000204628F098F843882B800223AB7327F013
:101FF00075FC0146204605F0D7FC21460448BDE8A3
:10200000F8400AF0EFBA3346E7E700BF00FDFFFFF4
:10201000F15001002DE9F04F89B0054628F07BF81A
:10202000002390F80080049304460821284628F0F5
:10203000B5F80822014606A825F0A8FAA3793BB115
:1020400018F0020704D1A0884FF6F773984205D91B
:10205000284605F0B9FB10F0FBFB88E32BF035FFB9
:10206000A3888BB9A44B93F9663F002B0CDA6378F5
:10207000DE0609D518074CBF04F1100004F1080072
:10208000F9F77AFB0028E3D062884FF6F7739A429B
:1020900009D9994BA188B3F8A423914203D193F8AD
:1020A000B534D907D4D563789A06C3F3401611D551
:1020B00002F03EFE06460028CAD0A08804A901F01E
:1020C000A5FE38B9049B2BB11E7806F00C06083E1D
:1020D00018BF01266378C3F3400A9B074ED5864B91
:1020E00093F82C38D807B3D5284603F0BBF900285D
:1020F000B1D1284628F00FF812210446284628F0CE
:102100005DF80821284628F049F8082206A925F09C
:102110003DFA284627F0FFFF437803F01203122B05
:1021200008F00308814600F0928002F001FE81462B
:10213000002800F0E3802846F9F7F0FF002887D157
:1021400063884FF6F772934240F2DE804FF6FF72DB
:10215000934240F0FE81B8F1010F00F0D580DFF826
:10216000989199F8702F99F8B133D20640F1DC813B
:10217000002B00F0C9804FF00109A3E0284627F0AA
:10218000CAFF90F80090009027F0A8FB09F003091F
:10219000B9F1010F019003D1284627F0B6FB824622
:1021A0000BF0BAFA002845D0DFF84CB19BF82C2888
:1021B000D1073FD5B9F1010F19D1BAF1060F0AD1F4
:1021C000009BBBF8A42359889142A2D00BF0A4FA3B
:1021D0000BF0A2FA3CE70BF09FFA0028F8D19BF82D
:1021E0002C38DA07F4D4BAF1070FF1D191E70BF0EC
:1021F00093FA0BF091FA00283FF42AAF3E4B93F884
:102200002C38D8073FF524AFB9F1000F7FF420AF89
:102210000199284627F09AFF037803F00302012A68
:102220007FF416AF99063FF574AF8378052B7FF4E2
:102230000FAF6EE70BF070FA0028DAD12E4B93F84F
:102240002C38DB07D5D4B9F1010FD2D1CBE7082167
:10225000284627F0A3FF8246484627F03FFBBAF8FE
:102260000230B9F8042009389A42484499F80130FC
:1022700035D11A074CBF09F1100109F108010822F4
:1022800025F05DF900283FF450AF63884FF6F772F0
:10229000934240F2B3814FF6FF72934240F0578170
:1022A000B8F1010F00F09481DFF84C9099F8702F8D
:1022B00099F8B133D10640F18D80002B00F0768182
:1022C0004FF000092046FAF781FA00287FF4C0AEEB
:1022D0002046FAF73FFA002840F06481B8E61B0771
:1022E0004CBF09F1100109F10801082225F027F976
:1022F0000028CAD019E700BF4832002063884FF693
:10230000F772934200F21B81284627F004FF04462F
:1023100027F0C7FA04F0ACFF824600283FF498AEDD
:10232000A2884FF6F7739A4247D86378D90640F1EE
:102330005D81204627F0B5FA00220DF10F0311460A
:10234000814604F063FF18B963789A0740F14E8123
:10235000A1880DF10F030022484604F0D5FF6378F1
:102360009B0781460AD5204627F0B8FA2044BDF8DD
:102370001A1005AB0022093804F0C6FFB9F1000FAE
:102380001BD1B34B93F8B133BBB1A288BDF81A305F
:102390009A4212D1BDF8183023F00F039BB24FF6CA
:1023A000F072934203D19DF91D30503305DB9DF847
:1023B0000F0005AA012101F0C9FC002E00F0FB80EE
:1023C000B8F1010F00F00881A288A24829460AF05E
:1023D0004FF940E63BB1BDF81A002146FAF72AFB57
:1023E00099F8B13369E7002EEED1A379013BA371CF
:1023F0003746B24602F09CFCDFF854B2668881464C
:10240000002800F054814FF6F7739E4240F2268177
:10241000A379002B40F00B814E464FF00009637802
:10242000580702D5A08803F07DFBBDF81A0004A967
:1024300001F0ECFCD0B99BF9643F002B08DB049859
:102440009DF81C3003719DF91D10417127F096FA1B
:10245000049B5A7812F01C0F08D193F9050010F173
:10246000640FB4BF002001202BF0D6FC02F060FC0A
:10247000002800F03581BAF1000F00F031812846C4
:1024800027F049FE08210446284627F087FE00234E
:1024900005936378D906074640F116811A074CBFA9
:1024A00004F1100004F1080005A901F0D1FC002896
:1024B00040F00A8102F03CFC002800F01181059BED
:1024C00023B9654840F60A1127F014FFA2887B88DB
:1024D0009A4200F005813B884FF6F07223F00F031B
:1024E000934200F0FD80059B1A7802F00C02082A46
:1024F00040F01C81D87901F0DFFB09F04FFCEFE0E0
:10250000A379013BDBB2A3714FF0000A284627F004
:10251000FCF9431EDBB20C2B074672D9024621465A
:102520002846FFF7D3F996E5002B3FF4EDAEBDF852
:102530001A002146FAF77EFA99F8B13318E64FF6F9
:10254000FF7293423FF407AE4FF0010901E04FF0F4
:1025500000094FF6FD72934203D13D4B93F8B1331E
:1025600053B902F0E5FB00283FF472AD63880533F0
:102570009BB2012B3FF66CADB8F1010F24D0DFF810
:10258000D0A09AF8702F9AF8B133D00605D44BB189
:10259000BDF81A002146FAF74DFA9AF8B133002B2C
:1025A0007FF490AEB9F1000F7FF4AEAE002E7FF451
:1025B0000BAF4FF0000AA379B8F1010F03F1FF331D
:1025C000A3717FF417AFA1E7B9F1000F7FF49CAEC0
:1025D000002E95D04FF0000A284627F096F90428DF
:1025E0007FF4F2AEA379013BA3718FE7A0880DF1D0
:1025F0000F030022012104F03FFDB0E64FF0000A76
:10260000DBE601283FF4F6AE62884FF6F7739A4294
:102610007FF6F0AE0E4B93F8B133002B3FF418ADBC
:102620002046FAF7D3F800287FF412ADE2E6B8F1BD
:10263000000F36D0B8F1010F7FF4EEAE093FFFB2C4
:10264000012F06468CBF4FF000094FF00109E6E666
:102650004832002029360200F3090500BBF8A433F4
:10266000B3423FF4D9AE284627F04FF905283FF48E
:10267000D3AEA379A3B1608804A901F0C7FB0646D5
:1026800088B9049B8BB11B7803F00C03082B7FF4F3
:10269000C6AE284627F039F9C71E7E427E41BEE607
:1026A00099464E46BBE60026B9E61E46B7E6BBF89D
:1026B000A433B34206D04FF6F7739E4294BF002670
:1026C0000126B2E60126B0E6A08805A901F09EFB2E
:1026D000804602F02DFB18B1B8F1000F3FF4EFAEC9
:1026E000B9F1000F05D005F04FFA80F001095FFA4B
:1026F00089F99BF8653F9BF86F2F13F040011AD0C2
:102700006AB1012A05BF002243F0400302F1FF3203
:102710008BF86F2F0CBF8BF8653F8BF86F2F1B0664
:102720003ED52946204809F0EDFF20E05A7842F0D6
:1027300040025A70D4E762B1012A09BF43F0400356
:1027400002F1FF328BF86F1F8BF8653F18BF8BF8D3
:102750006F2F9BF9653F002B0CDAB9F1000FE0D029
:1027600012480022294627F0AAFC0028D9D109B036
:10277000BDE8F08FB9F1000F12D0002EF0D1082182
:10278000284627F00BFDFF23837125B9084840F642
:102790008F4127F0AFFD2946064809F023FF5AE490
:1027A000002E3FF455ACBCE7492E02007D18020014
:1027B000F3090500C931020030B51F4B93F8862399
:1027C000B3F8881393F885039D18013195F8704389
:1027D000FE2C89B225D1FF2485F8704301321524DF
:1027E0001428B2FBF4F504FB152283F88623A3F822
:1027F000881307D8013083F885031A44002382F830
:10280000703330BD981890F87003091AFF28A3F8A8
:1028100088131EBFB3F88A1301F1FF31A3F88A139E
:10282000EBE710B9012083F885031A44013482F8DC
:102830007043A3F88813E4E74832002010B41E4B1D
:1028400093F8852312B9012283F88523B3F88A030C
:10285000421CA3F88A2393F8862315210132B2FB88
:10286000F1F401FB142293F8851383F886231429CD
:1028700010D8013183F885131A44002182F87013AF
:1028800093F8E01811F0010112D10C485DF8044BE7
:1028900009F0A8BE991891F87043B3F88813FF2C7B
:1028A000A1EB0401A3F8881318BFA3F88A03E3E798
:1028B0005DF8044B704700BF4832002001F602006B
:1028C0002DE9F3411721044627F068FC07890546E6
:1028D000204627F020FC064602F02AFA30B1FFF726
:1028E0006BFFAB7CE12B01D1FFF7A8FFAB7C03F0C2
:1028F000F703E12B08D12B7D33B1013BDBB22B7504
:10290000DBB918200DF0AEFC6B7DA97CE12B5ED00D
:1029100003F10902D2B2072A00F20A81A3F1F702F9
:10292000072A00F20581DFE812F046005500030196
:102930001300F0003A004C00AF000AF0EDFE002852
:10294000E2D0AA48214602B0BDE8F04109F04ABEF3
:10295000A74D95F8B833072B40F04581A5480022D4
:10296000FF210AF0B7F895F8B16366B96E223146D7
:10297000A04809F041FF204685F8DD6302B0BDE8BC
:10298000F04101F0D5BD9B484FF4A572002109F03C
:1029900033FF204602B0BDE8F04104F015BF944B70
:1029A00093F8ED14FF2201F00101204602B0BDE8CA
:1029B000F041FEF761BE204602B0BDE8F04109F0EB
:1029C000BBB9204602B0BDE8F041FBF7C3B88A4866
:1029D0002146B8E71721204627F0E0FB07210746EC
:1029E000204627F0DBFB0646204627F094FBBB7C05
:1029F0000546002B41D0408801A901F007FA60B9D3
:102A0000019B53B11A7802F00C02082A05D01A7AF9
:102A100060F306121A7201F015F9784B1A68744BBC
:102A2000D3F8B8020023934218D12B7803F00303A4
:102A3000012B05D1284626F051FF2B5C032B1CD01F
:102A4000AB8833800223B3706B88A6F80330FF2372
:102A5000B37121466A4809F0C5FDC4E003EB830168
:102A60004718415C11F0010F05D0B7F803C06F881B
:102A7000BC4500F0AF800133D5E7002C00F0B380F7
:102A8000204604F0A1FEAEE01721204627F086FB89
:102A90000546204627F03FFB26F020FF411C20463C
:102AA00027F054FBB5F80880564BAF7C0022064651
:102AB0001146404604F0E0FA20B1534840F29471C8
:102AC00027F018FC33784A4D5048C3F3401385F87B
:102AD000EB3427F0CFFA18B995F8EA0404F0CEF8F1
:102AE0000921204627F05DFB0546404605F8017B9D
:102AF000294604F0EDFA28B108224FF0FF312846AC
:102B000024F04FFD424821461DE71721204627F0BB
:102B100045FB0921857C0689204627F042FB4FF6BC
:102B2000FF739E420570EDD0451C29463046E0E714
:102B3000F62B15D900293FF42CAF3A462046FEF774
:102B400077FD73785B074ED5294B7288B188314881
:102B5000A3F8E823002202B0BDE8F04127F0AFBAA5
:102B6000337803F00303032B02D12B482146EAE616
:102B700002F0DEF880B1AB7C73B1DA2B0CD002220C
:102B8000B11801A824F002FDBDF804004FF6F77358
:102B9000984201D8FCF7A6F8A97C91B1F12910D090
:102BA000DA290ED03A460020FEF742FDA87C26F036
:102BB00049FE01220146204602B0BDE8F041FFF780
:102BC00001BA02F0ABF80028F0D0094B002283F8DC
:102BD000E928EBE79342BFF428AFCA067FF525AF9B
:102BE000204602F0B9FE02B0BDE8F08155150200A2
:102BF00048320020C10B0200B961040058010020D6
:102C0000FD49020032370020F3090500B116020029
:102C100001EA0200255902002928010002481C226D
:102C2000002124F0BEBC00BFB8350020F0B508215B
:102C300087B0044627F0B2FA00210678204626F035
:102C40006CFE0546C671204627F02DFC28712046F3
:102C500027F023FC21466871684626F021FD0221F9
:102C60000646204604F082FE3146204604F09CFED3
:102C70000378C3F38303022B064630D1204627F0A6
:102C800054FA0746304626F029FE874227D033788B
:102C900003F00303032B09D195F905302A7969461E
:102CA0002046EFF783FE0FF0D3FD16E09DF81530B8
:102CB0009A09022A13D1C3F38103022B0FD1BDF865
:102CC00008304FF6F772934209D86B80BDF8003098
:102CD00005482B80214609F015FD07B0F0BD2046C0
:102CE00004F072FDDFE700BF15200200F0B50E21F1
:102CF0008BB0064627F052FA044626B938484FF4FE
:102D0000507127F0F7FA24B9354840F2413127F0E5
:102D1000F1FA0AF001FD024630B9C22130460BB08B
:102D2000BDE8F040FFF74EB9A5792E4F1DB197F8D9
:102D30002C5805F00105237AB7F8A4132288012B3B
:102D40003FD10023ADF81410304604A98DF810507F
:102D50008DF81130ADF81230ADF81620FEF7C8FC32
:102D60000246002839D0237A012B01BF6389838072
:102D7000237BC37197F8693FD90744BF97F86A3F2F
:102D8000C371A3781BB997F818335B00DBB293715A
:102D900063795BB121884FF6F773994206D853786F
:102DA0005B075EBF137843F040031370E179304650
:102DB00026F0B3FD0C4831460BB0BDE8F04009F0F9
:102DC00011BCE37800950020CDE90100581E434274
:102DD00043413046FEF7D8FEC2E7D3219EE700BF4D
:102DE000F309050048320020C931020013B504463A
:102DF00001F080FF98B901F087FF024638B1114B0E
:102E000093F86E0300F00100013802B010BD0146D6
:102E10000DF10303204604F02FF9014610B14FF0E5
:102E2000FF30F2E79DF8030001AA00F08FFF0028B1
:102E3000F5D1019B5B7813F01C0F14BF4FF0FF30EE
:102E40000020E2E7483200202DE9F04186B0044638
:102E500027F061F90778054626F040FD07F00307E3
:102E60000646002F34D1B24B93F8B02442B9B14892
:102E700083F8B044214606B0BDE8F04109F0B2BB8A
:102E8000AD49D3F8AC2408689568B5EB500F4FEA0C
:102E9000500113D2506802441473D3F8AC04826812
:102EA00001328260D3F8AC2453680133B3FBF1F0F4
:102EB00001FB1033536006B0BDE8F0810FF0C8FC91
:102EC000002CF8D0204606B0BDE8F04104F07CBCF0
:102ED000012FF5D1204626F018FD0428074640F0C2
:102EE000AE80711C204627F031F9002706788DF856
:102EF000137005970AF010FCA8B13946A8880DF1A7
:102F000013033A4604F0B8F8014660B99DF813007F
:102F100005AA00F01BFFC6F3801740B11FB99DF84A
:102F2000130003F0F7FE204604F04EFC82E0D7B118
:102F3000A888FFF75BFF0028F5D16A884FF6F77382
:102F40009A4231D801F0F4FE70B3794F97F82C38DB
:102F5000DB074FEA56183AD4FF2208F00101204659
:102F6000FEF78AFB66E0DFF8C8819DF8133088F829
:102F7000E8347248C6F3401388F8E93427F07AF849
:102F800048B1059B5B7813F01C0FCCD1F609CAD071
:102F900001F0CEFEC7E798F8E80403F06FFE059B4A
:102FA0005B7813F01C0F0FD001F0B8FE0028BAD0E8
:102FB0005F4B6A88B3F8A4339A42B4D1002FB2D0E1
:102FC000FF22C6F34011CAE7F309EDD0BAE70125A5
:102FD000CDE90155009500234FF6FD72B7F8A41313
:102FE0002046FEF7D1FD02218571204627F0E6F844
:102FF0002A460421204626F05AFC26F05F0303707F
:1030000097F8ED34F60968F3000387F8ED3409D139
:103010003246FE214A4809F05DFD4A483246FE210B
:1030200009F058FDFC21204626F077FC4648214651
:1030300009F0D8FA06B0BDE8F0410FF009BC072846
:1030400008D101F057FE00287FF438AF2046FDF785
:10305000F1FDEFE70C280FD1711C204627F076F820
:10306000064601F05BFE00283FF428AF32462946B1
:10307000204608F083FFDDE70A2808D12C4BD3F85F
:10308000A035002B3FF41AAF20469847D2E701F055
:103090004FFE002869D07B1E0A2B69D8DFE803F0B9
:1030A000061038681A26682034682A00711C2046E9
:1030B00027F04CF8294602462046FBF7FDFAB9E70F
:1030C000711C204627F042F8294602462046FBF7AD
:1030D00011FDAFE732462946204602F083FBA9E7FF
:1030E000324629462046FEF745F8A3E72046FAF780
:1030F000A5FB9FE7711C204627F028F829460246C9
:10310000204608F089FF95E7094BD3F89C35B8E7CE
:10311000711C204627F01AF80578B0F80160022DDE
:10312000B1B213D90D2D14D12046F8F7EBFE81E78B
:10313000483200200D5D010078010020D116020008
:103140001D11020061130200C93102000846FBF79D
:1031500003FE0421204627F021F821460570A0F83F
:103160000160064809F0CEFA64E7032F3FF4A6AEEB
:103170003A4629462046FEF7A9FB5BE709D4020040
:1031800070B50E46172115461C4627F00AF8837CB9
:10319000068004F01F0423F07F0344F040041C4326
:1031A000C37C0581022262F34613C374054B847409
:1031B000B3F8A63303829DF81030437500230375DE
:1031C00070BD00BF483200202DE9F04F89B0814624
:1031D00026F0A1FF08210290484626F0DFFF90F874
:1031E00006B0B9F1000F04D1A14840F2445127F0D4
:1031F00081F8A04B5B6823B148469847002800F04F
:103200002F81484604F0A0FA01F092FD28B1029BFC
:10321000029A5B7823F020035370484626F07BFF28
:10322000002306934388DFF854A2ADF81630818856
:103230009AB2BAF8A4339942074609D04FF6F77309
:103240009A4205D8437813F0040F08BF4FF0F80BEB
:1032500001F064FD064610B39AF8B833072B05D188
:103260004FF00008454646460024AFE09AF8BA03FE
:1032700007AA002100F06AFD20B17D4840F202411A
:1032800027F038F89AF8BA130DF1160003F0A0FCF5
:10329000079B9D784FF0000805F01F05E3E77A884B
:1032A0004FF6F77390B2984206D94FF6FF73ADF818
:1032B0001630B0460125D7E77B785907C3F380085D
:1032C0002CD5384626F001FB38444178E1B9ADF8F9
:1032D000162000221146BDF8160007AB03F0CCFE05
:1032E00001460028BCD19DF81C0006AA00F02EFD66
:1032F00004460028B4D1069B5E7886F00206C6F329
:1033000040068046002561E04B1E437000EB410102
:1033100002220DF1160024F039F9DAE707AB424634
:10332000414603F0A9FEC8B99DF81C0006AA002179
:1033300000F00CFD0446F0B17888FBF705F904466F
:10334000002840F09D803B7813F0600F40F0F7803C
:1033500000254FF004084FF0FF3437E07B781B075F
:10336000EAD507AB4246414607F1080003F04EFF9D
:103370000028D9D0E0E7069A53785D06DCD49AF8A5
:10338000661F9578880705F01F056CD5127802F046
:103390000C02082A03D103F01C02042A63D07888A7
:1033A000FBF7D2F8074678B10278412302F0060213
:1033B000D340D90708D581780DF1160003F008FC39
:1033C0003B786FF342033B704FF00008BBF1FD0FF9
:1033D00022D100238DF81C3003939DF80C709AF8CD
:1033E000AA34BB4218D90022BDF8160007AB11461B
:1033F00003F042FE002840F0B180C7EBC7035344FE
:103400009DF81C2093F8A514914240F0A7809AF8EB
:10341000AA24BA4200F2A580029B1B7803F00303A2
:10342000012B02D1484626F070FA002C40F0E480CF
:103430009AF8B133002B40F09A80484626F06BFE94
:1034400042884FF6F7739A42044640F2B48001F086
:103450006FFC002800F0AF800748494609F0C2F829
:1034600009B0BDE8F08F83F00203C3F34006ABE779
:10347000F30905004C2E00200DC801004832002041
:103480000378412503F00603DD4015F0010509D05E
:10349000807807AA002100F059FC28BB079B9D7883
:1034A00005F01F052378412203F00603DA40D20716
:1034B00023D5A1780DF1160003F08AFB23786FF372
:1034C0004203237003F03003302B7FF4CDAEB88875
:1034D000BAF8A43383420BD1BDF816307A88B98884
:1034E000002026F055FBBFE67888FBF735FC2AE77D
:1034F00026F052FA0028EFD1B6E63A7812F0600FC3
:103500003FF427AF022B7FF424AF59464846FBF720
:1035100057F8044600287FF459AF7888FBF734F851
:1035200020B14288BAF8A4339A4205D000237988A2
:103530001A461846FBF716FA6FF0030446E7594699
:103540004846FBF73DF8044600287FF4DBAE798857
:1035500003460246FBF706FA2546EDE7039B0133D7
:103560003AE793F8A764B6FA86F6760954E7029B21
:103570005A884FF6F7739A427FF65FAF0298F9F7D1
:1035800025F900287FF459AF0298F9F7E3F80028ED
:103590007FF453AF0023BDF81600079307A900F08E
:1035A00035FC68B3BBF1F60F38D80122CF2148466D
:1035B000FEF708FD54E7BDF81620CDF800B04FF631
:1035C000FF73B6009A4218BF46F0010606F0FD03ED
:1035D000BAF8A4134846FFF7D3FD1721484626F052
:1035E000DDFD857562884FF6F7739A429CBF042310
:1035F000037549460B4831E704343FF431AFC9E75E
:10360000079B002BCED05B7803F00C03042BC9D1B1
:10361000BDF816204146FEF70BF8C3E7484604F014
:10362000D3F81DE7A13802002DE9FF410125CDE9BE
:103630000155DFF85480009500230A460E46B8F87D
:10364000A4130446FEF7A0FA07460221204626F0FE
:10365000B5FD2A46BD710421204626F028F96023D5
:103660000370FB230093B8F8A41320462B46324680
:10367000FFF786FD0348214604B0BDE8F04108F09D
:10368000B1BF00BFA13802004832002007B54FF695
:10369000FF73ADF80630084B93F8BA13074B1B685D
:1036A000994203D20DF1060003F092FABDF806002C
:1036B00003B05DF804FB00BF483200206001002029
:1036C00010B5044626F027FD037823B1044840F2E4
:1036D000651126F00FFE2046BDE8104004F074B8D6
:1036E000FE09050010B5044626F015FD037823B148
:1036F00007484FF4C57126F0FDFD0649064B91F8C9
:10370000B41320464A22BDE8104001F009BA00BFB8
:10371000FE090500483200201D3702001FB504468F
:1037200026F0F9FC037823B10E4840F2751126F01B
:10373000E1FD0421204604F037F9204626F0EBFC99
:10374000082201460DEB020023F020FF064B0193F7
:10375000082300934A226B44FF21204601F0ACF974
:1037600004B010BDFE090500C136020013B5154CAA
:1037700094F8943301A86FF3040384F8943304F0AD
:10378000B5FC019B03F07843042243F0FF6343F44C
:10379000FF230DEB020104F56770019323F0F6FEA1
:1037A000D4F8943323F020031B041B0C43F4801340
:1037B00043F02003C4F89433002384F8B43302B0F8
:1037C00010BD00BF483200200E4BD3F89C03C30E3F
:1037D0000BD0172B20F078400CD0183B072B0ED8BD
:1037E000002814BF102000207047003818BF0120A7
:1037F000C0007047003818BF0120800070470020CB
:10380000704700BF4832002037B501248C400C4976
:1038100091F894339B0605460FD5042201F5677194
:103820000DEB020023F0B2FE294601A804F038FB9C
:10383000044202D0002003B030BD0120FBE700BFEE
:1038400048320020044B0C2202FB003393F894030F
:10385000C0F34010704700BF483200201FB5044637
:1038600009F0A4FD074B01930223ADF80E0000936D
:1038700053220DF10E03FF21204601F01DF904B083
:1038800010BD00BFE53602000146014808F0AABE9F
:103890002D9801000146014808F0A4BEB9020200BB
:1038A0000146014808F09EBE99A501000146014865
:1038B00008F098BEFDAB01000146014808F092BE39
:1038C000618301000146014808F08CBE8548020072
:1038D0000146014808F086BEEDAC010001460148F2
:1038E00008F080BEC12802002DE9F0471B4B92462C
:1038F0001A681B4B8946D3F8C06480460123132104
:103900009A4202D86FF0150023E001FB03F7F51986
:10391000F45D14F001041ED113222146284623F041
:1039200040FEF35D0F4923F0030343F00303F35517
:103930000622A5F8069005F1080023F027FEEB7B90
:1039400068F30403EB730920CAF800500CF08AFCFA
:103950002046BDE8F0870133D2E700BF5C010020BC
:1039600048320020560B050010B5094B094C1A6867
:10397000D4F8C4044FF0FF3123F013FE052384F87C
:10398000D5343C2384F8D6340023C4F8C83410BDA1
:103990006001002048320020F0B400231360114B76
:1039A0001F68114B4FF0130CD3F8C06401239F42E2
:1039B00002D8F0BCFFF798BF0CFB03F57419755DD6
:1039C00005F00305032D07D1E5888D4204D1E57B81
:1039D00005F01F05854201D00133E8E7146000209F
:1039E000F0BC70475C010020483200202DE9F04F08
:1039F0000E4685B0074602A93046154602F0E4FFA0
:103A0000DFF87CA0DFF87C904FF001086FF01B041A
:103A10004FF0130BDAF80030434513D814F11C0FA4
:103A20000CD12A464FF6FF713846FFF75DFF04467A
:103A300020B929683046083102F0C6FF204605B09B
:103A4000BDE8F08FD9F8C0340BFB08F298189B5CE6
:103A500003F00303032B10D1C37B03F01F03BB420E
:103A60000BD102A90830019226F0B0FA28B1D9F89A
:103A7000C034019A13442B60002408F10108C9E7FF
:103A80005C0100204832002008B5094B1B689842B1
:103A900006D3084840F26B1126F02CFC002008BD2C
:103AA000054BD3F8C434185CFF3818BF0120F6E783
:103AB00060010020070A0500483200200A4B0B4A2B
:103AC000D3F8C0341268132101FB02320020934264
:103AD00000D17047197801F00D01092904BF0130A8
:103AE000C0B21333F3E700BF483200205C0100206E
:103AF0000A4B0B4AD3F8C0341268132101FB02327F
:103B00000020934200D17047197811F0010F03D0C3
:103B100009075CBF0130C0B21333F2E7483200201E
:103B20005C0100202DE9F74F1B4BDFF870B0D3F894
:103B3000C0740024824688461546ADF806402646E5
:103B4000A146DBF800304B4501D9444503D320465C
:103B500003B0BDE8F08F3B7803F00D03092B17D1BC
:103B60000136F6B2564513D3F9790DF1060003F08C
:103B70002FF82B68BDF80620591C29601A702A6896
:103B8000BDF80630511C1B0A01342960E4B21370E1
:103B9000133709F10109D4E7483200205C01002005
:103BA000F8B5174F174C002513263A68D4F8C0040F
:103BB000EBB29A4218D87243002123F0F2FC124B68
:103BC000D4F8C4041A68002123F0EBFC0023C4F8E5
:103BD000CC3484F8D43408F03BF90C4826F04AFA87
:103BE000BDE8F840FFF7C0BE7343C218C35C03F0E2
:103BF0000303012B02D1D07903F0BEF80135D4E7DD
:103C00005C010020483200206001002061C30200F6
:103C10000A4B1B6898420DD200EBC00300EB430037
:103C2000074BD3F8C0341A181B5CDB0702D50A60B7
:103C3000002070476FF01B00704700BF5C01002040
:103C400048320020034AD2F8C8340133C2F8C834DD
:103C5000704700BF4832002010B5164BD3F8C4247B
:103C6000FF24145401EBC102D3F8C03401EB42012C
:103C70005A5C6FF300025A5403F07EF80A20FFF7F3
:103C8000E1FF0CF0EFFA05F03FF90B2007F0B0FD73
:103C90000C2007F0ADFD0F2007F0AAFD132007F060
:103CA000A7FD1F2007F0A4FD05F03CF9BDE810407A
:103CB00008F074B84832002010B5104CD4F8C43461
:103CC0001B5CFF2B014615D003EBC302D4F8C044A4
:103CD00003EB4202A25C02F00C02082A05D1BDE807
:103CE00010400748002226F0EAB91946FFF7B4FF52
:103CF000002010BD6FF01B00FBE700BF4832002022
:103D0000053D0200FF2970B505460C4604D90D4853
:103D100040F20B1126F0EEFA0B4BE4B2D3F8C434A8
:103D20001E5DFF2E09D02146284608F0DBFA3146F9
:103D30002046BDE87040FFF78FBF2846BDE87040C1
:103D400003F042BD070A0500483200202DE9F84380
:103D50002C4CD4F8C4341B5CFF2B0646174618D1F4
:103D600009B3294BD4F8C0241B684FF00008132076
:103D70005FFA88F5AB4203D86FF01500BDE8F88311
:103D8000454308F1010C515D11F001090ED0E046E8
:103D9000EEE703EBC30203EB4203D4F8C024134461
:103DA0003B600020EAE76FF01B00E7E7304602F0D7
:103DB00065FFD4F8C43403F80680D4F8C08408EB57
:103DC000050413224946204623F0EBFBE67118F860
:103DD000053023F00D0343F00D0308F80530637838
:103DE00023F05F0343F00E036370237A43F0700304
:103DF00023727F23637109203C600CF033FAFFF7D4
:103E000021FFCEE7483200205C01002037B50022B8
:103E10000D460DF10703114603F02EF9014620B1BE
:103E20006FF01B04204603B030BD9DF807002A4602
:103E3000FFF78CFF04460028F2D12B68002BF1D14C
:103E4000024840F21F3126F055FAEBE7070A050059
:103E500037B500220D460DF10703114603F0D6F9E0
:103E6000014620B16FF01B04204603B030BD9DF821
:103E700007002A46FFF76AFF04460028F2D12B68A4
:103E8000002BF1D1024840F2373126F033FAEBE74C
:103E9000070A0500F0B5037803F00303032B85B090
:103EA00004460D4604D0524840F2412126F022FA41
:103EB000504EDDB1504BD6F8C0141A6813235A4344
:103EC0000025AA4212D04B5D13F0010701EB05005B
:103ED00005F1130C5ED12146132223F057FB237802
:103EE00067F300032370D6F8C0442C44E2884FF6F1
:103EF000FF739A4204F1080555D006223F4928462F
:103F000023F01DFB0246002846D0294602A802F0F5
:103F10008BFDE1880DF10703002202A803F0F4F9FC
:103F2000D6F8C43405469DF807001B5C002D46D129
:103F3000FF2B44D102F0A2FE054640BB01460C22F5
:103F4000A01D23F02EFBD6F8C0342D48D6F8C4149B
:103F50009DF80720E31A43438B542278217A02F01C
:103F60000C03083B41F0700165F3410218BF0123C7
:103F700021729DF8071022706278E1715B0043F0B6
:103F80000C0322F01E0213436370FFF75BFE28460A
:103F900005B0F0BD654694E7E0880DF10703012107
:103FA00003F06AF8BCE7294602A802F03DFD0DF1D6
:103FB00007030022012102A803F028F9B0E703EB70
:103FC000C302D6F8C01403EB4203CA189442DED0F1
:103FD000CA5C02F00C000C2801BF2078C0F38100FD
:103FE00060F38302CA54237823F003032370CEE7DF
:103FF000070A0500483200205C010020560B05002E
:104000001BCA6B282DE9F04F85B0044609F084FBEC
:10401000DFF800810646002872D03B480DF10F0101
:1040200002F018FC4FF6FF739C4211D100274FF0AD
:10403000000901254FF0130BD8F80030AB421AD815
:10404000B9F1000F01D026F021FB05B0BDE8F08FDB
:1040500000220DF10E031146204603F00DF8002852
:10406000E4D12A4A9DF80E30D2F8C424D75CFF3F31
:1040700018BF0127DBE7254B0BFB05FAD3F8C0146B
:1040800011F80A0000F00300032801EB0A021AD11C
:10409000D07B9DF80FC000F01F00604515D1CDE921
:1040A000002100F045FE009A20B9D0880199A04275
:1040B0000BD157B900211046FFF7ECFE60B1144850
:1040C000712126F017F90135B6E711F80A2022F020
:1040D000030201F80A20F6E7B146F4E705FB03F115
:1040E000D4F8C004425C02F00306032E04BF22F0A1
:1040F000030242540133D8F800209A42EED8A4E7D4
:10410000024C01231325F6E7F43400204832002046
:10411000070A05005C0100202DE9F047DFF86090F8
:10412000154F00244FF0130AD9F80030A34206D8E7
:10413000FFF788FD1148BDE8F04725F09BBFD7F891
:10414000C0640AFB04F57219735D03F00303012BCD
:1041500010D192F80780404602F00EFED7F8C43422
:10416000FF2203F80820735D6FF3000373550A20E4
:104170000CF078F80134D7E74832002061C3020020
:104180005C0100202DE9F3470F460621064626F084
:1041900005F81E210488304603F0A6FB06210546DB
:1041A000304625F0FBFF1FFA84F84FF6FF73984561
:1041B0008146048005D0DFF850A1DAF80030984538
:1041C0001BD34FF0FF3389F8003089F801304D4B95
:1041D000D3F8C834C9F802300021304626F037F849
:1041E0003146384608F0D6FA044610B1304603F09E
:1041F000EBFA204602B0BDE8F08701A95FFA88F02B
:10420000FFF706FD58B9019C23789A0707D403F0FD
:104210000C03082B08D0237A13F0700F04D108F197
:1042200001081FFA88F8C8E7364BA9F80080D3F8D0
:10423000C834C9F802304FF6FF739845CCD0E17905
:10424000284602F083FC284603F042F828812378B0
:10425000C3F38103AB722378C3F30313EB72637868
:10426000C3F340032B736378C3F382036B736378E8
:10427000C3F38013AB736378C3F3C013EB73A378FA
:10428000C3F304032B74E378A27803F00103DB008B
:1042900043EA52136B742379AB7494F90530EB74D1
:1042A000237AC3F302132B75637A227A03F00F0388
:1042B0005B0043EAD2136B75207A00F00F0007F021
:1042C00079FEC5F81600D4F80E8023F079FF6FF060
:1042D0000043A8EB000898450ED2D4F80E4023F016
:1042E0006FFF231A4FF4705253434FF47A72B3FBAB
:1042F000F2F3C5F81A306FE723F062FFD4F80E30FE
:10430000C31AEFE7483200205C01002030B50B4BA8
:104310001C680B4BD3F8C034132584420BD905FB22
:1043200000F299189A5CD20703D54A78920700D513
:1043300030BD0130F1E74FF0FF30F9E75C010020BC
:1043400048320020F0B5134B1D68134BD3F8C0441E
:104350000246132608464FF6FF77854217D906FB1B
:1043600000F3E118E35C13F0010F0ED0497801F07F
:104370000C0CBCF1040F08D103F00C03082B04D182
:10438000BA4202D18B0700D4F0BD0130E5E74FF00F
:10439000FF30F9E75C01002048320020F0B5114BF6
:1043A0001E68114B1327D3F8C04400239E4202D14C
:1043B0006FF01B0013E007FB03F2A518A15CCA070E
:1043C0000ED56A7812F0200F0AD001F00C010829EE
:1043D00006D102F01C02042A02D105600020F0BDC3
:1043E0000133E3E75C0100204832002030B50A4B7E
:1043F00019680A4B0020D3F8C0441325034699429C
:1044000000D130BD05FB03F20133A25CC2F3000210
:104410001044C0B2F3E700BF5C0100204832002026
:104420002DE9F041DFF858C0144F044600216FF029
:104430001B004FF0130EDCF800308B4201D8BDE8B2
:10444000F081D7F8C0540EFB01F3EE18EA5C02F0DD
:104450000308B8F1030F0ED1F67B06F01F06A64243
:1044600009D16FF34102EA54D7F8C024D05C6FF34E
:104470000000D05400200131DDE700BF48320020A9
:104480005C0100202DE9F04FDFF8A090264E87B0A8
:104490000025D9F800205FFA85F8531E43453ED821
:1044A00000230133DBB29A42FBD8002007B0BDE8FD
:1044B000F08FD6F8C0340AFB04F419191A5D02F023
:1044C0000302032A20D104F1130B03EB0B0013F8B2
:1044D0000B3003F00303032B16D10A7903799A42B8
:1044E00012D2132201A823F051F8D6F8C0041322E7
:1044F00000EB0B01204423F049F8D6F8C004132246
:1045000001A9584423F042F80137D9F80030013BA3
:10451000FCB2A3EB0803A342CBD80135B9E70027CF
:104520004FF0130AF1E700BF483200205C01002081
:1045300070B5224C94F8B45415F01005064604D01A
:10454000012384F8DE33A0BB70BD20B9BDE8704004
:104550001B4825F08FBD0F2125F020FE94F8B434C0
:1045600084F8DE5343F0100384F8B43494F8DD3358
:10457000013384F8DD3302230370D4F8D833DB88A9
:10458000A0F80130B4F8A633A0F809302122C27295
:1045900005734573857394F8DD330A48012B314662
:1045A00003D1BDE8704008F027B9BDE8704008F0BD
:1045B00019B8BDE8704003F007B900BF48320020C9
:1045C00031450200318B010038B51E4D1E4B0022D3
:1045D00029688A422CD393F8D5226FF3000283F81E
:1045E000D52293F8DF226FF3000283F8DF2293F8DD
:1045F000E9226FF3000283F8E92293F8F3226FF3C4
:10460000000283F8F32293F8FD226FF3000283F88F
:10461000FD2293F807236FF3000283F8072300229B
:10462000A3F81423F9F7CCFEBDE83840F8F760BAD8
:1046300002EB8201D3F8B802445C6FF300044454E7
:104640000132C5E7580100204832002070B58AB019
:1046500000230A210693044625F0A0FD0A22014604
:1046600007A822F093FF09F057F870B16349644D31
:10467000082207A822F063FF48B995F8B432069ED5
:10468000002B37D1002E40F09F80C2250CE008227D
:1046900005F56A7107A822F052FF0028EDD095F8C1
:1046A000B432012B10D9C825204625F055FD09212B
:1046B000204625F076FD07A900F8015B082222F0CC
:1046C00065FF504821467BE006A907A8FFF7C0FB1D
:1046D0000028E8D1069A137803F00C03082B03D0C6
:1046E00095F8643F5907DED5537803F01C03142B6B
:1046F000C3D1D8E7002E67D1012B0BD13246FE2162
:10470000414808F0E7F93246FE21404808F0E2F956
:10471000F8F7A6F995F8ED349DF8252062F300032B
:1047200085F8ED340123CDE9013300934FF6FD7296
:104730000023B5F8A4132046FDF726FA95F8763F36
:104740005A07064607D532490822103022F01EFFCC
:10475000B5F8803FB380D02240F24911204625F0C1
:10476000F1F80122B2710421204625F0A0F80023BF
:1047700003709DF82520D21A18BF01225201027041
:104780009DF8243043B1069B5BB31B7803F00C0308
:10479000083B18BF0123DB0113430370069A12B3D1
:1047A00043F040030370069B1B7803F00C03082BB7
:1047B0000CBFFE21FB21204625F0AFF8154821460D
:1047C00007F010FF0AB070BDF1790DF1160002F08C
:1047D000FFF90123CDE901330093BDF81620002332
:1047E000A7E78023D8E7FB21204625F096F895F827
:1047F0002C38DB07E2D4CD2556E700BF5E0B050061
:104800004832002001EA02001D110200611302007B
:10481000C0410020C9310200F8B50121044625F04D
:10482000BDFC0778144E97B196F8B432012B01D82D
:10483000FFF7CAFEFFF770FC07F0B0FA002386F816
:10484000B83321460D48BDE8F84007F0CBBE022141
:10485000204625F0A3FC02220546394622F0A1FE9F
:1048600001232B70FF236B700548214607F0BAFE29
:104870000A2386F8B833F8BD48320020A9DB0200CD
:10488000B938020010B5094B93F8B432012B044635
:1048900001D8FFF799FEFDF73FF807F07FFA2146B0
:1048A0000348BDE8104007F09DBE00BF483200201D
:1048B000A9DB02000146014807F094BEC53802009A
:1048C0002DE9F341044608F027FF28B1244E96F85D
:1048D000B47417F010070AD02046C22125F0B7FCA7
:1048E0002048214602B0BDE8F04107F07BBE0F2111
:1048F000204625F053FC052105462046ADF8027000
:1049000025F04CFC01AAD0F8018096F8BA0339468C
:10491000FFF71CFA20B114484FF4D87125F0EAFCD7
:1049200096F8B43496F8BA1343F010030DF1020070
:1049300086F8B43402F04CF9BDF80230A5F8013025
:1049400002232B70B6F8A633A5F80930C5F80B8002
:104950002146064807F046FE02B0BDE8F08100BFE0
:1049600048320020C12A0300160A0500318B0100DD
:1049700010B5044625F064FC0E4B93F8B4246FF395
:10498000041283F8B42493F8B823072A0BD193F8C0
:10499000DE3320461BB1BDE81040FFF7C9BDBDE8BE
:1049A000104002F011BF21460348BDE8104007F057
:1049B00019BE00BF48320020C12A030010B503F021
:1049C000CDF80D4C94F8083578B1D90707D443F0E9
:1049D000010384F8083523F0F3FBC4F8000523F045
:1049E000EFFBBDE8104023F0EBBBDA0744BF60F3F8
:1049F000000384F8083510BD48320020F0B50721C7
:104A000085B0054625F0CAFB012600230288224F07
:104A10000096CDE901630446B7F8A4132846FDF7D4
:104A2000B3F897F81833B3408371037843F0400329
:104A3000037040F2A13240F24911284624F082FF6F
:104A4000B4F803204FF6F7739A4223D8A378132BB8
:104A50000CBF042203220321284624F028FFA37858
:104A60000370B4F803304FF6F77299B2914206D84A
:104A7000A0F80130A378132B04BF6379C370A17928
:104A8000284624F04AFF0548294605B0BDE8F04015
:104A900007F0A8BD3246DEE748320020C9310200E7
:104AA000034B01460D22034883F8B82307F09ABD53
:104AB00048320020854B02002DE9F047DDE9087AF5
:104AC0000D4607F10B0116468046994602F00CFF91
:104AD000FF2F0446067004D90F484FF48A6125F071
:104AE00009FCA7703A46494604F10B0022F04EFD3E
:104AF00016F0FB0FC4F803A006D1FF2D04D1064821
:104B00004FF48B6125F0F6FB657041460348BDE824
:104B1000F04707F067BD00BF160A0500AD38020078
:104B2000F8B50E460A21044617461D4602F0DCFE83
:104B300007704670C0F8025021460248BDE8F840B0
:104B400007F050BDD138020037B5069D0B4C61B15E
:104B500094F8B813013184F8B8130949CDE900512C
:104B6000FF21FFF7A9FF03B030BD054B94F8B41344
:104B700003B0BDE83040FFF7D3BF00BF483200208C
:104B8000854B02007FB5504C054625F0C4FA94F8D9
:104B9000B823531CDBB2A2F10D0184F8B8330A2903
:104BA00000F28780DFE801F0061616292942425AF2
:104BB0005A7C7C000223B4F8A6030093434B502296
:104BC0004FF6FF71411A18BF01212846FFF7BCFFBD
:104BD00004B070BD0F2B09D1011D02223B4822F009
:104BE000D5FC94F8B833013384F8B8330223B4F811
:104BF000A40300935322364BE2E7112B09D1011D88
:104C00000222334822F0C2FC94F8B833013384F80E
:104C1000B83330493048082222F091FC0823009331
:104C20002D4B8122011E18BF0121CEE7132B09D184
:104C3000011D0822284822F0A9FC94F8B83301335A
:104C400084F8B83394F8B833142BC1D194F8B01366
:104C5000012300934122214BFF39E4E7152B04BFC8
:104C6000037984F8B03394F8B133FF2B04BF0123E8
:104C700084F8B13394F8B133003B18BF01238DF8A9
:104C80000F300232164B84F8B823019301230093AE
:104C900052220DF10F03FF212846FFF70DFF97E782
:104CA000284607F077FB94F8B833013384F8B8331B
:104CB0008EE70C480023294684F8B83304B0BDE8D9
:104CC000704007F08FBC00BF48320020EE35002056
:104CD000EC3500205E0B0500F0350020F835002093
:104CE000854B0200D9DB0200014B93F8B4027047F8
:104CF00048320020034B93F8B402B0FA80F0400928
:104D0000704700BF48320020034B93F8B402431EA3
:104D100058425841704700BF48320020034B93F877
:104D2000B402831E58425841704700BF48320020E9
:104D3000034B93F8B40201288CBF00200120704778
:104D400048320020044B93F8B8230B2A04BF0022FA
:104D500083F8B823704700BF48320020014825F08F
:104D600089B900BF4D4E020070B5054625F0D3F954
:104D7000064624F0B3FD411C284625F0E7F90378E8
:104D80001B09044616D11E490822013022F0D7FB28
:104D900080B9237803F00F03012B0BD160891CF03D
:104DA000DFF838B172884FF6F7739A4207D90CF0E2
:104DB000F3F920B92846BDE8704002F005BDFFF7C1
:104DC000B7FF20B10F4825F055F90028F2D10E4861
:104DD000637A80F8B53204F10A01022200F2B2408F
:104DE00022F0D4FB07F00CFB0021084840F24A22D5
:104DF00007F002FD29460648BDE8704007F0F2BB07
:104E0000F4340020F1EE0100483200205D4D020034
:104E1000154E020038B50421054625F0BFF9094CAE
:104E20000F230370B4F8B234A0F8013029460648C5
:104E300007F0D8FB94F8B4346FF3000384F8B4346B
:104E400038BD00BF4832002009D4020007B50D4B21
:104E5000B3F8B2248AB1A3F8A6230022A3F8B2249F
:104E6000094A01920222009203F2A6335022FF2146
:104E7000FFF722FE03B05DF804FB03B05DF804EB1E
:104E800002F0A2BC48320020114F0200F0B5012709
:104E900085B0CDE901771B4C0097B4F8A41300232B
:104EA0004FF6FF720546FCF76FFE94F81833BB40CF
:104EB00083710C220A21284624F0F9FC04F52B7199
:104EC0000646082200F8017B22F060FB94F8B53218
:104ED0003B44DBB284F8B5320222737204F2B24171
:104EE00006F10A0022F052FBFF21284624F015FDAE
:104EF0002946054807F076FB044805B0BDE8F040B8
:104F000025F0B8B848320020C9310200154E020021
:104F100008B502F059FC012006F06AFC094BB3F811
:104F20005C23B3F8A4339A4207D1BDE80840064891
:104F300041F6F062002107F05FBCBDE808400020A8
:104F4000FFF700BF48320020454D0200F0B51E4D6E
:104F5000B5F85C3385B0044633B995F8B434DB0753
:104F600008D5B5F8B2342BB1204605B0BDE8F04005
:104F700002F02ABC0127CDE9017700970023B5F89C
:104F8000A4131A462046FCF7FFFD95F81833BB40E2
:104F900083710B220921204624F089FC0822064651
:104FA0000A4900F8017B22F0F1FAB5F8A633A6F819
:104FB0000930FF21204624F0B0FC0548214605B009
:104FC000BDE8F04007F00EBB48320020F43400206A
:104FD000C931020010B50B4C78B10023A4F85C3342
:104FE000FFF7A6FE28B1084BC4F89835074BC4F864
:104FF0009C35074BC4F8A03510BD4FF6FF73A4F8DD
:105000005C33F9E74832002089510200FD5002006C
:10501000694D020010B50446FFF7DCFF034B93F81F
:10502000082564F3C71283F8082510BD4832002014
:1050300070B5054625F06FF8134E04464FF6FF7025
:1050400007F0C8F983B2A6F8B23420880022904253
:1050500006D904EB420149889942EFD00132F6E7C4
:10506000FFF766FE10B1094825F004F82946084804
:1050700007F0B8FA07F0C4F9BDE87040054840F2FF
:105080004A22002107F0B8BB48320020F1EE0100AF
:105090008D4E02005D4D020010B5044625F03BF830
:1050A0000388102B03D90648AD2125F023F9054BC1
:1050B0000B2283F8B8232046BDE81040FFF7B8BFA5
:1050C000210A05004832002010B50A4B93F9083533
:1050D000002B044603DABDE81040FFF7DDBF3121A5
:1050E000002208F0A1FE21460348BDE8104007F069
:1050F00079BA00BF483200200D4C030070B5044659
:1051000025F009F824F0EAFB411C204625F01EF8A2
:1051100003781B09054604D02046BDE8704002F024
:1051200053BB17490822013022F009FA0028F3D1B5
:10513000144B2E7893F8B8230B2AEDD093F8B4349F
:10514000DB07E9D4204624F0E6FF0935291A20467A
:1051500002F02AFC204624F0E8FFD0F1200102D022
:10516000204602F047FC2046022102F0C1FC06F076
:105170000F0606802046BDE87040FFF7A5BF00BFC0
:10518000F43400204832002070B5054624F0C3FFF7
:10519000234CB0F80320B4F8A6339A4215D1082264
:1051A00004F52B71573022F0CAF970B194F8673FBB
:1051B00013F0010609D1B4F85C23B4F8A4339A4281
:1051C00017D194F8B8330B2B04D12846BDE87040B2
:1051D00002F0FABA2846222102F086FB012303706E
:1051E0004670B4F8A63343802846BDE87040FFF708
:1051F0006BBF94F8B434DB07E7D407F001F94FF044
:1052000033332946B0FBF3F20648043207F0F4FAD0
:1052100094F8B43443F0010384F8B43470BD00BF93
:10522000483200204D4F020070B50D46042104465F
:10523000164624F0B3FF0670A0F80150214602483C
:10524000BDE8704007F0CEB909D402002DE9F04F57
:105250008FB006468946904600210D2206A822F00E
:10526000A0F9304624F057FF00EB0907384624F038
:1052700035FBA0F10E030493049A754CFD182D2301
:10528000BB548246304624F0D2FF10F0100F05F1D7
:10529000010B00F0A9806A7B94F850339A4200F029
:1052A000A380042204F55671584622F06FF9D4F811
:1052B00058330133C4F858336B1D184665490593BC
:1052C000082222F063F96349082206A822F05EF959
:1052D00094F8763F580711D507F1100B5E49082264
:1052E000584622F02CF948B90822594606A822F05F
:1052F0004DF908225946681D22F048F9D5F80130C9
:105300000893049B687BFB5C8DF824300EF01AFB3D
:105310008346002800F0998094F8753F190712D54C
:10532000014610220AA822F031F99DF8293083F0B5
:10533000F0038DF8293094F8753F6FF3C30384F8B8
:10534000753F0DF1280B07EB0A033046049324F058
:10535000ECFE09EB0A02049B0093801A01903A4686
:10536000CDF80880534606A9584600F01FFC0746B2
:10537000B0BB4946404602F0BBFB8246304624F0B3
:10538000CAFE4A460146504622F000F9404624F043
:10539000C2FE8146304624F0BEFE2D1A304619F872
:1053A000053023F0070309F8053024F040FF4206DA
:1053B0000CD54021404624F001FF304624F037FF51
:1053C000030603D58021404624F0F8FEFFF792FC47
:1053D00030B1D4F85433813302D1204824F04AFE4E
:1053E00038460FB0BDE8F08F04221D49584622F020
:1053F000CDF8D4F854330133C4F8543394F8753FDE
:105400009A070AD504220021584622F0CAF894F8D7
:10541000753F6FF3410384F8753FD4F85433C3F3F9
:1054200009022AB1012B03D094F80D3EDB0708D501
:10543000072006F0DDF994F80D3E6FF3000384F8C1
:105440000D3E94F850336B7336E74FF0FF37C7E7E4
:1054500048320020F0350020C041002055350300BF
:105460009C3500202DE9F04F00238BB0CDE90433AB
:10547000054624F050FE029024F030FA029BA0F181
:105480000E0A08218046284603EB0A0924F086FE0E
:1054900009F1050B468804A95846FEF7D9FC10F11E
:1054A0001C0F044621D104A93046FEF7AFFC10F1D1
:1054B0001C0F044619D199F80D000EF043FA04228E
:1054C000039009F1010105A899F80D7022F05EF82A
:1054D000039B93B9122231462846FFF7A5FE4FF0F1
:1054E000FF3411200AF0BEFE1AE0002CE3D0122295
:1054F00031462846FFF798FEF3E7049BA3B1D3F8A3
:105500000A2005998A4202D99B79BB4201D0013217
:105510000AD1112231462846FFF786FE4FF0FF34AC
:1055200020460BB0BDE8F08F284624F0FEFD404534
:1055300002D84FF0FF34DAE7284624F0F6FDA0EB5E
:105540000804032CF5D94C490822584621F0F7FFEE
:105550000028EED049490822584621F0F0FF0028E3
:10556000E7D00D22002106A822F01BF8029A2D2375
:1055700002F80A305946082206A822F007F8D9F89E
:1055800001300893029BDFF8FC9013F80A308DF885
:105590002430002389F8AB340398009443462A460C
:1055A00006A924F02DFC044648BB40F2471240F601
:1055B000A111284624F0C6F9284689F8AB4424F006
:1055C000AAFD06AB054622462146304601F054FDB1
:1055D0001C301ED099F8B13333BB049A72BB99F8D2
:1055E0005033BB429CD0FB1ADBB27E2B98D8FFF71E
:1055F00081FB002894D138460EF084F890E799F8A2
:10560000AB3401210133284689F8AB3402F0AEF9FE
:105610006DE705EB0A0006AB22463146053001F086
:1056200073FE0028D9D1D5E7049B002BD5D19DF876
:10563000180004AA0121FEF789FBCEE7537803F096
:105640001C0114290CD1012161F384035370049BC4
:105650000B48D979002207F03DFA0C2006F0C8F873
:10566000DDE90432C3F80A209A79BA42B7D09F71B3
:1056700025F00CF8B3E700BF5E0B0500560B0500E4
:1056800077B10400483200202DE9F04F2C4D87B04F
:1056900095F82CB89DF8409005938A4617460BF074
:1056A000010B044660B902F059FA20B14FF0FF3007
:1056B00007B0BDE8F08F24F0CBFC04460028F5D0FD
:1056C00000264FF001083A46CDE90186CDF800B03A
:1056D000334651462046FCF757FAB5F8A423524505
:1056E00007461DD142460521204624F0E0F8052357
:1056F0000670BB71FF21204624F00FF9B9F1000FAD
:105700001BD0FF230093B5F8A413059A204601236C
:10571000FDF736FD0B48214606F064FF0020C7E781
:1057200003220521204624F0C2F880F80080B5F855
:10573000A433A0F801300423DBE703482146EBE75C
:1057400048320020A1380200C931020010B50C4CCB
:105750000C480022FF2107F0BDF994F865336BB1C6
:10576000094824F087FCD4F868333BB14222BDE8F5
:10577000104004485A43002107F03EB810BD00BF56
:10578000483200204D5702008D57020070B5134E6D
:1057900096F865430546ECB1052124F0FFFC002393
:1057A00003706FF0030343704FF0FF33837096F87C
:1057B0006633C37096F8763F1B0705D4084B1C78F8
:1057C000012C8CBF0024012404712846BDE87040E0
:1057D000F9F770BDBDE8704001F0F6BF4832002017
:1057E0008C0100202DE9F84F4A4F1446B7F8A43336
:1057F0004A889A4281460D467AD1DFF824B197F85B
:1058000064039BF800C0604504D94846BDE8F84FE2
:1058100001F0DABFD7F8602300234FF00E0E9C454D
:1058200045D8002319464FF00E088C45EDD008FBF3
:1058300001F602EB060A12F806E01EF0010F43D152
:10584000013087F86403915D41F0010191559BB1EE
:10585000581E06F0BFFD9BF800309842804603D3E7
:105860002D48462124F046FD9BF80000D7F8602320
:1058700000230E2783422ED3564633786FF3470317
:105880003370AB8873802B1900275B7873700234F8
:105890007378F8B28342B8D904EB40010230022297
:1058A000294406EB400021F071FE0137F0E70EFBC2
:1058B00003F15618515CC90704D5B6F80280A988CF
:1058C0008845DAD00133AAE7BEF1010F04BF0133E6
:1058D000DBB20131A9E707FB03F15618515C01293E
:1058E00004D8B8F1000FC8D008F1FF380133C1E780
:1058F00001340B5D01330B55022102F07BF807F5F3
:105900006971022221F042FE49460448BDE8F84F81
:1059100006F068BE48320020360A0500C931020090
:105920008C01002038B50D460721044624F036FCD2
:105930000B238370064B0580B3F8E833A0F80330DF
:10594000FF23837121460348BDE8384006F04ABE74
:1059500048320020FD4902002DE9F043172187B0AD
:10596000044624F01BFC037A427A204643EA0223D1
:10597000ADF8123024F0CFFB03788788B0F80280AE
:1059800003F00303012B0546BEB248D123F0A6FF66
:105990002B5C032B43D1284623F0A0FF411C20465B
:1059A00024F0D4FB03780C2B7DD1AB79012B7AD971
:1059B000013BAB7105A93046BDF81270FEF726FA1F
:1059C000002851D1059B1D7885F00805C5F3C00559
:1059D00005A93846FEF71AFA28B9059B1B7819075E
:1059E0005CBF0135EDB2FEF783F8A8425BD9FEF744
:1059F0007FF8401B10F0FF0055D0DFF8E090013831
:105A000006F0E8FCD9F800309842054604D3304847
:105A100040F22D1124F06EFC4FF000083DE0012211
:105A20000023CDE901232B4D0092B5F8A413424683
:105A30002046FCF7A9F895F818335B00837140F213
:105A40008D12204640F6BE0123F07CFF0322114652
:105A5000204623F02CFF0C230370A0F80170FF21D7
:105A6000204623F05AFFA5E70025B1E705A9FEF778
:105A7000CFF880B9059B1A7812070CD4D9790DF1AB
:105A8000120001F0A5F8BDF81220964203D097420B
:105A900001D075B1013D08F10108D9F800305FFA75
:105AA00088F09842E2D3204601F08EFE07B0BDE8B0
:105AB000F083FF23074900932046B1F8A413012384
:105AC000FDF75EFB2146044806F08CFDEEE700BFC3
:105AD000360A050048320020A13802005C0100208F
:105AE00070B50E480E4990F864230B789A4211D98C
:105AF00070BDD0F8605306FB02F42B5D13F0010F6C
:105B000003D0012B1CBFFE332B5501320B7893427F
:105B1000EFD8EDE700220E26F8E700BF483200205C
:105B20008C01002070B5104B1D68104BD3F8B812D3
:105B300000239D4200D170BD03EB83040E190A5D62
:105B400012F0010F03D0B6F80360864201D0013392
:105B5000EFE79D42EFD902F01803102BEBD16FF362
:105B600045120A55E7E700BF5801002048320020DF
:105B700008B5084B93F865335BB10022FF21064856
:105B800006F0A8FFBDE8084003484222002106F0C5
:105B900033BE08BD483200204D57020002480022A3
:105BA000FF2106F097BF00BF4D5702002DE9F04FCF
:105BB00089B01C46DDF84C90129BDFF870B09DF860
:105BC00050A004AFCDE90043CDE902971346064645
:105BD000884615460A460146042023F0EAFFDBF812
:105BE000583F3BB1224629463846984710B100231A
:105BF000CBF8583F09F104012144504601F074FEEE
:105C00002044129BCDF8009042463146CDE9017008
:105C1000042024F06EF8504624F07DFA22462946EE
:105C200021F0B4FC002009B0BDE8F08F483200201C
:105C3000F0B514460D468BB00646102200212046D2
:105C400021F0AFFCB5F1805F80F08A8077190023E6
:105C50005A1CBE4203F128036B4435D1B5F5005FF1
:105C60004FF0800134BF0226062603F8201CC6F13F
:105C700010060027B24246D10E2A4FEAC50565D16B
:105C8000B5F5803F04D3374840F2DE2124F032FBE3
:105C90006DBAADF816502146102206A821F076FC08
:105CA000224602A906A8E4F705FF621E02AB0F34E4
:105CB00012F8010F13F8011BA24281EA00011170D2
:105CC000F6D101200BB0F0BD16F8011B03F8201C23
:105CD000102A16D1214606A821F058FC224606A813
:105CE00002A9E4F7E7FE621E02AB04F10F0012F80E
:105CF00001CF13F8011B824281EA0C011170F6D129
:105D000000221346A4E7102A19D1214606A821F043
:105D10003DFC224606A802A9E4F7CCFE621E02ABB7
:105D200004F10F0012F801CF13F8011B824281EA3F
:105D30000C011170F6D100238DF80830012202F118
:105D400028036B44013203F8207C93E701A90DF18D
:105D50001200019524F0AAFC0023ADF816309AE752
:105D60000020AFE7450A0500F0B58FB00DF1180C23
:105D700001AF14466646421E3D460F3012F8013F01
:105D800083F05C0E824283F036030CF801EB07F8D7
:105D9000013BF3D18DF814100AAA11212846FFF710
:105DA00047FF20B90B484FF46F7124F0A3FA2A463D
:105DB00020213046FFF73CFF20B9064840F2BF31B2
:105DC00024F098FA10222946204621F0DFFB0FB07C
:105DD000F0BD00BF450A050001460022014824F03D
:105DE0006EB900BF4D5F0200F7B52821054624F0CB
:105DF000D5F900F11C060446304601F069FA03218A
:105E00000746284601F074FE05238370134A0123D8
:105E1000037092F8B435437008210133284682F8A4
:105E2000B43501F065FE2146082221F0AFFB637A0C
:105E3000012B18BF04F11A06304601F049FA627AC4
:105E4000064639460E20F0F791FD012300900E2200
:105E500031462846EFF71AF803B0F0BD483200206B
:105E60002DE9F347CCB206462821204624F096F9C6
:105E7000437A00F11C09012B0546484614BF03274D
:105E8000022701F025FA3A46052180462046F0F720
:105E9000EFF8204624F03FF903782A4A43F0110333
:105EA000037092F8B4354370013382F8B43592F937
:105EB000763F002B18DA24F0CBF82146074601F094
:105EC000DFFC384624F027F98246384624F02DF9C5
:105ED000A0F1180339461AF803201B4801320AF8CA
:105EE00003200D2206F088FC0123324600212046C3
:105EF000F0F7DAF810BB0821304601F0F9FD08226E
:105F0000294621F043FB6B7A012B18BF05F11A09D2
:105F1000484601F0DDF96A7A074641460E20F0F75F
:105F200025FD012300900E2239463046EEF7AEFFE4
:105F3000204602B0BDE8F04701F046BC304601F013
:105F400043FCF5E748320020D95D02002DE9F3411A
:105F5000CEB205462821304624F020F900F11C0776
:105F60000446384601F0B4F9012380462A46002150
:105F70003046F0F799F840BB0821284601F0B8FDFB
:105F80002146082221F002FB124A92F8B435013B67
:105F900082F8B435637A012B18BF04F11A0738462A
:105FA00001F096F9627A074641460E20F0F7DEFCD2
:105FB000012300900E2239462846EEF767FF30464F
:105FC00002B0BDE8F04101F0FFBB284601F0FCFB48
:105FD000F5E700BF4832002070B50D218AB00446B5
:105FE00024F0DCF801AA034600F108061868596895
:105FF000154603C50833B3422A46F7D1186828600E
:106000001B792B719DF810109DF80F0025F0A4F856
:106010002B498DF82600082205A821F0B7FA08229E
:106020000DF1060107A821F0B1FABDF80430ADF872
:10603000243005A920460EF0EFF810F1450F11D1DC
:1060400069460DF10600FDF703FF48B9009A537841
:1060500003F01C03142B03D1D079012108F008FCB4
:106060000AB070BD0028FBD069460DF10600FDF7AF
:10607000EFFE78B9009A537803F01C03142B09D172
:10608000D079012108F0F4FB002CE9D0204601F082
:106090009BFBE5E7002CE3D00A21204624F07EF8A4
:1060A0000DF106010546082221F070FA01232B723A
:1060B00000236B722146034806F094FAD0E700BF34
:1060C000F03500204D46020001B1C8B20146002261
:1060D000014823F0F4BF00BF75730100F0B528211B
:1060E00085B0074624F05AF8437A013BDBB2032B14
:1060F00098BF634A044694BFD15C1121384601F031
:10610000F3FB637A0370032B054600F08180042BB8
:1061100000F09980012B40F0B080102204F10A01B8
:10612000013021F033FAA37E6B74237A022B05F140
:1061300012004FF008022BD1002121F032FAEBF7C8
:10614000B5FB034605F11A0033BB4E4991F84936B9
:106150009D064FF0080220D401F56A7121F016FA6D
:10616000E67EE6B104F11C0001F0B2F8454B93F86D
:10617000652FD20705465FD493F8492612F04002F6
:1061800074D14148394605B0BDE8F04023F097BFCF
:10619000214621F0FBF9D2E708223C49DEE7237AC9
:1061A000022B0CD125884FF6F776B54294BF002616
:1061B00001264FF6F7739D4206D9FF201FE02046C7
:1061C00001F086F80546F4E7002211460DF10B03B5
:1061D000284600F051FF014660B99DF80B0003AA64
:1061E000FDF7B4FD30B9039B5B7803F01C03142B5F
:1061F00018BF0126627A29460520F0F7B7FB009008
:106200003346052229463846EEF740FE05B0F0BD7C
:10621000102204F10A01013021F0B8F9082204F13A
:106220001A0105F1110021F0B1F994F822306B76D2
:10623000204601F04DF805464FF6F7739D424FF0AA
:106240000106BAD8D6E704F10A011022013021F084
:106250009DF92146082205F1110021F097F90C491A
:10626000082205F1190021F091F9E1E709483946C2
:1062700005B0BDE8F04006F0B5B900252E46B9E7F7
:10628000510A050048320020615E0200560B0500ED
:10629000F0350020E95D020038B50D4991F8652F11
:1062A000920706D5BDE83840102201F5BA6121F009
:1062B0006DB9451E00F10F044FF6FF7006F08AF825
:1062C000C0F30B1005F8010FA542F5D138BD00BF92
:1062D0004832002070B540F21D330446064D1120AF
:1062E00010FB043004EB0414284425440E46FFF749
:1062F000D3FF85F82D6370BD4832002008B5EBF759
:10630000D5FA082290B90B4901F5077021F03EF942
:10631000094824F053FF08B123F0B0FD074A92F872
:106320002C3843F0010382F82C3808BD0449054895
:10633000ECE700BFF0350020653500204832002032
:10634000560B05000C38002010B5054CD4F8A409F4
:1063500028B1012106F046F90023C4F8A43910BD84
:10636000483200202DE9F04F85B00E461F469DF8BB
:106370004030019380469DF8483000931821304604
:1063800091469DF83CB09DF844A09DF8385023F00C
:1063900005FF18220446002121F003F9019BA4F80F
:1063A0000890A4F80A80237384F80DB0278084F83D
:1063B00010A0EBF77BFAE8B9022D1BD102A93846F1
:1063C00000F086FE18B1E573009BA37316E0082267
:1063D0000E490DEB020021F0B2F80028F3D00121A4
:1063E00002A824F0F8FE0028EDD0237C43F001033E
:1063F0002374E8E7E573013D012DE5D904483146F2
:1064000005B0BDE8F04F06F0EDB800BF560B050033
:10641000953F010030B51C2189B0044623F0BEFE33
:106420001C22014601A821F0B1F8204623F073FE9A
:1064300008210578204623F0B1FE9DF80B3043710A
:106440009DF80C308371BDF8053043809AB2022369
:1064500003710570002343709DF804301B0903F09D
:106460000403C3710D4BB3F8A433934204D1204607
:1064700001F0AAF909B030BDBDF80D30012B07D1EC
:10648000204601F0A1F9064A138801331380F1E791
:106490005421204623F001FDECE700BF48320020E4
:1064A0006E88002070B51C2186B0044623F076FE6D
:1064B000B0F80930A3F11C02012A05D8204606B025
:1064C000BDE87040FFF7A6BF012BF7D0542B1DD1BC
:1064D000204623F020FE0546204623F026FE012814
:1064E0000ED900221F4E2048114606F0F3FAD6F8C6
:1064F000A40910B1697806F075F80023C6F8A4392C
:10650000204606B0BDE8704001F05EB94AF6CD32D3
:106510009342F5D0022B03D1144B00221A80EFE7EF
:10652000032BEDD11C21204623F038FE0221054625
:10653000204601F0D9F90D4B1B8803801E22042050
:10654000B5F80130CDE903022A7A0292EA79019284
:1065500002220092214647F60172FFF703FF06B0C0
:1065600070BD00BF48320020496302006E880020E1
:106570002DE9F0431D4C1E4BD4F8A052012D0746C7
:1065800018681AD9D4E9A5E8AC4600239C4519D867
:10659000834215D29D4213D9D4F89822D05C00EBE7
:1065A000800200EB4203D4F894221344DB88BB4200
:1065B00006D108700120BDE8F0830028FBD095B912
:1065C0000020F8E7ACEB030603EB560618F80620AC
:1065D00002EB820902EB49027244D288BA4234BF0C
:1065E000731CB446D2E70023D6E700BF4832002030
:1065F00060010020F8B500240F4D07462646D5F867
:10660000A032E2B29A4203D39B1BC5F8A032F8BD78
:10661000D5F8981211F802C0BC4501EB020009D16F
:10662000013B934205D002F1010C61449A1A20F01B
:1066300096FF01360134E2E74832002010B500F53C
:106640002D3404F2A514014401EB441101F52D3061
:1066500000F2A5100A4403F52D3302EB401203F2B9
:10666000A513134402F52D3202F2A51203EB4213D7
:10667000034A1268B3FBF2F102FB1133D8B210BD2A
:10668000600100202DE9F843114E0F46202500241B
:10669000A6F1050900F105082146484623F07AFCD9
:1066A00050B103224146304620F049FF28B9254623
:1066B0003D600020BDE8F88325460134202C06F11A
:1066C0000306E9D1202DF3D16FF01500F2E700BFEA
:1066D0005D33002070B50E4D0E480F4E052200218F
:1066E00020F05FFF002405F588703368A34200D8CE
:1066F00070BDD5F894120B236343CA18927A02F046
:106700006102012A02D1C95C23F04CFC0134ECE7A0
:106710004832002058330020600100202DE9F84F56
:106720008846097898F80230DFF8E0A0174601F5AE
:106730002D3202F2A5120B4403EB421398F8042009
:1067400003F52D311A4498F8063001F2A51103F52E
:106750002D3302EB411203F2A513134402F52D323F
:1067600002F2A51203EB42131C22B3FBF2F102FB6F
:106770001133DDB206462C464FF0FF094FF00A0BED
:106780002148214623F006FCA0B10BFB04A00822FF
:10679000414600F2751020F0D2FE60B90BFB04AA4E
:1067A000BAF87D21B24201D0AAF87D613C706FF049
:1067B0001A000FE0A1460134E4B21C23B4FBF3F24B
:1067C00003FB1244E4B2A542DAD1B9F11B0F03D99D
:1067D0006FF01C00BDE8F88F0C4D0A2440F27510D4
:1067E00014FB090008224146284404FB095420F008
:1067F000CDFE05F28D204946A4F87D6123F0D2FB41
:1068000087F800900020E5E7D534002048320020CA
:106810001B2838B504460D4604D801460A4823F023
:10682000B9FB18B90948972123F064FD40F27512AD
:1068300007490A2313FB0423194428460822BDE80C
:10684000384020F0A3BE00BFD5340020550A050013
:10685000483200202DE9F0470E4601788378DFF8B2
:10686000908001F52D3202F2A5120B4403EB421386
:1068700002791A4403F52D3303F2A51302EB4312F8
:10688000837903F52D3303F2A513134402F52D325A
:1068900002F2A51203EB42131C22B3FBF2F102FB3E
:1068A0001133DDB26FF4237307462C464FF00A090B
:1068B00008EB030A2146404623F06CFB58B109FB64
:1068C00004A00822394600F2751020F038FE10B9F5
:1068D0003470BDE8F0870134E4B21C23B4FBF3F25A
:1068E00003FB1244E4B2A542E4D16FF01B00F0E7D1
:1068F000D534002007B50DF10701FFF7ABFF0146C6
:1069000058B90422064820F04CFE9DF807100448B0
:1069100003B05DF804EB23F045BB03B05DF804FB66
:10692000D53400201B2838B504460D4604D801464E
:10693000074823F02FFB18B90648DE2123F0DAFCC4
:10694000054B0A2202FB0433B3F87D312B8038BD9E
:10695000D5340020550A0500483200202DE9F041C9
:1069600006460F460D481146144623F013FB90B11E
:106970000B4D4FF00A0840F2751018FB0200284436
:1069800008FB04550822394620F000FEA5F87D6179
:106990000020BDE8F0816FF01B00FAE7D53400203D
:1069A0004832002008B502460146064823F0F2FAB4
:1069B00028B10448114623F0FEFA002008BD6FF00C
:1069C0001B00FBE7D534002073B50C4601A9054632
:1069D000FFF758FE10F1160F05D1FFF77BFE01A956
:1069E0002846FFF74FFE20B10D4840F28B1123F0EF
:1069F00081FC019E0B48314623F0D4FA06EB460396
:106A00001844691D0322053020F0C0FD20460522F0
:106A100000F8016B294602B0BDE8704020F0B6BD19
:106A2000550A05005833002038B50C460546104974
:106A30000622204620F083FD38B928460822BDE80A
:106A400038404FF0FF3120F0ACBD14F8013B032279
:106A500040F2151112FB03130649681D194420F07A
:106A600095FD214628460522BDE8384020F08EBD20
:106A7000560B050048320020064BD3F8A022824274
:106A800081BFD3F898321B5C0B70002098BF6FF069
:106A90001B0070474832002013B50E4B01EB8102FA
:106AA000D3F8943201EB42015C186946A27A12F0E5
:106AB000600F1FBF247A04EB840204EB4204E41845
:106AC000FFF782FF00982060BDF80430A38002B079
:106AD00010BD00BF4832002070B51A4E0546D6F8EA
:106AE000943202EB820002EB40029C18A27A12F070
:106AF000600F1FBF247A04EB840204EB4204E41805
:106B00000622E3880B8020460F4920F018FD38B993
:106B100028460822BDE870404FF0FF3120F041BD0B
:106B200014F8013B032202FB036101F21511681DF9
:106B300020F02CFD214628460522BDE8704020F0BB
:106B400025BD00BF48320020560B050070B51D4E14
:106B500001EB8102D6F8943201EB42015C18054644
:106B6000A27A194912F0600F1FBF247A04EB840245
:106B700004EB4204E4180622204620F0E0FC014623
:106B8000F0B112490622204620F0D9FC38B908227B
:106B90004FF0FF312846BDE8704020F002BD14F8E8
:106BA000013B032202FB036101F21511681D20F075
:106BB000EDFC214628460522BDE8704020F0E6BCE9
:106BC0000822E7E7483200205E0B0500560B05005F
:106BD0000A4B01EB8102D3F8943201EB42011944D4
:106BE0008A7A12F0600F1FBF097A01EB810201EB74
:106BF0004201C9180222063120F0C8BC48320020E8
:106C00001FB50D4B00EB8002D3F8943200EB42022B
:106C1000134404465B7A6BB901460DF10600FFF799
:106C2000D7FF214602A8FFF791FF044840F25E31EA
:106C300023F060FB04B010BD48320020550A050067
:106C400038B50C4D00EB800300EB4304D5F89432CB
:106C500023449B7ADB0704D407484FF4457123F0A3
:106C600049FBD5F894322344587A003818BF0120E4
:106C700038BD00BF48320020550A050038B5234D05
:106C800000EB800300EB4304D5F8943223449A7A56
:106C9000D20737D55A7A01325A72D5F89432234442
:106CA0005B7A23B91A4840F22F3123F023FBD5F841
:106CB000943223449A7A42F010029A72D5F89432B0
:106CC0001C44A27A12F0600F01D1002038BD247A52
:106CD00004EB840204EB420423445A7A01325A72D0
:106CE000D5F8943223445B7A23B9094840F23A310B
:106CF00023F000FBD5F8943223449A7A42F0100234
:106D00009A72E2E74FF0FF30E0E700BF4832002020
:106D1000550A050070B5174D00EB800300EB4304E6
:106D2000D5F8943223449A7AD10720D55E7AD6B921
:106D3000FFF760FCD5F8943223449A7A66F3000298
:106D40009A72D5F8943223445E72D5F89432234473
:106D50009A7A66F304129A72D5F89C32013BC5F810
:106D60009C32002070BD42F080029A72F9E74FF029
:106D7000FF30F7E748320020F8B52F4F00EB8006D0
:106D8000D7F8943200EB4606334404469A7AD1078A
:106D900006D44FF45E71BDE8F840284823F0AABA43
:106DA00012F0600F1D7A1BD1FF2D1CBFFF221A723B
:106DB000FFF726FFD7F8943233445A7A013A5A72D1
:106DC000D7F8943233445A7AA2BB93F90A30002B95
:106DD00030DA2046FFF79EFF60B340F2AE31DAE7CB
:106DE000FFF70EFFD7F89432334428465A7A013A17
:106DF0005A72FFF705FF05EB850305EB4305D7F84E
:106E000094322B445A7A013A5A72D7F89432334466
:106E10005B7A002BD4D12046FFF77CFF20B10748D6
:106E200040F29F3123F066FAD7F894322B44FF22C8
:106E30001A72C5E7F8BD00BF48320020550A0500A8
:106E40002DE9F041214DD5F8A022012A0646D5F8BA
:106E500098021DD9D5F894E294460024A44523D87D
:106E6000A24217D9035D03EB830703EB4703D5F871
:106E700094721F44FB888B4238BF0134A24200EB5E
:106E8000040107D9631C121B184420F068FB01E0C1
:106E9000D2B91446D5F898321E55D5F8A032013330
:106EA000C5F8A032BDE8F081ACEB040704EB57074E
:106EB000C35D03EB830803EB48037344DB888B4219
:106EC00094BF7C1CBC46C9E70024CBE748320020B5
:106ED0002DE9F74F88469246074628B14379027953
:106EE000C1784078FFF7AAFB5F4E604BD6F894C29A
:106EF0001A680446002325B205EB850105EB410520
:106F00006544A97A11F0010F2DD04BB90134B4FBBF
:106F1000F2F302FB1344E4B2051B6B426B41EAE758
:106F200095F809E0BEF1000F0ED1022B1DD0C90665
:106F30001BD50134B4FBF2F102FB1144E4B2A042D0
:106F400008BF0133DBB2D6E70134B4FBF2F102FB38
:106F50001144E4B2A04208BF0133DBB2032BCAD113
:106F60006FF01C0059E0032BFAD0D6F8A432D6F803
:106F70009C0201934FF00B0B0023D6F8A4128A4217
:106F80004ED9834213D20BFB01CE0131C6F8A412B5
:106F90009EF80A1011F0010FEFD09EF8099001330E
:106FA000B9F1000FE9D169F304118EF80A10AB7A38
:106FB000A5F8068043F01003AB726B7A23B12C481E
:106FC00040F24A4123F096F90622002F49D0394673
:106FD000284620F0DBFA4FF6FF73984509D0AB7ACC
:106FE000DB0702D52046FFF705FB41462046FFF7A9
:106FF00027FFD6F89C32AA7A013302F001029B1ACD
:10700000C6F89C32FF232B72AB7A23F0630343F064
:107010000103AB7200208AF8004003B0BDE8F08F96
:107020008342C4D20022C6F8A4224FF00B0ED6F839
:10703000A42201999142BAD99842B8D90EFB02C153
:107040000132C6F8A42291F80A9019F0010FEED08F
:107050004A7A0133002AEAD14B4662F304138B7259
:10706000A5E70449B4E700BF4832002060010020D2
:10707000550A0500560B0500F8B50F461946064699
:1070800015461C46FFF774FA90B1237803EB830290
:1070900003EB42030D4AD2F8942213449A7A42F049
:1070A00010029A726DB12078BDE8F840FFF7E6BD96
:1070B0004FB122463146FFF70BFF0DB10028F2D049
:1070C000F8BD2846FCE76FF01B00F9E748320020C6
:1070D0002DE9F74300220C460DF107031146FFF797
:1070E000CBFF064628B16FF01B06304603B0BDE863
:1070F000F0839DF807301A4F1A49D7F8949203EBA2
:10710000830203EB420509EB05080622404620F006
:1071100016FAA0B908224FF0FF31204620F041FABC
:1071200011490822204620F00AFA0028DBD00D4938
:107130000822204620F003FA0028D6D1D3E719F818
:107140000530032202FB037101F21511601D20F0CE
:107150001DFA052208F10101204620F017FADFE7A9
:1071600048320020560B05005E0B05002DE9F04764
:10717000064643790279DFF88CA0DFF88C800F4651
:10718000C1784078FFF75AFA4FF000090446DAF860
:1071900000205FFA89F39A4201D800202EE023B242
:1071A00003EB8302D8F8945203EB42031D44AB7AFD
:1071B000DA070CD513F0600F14D0AB7A03F060033C
:1071C000402B04D13146284622F000FF80B9DAF87E
:1071D00000300134B4FBF3F203FB1244E4B209F1D2
:1071E0000109D4E73146284622F0F0FE0028E4D019
:1071F000AB7A13F0600F03D13C700120BDE8F0873B
:107200002C7AF9E7600100204832002073B51C4653
:107210000E4669461546FFF7D7FB21466846FFF73D
:10722000A5FF90B1237803EB830203EB42030F4ADF
:10723000D2F8942213449A7A42F010029A7285B1DD
:107240002078FFF71BFD02B070BD66B122464FF6F5
:10725000FF716846FFF73CFE002DF4D00028F2D104
:10726000EEE72846EFE76FF01B00ECE7483200201E
:1072700013B501A90446FFF705FA163001D0012025
:107280001AE0FFF727FA01A92046FFF7FBF90028CB
:10729000F5D000220DF1030311462046FFF7B6FF9B
:1072A00050B1094B094AD3F8943212680B2101FB03
:1072B0000232934202D1002002B010BD997AC90770
:1072C00003F10B03DBD5F4E7483200206001002016
:1072D00007B500220DF107031146FFF797FF68B9C4
:1072E0009DF8073003EB830203EB4203054AD2F813
:1072F00094221344D88803B05DF804FB4FF6FF7066
:10730000F9E700BF483200202DE9F04F0E4685B066
:1073100005460DF1060198463046002317468DF8C4
:107320000730FFF725F9824904460822284620F055
:1073300006F990B102A92846FFF746FB0DF10701B7
:1073400002A8FFF713FF002C42D1002800F0E280D2
:107350009DF807308DF8063007E07549062202A82F
:1073600020F014F9002C00F0D5809DF80650DFF8CD
:10737000CCA105EB8502DAF8944205EB42094C44B6
:10738000002E40F09980E388002B40F0958002A900
:10739000204622F01BFE002840F08E806449062221
:1073A000204620F0CCF8002800F0868061490622B3
:1073B000204620F0C4F800287ED0DAF894324B44FE
:1073C0005B7A002B78D088F800506FF01A0420E028
:1073D000DFF868A19DF80640DAF894320028C4D09E
:1073E0009DF80750A542C0D004EB840904EB49097D
:1073F00003EB0902527A82B92046FFF78BFC8DF825
:1074000006500446002CB0D04B4840F26D2122F0CB
:1074100071FF204605B0BDE8F08F05EB850B05EB4D
:107420004B0B5B445B7A23B92846FFF773FC044699
:10743000E8E79A421AD9DAF8943203EB09025B447E
:10744000517A5B7A0B445372DAF894324B4402223D
:107450001D72DAF89402584402A9837A047262F326
:1074600046138372062220F091F87EE72046FCF74F
:107470000BFB20B12846FCF707FB0028DBD0DAF82D
:10748000943203EB0B024B44517A5B7A0B445372F8
:10749000DAF894325B4401211C72DAF894324B44DE
:1074A00020469A7A1D7261F346129A72DE80FFF7C7
:1074B000A1F88DF8065058E7062202A9204620F0D0
:1074C00065F8E388B3420BD04FF6FF72934202D0C7
:1074D0002846FFF78FF8E68031462846FFF7B0FCD4
:1074E000A37A43F01003A3729DF8065088F8005069
:1074F000DFB12846FFF7C2FB044605EB850305EB29
:1075000043050E4BD3F894322B449A7A6FF3C7128B
:107510009A727EE70DF10602314602A8FFF7D8FC09
:10752000044600287FF475AFDEE73C46E5E700BF80
:10753000560B05005E0B0500550A05004832002079
:107540002DE9F0410F4F104E00254FF00B083B681E
:10755000E8B2834204D80023C6F89C32BDE8F0812B
:10756000D6F8944208FB0044A37ADB0707D5FFF75F
:1075700041F800236372A37A23F01103A37201354B
:10758000E5E700BF6001002048320020884230B5A6
:1075900002461FD0104BD3F8944200EB800300EB5F
:1075A000430323449D7A15F0010012D015F0600FBB
:1075B00002D01B7A8B420DD001EB810301EB43011A
:1075C00021448B7A13F0600003D00B7A9B1A584247
:1075D000584130BD0120FCE74832002000EB800319
:1075E00000EB4300034BD3F894320344987A00F045
:1075F00001007047483200202DE9F8431C4E1D4F12
:10760000064414463B6896F8082181F001014900C0
:107610002244C1EB5301012C88BF0132C9B28A4216
:10762000054604DD4FF000084046BDE8F8832046DB
:1076300000F0E8FA81460028F4D000F02DFB96F81F
:1076400008311C443B68E4B200F10108B4EB530F6D
:107650005FFA88F886F8084103D90748A22122F08A
:1076600049FE99F80A3065F3000389F80A30DBE730
:107670004832002078010020620A050010B5044657
:10768000084629B10D4B93F80A310BB1002010BD0B
:10769000A279002102F07F02FFF7AEFF0146002829
:1076A000F4D094F906302068002B04DAA28804F0A4
:1076B000DFFF0120EBE704F095FFFAE748320020F6
:1076C00070B504460E46FFF7D9FF08B1002070BD23
:1076D0001548442505FB0602D36F072B1ED8936F70
:1076E000802115FB0615C3EBC303591925684550C6
:1076F0000B18A1889980A1799971D36F0133D36751
:10770000936F013303F007039367A27990F8FD307C
:10771000C2F30602134480F8FD30D7E7132008F0C7
:10772000A1FD4FF0FF30D2E748320020054B93F81F
:10773000082193F8093100219A428CBF01200846A4
:1077400022F072BC483200200138F8B5C0B200F017
:10775000FBFA837A13F0010F184B93F8095193F851
:1077600008210CBF6FF009040024954220D9144968
:10777000067A0968490802EB060C8F1EBC4517D82B
:10778000CCB9AD1B83F80951057A2A4483F8082146
:10779000827AD54365F30002827293F808319942E8
:1077A00004D208484FF40F7122F0A4FD2046F8BD22
:1077B0006FF04404FAE76FF00904F7E7483200205D
:1077C00078010020620A0500F8B506460138C0B20B
:1077D00000F0BAFA877A284D07F00107EB19044642
:1077E00093F80821037A9A4204D2244840F25621A1
:1077F00022F080FD204600F06FFA237A23B91F485B
:1078000040F25E2122F076FDEA19217A92F80831E1
:1078100030465B1A82F80831FAF746FA44237B4374
:10782000EE18F26F32B3746F8033C4EBC4041C449F
:107830002C4439462046FFF721FFD8B1F36F95F865
:10784000FD20013BF367736F013303F00703736798
:10785000A37903F07F039A4204D2084840F26311EF
:1078600022F048FDA27995F8FD30C2F306029B1A7A
:1078700085F8FD30F8BD00BF48320020620A0500DF
:1078800038B504460D4621B9164840F25F3122F062
:1078900031FD24B913484FF4587122F02BFD601EBE
:1078A000C0B200F051FA0446681EC0B200F04CFAB3
:1078B000237A027A934201460CD1A422A57A5A4334
:1078C00020461FF063FEA37A05F0010565F300036F
:1078D000A37238BDBDE8384002484FF45D7122F014
:1078E00009BD00BF620A05002DE9F84305460138CD
:1078F000C0B2894600F028FA077A867A8046384670
:1079000022F0C7FC484506F00106044604D8164894
:1079100040F28D3122F0EEFC0C22002140461FFA8D
:1079200089F91FF03EFEA4EB0903C3F34E0308EBF5
:10793000030212F0030203D0934224BF9B1A9BB2AE
:1079400098F80A20A8F8049066F30002284688F800
:107950000A2088F80870A8F80630FAF7A5F9284632
:10796000BDE8F84322F0D7BB620A050070B50646B1
:107970000138C0B20D4600F0E7F9044620B90948C5
:1079800040F2474122F0B6FC304622F0CEFBA8423E
:1079900004D2044840F2494122F0ACFCA3885B1BAE
:1079A000A38070BD620A050070B506460138C0B2FA
:1079B0000C4600F0C9F9054620B90D4840F25C417B
:1079C00022F098FC304622F0B0FBA04204D20848D6
:1079D00040F25D4122F08EFCAB88A4B21B1BAB8051
:1079E000EB881C44EC803046BDE8704022F093BB2D
:1079F000620A05002DE9F84380460138C0B20D4601
:107A000000F0A2F9044620B91C4840F2794122F066
:107A100071FC207A22F03DFCE788A3881F440646CB
:107A2000A0EB0709404622F080FB2844B04204D96D
:107A3000124840F27E4122F05DFCA9451BD240462F
:107A400022F069FB2F44A7EB0609F61B0146A2882A
:107A500030441FF084FDA3882B44A380E388A3EB6C
:107A60000903E380404622F056FBA388ADB25B1BBE
:107A70001844BDE8F8834FF00009ECE7620A0500FE
:107A80002DE9F04107460138C0B20C4600F05CF920
:107A9000054620B9154840F2ED3122F02BFCA30732
:107AA00018BF0334287A18BF04F0FC0422F0F1FB5D
:107AB000B5F80480A0444045064604D20B484FF474
:107AC000806122F017FCEB8843449E4207D2214696
:107AD0003846FFF78FFF21463846FFF747FF05F18D
:107AE0000C00361B3044BDE8F08100BF620A05007F
:107AF000F8B506460138C0B20D4600F025F9044637
:107B000020B9154840F29F4122F0F4FB207A22F080
:107B1000C0FBA3882B44834204D90F4840F2A24102
:107B200022F0E8FBE388AB42AFB20AD2304622F043
:107B3000F2FAE388A288ED1A014628441FF00FFDEF
:107B4000E780A3883B44A380E388DB1BE3803046C7
:107B5000BDE8F84022F0DFBA620A0500084B186859
:107B6000084B400893F809210238824206D293F864
:107B7000083198428CBF00200120704701207047D7
:107B80007801002048320020084B1868084B400854
:107B900093F808210238824206D893F809319842B6
:107BA0002CBF002001207047012070477801002081
:107BB00048320020014B83F80A0170474832002008
:107BC000014B93F80A01704748320020054B064AE2
:107BD00093F809311268B3EB520F34BF0120002033
:107BE000704700BF4832002078010020034B1A780C
:107BF000034B0021D3F80C011FF0D3BC91010020EE
:107C000048320020F8B5224B224E1D68D6F80C7180
:107C1000002204461146D3B29D4201D8002517E048
:107C2000D80803F0070C385C20FA0CF0C00754BFEA
:107C3000013100218C4202F10102ECD1C4F10102B8
:107C40001344D6F80051DAB2A42302FB0355D5B988
:107C50002846F8BD5018D6F80C71C008134417F820
:107C600000E003F007030CFA03F343EA0E033B546E
:107C70000131CBB29C42EDD80C22002128461FF0E6
:107C800090FC2C72E4E700214FF0010CF1E700BFFB
:107C9000780100204832002008B50B4BD3F80021B2
:107CA0000A4B1B68A42101FB0323984205D2084B11
:107CB000801A80105843C0B208BD06487B2122F0CC
:107CC00019FB0020F8E700BF4832002078010020AF
:107CD000199C8FC1740A05002DE9F0470646FFF78D
:107CE000DBFFDFF85C80DFF85C9004460025337A28
:107CF000AB4201D8BDE8F087D8F80030A34203D8E2
:107D00000E48682122F0F6FAD9F80C31E70804F0A1
:107D1000070ADB5D23FA0AF3DB0703D4074869216E
:107D200022F0E8FAD9F80C110122CB5D02FA0AF22E
:107D300023EA0203CB5501350134D8E7740A050064
:107D40007801002048320020034BD3F80031A422F0
:107D500000FB0230704700BF4832002038B50D46A6
:107D6000044600B119B90748362122F0C3FA0422AB
:107D7000294620461FF00AFC236823F0784323603D
:107D800038BD00BF8E0A050070B50C461646054684
:107D900018B90A483F2122F0ADFA1CB1074840212A
:107DA00022F0A8FA24B226F0784655F8243003F0E1
:107DB0007843334345F8243070BD00BF8E0A050078
:107DC00070B504460D4616461AB913484E2122F0E6
:107DD00091FAFF231F2C337018D81049104B114A09
:107DE00009571B5D125D89B9AB4212D8AA4207D36D
:107DF0000D4A115D2944C91AC9B23170002070BD05
:107E00001D2C06D13E2D04D10821F6E76FF01B0092
:107E1000F5E76FF01600F2E78E0A0500200B05006B
:107E2000000B0500E00A0500C00A050070B5044615
:107E30000D4616461AB91548BA2122F05BFAFF23FF
:107E40001F2C33701ED8124B1248195D124B00576D
:107E50001A5D124B1B5DA8B9A94202D96FF016003A
:107E600070BDAA42FAD31D2C04D1082D08D13E239F
:107E7000337003E024B9FF2D3570EFD00020EFE719
:107E80002B44F5E76FF01B00EAE700BF8E0A050000
:107E9000C00A0500200B0500A00A0500000B050024
:107EA00038B50D46044620B9074840F2771122F054
:107EB00021FA25B104484FF4BC7122F01BFA54F8A2
:107EC000250020F0784038BD8E0A050038B50D46F3
:107ED000044620B907484FF4C57122F00BFA25B1CA
:107EE000044840F28B1122F005FA54F82500C00E28
:107EF00038BD00BF8E0A050038B504460D4621B9CD
:107F000015484FF4DB7122F0F5F96CB1A4F11703B9
:107F1000082B19D8183C072C1BD8DFE804F00407FD
:107F2000090B0D0F11130224002010E00324FBE7BE
:107F30000424F9E70524F7E70624F5E70724F3E727
:107F40000824F1E70924EFE700246FF01B002C70F0
:107F500038BD0124E8E700BF8E0A050038B50446A5
:107F60000D4621B9094840F2C52122F0C3F93CB1C0
:107F7000173C082C4FF0000305D818462B7038BD6D
:107F80000B232046FAE76FF01B00F7E78E0A050087
:107F900038B504460D4621B911484FF4337122F02B
:107FA000A9F9DCB1A4F11703082B12D8A4F1180029
:107FB000072805D8DFE800F007120907120B121294
:107FC0001823002008E01423FBE70723F9E7082320
:107FD000F7E700236FF01B002B7038BD1A23F0E782
:107FE0008E0A05002DE9F3410C4690461F460546D2
:107FF00020B91C484FF49E7122F07CF924B1194835
:1080000040F23D1122F076F924B20DF1070155F846
:108010002400C00EFFF7BCFF064620B1114840F215
:10802000411122F067F99DF80730434516D355F802
:108030002410012021F0784200FA08F067B122EA0A
:10804000000201F0784122F07842114345F82410F3
:10805000304602B0BDE8F0810243F2E76FF0160649
:10806000F6E700BF8E0A050073B50D46044620B939
:108070001D4840F29B1122F03DF925B11A484FF4FA
:10808000CE7122F037F92946204654F82560FFF7D3
:108090001DFF0DF1060126F078460446FFF75EFF4E
:1080A00020B1114840F2A31122F024F90DF107018B
:1080B0002046FFF76DFF20B10B4840F2A51122F0DA
:1080C00019F99DF806309DF807100020994201D259
:1080D00002B070BD26FA03F202F00102104401332F
:1080E000C0B2DBB2F2E700BF8E0A050010B504464D
:1080F00020B9074840F2ED2122F0FCF804220021CB
:1081000020461FF04EFA236823F07843236010BD09
:108110008E0A050070B50C461646054620B909487A
:1081200040F2F72122F0E6F844B92B6826F07846B1
:1081300003F0784333432B60204670BD6FF0160088
:10814000FBE700BF8E0A0500F8B506460C461F4641
:10815000154602B123B929484FF4507122F0CAF8EC
:10816000FF232B703B7066B1A6F11703082B3ED896
:10817000183E072E0CD8DFE806F00F15181E222433
:108180003238A4F10B032E700F2B22D83C7020E064
:1081900001232B70182CF8E702232B70383CE4B233
:1081A000142CF2E703232B701DE01B3C0423E4B2E4
:1081B0002B70072CE9E705232B70233CEFE7062300
:1081C000F1E7A4F11B020723D2B29A422B7001D827
:1081D0003A70F8BD3E2CFCD108233B70F9E7082328
:1081E000233C2B70E4B21A2CCFE70923DBE7BDE870
:1081F000F840024840F2B23122F07CB88E0A050005
:1082000010B5084BD3F82C3F04463BB9012C08D0DD
:10821000BDE810400448522122F06CB8984700286D
:10822000F4D010BD48320020400B05002DE9F84F76
:10823000B64CB74BDFF858B3DFF858A3DFF85893C4
:10824000DFF85883B34F0646B348C4F80001002E48
:1082500066D1C4F80C31B14BC4F8ACB4C3F8FC70AF
:10826000AF4BC4F85836AF4BC4F818AAC4F81C9AE0
:10827000C4F8208AC4F85C36DFF8ECB2DFF820A33B
:10828000A94B9BF800109AF80050A84AC4F854363D
:108290000023994200F28E80A54FDFF80883DFF8B3
:1082A0000893A44D002E40F08C80A34BC4F81836E0
:1082B000A24BC4F81436A24BC4F89432A14BC4F8B4
:1082C0009832A14BC4F8C434A04BC4F89076C4F8DB
:1082D0000080C4F86C906560C4F8C0349C4B9D4924
:1082E0001A680732D2080023C3EBC30020440133CD
:1082F000102BC0F834141144F6D1DFF8B092DFF837
:10830000B082954F954D002E40F0CF80C4F8B892C2
:10831000C4F86083C4F87477C4F8985FBDE8F88F38
:108320008F4D2A68A4214A4300211FF03AF92A6898
:10833000774BC4F80C3107321846D20800211FF0E1
:1083400030F92A68C4F8ACB452080C3200215846FF
:108350001FF027F92A68C4F818AA013200215046F4
:108360001FF01FF92A68C4F81C9A0832D2080021AD
:1083700048461FF016F92A68C4F8208A0832D20845
:10838000002140461FF00DF9644BC3F8FC70754B9B
:1083900000211A6838461FF004F9614BC4F85836BA
:1083A000714B60481A78C4F85C06D20000211FF0B7
:1083B000F8F861E7D4F85C0640F8332001332A442A
:1083C00067E76A4B58481A7800211FF0EAF89AF8D4
:1083D00000309BF8002055485A4300211FF0E1F877
:1083E000634B4F481A78002192001FF0DAF8614B76
:1083F000C4F890761A6838465F4F02EBC20200213B
:108400001FF0CFF83A68C4F80080C2EBC2020C3209
:10841000002140461FF0C5F83A68C4F86C904FF050
:108420000B0808FB02F2002148461FF0BAF83A6830
:1084300065601F3228465209504D920000211FF0FE
:10844000B0F82A683C48C4F81806920000211FF0D2
:10845000A8F82B684A4D3948C4F814060A225A4332
:1084600000211FF09EF82A683548C4F8940208FBE2
:1084700002F200211FF095F82A683248C4F89802E9
:1084800000211FF08EF82A682F48C4F8C404002188
:108490001FF087F82E4B2D481B68C4F8C004132228
:1084A0005A4300211FF07DF818E7120100212948E6
:1084B0001FF077F8334BC4F8B8921A68002102EB2A
:1084C000820248461FF06DF82F4BC4F860831A787B
:1084D000C2EBC2025200002140461FF062F82B4B53
:1084E000C4F874771A68002102EB420238461FF084
:1084F00058F81B4BC4F8985F1A680132284602EB03
:108500004202BDE8F84F00211FF04BB8483200206E
:10851000D3C000201CC00020D9C000206C2E002039
:1085200050BF002050BE0020D0BF0020DCBF002084
:10853000AEBD0020E44100209EB900209EB4002082
:10854000BEAD00201EAD00207EAC0020FEA10020AC
:108550005C0100207EAB00201E9800208B9700203D
:1085600078010020740100208D010020900100207E
:108570008E010020700100206C01002064010020A9
:1085800060010020580100208C01002054010020CF
:1085900048430020A2C000209BC0002094C00020BF
:1085A0008F010020EC4100209EBB00207E9F002018
:1085B0007E98002010B540F69C720C4C0C480021AF
:1085C0001EF0EFFF102200210A481EF0EAFF2046AD
:1085D0004FF4777200211EF0E4FF7F2384F8C93244
:1085E000BDE810400120FFF721BE00BF6C2E002027
:1085F00048320020F843002070B51C4C1C4E012569
:10860000FFF7D8FF84F8305FE1F77CFE3046E2F7F1
:1086100041FD94F8B53543F0040384F8B535E1F72E
:1086200079FD21F0FFFC304600F086FE04F010FDDD
:10863000EFF774FE00F01EF8F9F7FEF904F07AFD8A
:10864000EBF75CFA05F03AF8EEF7C0FD17F0BEFB69
:10865000FFF76CF8002184F8A00A284621F0E4FC1A
:1086600084F8A10ABDE870401CF0F6BC4832002036
:10867000460F050010B5054C94F8893023B91FF05A
:108680005AFD012384F8893010BD00BF6C430020DF
:10869000014B00225A6070476C430020024B58681F
:1086A000003818BF012070476C43002038B5084CD3
:1086B000084B2246012542F8085B93F83C30DCF772
:1086C000FBFF18B9044B1D606560206038BD00BF1A
:1086D0006C4300206C2E0020602E0020F8B5194F4E
:1086E0003C6806460D4624B1174A012313607B609F
:1086F000F8BD022987F888400CD1172121F04EFDE2
:108700000468837C002C08BF0325DB075CBF0323C0
:1087100087F88830304621F008FD0230C0B2387248
:10872000304621F0F8FC0746304621F0FEFC394681
:10873000024606481EF02AFF21462846BDE8F840BA
:10874000FFF7B4BF6C430020602E0020754300206B
:1087500010B4134B134A00211160196093F888403C
:1087600054B193F88820013AD2B283F888205DF89A
:10877000044B0320FFF79ABF0121596068B1437889
:10878000DB0644BF032393604FF0000358BF9160A2
:1087900013605DF8044B1FF0CFBC5DF8044B7047CD
:1087A0006C430020602E0020034B00221A60034A15
:1087B000106001225A6070476C430020602E002038
:1087C00020B9044B1B681BB9E1F796BFE1F782BFE4
:1087D000704700BF6C430020044B93F8500693F899
:1087E0005136DB0003EB8000704700BF48320020A9
:1087F00030B50B4B19680B4B0020D3F8C044132540
:108800000346994200D130BD05FB03F20133A25C5F
:1088100002F00302012A04BF0130C0B2F1E700BF39
:108820005C0100204832002010B40446084611467E
:108830001A46064B03EB8403D3F89C3D13B15DF855
:10884000044B18475DF8044B704700BF48320020C6
:108850002DE9F04F06466D4D85B00C4606F27E3987
:108860001FF0A8FC05EB8903012EB3F808808246AF
:1088700004D9674840F2716121F03CFDB8F10C0F5A
:1088800040F0C2804FF0FF3005B0BDE8F08F0C2300
:1088900001AA39463046E2F71BFC0028F4D1002F2C
:1088A0003AD16A4601A9304621F090FE10F1480FF6
:1088B00000D038BBBDF800300B2B2AD805EB89025D
:1088C000937A43F001039372019A501C12D0BDF8C1
:1088D0000A301F2B0ED8D4F88031591C08D09A4288
:1088E00008D0D31A23F000436FF040418B4201D2ED
:1088F000C4F88021BDF808301F4407F10C0BD345A4
:10890000C5D918E06FF0220005EB89050C232B81F7
:10891000BAE74FF0FF30F7E7B8F1050F019B0CD82D
:10892000013318D1BDF80A20BDF8083013404FF6C6
:10893000FF72934203D10020A6E701330BD1BDF8AB
:108940000A20BDF808301340BDF80C2013404FF644
:10895000FF729342EFD043463A46314601A821F0D8
:10896000DAFD40B905EB8905AB7A60F30003AB7221
:108970006FF0370088E7BDF80A3001990C225A439E
:10898000A018406830F0404009D0A2588A429BD0DD
:108990008A1A22F000426FF04040824294D205EBE6
:1089A00089024FF00C0E907A6FF3000090720EFB6C
:1089B0000340B8F1070F42686BF31D024260BDF837
:1089C0000820A2F10C0CA0F808C017D9A2F1140CD1
:1089D000A0F808C0BDF80CC00EFB03F3E0183A4441
:1089E000A0F80AC090F807C066F3871C80F807C09B
:1089F000E15084F88861C4F8842165E7B8F1050F77
:108A0000E8D84FF6FF7CE7E7002776E748320020FA
:108A1000660B050008B50C224FF6FF7103F004FD4C
:108A2000014BA3F81A0F08BD48320020024900226A
:108A3000FF20FFF7E5BB00BFFEF6FFFFF0B51446D1
:108A400085B00822104F019305460E460DEB02003B
:108A500000211EF0A6FD0422019BB7F81A1F029305
:108A60000DEB020003F0E0FC4FF6FF73A7F81A3F8E
:108A7000083C0823ADF80C000DEB0302A1192846B1
:108A8000E2F74EFB05B0F0BD4832002008B50B4AB6
:108A900000F27E3302EB8302937AD9070CD4990754
:108AA0000AD443F002039372E2F768FB013003D16A
:108AB000BDE80840FFF7BABF08BD00BF483200203C
:108AC000421ED2B21E2A04D8044BD34013F0010335
:108AD00001D102F0E9BF1846704700BF67FF374C6D
:108AE0002DE9F04F894FFDB097F80C3E03931FF02E
:108AF00064FB039B0133B3FBF0F202FB10330493DE
:108B00009DF810B01FF05BFB049B03F27E3307EB74
:108B1000830358469A7A6FF300029A72FFF7B6FF02
:108B20004FF4C672002119A81EF03BFD039819A945
:108B3000FFF78EFE044618B1383440F0E58000247B
:108B4000182619AA0C2303FB042ADAF8041031F0C2
:108B5000404200F0C9800DF11808C1F31D010193D6
:108B60000398CDF8008033465A460C3921F069FD50
:108B7000B8F804300C3B0C36A8F804304FF000096C
:108B8000B8F80450DAF804104D45C1F31D0109D8B6
:108B9000E3B20D3B042B00F2A480DFE803F09D1745
:108BA000A2615800A5EB0905ADB2402D28BF4025B4
:108BB00009AB01950093494409EB060303985A4613
:108BC0004D4421F03EFD1FFA85F9D9E7DFF844E175
:108BD00087F8F4B500204FF00A0AA6EB0109DEF889
:108BE0000030984204D3BDF81C5001342E44A8E74D
:108BF000D7F814C60AFB00F50CEB05021CF805308B
:108C0000517843EA0123917843EA0143D17801F096
:108C1000070843EA086303F10068059308F1FF3889
:108C20003B4B28F0784898450FD8059B4B440CF8EF
:108C30000530C3F30725557021F00701C3F307453D
:108C4000C3F3026319439570D1700130C7E7324610
:108C5000584625F087FDB8F8045012242E4470E7DA
:108C6000324658461CF056FEB8F8045011242E44E3
:108C700067E7D7F8182602EB830512F823206978F6
:108C800042EA0122A97842EA0142E97801F00F089C
:108C900052EA08624FEA830E18D0049A62F3071171
:108CA000E970D7F818260CFB006102F82310724413
:108CB000C1F307255570C1F307459570D578C1F309
:108CC000036125F00F052943D17001300133114AAA
:108CD00012689342CDD386E7002003464FF01C0C68
:108CE000F5E7B8F804502E440134202C7FF429AF66
:108CF0001FF065FA039887F80CBEC7F8086EFFF7F7
:108D0000C5FE7DB0BDE8F08F0026F1E748320020B7
:108D1000FDFFFF076401002070B51A4B1B688342FA
:108D200088B005462BD9184E96F8F535834224D0E5
:108D3000D6F814160A234343CA18C95C537841EA8B
:108D40000321937841EA0341D37803F0070351EA02
:108D5000036114D096F8F4051C2301AAE2F7B8F9D0
:108D6000044660B91C2201A906F2F65086F8F555B2
:108D70001EF00CFC204608B070BD0024FAE76FF02E
:108D80001B04F7E7640100204832002038B50D4687
:108D9000FFF7C2FF044630B904491C2228461EF0E2
:108DA000F5FB204638BD6FF01B04FAE73E38002083
:108DB00008B5FFF7B1FF0028014818BF002008BD23
:108DC0003E38002010B50C46FFF7A6FF082228B950
:108DD00020460549BDE810401EF0D8BB20460021C2
:108DE000BDE810401EF0DDBB3E380020F0B53C4D24
:108DF00095F8B54514F0040487B0064660D095F8A0
:108E00000D3E1B0704D4374840F6AB0121F072FA3F
:108E10003368B288D5F8081E95F80C0EFFF70EFEE1
:108E2000044600284CD1B288D5F8083E95F80C7E4F
:108E30001344C5F8083E1FF0C0F90137B7FBF0F343
:108E400003FB107000F27E3205EB8202937ADF079B
:108E500008D4990706D443F00203C0B29372E2F734
:108E60008DF9044695F80D3E9A0729D41FF0A7F90D
:108E700095F80D3E9B0723D414BBD5F8080EB18896
:108E80000C23411A0DEB030295F80C0EE2F720F9C2
:108E90000446C0B1F279B379134943EA0223ADF82D
:108EA000043095F80C3E8DF80830D5F8083EB288AD
:108EB0000C339B1AFF2001AAADF80630FFF7A0F98A
:108EC000204607B0F0BDD5F8081EB2880B238A1AD9
:108ED00003A895F80C1E21F01EFB0028DAD0EFE75E
:108EE00048320020660B0500FDF6FFFF08B5E1F7EC
:108EF0001DFC28B9034B987CBDE80840FFF760BC17
:108F000008BD00BF6C2E002008B521F0B5FB044A57
:108F100092F80D3E43F0020382F80D3E08BD00BFFB
:108F20004832002008B51FF04AF9054B93F80D2E82
:108F30006FF3410283F80D2EBDE80840FFF7D6BF5E
:108F4000483200202DE9F04F1B2A4FF01C0389B056
:108F500005460C46B2FBF3F82AD9284F00261C23FD
:108F600001AA21462846E2F7B3F8824600BB01A8D1
:108F700021F0D9FB224BD7F81896D3F800E0B0FBCC
:108F8000FEF3524603FB1E0309EB830119F823C0CD
:108F900048784CEA002C88784CEA004CC87800F0FD
:108FA0000F0B5CEA0B6C4FEA830A0BD0964502D19B
:108FB00009B0BDE8F08F01330132B3FBFEF10EFBC7
:108FC0001133E1E709F82340C4F307234B70C4F3DE
:108FD00007438B7020F00F00C4F303631843C8707D
:108FE000D7F8183653440136DA78B04565F30712DE
:108FF000DA7004F11C04B2D8DAE700BF483200206E
:1090000064010020F0B51B4B1B4D1F68D5F8186696
:109010000023184619469F420DD1D5F81C3623B1BE
:109020001B7A23BB031E18BF01230B44C3EBC303EE
:10903000980080B2F0BD06EB830416F8232094F864
:1090400001C042EA0C2294F802C0E47842EA0C42E1
:1090500004F00F0442EA0462002A14BF0122002235
:1090600011440CBF0122002210440133D3E7002336
:10907000DBE700BF6401002048320020F0B5124B4E
:109080001D68124B0022D3F8144610460A2695425A
:1090900004D11C235843043080B2F0BD06FB02F318
:1090A000E118E35C4F7843EA07238F78C97843EAF5
:1090B000074301F0070153EA016314BF01230023B2
:1090C00018440132E3E700BF640100204832002069
:1090D0002DE9F341042205460C460DEB0200002168
:1090E0001EF05FFA04230DEB030221462846E1F748
:1090F000EFFF70B9DFF834809DF8043088F85837F6
:10910000043408F5D367064698F85837B34200D9B7
:1091100010B102B0BDE8F0813A4621460C23284642
:10912000E1F7D6FF01360C340C37EDE7483200206A
:10913000034B93F8580700EB400080000430704761
:109140004832002073B500230193C088431E1E2BB4
:1091500070D8DFE803F01D202F6F6F20476F495054
:10916000106635323829222C416F44266F6F6F6F9D
:1091700054586F6F6C00334B1868334B0022D3F890
:1091800094420B250423824241D19BB20C3300E070
:10919000682301931BE02423FBE725F0DFFA0C3062
:1091A00014E025F05DFCFAE71CF0A8FBF7E725F0DA
:1091B000D7FAF4E724F0BCF9F1E7FFF75FFFEEE739
:1091C000FFF720FFEBE7FFF707FB10300190019856
:1091D000083080B202B070BDFFF7AAFFDFE724F0CD
:1091E000ACFEDCE71423D4E7174BD3F8BC3D002BCF
:1091F000EDD09847D3E7144BD3F8C03DF7E7124BB7
:10920000D3F8C43DF3E7104BD3F8C83DEFE705FBB7
:1092100002418E7AF60702D5497A01B11033013244
:10922000B1E7FFF7E5FAC000103080B2CEE721F0D9
:109230006CFCB4E701A902F00BFC08B10023019318
:10924000019BA3E7600100204832002030B5284C84
:10925000284AD4F8FC3D85B0013323F0004305468D
:10926000C4F8FC3D019301A80B23CDE90223FFF7CD
:10927000D1FB0C2301AA00212846E1F751FF013060
:1092800001D1FFF7D3FB0422002168461EF089F9C3
:109290000B23B4F81A1FADF800300422684603F01F
:1092A000C3F80423A4F81A0F6A460C212846E1F7F4
:1092B00037FF013001D1FFF7B9FB019BBDF8082052
:1092C00000212846FFF7BAFB013001D1FFF7AEFBC2
:1092D00005F27E3504EB85041EF071FFA3689B0C3C
:1092E0009B0443F4803343F00B03A36005B030BD0F
:1092F0004832002018001E0070B51EF05EFF0D4CB5
:1093000001230546C4F8FC3D0026F0B285420DD885
:109310001823C4F8083EB4F80C3E23F44F6323F03E
:109320000F0343F44063A4F80C3E70BDE1F726FF41
:109330000136EAE74832002038B50E4D2846FEF7E0
:10934000D5FE0D4A00212846FEF71EFD15F8033C08
:10935000A5F5B76443F0020305F8033C20F08EFD49
:10936000012384F8B133202384F81933032384F8CC
:10937000B43238BD0038002000F8FF072DE9F04F67
:109380001D46431E85B01E2BDDE90EBA0F469146E1
:109390003ED8DFF8948000F2C11008EBC00084686A
:1093A000002C38D0002939D0067B0C2301AA214695
:1093B0003046E1F78DFE40BB08EB86082246B8F840
:1093C000003E314601A821F0A6F850B3BDF8088050
:1093D000A8F11408C14504F10C0122D31FFA88F842
:1093E00043463A463046E1F773FE70B915B1BDF811
:1093F0000C302B80BBF1000F01D0ABF80080BAF12C
:10940000000F02D00B23AAF8003005B0BDE8F08FA2
:109410006FF00900F9E76FF01B00F6E76FF00A0044
:10942000F3E74FF0FF30F0E748320020F8B5144E74
:1094300096F81F7FB0EB971F1C4618D1D6F81C7FFB
:10944000C7F31D078F4215D8B6F8206F3E448E42F1
:1094500010D90C44A64210D3E1F73AFE044620B1DD
:10946000084841F2495120F045FF2046F8BD6FF011
:109470000904F5E76FF00A04F2E76FF00C04EFE778
:1094800048320020660B05002DE9F04F8BB00C46EA
:1094900006460021904602A804221EF082F82146CA
:1094A000042302AA3046FFF7C1FF384F04340546B3
:1094B00018B99DF8083087F8F03524220021344887
:1094C0001EF06FF80020FEF7B1FEB8F11B0F4FF051
:1094D0001C03B8FBF3F301930ED887F8F4650BB0C7
:1094E000BDE8F08F01330131B3FBFCF20CFB12330A
:1094F0001DE0002AF1D132E0002DEED1DFF894809A
:109500001C2303AA21463046FFF790FF824600281D
:10951000E3D103A821F007F9D8F800C0D7F81496D2
:10952000B0FBFCF3514603FB1C034FF00A0B0BFB93
:1095300003FE09EB0E0019F80E2090F801A042EA94
:109540000A2290F802A042EA0A4290F803A08C4551
:109550000AF0070A42EA0A62CBD0002AC2D109F80F
:109560000E40C4F307234370C4F307438370C378EA
:10957000C4F3026223F007031343C370019B013558
:10958000AB4204F11C04BBD8A7E700BF483200205F
:109590003C3800206401002070B5CAB0144605466E
:1095A0000E464FF49472002168461DF0FAFFB4F5A0
:1095B000947F41D123466A4631462846FFF736FF5D
:1095C0000446E0BB9DF82021102A38D89DF82131AF
:1095D000202B34D81B4D694685F85026D5F85806FF
:1095E00085F8513692001DF0D1FF21469DF82121CA
:1095F000CBB29A4202D820464AB070BDD5F85C067C
:10960000C3EBC3026A4400EBC300B2F8406086803B
:10961000D5F85C0692F8466000EBC300C6F302067C
:109620008671D5F85C0600EBC30092F84630C3F3B0
:10963000C403C3710131D9E76FF01B04DBE74FF0BE
:10964000FF34D8E7483200202DE9FF470E46A549F0
:10965000BDF8307014460822054688181DF096FFA4
:1096600067B9224631462846FFF796FF10F11C0FD6
:109670006BD0002842D004B0BDE8F087012F64D041
:10968000022FF8D19849994F0822A1F108001DF046
:109690007DFF0023019304230DEB0302314628468E
:1096A000FFF7C4FE002840F0D1809DF804209DF80B
:1096B000051087F8502687F85116FFF78DF8043CFF
:1096C000A4B2A04240F0C280894B1B789342C0F004
:1096D000BD80884B1B788B42C0F0B880002A40F0D8
:1096E000AB809DF804300024CDE90244013306EB41
:1096F00083069DF805309C42C0F0AC807B4C002571
:1097000094F851369D42C0F0C6800020FEF78EFDD1
:10971000794BD4F854061A7800211DF042FF002539
:1097200094F850369D42C0F0CB80724E734F0025A6
:1097300033789D429FD2D4F85C363A7853F835009E
:1097400000211DF02EFF0135F2E76749DFF89C810B
:109750000822A1F108001DF019FF00230193042342
:109760000DEB030231462846FFF760FEA8BB9DF8CB
:1097700004209DF8051088F8502688F85116FFF748
:109780002BF8231F9BB298427FF47CAF584B1B7879
:10979000934203D20023A8F8503671E7554B1B784B
:1097A0008B42F7D382B900239DF804A0CDE90233A0
:1097B0000AF1010A06EB8A0A99469DF80530994597
:1097C00013D3022F9AD15DE79300311DD8F85826A4
:1097D0002846FFF72BFE0028E5D00023022FA8F82B
:1097E00050363FF44FAF1C304BE7082351460DEB8A
:1097F00003022846FFF71AFE0AF1080A0028ECD1F6
:10980000D8F85C36BDF80C2003EBC9039A80D8F871
:109810005C369DF80F2003EBC903C2F302029A7174
:10982000D8F85C369DF80F2003EBC903C2F3C402DD
:10983000DA7109F10109C0E79300311DD7F8582604
:109840002846FFF7F3FD00283FF44BAF0023A7F8AD
:10985000503610E7082331460DEB03022846FFF788
:10986000E5FD08360028F1D1D7F85C36BDF80C20AC
:1098700003EBC4039A80D7F85C369DF80E2003EB07
:10988000C4039A71D7F85C369DF80F2003EBC4032C
:109890000134DA712DE7D4F85C3603EBC503EE0032
:1098A0009A79032A0AD11879FDF7E8F930B1D4F88A
:1098B0005C060822002130441DF073FE01351FE7CD
:1098C000D4F8583613F82500AE00FDF7D7F930B1BB
:1098D000D4F858060422002130441DF062FE013500
:1098E0001EE700BF644100206C4100204832002088
:1098F0008E0100208D010020900100208F010020AA
:1099000073B504460D4616460021082268461DF030
:1099100048FE33466A4629462046FFF787FD30B9A0
:10992000044B009AC3F85423019AC3F8CC2502B023
:1099300070BD00BF483200202DE9F043042287B0FB
:1099400080460D460DEB020000211E461DF029FE4B
:1099500004230DEB030229464046FFF767FD04464A
:1099600018BBB74B9DF804201B68052E94BF023529
:1099700004359A4204D9B3484FF45C6120F0BAFC34
:109980009DF80560002E40F0A1800B22314602A810
:109990001DF007FEAC4FDFF8AC929DF804200B23BE
:1099A000B24203FB065100D92CB3A849A8480822AB
:1099B0001DF0C5FD002800F03A8121F00BF80028C9
:1099C00040F03581FBF796F9014680B902AB0122E0
:1099D0009F48FDF799FCFBF797F940B19A4801229F
:1099E000B0F8A40302AB1146FDF746FB044620463F
:1099F00007B0BDE8F08302AA4046FFF717FD9DF8C7
:109A0000123003EB830203EB4203D7F894221A448B
:109A10000446937AD80704D540F6D451484620F03E
:109A200069FC9DF8123003EB830203EB4203D7F885
:109A30009422134402A89A7A42F001029A729DF885
:109A40001230BDF8101003EB830203EB4203D7F88A
:109A500094221A440136D1809DF8121001EB810343
:109A600001EB4301D7F894321944FCF7ADFF9DF8A0
:109A7000123003EB830203EB4203D7F894221A441B
:109A8000FF2313729DF8123003EB830203EB4203B2
:109A9000D7F894221A44002353729DF8123003EB36
:109AA000830203EB4203D7F8942213449A7A42F0DC
:109AB00010029A72D7F89C32BDF810109DF812006F
:109AC0000133C7F89C32FDF7BBF966E7013E012E72
:109AD00000F2A7801022002102A81DF062FD5A4E5C
:109AE00000279DF80430BB427FF65FAF002C7FF467
:109AF0005CAF9DF80530012B72D129460D2302AAD7
:109B00004046FFF793FC0D3504469DF8123003EBF9
:109B1000830203EB4203D6F894221A44937AD907BE
:109B20005CD49DF8131061F3461393729DF81230C4
:109B3000D6F8941203EB830203EB420319448B7AA9
:109B400013F0600F55D102A8FCF73EFF9DF81230CC
:109B5000BDF8101003EB830203EB4203D6F8942206
:109B60001A44D1809DF812309DF8141003EB830243
:109B700003EB4203D6F894221A441172BDF8101078
:109B80009DF81200FDF75CF99DF8123003EB83029B
:109B900003EB4203D6F8942213449A7A42F001026E
:109BA0009A729DF8123003EB830203EB4203D6F85E
:109BB00094221A44002353729DF8123003EB83025F
:109BC00003EB4203D6F8942213449A7A42F010022F
:109BD0009A72D6F89C320133C6F89C32013780E77E
:109BE0002946102302AA4046FFF720FC1035044600
:109BF0008BE79DF81330012B0FD1BDF81030CB80CF
:109C00009DF812309DF8141003EB830203EB42031E
:109C1000D6F894221A441172B6E702A8FCF7D4FED3
:109C2000EEE7084840F62E6120F064FBBDE6FBF746
:109C30006BF800283FF4DBAE20F0CCFECDE600BF91
:109C400060010020660B0500483200205E0B050015
:109C50000C3800202DE9F04F85B080460C460422D8
:109C6000002168469A461DF09CFC082200210DEB5D
:109C700002001DF096FC04236A4621464046FFF789
:109C8000D5FB074608BB804B9DF800201B689A4215
:109C900004D97E4840F6E36120F02CFB9DF80130AA
:109CA000032B04D9794840F6E46120F023FB9DF8AA
:109CB0000130774D012B8CBF043402344FF0000982
:109CC0009DF800304B4500D91FB1384605B0BDE8BE
:109CD000F08F9DF80130002B50D104230DEB0302CF
:109CE00021464046FFF7A2FB042207460DEB020186
:109CF00002A81DF04BFC0434BAF1050F13D89DF8EF
:109D00000A2012F003034ED19DF8013023B90E232F
:109D100063F385028DF80A209DF80A30022262F36F
:109D200001038DF80A309DF8093003F0E003A02B01
:109D300021D0202B05D19DF80A3003F00303012B1D
:109D400019D04FF0130BD5F8C0240BFB09F6935D27
:109D500043F001039355D5F8C0349DF8080033440F
:109D6000D871FCF78BFF28B3D5F8C0045A46002100
:109D700030441DF016FC09F10109A1E7013B012B5C
:109D800007D8042302AA21464046FFF74FFB0746A7
:109D9000B1E7082321460DEB03024046FFF746FBDF
:109DA00008340746A8E7022B04BF6FF301028DF8C1
:109DB0000A20B8E7D5F8C0349DF809109A5D61F320
:109DC00007129A55D5F8C0349DF809203344C2F3E0
:109DD0000012597862F341015970D5F8C0349DF8EA
:109DE000092033445209597862F384015970D5F837
:109DF000C0349DF80A109A19527812F01C0F04BF53
:109E00009DF8082085F8BA239A5D61F383029A557C
:109E1000D5F8C0349DF80B2033449A71D5F8C0347E
:109E200033447F225A71D5F8C4249DF8083002F8D3
:109E30000390D5F8C0349DF80C1033449A7861F340
:109E400004029A709DF8093003F0E003202B92D1B0
:109E50009DF80A1001F00303022B8CD1D5F8C03411
:109E60003344C1F383011A7A61F303021A7295F83D
:109E70001B33D5F8C00401330022304485F81B336E
:109E800002F0A2F877E700BF5C010020660B050036
:109E90004832002070B59AB0052BBDF878600446B2
:109EA0000D4600F2E18067484FF4816120F022FA0C
:109EB000022E40F0C281FAF717FF032800F0BD819F
:109EC0005C22002103A81DF06CFB5C2303AA294639
:109ED0002046FFF7ABFA002840F0AF815A4C9DF8BE
:109EE0000C3094F8B525C3F3000363F3000284F843
:109EF000B52505A9042202A81DF048FB02A904F516
:109F0000B760FDF72BFF082206A904F2BC501DF034
:109F10003DFB9DF80C3094F8B525C3F3400363F383
:109F2000410284F8B52508A9082204F52B701DF01C
:109F30002DFBBDF81030A4F8A633BDF81230A4F8FC
:109F4000A433FF2384F8BA339DF80D3084F81C3312
:109F5000BDF80E30A4F85C33FAF7CCFE08220028D6
:109F600000F06D8104F56A7104F2C4501DF00EFB1F
:109F70009DF84830354884F8503310220EA91DF062
:109F800005FB94F85033324884F82D3310220DF13C
:109F900049011DF0FBFA94F8B4342E4843F0200335
:109FA00084F8B4349DF8593084F8B3330C229DF80A
:109FB0005A3084F8B2330DF15B011DF0E7FAB4F8C2
:109FC000A6334FF6FF72934200F03B81B4F8A433FE
:109FD0009B1A18BF012394F82C2863F3000284F81D
:109FE0002C28FAF787FE80B11B4908220CA81DF027
:109FF000A6FA50B1194908220CA81DF0A0FA20B108
:10A00000174808220CA91DF0C1FA13491548082267
:10A010001DF095FA002800F01081B4F8A6034FF661
:10A02000FF73984200F009810E490DF10702FCF719
:10A0300075FB002800F0018140F2CE31014820F08C
:10A0400059F9FAE0660B050048320020653500201A
:10A0500018380020DC3500205E0B0500560B05008B
:10A06000F0350020F4340020022E40F0E380FAF7AF
:10A070003BFE03287FF424AF5C2303AA2946204635
:10A08000FFF7D4F9002840F0D880714C9DF80C30CF
:10A0900094F8B525C3F3000363F3000284F8B525F3
:10A0A00005A9042202A81DF071FA02A904F5B760FF
:10A0B000FDF754FE082206A904F2BC501DF066FA12
:10A0C0009DF80C3094F8B525C3F3400363F34102C7
:10A0D00084F8B52508A9082204F52B701DF056FA5E
:10A0E000BDF81030A4F8A633BDF81230A4F8A4339C
:10A0F000FF2384F8BA339DF80D3084F81C33BDF883
:10A100000E30A4F85C33FAF7F5FD0822002800F0C1
:10A110009A8004F56A7104F2C4501DF037FA9DF874
:10A1200048304C4884F8503310220EA91DF02EFA06
:10A1300094F85033484884F82D3310220DF149012A
:10A140001DF024FA94F8B434444843F0200384F812
:10A15000B4349DF8593084F8B3339DF85A3084F8FC
:10A16000B2339DF80C30C3F3811384F8B4329DF8F8
:10A170006730C3F3400284F8B12394F84926C3F34F
:10A18000800363F3C71284F849260DF15B010C22AA
:10A190001DF0FCF99DF8673094F86F23C3F30003BA
:10A1A00063F3C302B4F8A63384F86F234FF6FF724B
:10A1B00093424AD0B4F8A4339B1A18BF012394F8F1
:10A1C0002C2863F3000284F82C28FAF793FD80B161
:10A1D000234908220CA81DF0B2F950B121490822E8
:10A1E0000CA81DF0ACF920B11F4808220CA91DF0E5
:10A1F000CDF91B491D4808221DF0A1F988B1B4F81A
:10A20000A6034FF6FF7398420BD018490DF10702D1
:10A21000FCF784FA1D3004D1154840F28F4120F03C
:10A2200069F89DF80C3003F03C03082B05D040F290
:10A23000A34103E7032E3FF41FAF1AB070BD0CA972
:10A2400092E60023C7E60CA965E70023B7E700BF45
:10A25000483200206535002018380020DC35002009
:10A260005E0B0500560B0500F0350020F43400208D
:10A27000660B05002DE9F0411C4E174680461A4634
:10A280000C463846B6F81A1F1D4602F0CDF896F86F
:10A29000173FA6F81A0FB8EB931F4FEA93101CD183
:10A2A000D6F8142FC2F31D02A24219D8B6F8183FEF
:10A2B0001344A34214D92A19934214D321462B469E
:10A2C0003A46E0F72DFF044620B1094841F2855196
:10A2D00020F010F82046BDE8F0816FF00904F4E7A3
:10A2E0006FF00A04F1E76FF00C04EEE7483200204B
:10A2F000660B050070B5534C98B05C2205460E46BF
:10A3000001A800211DF04DF994F8B5359DF8042001
:10A31000C3F3000363F3000204F5B76168468DF8E8
:10A320000420FDF71BFD0422694603A81DF02EF949
:10A330009DF8043094F8B42262F387138DF804304A
:10A3400094F8B13394F849265B00D20903F0020374
:10A3500043EA82039DF85F2022F00602134304F2D1
:10A36000BC51082204A88DF85F301DF00FF994F855
:10A37000B5359DF80420C3F3400363F341028DF823
:10A38000042004F52B71082206A81DF0FFF894F8AC
:10A39000BA13B4F8A633ADF80830FF29B4F8A433E3
:10A3A000ADF80A3002D008A8FCF7D0FB9DF80430C5
:10A3B0002549022262F385038DF8043094F81C339A
:10A3C0008DF805300822B4F85C33ADF806300AA8E1
:10A3D0001DF0DCF894F8500309F0B4FA014668B3B4
:10A3E00010220CA81DF0D2F894F8503317498DF8BC
:10A3F000403010220DF141001DF0C8F894F8B3333D
:10A4000013498DF851300C2294F8B2338DF8523044
:10A410000DF153001DF0BAF894F86F339DF85F20EA
:10A42000C3F3C00363F300028DF85F205C2301AA2D
:10A4300031462846FFF71EFF18B070BD4FF0FF30C1
:10A44000FAE700BF483200200C38002018380020FE
:10A45000DC3500202DE9F04F5B4DDFF8709189B0BD
:10A460001C2207460E4601A800211DF09AF8D5F8D7
:10A470001C2642BB4FF0FF340023DFF854B11846CE
:10A48000D9F800209A4262D9002860D19C424FEA54
:10A49000830803F1010A42D1D5F81C360822196855
:10A4A00001A81DF073F8D5F81C36122259680DF179
:10A4B0000E001DF06BF8D5F81C365B7A03F0030331
:10A4C0008DF80C305EE092F80880B8F1000FD1D121
:10A4D000106820F028F9D9F80010D5F818C6B0FB9C
:10A4E000F1F303FB110443460CEB84001CF8242019
:10A4F00090F801E042EA0E2290F802E0C07842EAC9
:10A500000E4200F00F0052EA0062B5D09942B1D07D
:10A5100001340133B4FBF1F201FB1244E4E7D5F856
:10A52000181601EB080C11F823109CF8013041EAD1
:10A5300003219CF802309CF803C041EA03410CF06F
:10A540000F0351EA036105D1924553469ED309B0EA
:10A55000BDE8F08F1C2301AA4FEA1C10E0F7B8FDFC
:10A5600020B140F67B2158461FF0C4FED5F81C36BA
:10A5700043B11A7A32B11968082201A81CF0DFFF32
:10A58000002890D031461C2301AA3846FFF772FEFE
:10A59000D5F818364344C6F30361DA7867F3071237
:10A5A000DA70D5F8183603F808604344C6F307227A
:10A5B0005A70C6F307429A70DA7822F00F020A4303
:10A5C000DA701C3653465BE74832002064010020F5
:10A5D000660B05002DE9F04F334EDFF8D09096F86A
:10A5E000F03589B000248DF800306A4604230D460A
:10A5F0000746ADF801408DF80340FFF73BFE0435F8
:10A600004FF00A0A06F2F65BD9F80020A2423CD9C4
:10A61000D8BB6FF0784CD6F814360AFB04F813F860
:10A620000810434493F801E041EA0E2193F802E058
:10A63000DB7841EA0E4103F0070341EA036161451B
:10A640001FD11C22594601A81CF0A0FF29461C233B
:10A6500001AA3846FFF70EFED6F8143603F8085064
:10A660004344C5F307225A70C5F307429A70DA785B
:10A67000C5F3026122F007020A43DA701C35013487
:10A68000C2E739B90134A242C5D886F8F47509B0D9
:10A69000BDE8F08F96F8F4051C2301AAE0F718FD39
:10A6A0000028D3D0F1E700BF483200206401002029
:10A6B000F7B50422194F05460E460DEB02000021A6
:10A6C0001CF06FFFB7F85036ADF8043004230DEBE3
:10A6D000030231462846FFF7CDFD0446D8B99DF860
:10A6E0000420930072B99DF80520D3009AB19DF81B
:10A6F0000410D7F85C26013106EB81012846FFF7EC
:10A70000B9FD07E0D7F85826311D2846FFF7B2FDFE
:10A710000028E8D00446204603B0F0BD48320020AF
:10A7200073B5104E0023ADF805308DF8073096F85C
:10A7300058378DF8043004230DEB030204460D4610
:10A74000FFF798FD58B99DF8043043B103EB43037C
:10A750009B0006F5D362291D2046FFF78BFD02B052
:10A7600070BD00BF4832002037B504460D460822B0
:10A77000002168461CF015FF0D4AD2F8543323F42B
:10A780007F7323F0030303F580630093D2F8CC3585
:10A7900023F47F7323F0030303F5806301936A4678
:10A7A000082329462046FFF765FD03B030BD00BFF2
:10A7B000483200202DE9F047002586B0102280465F
:10A7C0000C4602A82946DFF80891404E01951CF07E
:10A7D000E8FE042229460DEB02001CF0E2FED9F847
:10A7E0000070D6F894C29DF8042029460B20EBB2E5
:10A7F0009F4219D809B18DF8042002238DF8053045
:10A80000042321460DEB03024046FFF733FD0434D9
:10A8100000274FF00B0AD9F80030FDB2AB4200D947
:10A8200080B106B0BDE8F08700FB03C393F80AE0EF
:10A830001EF0010F04D05B7A13B10132D2B20121B4
:10A840000135D4E7D6F894320AFB05F52B449A7A01
:10A85000D20731D55B7A7BB30146102202A81CF0E7
:10A86000A0FED6F8941229448B7A13F060030AD123
:10A8700002A8FCF7D9F8D6F894322B44DA88ADF860
:10A8800010201B7A05E0202B18D1CB88ADF81030B2
:10A890000B7A8DF81430D6F894328DF812702B4460
:10A8A00021469B7AC3F341138DF8133002AA10237B
:10A8B0004046FFF7DFFC10340137ACE702A8FCF795
:10A8C000B3F8D6F894322B44DBE700BF48320020BF
:10A8D000600100202DE9F043042285B00C460646B5
:10A8E00000210DEB02001CF05CFE082200210DEBA4
:10A8F00002001CF056FEFDF77BFF03238DF80530A8
:10A9000004238DF8040021460DEB03023046FFF7C7
:10A91000B1FC2C4FDFF8B080043400254FF0130950
:10A920003B68AB4200D910B105B0BDE8F083D8F860
:10A93000C01409FB05F3CA1811F803C00CF0030C8E
:10A94000BCF1010F3BD1D0798DF80800C85C9DF8AF
:10A9500009C0000960F3030C8DF809C050785FFA54
:10A960008CFCC0F3400060F3041C8DF809C05078E3
:10A970005FFA8CFCC0F3820060F3471C8DF809C0BD
:10A98000CB5C91798DF80B10117AC3F38103C1F37D
:10A99000030143EA81039DF80A1021F03F010B43B4
:10A9A0008DF80A309378C3F304038DF80C30082334
:10A9B00021460DEB03023046FFF75CFC08340135FD
:10A9C000AEE700BF5C010020483200202DE9F743CC
:10A9D0000023744E01930746C87996F8173FB1F8E3
:10A9E0000890C0F38118800960F3871386F8173F39
:10A9F0004A68D6F8143F62F31D03C6F8143F0B896A
:10AA0000A6F8183F7B1E0D461E2B00F2A980DFE83A
:10AA100003F0103553A7A7717DA7838C959B5F59D1
:10AA200065473B4D6BA77741A7A7A7A78F92A7A71D
:10AA3000A100496821F04041FFF75CFC0446A0B941
:10AA40005FFA89F2D31C23F003039B1A13F0FF0370
:10AA500040F08E806B6807F2C11706EBC707C3F39F
:10AA60001D030C3B87F80C80BB6000232046C6F812
:10AA7000143FA6F8183F03B0BDE8F083496821F001
:10AA8000404115F067FAD9E7496821F0404123F0C9
:10AA90006BFED3E7496821F0404123F0E3FFCDE7A7
:10AAA000496821F040411AF0BFFFC7E7496821F02B
:10AAB00040411BF035F8C1E7496821F0404122F0E0
:10AAC0004DFEBBE7496821F04041FFF783FDB5E744
:10AAD000496821F04041FFF7BDFCAFE7496821F02C
:10AAE0004041FFF7E5FDA9E7496821F04041FFF744
:10AAF00017FEA3E7496821F0404115F067FB9DE789
:10AB0000496821F0404117F003F897E7496821F0C0
:10AB10004041FFF729FE91E7D6F8AC3D002B3ED02F
:10AB2000696821F04041984788E7D6F8B03DF5E7DD
:10AB3000D6F8B43DF2E7D6F8B83DEFE7496821F022
:10AB40004041FFF737FE79E7496821F04041FFF7C0
:10AB5000C1FE73E7496821F0404105F06BFC6DE7E9
:10AB60004A68014622F04042384600F04BFF65E754
:10AB7000B6F8182FD6F8141F96F8170F1A44A6F82F
:10AB8000182FB5F808C0C1F31D0101AA614480095E
:10AB9000FFF770FB00283FF45DAF044665E74FF018
:10ABA000FF3462E7483200202DE9F04FDFF8B89318
:10ABB000ADF5017D002499F80C6E0B94CDE90944A4
:10ABC0001DF0FBFA731CB3FBF0F202FB1033019390
:10ABD00003F27E3309EB83039DF804709A7A3846BA
:10ABE00064F300029A72FDF751FF4FF4C6722146DA
:10ABF0001DA81CF0D6FC1DA93046FDF729FE054610
:10AC000018B1383540F0CE80254606F27E3618243D
:10AC100009EB86060C231DAA03FB05235B6833F0B2
:10AC2000404339D05FFA85FB318958461FF060FCFC
:10AC300090B3002309A8ADF82830ADF82A50FEF7EC
:10AC400081FAC31C23F00303ADF82830D9F8FC3D8A
:10AC5000013323F00043C9F8FC3D0993BDF82A30C5
:10AC6000013B9BB21E2B9BBFBB4AD3564FF6FF73D3
:10AC70009BB2804609A8ADF82C30FDF7CBFE0C2323
:10AC800009AA21463846E0F74BFA002862D0FDF7C2
:10AC9000CDFEBDF828301C440135202DBAD11DF061
:10ACA0008EFADFF8C4B21DAE0025D6F8048038F065
:10ACB000404300F060813289002A00F05C81F37922
:10ACC0009B0906930BEB8303E8B2B3F8001E1FF059
:10ACD0000FFC002840F04F81052900F24C81052D22
:10ACE00062D0042D40F047814FF00E0A0023ADF8EA
:10ACF0003430DBF8FC3D9849ADF836A0013323F041
:10AD00000043CBF8FC3D0C930AF1FF339BB2042DBA
:10AD1000CB56ADF8383004F10C0940F0F880D2B2CF
:10AD20001923B2FBF3F30793C3EBC3039B00183360
:10AD3000ADF834300CAA0C2321463846E0F7F0F980
:10AD4000C8F31D08824690B3BDF834300C361C445D
:10AD50000525AAE7019B03F0030A9DF85F306AF31B
:10AD600087138DF85F30179A04F10C0363F31D020B
:10AD7000A8F1140816A9584602931792ADF86080FE
:10AD8000FFF724FE029B002881D123F04041BDF84B
:10AD90002820099B0C395046FDF750FE00283FF44F
:10ADA00078AF74E718247CE74FF00F0A9EE714236E
:10ADB0008DF820308BF8F03549462B4608AA3846E6
:10ADC000DFF8A491CDF81080E0F7AAF904F110089B
:10ADD0008BF8F475CDF80CA0039B079A934280F092
:10ADE00084800028B0D10499069819230FAAE0F7AF
:10ADF0006FF90028A8D108220FA916A81CF0C6FBDD
:10AE0000102211A918A81CF0C1FB9DF854309DF820
:10AE1000702003F0010322F00D0243F00C031343F2
:10AE200016A88DF870301FF07EFC4C4BD9F814C674
:10AE30001A68B0FBF2F34FF00A0E03FB1200524502
:10AE400050D90EFB00F30293634405930599029BCE
:10AE500049781CF8033043EA01230599897843EACD
:10AE600001430599C97801F0070153EA016131D125
:10AE700089F8F5051C2216A939481CF087FBB9F89A
:10AE80001A1F1C2216A801F0CFFA4146A9F81A0F82
:10AE90001C2316AA3846E0F743F9D9F81436029A6B
:10AEA00002999A1808F11C0803F80180C8F30723D7
:10AEB0005370C8F307439370D378C8F3026123F04B
:10AEC00007030B43D370039B01330393049B193394
:10AED000049381E701300AF1010AB0FBF2F302FBAF
:10AEE0001300ACE74FF0FF30EDE700287FF42CAF04
:10AEF0000C9BBDF8342041463846FDF79FFD0028E5
:10AF000036D0184841F29B311FF0F4F930E00CA81C
:10AF1000FEF718F9C31C23F0030380460CA8ADF814
:10AF20003430FDF777FD0C230CAA21463846E0F7B4
:10AF3000F7F8019B29F0404949EA8373A8F10C080E
:10AF40001793ADF8608088B916A95046FFF73EFD0B
:10AF500060B9A046CCE700BF710B0500640100207A
:10AF60003E380020660B050048320020FDF75EFDEC
:10AF7000BDF834301C440135202D06F10C067FF459
:10AF800094AE124D1DF01BF9B5F8003E0A2B08D8FF
:10AF900095F8023E00206FF3000385F8023EFDF7AE
:10AFA00075FDB5F8043E0A2B08D895F8063E012039
:10AFB0006FF3000385F8063EFDF768FD85F80C7E0B
:10AFC000C5F8084E0DF5017DBDE8F08F4832002030
:10AFD0002DE9F04FBC4C94F80D2E94F8B5351107BF
:10AFE000EFB00CD41A070AD5FEF786F994F80D3E97
:10AFF00043F0080384F80D3E6FB0BDE8F08F5F07A3
:10B00000FAD54FF498720021B048DFF8BCB21CF0BA
:10B01000C8FA4FF0FF354FF4C67200210BA8C4F8F0
:10B02000FC5D1CF0BEFA6B951DF0C7F8002604907D
:10B03000D846B1460C270396049B5FFA86FA53451F
:10B0400000F2A3800C2F40F009811DF0B6F8022811
:10B05000064604D09E4840F2B9511FF04BF9002536
:10B06000A0462F465FFA85F94E4500F2FA800DF1B1
:10B070002C0842460023516831F0404103F101069B
:10B0800003D01189002940F02581202E334602F19A
:10B090000C02F0D194F80D3E43F0040384F80D3E09
:10B0A000002544466368049333F0404340D022892E
:10B0B000002A3DD0E779844BC7F3811ABF0903EB1F
:10B0C00087035FFA85F9B3F8003E059319464846B1
:10B0D0001FF00EFA60B37C4B668993F81F1FA3F82C
:10B0E000202F67F3871183F81F1F0499C1F31D00F8
:10B0F000D3F81C1F60F31D01C3F81C1FA0F10C0C3A
:10B10000D3F8F81D059BB9F1000F40F07C816E4823
:10B1100080F814AEC0F810CE002900F01382A8B257
:10B12000CDE904238847DDE90423002840F0848129
:10B130000135202D04F10C040BF1080BB2D1DFF81E
:10B1400088910024D8F8047037F0404308F10C06C9
:10B1500000F00E82B8F80820002A00F0098298F862
:10B160000750AD0909EB8503E0B2B3F8001E1FF0EC
:10B17000BFF9002840F0FC81052C40F0F981052939
:10B1800040F2EC81B0460624DCE70C2308AA00213B
:10B190005046DFF79DFF06F27E350390034630B13F
:10B1A000013313D11FF047FA4FF0FF330DE007AA28
:10B1B00008A950461FF00AFA10F1480F10D078B1D4
:10B1C0000C23A8F8003E6FF02203039304EB8505DF
:10B1D0005046AB7A6FF30003AB72FDF757FC10E0FB
:10B1E000BDF81C300B2B10D804EB8505BB42AA7AA6
:10B1F00042F00102AA7238BFB146A8F8003E38BF3B
:10B200001F46013608F1040816E70C23A8F8003E93
:10B21000C8E7B6F8003E0C2B13D0A94511D09F42C9
:10B220000FD00C23A6F8003E05F27E3304EB830317
:10B230009A7A6FF300029A72FDF728FC4FF0FF3301
:10B24000039301350436049BE8B28342E1D80B2F07
:10B25000039B18BF6FF047030393F6E626460025CD
:10B26000F1E7B8F8003E0C2B0ED00BA94846FDF7CD
:10B27000EFFA68B96B9BC4F8FC3D9DF8B43184F8D3
:10B280000C3E6C9BC4F8083E013508F10408E9E661
:10B2900010F1380F04D10123AB403B43DFB2F3E799
:10B2A000013002D11FF0C7F9EEE705F27E3304EB5F
:10B2B000830348469A7A6FF300029A720C23A8F827
:10B2C000003EFDF7E3FBDFE748320020444000206A
:10B2D000660B05000C2000FB03823346202B28D18F
:10B2E000D579AD0927FA05F3DE0752D5012D50D8DF
:10B2F00084F80C5E04EB85056B9BC4F8FC3DB5F847
:10B30000003E0B2B7CD0FFF74FFC00214FF4C672A0
:10B310000BA81CF046F94FF0FF3394F80C0E6B931A
:10B320000BA9FDF795FA00283FF4B4AE1FF083F99E
:10B33000B0E600FB0385696831F040413DD0E97912
:10B34000D57969403F2938D9AD09022DC8D09B492C
:10B350004FF00C0A202E32D127FA05F111F001012D
:10B36000C4D14FF4C6720BA81CF01BF94FF0FF3389
:10B370000BA928466B93FDF76BFA00283DD16B9B18
:10B38000C4F8FC3D9DF8B43184F80C3E6C9BC4F8C5
:10B39000083E94F80C0E013000F00100C740FD0794
:10B3A0007FF578AE00F27E3304EB83039A7A6FF375
:10B3B00000029A72FDF76AFB6CE601338EE70AFB26
:10B3C0000689D9F8043033F0404314D099F8073097
:10B3D000B5EB931F0FD005F27E3204EB82022846B4
:10B3E00093680B4043F00C039360FDF74FFB99F813
:10B3F00007507249AD090136ACE71FF01CF9C8E7E8
:10B40000FDF76EFB81E7A9F10700C0B2152804D84B
:10B410006B4F27FA00F0C00707D46A48074690F838
:10B420000D0E6FF3820087F80D0E8BF814AECBF87B
:10B4300010CE00297FF473AEE079616809F1FF3E18
:10B440008009C1F31D0105F1010A04F10C090BF19A
:10B450000807BEF11E0F75D8DFE80EF010172B7429
:10B46000743F47745259686C332F37231B273B7442
:10B47000431F747474745E63747470000096FEF7F6
:10B4800009FD55464C46BB460CE6009614F0C0FC40
:10B49000F7E7009623F067F9F3E7009623F0E4FA64
:10B4A000EFE700961AF050FAEBE700961AF020FB4F
:10B4B000E7E7009622F07CF8E3E70096FDF7E4FF6B
:10B4C000DFE70096FDF73EFDDBE70096FEF7BCF8F0
:10B4D000D7E70096FDF7FCFDD3E7009614F0D8FD02
:10B4E000CFE7009616F0A4F8CBE70096FEF708FA2F
:10B4F000344A92F80D3E43F0010382F80D3EC0E756
:10B5000013460A4601460020FDF78EF9B9E71346B7
:10B510000A4601460120F7E713460A460146022083
:10B52000F2E713460A4601460320EDE70096FEF7D0
:10B5300003FAA6E70096FEF78DFBA2E7009604F05B
:10B5400039FFF5E56068E179CDE9003689091346F0
:10B5500020F04042A8B200F027FAE9E5B8F80A3036
:10B56000009328460B4627F04041FEF76DF809E6A8
:10B570000134202CB0467FF4E5AD124C0023C4F812
:10B580001C3FA4F8203F039B483301D1FFF70CFB7D
:10B59000D4F8085E002D7FF429AD2846FDF776FA31
:10B5A0001823C4F8083ED4F8FC3D84F80C5E01333F
:10B5B00004BF0123C4F8FC3D18E500BF0000FEFFF6
:10B5C0000D0030004832002070B5234C8688D4F836
:10B5D000083E05461E441CF0EDFD864230D9FDF7BD
:10B5E0007FFA94F80C3E03F27E3304EB8303284683
:10B5F0009A7A6FF300029A72D4F8FC3D013323F07B
:10B600000043C4F8FC3D2B60FDF704FA0C23D4F88A
:10B61000081E94F80C0E2A46DFF782FDEB8873B102
:10B62000073B9BB2152B04D80C4A22FA03F3DB0725
:10B6300005D494F80D3E6FF3820384F80D3E70BD7F
:10B6400094F80C3E04EB8303B3F8003E0B2BC8D0F8
:10B65000FFF7AAFAC5E700BF483200200D0030000E
:10B660001FB504460C22002101A81BF09AFF0D4BC8
:10B6700093F8B5355B070DD5142301A8ADF8083054
:10B68000ADF80A40FFF7A0FF30B1074840F695112A
:10B690001EF030FE04B010BD01A8FDF7A7FB002886
:10B6A000F3D1F7E748320020660B0500F8B5FDF747
:10B6B0002BFC1F4F0024E6B23046FDF701FA68B9B3
:10B6C0000134202CF7D11B4A92F80D3E43F00403BD
:10B6D00082F80D3EBDE8F840FDF724BC1C2C03D9D0
:10B6E0003046FFF7BDFFEBE727FA04F515F001053B
:10B6F00001D00134DFE73046FFF7B2FF0E2CF8D15E
:10B70000242229460C480B4C1BF04BFF2846FCF723
:10B710008DFD0A4BD4F814061B680A225A432946A9
:10B720001BF03FFFFF2384F8F5350F24C3E700BF6C
:10B7300081060018483200203C38002064010020B7
:10B740002DE9F043274D95F8B545804614F00400E7
:10B7500085B0894616461F4638D095F80D3E1B0722
:10B7600004D4214841F267411EF0C4FD08F1FF33C3
:10B77000DAB21E2A2DD81D4A9BB2D3569BB24B4536
:10B780002AD166B30C22002101A81BF00AFF07F1A1
:10B79000140301A8ADF80A80ADF80830FFF714FFD4
:10B7A000A0B9B5F81A1F3A46304600F03DFED5F86C
:10B7B000081EA5F81A0F3B4695F80C0E32460C31C0
:10B7C000DFF7AEFC10B901A8FDF710FB05B0BDE82E
:10B7D000F0836FF00900F9E76FF00A00F6E76FF009
:10B7E0000B00F3E748320020660B0500710B0500E3
:10B7F000F0B587B00023CDE9003306460293FDF78C
:10B800005FF9002850D02A4F97F8B5355A070CD465
:10B810006846FDF7EBFA044620B1264840F6711160
:10B820001EF068FD204607B0F0BD97F80D3E1B07DF
:10B8300004D4204840F645111EF05CFD0023684604
:10B84000ADF80430ADF80660FDF77CFCC31C23F0B6
:10B850000303ADF80430BDF80630013B9BB21E2B4C
:10B860009BBF154AD3564FF6FF739BB205466846F9
:10B87000ADF80830FFF7A8FE04460028CDD1D7F870
:10B88000083E97F80C2E0C3323F0404343EA8273B2
:10B89000143D03A930460493ADF81450FFF796F811
:10B8A00004460028B4D0B8E76FF01604B5E700BF2F
:10B8B00048320020660B0500710B05004FF6FF7340
:10B8C00099422DE9F04105460C4622D00846FDF785
:10B8D00023FAB8B9304E1C22294606F2F65086F8F3
:10B8E000F5451BF053FE0A23D6F814165C434FF0BF
:10B8F000FF320A550B195A709A70DA7842F0070233
:10B90000DA7004E025484FF48E711EF0F3FC002439
:10B9100011E01EF008FF224B1F4F1A68D7F814C61B
:10B92000B0FBF2F3002103FB12034FF00A0E8A4230
:10B930000ED14FF0FF340E20FFF75AFF2046BDE82E
:10B94000F08101330131B3FBF2F002FB1033EEE77B
:10B950000EFB03F60CEB06001CF8064090F8018085
:10B9600044EA082490F80280C07844EA084400F0D1
:10B97000070054EA0064E4D18A42DAD91C2229463D
:10B98000084887F8F5351BF001FED7F814164FF07C
:10B99000FF328A558B19AEE748320020660B05004E
:10B9A000640100203E3800202DE9F347144E07467D
:10B9B000884691469A4600243546D5F8F43DA34280
:10B9C00002D86FF01B0016E0D6F8CC2D3846904711
:10B9D000143698B1142303FB0455BDF82C300193A1
:10B9E000BDF8283000933846D5F8D84D53464A461E
:10B9F0004146A047002002B0BDE8F0870134DCE7F3
:10BA0000483200202DE9F047104E074688469146FF
:10BA100000243546D5F8F43DA34203D86FF01B004F
:10BA2000BDE8F087D6F8CC3D38469847143650B17B
:10BA3000142303FB04554A46D5F8DC3D41463846FD
:10BA4000BDE8F04718470134E4E700BF4832002062
:10BA50002DE9F0410746884619B9114892211EF098
:10BA600049FC104E00243546D5F8F43DA34202D8D7
:10BA70006FF01B000FE0D6F8CC3D384698471436DF
:10BA800058B1142303FB04553846D5F8D03D9847E8
:10BA9000C8F800000020BDE8F0810134E4E700BFF1
:10BAA000900B050048320020F8B5094C06460025E9
:10BAB0002746D7F8F43DAB4201D80020F8BDD4F8B2
:10BAC000CC3D3046984714340028F7D10135F0E7D3
:10BAD0004832002001481EF0CDBA00BFE1BA020092
:10BAE00038B5032104461EF059FB00210546032208
:10BAF0001BF057FD02232B7021460248BDE8384059
:10BB000000F070BD09BB020070B5032104461EF0B1
:10BB100045FB0378002B38D14378002B39D1032122
:10BB200020461EF03BFB43781BB9334B827883F8E9
:10BB30008D23837803F00303012B2FD0023B012BCD
:10BB400027D82D4D2D48D5F890230223002185F8C4
:10BB50008C3300F051FE95F8B163D6B906F028FF9A
:10BB6000D5F890334FF4705253434FF47A72B3FBCD
:10BB7000F2F36FF00042C01A90420AD2184606F063
:10BB8000F9FE002006F022FF03E01B4B93F88D2303
:10BB900032BB2046BDE87040FBF716BE164D85F857
:10BBA0008C3395F8B1334FF470563BB1D5F89033E0
:10BBB0004FF47A707343B3FBF0F0E0E706F0F8FE61
:10BBC000D5F890334FF47A727343B3FBF2F36FF00E
:10BBD0000042C01A9042DCD2184606F0CBFED8E7ED
:10BBE00093F88C33022B21460CBF05480548BDE86D
:10BBF000704000F0F7BC00BF4832002009BC0200D2
:10BC000075DB02001DBC02000146034809B100F0CB
:10BC1000E9BC1EF02FBA00BF1DBC0200F0B587B012
:10BC2000044601F079FD50B3184D0DF1160095F85A
:10BC3000BA1395F82C780026FAF7CAFF0123CDE94C
:10BC4000013607F0010700973346BDF81620B5F816
:10BC5000A4132046F5F798FF02220B2120461DF081
:10BC600026FE95F88E3303704670F72120461DF0AE
:10BC700054FE2146064800F0B5FC07B0F0BD204652
:10BC800007B0BDE8F040FBF79FBD00BF4832002081
:10BC9000C931020010B50C4CD4F8EC3363B1D9793A
:10BCA0000A48012200F0E4FC0023C4F8EC33BDE8AC
:10BCB00010400B2004F0D6BABDE8104004484FF401
:10BCC00006711EF017BB00BF4832002071E8020069
:10BCD000AB0B0500014B83F88C0370474832002002
:10BCE000FF2810B5044603D9034830211EF002FB9B
:10BCF000024B83F88E4310BDAB0B05004832002089
:10BD0000014BC3F89003704748320020074B0849A5
:10BD100093F88E23074B53F8222043F6FF3301FBA1
:10BD200002334FF47050B3FBF0F0704748320020FC
:10BD3000C814050068F0040038B504461EF080FA07
:10BD4000014690B911484FF4A57200F055FD104B13
:10BD500093F8B13323B90F482022012100F04CFDA4
:10BD60002046BDE83840FBF72FBD032120461EF0DA
:10BD700015FA0021054603221BF013FC01232B704A
:10BD800021460548BDE8384000F02CBCD5BA020079
:10BD900048320020E127030009BB0200F8B5294B17
:10BDA000294D1F68D5F8C064002422464FF0130CBB
:10BDB00097421CD125480022FF2100F08BFEC5F8D8
:10BDC000EC43002C3CD0D4F80E501CF0F9F96FF085
:10BDD00000432D1A9D422DD2D4F80E401CF0F0F9EC
:10BDE000221ABDE8F8401948002100F005BD0CFBFF
:10BDF00002F17318715CC80718D5587800F00C0070
:10BE0000042813D101F00C0108290FD1197A01F08F
:10BE10000F010F290AD05CB1D4F80E10D3F80E0030
:10BE2000091A6FF00040814238BF1C460132BFE75B
:10BE30001C46FBE71CF0C4F9D4F80E30C21AD0E758
:10BE4000F8BD00BF5C0100204832002095BC020014
:10BE500008B500220448FF2100F03CFE034B0022FD
:10BE6000C3F8EC2308BD00BF95BC02004832002097
:10BE700008B51CF0A5F9064BD3F8EC33D3F80E3017
:10BE8000C01A6FF0004398422CBF0020012008BD6B
:10BE900048320020F8B5354CD4F8EC3323B9344897
:10BEA0004FF4C3711EF026FAF8F7A0FA00285AD012
:10BEB000304BD4F8C0541E6813270023B34214D16A
:10BEC0002D480022FF2100F005FED4F8EC3323B901
:10BED000274840F29F111EF00DFAFFF7C9FF10B37B
:10BEE000BDE8F8400020FFF7D5BE07FB03F2A91814
:10BEF000AA5CD00715D5487800F00C00042810D1B2
:10BF000002F00C02082A0CD1D4F8EC23D1F80E0070
:10BF1000D2F80E20121A6FF00040824238BFC4F8E7
:10BF2000EC130133CAE7D4F8EC33D3F80E501CF00D
:10BF300047F96FF000432D1A9D420CD2D4F8EC3330
:10BF4000D3F80E401CF03CF9221ABDE8F8400A482C
:10BF5000002100F051BC1CF033F9D4F8EC33D3F8D5
:10BF60000E30C21AF1E7C4F8EC03F8BD48320020E5
:10BF7000AB0B05005C01002095BC020070B5FE21F2
:10BF8000044615460948002200F0A4FD032120467E
:10BF90002E786D781EF002F90023037046708570CC
:10BFA00021460348BDE8704000F01CBBD5BA020032
:10BFB00009BB02000E289ABF024B53F82000002054
:10BFC000704700BF68F0040070B5037A61F30303A3
:10BFD000037204460D4616461CF0F2F80C4B53F85B
:10BFE0002530422202FB0300C4F80E007EB16378C4
:10BFF00043F080036370074BD3F8EC331BB1BDE80B
:10C000007040FFF747BFBDE87040FFF7C7BE70BD87
:10C0100068F00400483200202DE9F04186B00D465A
:10C020000023294E0593044605A9A88896F82C8874
:10C030001746F7F7EBFE002842D1059B002B3FD0B7
:10C040005A7802F00C02042A3AD11A7802F00C0253
:10C05000082A35D13A780E2A30D8187A00F00F0124
:10C06000914204D062F3030018721EF00FFB39787E
:10C0700005980122FFF7A8FF002700230122CDE940
:10C08000012308EA02020092AA88B6F8A413204607
:10C09000F5F77AFD02220C2120461DF008FC0770FE
:10C0A00096F88C334370FF2120461DF036FC07487C
:10C0B000214600F097FA06B0BDE8F0810127DCE7E1
:10C0C0002046FBF781FBF6E748320020C931020029
:10C0D00070B588B00146044602A81DF0E1FA01F0EF
:10C0E0001BFB18B92046FBF76FFB48E000230193C8
:10C0F0009DF81D309B09022B43D1BDF8100001A90A
:10C10000F7F784FE002846D1019D002D43D06B78BF
:10C1100003F00C03042B3ED12B7803F00C03082B07
:10C1200039D1204E96F88C3303F0FD03012B15D145
:10C130001CF046F82B7A1C4A03F00F0352F8233008
:10C14000422202FB03006B78C5F80E0043F0800327
:10C150006B70D6F8EC33DBB1FFF79CFE20461EF087
:10C160006FF80028BED1FBF7F9FC0028BAD10121F5
:10C1700020461EF013F80D48214600F033FA08B0AF
:10C1800070BD032B07D101A904A8F7F761FEB9E739
:10C19000FFF704FEE2E7BDF810102046F7F744FA77
:10C1A000EDE700BF4832002068F00400D59A010096
:10C1B00073B50D4604461646002101AA2846F7F736
:10C1C000C5FD20B11C484FF466711EF093F8294656
:10C1D0000DF10200FAF7FCFCBDF802204FF6F773F0
:10C1E0009A4204D9144840F29D311EF083F816217A
:10C1F0002046FBF779FB85220270019A9278C0F8FD
:10C200000360C2F3040242700B2282700022C272E9
:10C210000A4AD2F8C014019A521A1321B2FBF1F261
:10C22000027302224273BDF80220C28121460448F3
:10C2300000F0D8F902B070BDAB0B05004832002009
:10C24000AD38020073B5194C194E054694F8B60482
:10C250003368984213D201A9F7F7DAFCC8B9019BF9
:10C260001A7802F00C02082A13D15A7802F01C0244
:10C27000042A0ED10F4AD9792846FFF799FF94F87E
:10C28000B634326893420AD2013384F8B63402B02D
:10C2900070BD94F8B634013384F8B634D6E7064856
:10C2A000294602B0BDE8704000F09CB94832002039
:10C2B0005C01002045C20200854B0200FE2938B512
:10C2C00005460C4604D906484FF470711EF012F86A
:10C2D000E1B228460022BDE83840FFF769BF00BF41
:10C2E000AB0B050073B51C4ED6F8C43404460DF1F3
:10C2F00006005D5CFAF76CFCBDF806204FF6F7739C
:10C300009A4204D9154840F2D5311DF0F3FFD6F812
:10C31000C06405EBC50305EB4303162120461E440C
:10C32000FBF7E2FA85230370B3780573C3F30403C4
:10C3300043700B2383700023C370037143718371B7
:10C340000123C37202234373BDF80630C381204624
:10C35000F7F7ACFA02B070BD48320020AB0B050015
:10C3600010B516210446FBF7BFFA85230370FF239F
:10C3700043700B2383700023C37003714371837177
:10C380000223C37221460248BDE8104000F02AB9DA
:10C39000AD380200024B002283F8B624FFF752BFEB
:10C3A000483200201C289FBF044B23FA00F000F005
:10C3B000010080F0010088BF012070474C06001882
:10C3C000024B034AC3F8F82D704700BF48320020E3
:10C3D000A5C3020038B5044670B1DEF737FB4FF055
:10C3E000FF33B3FBF4F3B0FBF3F5AC4203D20348E5
:10C3F0003D211DF07FFF2C46204638BDBD0B0500BA
:10C4000010B5074C236813B9DEF720FB20602368C2
:10C41000044A43F2390002FB0300206010BD00BF54
:10C42000084400206D4EC64170B50C4616460546C0
:10C4300018B90C48DB211DF05DFF2B462E44204629
:10C4400048F20841B34200D170BD13F8012B5040AF
:10C45000082200F0010440080CB1484080B2013AC3
:10C46000F7D1EFE7BD0B050038B50D46044620B9FE
:10C470000C4840F201111DF03DFF204625440A4CB6
:10C480004FF0FF33854201D1D84338BD10F8012B5E
:10C490005340082243F300012140013A81EA53034B
:10C4A000F8D1EFE7BD0B05002083B8ED70B5044669
:10C4B00016460D4621B90C484FF48F711DF01AFF36
:10C4C000E0430A4C29462E448E4201D1C04370BD40
:10C4D00011F8013B5840082340F300022240013B81
:10C4E00082EA5000F8D1EFE7BD0B05002083B8EDDC
:10C4F000F8B5044616460D4621B90E484FF49E7114
:10C500001DF0F8FE04B1E4430B4F0020864201D831
:10C51000E043F8BD2B5C63401B060822002B4FEA6A
:10C520004303B8BF7B40013AF8D183EA14240130B9
:10C53000ECE700BFBD0B0500B71DC10440EA500386
:10C5400043EA930343EA131343EA132343EA1343EF
:10C550005A0802F055329B1A9A0802F0333203F05F
:10C5600033331344064803EB131300EA132003F09C
:10C570000F33184400EB104000F03F0001387047C3
:10C580000F0F0F00F8B5154607460E46DDF7DCFD28
:10C59000134B1A69102A04D9DDF7BCFD6FF01C009B
:10C5A000F8BDDC6803F1140204EB8404A1181751F0
:10C5B0000E7125B91A69C2F11102012AECD91A6962
:10C5C00001321A61DA6811210132B2FBF1F101EB9B
:10C5D0000111521ADA60DDF79DFD0020E0E700BF8F
:10C5E000483200202DE9F0411D4D1E4E0F46804679
:10C5F000DDF7AAFD2C683268A16891420AD3DDF705
:10C6000089FD194840F27A211DF074FE6FF01C007C
:10C61000BDE8F0816268154BC2EBC2020C34A11870
:10C6200044F8028053438F7169685809012203F06E
:10C630001F039A4051F8203023EA020341F82030CA
:10C640002A68316893680133936053680133B3FB00
:10C65000F1F001FB10335360DDF75CFD0020D7E7FC
:10C66000483200206C010020C90B0500B76DDBB615
:10C670002DE9F0471F4E204F8A4690468146DDF750
:10C6800063FD35683A68A96891420AD3DDF742FD37
:10C690001A484FF42A711DF02DFE6FF01C00BDE802
:10C6A000F0876C68164BC4EBC4040C35291945F8A7
:10C6B0000490634381F806A070685C09012203F0CE
:10C6C0001F039A4050F82430134340F82430326856
:10C6D000A1F804809368396801339360536801338B
:10C6E000B3FBF1F001FB10335360DDF713FD0020C5
:10C6F000D5E700BF483200206C010020C90B0500BF
:10C70000B76DDBB6F8B506460F46DDF71DFD1D49D2
:10C710001D4D0A682B689068984209D3DDF7FAFC32
:10C720001A4840F2D9211DF0E5FD6FF01C00F8BD5C
:10C7300052F80C4BFCB1C4EBC404E31FD018144CEA
:10C74000D6505C4387716609486804F01F0450F8AE
:10C7500026300122A24023EA020340F826300B686B
:10C760009A6801329A601A684AB1013A1A60DDF794
:10C77000D1FC0020DBE7C3EBC303073BDEE72A68FD
:10C78000F3E700BF483200206C010020C90B050010
:10C79000B76DDBB610B4094B094C1A68094B246815
:10C7A0001B6892681B1B9A4203D85DF8044BFFF785
:10C7B00019BF6FF01C005DF8044B70474832002031
:10C7C000680100206C01002030B4084B084D1C6843
:10C7D000084B2D681B68A4685B1B9C4202D830BCC8
:10C7E000FFF746BF6FF01C0030BC70474832002096
:10C7F000680100206C0100202DE9F84F83468A462D
:10C8000091463AB9FFF7EEFE064620B900263046BB
:10C81000BDE8F88F00269E4C94F8FF30002BF5D130
:10C8200094F87180B8F1FF0F07D19A4840F299311E
:10C830001DF060FD6FF01C06E9E7E26E08EB88076B
:10C8400008EB4707D1194B7AFF2B06D003EB830087
:10C8500003EB40031A44897A917294F8713003EB28
:10C86000830203EB4203E26E1A44FF23937294F8AF
:10C870007130E26E03EB830103EB41031344D519DE
:10C880005B7A84F8713042F807B085F808A01BF095
:10C8900097FC8144C5F8049094F8FC30E26E0133B3
:10C8A00084F8FC3094F87030FF2B5DD003EB8300EC
:10C8B00003EB40001118D5F804E0D1F804906FF0B4
:10C8C000004CA9EB0E09E1456DD303EB830003EBAC
:10C8D000400010444768AEEB0707674502D2437A31
:10C8E000FF2BF2D16C48AD1A4543FF2BEDB200F09F
:10C8F000C48003EB830003EB40031A44977AFF2FB5
:10C9000000F09680FF2D60D08B7ABB4275D1E36E2C
:10C910000B226A431344FF21597294F870308B4202
:10C9200000F0B180E16E03EB830003EB40030B44A6
:10C9300011449B7A8B7294F87030E26E03EB8301A2
:10C9400003EB410313449B7A03EB830103EB4103A5
:10C950001A44557294F8703003EB830203EB4203E0
:10C96000E26E1A44957207E03A445372E36E3B4418
:10C9700083F80A8084F8708094F87030E46E03EBDA
:10C98000830203EB42031C441BF01AFC63688342DE
:10C990003FF43DAF181A6FF000439842BFF437AF31
:10C9A00000F022FC33E73A445372E36E18443B44F0
:10C9B000827A9A7294F8703003EB830203EB42039D
:10C9C000E26E1A4482F80A80D4E7324840F25A31C3
:10C9D0001DF090FC94F87030FF2B0ED003EB830217
:10C9E00003EB4203E26E1A44937ABB4205D140F254
:10C9F0005A3128481DF07EFC89E7E26E07EB87017B
:10CA000007EB41010B236B4350181A44407A5072D4
:10CA1000E26E1A449772E26E53185B7A03EB83005E
:10CA200003EB40031A449572E36E0B445D72A3E777
:10CA3000FF2D04D1174840F263311DF05BFCE16E1D
:10CA400094F870300B226A431144FF2B4B721AD0BA
:10CA5000E16E03EB830003EB40030B4411449B7A2C
:10CA60008B7294F8703003EB830203EB4203E26EA7
:10CA70001A44957284F870507EE7FF2D7FF447AF1B
:10CA80004FF45B71B5E7E36E13449D72F2E700BFAC
:10CA900048320020C90B0500A38B2EBA30B412B95E
:10CAA00030BCFFF777BE084B084D93F8FC40084BAD
:10CAB0002D681B685B1B9C4202D830BCFFF79CBEF4
:10CAC0006FF01C0030BC7047483200206801002025
:10CAD0006C0100202DE9F84307460E4615460AB1C1
:10CAE00000231370414C94F870106FF01B004FF04E
:10CAF000FF08FF2901D1BDE8F88301EB8103D4F8D9
:10CB00006CC001EB43030CEB03025CF803C092F82A
:10CB1000099067455ED1FD2E03D892F808C0B44550
:10CB200058D115B1127A02B12A70E06EC21892F88B
:10CB30000AC0BCF1FF0F20D0527AFF2A4CD002EB82
:10CB4000820E02EB4E02024482F80AC0E06E94F8B4
:10CB500070E0C2188E4592F809C017BF927A84F827
:10CB600070C002EB820E02EB4E021CBF801880F8F0
:10CB700009C0E26E1A4482F80A80E26E94F87100ED
:10CB80001A44FF285072E26E0ED000EB800C00EBCE
:10CB90004C0010441A44807A907294F8713003EB80
:10CBA000830203EB4203E26E1A44917294F8FC3064
:10CBB00084F8711023B90E4840F2CF311DF09AFB72
:10CBC00094F8FC30FE2E03F1FF3384F8FC304FF074
:10CBD000000090D149468CE794F8702002EB820E59
:10CBE00002EB4E02104480F80AC0AFE74832002042
:10CBF000C90B050070B50D4C94F87030E56E0B262E
:10CC0000FF2B02D16FF01B000AE07343EC18EB58C6
:10CC1000984208D1237A8B4203D1636813600020C5
:10CC200070BDFF29F9D0637AEAE700BF48320020DF
:10CC30002DE9F84F394C94F87060074688469146C4
:10CC4000FF2E01D1002760E006EB8605E36E06EBC0
:10CC5000450503EB050A5B599AF809B09F425BD181
:10CC60009AF808004946C047002855D0E36E9AF864
:10CC700008705A19917AFF291FD0527AFF2A08BFEB
:10CC800094F8702002EB820002EB40021344997288
:10CC9000E26E94F870005319B042597A17BF9B7A2C
:10CCA00084F8701003EB830003EB40031CBFD21821
:10CCB0005172E36E2B44FF229A72E26E94F8713047
:10CCC0002A44FF2B537223D0E26E03EB830103EB64
:10CCD000410313442A449B7A937294F8713003EB16
:10CCE000830203EB4203E26E1A44967294F8FC301E
:10CCF00084F8716023B90A4840F214411DF0FAFA31
:10CD000094F8FC30013B84F8FC303846BDE8F88FDD
:10CD1000E36E2B449E72E9E75E4691E748320020BD
:10CD2000C90B050010B5EBF717FC044630B1831CA6
:10CD300004D0034840F24C411DF0DCFA204610BDFF
:10CD4000C90B05002DE9F74FBE4CDFF8008300202A
:10CD5000F7F734FEFFF7E6FF00F0BCF905460028C0
:10CD600040F00881DDF7F0F9022723689A683AB3AA
:10CD700053F80C6B6068C6EBC6015A184FEA561C94
:10CD800053F801A0938850F82CB092F806900193C4
:10CD900000F0A0F9A0B9DDF7BDF9DDF711FD00281D
:10CDA00000F0B58023689A68D8F80030C2F101021B
:10CDB0000321B3FBF1F39A4240F2B180DDF7C4F9ED
:10CDC000DDF7A8F900F086F9002840F0F58094F826
:10CDD000FF30002B40F0F08094F870B0D4F86CA0D5
:10CDE0000BEB8B020BEB42071BF0EAF9BBF1FF0FD9
:10CDF0000AEB070900F0E080B9F1000F00F0DC80D9
:10CE0000D9F804306FF00042C31A934280F0D48006
:10CE10005AF8072094F8707099F8080007EB870318
:10CE2000FF2F07EB43051CD0E16E01EB050C9CF8CE
:10CE30000930FF2B40F0A08094F8703003EB8301A1
:10CE400003EB4103E16E1944FF238B7294F87030B9
:10CE500003EB830103EB4103E16E19444B7A84F841
:10CE60007030904794F8FC3023B977484FF49A71AA
:10CE70001DF040FA94F8FC30FF2F03F1FF3384F8E3
:10CE8000FC3004D1704840F237111DF033FAE26EE5
:10CE900094F871302A44FF2B537277D1E36E2B4400
:10CEA0009F7284F8717000F015F900287FF44FAF7D
:10CEB00094F8FF30002B7FF44AAFDDF745F994F882
:10CEC0007050DDF727F9FF2D73D001251BF078F99D
:10CED0005C4991F87030C96E024603EB830003EBA6
:10CEE00040030B446FF000415B68981A884228BFEA
:10CEF000D01A00F079F9002D7FF429AF00F0EAF89C
:10CF000000286DD003B0BDE8F04F00F0E3B8FBF7A8
:10CF1000C5FB00287FF446AFFAF752FE08BB012F8D
:10CF20003FF44CAFDDF710F92268D8F80010936891
:10CF3000013B93601368013306F01F06B3FBF1F069
:10CF400001FB103313602BFA06F6DDF7E3F8F30765
:10CF50000DD501994846D0470127DDF7F5F83D4644
:10CF600003E7FAF733FE00287FF41CAFD7E7484603
:10CF7000D047F1E7002525E703EB830E03EB4E03D3
:10CF800019449CF80AC081F80AC055E7E26E03EB29
:10CF9000830103EB410313442A449B7A937294F870
:10CFA000713003EB830203EB4203E26E1A44977283
:10CFB00077E700F00FF9CAE600F08CF800289AD164
:10CFC00094F8FF30002B96D1DDF7BEF894F870602E
:10CFD000DDF7A0F8FF2E7FF479AF00F0FBF88AE7C9
:10CFE000FFF7A0FE044600F075F838BB023425D1E7
:10CFF000144C94F8FF300BBBDDF7A6F823689B6850
:10D0000023B103B0BDE8F04FDDF784B8DDF782F857
:10D0100000F0A0F8012384F8843FD4F8903F8342C5
:10D0200006460BD284F8845F1BF0CAF8C4F8880F58
:10D03000304603B0BDE8F04F00F0B6B803B0BDE82D
:10D04000F08F00BF48320020C90B05006C010020A2
:10D050002DE9F0411C4CDFF878801C4F4FF6FF7330
:10D06000A4F870300026D8F80030F5B2AB4201D8F1
:10D07000BDE8F081FF2D03D1282138461DF03AF993
:10D08000E16E94F871300B226A431144FF2B4B720E
:10D0900015D0E16E03EB830003EB40030B44114416
:10D0A0009B7A8B7294F8713003EB830203EB42039B
:10D0B000E26E1A44957284F871500136D3E7E36E3C
:10D0C00013449D72F7E700BF48320020D80B0500DB
:10D0D0006C010020014B93F8FE007047483200209D
:10D0E00073B5164601911C46054618B910485321E0
:10D0F0001DF000F9019B53B94CB928461DF02CF8DE
:10D10000284631461DF0A3F8204602B070BD211D0F
:10D110002846FAF7E9FB04220DEB020104461AF057
:10D1200035FA284631461DF092F8201DEDE700BF84
:10D13000EC0B050010B5064C1423C4F8903F0123F6
:10D1400084F8843F1BF03CF8C4F8880F10BD00BF82
:10D150004832002010B5134C23689B68E3B994F85B
:10D160007030FF2B1AD01BF02BF894F8703003EBC3
:10D17000830203EB4203E26E13446FF000415A68EE
:10D18000131A8B4200D3831A4FF4705253434FF457
:10D190007A70B3FBF0F010BD0023F5E74FF4237372
:10D1A000F2E700BF4832002038B505461CF050FFBA
:10D1B000044658B10423162100221DF001FB05602E
:10D1C00021460348BDE83840FFF70CBA38BD00BF20
:10D1D0000D4C0300034B5A7B1AB100221A731BF04B
:10D1E00006B87047F843002070B5124C05461AF097
:10D1F000E7FF637B064605440BB1DCF7A5FF237B05
:10D20000A2683BB1511B6FF00043994202D3B61A9A
:10D210009E4202D20123A5602373637B0BB1DCF72E
:10D2200079FF1AF0E6FF18B9BDE870401AF0E0BFC8
:10D2300070BD00BFF8430020014B83F8B103704775
:10D2400048320020034B93F8B103003818BF012087
:10D25000704700BF48320020014BA3F8A603704777
:10D26000483200200146082201481AF08FB900BF59
:10D27000F0350020014908221AF088B9F035002065
:10D280000146082201481AF081B900BF0438002085
:10D29000014908221AF07AB9F4340020034B93F8BC
:10D2A000B423134493F8B203704700BF4832002000
:10D2B000034B93F8B423134493F8B303704700BFB0
:10D2C00048320020034B93F8B52560F3C30283F87E
:10D2D000B525704748320020014B83F81903704789
:10D2E00048320020014B93F8190370474832002060
:10D2F00001480021FFF776B955DC0200034B93F893
:10D30000382660F3451283F83826704748320020EB
:10D31000034B93F8382660F3041283F838267047DD
:10D3200048320020034B93F84A2660F3410283F809
:10D330004A26704748320020034B93F8382860F3A0
:10D34000820283F83828704748320020024B93F855
:10D350004906C0F30010704748320020044B0122F8
:10D3600083F8652383F86603C3F86813F8F700BCF5
:10D3700048320020044B002283F8652383F866239B
:10D38000C3F86823F8F70ABC48320020034B93F82F
:10D39000382660F3820283F838267047483200202E
:10D3A000014908221AF0F2B804380020014BB3F802
:10D3B000A40370474832002038B5002104461DF010
:10D3C000E2F920461CF03CFF0D4D28B995F8A83A2B
:10D3D00013B1032385F8B03A24B90A4840F2E111A9
:10D3E0001CF088FF01F064F995F838386FF30003FA
:10D3F00085F838382046BDE8384007F007BC00BF44
:10D4000048320020FF0B050010B5014604460022FB
:10D4100004481CF054FE20B12046BDE81040FAF745
:10D42000D3B910BD29D4020073B5CDB2044604218E
:10D4300028461CF0B3FE0378112B064602D10E20BD
:10D4400002F010FF29462046FAF71AFA042128466E
:10D450001CF0A4FE042201460DEB02001AF096F81F
:10D4600004230022322128461DF0AAF904220DEBE4
:10D4700002011AF08BF829461448FFF7B3F8F7F7C2
:10D480004DFCD0B13378092B17D1114D95F8E938FF
:10D490000133DBB20B2B85F8E9380ED90121204688
:10D4A0001CF07CFE0223037021460A48FFF79AF81D
:10D4B000002385F8E93802B070BD002CFBD020466F
:10D4C00002B0BDE87040FAF77FB900BF0D4C030011
:10D4D00048320020C9F702002DE9F04186B00F0A5A
:10D4E0000822064601F03F08C1F381154FF6FF748C
:10D4F0004FF0FF3104A8ADF80A401AF052F83A464E
:10D500000DF10A0104A8F9F7E7FA03AA0021384649
:10D51000F6F71CFC40B9039B5A7802F00C02042A6F
:10D5200004BF074BB3F8A443BDF80A20CDE900457A
:10D53000434604A9304600F0D3FC06B0BDE8F081B4
:10D540004832002013B5014604466846F9F7FEFA52
:10D550000B490822684619F0F2FF014640B102214A
:10D56000684606F0E7FC4FF6FF73C11A18BF0121A9
:10D57000002241EA042103481CF0A1FD02B010BDC5
:10D580005E0B0500F3A7040010B5044620B9BDE802
:10D59000104007481CF06EBD064B93F8B10308B964
:10D5A00005F032FA21460448BDE81040FFF71AB8EA
:10D5B00089D5020048320020C9F902002DE9F04760
:10D5C000394F97F81B33044633B9002869D02046F9
:10D5D000BDE8F047FAF7F8B820B9BDE8F04733489E
:10D5E0001CF048BD0221FAF77FF9054602F062FD02
:10D5F000002328706B7097F8EF68DFF8BC90D9F8BB
:10D6000000309E4234D206EBC608D7F8C03406EB91
:10D61000480813F8083003F00F03092B18D12046EF
:10D620001CF083FD0830522815D808212046FAF74F
:10D63000E1F9824620461CF06EFDD7F8C034434421
:10D640000546D9795046F9F781FA6B7801336B704A
:10D650000136F6B2D3E787F8EF68FEF7D1FE144A39
:10D66000B0FBF2F20021114802F52372FFF7C4F873
:10D670006B78002BABD0182120461CF08FFD0021C9
:10D680000546182219F08DFF4FF6FC732B800223FC
:10D69000EB731F236B8121460648BDE8F047FEF778
:10D6A000A1BFBDE8F08700BF48320020BDD5020011
:10D6B00019D36400953F01005C01002070B5144C43
:10D6C0000A23002584F85C3884F8545984F87A5980
:10D6D000FF2605F0B7F902F0C9F83C2384F8513968
:10D6E00084F85269E3F70CFE0A4BC4F8583A7022EA
:10D6F000294604F65E0019F054FF0135102D84F818
:10D70000626804F10704F8D1BDE8704002F046BE3B
:10D710004832002001000500024B93F8400600F05B
:10D720000100704748320020024B93F82C0800F0AB
:10D73000010070474832002008B50948022106F070
:10D74000D9FA50B90749082201F5077019F0F7FE18
:10D7500018B1BDE80840E4F7A9B8012008BD00BF32
:10D760000C380020F035002038B5F7F7C3FA68B957
:10D77000074D95F8403613F0010006D0E4F796F80F
:10D7800020B995F84906C0F3800038BD0020FCE7B9
:10D790004832002008B5FDF71BFC01F00BFA1149D7
:10D7A0001148082219F0CBFE18B91048F3211CF0DB
:10D7B000A1FDF7F7B3FA08B1E3F7D4FD0C4B93F8EA
:10D7C000B505C04300F001001BF0FBFBF7F7B0FA12
:10D7D00018B108480021FEF705FF002002F042FDC5
:10D7E000002008BD5E0B0500F0350020FF0B050092
:10D7F00048320020293E040001460148FEF7F2BEEF
:10D80000E5AE040010B50D2104461CF0C7FCC37A38
:10D81000032B02D00C2002F025FDF7F789FA38B16E
:10D8200005482146FEF7DEFEBDE810401CF02EBF85
:10D830002046F9F7C9FFF7E75136030010B520B1CC
:10D840000C4840F24E211CF055FD0B4B93F82C4830
:10D8500014F001040DD1032283F8B02AFE212246E0
:10D860000648FFF737F921460448BDE81040FEF7A7
:10D87000B9BE10BDFF0B05004832002089D502005B
:10D8800010B504460120FDF7B3FF0D4B93F81B3391
:10D890007BB1002211460B48FFF71CF9FEF7B0FDE3
:10D8A000094AB0FBF2F20021064802F52372FEF7A6
:10D8B000A3FF21460548BDE81040FEF793BE00BF18
:10D8C00048320020BDD5020019D36400DDFB020000
:10D8D00010B50C4A92F84036044643F0010382F832
:10D8E00040361CF039FC032120461CF057FC0F2366
:10D8F000037043700023837021460348BDE8104045
:10D90000FEF770BE4832002091EF01002DE9F04192
:10D910000F461821054690461CF040FC044627B9E6
:10D9200014484FF42A711CF0E5FC0C212846F9F745
:10D93000DBFF182206460021204619F032FE0C2299
:10D940003946304619F022FE4FF6FD73238002233C
:10D95000E37313236381B8F1000F04D001236374D0
:10D96000B6F80130638229460348BDE8F041FEF76E
:10D9700039BE00BFFF0B0500953F0100F7B514212C
:10D9800004461CF00BFCC37CB3B1837B0022032B49
:10D99000114601AB1ED1F9F739FC68B99DF80400B6
:10D9A000F9F71CFE40B19DF80400F9F749F918B1E8
:10D9B0009DF80400F9F7E0F9684D95F83B38A3426B
:10D9C0000CD167482146FEF70DFE002385F83B3851
:10D9D00003B0F0BD0088F9F74FFBDEE795F8393862
:10D9E000A34209D100235F4885F83938214603B0A6
:10D9F000BDE8F040FEF7F6BD95F83C38A3420BD1E8
:10DA000095F8500301300023C0B285F83C3803B0CC
:10DA1000BDE8F04005F076BE95F83D38A34218D138
:10DA200000270A21204685F83D781CF0B7FB3946CF
:10DA30000822064619F0B5FD95F8ED344A48C3F3BF
:10DA40004003337295F8ED34C3F30003737221463B
:10DA5000CDE7142120461CF0A1FB054620461CF012
:10DA60005AFB037803F00302012A064632D19B06D3
:10DA700000F1020703D580781BF09AFC07443B783D
:10DA8000062B4DD0072B2BD0052B23D1AB7B022BA4
:10DA900020D128884FF6F77398421BD87B78012B4A
:10DAA00018D101A9F6F7B2F9024698B901994B7855
:10DAB00003F01C03142B0DD1C9792C48FFF70AF889
:10DAC000D5F80F20019B002A42D1D97927486F222F
:10DAD000FEF792FE002C3FF47BAF2548214686E7F7
:10DAE000AB7BA3B10022288801AB1146F9F7C4FA39
:10DAF00068B99DF80400F9F771FD40B19DF8040084
:10DB0000F9F79EF818B19DF80400F9F735F9B91B3B
:10DB100001312046F9F748FF2046E9F781FC57E735
:10DB2000AB7B022BD6D12B88002BD3D101A9781C3B
:10DB3000F6F78EF902460028CCD101994B7803F014
:10DB40001C03142BC6D1FB7A03F0FD03012BB2E7B3
:10DB5000D9790648FEF746FDBCE700BF48320020F1
:10DB600005FB02005D1603004D46020077B104007C
:10DB7000C915010010B5042104461CF00FFB084B29
:10DB80000C2283F8E9280922027093F8BA33A0F82E
:10DB9000013021460348BDE81040FEF723BD00BF19
:10DBA0004832002009D4020038B5094CD4F8283A8C
:10DBB000054623B9074840F235411CF09BFBD4F8D9
:10DBC000280A2946FEF70EFD0023C4F8283A38BD7E
:10DBD00048320020FF0B050070B5094D0446094886
:10DBE0001CF048FAD5F8243A23B9074840F24A41D4
:10DBF0001CF080FBD5F8243A2046BDE87040184759
:10DC0000483200200D4F0400FF0B050070B50E4692
:10DC10000121054614461CF0C1FA29460A4D06703A
:10DC20000A48FEF7DFFCD5F8283A23B1084840F24D
:10DC300059411CF05FFB24B9054840F25A411CF0E1
:10DC400059FBC5F8284A70BD483200201948020027
:10DC5000FF0B050010B520B111484FF4BF711CF047
:10DC600049FB104BD3F8242A12B90F4AC3F8242ACF
:10DC700093F8A80A18B1BDE8104001F01DBE1CF0D1
:10DC8000E7F9044620B9064840F299111CF032FB2E
:10DC90002046064ABDE810400021FFF7B7BF00BF8D
:10DCA000FF0B050048320020EFA70400A14A020044
:10DCB0002DE9FF41154600220E461C4611460DF186
:10DCC0000D030746F9F7A2FAC8B914F1280F19D0C5
:10DCD000003C18BF012464002846F9F7F9FA154BF7
:10DCE000B3F8A433834280460ED19DF80D1012483C
:10DCF00046EA8414002244EA01211CF0E0F904B051
:10DD0000BDE8F0810124E7E71CF0A2F905460028F0
:10DD1000EBD09DF80D100DF10E00F8F759FFCDE98D
:10DD20000084BDF80E2033463946284600F0D8F866
:10DD3000E5E700BF48320020D9D4020037B51546C8
:10DD400000220C460DF107031146F9F75FFA02466F
:10DD500058B904F003049DF80710054844EA850407
:10DD6000E4B244EA01211CF0AAF903B030BD00BFBF
:10DD7000F3A7040007B5002211460DF10703F9F7D8
:10DD800045FA024620B99DF807100348FEF7A2FEA7
:10DD900003B05DF804FB00BF45D5020008B520B113
:10DDA0000B4840F256511CF0A5FA0A4B93F81B336E
:10DDB00063B1FEF725FB084AB0FBF2F2BDE808406C
:10DDC000064802F523720021FEF716BD08BD00BF0C
:10DDD000FF0B05004832002019D36400BDD50200B6
:10DDE000034B93F8B52560F3410283F8B5257047DE
:10DDF0004832002010B50023044601211A461CF0C9
:10DE0000DFFC21460248BDE81040FEF7EBBB00BF37
:10DE10000D4C030008B5FFF7BDFCBDE80840014804
:10DE20001CF028B9F5DD020037B51546019104460E
:10DE300018B90B485F211CF05DFA04212046F9F760
:10DE400057FE04220DEB020119F0A0FB291E18BF9A
:10DE50000121494220461CF0FAF903B030BD00BF51
:10DE6000090C05001FB504468DF80C2001A80822F6
:10DE700019F08CFB20461CF0E3F9092302B21321B0
:10DE800020461CF09DFC9DF80C300372082201A96D
:10DE900019F07CFB21460248FEF7A4FB04B010BD3C
:10DEA0000D4C03002DE9F843884617461E46002214
:10DEB0000C232F219DF8209005461CF081FC044680
:10DEC0004146082219F062FB2781A67284F80B9064
:10DED00029460248BDE8F843FEF784BB0D4C030019
:10DEE0002DE9F047884617461E4600220E233021B2
:10DEF000BDF820A09DF8249005461CF061FC044666
:10DF00004146082219F042FB2781A672A4F80CA012
:10DF100084F80B9029460248BDE8F047FEF762BB43
:10DF20000D4C030010B50023044618211A461CF0BE
:10DF300047FC21460248BDE81040FEF753BB00BF36
:10DF40000D4C0300034B0448022283F8B8291CF04F
:10DF500091B800BF48320020D1E50200F8B5102189
:10DF600006461CF01BF92A4C05461022002119F028
:10DF700018FB082204F64401284694F84C7819F05E
:10DF800005FB04F5046105F10800F9F7E7FE94F8D4
:10DF9000B1333BB994F8F638180744BF23F00803AF
:10DFA00084F8F63894F8F6382B7394F8762FD10667
:10DFB00044BF83F002032B7394F8763F9A0642BF66
:10DFC0002B7B83F008032B732B7B63F07F032B7376
:10DFD00002236B730423AB73012357B1EB7300234C
:10DFE00084F8DC3331460B48BDE8F8400522FEF7E3
:10DFF00003BCEF7384F8DC3394F8773FDB075EBF34
:10E0000094F82C3867F3000384F82C38EAE700BF53
:10E0100048320020A10E02001FB50C4B93F8B1232B
:10E02000FF2A04BF012283F8B12393F8B1338DF89E
:10E030000F30074B01930123009352220DF10F0380
:10E04000FF21F6F739FD05B05DF804FB48320020EA
:10E0500055E0020038B505461CF05DF8037823B1A1
:10E0600017484FF412711CF045F9164C94F82C38EF
:10E07000DB0702D594F8DC33E3B194F82C3828465A
:10E080006FF3000384F82C38F9F79EFB0E486F22DB
:10E090000021FEF7B1FB002384F85D3894F8B1430A
:10E0A0006CB904F0CFFC21460848BDE83840212275
:10E0B000FEF7A2BB29460648FEF794FAEBE738BD07
:10E0C0001A0C05004832002089D50200DDE102006B
:10E0D00059E4020030B585B0044601F0EBFF174D5E
:10E0E00017498DF8040002220DF1050019F04EFACF
:10E0F000144908220DF1070019F048FA95F8B434D4
:10E100009B09DB018DF80F30F6F7FEFD60B19DF83D
:10E110000F3043F00E038DF80F30002201A9204686
:10E12000FFF7F4FB05B030BD95F8B133002BF4D008
:10E130009DF80F3043F00C03EDE700BF483200209C
:10E14000EC350020F0350020074B93F8B424D206BC
:10E15000014603D505480722FEF74EBB93F8A81ADF
:10E160000348FEF73FBA00BF4832002049E10200F1
:10E17000B9F8020070B5044620B9BDE870401448F3
:10E180001BF078BF134D08211CF008F8D5F8D03AE1
:10E190000646BBB19847D5F8CC3AB3B19847307131
:10E1A000B5F8B22A0C484FF47A7143F6FF3301FBFD
:10E1B00002334FF470522146B3FBF2F2BDE87040D7
:10E1C000FEF71ABBE3F7B4FBE5E70420E7E700BF7F
:10E1D00075E102004832002021F8010008B5002056
:10E1E00004F0F4FB054B93F82C38DB0704D4BDE8AE
:10E1F0000840022004F0F4BA08BD00BF48320020F5
:10E200002DE9F341304C074694F8A80A1BF083FF30
:10E21000D4F8AC5AAD0005350646102100EB0508D0
:10E2200038461BF0BBFF10220021044619F0B9F953
:10E23000705D694600F07F00F8F7EAFA0822694647
:10E24000204619F0A3F9F6F74FFD03282FD198F8CF
:10E25000023003F00C03082B2DD1237B43F00E0377
:10E260002373237B63F07F03237308342046F9F77D
:10E270003DFF98F8012098F80230705D02F00F0120
:10E2800003F003031B01490041EAD01143EA1212D3
:10E2900020461CF008F818B10C4872211CF02AF82E
:10E2A00039460B48FEF79EF902B0BDE8F081F6F75B
:10E2B0001BFD0128CBD0FEF7C5FF0028D1D0237B62
:10E2C00043F00C03CCE700BF483200201A0C0500D5
:10E2D000A10E02002DE9F84304461BF01CFFD0F804
:10E2E00000800546B8F1000F08D14E4B93F8A80AFC
:10E2F00088B983F8A84AC3F8AC0A0446296811F122
:10E30000490F69D120461BF0A2FF21464648BDE8CF
:10E31000F843FEF767B91BF0FEFE00F1050C6E1D19
:10E320006746414603798B423CD833460026017943
:10E330001B29E3D82A79B242E0D9E646002236E02A
:10E340003B7892F8008083EA08035B0621D1BB7812
:10E3500092F80290C3F30018C9F3001948EA0908BB
:10E3600068F30413BB7092F80290C3F34018C9F32A
:10E37000401948EA090868F34513BB7092F8029007
:10E38000C3F38018C9F3801948EA090868F38613B3
:10E39000BB700EF1010E04322B797345D0D80131D8
:10E3A0000437BFE732464FF0000EF5E701329142E5
:10E3B0000AD91EF8047B93F8008087EA08077F06D5
:10E3C000F4D101360433B2E7FBD11A684CF82120AE
:10E3D000027901320271F4E7124A92F8B13A73B14C
:10E3E000013BDBB282F8B13A4BB12B793BB9204605
:10E3F0001BF0B2FE2046BDE8F843FFF7BBBE92F823
:10E40000A83A4BB109480021FEF7ECF844B1204688
:10E41000BDE8F843F9F7D8B920461BF09DFE74E734
:10E42000BDE8F8834832002021F80200B9F8020064
:10E4300010B5084C034694F8A80A10B10BB1F9F7CF
:10E44000C3F9002384F8A83AC4F8AC3A84F8B03A87
:10E4500010BD00BF48320020002210B5114604460E
:10E460000D48FEF737FB0120FFF7E2FF0B48F8F7F6
:10E4700041FA0B4B93F8772FD20704D52046BDE81D
:10E480001040F9F7A1B983F83B4821460548BDE89B
:10E490001040FEF7A7B800BF89D50200F434002071
:10E4A00048320020D5E0020013B5FFF735F91A4CC9
:10E4B00000B394F8BA03FF280AD0F5F7FDFB20B1AA
:10E4C000164840F277111BF015FFFF2384F8BA338A
:10E4D0000022B4F8A4030DF107031146F8F7CCFDB0
:10E4E00018B99DF80700F8F747FC00220C481146C0
:10E4F000FEF7F0FA94F8383843F0010384F838381E
:10E5000094F8403600206FF3000384F8403602B0E0
:10E51000BDE8104004F078BA483200201A0C05001B
:10E52000BDD502002DE9F04385B006468846174662
:10E530009946F6F7DFFB20B1204840F2DD111BF0D1
:10E54000D9FE1F4C94F8775F15F0010511D1FFF744
:10E55000ABFF4FF6FF70E6F7F3FC94F8383843F062
:10E56000010384F8383894F8403665F3000384F8E2
:10E57000403608224146134884F84C9819F006F8B2
:10E5800039461148F9F7EAFB94F8B133FF2B04BF81
:10E59000012384F8B13394F8B1338DF80F300B4B6D
:10E5A00001930123009330460DF10F035222FF2106
:10E5B000F6F782FA002005B0BDE8F0831A0C0500DA
:10E5C000483200208C3A0020883A00205DDF0200AB
:10E5D00070B51A4C94F8A46A054666B1012E06D1AE
:10E5E00031461BF0DBFD0670284601F0EDF80323F1
:10E5F00084F8B83970BD94F8BB3973B104F51C6167
:10E6000004F5B760F9F7AAFB0D4A94F8BA39A2F5F8
:10E6100043712846FFF786FFE9E794F8B4332344B3
:10E62000012293F8B31393F8B2338A4003B1163B37
:10E6300004EB8303C3F8B825E6E700BF48320020A7
:10E640000038002037B50F2104461BF0A7FD0368F2
:10E65000F3B9F5F71BF84FF6FF739842054604D15E
:10E660000F484FF42E711BF045FE01A92846F5F71F
:10E67000CDFB20B10A4840F2BB211BF03BFE09480C
:10E680001BF0F8FC21460848FDF7ACFF03B030BD95
:10E690000648214603B0BDE83040FDF7A3BF00BFE8
:10E6A0001A0C05005D38020019E002009DF9020015
:10E6B00010B5064C94F8B8393BB105480022FF214B
:10E6C000FEF708FA042384F8B83910BD4832002058
:10E6D00045DF0200034B93F8B809003818BF01204A
:10E6E000704700BF483200202DE9F743CEB2044600
:10E6F000092130461BF052FDDFF870810546314696
:10E700002046F9F7BDF8D8F8C839002B6ED020465E
:10E71000984728461BF075F90022044601AB1146C4
:10E720002846F8F773FD002840F08D80012C03D0B7
:10E73000231FDBB2012B70D82A7A9DF804104748BA
:10E74000B2FA82F25209FDF793FFE3F7AFF800281F
:10E7500063D195F808901EB9414885211BF0CAFD88
:10E7600028461BF04EF9002207460DF1050311461D
:10E770002846F8F74BFD002845D19DF805100DF10E
:10E780000600F8F725FAF6F7B5FA00283BD107F0AE
:10E79000FB03012B30D1B9F1000F34D114213046E5
:10E7A0001BF0FCFC022307462E498374082218F054
:10E7B000EDFEBDF806309DF805103B8207F108001C
:10E7C000F8F7C4F928483146FDF70CFFACB3023C1A
:10E7D000E4B2012C07D82B7A9DF80410CBB11F4866
:10E7E0000022FDF745FF03B0BDE8F0832A7A2946F1
:10E7F0002046FFF737FB8CE7042F04D128461BF097
:10E800001CF90228C7D0002EE0D03046F8F7DCFF14
:10E81000DCE70846F3F754F9E5E784B9F6F788FA38
:10E8200010B1FF2388F8BA332B7A9DF8041083B116
:10E8300000220A48FDF71CFF05E02646EEE7023CF1
:10E84000E4B2012CF0D9002ECDD03046F8F7BCFF51
:10E85000C9E70846F3F734F9F5E700BF71E80200AD
:10E86000290C05000C380020C16A01004832002044
:10E8700073B50E4601AA002105460191F5F766FA27
:10E88000002837D1019B5A782E4B02F01C02D3404E
:10E89000DB072FD52C4C94F8AA34ABB194F8A534EF
:10E8A000AB4211D12846F8F767FA94F8AA24013A46
:10E8B000D2B284F8AA243AB1C2EBC20204F2AA414D
:10E8C00004F2A34018F04BFE019B1B7803F00C03ED
:10E8D000082B16D194F81B3323B91C4840F2491178
:10E8E0001BF008FD94F81B33013B84F81B330D200B
:10E8F00001F0B8FC294696B11548FDF773FE02B049
:10E9000070BD94F81A3323B910484FF4A7711BF067
:10E91000F1FC94F81A33013B84F81A33E7E70DF160
:10E920000200F8F755F9BDF80200E6F709FB2846A2
:10E93000F5F7C2F9FDF732FABDF80200F3F79AF8DD
:10E94000DDE700BF1000110048320020290C05004F
:10E95000C11A020010B50E4B93F840266FF3000267
:10E9600083F840260446E7F719FE0022FE210948F5
:10E97000FEF7B0F80022FE210748FEF7ABF801F0E1
:10E980009DFA2046054ABDE810400121FFF73EB937
:10E990004832002089D502001571010079FA020081
:10E9A00038B5092104461BF0F9FB12490822054637
:10E9B00018F0C5FD70B9F6F79DF9D0B90E4B93F874
:10E9C000B1330BB904F020F8297A2046BDE838406D
:10E9D000F3F7DAB9F6F7ACF930B121460748BDE8EC
:10E9E000384000221BF06BBB2046BDE83840F8F7EA
:10E9F000EBBE38BD5E0B050048320020E9E60200A0
:10EA00002DE9FF41092105461BF0C8FB04460646D7
:10EA100014F8017B082221460DEB020018F0B6FD28
:10EA20003378C82B12D120461BF007F880462046C9
:10EA30001AF0E7FFB8F1020F2CD100F0FB04012C13
:10EA400028D13378C82B2CD1002606E0C22BEAD07F
:10EA5000F6F764F9A8B1002401263946284603F0E8
:10EA6000D9FB08B384B3002500220DF1070311463A
:10EA700002A8F8F7CBFB18BB9DF80700F3F720F8C6
:10EA80001EE013490822204618F059FD20B13378C2
:10EA9000002BC8D10024D7E7F6F72CF90028F6D1CF
:10EAA000D9E700273E46D8E746B10A4B93F8ED1464
:10EAB000284601F00101F3F767F9D3E7002CD3D121
:10EAC00015B12846F8F780FE04B0BDE8F08100BF1C
:10EAD0005E0B05004832002038B500220D460123A8
:10EAE000032104461BF06CFE057021460248BDE878
:10EAF0003840FDF777BD00BF0D4C03002DE9F04F06
:10EB00002A4B1B7889B080463BB9DCF757FB38B9F4
:10EB10004FF0FF3009B0BDE8F08FDCF74FFBF7E7AF
:10EB200008214046DCF76AFB07460028F0D1B8F818
:10EB30000440DFF87CB0043C24B24FF004090546E1
:10EB4000002C13DCD8F80000401B18BF4FF0FF303A
:10EB5000E0E7022B05D1524669462846FDF7A6FCA0
:10EB600021E0692158461BF0C5FBE9E7002FE9D1F8
:10EB7000202CA246A8BF4FF0200A1FFA8AF64A4668
:10EB800031466846DCF750FBB8F80630A41BB144A8
:10EB9000012B074624B21FFA89F9DAD132466946B9
:10EBA0002846FDF7A5FC0546CAE700BF99DF00200F
:10EBB000390C0500F0B58FB0F8F7B8FD064602A88D
:10EBC000FFF79CFF0446B0B9BDF80E30012B51D1C0
:10EBD000014606900E2207A818F0E3FC0822042143
:10EBE00006A80194DCF720FB68B16F48E9F7C6FF7F
:10EBF000F6F780F858B300234FF0FF321721304664
:10EC00001BF0DEFDA5E0042206A90DEB020018F0C2
:10EC1000BDFC01981BF0DCFD0C22082106A8DCF7E6
:10EC200003FB0028E1D1082206A904A818F0AEFCD5
:10EC30005E49082204A818F082FC10B104A8FEF76F
:10EC400011FB5948E9F79AFFF6F754F880B92422E6
:10EC5000122106A8DCF7E8FA03460028CBD106AA61
:10EC600012F8011B002940F096800133122BF7D1D6
:10EC7000002560E0022BBED18DF80300082214218C
:10EC800006A8DCF7D1FA18B14948E9F777FFB2E7EF
:10EC9000042206A90DEB020018F078FC01981BF085
:10ECA00097FD1C22082106A8DCF7BEFA0028EBD14C
:10ECB000082206A904A818F069FC3C49082204A807
:10ECC00018F03DFC10B104A8FEF7CCFA3848E9F77B
:10ECD00055FFAB2201210DF10300DCF7A5FA002856
:10ECE00089D1F6F707F8044600BB9DF80350314B75
:10ECF00005F00305AC22595D8F1C394606A8DCF7E8
:10ED000093FA06A92346224611F8014B0133224407
:10ED1000BB4292B2F8D300287FF46DAF32B106A99E
:10ED20002846E8F7D3FB00287FF465AF9DF9033050
:10ED3000002B14DBBE25BDF80C40641BA4B2802C54
:10ED40003FF659AFE3B20022172130461BF038FDE1
:10ED5000CCB931461848FDF745FC0FB0F0BDBE22D6
:10ED6000022104A8DCF760FA00287FF444AFBDF864
:10ED7000103013F0010F40F21B1508BFC0259B0790
:10ED8000D9D59335D7E72A462146DCF74DFA002836
:10ED90007FF431AFDDE706A90320E8F797FB0028F1
:10EDA0003FF466AF27E700BF97A804005E0B05009D
:10EDB000DDA80400680805000D4C03002DE9F341AF
:10EDC00088461821164605461BF0E8F90C21044632
:10EDD0002846F8F789FD08220746214618F0D6FB99
:10EDE000237A3B72022204F10A0107F1090018F0AC
:10EDF000CDFB237BFB72012B15D102212846F8F7AE
:10EE0000F9FD022204F10D0118F0C0FBC6F1220049
:10EE1000FE22E38A00922946424680B21BF030FE71
:10EE200002B0BDE8F081032B0CD109212846F8F788
:10EE3000E1FD0822074604F10D0118F0A7FB637DF0
:10EE40003B72E3E702485E211BF054FADEE700BFA5
:10EE50004D0C05002DE9F04FDFF878A085B0262590
:10EE600005FB00A5CDE9001200249DF838B085F817
:10EE7000784906469846019BA34228D9009B002763
:10EE800003EB440907E0022208EB4701484618F06B
:10EE900056FB18B10137BB45F5D816E002224946AA
:10EEA0000DF10E0018F072FB95F878291320511C13
:10EEB00000FB0622C9B20AEB4202BDF80E0085F83B
:10EEC00078190E29A2F85A09E4D90134D3E705B01C
:10EED000BDE8F08F483200202DE9F04106460D468E
:10EEE0001BF019F9074630461BF0AAF910F11C0F68
:10EEF00023D010F11B0F1CDA134B98421FD00A339A
:10EF000098421ED030461BF09BF9C4B20221304615
:10EF1000B7F801807F7DF8F7E7FC07704470C5F50E
:10EF2000004022304246314680B2BDE8F04100F058
:10EF3000A1BF2828E6D18D24E8E78424E6E78C24C5
:10EF4000E4E78824E2E700BF52FBFFFF2DE9F74F1B
:10EF500006460D4601921F469DF83080DFF87C90F2
:10EF60001BF0FAF8182130461BF018F94FF0260B69
:10EF70000BFB059A04460146BAF85609F8F7A8F8BB
:10EF800038BB01359AF85839237205F00105019A0A
:10EF9000628103230BFB05952373B5F8560904F131
:10EFA0000D01F8F795F8A0B995F858396375BAF8D6
:10EFB0005639E38239463046B8F1000F04D003B029
:10EFC000BDE8F04F1BF0B4BC03B0BDE8F04F1BF040
:10EFD000B2BCFF2003B0BDE8F08F00BF4832002074
:10EFE00037B5164B93F87819B1FA81F14909262201
:10EFF00002FB0132132592F8782983F8A01905FB4A
:10F00000012203EB420200230093B2F858290C4B73
:10F010000446FFF79BFFFF2805460DD1022120463D
:10F02000F8F762FC8A23057043700548214603B057
:10F03000BDE83040FDF7D6BA03B030BD48320020FD
:10F04000C5F00200F7B51E4C8C4694F8A019262591
:10F05000134605FB0142074692F87869AEB90131C3
:10F06000CDB2012D84F8A05906D10146184603B04F
:10F07000BDE8F040FDF7B6BA84F8546984F87A69BF
:10F0800003B0BDE8F040F8F79FBB132202FB016616
:10F0900004EB4606CDF800C0B6F85829FFF756FF36
:10F0A000FF2801D13846EBE794F8A03905FB03446B
:10F0B00094F87839013B84F8783903B0F0BD00BF8B
:10F0C0004832002010B504461BF025F84378882B01
:10F0D00011D00A4B93F8A029262101FB023300210D
:10F0E00093F87829013A83F87829054A2046BDE843
:10F0F0001040FFF7A7BF034A0121F7E7483200207D
:10F1000015F1020009F10200014A0121FFF79ABF3F
:10F1100009F10200014A0021FFF794BF15F1020036
:10F120002DE9F0470E4688B01C2104461BF036F846
:10F130001C22014601A818F029FA2046BDF80570E6
:10F140001AF0E9FFBDF8072090F800804FF6F7733A
:10F150009A42814604D89DF8043013F00C0F05D074
:10F160002046F8F731FB08B0BDE8F087037B012BA0
:10F1700003D0032BF4D1152500E00F2520461AF00B
:10F18000D4FFA842ECD31C2120461BF007F808222C
:10F19000054609F1010118F0F9F999F809302B72C7
:10F1A000022209F10A0105F10A0018F0EFF999F8B5
:10F1B0000C302B73012B09F10D0A12D1022251469A
:10F1C00005F10D0018F0E2F920480822294618F050
:10F1D000B6F92B7A013BDBB278B9FD2B21D9822518
:10F1E0000FE0032BF0D10822514605F10D0018F075
:10F1F000CDF999F815306B75E6E7FE2B34BF842501
:10F20000822502212046F8F76FFB80F800804570C8
:10F21000C6F5004022303A46214680B200F02AFE70
:10F22000A1E71C212046F8F75FFB1C2201A918F07A
:10F23000ADF92EB1064BAB612046E2F711FC92E727
:10F24000044BAB612046E2F799FE8CE7F0350020D5
:10F250002BA9040025A904002DE9F34704461AF060
:10F260005AFF064620461AF060FF0F2805D82046B0
:10F2700002B0BDE8F047F8F7A7BAB77B1023022524
:10F28000204615FB07371AF050FFB842EFD3B37B87
:10F2900006F101080733204618F8133015FB0375F3
:10F2A0001AF043FFA842E2D3F37A013BDBB2EF2B23
:10F2B00006D98221204602B0BDE8F0471BF03EBBD4
:10F2C000414D95F8547987B995F851293F4885F80B
:10F2D000544902EB421252002146FDF78DFA2046B6
:10F2E00002B0BDE8F047F2F7DFBC95F87A290AB121
:10F2F0008521DFE7FE213548FDF7ECFB38461AF0A3
:10F300000AFFB2898189914207460BD04FF6FF73FD
:10F31000994207D09A4205D0862120461BF00EFB69
:10F32000862145E0BB7BB07B5B000F3300F1070912
:10F33000F918FA5C009006F10F0301310020FFF785
:10F3400089FD08EB490A18F81930BA7B009307F1D8
:10F350000F010AF101030120FFF77CFD95F87839D0
:10F3600095F89E291343D7D00222791C184818F02B
:10F370000DF9FB7A174885F858390222414618F0F2
:10F3800005F9F37A144885F87E3985F87A491AF038
:10F3900071FE064638B9014620461BF0CFFA95F8B3
:10F3A0005409314687E78A2120461BF0C7FA8A2193
:10F3B00095F854091BF0C2FA002385F8543985F8F2
:10F3C0007A3902B0BDE8F08748320020DDF3020050
:10F3D0009E3B0020C43B0020E1EF0200044B0022D2
:10F3E000852183F8542983F87A291BF0A7BA00BF36
:10F3F00048320020034A92F8E03823F0010382F8F3
:10F40000E038704748320020034A92F8E03823F091
:10F41000040382F8E03870474832002070B51F4D71
:10F4200095F8B4332B44064693F8B20308B1163866
:10F43000C0B2E2F78BFA95F8B4332B44044693F844
:10F44000B20308B11638C0B2E2F780FA01382042A0
:10F4500005D113483146BDE87040FDF7C3B80C2113
:10F4600030461AF09BFE0F4B03600423C41803724E
:10F470002046F8F73BFE95F8B4331D4495F8B25397
:10F480000DB1163DEDB22846E2F760FA2946024674
:10F490002046F8F779FC04483146DCE74832002082
:10F4A000B3A90400A9F6020001F5020010B4114C42
:10F4B000B4F8A423B4F85C339A42014607D094F818
:10F4C000B4130D4B5DF8044B8F22F5F729BB94F86C
:10F4D00038385B0704D409485DF8044BFDF782B85F
:10F4E00094F8E03823F0010384F8E0385DF8044B29
:10F4F000F8F76AB94832002071A90400C1F502008A
:10F5000073B5154E96F8E138DA07044606D501467C
:10F51000124802B0BDE87040FDF764B843F0010343
:10F520000C2186F8E1381AF039FE05460822011D43
:10F53000684618F02BF82B68C6F858390821204681
:10F540001AF02CFE0822694618F020F821460448DB
:10F55000FDF748F802B070BD4832002001F5020006
:10F56000C9F8010038B50C4D95F8E248013CE4B209
:10F5700085F8E2483CB1BDE83840084840F678726A
:10F580000021FDF739B995F8E818D5F8E408FDF73A
:10F5900029F8C5F8E44838BD4832002065F5020076
:10F5A000054B93F8E038DB0705D5044840F2BC7200
:10F5B0000021FDF721B9704748320020F5F3020021
:10F5C00013B5044601AA0B480021FDF713FB1C30BC
:10F5D0000AD121460848FDF705F8084A05480021E8
:10F5E000FDF70AF902B010BDFFF7DAFF2046F8F781
:10F5F000EBF8F7E7CFA904001DF402000003570061
:10F6000010B50C4CB4F88833132B12D994F8E028B9
:10F61000D2070ED4B4F88A23B2EB930F09D9064867
:10F620001AF028FD28B994F8E03843F0010384F873
:10F63000E03810BD48320020ADF40200084A92F8CC
:10F64000E13813F0010F014607D06FF30003D2F841
:10F65000580982F8E138FCF7C5BFF8F7B5B800BF24
:10F6600048320020F8B50D4CD4F8E43806460D4673
:10F67000174623B10A4840F217211AF03BFE84F8DE
:10F68000E278C4F8E46884F8E858BDE8F840054832
:10F6900040F678720021FDF7AFB800BF4832002075
:10F6A0005F0C050065F502002DE9F84F06461AF0DB
:10F6B000C7FD30B1FFF774FF3046BDE8F84FF8F7EB
:10F6C00083B83E4C94F8E05815F00405F2D1972128
:10F6D00030461AF063FD864694F8B4C31EF8028BD8
:10F6E0002F46FF212B46A444984543D8602DE1D9ED
:10F6F0005F29DFD894F8B53220210133304684F8F1
:10F70000B5321AF05BFD94F8B433234493F8B25346
:10F71000002D51D10A2130461AF040FD0123BB4093
:10F720000360FE2303716FF0020303724FF0FF3397
:10F7300043722946304601F0C7FDA0F1FF035D4248
:10F740005D41FCF75DFE40F2944239461C48FDF7EE
:10F7500053F894F8E0381B4843F004033C2200219E
:10F7600084F8E038FFF77EFFFFF71AFF002DA3D1E2
:10F77000BDE8F88F00EB43024FEA430992F801A07D
:10F780009CF8B2230AF0070A02B1163A924511D149
:10F7900000EB09029CF8B3B392F801901EF8132015
:10F7A000BBEBD90F4FEAD90A08BF1546914284BF77
:10F7B00057461146013397E70125C2E7483200203A
:10F7C000951C030009F4020070B5084DD5F8C03A45
:10F7D000044623B9064840F21F111AF08BFDD5F8F4
:10F7E000C03A21460520BDE8704018474832002045
:10F7F000750C050070B5084DD5F8C03A044623B91C
:10F8000006484FF4A4711AF075FDD5F8C03A2146A8
:10F810000720BDE87040184748320020750C0500ED
:10F8200070B50F4D044638B995F8A84A24B9BDE81B
:10F8300070400C481AF01EBC0020FEF7F9FDF0F7EE
:10F840006DFAD5F8C03A1BB90748DE211AF052FD0F
:10F85000D5F8C03A21460220BDE87040184700BFE5
:10F860004832002021F80200750C0500054B0522E6
:10F8700083F8B42A1E22A3F8B22A034AC3F8A425A7
:10F88000704700BF4832002025DF020070B5084DE8
:10F89000D5F8C03A04461BB906485F211AF02AFD84
:10F8A000D5F8C03A21460120BDE87040184700BF96
:10F8B00048320020750C05002DE9F043324C94F8D5
:10F8C000A80A85B030B931480021FCF78BFE05B09D
:10F8D000BDE8F0831AF01FFC0025DFF8BC90074656
:10F8E000461DA8463B79AB422DD996F90230002B34
:10F8F0003BDB94F8B03A022B3FD802A8FDF750FD4D
:10F900003078694600F07F00F6F782FF082249460A
:10F910000DEB020017F013FEF8B9F0F777FC08B111
:10F92000F0F7FCF994F8B03A13B96846F0F7E2F949
:10F9300094F8B03A1648C4F8AC5A013384F8B03A97
:10F940001AF098FBA0B994F8A83A002BBBD0002D70
:10F95000BDD03B79AB42BAD1B5E708220DEB02012D
:10F96000684617F0ECFD0028D7D004360135B9E71A
:10F970000848AE211AF0BEFCE5E784F8B08AB378F7
:10F9800043F08003B370F0E74832002021F8020012
:10F9900001E20200750C05005E0B050070B5084D14
:10F9A000D5F8C03A04461BB90648EA211AF0A2FC71
:10F9B000D5F8C03A21460320BDE87040184700BF83
:10F9C00048320020750C050070B5084DD5F8C03AD6
:10F9D00004461BB90648F4211AF08CFCD5F8C03A4D
:10F9E00021460420BDE87040184700BF483200207F
:10F9F000750C050070B5084DD5F8C03A044623B91A
:10FA0000064840F23D111AF075FCD5F8C03A21467F
:10FA10000620BDE87040184748320020750C0500EC
:10FA200070B5084DD5F8C03A044623B906484FF4DE
:10FA3000A9711AF05FFCD5F8C03A21460820BDE84C
:10FA40007040184748320020750C050070B5084D0D
:10FA5000D5F8C03A044623B906484FF4AF711AF0FE
:10FA600049FCD5F8C03A21460920BDE87040184746
:10FA700048320020750C050010B5114CF7F7A4FEB4
:10FA8000FBF714FEF7F75CFDD4F8C03A23B90D4834
:10FA90004FF4C1711AF02EFCD4F8C03A00210A20AC
:10FAA0009847D4F8D8282AB100209047BDE81040E4
:10FAB000E1F7F2BE114604481AF001FBF6E700BF79
:10FAC00048320020750C0500D9EA020010B5014645
:10FAD00010B10948FCF786FD084CD4F8C03A23B9A8
:10FAE00007484FF4D4711AF005FCD4F8C03A00214D
:10FAF000BDE810400B20184759E4020048320020AE
:10FB0000750C050038B504461AF09AFB05462046E8
:10FB10001AF022FB204629461AF099FB0120FBF738
:10FB200067FE5DB1012120461AF038FB0323037004
:10FB300021461148BDE83840FCF754BDF5F7E4F81C
:10FB4000A0B10E482146FCF74DFDF5F7E7F888B166
:10FB50000B4B93F8641F11F002010BD183F88C1347
:10FB6000BDE8384007480722FCF746BE2046FFF7AD
:10FB700041FFEAE738BD00BFC9F70200D1D8020053
:10FB80004832002009BC020010B5074CD4F8C43A32
:10FB900023B9064840F23A211AF0ACFBD4F8C43A33
:10FBA000BDE81040184700BF48320020750C050022
:10FBB00070B50E46042105461AF0F0FA064BB3F86C
:10FBC000A43303800446FFF7DFFFA07031462846C8
:10FBD000BDE8704001F0DABC483200200149FFF76F
:10FBE000E7BF00BFF5F7020070B5084DD5F8C03A81
:10FBF000044623B9064840F245211AF07BFBD5F8AC
:10FC0000C03A21460C20BDE8704018474832002019
:10FC1000750C050070B5084DD5F8C03A044623B9F7
:10FC2000064840F24F211AF065FBD5F8C03A21464C
:10FC30000D20BDE87040184748320020750C0500C3
:10FC400070B5084DD5F8C83A044623B906484FF4B4
:10FC500016711AF04FFBD5F8C83A2046BDE870403F
:10FC6000184700BF48320020750C050070B5084DDC
:10FC7000D5F8C03A044623B906484FF41A711AF071
:10FC800039FBD5F8C03A21460F20BDE8704018472F
:10FC900048320020750C050070B5084DD5F8C03A03
:10FCA000044623B9064840F272211AF023FBD5F826
:10FCB000C03A21461320BDE8704018474832002062
:10FCC000750C050070B5084DD5F8C03A044623B947
:10FCD00006484FF41F711AF00DFBD5F8C03A2146C3
:10FCE0001420BDE87040184748320020750C05000C
:10FCF000044BD3F8D828014602B1104702481AF045
:10FD0000DEB900BF48320020D9EA020070B5084DC4
:10FD1000D5F8C03A044623B906484FF429711AF0C1
:10FD2000E9FAD5F8C03A21460E20BDE870401847E0
:10FD300048320020750C05002DE9F047324EDFF8FF
:10FD4000D0900025A846B2462F46C5EBC5035344C4
:10FD5000EC0093F8643803F00303012B03D196F809
:10FD60006238FF2B34D0631B534403F65800D3F89A
:10FD70005E386BB3027BC2F385033F3303F03F036E
:10FD800063F387020273C3BBD3B203F00303012BF7
:10FD9000A9B22DD196F86228FF2A31D0FF2341EA7B
:10FDA000022186F86238002248461AF088F978B1B4
:10FDB000631B534493F8642883F85E7867F3010269
:10FDC00083F85F7883F8607883F8617883F8642833
:10FDD0000135102D06F10706B7D1B8F1000F11D08B
:10FDE000BDE8F04709484FF4A5720021FCF704BDB7
:10FDF00096F8623841EA0321D5E74FF00108E7E7BA
:10FE00009846E5E7BDE8F0874832002039FD02005A
:10FE100015FE0200F8B5164ECBB2C3EBC3031E4469
:10FE20000746D6F85E380D46F3B10221F7F75CFDC0
:10FE30002D0A852343700570D6F85E083946FCF715
:10FE4000D1FBFF2286F8622896F86428002363F32A
:10FE5000010286F85E3886F85F3886F8603886F8E2
:10FE6000613886F86428F8BDBDE8F840F7F7ACBC07
:10FE700048320020F8B50D46064618212846174698
:10FE80001AF08CF918220021044617F08AFB4FF66D
:10FE9000F7739F42278005D848F234039E421CBF67
:10FEA000042323740223E373668129460248BDE8D4
:10FEB000F840FCF797BB00BF953F01000C490022BA
:10FEC00030B510460D46FF24C2EBC2032B4401326D
:10FED000102A83F85E0883F85F0883F8600883F8C7
:10FEE000610801F1070181F85B48EDD130BD00BF29
:10FEF000483200202DE9F7430646914698460F46C2
:10FF000019B9002003B0BDE8F083204801AA002100
:10FF1000FCF770FE1C3005D11C484FF4A57200217F
:10FF2000FCF76AFC06F52D3303F2A51303F00F016D
:10FF300017480D46B8F1010F4FEAC50405D1631B00
:10FF4000034493F86238FF2B1AD1641B0444D4F89D
:10FF50005E38ABB99DF8281094F8643884F862686C
:10FF6000002968F301030CBF0D21042161F387030D
:10FF7000C4F85E7884F8639884F864380120C1E797
:10FF8000013505F00F05A942D4D1BAE739FD0200C9
:10FF900048320020F8B506461AF0BDF80778DFF8B9
:10FFA0007CC007F52D3303F2A51303F00F021346AF
:10FFB000C3EBC304644494F86218B94225D1D4F861
:10FFC0005E0810B394F8641801F0030101291CD1F4
:10FFD0003146FCF707FB94F86338013BDBB284F849
:10FFE000633883B9FF2284F8622894F8642884F87F
:10FFF0005E3863F3010284F85F3884F8603884F86F
:020000040003F7
:10000000613884F864280020F8BD013303F00F0341
:100010009A42CDD16FF01B00F6E700BF48320020B6
:10002000F8B500F52D3303F2A51303F00F02174FB7
:1000300001461346C3EBC3043C4494F8620888426B
:100040001BD1D4F85E08C0B194F8646806F00306CA
:10005000022E12D1FCF7C6FA94F86338013BDBB2EA
:1000600084F863383BB984F85E3884F85F3884F8E4
:10007000603884F861380020F8BD013303F00F03C5
:100080009A42D7D16FF01B00F6E700BF483200203C
:10009000074B93F85008FD2802D80130C0B27047D2
:1000A00093F85108431E58425841C001704700BFA1
:1000B0004832002008B5FFF7EBFF024B83F85008E9
:1000C00008BD00BF483200202DE9F3410E4618213B
:1000D000054617461AF062F88046FFF7D9FF01215E
:1000E00004462846F7F704FD0470B8F80A30152BCB
:1000F00004BF1A4B83F8D44898F80F30032B16D15D
:10010000404619F0BDFCFF2808BF0020A6B9FFF744
:10011000D1FF844203D01248AA211AF0EBF82946F5
:100120001048FCF75FFA012002F05AFB11E0B8F822
:10013000000019F09EFCE9E7003818BF012000908C
:1001400001233A4631462046FFF7D4FE0028DED18F
:10015000FF24204602B0BDE8F08100BF48320020F5
:10016000890C0500953F0100014B93F8500870473A
:1001700048320020CAB20349034B91F8B413F4F794
:10018000CFBC00BF483200208D0103002DE9F043B1
:100190008BB0064619F0BFFF232290F800904778F5
:1001A0000446011D01A817F0F1F94C213046D4F89E
:1001B0002780224CF7F798FB054680F84B902330B8
:1001C000B9F1000F2ED1B4F8742AB4F8703A134480
:1001D000B4F86E2A03EB42039BB20BB31FFA88F804
:1001E000B8FBF3F31649A4F88E3A282217F0CEF99B
:1001F000232201A9284617F0C9F9902F04D11048ED
:100200002822002117F0CDF9D4F8940A90B1314694
:10021000FCF7E8F90023C4F8943A0BB0BDE8F0838A
:100220000123DFE72822002117F0BBF92322002158
:100230002846E7E73046F7F7C7FAEBE748320020F1
:10024000B43C0020054BD3F8942A22B9C3F8940A91
:10025000034819F034BF6FF00300704748320020A4
:1002600075010300192800F29680DFE800F00D9474
:100270009424942B324039787F861D474E555C6319
:100280006A1694949494718D434AB2F86C3A01338F
:10029000A2F86C3A1F20FBF7ABBA3F4AB2F88C3A8F
:1002A0000133A2F88C3AF5E73B4AB2F87E3A0133C3
:1002B000A2F87E3A7047384AB2F86E3A0133A2F893
:1002C0006E3A7047344AB2F8703A0133A2F8703A85
:1002D0007047314AB2F8723A0133A2F8723A704765
:1002E0002D4AB2F8763A0133A2F8763A70472A4A94
:1002F000B2F8743A0133A2F8743A7047264AB2F859
:10030000803A0133A2F8803AC4E7234AB2F8823A2D
:100310000133A2F8823A70471F4AB2F8843A013397
:10032000A2F8843A70471C4AB2F8863A0133A2F820
:10033000863A7047184AB2F8883A0133A2F8883AE8
:100340007047154AB2F88A3A0133A2F88A3A7047E0
:10035000114AB2F8903A0133A2F8903A70470E4A27
:10036000B2F8783A0133A2F8783A70470A4AB2F8FC
:100370007A3A0133A2F87A3A7047074AB2F87C3ADF
:100380000133A2F87C3A7047034AB2F8923A01333B
:10039000A2F8923A704770474832002010B5044CDA
:1003A00028220021204617F0FCF80023A36210BD8C
:1003B000B43C002030B585B00D46BDF82010044691
:1003C00061BB1022684617F0ECF8294610236A46F4
:1003D0002046F9F72BF80146F0B9144BBDF8002080
:1003E000A3F86C2ABDF80220A3F8782ABDF80420EF
:1003F000A3F87A2ABDF80620A3F87C2ABDF80820C5
:10040000A3F87E2ABDF80A20A3F8802ABDF80C20A4
:10041000A3F88C2A0EF08CFC05B030BD04484FF4D4
:10042000BD7105B0BDE8304019F064BF483200200E
:10043000960C050030B585B004460D46102200210B
:10044000684617F0AEF8124BB3F86C2AADF80020EE
:10045000B3F8782AADF80220B3F87A2AADF8042070
:10046000B3F87C2AADF80620B3F87E2AADF8082050
:10047000B3F8802AB3F88C3AADF80A20ADF80C3006
:100480006A46102329462046F9F7F4FE05B030BD30
:10049000483200202DE9F047074619F03CFE4FF0A6
:1004A000000ADFF89C80DFF89C9005465446D8F897
:1004B00000309C420BD33846F7F786F9BAF1000FAB
:1004C00038D1BDE8F0471C488B2119F013BFD9F88B
:1004D0001C0AE308C25C1AB90133DB00DCB2E6E7B0
:1004E00004F0070C22FA0CF616F0010619D0D9F820
:1004F000181A11F804E029788E4512D1012101FA69
:100500000CF122EA0102C254D9F8200AC25C22EAA4
:100510000102C2546B783BB908482146FCF762F8E7
:10052000B2460134E4B2C2E76FF046012046E3F779
:10053000F3FBF5E7BDE8F087A80C0500953F010047
:1005400078010020483200202DE9F04F89B0DFF813
:10055000ECA0019019F0DFFDDFF8E48090F800B026
:1005600007460124DAF80020944205D3019809B027
:10057000BDE8F04FF7F728B9D8F8202AE508525D12
:100580001AB90135ED00ECB2ECE704F0070922FAE4
:1005900009F2D30719D5D8F8182A125D5A4514D193
:1005A0007A78AAB923482146FCF71CF8D8F8200A23
:1005B0000122415D02FA09F221EA02014155D8F80F
:1005C0001C0A415D21EA020242550134E4B2C9E746
:1005D0001821204619F0E2FD06461422002103A846
:1005E00016F0DFFFF27B8DF81A20B289ADF81420E7
:1005F0003068716803AA03C24FF0FF326FF0170131
:1006000020468DF81B108DF81C208DF81D208DF8CC
:100610001E2019F01CFE0022142120468DF81F20F8
:1006200019F0BCFD03A9142216F0B0FF02482146C0
:10063000BAE700BF953F01007DD902007801002094
:10064000483200202DE9F3410F460C21054619F0F0
:10065000A5FD00F10208044613490822404616F0A1
:100660006EFF18B9FF2002B0BDE8F0810F490822E3
:10067000404616F064FF0028F4D00A212846F7F718
:1006800033F941460646082216F080FFA37A3372FA
:10069000E37A737201222388009229463A460020A9
:1006A0001AF0EEF9DFE700BF5E0B0500560B050000
:1006B00070B50E460C21054619F070FD4FF6FD731E
:1006C0000446314620F8023B082216F05FFF002363
:1006D0006381044B2846D3F8DC18BDE87040FFF76F
:1006E000B1BF00BF483200202DE9F74FCBB28146A1
:1006F0000E4618461821009319F050FD414DDFF8C1
:1007000010A101900124DAF80020D5F81C1A9442B7
:1007100002D34FF0FF0B14E0E2088A5C04F00701FB
:10072000CA40D20745D51821204619F037FD019956
:10073000082216F004FF00283BD1D5F8182A12F839
:1007400004B0D5F81C2AF70806F00708D25D22FA93
:1007500008F2D30703D52C48A92119F0CBFDD5F811
:100760001C1A012202FA08F8CA5D5FFA88F848EA02
:100770000202CA55DAF800309C4234D10C214846B6
:1007800019F00CFD4FF6FD730446019920F8023B69
:10079000082216F0FBFE00231C4963814846FFF740
:1007A00051FFFF2808D0D5F8183A985503B0BDE896
:1007B000F08F0134E4B2A6E74846F7F705F8D5F81C
:1007C0001C2A0098D35D23EA0803D355D5F8202AC4
:1007D000D35D6FF0460123EA0803D35503B0BDE8AB
:1007E000F04FE3F799BA4846F6F7EEFFBBF1FF0F7B
:1007F00003D10548D12119F07DFDD5F8183A03F849
:1008000006B0D3E748320020A80C05009504030089
:10081000780100202DE9F04F0D4685B007461821DC
:10082000E8B219F0BBFC414EB0F800A0DFF8089127
:1008300080460124D9F80030D6F8202A9C4202D301
:100840004FF0000B2CE0E308D35C04F00702D34028
:10085000D90760D51821204619F0A0FC034600688E
:100860005968DB7B02AA032B03C204D102A8F6F766
:100870002FFDADF808004FF6FF739A4503D0BDF881
:1008800008209A4204D12A4840F2591119F032FD49
:10089000BDF8083053453ED1D6F8183A13F804B0E5
:1008A000D6F8202A4FEAD50A05F0070312F80A20E5
:1008B000DA40D20706D51E48019340F2731119F0B1
:1008C00019FD019BD6F8201A01229A4011F80A302E
:1008D000134301F80A30D9F80030A3421ED1022197
:1008E0003846F7F701F8B8F8003003804FF6F77292
:1008F000934204D90E4840F27F1119F0FBFC0D49D8
:1009000038461AF03BF9D6F8184AFFF72DFC605527
:1009100005B0BDE8F08F0134E4B28BE73846F6F756
:1009200053FFD6F8183A03F805B0F1E74832002033
:10093000A80C05004905030078010020F7B504461E
:1009400019F0F3FB0228204604D803B0BDE8F040BC
:10095000F6F73ABF19F0DFFB0146022211F8017BDE
:100960000DF1060016F012FE1C21204619F016FCAF
:10097000042106462046F6F7B7FF07701D4FBDF865
:100980000630B7F8A4239A42054630D100234370BD
:10099000B6F80930022B07D0032B1DD01648712161
:1009A00019F0A8FC002709E00D212046F7F722F8EE
:1009B00007F6F4011AF0E9F948F2020702220DF1F4
:1009C0000601A81816F0E2FDB6F8012021463846C7
:1009D000FFF750FA03B0F0BD02212046F7F70AF8FE
:1009E00007F601111AF0F6F948F20307E6E781234A
:1009F0004370D7E748320020B70C05002DE9F341DA
:100A0000054619F088FB0190284619F08EFB032853
:100A100005D82846F6F7D8FE02B0BDE8F081019B64
:100A200001A913F8016B01930DF1020019F047FEC3
:100A3000019B1C21284693F8008019F0AFFB05218B
:100A4000B0F801702846F6F74FFF234B06700022DE
:100A50000271BDF802100446B3F8A403884239D1EC
:100A6000B8F1000F17D093F85009164603F62C136F
:100A7000904207D88EB9B8F1FF0F14BF83238223A9
:100A800063701AE053F8041F91F800C00132C445A6
:100A900008BF0E46ECE703F60316F379B179194463
:100AA0004900083100232171637001F0FE012846DE
:100AB000F6F7A0FF31461AF090F902220DEB020181
:100AC000A01816F063FD3A46294648F20400FFF7E5
:100AD000D1F9A1E78123D3E7483200202DE9F04185
:100AE0008EB04FF6FF7305460C46ADF8023019F094
:100AF0001CFB0A2805D82846F6F766FE0EB0BDE8AE
:100B0000F081284619F007FB01460A2211F8018BF3
:100B100004A816F03BFD08220DEB020004A916F014
:100B200035FD1C21284619F039FB1C2201460DEB2E
:100B3000020016F02BFD0C212846F6F7D5FE082200
:100B4000064604A93B4816F0FAFC78B93A4BB3F8CC
:100B5000A433ADF80230BDF802204FF6FF739A427D
:100B60000FD114F00C0FC6D1812313E004A818F0A4
:100B700064FF0228EFD104A8F6F7AAFBADF8020043
:100B8000E9E79DF81830012B1CD9C4F38104022C2D
:100B9000B1D0802308220DEB0201737086F800802B
:100BA000B01C16F0F3FC02220DEB020106F10A0064
:100BB00016F0ECFCBDF81D2029464FF40040FFF76D
:100BC00059F99BE78BB3F4F7B3F870B31A490822CD
:100BD000B1F8A433ADF802300DEB020001F56A71F3
:100BE00016F0D4FC01212846F6F704FF0746F2F779
:100BF00065FF3870C8B19DF81920904217D9841A42
:100C0000E4B2212C28BF2124012101EB4401284614
:100C1000F6F7F0FE03469DF8190003F8010B01AA50
:100C200021460193F2F77EFF38700023B2E70024DB
:100C3000EAE700BFF0350020483200202DE9F041FE
:100C40008CB005460C4619F070FA042805D82846E1
:100C5000F6F7BAFD0CB0BDE8F0814D49082203A8B3
:100C600016F094FC284619F056FA014604220DEBC2
:100C7000020011F8018B16F089FC1C21284619F09E
:100C80008DFA1C22014605A816F080FC022201A95B
:100C90000DEB020016F07AFC0C212846F6F724FE34
:100CA0003C4B0646B3F8A433BDF80200834208D09B
:100CB00018F0B5FE022804D014F00C0FC7D1812320
:100CC00009E09DF80630012B1CD93349082203A8FE
:100CD00016F05CFC8023737003A986F8008008225C
:100CE000B01C16F053FC02220DEB020106F10A00C3
:100CF00016F04CFCBDF81520294648F20100FFF71C
:100D0000B9F8A7E763B9BDF8020003A9F6F7E0F95F
:100D100020B122484FF4477119F0ECFA0023DAE7CA
:100D2000F3F7FCFF04460028EDD19DF80670012F73
:100D3000F4D1F3F7FDFF0028F0D00822164903A8EC
:100D400016F024FC39462846F6F754FE0746F2F71B
:100D5000B5FE38700028E1D09DF80730984204D9DC
:100D6000C01AC4B2212C28BF2124012101EB440167
:100D70002846F6F73FFE03469DF8070003F8010BEF
:100D800002AA21460293F2F7CDFE3870C6E700BFF3
:100D9000560B050048320020F0350020B70C050046
:100DA00070B588B0044619F0C0F90228204604D86E
:100DB00008B0BDE87040F6F707BD19F0ACF9014680
:100DC000022211F8016B2F4D684616F0DFFB1C2143
:100DD000204619F0E3F91C22014601A816F0D6FBC3
:100DE000022269460DEB020016F0D0FBF3F796FFE6
:100DF00028B1B5F8A423BDF802309A4230D1B5F835
:100E0000A423BDF800309A4239D195F85019B1B3F6
:100E10000531C9B22046F6F767FD0023437006701E
:100E2000BDF80210023019F054FC034695F8502921
:100E300003F8012B144995F850691A1A013A9642A1
:100E400008D8BDF80520214648F20500FFF712F842
:100E500008B070BD51F8042F127803F8012BEAE7AF
:100E6000802505212046F6F73FFD06704570BDF848
:100E70000010023019F02DFC00230370E1E78125FA
:100E8000EFE700BF48320020743B00202DE9F04F0F
:100E90001C218BB0054619F081F908220021064675
:100EA00005A816F07EFB284619F03FF9062805D85C
:100EB0002846F6F789FC0BB0BDE8F08F284619F0FC
:100EC0002AF990F805900446284619F02EF904EB0B
:100ED000490407462846A47919F027F94FEA49083A
:100EE0000738A0EB0800B0EB440FE1D308F101088C
:100EF000063FB845DCD8284619F00DF901460446EE
:100F000011F8013B019302220DF11E0016F03EFB89
:100F1000E11C022208A816F039FB063414F8011C63
:100F20008DF8221014F811308DF82330B6F8012016
:100F300002921944B6F8032003924900284619F09A
:100F40002DF99DF8222007461AB1214619F080FF9D
:100F500004469DF8232032B19DF82200611C07EB66
:100F6000400019F075FFDFF84491BDF81E30B9F864
:100F7000A4239A4232D1DFF838A14FF0000844464A
:100F8000AAF62C1B9BF8502942453FD8B4B32746FC
:100F90000024791D2846F6F7A7FCBDF81E304FF651
:100FA000F7729342064688BFB9F8A433ADF8123001
:100FB0000DF112010222023016F0E8FA019B3370A3
:100FC0003A4605A93771701D16F0E0FA029A74705E
:100FD000294648F20600FEF74DFF6CE74FF6F77220
:100FE0009342C8D8F3F79AFE00285DD1BDF81E00E1
:100FF00018F0F9FC01280CBF89248124039A4FF6CC
:10100000F7739A423FF654AF0027C2E75AF8046FCD
:10101000BDF82020B6F80110914203D04FF6FF71C1
:101020008A4231D1002214E036F81CE037F8110072
:10103000864508D12146327805A819F061FE0123C2
:101040000446002129E001319DF822008842EBD8B6
:101050000132B179914201D80023F2E7002102F177
:10106000040CF1E7B2799DF822E00A440432864488
:1010700036F8122037F81EE0724508D12146327842
:1010800005A819F03DFE044608F101087AE7013091
:101090009DF823208242E5D80131F2798A42F3D9C2
:1010A000002BF1D11846F3E78024A7E7483200204F
:1010B000743B0020014B93F88E03704748320020A8
:1010C0000149FEF775BD00BFCD10030070B5084D96
:1010D000D5F8C03A04461BB90648762119F00AF93A
:1010E000D5F8C03A21461020BDE87040184700BF2F
:1010F00048320020C60C050070B5084DD5F8C03A3E
:1011000004461BB906487F2119F0F4F8D5F8C03A17
:1011100021461120BDE87040184700BF483200202A
:10112000C60C050008B5ECF70BF8024B024AC3F8F1
:10113000782708BD48320020D95F020037B5044641
:1011400019F07EF8054630B10F48214603B0BDE8DE
:101150003040FBF747BA0D48012211460DF1070355
:10116000B0F8A403F5F788FFF5F7C8F80120FAF7FF
:101170003FFB29460648FBF735FA21460548FBF7B1
:1011800031FA03B030BD00BFF9100300483200202F
:101190009DDD0200C110030008B5F3F7ABFD38B9BF
:1011A000044B93F8680A80F00200C0F3400008BDC9
:1011B0000120FCE748320020044B93F8682A80F0B5
:1011C000010060F3410283F8682A7047483200202A
:1011D00008B5F3F78FFD38B9044B93F8680A80F02F
:1011E0000400C0F3800008BD0120FCE74832002065
:1011F000044B93F8682A80F0010060F3820283F8C0
:10120000682A70474832002010B50446F3F772FD93
:10121000E8B91CF0BAFED0B1FFF7DAFFB8B9237D08
:101220001B0714D4B4F8092093B2062B0FD93A2B1C
:1012300012D81C2B04D8A3F11002052A09D910BD1D
:101240001D3B0C489BB2D84010F00100F7D00120A4
:10125000F5E74FF42C10F6E748F206018B4202D86E
:1012600012F4004FF2E703F5FF4370339BB2012BFA
:10127000E5D8ECE70700303808B5F3F73BFD38B99F
:10128000044B93F8680A80F00800C0F3C00008BD62
:101290000120FCE748320020044B93F8682A80F0D4
:1012A000010060F3C30283F8682A704748320020C7
:1012B000044B93F8682A80F0010060F3041283F86D
:1012C000682A704748320020F7B50F460A210446C5
:1012D00018F064FF052105462046F6F705FB0422B9
:1012E0002946064616F052F92B793371FD2B20D989
:1012F00001212046F6F77EFB164B93F8B5320370BA
:101300002021204618F075FF3379FF2B07D10221E9
:101310002046F6F76FFB0222A91D16F037F9FE22D0
:101320002B89009221463A46382019F0A9FB03B0D8
:10133000F0BD052B06D801212046F6F75BFB6B7943
:101340000370ECE7034B93F86E3F5B07F3D4FF2089
:10135000EDE700BF4832002073B50D460221044678
:1013600018F01CFF022106462046F6F7BDFA31466A
:101370000222094E16F00AF90123C6F8D0580022BD
:10138000009321464FF6FD73152019F079FB86F87E
:10139000D40802B070BD00BF483200202DE9F041F2
:1013A000884688B00B21044618F0F8FE0B2201464F
:1013B00005A816F0EBF809212046F6F795FA20214A
:1013C0000546204618F015FF082205A9284616F004
:1013D000DDF89DF81E302A7A564EC3F3801363F36E
:1013E00086122A729DF81E30D2B2DB0963F3C7124F
:1013F0002A72BDF81C20B6F8A4339A4254D1FEF7E5
:1014000059FE96F8EC3413F0010507466AD12046E0
:1014100018F081FE0922014602A816F0B7F802A8CA
:1014200018F02EFBFF2808BF0020B8F1000F0BD0EA
:10143000003818BF0120012300901A464146384663
:10144000FEF758FD002871D0B84696F8EC3496F8AF
:10145000B1030122AA40134386F8EC3408B901F025
:10146000D3FA05F59B7506EB8503B6F8A42326F899
:1014700025200A212046DF709C7018F08FFE08227C
:101480000DEB0201054616F081F89DF810302A4850
:10149000C3F380132B729DF81030C3F3C0136B722B
:1014A0002146FBF79FF833E0082206F56A7105A88C
:1014B00016F045F80028A2D0BDF81C204FF6F773AF
:1014C0009A4204D91D4840F2531118F013FF01232A
:1014D00000934246BDF81C302146342019F0D0FA62
:1014E000804615E099071BD55A071BD51B071BD54E
:1014F000B8F1000F10D002212046F6F7F5F98A2343
:101500000770437021464046FBF76CF84FF0FF0828
:10151000404608B0BDE8F0812046F6F755F9F5E7FA
:10152000012574E7022572E7032570E74FF0FF08F5
:101530008BE700BF483200204D460200D60C050064
:101540007FB50125022304462A460095FEF7D2FC0A
:101550000421204618F022FE0422014603A816F0BA
:1015600015F82946204618F019FE2A46064600219D
:1015700016F017F89DF80E30337021460248FBF73D
:1015800031F804B070BD00BFC9F101007FB50D4650
:101590000421044618F002FE1D4E0146042203A851
:1015A00015F0F4FFBDF80C20B6F8A4339A4206D12A
:1015B00020462946FFF7C4FFFF2004B070BD02217A
:1015C0002046F6F791F99DF80E30FE2B28BFFE233A
:1015D000037096F8643FDB074CBF9DF80F30012382
:1015E0004370BDF80C204FF6F7739A420DD92021B5
:1015F000204618F0E3FD012300932A46BDF80C3085
:101600002146362019F03CFAD7E7FE23F4E700BF65
:101610004832002038B504460120FAF7E9F824B929
:101620000C4840F2E63118F065FE0B4DD5F8D03984
:1016300053B1204618F06FFD0178D5F8D009002984
:1016400018BF8B21FAF7CEFF2046BDE83840F6F7E9
:10165000BBB800BFEB0C05004832002010B50121DB
:10166000044618F09BFD054B93F83A380370214669
:101670000348BDE81040FAF7B5BF00BF483200206C
:10168000C9F101001FB5044620B90C484FF472712E
:1016900018F030FE0A4B93F8B4130B44002293F871
:1016A000B3338DF80F30074B01930123009320468D
:1016B0000DF10F03F3F700FA04B010BDEB0C0500B9
:1016C0004832002015160300034B93F8ED1401F087
:1016D0000101F0F759BB00BF483200207FB5044636
:1016E00018F019FD0422014602A815F04FFF9DF8DD
:1016F0000830364D002B56D104212046F6F754F918
:10170000204618F012FD032804D8314840F2377102
:1017100018F0F0FD204618F0FEFC0422014603A854
:1017200015F034FF04212046F6F73EF9204618F064
:10173000FCFC4307C6B204D0254840F23C7118F0C7
:10174000D9FD07212046F6F7D3F995F85C3A0370E6
:101750000023437095F8593A83709DF80E30C3709A
:101760009DF80D300371F6089DF80C3043718671B9
:10177000B5F85E2A4FF6F7739A421ED9202120460B
:1017800018F01CFD01212046F6F70EF9FF23009307
:10179000B5F85E3AD5F8602A214648F23A0019F0C9
:1017A0006FF904B070BD02212046F6F79DF895F858
:1017B0005C3A03708F234370DAE7214648F23A001F
:1017C000FEF758FBE6F760F9EBE700BF4832002070
:1017D000EB0C050070B5044618F0A7FC012804D8EE
:1017E0002046BDE87040F5F7EFBF194D95F8583A1F
:1017F00043B395F8B535DB0728D5204618F08BFCA8
:101800001C21037885F85C3A0646204618F0C6FC91
:10181000B0F80130A5F85E3A0C2120467678F6F74C
:1018200063F88623037095F8B4334370094BC0F80E
:10183000023009238672C37221460748BDE8704012
:10184000FAF7D0BEBDE87040E6F74AB970BD00BFF8
:1018500048320020DD160300D138020030B52A21BD
:101860008DB0044618F09AFC2A22014601A815F012
:101870008DFE0B212046F6F737F805460B2201A90D
:1018800015F084FEAB7A7BB1392B04D90E4840F2B7
:10189000932118F02FFDA97A2046F6F7ABF8AA7A23
:1018A0000DF10F0115F072FE9DF82C50BDF82A20A5
:1018B00048F2380348F239002146002D08BF184687
:1018C000FEF7D8FA0DB030BDEB0C05002DE9FF474F
:1018D00000230293054618F01EFC80461C21284672
:1018E00018F05CFC98F8053098F80070FE2B06465E
:1018F0004ED1284618F019FC062842D9042208F1D6
:10190000010102A815F042FE98F80530FE2B04D123
:1019100002980FF001FB002843D0DDF808905FEA41
:10192000D9643ED198F805A0BAF1FE0F6AD12046DD
:101930000DF10601F6F712FB0446E0B903A9F6F72C
:1019400027FB0446B8B96E4B93F8B423134493F8BD
:10195000B23383B909F1FF3313EA090F0BD19DF8B4
:10196000061039FA01F306D09DF80C30012202FA74
:1019700003F399453BD9B6F803204FF6F7739A4223
:1019800017D9002D00F0B2802846F5F71DFFADE015
:10199000FF2B25D0052BACD9284618F0C6FB05280F
:1019A000EFD9B6F803204FF6F7739A42E9D84FF013
:1019B000FF342A212846B6F8018018F0EFFB2A22CE
:1019C0000021064615F0EDFD003C18BF0124E4019E
:1019D00074703770A6F826802846FFF73FFF85E031
:1019E000284618F0A2FB082887E70131C9B202FA9D
:1019F00001F313EA090FF8D040F24A224148FAF7FE
:101A0000FBFEB8E7BAF1FF0F35D103A8F6F76EFB7E
:101A10000299DFF8EC9021F0784103A818F05BFC04
:101A200008F1070102220DF1060098F8064015F0B2
:101A3000ADFD99F8B532BDF80680A34202D34FF050
:101A4000FF3498E718F0C6FF18B9B9F85C33002BDB
:101A5000F5D1039820F07841C00E1CBF1638C0B2F3
:101A6000DFF76CFF012089F8B542A9F85C83F9F72C
:101A7000BFFE04467FE7BAF1050F3AD81C2128467D
:101A800098F8068018F08AFBB0F803204FF6F77339
:101A90009A4202D9B6F8032087E7B8F1010FF9D8C6
:101AA000B0F80180284618F036FB0C21077828464C
:101AB00018F074FB144B0360061D80F808A0304634
:101AC000F6F714FB4A4621463046F6F75DF90C4B13
:101AD0000E4893F85C29A3F8568964F3410229461D
:101AE00083F8547983F85C29FAF77CFD04B0BDE8EB
:101AF000F087074840F2A71118F0FCFB3BE700BF56
:101B000048320020BD1C0300151B030001F5020034
:101B1000EB0C0500F0B597218DB0044618F03EFBA4
:101B20002A220546002101A815F03BFD204618F0A9
:101B300087FB30B92B781B2B03D9C221204618F024
:101B400086FB204618F07CFB0346F8B90DF10E0029
:101B5000AE1C01272A78DDF806109A4237D88DF896
:101B60000E206B7813F0070213461CBF1633DB06FA
:101B700021F0784119431D4BCDF80610B3F88823A6
:101B8000B3F88A33ADF80A20ADF80C30174B93F850
:101B900054298DF80420B3F8562993F85C39ADF830
:101BA0002A20C3F3400320468DF82C3018F048FB60
:101BB0002A218DF80500204618F0F0FA2A2201A902
:101BC00015F0E4FC2046FFF749FE0DB0F0BD16F815
:101BD000132000F8012F05EB430201335278D2089D
:101BE00007FA02F20A43CDF80620B3E74832002094
:101BF0007FB51C21054618F0D1FAB0F803304FF636
:101C0000F77293423CD8214CB4F8A423934237D1C5
:101C1000B4F85C239A4233D1284618F07CFA0B22A0
:101C20000146064601A815F0B1FC9DF805303BBB06
:101C30009DF80E3023B3DDF80620D30E20D194F8A2
:101C4000B433234493F8B213D1B993F8B3130123F7
:101C50008B40134214D0F37A602B11D994F8E038FA
:101C6000D9070DD494F83828520709D443F001035A
:101C70002946074884F8E038FAF7B4FC04B070BD90
:101C8000284604B0BDE87040F5F79EBD48320020FC
:101C9000C1F5020010B50446F0F7C0FF054B064839
:101CA00093F8B423134483F8B343BDE8104018F00D
:101CB000E1B900BF4832002085160300034A92F8BC
:101CC000B532013382F8B532FFF7E4BF4832002065
:101CD00073B5054618F01FFA1C210446284618F073
:101CE0005DFA2146022211F8014B06460DF106006D
:101CF00015F04CFC114BBDF80620B3F8FC3813402E
:101D0000ADF80630ABB104212846F5F7EDFD02220F
:101D10000023047043700DF10601104415F036FCE9
:101D2000B6F80120294648F21500FEF7A3F802B0E4
:101D300070BD2846F5F748FDF9E700BF483200209E
:101D40002DE9F04F87B0824618F0EFF90128504690
:101D500004D807B0BDE8F04FF5F736BD18F0DBF951
:101D60001C210546504618F019FAB0F801300393CB
:101D70002B780193F2F73AFB6B78834231D2F2F77A
:101D800035FB6B78C41AE4B2032C28BF03246B78AC
:101D900002931621052301FB04315046F5F7A4FDFB
:101DA0004FF00008019B037080F801800746F2F7AE
:101DB0001DFB029BFB70DFF8F4903A4BB8703C714E
:101DC0007D1DC3461A685A4500D964B9019B039A20
:101DD0003B70514648F2310007B0BDE8F04FFEF7C6
:101DE00049B80024D3E71326D9F8C02406FB0BF624
:101DF000925DD20752D5029A90454BD32A490822C8
:101E0000284615F0C3FBD9F8C02432440DF1160161
:101E1000D27905F10800F4F75FFEBDF816202A829A
:101E2000AA7C204B02F0FC02AA74D9F8C014895D88
:101E3000C1F381010A4302F0F302AA74D9F8C01475
:101E40003144013C4978C1F3400142EA810202F089
:101E50008702AA74D9F8C0143144E4B24978C1F3B6
:101E6000820142EA0112AA74D9F8C024324416351C
:101E70005278C2F3000205F8032CD9F8C024925D11
:101E8000C2F3031205F8022CD9F8C02432441279A7
:101E900005F8012C08F101085FFA88F80BF1010B35
:101EA00090E700BF5C010020F4340020483200209D
:101EB0002DE9F04F85B0064618F037F9012805D80E
:101EC000304605B0BDE8F04FF5F77EBC304618F05F
:101ED00022F91C210446304618F060F9B0F80320BE
:101EE00094F800904FF6F7739A428346E8D8037847
:101EF00013F00C0FC3F38108E2D165783F4C94F8DE
:101F00005176AF4230D97F1BFFB2032F28BF032782
:101F100007EB470ACAEBCA0A0AF105013046F5F792
:101F2000E3FC80F800904FF0000980F8019094F8ED
:101F30005136837007717B19304FC570441D019372
:101F4000019B9D4212DBC24504D9AAEB0801304631
:101F5000F5F70CFDBBF80120314648F2330005B01F
:101F6000BDE8F04FFDF786BF4746D1E7D7F85C26BE
:101F7000D7F8580602EBC502EB00D17903938A002B
:101F800010F8211002922046F4F7E0FDD7F8581619
:101F9000029A039B114449782172D7F858161144CC
:101FA0004A88A4F80920D7F85C261A449279E2728C
:101FB000012A08D0032A0ED0C84401354C445FFAE8
:101FC00088F8EDB2BCE7D7F85C261A444FF00E094A
:101FD0009388A381F0E7D7F85C2602931A4404F1B2
:101FE0000C001179F4F7B2FDD7F85C26029B1A4475
:101FF0004FF0150953792375DEE700BF4832002002
:102000002DE9F04186B0044618F085F81C210746FA
:10201000204618F0C3F80922791C064603A815F0DB
:10202000B5FA204618F081F8092805D9B6F803203A
:102030004FF6F7739A4205D92046F5F7C5FB06B06F
:10204000BDE8F081F08917F0CEFC0546F2F766FE98
:1020500008B1002DF0D16A48082203A915F06FFAE3
:10206000002844D06749082203A815F068FAB0FA9E
:1020700080F56D09F089F0F7B9FE804600284CD153
:10208000FFF7FAF8A8B3002D74D15F4B93F8EC3446
:10209000D90700F1A08000235B4A012092F8EC14DC
:1020A0009840014303F59B7382F8EC1402EB830123
:1020B0003878C870B6F8010022F823008C702046EA
:1020C0000A2118F06BF803A90822054615F05EFAFC
:1020D0009DF814304D48C3F380132B729DF81430D3
:1020E000C3F3C0136B722146FAF77CFAA7E7012508
:1020F000C0E79DF91430002BC5DB4249082203A834
:1021000015F01DFA30B14249082203A815F017FA5C
:10211000002851D1002DB8D08EE73A49082203A8F3
:1021200015F00DFAE8B13A49082203A815F007FAAC
:10213000B8B1002211460DF1070303A8F5F766F8C0
:10214000014670B99DF8070002AAF1F7FFFD40B9FA
:10215000F2F7EEFD28B1029B5B7803F01C03042B21
:1021600091D0B8F1FF3F2AD0002D8ED018F1280F62
:102170003FF462AF9DF81430234AC3F38011C3F3D8
:10218000C01343EA410392F8ED1482F83D4821F070
:1021900003010B4382F8ED34002502212046F5F7B8
:1021A000A3FB3B7803704570B6F80120214648F246
:1021B0003400FDF75FFE42E76FF02708B9E70DB185
:1021C0008425EAE7104B93F8EC34DA07F8D59D073D
:1021D000F6D5842205E00C4B93F8EC3498070AD529
:1021E0000022590705D51B0707D40323002AE7D18E
:1021F00052E70223FAE701234EE78A25CDE700BF25
:10220000F03500205E0B0500483200204D460200EC
:10221000560B0500F8B5254D95F8EC3407460C46ED
:10222000002605F2DA4223FA06F1C90739D512F879
:102230002610B94235D102213846F5F755FB06F58F
:102240009B7305EB8302D2780270447035F823202B
:10225000B5F8A4330124B440E4439342E4B21AD164
:1022600095F8EC343846234085F8EC34FDF792FEBF
:102270001C3009D13846FFF727FA95F8EC341C409A
:1022800085F8EC44012005E0094817F0F3FE00282A
:10229000F3D00020F8BD394648F23400FDF7EAFDDE
:1022A000EBE70136042EBED1F3E700BF4832002031
:1022B000C91603002DE9F843044617F02CFF064623
:1022C000204617F032FF022804D82046BDE8F84324
:1022D000F5F77ABA1C21204696F80090304D17F099
:1022E0005DFF0746F2F706FD48B102F00FF995F8D9
:1022F0003836C0BB5A0602D42A4817F0BBFE7378A2
:10230000FE2B28BFFE2385F83A3895F8383843F07D
:10231000020385F83838B7F803204FF6F7739A426E
:102320004FF000062CD802212046F5F7DDFA804652
:102330000222002115F035F988F80090F2F7F8FC38
:10234000002808BF842688F80160F2F7F1FC08B184
:1023500085F83948B7F80120214648F23600BDE833
:10236000F843FDF787BD5B0602D40E4817F082FEE6
:10237000B7F803204FF6F7739A420CD88026D2E7BD
:1023800085F83968F2F7D4FC28B121460648BDE843
:10239000F843FAF727B9002C97D1BDE8F88300BFBE
:1023A000483200200DAF04005D16030010B5014651
:1023B00004460548E5F7C8FB20B92046BDE81040B3
:1023C000F5F702BA10BD00BFD517030070B504467B
:1023D000F2F7A4FC00283BD01E4DFBF79DF995F8C1
:1023E000103A13F0040600D128B98CB32046BDE89A
:1023F0007040F5F7E9B97CB9174817F03BFE38B3E0
:10240000224621461448FAF765FB21461248BDE8EA
:1024100070402122FAF7F0B90521204617F0BEFEE0
:102420000670D5F8FC39C0F8013095F8103A43F041
:10243000040385F8103AD5F8083A1BB915F0C0FE28
:10244000C5F8040A21460548BDE87040FAF7CAB845
:1024500070BD00BF48320020CD230300C1480200F8
:1024600008B5F2F75BFC70B1094B93F8101AD3F87A
:10247000F029890708D5D3F8DC19914294BFC3F835
:10248000F819C3F8F82908BDC3F8F829FBE700BF1D
:102490004832002008B5F2F741FC80B10E4BD3F86A
:1024A000002AD3F8F4190A430AD193F8102A9207A4
:1024B0004CBFD3F8DC29D3F8E429C3F8FC2908BDC4
:1024C000D3F8EC29D3F8E819914238BFC3F8E829CA
:1024D000D3F8E829F1E700BF4832002037B5F2F71A
:1024E0001DFCD8B1144D95F8103A5A0716D4C3F311
:1024F000C0011B0712D41148019101AAFAF77AFB17
:1025000070B1FFF7C7FF002211460C48FAF7E2FA54
:10251000D5F8FC2909480021FAF76EF903B030BD5F
:10252000019C15F04DFED5F8FC39E41A241A6FF021
:1025300000439C42F2D2E4E748320020CD2303005E
:1025400038B5F2F7EBFBB0B10B4C94F8B15395B939
:10255000D4F8F4397BB109482A462946FAF7BAFA81
:10256000D4F8003AC4F8F4592BB9FFF779FFBDE865
:102570003840FFF7B3BF38BD483200204125030083
:1025800070B5F2F7CBFBB8B10C4C0D48D4F8005A3B
:10259000D4F8F46900221146C4F8002AFAF79AFA2E
:1025A000354309D0FFF75CFFD4F8F039C4F8E839B7
:1025B000BDE87040FFF792BF70BD00BF48320020F9
:1025C0008125030070B50646F2F7A8FB30B32F4B08
:1025D000D3F8005A002D55D0D3F8084AD3F8FC1987
:1025E000D3F8EC29DEB90134012CC3F8084A06D827
:1025F000914240D2C3F8FC29C3F8E8290EE001EB70
:102600004101B2EB510F4FEA5100F3D8D3F8F8294A
:10261000C3F8FC099042EDD8C3F8E80970BD012C5D
:102620009FBF89000520B1FBF0F1C3F8FC19002120
:10263000C3F8081AD3F8FC19013D9142C3F8005AB7
:1026400013D2C3F8FC29D3F8004AC3F8E829002CB8
:10265000E4D1224621460E48FAF73CFA21460C48BE
:10266000BDE870401622FAF7C7B8D3F8F8298A42B5
:10267000E7D30A46E7E7D3F8F8298A42BAD3C3F882
:10268000E819CBE7BDE87040FFF704BF48320020EF
:102690008125030008B5F2F741FB80B1084BD3F860
:1026A000002A93F8101A003A18BF012262F30411AD
:1026B00083F8101ABDE808400120FFF783BF08BD6A
:1026C0004832002070B5F2F729FBF0B10F4C94F8B6
:1026D000103AD4F8006A43F00202C3F340059B07A6
:1026E00084F8102A11D4FFF7BBFE2A462946084871
:1026F000FAF7F0F9D4F8E02905482946FAF77CF80A
:102700001EB9BDE87040FFF7E9BE70BD4832002039
:102710003FAF040010B5F2F701FB88B1094C94F803
:10272000103A9A070CD56FF3410384F8103AFFF77B
:1027300097FED4F8003A1BB9BDE81040FFF7CEBEB3
:1027400010BD00BF4832002010B50446F2F7E6FA8B
:1027500088B1094A92F8101A84F0010363F300016A
:1027600082F8101A3CB92046FFF7EAFE2046BDE881
:102770001040FFF705BF10BD4832002038B50546B0
:10278000F2F7CCFA38B3144C94F8B1331BBB94F87D
:10279000103ADB071FD4D4F8F419E1B9DDB14FF4D6
:1027A0007A7343F6FF3203FB05220C484FF4705353
:1027B000B2FBF3F2C4F8F429FAF71EF8D4F8003AA1
:1027C0004BB9D4F8F039C4F8E839FFF749FEBDE851
:1027D0003840FFF783BE38BD483200204125030052
:1027E00037B50546F2F79AFA58B3174C94F8B13357
:1027F0003BBB94F8101A11F0010122D1D4F8003A31
:1028000012482B4401AAC4F8003AFAF7F3F910B9B8
:10281000019BC4F80C3A002211460C48FAF75AF909
:102820000A4840F2DE320021F9F7E6FF0023C4F83F
:10283000083AD4F8EC39C4F8E839C4F8FC39FFF7A1
:102840004DFE03B030BD00BF48320020812503009B
:1028500008B5F2F763FA68B1074A92F8103AD90658
:1028600008D56FF3041382F8103ABDE80840012040
:10287000FFF7B6BF08BD00BF48320020034BD3F8B6
:10288000000AB0FA80F04009FFF7AABF48320020E2
:1028900038B5154CD4F8003A23B315F091FCD4F8B0
:1028A000003A013BC4F8003AD4F80C3A0546ABB103
:1028B0001B1A6FF00042934210D2002211460B48BF
:1028C000FAF708F9D4F80C2A0848521B0021F9F746
:1028D00093FFBDE838400020FFF774BE0023C4F822
:1028E0000C3AF6E738BD00BF4832002081250300CE
:1028F00010B50446F2F712FA80B14FF47A7343F63A
:10290000FF3003FB04004FF47053B0FBF3F0044BB3
:10291000C3F8DC09BDE81040FFF7A2BD10BD00BF41
:102920004832002038B50546F2F7F8F9E8B10F4C07
:102930004FF47A7343F6FF3003FB05004FF47053F6
:10294000B0FBF3F094F8103AC4F8E0099B070CD5FB
:10295000002211460648FAF7BDF8D4F8E0290448E9
:10296000BDE838400021F9F747BF38BD48320020A4
:102970003FAF040010B50446F2F7D0F960B14FF450
:102980007A7343F6FF3003FB04004FF47053B0FB3F
:10299000F3F0024BC3F8E40910BD00BF4832002039
:1029A000024B93F8100AC0F34000704748320020F1
:1029B000054BD3F8E4394FF4705253434FF47A7017
:1029C000B3FBF0F0704700BF4832002008B5F2F7C3
:1029D000A5F9B0B1FAF7A0FE0A4B93F8102A6FF3ED
:1029E000C30283F8102A52070BD450B193F8B123D5
:1029F0001AB193F88C33012B03D1BDE80840FFF7DF
:102A00006DBD08BD4832002008B5F2F787F9A0B1C6
:102A10000020FFF7B5FD0020FFF792FD00221146D0
:102A20000648FAF757F8064B002283F85D2893F81A
:102A3000102A42F0080283F8102A08BDCD230300B3
:102A40004832002038B51D4C94F8105A05F00105A5
:102A5000F2F764F988B33822002104F6DC1014F090
:102A6000A0FD4FF42573C4F8E0392123C4F8DC3904
:102A70004FF4A573C4F8E439C4F8FC390723C4F84B
:102A8000E839C4F8EC39C423C4F8F039C4F8F8398B
:102A900094F8103A00206FF3041384F8103AFFF70B
:102AA000B3FF94F8103A65F3000384F8103A25B1A7
:102AB000DBB243F0020384F8103A38BD48320020FC
:102AC000F8B50121054617F069FB0646F2F726F92D
:102AD000002864D0324C334894F8103A00226FF347
:102AE0008203114684F8103AF9F7F4FF0020FFF74B
:102AF00069FD284617F0A4FB08B1EB2813D1002389
:102B000084F85D38FAF708FE94F8B13323B918B1A8
:102B100094F8103A1B072AD5002D40D02846BDE86E
:102B2000F840F4F751BE94F85D3894F85C780133BE
:102B300084F85D381BF01DF9431C94F85D2813FBE5
:102B400007F39BB29A42DDD30020FFF75DFF02231B
:102B5000294633701448F9F745FDFAF7DDFD94F87E
:102B6000B153E5B9D8B194F8103A1A0717D41BF04D
:102B700000F988B194F85D681BF0FBF80130B6FBF2
:102B8000F0F300FB13663EB10EF030FA024600216E
:102B90000448F9F731FEBFE7D4F8FC29F7E7F8BDA0
:102BA00048320020CD230300C9F7020070B5184D4C
:102BB000064695F8640A17F0AEFA837885F8593A14
:102BC0008579ED00EDB2044605F114013046F4F7C5
:102BD0008BFE8622027005F109028270FF2242708C
:102BE0000C4AC0F803200022C272E2788273627934
:102BF00002732279C273A2794273E11D2A4614300E
:102C000014F0C4FC31460448BDE87040F9F7EABC52
:102C1000483200201D2C0300AD38020038B50446B0
:102C200017F083FA0A2804D80F484FF4E67117F01A
:102C300061FB204617F06FFA03780C4D2BB195F825
:102C4000640A17F068FA8B23437095F8640AFDF75D
:102C5000A1F918B195F8640AF4F7B6FD2046BDE86D
:102C60003840F4F7B1BD00BF000D05004832002028
:102C70002DE9F043CCB28BB080460026204600966A
:102C800017F053FA0128204604D8F4F79DFD0BB045
:102C9000BDE8F08317F03FFA90F801900546204612
:102CA00017F043FA022303EBC903984201D22046EE
:102CB000EBE71C21204617F071FA1C22014603A8FD
:102CC00014F064FCF2F734F80028E0D032463146C4
:102CD0002A48F9F7FFFE064650B9F9F791FB284A52
:102CE000B0FBF2F23146254802F52372F9F784FD74
:102CF00003214046F4F7F8FD0027023506464770E9
:102D00008770B94509D8B3789BB3BDF80D2041460B
:102D100048F21F00FDF7AEF8C9E72946082201A8CE
:102D200014F034FC694601A80835F1F791F898B918
:102D3000009B197801F00C0108290DD193F90120AD
:102D4000002A0BDAB3780133B3704046F4F752FE31
:102D5000009BD979F3F7FAFE0137D2E7D879F0F77B
:102D6000ABFF0028F8D0074840F2E12117F0C2FA83
:102D7000F2E74046F4F728FD99E700BFBDD5020011
:102D800019D36400000D05002DE9F04F1C2187B018
:102D9000044617F003FA054690F80090204617F015
:102DA000BAF906462046B5F801A017F0B4F990F834
:102DB000008085F815802846B5F80970FEF724FADA
:102DC000B5F80910002800F088800B461A0489B273
:102DD00040F185800126204618F024F9002800F0F3
:102DE0006482B5F8091001F5FF427E3292B2012AE1
:102DF0008BB217D948F21F02934200F0858200F28D
:102E00005A8248F20602934200F24A8248F20402D1
:102E1000934207D848F20102934200F2D9820A0491
:102E200040F1438248F234039F4240F05F822046E3
:102E300017F071F94678B5F8093083F40043012B97
:102E400029D8204617F067F990F801B08046BBF109
:102E5000000F20D100F10209494604A817F077FCC1
:102E600008F10A031946022203A8019314F08EFB0D
:102E7000082204A9484614F089FB019B022203A9F9
:102E8000184614F083FBB8F80A100DF10B035A46EC
:102E90004846F4F739FAB5F8092048F202039A4295
:102EA00009D1204617F037F9437823B9427A41898E
:102EB0004088E0F7CDFE2046FDF76CF848F2340379
:102EC000002800F015829F4240F0EF81002E40F074
:102ED000EC81504617F0C2FCE7E106467BE7BA4FAB
:102EE00097F8653F9B0613D497F8B133DBB9F1F738
:102EF0001FFFB5F80930002800F0FA801F2B40F0C2
:102F0000F780B2480022214617F0D9F840B1CCE151
:102F1000D7F8603F002BE7D0204698470028E3D041
:102F200007B0BDE8F08FB5F80930132BDFD10023CF
:102F3000204604938DF8143017F0F7F80B2803D8C7
:102F40002046F4F741FCEBE7304612F063F9F1F765
:102F5000EFFE06F1030830B1B6F801004146E9F78B
:102F600079F90028ECD1F1F7E3FE0546002860D09E
:102F70001C21204617F012F9B6F80130B0F80E9077
:102F8000A9EB0305D5F1000949EB0509058A4FF6C0
:102F9000FF73ED1A18BF0125F1F7CAFE50B38C4933
:102FA0000822404614F0CBFA20B300220DF10B03A7
:102FB00011464046F4F72AF9E0B99DF80B1003A832
:102FC000F3F706FEBDF80C0016F00DFDBDF80C3051
:102FD0004FF6FF7293420DD000F0FB00012809D19B
:102FE000B6F80100984226D09DF80B1079480022CF
:102FF000F9F73EFBB6F801100DF10B030022404635
:10300000F4F782F9F0B9B9F1000F1ED0B6F801005B
:1030100004AA012116F042FDB8B99DF81130032B26
:103020001DD1F37AC3F34003C3F102038DF81130CD
:1030300019E08146B0E7002DDCD116F0F0FC022843
:10304000D8D1D1E7B9F1000FE7D1D7F8C429002AC8
:1030500039D030469047002C3FF462AF70E79DF8BE
:103060001030042BDDD0F37AC3F3C0038DF8123097
:10307000F1F75EFE9DF81030D8B1032B19D1F37A29
:10308000990702D502238DF810309DF81130022BDC
:1030900004BF00238DF81430B6F8010004A916F01F
:1030A00026FD0028D1D04C4840F2D73117F022F944
:1030B000CBE703F0FB03012B02BF97F81C3301336E
:1030C0008DF81330E1E70C230221204617F078FB3E
:1030D000B6F801300546414620F8023B082214F0BC
:1030E00055FAF37AAB7221463C48F9F77BFA17E7B9
:1030F0009A1E012A05D8204607B0BDE8F04FFDF71B
:103100001DBC212B00F09C802AD8062B14D9152B2E
:1031100078D0202B00F09D80F1F70AFE002800F007
:103120009E80B5F80930362B40F09980204607B0D4
:10313000BDE8F04FFFF7BEB8062BEDD801A252F85C
:1031400023F000BFAD310300BB3103001931030090
:1031500019310300A1310300E1310300ED31030017
:10316000222B74D0313B9AB2092AD5D8092BD3D857
:1031700001A252F823F000BF1132030019310300FD
:103180001D320300293203001931030019310300F5
:1031900019310300F93103001931030035320300FE
:1031A000204607B0BDE8F04FFDF728BC4946204651
:1031B00007B0BDE8F04FFDF791BC4946204607B087
:1031C000BDE8F04FFDF73ABD48320020712C0300F6
:1031D000560B050071E80200000D05000D4C0300C0
:1031E000204607B0BDE8F04FFDF7DABD204607B036
:1031F000BDE8F04FFDF74ABE204607B0BDE8F04FEE
:10320000FEF764BB204607B0BDE8F04FFEF760BD97
:10321000204607B0BDE8F04FFEF792BD204607B04C
:10322000BDE8F04FFEF744BE204607B0BDE8F04FC2
:10323000FEF7E6BE204607B0BDE8F04FFFF7B6B890
:103240000121204607B0BDE8F04FFBF769BF002120
:10325000F7E7204607B0BDE8F04FFBF7FDBFB5F834
:1032600003204FF6F7739A421FD802212046B5F883
:103270000170B5F80960F4F737FB0222002105461A
:1032800014F08FF946F4004684233A46214630462E
:1032900085F800806B7007B0BDE8F04FFCF7EABD21
:1032A00048F21502934200F0A880204607B0BDE81E
:1032B000F04FF4F789BA03F5FF4360339BB21A2B42
:1032C000F3D8614A012199400A40002A7FF4AAAD4F
:1032D0001A2B4BD0182BE8D12046FCF75BFE10B11F
:1032E0002046FEF785FC002EDFD019E60026A2E579
:1032F0009F427FF415AE002E7FF412AE504607B009
:10330000BDE8F04F17F0AABA00272046039716F041
:1033100002FF90F80280C51C204616F006FF03232A
:1033200003EBC80398421ED22046F4F74DFADAE7C1
:103330002946082204A814F029F903A904A808358D
:10334000F0F786FD70B9039A137803F00C03082B8D
:1033500008D1D079F0F7B0FC20B13C4840F22D31D3
:1033600016F0C8FF0137B845E2D8DDE7204616F071
:10337000D2FE4378054653B1204616F0CCFE437882
:103380001BB32046FCF706FE0028ACD0CCE7204655
:1033900016F0CBFE0628EFD92D4F97F8B535DB0791
:1033A000EAD4204616F0C1FEEA78AB79022AE3D8C7
:1033B0000738C0B2B0EBC30FDED3264887F8644AA3
:1033C00016F058FE00288ED0D6E78B234370D8E73E
:1033D000204617F0B2FC00287FF467AF1C4BD3F8EF
:1033E000CC391BB92046FCF7D5FD8FE5B5F809109F
:1033F000204698470028F5D192E5204616F08BFE2E
:103400000546204616F091FE03287FF64EAF104F7A
:103410002A7897F8D4389A427FF447AFD7F8D03853
:10342000002B3FF442AFEA78AB7843EA0223022252
:1034300004A9A818ADF8103014F0A8F8D7F8D008EF
:103440002146F9F7CFF84EE707005A02000D0500B4
:1034500048320020AD2B030038B50921134C054636
:1034600016F09CFE94F85033037294F8703703EB17
:10347000C30203EB4203D4F8C0241A44D179F3F712
:1034800065FB29460A48F9F7ADF894F87007013052
:10349000F0F73CFFC0B2FF2884F8700704D0BDE805
:1034A0003840044816F0E6BD38BD00BF4832002061
:1034B0003594040059340300F0B5CEB287B0074606
:1034C0002821304616F06AFE28210446384616F0B8
:1034D00065FE13210546304616F060FE13220146B4
:1034E00001A814F053F804F10A00F2F7D5FE032303
:1034F0006372237201A90822204614F047F80DF1E7
:103500000D01082204F11A0014F040F8012384F898
:10351000223021462822284614F038F80DF10D01FA
:103520000822284614F032F8094C082201A905F1B6
:103530001A0014F02BF8002385F82230314620467B
:10354000F9F750F839462046F9F74CF807B0F0BDC6
:10355000DD60020010B5044620B9BDE81040074800
:1035600016F088BD022116F019FE4FF6FD73038098
:1035700021460348BDE81040F9F734B8553503003B
:10358000AD37030010B5044620B9BDE81040074828
:1035900016F070BD022116F001FE4FF6FF73038096
:1035A00021460348BDE81040F9F71CB885350300F3
:1035B000AD37030038B51121044616F0EFFD0F4971
:1035C0000546082213F0E2FF04232B720B49082260
:1035D00005F1090013F0DAFF094BD3F8483F3BB17E
:1035E0002046984720B12046BDE83840F4F7ECB8B3
:1035F00021460448BDE83840F8F7F4BF0C380020F5
:1036000048320020F394040038B50921044616F02E
:10361000C5FD0C490546082213F0B8FF04232B72A0
:10362000094BD3F84C3F3BB12046984720B1204688
:10363000BDE83840F4F7C8B821460448BDE8384032
:10364000F8F7D0BF0C38002048320020C16E0100CE
:103650007FB50D21054616F0A1FD6A46034600F12F
:10366000080618685968144603C40833B342224652
:10367000F7D1186820601B792371F1F73BFBF8B98B
:10368000F1F742FB80BB1421284616F087FD9DF818
:103690000C1004469DF80B0017F05EFD082215493A
:1036A000A074204613F072FF08220DF10201A01849
:1036B00013F06CFFBDF800300F48238229460FE05D
:1036C000F1F718FB0028DBD00C4CD4F8783723B97D
:1036D0000B4840F2DF1116F00DFED4F878072946AA
:1036E000F8F780FF04B070BDDEF7E0F80028EBD1FA
:1036F000C9E700BF0C380020C16A01004832002031
:10370000090D050070B5274D95F82D338342064607
:1037100040D095F83E3383423ED095F84F338342F4
:103720003CD0F1F7E7FA68B395F86F43C4F341046E
:1037300001340323B4FBF3F303EB4303E41AE4B2D1
:1037400031462046F2F7C6FD95F86F3385F8506391
:1037500064F3420385F86F33D5F85433C5F8583312
:10376000B3F1006F84BF0023C5F85433F5F7CCFBE9
:103770000720F8F73DF80120F8F73AF8BDE8704067
:10378000F5F7D0BBF1F7B6FA50B9BDE8704006487E
:1037900016F070BC0024D7E70124D5E70224D3E754
:1037A00070BD00BF4832002015FC0200F8B50221B0
:1037B000044616F0F3FC09210788174D204616F041
:1037C000EDFC0646B7B995F850030130C0B2FFF7DB
:1037D00099FF3846F0F79AFDC0B2FF2885F87007C8
:1037E000204603D0BDE8F840FFF736BEBDE8F840FC
:1037F000F3F7EABF4FF0FF31082213F0D2FE95F83D
:10380000503306480133337285F83C482146BDE801
:10381000F840F8F7E7BE00BF4832002035940400B6
:103820007FB51021044616F0B9FC10220146684607
:1038300013F0ACFE0A21204616F0B0FC0C490546F8
:103840000822684613F07BFE064668B908220DEB95
:103850000201284613F09AFE06482E726E72214627
:10386000F8F7C0FE04B070BD2046F3F7ADFFF9E7EE
:103870000C3800204D460200022938B50C460FD8FE
:10388000084D40F21D32112313FB01230146102283
:10389000E81813F07BFE04EB04131D4485F82D4358
:1038A00038BD00BF4832002038B50546F1F722FA8E
:1038B00030B9002D3CD02846BDE83840F3F784BF2E
:1038C00025B9BDE838401B4816F0D4BB1A4890F81B
:1038D0006F4390F85013C4F3410401340323B4FB45
:1038E000F3F303EB4303E41A04EB0413C2180131AE
:1038F00092F82D238A4205D103F21D33184417F0A4
:103900005DFC10B1E0B2F2F7E5FC0221284616F0AA
:1039100045FC4FF6FF73038029460848F8F762FE1E
:10392000BDE83840064840F24A220021F8F764BF5B
:1039300038BD00BFA9380300483200208939030090
:103940008535030070B50F4A92F86F330124C3F335
:103950004103032603EB0311551895F82D538542B7
:1039600003D101F21D31501870BD01340133042C14
:10397000B3FBF6F101EB4101A3EB0103EAD1002017
:10398000F2E700BF4832002070B50221054616F06C
:1039900005FC28210688284616F000FC0223037245
:1039A0000023C376012343720D4B068093F85033F6
:1039B00004460133D8B2A076FFF7C4FF014620B910
:1039C0002846BDE87040F3F7FFBE04F10A0010225C
:1039D00013F0DCFD29460348BDE87040F8F702BE4D
:1039E00048320020DD6002002DE9F047DFF8E0A05A
:1039F00088B0164680460F461D4616F094FEDAF84B
:103A00000040B0FBF4F24FF0000902FB1404DAF8B6
:103A100000304B4529D81C22002101A813F0C1FD1C
:103A20000822414601A813F0B1FD1022394603A82F
:103A300013F0ACFD9DF840309DF81C205B0003F0B6
:103A4000020306F00106AD00334305F00C052B43DD
:103A500022F00F0213434FF6FF7101A88DF81C30BE
:103A6000F7F72CFF18B3002022E001A92046F5F754
:103A70008DF900BB0822414601A813F060FDD0B9C2
:103A80009DF81C305A0703D4C3F38103AB4212D113
:103A90003946102203A813F079FD9DF81C30214609
:103AA00065F3830301A88DF81C30F7F707FF07487B
:103AB00008B0BDE8F087DAF80030013409F10109F7
:103AC000B4FBF3F203FB1244A1E700BF3E38002031
:103AD000640100202DE9F043212185B0074616F04E
:103AE0005DFB037A032B064600F0B980042B00F03F
:103AF000DA80012B40F0D18079497A48082213F00E
:103B00001EFD60BB08223146764813F03FFD16F0DB
:103B100061FF00283BD116F05FFFDDF7C7FE0246CC
:103B200030BB01460DF10E036E48F3F7EDFB1B3081
:103B300004D19DF80E106B48F2F7AEFF9DF80E0011
:103B4000F3F77EF8A0B99DF80E00F3F797F8664AF0
:103B500092F8B53543F0400382F8B53508E0624B82
:103B600093F94936002BCDDB16F034FF0028C9D17C
:103B700006F10901084617F021FB5B4C804688B12D
:103B800094F82C38D90706D54FF0000939E016F023
:103B90001FFF0028BFD15548394605B0BDE8F043A6
:103BA000F8F720BD94F85023737E9B1A94F86F2386
:103BB000C2F3410252FA83F30322B3FBF2F202EBA7
:103BC00042029B1A03EB031505F21D30102220441C
:103BD0005FFA83F913F0DAFC6319727E83F82D2300
:103BE00094F86F33C3F341034B450AD194F8503333
:103BF000934206D0072084F85023C4F85483F7F783
:103C0000F7FD94F82C3813F0010546D194F8BA1357
:103C10000DF10E00F2F7DCFF94F82C38BDF80E0021
:103C200043F0010384F82C38F0F7ECF9737E94F834
:103C300050239A4218BF84F8503394F86F3318BF5A
:103C4000C4F8545369F3420384F86F330720F7F73D
:103C5000CFFD3846FBF73AFF05B0BDE8F083F1F73A
:103C600049F8D0B9DDF722FEB8B91F4B93F84926C1
:103C7000920712D5D3F89C2A22B1384605B0BDE888
:103C8000F04310470092022306F1090106F11900E2
:103C9000FFF7AAFE0E20F7F7ABFD384605B0BDE8EA
:103CA000F043F3F791BDDDF701FE0028F5D1E3F70E
:103CB000D9FA0028F1D108220A48314613F03FFC16
:103CC00002460028E9D106F109010090012330469F
:103CD000FFF78AFE0E20F7F78BFD054839465CE7B3
:103CE0005E0B05000C38002048320020C9F90200A4
:103CF000157201002DE9F043DFF8AC80DFF8AC90DD
:103D000089B005460E4616F00EFDD8F80040B0FB0F
:103D1000F4F2002702FB1404D8F80030BB4201D8AB
:103D2000002023E001A92046F5F730F840BB082227
:103D3000294601A813F003FCD8B9FF2E29D1184D4C
:103D400095F8653F9B0710D5102205F5BA6103A8C9
:103D500013F0F5FB48B105F5BA61102203A813F082
:103D600015FC214601A8F7F7A9FD0E4809B0BDE8EA
:103D7000F08308224946284613F0E1FB0028DCD0F6
:103D8000D8F8003001340137B4FBF3F203FB1244DE
:103D9000C2E79DF81C30C3F38103B342F0D1CEE7F4
:103DA000483200203E380020640100205E0B0500F0
:103DB00070B5132188B0054616F0F0F913220146BC
:103DC00003A813F0E3FBF0F795FF18B92846F3F7C3
:103DD000FBFC60E0DDF76AFD04460028F6D19DF8A3
:103DE0001430022B43D0042BF0D103A8F9F7C2FF03
:103DF000BDF81D004FF6FF76B04206D0F4F7D8FFAD
:103E0000BDF81D30B342044647D1FF2103A8FFF798
:103E100071FF0028DAD1BDF81D204FF6FF739A42DA
:103E20003BD1234BB3F8383603F4C073802BCDD18C
:103E30002821284616F0B2F9042300F10A060446A8
:103E400043723046F2F728FA0022009201233146ED
:103E500003A8FFF7C9FD03A90822204613F096FB2B
:103E60000323237229461348F8F7BCFB13E01249D9
:103E700008220DF1150013F062FB0028A6D00C4BB0
:103E800093F8393603F00603022B9FD10B482246E4
:103E9000294616F014F908B070BD002CC1D00822D4
:103EA00003A9204613F04BFB00288FD1B9E700BFD0
:103EB00048320020DD6002000C380020B9340300D5
:103EC00030B587B00546DDF7F1FC044668B1164809
:103ED000002117F080F930B9009003461349012200
:103EE0002846FFF781FD07B030BD0F49082228465C
:103EF00013F025FB034608B90090EFE702A9284616
:103F0000E3F770FB024648B12046FBF799FE48B93B
:103F10001022074902A813F039FB01220023009365
:103F200002A9DDE72046DEE7560B05002838002011
:103F30001838002008B5FFF7DDFE18B1034B93F8E1
:103F4000F50508BD4FF6FF70FBE700BF48320020C3
:103F500070B50546F4F7E0FE98BB1A4E96F8F535B5
:103F6000AB4204D0184840F2067116F0C3F90A2398
:103F70005D43D6F81436154800245C552B44214681
:103F8000DA785C7022F007029C70DA70082213F075
:103F900008FBFF2386F8F535D6F814362B440E209F
:103FA0009C71DC711C725C72D6F814362B44DA7882
:103FB0001C7102F00702DA705C71BDE87040F7F71F
:103FC00017BC70BD48320020090D05003E380020A6
:103FD000F0B50A2189B0054616F0E0F80446F0F77E
:103FE00089FE002848D1DDF761FC002844D16378C0
:103FF000042B41D123782BB1284609B0BDE8F0400D
:10400000FBF7F2BD023421490822204613F097FA4B
:1040100090BB01212046FFF78DFF4FF6FF77B84296
:10402000064623D0F4F7C4FE1C22014601A813F073
:10403000ADFA9DF81C30022161F3830320468DF810
:104040001C30FFF777FFB84201D0FFF781FF104B1C
:10405000D3F814360A2202FB063300229A71DA7171
:104060001A725A72314601A8F7F728FC284609B09F
:10407000BDE8F040E3F704B92DB1284609B0BDE82A
:10408000F040F3F7A1BB09B0F0BD00BF0C38002031
:104090004832002070B5192190B0064616F07EF81F
:1040A0001922014602A813F071FAF0F723FE002846
:1040B0003ED1454C0A21304616F070F808220546DC
:1040C0000DEB0201013013F061FA2C709DF81030F5
:1040D0006B72221E18BF01223C4D5200012102A822
:1040E000F9F72CFED5F8543F43B1022102A8FFF79F
:1040F00021FFD5F8543F01463046984731463448B1
:10410000F8F770FA002209AB114602A8F3F77EF81F
:1041100060B99DF824102F48E3F714F908B1F3F7BC
:1041200053FB1CB99DF82400FBF7B6FD10B070BD21
:10413000DDF7BCFB0028BCD19DF81030042B41D129
:10414000012102A8FFF7D6FD054628B9022102A8E1
:10415000FFF7D0FD054668B109AA032105F1080063
:10416000F1F702FE10220DF1110109A813F0E7F991
:10417000044608B1184C9DE71C22294609A813F0F3
:1041800005FA022102A8FFF7D5FE4FF6FF73984209
:1041900001D0FFF7DDFE9DF83C200025022302F050
:1041A00001020BA9009509A8FFF71EFC294602A8E9
:1041B000FFF7C0FE4FF6FF7398423FF47BAFFFF767
:1041C000C7FE77E7054C75E75DFBFFFF483200202F
:1041D000016A01001970010053FBFFFF56FBFFFF4E
:1041E000F8B50B4E0B4F054600243368A0B283424E
:1041F00000D8F8BDF4F790FD40B9082229463846AA
:1042000013F09DF910B9A0B2FFF7A2FE0134ECE75C
:10421000640100203E3800202DE9FF410D46282191
:10422000804615F0BBFF7C4908220746284613F05C
:1042300086F905F10806041E4FF00802774831465A
:1042400018BF012413F07BF948B9A97C6FF027034C
:104250002A463046F9F72CFD6FF027048FE0012342
:104260007B72FC760822294607F11C0013F08EF9B8
:1042700008223146384613F089F9694C03233B7212
:1042800094F86F33C3F3410303EB031303F21D31BF
:1042900007F10A001022214413F078F994F8503302
:1042A000BB76AF7C77B95F484146F8F79BF9A97CAC
:1042B00000232A463046F9F7FBFC0024204604B0D0
:1042C000BDE8F081012F07D194F8763F99070DD40E
:1042D0003046FFF785FF09E0032F07D0524840F230
:1042E000EA2116F007F8AB7C012BEDD0304616F032
:1042F00081FFAB7C032B07461DD0012B67D194F8BF
:10430000B43498075FD494F84A36DA075FD49CE750
:10431000012B07D194F8B4349B0762D494F84A3641
:10432000D80792D5F0F7E6FC002853D13046FFF7C6
:10433000C7FD68BB89E794F83836DA0615D54046DC
:10434000F3F742FAAB7C012B0CD194F8B4349F07FD
:1043500003D594F83836D80704D494F84A36DB07E6
:104360007FF573AF6FF0440403E099060DD46FF04E
:104370002704A97C23462A463046F9F799FC0222F5
:1043800001213046F9F7DAFC98E738B1F0F7B2FCD2
:10439000002241462548F8F76BF988E7DDF76AFA0D
:1043A000AB7C0028B4D1012BE1D194F8B4349B0745
:1043B00004D494F84A36DA07D9D446E794F8383664
:1043C000DF07D4D4F5E794F83836D9079BD5F0F752
:1043D00091FC18B194F838365A0707D4002FD7D17A
:1043E000A4E794F83836D9079CD48CE7002FCFD1B6
:1043F00069463046E3F7F6F8002897D04046F3F7D1
:10440000E3F9A97C6FF044032A463046F9F750FCE3
:104410006FF04404B3E700BFF03500207E41002078
:10442000483200206DFC0200090D0500C960020041
:10443000F0B5142187B0044615F0B0FE01AA03467A
:1044400000F11007164618685968154603C5083369
:10445000BB422A46F7D118682860DDF727FA0546DF
:1044600020B12046F3F7B0F907B0F0BD002CFBD027
:104470009DF81630022B2BD1024601460DF10303A5
:10448000BDF81400F2F7F8FDC0B99DF803101D48FF
:10449000E2F758FF9DF80300FBF714FC9DF80300BA
:1044A000EDF70EFB2046F3F78FF99DF816106FF02D
:1044B0004403324603A8F9F7FBFBD5E70DF10303EC
:1044C0002A46294603A8F2F7A1FE0028DDD0E9E735
:1044D00031462046FFF7A0FE2830C5D110212046E6
:1044E00015F05CFE31460822054613F04FF808220D
:1044F00003A9A81813F04AF821460348F8F772F800
:10450000B2E700BF1970010099940400064B93F8BC
:1045100038365A0605D513F0020F044808BF0020AC
:1045200070470348704700BF4832002056FBFFFF2A
:104530005DFBFFFF37B5174B93F82C381446DA07AD
:104540000546084602D4012003B030BD6946F2F7A3
:10455000BFFD0028F7D102216846FFF7EBFC4FF6BC
:10456000FF739842EFD09C4201D0A042EBD0102DB7
:1045700001D00020E8E701216846FFF7DBFC4FF699
:10458000FF739842DFD09C42F3D0231A584258411F
:10459000DAE700BF48320020054A92F8493643F076
:1045A0000403014682F8493602481E22F8F724B96E
:1045B00048320020CD70010000F003000138C0B285
:1045C00002289ABF014B185C01207047360D050088
:1045D00070B50C46054618B918485E2115F08AFEDC
:1045E0001CB916485F2115F085FE154B93F8683A03
:1045F000DB071BD595F9052094F90560D143F343FA
:10460000C90FDB0F99420DD1A87CFFF7D5FF0146FA
:10461000A07CFFF7D1FF814204D1B242D4BF002079
:10462000012070BD8CBF01200020FAE72879237992
:10463000984294BF00200120F3E700BF150D05004C
:104640004832002038B50C46054620B90B4840F2E8
:104650007D1115F04FFE24B908484FF4BF7115F0D5
:1046600049FEE878FFF7A8FF0546E078FFF7A4FFCA
:10467000854294BF0020012038BD00BF390D0500E0
:104680002DE9F34100230E460193044618B944482E
:104690009A2115F02FFE1EB941489B2115F02AFEE4
:1046A000404F5D2197F8690A15F078FD96F90230C0
:1046B000002BBEBF437B01334373037C01330546AC
:1046C00003741CB93648E62115F014FEB7F8A6238A
:1046D000B4F803309A4204D1A378022B04D0032B00
:1046E00028D002B0BDE8F081B4F80500ADF80400B0
:1046F0004FF6FF739842F4D0B27894F853308DF8A7
:10470000063095F80680C2F34003D20748BF43F055
:1047100002038DF80730B8F1120F2C680ED804226E
:104720000DEB020104EB880012F030FFAB7901338E
:10473000AB71D6E7601DF2F7CBFDD7E724B9184877
:104740004FF4A07115F0D6FD00252E462F4694F9A2
:104750000230002B1BDB26B131462046FFF772FFEB
:1047600000B926460137B84504F10404EFD8002DFE
:1047700008BF3546294601A8FFF764FF0028B0D0DE
:1047800004220DEB0201284612F000FFA9E72DB12B
:1047900029462046FFF756FF0028E3D12546E1E7EA
:1047A000390D05004832002010B52421044615F0CB
:1047B000F5FC2046F3F708F8044B002083F8B80313
:1047C000BDE8104093F8691A0CF03CBB4832002059
:1047D000014BD3F8543818474832002008B500F090
:1047E0007BFD114905F0ACFB104B0022C3E902220E
:1047F0005A60C3F81828C3F81428C3F810280C4BC3
:10480000012083F8A40ADDF723F800F0E1FA094853
:10481000DCF7D4FEDEF79EFB0748DEF793FBBDE82E
:104820000840F8F765BD00BFC14903000C440020F3
:104830004832002073B604003953030037B5002313
:1048400001A90546019315F09EFF0446284615F080
:10485000F7FC014648B9172C60D013D8032C44D07C
:1048600009D8012C1AD0022C3AD015B12846F2F7FB
:10487000ABFF03B030BD132C3CD0162CF5D105F0A6
:1048800087FAF2E7A4F12E03DBB2032BEDD82F3C1D
:10489000022C07D8DFE804F033383D002448F7F74E
:1048A00079FFE2E723492448082212F048FE80B944
:1048B0000020224B93F8402660F30002002083F88A
:1048C0004026F0F7A7FB284615F0BAFC16F0AFFE1D
:1048D000CBE7F0F72DFA0028EAD0F8F725FFE8E754
:1048E0000198043005F044F9BFE70198043005F061
:1048F00085FABAE70198043005F0BAF9B5E70198EE
:10490000043005F0CDF9B0E70198043005F0E8F97E
:10491000ABE70198043005F001FAA6E7284615F048
:1049200004FC0428A1D90198043000F0F1FC9CE7B4
:10493000DD4703005E0B0500F43400204832002000
:1049400070B51D4CD4F84428607812B90028FDD108
:1049500070BDD4F83C38267803EB430004F64805D4
:10496000411901332D5C4878897803F00F03013A2F
:10497000C4F83C380023C4F844282370042D07D819
:10498000DFE805F0030D061016000846FFF756FF96
:10499000D4F844082670003818BF0120D8E702F088
:1049A000A9FBF5E7003818BF012005F0FDF8EFE797
:1049B0000248F7F7EFFEEBE70C440020953F0100BB
:1049C000F8B52E4CD4F818180023637000294FD086
:1049D000D4F81038E56804F61C0000EB430630F903
:1049E000137030F81320002F13DAC2F30E02AD1A41
:1049F000E560656801332A44013903F00F03C2F30F
:104A00000A02C4F81818C4F81038626029B300EB21
:104A10004306E56815B16568194B1D44B6F90030C9
:104A2000002B04DA174840F2AD3115F063FC3188F1
:104A3000284605F0B5FA04300FD0D4F81028D4F881
:104A400018380132013B02F00F02C4F81838C4F8DC
:104A500010281BB9C4E902336360F8BD3288E368EB
:104A60009B1AE360338862681344C3F30A03F3E7D5
:104A7000FFF766FF0028F0D12070EEE70C4400201D
:104A80001C440020530D050010B5B1F80F30B3F5EC
:104A9000006F044611D0B1F811204AF2E0139A4297
:104AA0000BD0084BD3F854384BB1EDF7FDF806485E
:104AB0002146F7F76FFE012010BD0020FCE71846E5
:104AC000FAE700BF48320020D14703002DE9F84F34
:104AD000314CD4F8183880460E4633B905F060FAE8
:104AE00018B901236370BDE8F88FD4F818280123A2
:104AF0000F2A2370D4E90203F5D8C3F50063C0F58B
:104B00000065AB4228BF2B469E42D4F814A8EAD8D1
:104B1000DFF88890B54228BF354601320AF101031B
:104B2000A9F60C0B03F00F03C4F8182841462A46D7
:104B30005844C4F8143812F029FDE3682B44E360AC
:104B4000A3682B44C3F30A03AE4209EB4A07A360F0
:104B500020D96FEA45456FEA554529F81A50D4F82F
:104B600018380F2BBFD8A068D4F81478C0F50065AA
:104B7000B54228BF35462A464146584412F006FD44
:104B8000E3682B44E360A3682B44C3F30A0309EBF7
:104B90004707A3603D80A6E70C440020284C002076
:104BA000014B1878704700BF0C440020F8B5164C34
:104BB000D4F844380F2B07460E46154616D8D4F8BD
:104BC000403804F6480203EB430313441F705E7041
:104BD0009D70D4F844380133C4F84438D4F84038D0
:104BE000013303F00F03C4F84038F8BDFFF7A8FE07
:104BF000D4F844380F2BE2D9002DF6D02846BDE872
:104C0000F840F2F7E1BD00BF0C440020044B1B78D4
:104C100002461BB100210846FFF7C8BFFFF70EBED2
:104C20000C440020024B93F83806C0F38000704714
:104C300048320020044B93F83838DB0701464CBF5C
:104C40000720052016F064BC483200200138F8B572
:104C50000C46132800F2AC80DFE800F00A161F3380
:104C60003542474C4E6A504E6A7784A6A81A6C6C3F
:104C700000231A462E21204615F0A2FD21464F485A
:104C8000BDE8F840F7F7AEBC4D48322115F032FBD5
:104C90002046BDE8F840F2F797BD0F21204615F0F9
:104CA0007DFA0168204615F0D2FA464B93F8383861
:104CB000DA0721464CBF06200320BDE8F84016F075
:104CC00027BC0420F9E70121204615F067FA037894
:104CD000022B02D0032BE8D0DAE721460A20ECE7CA
:104CE000BDE8F8400846FFF7A5BFBDE8F840084614
:104CF000FFF7A0BF0820E0E70920DEE7314DDCF731
:104D0000B1FD95F8A43A012B064611D1DCF7CEFD92
:104D100070B96EB195F849365B0709D42A49082263
:104D200005F2C45012F00BFC28B90020FFF734FC48
:104D3000002CADD1F8BD022105F2C450FFF7FAF8FE
:104D40004FF6FF739842F3D1EFE70120F6F750FDDD
:104D5000EAF7E4FF0120FAF7CBFF2046BDE8F84070
:104D6000EDF7F0B8174F2821204615F017FA97F8FD
:104D7000A43A012B0546DBD1DCF774FD022106467F
:104D80002846FEF7B7FF0546002ED1D0DCF78EFD92
:104D90000028CDD1002DCBD1D7F844260B48214691
:104DA000BDE8F840F7F728BD002086E7012084E73A
:104DB000034840F2A31115F09DFAB9E7B9D30200F8
:104DC000C60D0500483200205E0B05001970010079
:104DD000054B064AC3F8C02A054AC3F8C42A054A47
:104DE000C3F8C82AFCF79EB9483200204D4C030096
:104DF00025B20400254C030010B50179094B01F5DB
:104E00008051024633F8110040B9548823F811400C
:104E100003F50053127983F8002210BD6FF00300F0
:104E2000FBE700BF884C002030B50B4A92F8001217
:104E3000A2F500520B4603F5805432F81450854217
:104E400004D1002122F81410D8B230BD0133DBB2F6
:104E50009942F0D1FF20F8E7886C002010B5094B8B
:104E600093F8012204462AB10270002283F801223D
:104E7000002010BD15F0ECF808B12070F8E76FF0D5
:104E80001500F6E7886C002038B5114D0446022263
:104E9000294612F07BFB0822A5F1F801A01C12F0B4
:104EA00075FB2A7CA5F569731A4492F8B223A272A5
:104EB0002A7C1A4492F8B323E2722A7C134493F8B2
:104EC000B233003B18BF012323730023637338BD43
:104ED000EC35002038B5074D04460022FF21284656
:104EE000F7F7F8FD214628464222BDE83840F7F79B
:104EF000D5BD00BF41B2040007B508230022CDE9AB
:104F00000032FF21034B8122EFF7D6FD03B05DF89D
:104F100004FB00BFF03500201FB5094B93F8B133F7
:104F20008DF80F3000220123CDE90032FF210DF171
:104F30000F035222EFF7C0FD05B05DF804FB00BF80
:104F40004832002038B583684268023393420446F1
:104F50000D4603D90748732115F0CCF9A3682168E1
:104F600002221944284612F011FBA3680233A36001
:104F700038BD00BF430E050038B58368426808336A
:104F8000934204460D4603D90748912115F0B2F922
:104F9000A368216808221944284612F0F7FAA3688A
:104FA0000833A36038BD00BF430E050038B58368E1
:104FB00042680133934204460D4603D905486921EE
:104FC00015F098F9A3682268D35C2B70A3680133AD
:104FD000A36038BD430E050038B5836842680833C6
:104FE000934204460D4603D90748D32115F082F9B0
:104FF000A368206808221844294612F0C7FAA3685B
:105000000833A36038BD00BF430E050038B5836880
:1050100042680133934204460D4603D90548AB214B
:1050200015F068F9A3682268D554A3680133A3601A
:1050300038BD00BF430E050013B583684268ADF864
:10504000061002339342044603D90848B52115F0EF
:1050500051F9A368206802220DF10601184412F0EC
:1050600095FAA3680233A36002B010BD430E050099
:10507000F8B50F4616461D46044620B9044842F6C8
:10508000293115F037F927706670A570F8BD00BF9B
:10509000430E050013B583684268019104339342BF
:1050A000044603D90848BF2115F024F9A3682068F5
:1050B00004220DEB0201184412F068FAA3680433CD
:1050C000A36002B010BD00BF430E050038B5836871
:1050D00042680433934204460D4603D907487D21B4
:1050E00015F008F9A368216804221944284612F033
:1050F0004DFAA3680433A36038BD00BF430E05001A
:1051000070B58368154613444268934204460E46C0
:1051100003D90748DD2115F0EDF8A36820682A4679
:105120001844314612F032FAA3682B44A36070BDD4
:10513000430E050010B5044620B9074842F6E121A8
:1051400015F0D8F803220021204612F02AFAFF2396
:105150002370637010BD00BF430E050038B50D46C7
:10516000044620B9074842F6083115F0C3F8A37881
:105170000BB1852D04D12046BDE83840FFF7DABFDA
:1051800038BD00BF430E050010B5062115F006F826
:1051900004464FF44270FFF747FE074B074A1A6078
:1051A000002218715A719A712279DA71BDE81040A3
:1051B00008211846FFF78ABC884C0020000108032C
:1051C000F8B50E4A09B1002313600D490D4C136860
:1051D0000968D4F8C0441326994202D86FF01B0026
:1051E0000BE006FB03F50133675DFF07F4D50146CD
:1051F0006019136016F090F80020F8BD844C002070
:105200005C0100204832002010B5044660B19021B6
:105210000748FBF717F8043008D121460548BDE8D8
:1052200010400022F7F7E8BA8F21F1E710BD00BF68
:10523000E15E03000952030010B5084A002303EBA6
:1052400043018C18515CFF2905D00133102BF6D196
:105250006FF0150010BD04600020FBE79ADF00200E
:1052600038B5044640F20B20FFF7DEFD054624B9B1
:105270000D4843F29C4115F03DF8FF2D04D10A483A
:1052800043F29D4115F036F80848094B03600721A9
:105290000023057143718371FFF718FC2046BDE8B8
:1052A0003840F2F791BA00BF430E0500884C002049
:1052B00000010B0210B507490246002303EB43042B
:1052C00060180C5D944203D00133102BF6D10020FE
:1052D00010BD00BF9ADF002038B50A4B0A4DFF22EF
:1052E000002483F80022022283F83843A3F8FE2129
:1052F00028460134FFF71EFF102C05F10305F7D1F6
:10530000024838BD886C00209ADF00205D810300D0
:1053100038B5084D044601461022284612F036F9E9
:10532000402204F1110105F1110012F02FF9227C45
:105330002A7438BDC16F00202DE9F043884689B03A
:105340001B211746064614F029FF01AA034600F167
:105350001805914618685968144603C40833AB42CF
:105360002246F7D119889B78A3702180304614F02B
:10537000DCFE174C174B236002221C2385B20DEB79
:105380000201601D2371ADF8025012F0FFF849468A
:105390001B22E01D12F0FAF8304684F8228084F8CF
:1053A000237014F0B8FEBDF80220014604F1240079
:1053B00012F0ECF805F1260189B22046FFF786FBD2
:1053C0003046F2F701FA012009B0BDE8F08300BFD2
:1053D000884C00200002020930B5039CE51D0C4CEE
:1053E00000B10460002B22711A46B8BF03F1FF021E
:1053F000121252425B4262715A42D2B2DBB24FF495
:10540000807058BF534220806180A371A8B230BD24
:10541000884C002030B5044685B00A20FFF704FD13
:105420000546204614F077FE0178002289B10A4B28
:105430005B1A00920A212A4603A8FFF7CDFF014616
:105440000398FFF743FB204605B0BDE83040F2F774
:10545000BBB91346EDE700BF00FEFFFF2DE9F047A3
:105460008A4688B0074620B93C4842F6BC3114F061
:1054700041FF384614F04FFE90F801900446007842
:10548000FFF718FF804620B9344842F6C23114F0C5
:1054900031FF98F80120B9F1000F0CD1BAF1000FDB
:1054A00056D0257B002D57D0402D28BF40256B00BE
:1054B0000C334E4604E02A4E0023A6EB09061D4697
:1054C000009340F20121334604A8FFF785FF81468F
:1054D00086BB049B062886BF0733C61F3346CDE92B
:1054E0000536A11C002305A80793FFF775FD618908
:1054F00005A8FFF7A1FDBAF1000F1BD0217B05A87D
:10550000FFF784FDB5B1617B05A8FFF77FFD073587
:1055100004F10E0604EB4505314602220DF10E00A2
:1055200012F034F80236BDF80E1005A8FFF784FD1E
:10553000B542F1D104984946FFF7C8FA4046617870
:10554000FFF70CFE384608B0BDE8F047F2F73CB96B
:105550000A2355465646B3E70B23AAE7430E050038
:1055600000FBFFFF2DE9F0478A4688B0074620B9C7
:105570003C4842F6904114F0BDFE384614F0CBFD95
:10558000447805460078FFF795FE804620B93548F7
:1055900042F6964114F0AEFE98F80120002C52D14C
:1055A000BAF1000F58D02E7B002E58D0402E28BFC5
:1055B000402673000C33009340F20221234604A8D6
:1055C000FFF70AFF814684BB049B062886BF07338A
:1055D000C41F2346CDE90534A91C002305A8079361
:1055E000FFF7FAFC698905A8FFF726FDBAF1000F5D
:1055F0001BD0297B05A8FFF709FDB6B1697B05A87B
:10560000FFF704FD073605F10E0405EB46062146BB
:1056100002220DF10E0011F0B9FF0234BDF80E1098
:1056200005A8FFF709FDA642F1D104984946FFF706
:105630004DFA40466978FFF791FD384608B0BDE85D
:10564000F047F2F7C1B8C4F17F4404F57F040023AA
:1056500004F57B441E46AEE70A235646ABE70B2310
:10566000A9E700BF430E05002DE9F041064686B0CC
:1056700020B9224842F64C5114F03CFE304614F05A
:105680004AFD05460078FFF715FE074620B91B487E
:1056900042F6525114F02EFE6B787A785BB3184CB8
:1056A0000021E41A0091234640F2032102A8FFF7EB
:1056B00093FE80468CB9029B062886BF0733C41F21
:1056C0002346CDE9033400230593A98803A8FFF7F7
:1056D000B3FC698803A8FFF7AFFC02984146FFF7C7
:1056E000F5F938466978FFF739FD304606B0BDE870
:1056F000F041F2F769B804211C46D3E7430E0500D8
:1057000000FBFFFFF0B5064685B020B9254842F6FC
:10571000CA5114F0EFFD304614F0FDFC0546007848
:10572000FFF7C8FD074620B91E4842F6D05114F0D5
:10573000E1FD69787A788DF80B10F9B100230093B8
:10574000A3F5A0635B1A03A84FF40171FFF744FEB1
:105750000446039801220DF10B01073011F016FFEA
:1057600003982146FFF7B2F99DF80B103846FFF772
:10577000F5FC3046F2F728F805B0F0BD0A4C0B4BAB
:105780006171A171E01D291D23602271039415F040
:10579000FCFA022204F11400A91811F0F7FE1624F5
:1057A000DEE700BF430E0500884C00200001040224
:1057B0002DE9F04F814687B020B93B4842F6606141
:1057C00014F098FD484614F0A6FC04460078FFF754
:1057D00071FD824620B9344842F6666114F08AFDB4
:1057E00067789AF801200497FFB100230093A3F58E
:1057F000A06340F20521DB1B05A8FFF7EDFD804605
:105800000598042204A9073011F0C0FE059841460E
:10581000FFF75CF99DF810105046FFF79FFC4846D3
:10582000F1F7D2FF07B0BDE8F08F237BE67A1E4484
:105830005FFA86FB5E46760006F10A03009340F2AB
:1058400005213B4605A8FFF7C7FD059D6379EB7170
:105850000222A11D804605F1080011F097FE04F117
:10586000080105F10A00022211F090FEA37AC3F3A9
:1058700003032B73E37A6B73237BAB730F3504F154
:105880000D012B465F454FF0020202D3A118A81963
:10589000BAE718460391029311F078FE029B039930
:1058A000023301370231EDE7430E0500F0B506463D
:1058B00085B020B92D4842F60C7114F01BFD30461E
:1058C00014F029FC04460078FFF7F4FC074620B9E1
:1058D000264842F6137114F00DFD61787A788DF840
:1058E0000B10E9B923790333009303A80B4640F268
:1058F0000621FFF771FD2246039B12F8041FD971A0
:10590000054603F10800C3F1FF2303F57F03F833D5
:1059100094F804C0C1188C4522D80222A1180FE0C7
:1059200000230093A3F5A0635B1A03A840F20621AD
:10593000FFF752FD0546039801220DF10B010730D8
:1059400011F024FE03982946FFF7C0F89DF80B10CC
:105950003846FFF703FC3046F1F736FF05B0F0BDDF
:1059600012F8011F00F8011BD2E700BF430E05002B
:10597000F0B5064685B020B92C4842F6C97114F03E
:10598000B9FC304614F0C7FB04460078FFF792FCE0
:10599000074608B361780391427839BB2379033312
:1059A000009302A80B4640F20721FFF715FD22469F
:1059B000029B12F8041FD971054603F10800C3F1D8
:1059C000FF2303F57F03F83394F804C0C1188C4516
:1059D00027D80222A11818E0144842F6D07114F01A
:1059E00089FC3046F1F7F0FE05B0F0BD00230093CE
:1059F000A3F5A0635B1A02A840F20721FFF7ECFCB5
:105A000005460298042203A9073011F0BFFD029851
:105A10002946FFF75BF89DF80C103846FFF79EFB10
:105A2000DFE712F8011F00F8011BCDE7430E050068
:105A3000F0B5054685B020B9184843F2E10114F0ED
:105A400059FC284614F067FB447807460078FFF7B6
:105A500031FC064620B9114843F2E80114F04AFC33
:105A600072782CB1C4F17F4404F57F0404F57B44C3
:105A7000002300934FF40271234603A8FFF7ACFC08
:105A800001460398FFF722F830467978FFF766FB66
:105A9000284605B0BDE8F040F1F796BE430E05007C
:105AA000F0B5054685B020B9184843F2691114F0E5
:105AB00021FC284614F02FFB447807460078FFF7B6
:105AC000F9FB064620B9114843F2701114F012FC9C
:105AD00072782CB1C4F17F4404F57F0404F57B4453
:105AE0000023009340F20921234603A8FFF774FC2A
:105AF00001460398FEF7EAFF30467978FFF72EFB60
:105B0000284605B0BDE8F040F1F75EBE430E050043
:105B10007FB5044620B9174843F2E51114F0EAFBBB
:105B2000204614F0F8FA06460078FFF7C3FB054656
:105B300020B9104843F2EB1114F0DCFB70786A785E
:105B40000021A8B10C4B1B1A009103A840F20A21B6
:105B5000FFF742FC01460398FEF7B8FF284671782C
:105B6000FFF7FCFA204604B0BDE87040F1F72CBE08
:105B70000B46E9E7430E050000FBFFFF2DE9F0436C
:105B8000804687B020B9434843F2592114F0B2FB54
:105B9000404614F0C0FA04460078FFF78BFB8146BC
:105BA00020B93C4843F25F2114F0A4FB657899F8D2
:105BB0000120002D4CD120790321152313FB001364
:105BC000009340F20F212B4602A8FFF705FC0628A0
:105BD000029B064655D82B46A17803A80027CDE99D
:105BE00003350597FFF712FAE17803A8FFF70EFADD
:105BF000217903A8FFF70AFA651D2379BB4232D940
:105C0000294603A8FFF7E8F9297A03A8FFF7FEF968
:105C1000B5F8091003A8FFF70FFAE97A03A8FFF710
:105C2000F5F9EB7A013B012B2ED8A98903A8FFF7E0
:105C300003FA002103A8FFF72DFA002103A8FFF7BC
:105C4000FBF9297D03A8FFF7E1F915350137D4E702
:105C500000230093A3F5A0635B1B40F20F2102A871
:105C6000FFF7BAFB064602983146FEF72FFF48467B
:105C70006178FFF773FA404607B0BDE8F043F1F7EB
:105C8000A3BD0733C51FA7E705F10C0103A8FFF764
:105C9000A3F9D6E7430E05002DE9F043804687B00F
:105CA00020B93C4843F2133114F024FB404614F071
:105CB00032FA04460078FFF7FDFA814620B93548EC
:105CC00043F2193114F016FB657899F80120002D84
:105CD00044D120790321162313FB001300934FF4C2
:105CE00004712B4602A8FFF777FB0628029B0646A5
:105CF0004DD82B46A17803A80027CDE90335059799
:105D0000FFF784F9E17803A8FFF780F9217903A868
:105D1000FFF77CF9651D2379BB422AD9294603A8E0
:105D2000FFF75AF905F1080103A8FFF755F9298A89
:105D300003A8FFF781F9A97C03A8FFF767F9E97CBD
:105D400003A8FFF763F9297D03A8FFF75FF9697DD1
:105D500003A8FFF75BF916350137DCE70023009352
:105D6000A3F5A0635B1B4FF4047102A8FFF734FB9B
:105D7000064602983146FEF7A9FE48466178FFF7CD
:105D8000EDF9404607B0BDE8F043F1F71DBD07331C
:105D9000C51FAFE7430E05002DE9F043074687B066
:105DA00020B9334843F2E33114F0A4FA384614F032
:105DB000B2F904460078FFF77DFA804620B92C48F6
:105DC00043F2E93114F096FA667898F801209EBB08
:105DD000A37A0933009340F21121334602A8FFF75A
:105DE000FBFA0628029B05463FD83346CDE9033629
:105DF000D4F80210002303A80593FFF74BF9E188BC
:105E000003A8FFF719F9218903A8FFF715F9A17A6B
:105E100003A8FFF7FBF86FF00A0904F10B06A9EBE2
:105E20000409A27A06EB09039A4210D916F8011B5D
:105E300003A8FFF7EBF8F4E700230093A3F5A063B2
:105E40009B1B40F2112102A8FFF7C6FA05460298F3
:105E50002946FEF73BFE40466178FFF77FF938465A
:105E600007B0BDE8F043F1F7AFBC0733C61FBDE78D
:105E7000430E050030B5044685B040F20B20FEF716
:105E8000D3FF054624B9154843F2794114F032FA9C
:105E9000FF2D04D1114843F27A4114F02BFA02216C
:105EA000204614F07BF943782BB1C3F17F4303F50F
:105EB0007F0303F57B430022009240F20B212A4628
:105EC00003A8FFF789FA01460398FEF7FFFD204675
:105ED00005B0BDE83040F1F777BC00BF430E0500C8
:105EE0002DE9FF41044640F21320FEF79DFF0646D0
:105EF000204614F010F990F84B200546E2B10F4B04
:105F00009B1A4FF04C083246CDF8008040F2132126
:105F100003A8FFF761FA039F064642462946F81D8B
:105F200011F034FB38463146FEF7D0FD204604B070
:105F3000BDE8F041F1F748BC1346E2E700FEFFFF81
:105F40007FB5044620B9234843F20F0114F0D2F97B
:105F5000204614F0E0F806460078FFF7ABF9054656
:105F600090B1717842788DF80B10B9B91A4B1B4873
:105F70001A710222186059719971D81DB1180393D2
:105F8000092611F003FB1BE0124843F2150114F03F
:105F9000B1F92046F1F718FC04B070BD002300935E
:105FA000A3F5A0635B1A03A840F20E21FFF714FAD1
:105FB0000646039801220DF10B01073011F0E6FAB5
:105FC00003983146FEF782FD9DF80B102846FFF737
:105FD000C5F8DEE7430E0500884C002000010E02E4
:105FE0002DE9F04F43886FF4007213448DB00446DE
:105FF0000D46162B00F27C85DFE813F017006F00CA
:10600000BD00FF0043018201CA013D029F02FC0264
:1060100006047A055104D8043D038403BB037A05C2
:10602000B5047A057A050F054505042993BF0025B7
:106030004D1F431D2B4600260B2109A8CDE909352C
:106040000B9615F0F1F8054658B18DF81E609DF8D5
:106050001E0015F005F900200090227961882B467A
:1060600007E10DF11E00FEF7F9FE05460028ECD110
:106070009DF81E600C21304614F090F8054601464C
:1060800009A8FEF75FFFA91C09A8FEF775FF05F137
:106090000A0109A8FEF78AFF05F10B0109A8FEF71E
:1060A00085FFAF7A012F00F2A28208A8FFF7C4F89B
:1060B00005460028CBD177B9AD493046FAF7C2FA88
:1060C000FF28014600F09D83002322790898FEF7FF
:1060D000CFFFFF20CFE0A749EFE7042993BF0025BA
:1060E000431D4D1F2B46CDE909350621002309A884
:1060F0000B938DF81E3015F097F805460028A6D1B1
:106100000DF11E00FEF7AAFE054600289FD19DF85E
:106110001E600621304614F041F80546014609A8E4
:10612000FEF710FFA91C09A8FEF70CFF291D09A8FE
:10613000FEF73CFF691D09A8FEF738FF6B884FF694
:10614000F772934204D94FF6FD72934240F04F82AA
:106150002F79012F00F24B8208A8FFF76DF8054652
:1061600000287FF474AF27B98349304614F0CFFC80
:10617000A6E78249F9E7042993BF0025431D4D1F77
:106180002B46CDE909350221002309A80B938DF890
:106190001E3015F049F8054600287FF458AF0DF180
:1061A0001E00FEF75BFE054600287FF450AF9DF809
:1061B0001E8002214046F1F797FB0646014609A8DA
:1061C000FEF7C0FE33884FF6F777BB4200F20F822E
:1061D00008A8FFF731F8054600287FF438AF684972
:1061E000404614F0E4FCFF28014600F00A8333889F
:1061F000BB4294BF0023012367E7002306298DF8E3
:106200001E302AD90DF11E00FEF728FE054630BBD0
:1062100009A8FFF711F89DF81E600546F8B902229B
:10622000611D08A811F0B2F902213046F1F75CFBBC
:10623000BDF82030534903800546304614F09EFCDB
:10624000FF2801461AD02A884FF6F7739A4294BF66
:10625000002301232279099839E76FF029059DF879
:106260001E0014F0FDFF0020009022792B464FF411
:106270000171FFF7B1F80DB0BDE8F08F4FF0FF35B9
:10628000EDE7002307298DF81E3029D90DF11E00F6
:10629000FEF7E4FD054628BB09A8FEF7CDFF9DF8F3
:1062A0001E600546F0B9E7797B1EDBB2FD2B24D8D2
:1062B0000222611D08A811F069F903213046F1F7A7
:1062C00013FBBDF820303049038087700546304607
:1062D00014F086FCFF280146B5D14FF0FF3501E0F0
:1062E0006FF029059DF81E0014F0BAFF0020009001
:1062F00022792B4640F20521BBE76FF00A05F1E752
:10630000002306298DF81E3024D90DF11E00FEF75A
:10631000A5FD054600BB09A8FEF78EFF9DF81E608F
:106320000546C8B90222611D08A811F02FF9022103
:106330003046F1F7D9FABDF82030144903800546FC
:10634000304614F066FCFF2801467FF47CAF4FF026
:10635000FF3501E06FF029059DF81E0014F080FF65
:106360000020009022792B4640F2062181E700BFF1
:10637000D1B30400CBB30400DDB30400D7B30400F1
:106380006956030005570300B1570300AD580300D9
:1063900000230A298DF81D3060D90DF11D00FEF78C
:1063A0005DFD054600285BD109A8FEF745FF9DF875
:1063B0001DA00546002853D10222611D0DF11E00CB
:1063C00011F0E4F8E11D022208A811F0DFF8A37A29
:1063D000667A029313EB060B1ABF0BF10401490016
:1063E0000A215046F1F780FA04F10B0700F1080981
:1063F000B046054639460023CDF80C909E4215D88C
:1064000007EB4607C3451ED8BDF81E302B80BDF8EC
:106410001E306B80BDF82030AB80029BB449AE715A
:10642000EB71504614F00EFC01460CE74846022280
:106430000593049111F0AAF80499059B02310133E8
:1064400009F10209DAE7039B394603EB480002220F
:1064500011F09CF8023708F10108D3E76FF0290525
:106460009DF81D0014F0FCFE0020009022792B46C0
:1064700040F20721FDE6042993BF00254D1F431D6F
:106480002B460026172109A8CDE909350B9614F0F3
:10649000CBFE054600287FF4D8AD0DF11E00FEF7B7
:1064A000DDFC054600287FF4D0AD9DF81E70182154
:1064B000384613F073FE064600F1160109A8FEF7F0
:1064C00041FD314609A8FEF757FD06F1080109A86C
:1064D000FEF76CFD06F10A0109A8FEF733FD06F18F
:1064E0000C0109A8FEF762FD337B012B18D106F1E0
:1064F0000D0109A8FEF726FD08A8FEF79DFE05463A
:1065000000287FF4A4AD7B49384614F011FAFF2827
:10651000014600F07681F28A4FF6F7739A4268E6F8
:10652000032B64D106F10D0109A8FEF725FD06F144
:10653000150109A8FEF73AFDDEE7042993BF0025FF
:106540004D1F431D2B460026172109A8CDE909350B
:106550000B9614F069FE054600287FF476AD0DF128
:106560001E00FEF77BFC054600287FF46EAD9DF80B
:106570001E701821384613F011FE064600F1160170
:1065800009A8FEF7DFFC314609A8FEF7F5FC06F185
:10659000080109A8FEF70AFD06F10A0109A8FEF79D
:1065A000D1FC06F10C0109A8FEF700FD337B012B9D
:1065B00010D106F10D0109A8FEF7C4FC08A8FEF7EA
:1065C0003BFE054600287FF442AD4B49384614F0A7
:1065D000B2F99CE7032B0AD106F10D0109A8FEF7D9
:1065E000CBFC06F1150109A8FEF7E0FCE6E76FF029
:1065F00016052CE5042993BF0025431D4D1F2B468E
:10660000CDE909350B21002309A80B938DF81E3025
:1066100014F00AFE054600287FF419AD0DF11E00A6
:10662000FEF71CFC054600287FF411AD9DF81E60A6
:106630000B21304613F0B2FD054600F1080109A810
:10664000FEF780FC294609A8FEF796FC08A909A8D0
:10665000FEF7ACFC9DF8203003F0C003AB7208A835
:10666000FEF7EAFD054600287FF4F1AC23493046E9
:10667000FAF794FE24E5042993BF0025431D4D1F1E
:106680002B46CDE909350321002309A80B938DF88A
:106690001E3014F0C9FD054600287FF4D8AC0DF17A
:1066A0001E00FEF7DBFB054600287FF4D0AC9DF80A
:1066B0001E700421384613F071FD811C064609A89E
:1066C000FEF740FC314609A8FEF770FC08A8FEF76B
:1066D000B3FD054600287FF4BAAC0949384614F0EA
:1066E000EAFBFF28014600F08C80728814E700BFA7
:1066F00071590300315A0300A15A0300115B0300D2
:106700007D5B0300042993BF0025431D4D1F2B46CD
:10671000CDE909350321002309A80B938DF81E301C
:1067200014F082FD054600287FF491AC0DF11E00A7
:10673000FEF794FB054600287FF489AC9DF81E7097
:106740000421384613F02AFD811C064609A8FEF7ED
:10675000F9FB314609A8FEF729FC08A8FEF76CFDF5
:10676000054600287FF473ACBC49384614F08CFB16
:10677000B7E7042993BF0025431D4D1F2B46CDE9E4
:1067800009350A21002309A80B938DF81E3014F057
:106790004BFD054600287FF45AAC0DF11E00FEF7B4
:1067A0005DFB054600287FF452AC9DF81E700A215F
:1067B000384613F0F3FC0646014609A8FEF786FCAE
:1067C000311D09A8FEF7F2FB711D09A8FEF7EEFBCB
:1067D000B11D09A8FEF7B6FB06F1080109A8FEF7EE
:1067E000B1FB08A8FEF728FD054600287FF42FAC72
:1067F0009B493846FAF768FDFF28014601D03289E7
:106800008AE64FF0FF3522E40023ADF824308DF8FE
:106810002030FEF7F1FA064688BB082D2DD908A8CE
:10682000FEF71CFB064650BB9DF820600421304655
:1068300013F0B4FC02220546611D09A810F0A6FE63
:10684000237AE279BDF82410EB70864B2980AA7078
:10685000B3F8A423BDF824309A4204D182493046CB
:10686000FAF794FE35E481493046FAF78FFEFF28A7
:106870007FF42FAC4FF0FF3601E06FF029069DF852
:10688000200014F0EDFC40F20B20FEF7CDFA207151
:10689000024600200090334640F20B21E9E4002339
:1068A0008DF81D30FEF7A8FA064680B9EEF722FAF9
:1068B000002855D10DF11D00FEF7D0FA064630B97B
:1068C0006B1F072B9DF81D8011D86FF029069DF8CE
:1068D0001D0014F0C5FC40F20D20FEF7A5FA207152
:1068E000024600200090334640F20D21C1E4082208
:1068F000611D09A810F04AFE0D3D08A8F1F7F6FB4E
:1069000004F10D070DF11E03ADB2009308AA07AB09
:106910003946284614F0B6FC06460028D7D19DF823
:106920001E30ED1AADB2012DCFD1FB5C003B18BF7C
:10693000012308AA09A94046F7F7F4FD06460028F6
:10694000C5D14B4CD4F88C3323B14A4843F2FB41B8
:1069500013F0D0FC40F20D23C4F88C33FFF7B9BB21
:106960006FF02206B3E7042999BF00252B46431D8B
:106970004D1FCDE9093500230B93FEF73DFA05467F
:1069800078B9012109A814F04FFC054648B909A8B7
:1069900008A9FEF70BFB9DF82000FEF735FCFFF77A
:1069A00098BB6088FEF740FAFFF755BB0023062925
:1069B0008DF81E3021D90DF11E00FEF74FFA054665
:1069C000E8B909A8FEF738FC9DF81E600546B0B985
:1069D0000222611D08A810F0D9FD0221304613F0F3
:1069E000DDFBBDF82030244903803046FAF7B4FCC3
:1069F000FF2801460ED02B462CE46FF029059DF8A8
:106A00001E0014F02DFC0020009022792B4640F24D
:106A10000E212EE44FF0FF35F1E7072930D1FEF7C4
:106A2000EBF9054648B16088FEF7FEF900200090BA
:106A300022792B4640F216211BE4611D022209A88F
:106A400010F0A4FD09A9022208A810F09FFD0B492F
:106A5000BDF8200013F0BEFEFFF73BBB995C0300BE
:106A6000995D030048320020755E03006152030007
:106A7000886C0020430E0500415F0300E3B304006F
:106A80006FF02905D2E707292FD1FEF7B5F90546A2
:106A900000BB0222611D09A810F078FD022209A99D
:106AA00008A810F073FD0DF11E00FEF7D7F905469A
:106AB00080B99DF81E500221284613F06FFBBDF8E7
:106AC000203003800C49284613F0A8FF0546002813
:106AD0003FF4FFAA6088FEF7A7F900200090227912
:106AE0002B4640F21721FFF7C4BB6FF02905F4E7EE
:106AF0000020FFF7C0BB00BFFD6A030030B50546AC
:106B000085B040F21720FEF78FF908210446284689
:106B100013F044FB036873B10022009240F2172186
:106B2000224603A8FEF758FC0146039805B0BDE8CD
:106B30003040FDF7CBBF0649064A8B714B71837914
:106B4000CB71C37903910A600C710B720921ECE7D8
:106B5000884C0020000117022DE9F04186B0002387
:106B6000042916468DF80B3092BF1A464B1F421D62
:106B7000CDE90323002305460F460593FEF73CF9B4
:106B80000446002846D1192F5ED90DF10B00FEF7FF
:106B900065F9044600283DD19DF80B701C2138464C
:106BA00013F0FCFA0446014603A8FEF7E5F904F1E8
:106BB000080103A8FEF7FAF904F10A0103A8FEF799
:106BC000C1F904F10C0103A8FEF7F0F9237B012BB6
:106BD00004F1150816D104F10D0103A8FEF7B2F96E
:106BE000059B06330593414603A8FEF7DFF940F203
:106BF00003339E422BD0194BA3613846DAF730FF9E
:106C0000FF2018E0032B19D0414603A8FEF7CEF968
:106C10006FF016049DF80B0014F022FB2B79104A3C
:106C200003F58053002022F8130000902A792346B0
:106C30003146FEF7D1FB06B0BDE8F08104F10D014D
:106C400003A8FEF799F9CEE76FF02904E2E7054BB8
:106C5000A3613846DBF792F9D2E700BFB16C0300BD
:106C6000884C0020696C030038B5054613F0E8FA3B
:106C7000044690B940F20330FEF7D6F80A4B0B4AAF
:106C80001871082118461A605C71DC80FDF71EFF40
:106C90002846BDE83840F0F797BD014640F2033082
:106CA00014F0B5FBF4E700BF884C0020000103039B
:106CB00038B5054613F0C4FA044690B940F20230E4
:106CC000FEF7B2F80A4B0B4A1871082118461A60F1
:106CD0005C71DC80FDF7FAFE2846BDE83840F0F72D
:106CE00073BD014640F2023014F091FBF4E700BF9F
:106CF000884C0020000102032DE9FF41804613F07B
:106D00000AFA06210546404613F048FA0646404670
:106D100013F096FA044600285CD132884FF6FF73D0
:106D20009A4240F2344051D1FEF77EF80D27354C9F
:106D3000354B23602071002302223146E01D637130
:106D4000A371039410F022FC0422B11C04F1090089
:106D500010F01CFC32884FF6FF739A4248D0294647
:106D6000082204F10D0010F011FC05F108010222C7
:106D700004F1150010F00AFCAB7AE375EB7A237688
:106D80002B7B63766B7BA376AB7BE376EB7B237706
:106D90002B7C63776B7CA377AB7CE377EB7C84F80D
:106DA00020302B7D84F821306B7D84F8223005F172
:106DB0001601042204F1230010F0E8FB042205F17F
:106DC0001A0104F1270010F0E1FB11E0FEF72CF8A6
:106DD0002B27ACE740F23440FEF726F800230246AA
:106DE000009340F23441234603A8FEF7F5FA074624
:106DF000404614F035FA0398394604B0BDE8F04136
:106E0000FDF764BE884C00200001340430B505460F
:106E100085B040F20250FEF707F8FF28044604D17F
:106E20000A4841F6F87113F065FA002300932246F0
:106E30002B4640F2025103A8FEF7CEFA0146039812
:106E400005B0BDE83040FDF741BE00BF430E050070
:106E50007FB5044640F20350FDF7E6FF01210546E9
:106E6000204613F09BF9064624B90F4842F2EF0181
:106E700013F040FAFF2D04D10B4842F2F00113F059
:106E800039FA00223378009240F203512A4603A8CF
:106E9000FEF7A2FA01460398FDF718FE204604B05B
:106EA000BDE87040F0F790BC430E05002DE9F047B7
:106EB000074686B04FF4A360FDF7B6FF04210546F0
:106EC000384613F06BF90646384613F024F90446A9
:106ED00027B93E4842F2DE4113F00CFAFF2D04D1EF
:106EE0003A4842F2DF4113F005FA3378002B4CD1D7
:106EF000DFF8DC90F07899F803A003210AF1090C7F
:106F000004F1080E4FF01C08984251D82A4600910F
:106F100000234FF4A36102A8FEF75EFA029B71788A
:106F2000062893BF0022C21F0733134605464FF0C1
:106F3000000803A8CDE90332CDF81480FEF766F807
:106F4000B17803A8FEF762F8F17803A8FEF75EF8BF
:106F50000A34F378434521D9A4F10A0103A8FEF7C6
:106F60003BF814F8021C03A8FEF750F814F8023C92
:106F7000032B214694BF19F80320524603A8FEF7BD
:106F8000BFF808F101081C34E3E7002200924FF437
:106F9000A3612A4602A8FEF71FFA05460298294671
:106FA000FDF794FD384606B0BDE8F047F0F70CBC9D
:106FB00008FB03F201331EF80220032A96BF19F8DA
:106FC00002206246093211449EE700BF430E0500CD
:106FD00068080500F0B5064687B040F21950FDF785
:106FE00023FF1C210446304613F0D8F8054626B985
:106FF000274842F2725113F07DF9FF2C04D1244846
:1070000042F2735113F076F92B78002B36D16B7A5C
:10701000204F032B94BFFB5CFB780933224600937F
:1070200040F21951002302A8FEF7D6F9029B062868
:1070300095BF0022C21F13460733CDE90332691CF6
:107040000023044603A80593FDF7C6FF697A03A849
:10705000FDF7DCFF6B7A032B94BFFA5CFA7805F13D
:107060000A0103A8FEF74CF802982146FDF72EFD11
:10707000304607B0BDE8F040F0F7A6BB0022009212
:1070800040F21951224602A8FEF7A6F90446EBE7A2
:10709000430E0500680805007FB5044640F21A500B
:1070A000FDF7C2FE01210546204613F077F806469B
:1070B00024B90F4842F2ED5113F01CF9FF2D04D111
:1070C0000B4842F2EE5113F015F90022337800928A
:1070D00040F21A512A4603A8FEF77EF901460398AA
:1070E000FDF7F4FC204604B0BDE87040F0F76CBB3F
:1070F000430E05002DE9FF41074688460A2858D867
:10710000DFE810F00B000B005D0064006400640019
:10711000640064001F0129013101994C04F50053FA
:10712000012FD3F88C0340F21D4225D0904231D07C
:1071300040F20142904237D10025C3F88C53FDF74D
:1071400073FE904B904920710222E01D236065710F
:10715000A57110F01BFA8D49022204F1090010F00C
:1071600015FAF6F79BF8E072F6F7A2F820730D21F6
:107170002046FDF7ABFC1CE0904212D040F20142E9
:10718000904211D10022C3F88C236FF0170114F044
:107190003EF90EE000210022C3F88C2340F21D408E
:1071A000F5E76FF01701F6E7794840F2E53113F0A3
:1071B000A1F8404604B0BDE8F04114F051B80846CB
:1071C00013F03EF8014640F20440E0E7031F714E21
:1071D00040F20342032B1BD8DFE803F002123844CD
:1071E000D6F88C536C4C954272D049D8002D00F0E3
:1071F000878040F20D239D4270D040F252419CE0C6
:10720000D6F88C53954243D039D895B10024F0E795
:10721000404613F015F80446D6F88C5340F2034369
:107220009D4234D02CD8002DE3D107F0FD03052B6F
:1072300066D1534C594B204640F8043BFDF724FEE1
:1072400040F20340FDF7F0FD12213FE0404612F00E
:10725000F7FF534B93F838286FF30002044683F886
:107260003828D9E74E4BD6F88C5393F838286FF36B
:10727000000283F8382840F203439D42C3E700240C
:1072800040F21E439D42B8D12146284623E0FCB976
:1072900096F88A533A4C65B1002386F88A3396F8FB
:1072A0009433002262F30003C6F88C2386F89433EB
:1072B0007FE740F20340FDF7B7FD3A4B2071E01D38
:1072C00023606571A571FDF7DFFD1521204614E0EF
:1072D000214640F2034014F09AF8E0E72846FDF713
:1072E000A3FD0123024600932946234603A8FEF787
:1072F00073F8014603980022C271FDF7E7FBCEE761
:10730000062F18D11E4A284B1360002C2346B8BF05
:1073100004F1FF031B125B42644213716342DBB250
:10732000E4B240F2034058BF5C425471FDF77CFD6B
:1073300013480621E1E740F24B41154812F0DAFF0D
:10734000ADE70F4C194B204640F8043BDAF7B6FA8C
:10735000002323730BE70A48154B03604FF4807337
:107360008380062105E7064800F50052042192F8C3
:10737000943343F0010382F894330E4B0360F8E634
:10738000884C002000010104EC350020EE3500207F
:10739000430E0500886C002073FAFFFF0002090409
:1073A000483200200001030400020A0400020E0516
:1073B00000020F05000220042DE9F047DFF84481A8
:1073C000D8F8983F00EB40073B4440F20132B3F855
:1073D0000130934288B0044604D040F21132934207
:1073E00040F28E801421204612F0D8FE03AA0346F4
:1073F00000F1100C154618685968164603C6083384
:1074000063453246F7D118683060D8F8983FDDF808
:107410001B903B4440F21232B3F80110914204BF7A
:1074200004228DF81A20B3F8013040F2133293424F
:1074300033D101238DF81A309DF81A1000293DD15F
:107440008DF814100822284610F0ABF8D8F8983FB1
:107450004FF00F0ADA5DCDF800A04B4640F2013143
:1074600002A8FDF7B9FFDDF8089052460646294606
:1074700009F1070010F08AF831464846FDF726FB6F
:10748000D8F8983F3B44002220465A709A70F0F793
:107490009BF9012008B0BDE8F087B3F5457F01D125
:1074A0000223C7E740F21532934201D10323C1E71B
:1074B00040F216329342BFD10023BBE7042902D128
:1074C00008220021BFE70329C0D02846EFF700FFBC
:1074D0004FF6FF73984206464FF008024FF0000146
:1074E000284608BFBDF80C6010F05BF89DF81A3014
:1074F000ADF80C60012B04BF00238DF81430A5E714
:107500000020C7E7483200202DE9F0434688B3B297
:10751000013B89B005460C463B2B00F21486DFE8A0
:1075200013F03C006200120678008C00D400F300D7
:1075300028013C014F01B901CD01F30112061206E9
:10754000FF0118023502430265027E028D0290029D
:107550009C02A702B602C502CF02DE02F5022F038B
:107560005B03120687039303A003A303A603B203DE
:10757000B5031206E3011206510467047004FB040C
:107580004805380556059901C000C800AA05AE0592
:10759000ED050406B105C005DD0510F0C5FDA44BE1
:1075A0000393029010F0C2FDA24C2B79A24A2260F4
:1075B000237105900023042202A9E01D6371A371C9
:1075C0000FF0E4FF042203A904F10B000FF0DEFF2B
:1075D00004F10F00042205A90FF0D8FF1324204660
:1075E00009B0BDE8F083052906D94079022803D8FF
:1075F000FDF770FCFF24F2E729792A228D4B4FF426
:1076000080701971002118805E8059719A71072469
:10761000E5E78A4A037992F8B42286488DF8142067
:10762000874A02600371002343718371012205A917
:1076300007300FF0ABFF0824D1E705292BD940799B
:1076400002282BD801287D4B1DD002281ED093F88C
:10765000B525002442F0010283F8B52583F8B44231
:10766000204611F0AEFC77480021F4F7BBFF012063
:10767000F4F7BEF80023002000902A790521FDF7D9
:10768000ABFE0446ABE783F8B402EAE783F8B40242
:10769000D9F768FEEBE76FF02903ECE76FF016030C
:1076A000E9E7052940F238814079F5F715FE002316
:1076B00034E1F5F717FE8DF814005E486A882B79DF
:1076C00042804FF480710180ACE70621009102797D
:1076D000002305A8FDF780FE059C0025E5712846DE
:1076E000DAF734F904F10906039040B1E379257221
:1076F0000133E371042203A930460FF047FFE47918
:1077000004EB840408346AE709292CD94679811DE1
:10771000042205A80FF03AFF03A93046F0F738FC21
:1077200038B16FF01604002000902A792346072113
:10773000A5E70598F4F702FF9DF80C309842F0D8C1
:1077400003A93046F0F70AFC04460028E9D1059861
:1077500013F015F89DF80C309842E2D336B905982D
:1077600013F036F8DFE76FF02904DCE76FF01E0452
:10777000D9E7324B027993F8B413334C0B4493F8A6
:10778000B20393F8B3132B4B1A7100221C605A7189
:107790009A71D8711972092421E7284A0379B2F83D
:1077A000A6232448ADF81420284A02600371002360
:1077B00043718371022205A907300FF0E7FEEAE763
:1077C000042995BF0024431D23464C1FCDE90534F1
:1077D00000230793FDF710FB0346F0B9022105A82B
:1077E00013F022FD0346C0B902A8FDF737FB03469C
:1077F00098B903A905A8FDF7A5FBBDF80C00F5F79E
:107800002BFD134B0193022300939DF8080003AB5B
:107810005022FF21EDF750F9ECE62A79054902F5EF
:107820008052002021F8120000902A79698826E70A
:1078300063630B03884C00200001010048320020E4
:1078400000010400293E04000001080000010900B5
:1078500015540300042993BF0024431D4C1F2346E5
:10786000CDE905340221002305A8079313F0DCFCC1
:10787000044658B902A8FDF7F1FA044630B905A844
:1078800003A9FDF779FB03A8F5F7FAFC00200090A7
:107890002346CAE7AE49082205A80FF077FEAD4897
:1078A0002B79AD4A02600371082200234371C38023
:1078B00005A910440FF06AFE102490E60D290DD999
:1078C000437973B90630F5F7CDFCA44812F0D2FB2A
:1078D0000346002000902A790C21D0E66FF029039E
:1078E000F7E76FF01603F4E702799A489C490160C4
:1078F0000023027143718371042205A907300593A7
:107900000B240FF043FE6AE6082905D9411D042225
:1079100005A80FF03BFECAE66FF02903002083E7BD
:10792000E1F746F97F280CBF0023012300930CBF29
:107930006FF0220700272A7906463B46102105A84A
:10794000FDF74AFD0446002F7FF449AE059BDE712A
:1079500045E6052912D802796FF029050023009326
:1079600011212B4605A8FDF737FD0446002D7FF4B5
:1079700036AE059DE1F71CF9E87130E690F9050097
:10798000E1F702F92A7901230025E8E7F5F75AFC27
:10799000704B2A7969881A714FF4807400221C8018
:1079A00059805A719A7138E005291CD96D4A40797D
:1079B00092F8F63890B143F00C0382F8F6380120C3
:1079C000F5F73AFC684812F055FB0120F3F710FF79
:1079D0000023002000902A79132150E623F00C03A5
:1079E00082F8F638ECE76FF02903F2E7F5F794FE3A
:1079F000584B2A7969881A7100225A719A7103F5D5
:107A000000524FF4807492F894231C80D20759805E
:107A1000D8717FF510AE40F00200D8710BE6514BE3
:107A2000017993F82C2851484A4BC2F3000219718E
:107A30000021186059719971DA71FCE5F9F73AFB88
:107A400039E6052939D9411D012205A80FF09EFD0F
:107A50009DF8140013F00FFA29E60C292DD9411DC9
:107A6000082205A80FF092FD05A8E3F73FFE1EE6E9
:107A700000260629ADF814601FD9411D022205A871
:107A80000FF084FDBDF81400E3F744FE0FE6002676
:107A90000629ADF8146010D9411D022205A80FF087
:107AA00075FDBDF81400E3F743FE00E6152904D97F
:107AB000417D0530FBF7E0FEF9E56FF016032DE799
:107AC000037924482A4A03712A490260002343713A
:107AD0008371102207300FF059FD17247FE5264EE1
:107AE00096F8493301330093027900231D2105A83C
:107AF000FDF772FC0446059896F84933C37140229D
:107B000006F24A3108300FF041FD68E5114C1B4A7E
:107B1000144E03792260002533222946E01D23718B
:107B20006571A5710FF03DFDE01D96F8501313F03F
:107B30009BFB183496F850339D4204D02046E9B29E
:107B400013F092FB11340135032DF3D13A2446E5AD
:107B5000F0350020884C002000010B00F94E030096
:107B600000012A0048320020194F030000011500CF
:107B700000011C00C16F0020886C002000011E0065
:107B80000D291ED1411D082205A80FF0FFFC02217E
:107B900005A8FCF7AFF820B9FF2105A8FCF7AAF863
:107BA000B8B1A34B2A7969881A714FF48074002206
:107BB00059805A719A7100F108011C801022D81D59
:107BC00089E76FF01603002200922A79698803A8DA
:107BD00055E56FF01B03F6E7411D0222002603A8BE
:107BE000ADF80C600FF0D2FCBDF80C0069882A7962
:107BF000C31D9C4212D302303346009005A8FDF706
:107C0000EBFB059E022203A90446F01D0FF0BEFC0B
:107C1000BDF80C20E91D06F1090074E784484FF413
:107C200080742A2304804180027146718371EEE4DE
:107C3000EBF72CFDADF814007D486A882B79428063
:107C40004FF480710180B1E503797948794A037175
:107C500000230260437183710730F5F719FB0F248D
:107C6000BDE4D9F75FFE93E6F5F7A0FBE2E7037901
:107C70006F48714A037100230260437183710730BA
:107C8000D9F71CFEEBE701790022B7E40629037956
:107C900040F08D80664C407923710023674A637100
:107CA000A371431E05942260E071172B00F28780B8
:107CB000DFE803F00F12140C160D181A1C1E2022F8
:107CC000282B2D2F313337485C6E8573102020729E
:107CD00061E55B4B1878FAE75A4BFBE75A4BF9E73B
:107CE0005A4BF7E75A4BF5E71C20F0E7594BF1E701
:107CF000594BEFE7594BEDE7594B93F81803400008
:107D0000C0B2E4E7F5F7EEFAE1E7564BE2E7564B8F
:107D1000E0E70120DBE73220D9E7514B93F8510926
:107D2000D5E74F4B5148B3F8A8324FF47A725B0154
:107D300003A9B3FBF2F30222ADF80C300FF026FCDE
:107D40000A244CE440F6E1334848ADF80C300222F6
:107D500003A90FF01BFC42F299734548ADF80C30B3
:107D6000022203A90FF012FC0C2438E40F233F4831
:107D7000ADF80C30022203A90FF008FC384B93F841
:107D8000703F13F0020F0CBF8A234FF4A173E4E796
:107D9000384BB3F8C8322381D2E7314B93F86523CF
:107DA000227293F866236272D3F86833D5E76FF0D6
:107DB0001603002200922A79698805A85FE46FF013
:107DC0001B03F6E7052910D9254A437992F86E136B
:107DD000003B18BF012363F3000182F86E130023F8
:107DE000002000902A792C2149E46FF02903F7E75D
:107DF0001B4B017993F86E231F480D4B02F00102D3
:107E000015E604293CD80023CDE90533079302A9E0
:107E100005A8FDF7CBF8F1F777F8063CDFF85C80B2
:107E2000A4B200279DF808309F4235D3002437E0E4
:107E3000884C0020000123000001260000012800DA
:107E4000600100205C0100208E010020580100200C
:107E500078010020540100209001002070010020D2
:107E600048320020640100208C010020904C00204A
:107E7000924C00206C2E002000012D00430E0500C6
:107E8000431D05934B1F069305294FF000030793ED
:107E9000BDD16FF0290405E0052C0AD86FF0290444
:107EA000F1F740F8002000902A7923462E21FFF7B1
:107EB000E6BB03A905A8FDF745F80DF10E0105A8DD
:107EC000FDF740F804A905A8FDF73CF8063CBDF80D
:107ED00010601FFA84F9B145E0D3079C069B264445
:107EE0009E4203D99921404612F004FA059ABDF842
:107EF0001030BDF80E109DF80C0007962244F3F7E1
:107F00001FFC30B9BDF81030A9EB0304A4B201374F
:107F100088E74FF0FF34C3E70429027907D86FF0F0
:107F20002903002000902A792F21FFF7A8BB431DC9
:107F300005934B1F069307294FF000030793EED1DB
:107F4000824C8349216005A804F109012271637103
:107F5000A371FCF7F7FFB4F80900E31D019304F1E6
:107F60000D03009341F6F17204F10B0304F10F01CC
:107F7000C0B2F1F703FA034628B9B4F80D400F3444
:107F8000A4B2FFF72CBB10F11C0F18BF4FF0FF334A
:107F9000C7E705294FF0000408D1F3F787FB234614
:107FA00000942A7931210020FFF769BB6FF0290383
:107FB000F6E705294FF0000406D1F1F79DF92346B5
:107FC00000942A793021EEE76FF02903F8E70429BD
:107FD00006D86FF02903082200922A796988E2E71F
:107FE000431D05934B1F069308294FF00003079389
:107FF000EFD103A905A8FCF7A5FF05A802A9FCF786
:10800000D5FFBDF80C309DF80800062B30D8DFE80E
:1080100003F0040B11171D232900003818BF01209D
:10802000D9F716FC0023D6E7003818BF0120F5F772
:10803000ADF9F7E7003818BF0120F5F75FF9F1E770
:10804000003818BF0120F5F763F9EBE7003818BFD7
:108050000120F5F7C5FEE5E7003818BF0120F5F768
:108060006BF9DFE7003818BF0120F5F75BF9D9E7B6
:108070006FF01B03AFE701791F22FFF7BFBAF9F7D3
:10808000FBF885E4CCB2052C08D10BF0BFFE03460B
:10809000002000902A793A21FFF7F1BA6FF0290306
:1080A000F6E7CCB2042C07D86FF02903002000902B
:1080B0002A793B21FFF7E3BA431D05930026631F8E
:1080C000062C06930796EFD103A905A8FCF76EFFCF
:1080D0009DF80C000BF0DAFE3346E7E7CCB2152C26
:1080E00009D105300CF0D2FF0023002000902A793E
:1080F0003C21FFF7C4BA6FF02903F6E7052911D92F
:10810000144A437992F86E13003B18BF012363F3BE
:10811000410182F86E130023002000902A79382153
:10812000FFF7ADBA6FF02903F6E70A4B017993F830
:108130006E23064B08481971002118605971997116
:10814000C2F3400278E40024FFF749BA884C0020CB
:1081500000012F0048320020000139002DE9F04FC6
:1081600004294388914F97B005460C4619D94678A3
:1081700097F8382306F00306164312D103F47F4222
:10818000B2F5806F00F00A844AD8B2F5007F00F0A3
:1081900018820BD8002A00F08C80B2F5807F00F0A6
:1081A0008C8069882A793E2600F0EBBFB2F5407FCB
:1081B000F7D16FF440700344162BF2D801A252F8A5
:1081C00023F000BFC98503004787030055870300DC
:1081D0007F8703008D870300A3810300938703003B
:1081E0002F880300B38803005B870300A38103008B
:1081F000A3810300A3810300A3810300A3810300E3
:10820000A3810300A3810300A3810300A3810300D2
:10821000A3810300A3810300A3810300F588030069
:10822000B2F5106F01F0EC831AD8B2F5A06F01F02F
:108230003481B2F5E06FB4D140F201729342B0D113
:108240000EF03DFD04463046FCF744FE002C00F0E5
:108250006582002000902A79234640F2017161E096
:10826000B2F5206F9DD140F60122934299D1D7F803
:108270009033002B95D04C1F3046214611F0D4FE90
:10828000064600288DD02146EFF72EFB2246691DB9
:108290000FF07CF90121304611F080FF2B7903703B
:1082A000D7F890333046984704463046EFF78CFABB
:1082B00019E3FFF729F9044615E36FF4807C634462
:1082C000032B3FF66EAFDFE813F077000400FB00EE
:1082D0003001052963D04279531EDBB2FD2B61D8F2
:1082E000DFF8CC8098F8500908F62C130026F1B27C
:1082F000884210D953F8041F91F800C0944506F144
:10830000010412D1FF230B7008EB8603D3F830A9C8
:10831000BAF1000F0BD16FF01B03002000902A79F7
:108320004FF48171FDF758F8C5E72646DFE7DFF81F
:1083300084B042F22C340BEB0609002119F804201A
:1083400050460FF02EF919F80420D7F828339B1A5D
:10835000C7F82833002309F8043006F513793444AC
:1083600008EB89095C4498F850390136B34204D8C7
:10837000013B88F850390023CFE76278D9F8041020
:1083800050460FF0ECF8637804F8013BD9F804206C
:1083900049F8042B03EB43030AEB830AE3E76FF08E
:1083A0002903BAE76FF01603B7E700BF886C002017
:1083B00048320020884C00200C2975D9037BC27AF2
:1083C00090F805801A44530003F10D06B1426BD1B9
:1083D000B8F1000F6BD0BB4991F850E901F62C1CA5
:1083E000002070450DD25CF8044F94F80090C14510
:1083F0004FD1A07994F807C06044904226DDFF2059
:10840000207091F85019082954D8022A8CBF0833DB
:108410000C23D7F82823033323F00303C2F592710A
:108420008B424AD8A84CA94914441A44C7F82823B7
:1084300097F8342342F22C30114401320B54204679
:1084400087F83423D8F79CFF0346E0B92046022280
:1084500000F8018BA91D0FF099F80222E01C05F12C
:1084600008010FF093F8AA7A637962F3030363714A
:10847000EB7AA3712B7BE37105F10D0808342E44D0
:10848000464508D10023002000902A7940F20111CE
:1084900048E70130A5E74146204602220FF076F872
:1084A00008F102080234EBE76FF02903EBE76FF005
:1084B0000903E8E76FF01C03E5E76FF01503E2E757
:1084C00000230829ADF8343029D946798479C11DB3
:1084D00002220DA80FF05AF8022E23D8ECF728FC40
:1084E00040B104F00603062B01D1200704D46FF03D
:1084F0000A030EE0A107FAD4E309C4F3C002C4F3EF
:1085000080013046D8F760FEBDF83400D8F7B2FEDF
:108510000023002000902A7940F2031102E76FF057
:108520002903F6E76FF00903F3E7082943D94079F7
:10853000A97995F807802B7A032834BF00266FF0BD
:10854000090608F1FF340729E4B20ED9032C11D82B
:10855000B8F1030F0ED06FF00A067BB9002000902F
:108560002A7933464FF48271DCE6032C02D8B8F145
:10857000030F02D16FF00B06EFE74BB11A1FD2B217
:10858000082A1BD840F2111424FA02F2D20715D59A
:10859000002EE3D14246D8F773FE4A4908F1FF3472
:1085A00091F8F638624223F00403624143EA820301
:1085B00081F8F638D2E76FF02906CFE76FF00C06A6
:1085C000CCE7FDF70DFD76E6002607298DF80C6057
:1085D00040F2B38095F80580B8F1150F05F106015A
:1085E00040F0AB80022204A80EF0D0FFBDF810309E
:1085F0001D33A34240F0A180182231460DA80EF091
:10860000D0FF05F1080142460DA80EF0BFFFBDF8EE
:1086100010101831982928D9304611F005FD8DF831
:108620000C00002800F08C809DF80C40BDF8101064
:108630002046EFF759F9BDF8102005F11D010EF0A5
:10864000A5FF1821204611F0A9FD18220DA90EF052
:108650009DFF95F80490B5F80280002C3AD11C4893
:1086600041F2084111F046FE39E003A8FCF7F6FBA1
:1086700004460028D8D01422002106A80EF091FF4D
:10868000BDF84030ADF8203008229DF843308DF819
:1086900026300DA90F2606A80EF078FF00230096BD
:1086A0002A79ADF82230ADF8243040F2013123466A
:1086B00005A8FCF791FE04460598324606A9073046
:1086C0000FE100BF483200208C6E0020884C002053
:1086D000430E0500AA4B1B680133A342BFD9A94E24
:1086E000D6F8983F04EB44052B44B3F8013023B18E
:1086F000A54841F2094111F0FDFDD6F8983F03F875
:108700000590D6F8983F2B44A3F80180FCF748FA6F
:1087100070B1224600210420FCF748FA97F8013294
:108720001BB911F095FC87F8010217B0BDE8F08F76
:1087300096482146F4F72EF8F0E76FF029049AE7FF
:108740006FF0150497E740F2023221462846FEF703
:1087500003FAB0E540F20332F7E74C1F6B1D00212E
:108760000DA80E940D9312F05FFD044608B9D9F7D9
:10877000A5FA0020009023462A796988D2E54FF4B3
:1087800041722146284612F058FE94E540F2053227
:10879000F7E7052943D095F8059009F1FF33DBB2DF
:1087A000EF2B3FD8DFF8DC8198F85847661E04EBC2
:1087B000440408EB840400224FF00C0A711C23D0FF
:1087C00094F8960604F28D61002300E001338342A1
:1087D00017DA11F801CFCC45F8D198F85827013AAB
:1087E000964208DA921B0AFB02F204F5D36104F206
:1087F0008C600EF0B4FE98F85837013B88F8583773
:108800000122013E0C3CD9E77AB11320F2F7F0FFC8
:108810000023002000902A7940F2073182E56FF0B2
:108820002903F6E76FF00903F3E7594BF1E76A1DF7
:1088300000230D9228464A1FCDE90E238DF81830EB
:10884000FCF7DAFA064690B9072C0BD812F008FDAF
:108850006FF029062B794F4A03F58053002122F847
:1088600013100AE006A8FCF7F9FA064660B19DF875
:10887000180012F0F5FC331DECD1002000902A798D
:1088800033464FF442714DE59DF8185008212846B3
:1088900011F084FC044601460DA8FCF787FB0DA8E7
:1088A000A11CFCF74FFB3C4B63602846D9F7A0F8AE
:1088B00034E7344E96F8581701220C2313FB01239A
:1088C00000932A79002340F209310DA8FCF784FDBA
:1088D00004460D9896F85837C371042206F5D36103
:1088E00008300EF053FE002C3FF45BACFF2C40F040
:1088F000408213E76B1D0D930DA84B1F00210E93B3
:108900000F9112F091FC112C064636D10222A91DBE
:1089100003A895F805800EF039FE2C7A631E022B11
:1089200008D96FF01606002000902A79334640F2ED
:108930001731F7E4082205F1090106A80EF026FE1A
:108940002246BDF80C1006AB4046D9F751FC4FF05B
:108950000408CDF800802A79049040F2173133469C
:1089600005A8FCF739FD04460598424604A90730DE
:108970000EF00CFE002EB6D0D5E76FF02906D2E738
:108980007801002048320020430E0500953F010089
:108990005BFBFFFF884C0020895103006FF4806C63
:1089A0006344332B3FF6FDAB01A252F823F000BF26
:1089B000818A03004F8B0300D38B0300E58C0300F7
:1089C0003D8D03008F8D0300058E0300A3810300FE
:1089D000A3810300A3810300A3810300A3810300FB
:1089E000A3810300578E0300958E0300D58E0300EC
:1089F000EB8E0300F98E0300598F03000B8F0300E9
:108A0000478F0300598F0300998F0300999103004A
:108A1000C1910300E1910300A3810300A38103003E
:108A2000C59203003D930300A3810300A3810300CB
:108A3000A3810300A3810300A3810300AB8F030084
:108A4000DB8F030009900300299003004990030085
:108A50007F900300AD900300D1900300F7900300D6
:108A6000419103007B910300599203008F92030010
:108A7000E5930300A3810300A38103000D94030089
:108A800000238DF81830FCF7B7F90646002850D1BE
:108A900006A8FCF7E3F9064600284AD19DF818A07D
:108AA0001021504611F07AFB053CE4B205F1050BAC
:108AB0000DAB0093024605AB80465946204612F0A6
:108AC000E1FB9DF83430E41A0BEB0309E4B20646EF
:108AD00078BB0C2C2BD11BF8033088F8043099F8A4
:108AE000013088F80530022209EB020108F1060086
:108AF00008F108080EF04AFD082209F10401404679
:108B00000EF044FD0821404611F02BFEB5485146B9
:108B1000F3F740FED7F88C3323B1B34841F6660132
:108B200011F0E8FB40F20143C7F88C33F6E56FF033
:108B300029069DF8180012F093FB2B79AB4A03F538
:108B40008053002022F813000090334614E60023DF
:108B50008DF81830FCF750F9064640BB06A8FCF724
:108B60007DF9064618BB9DF818800821404611F093
:108B700015FB053CA4B20DAB05F1050900930246B7
:108B800005AB82464946204612F07CFB9DF8343006
:108B9000E41AA4B2064650B9012C06D119F80330E4
:108BA00093488AF804304146C4E56FF029069DF8E1
:108BB000180012F055FB2B798C4A03F580530020E6
:108BC00022F8130000902A79334640F20241FFF761
:108BD000A9BB00238DF81830FCF70EF9064650BBF0
:108BE000ECF788F8A8B1F4F797FD6FF022069DF82E
:108BF000180012F035FB2B797C4A03F580530020D6
:108C000022F8130000902A79334640F20341FFF71F
:108C100089BBF4F781FD0028E7D106A8FCF71EF90F
:108C200006460028E3D1631F082B9DF8189007D84B
:108C30006FF02906DBE7F4F76FFD0028D5D1D6E702
:108C40001021484611F0AAFA0822691D80460EF04C
:108C50009DFC6B7B032B42D80E3C88F80D3005F150
:108C60000E0A0DABA4B2009308F1080205AB514601
:108C7000204612F007FB06460028B8D19DF8343094
:108C8000E41AA4B2032C0AEB0302D1D11AF8033080
:108C900088F80E30537888F80C30937888F80F30C5
:108CA000ECF746F898F80C3040B103F00602062ABB
:108CB00001D1180704D46FF00E0698E79907FAD48B
:108CC0004C484946F3F766FDD7F88C3323B1464844
:108CD00041F6861111F00EFB40F2034324E76FF0DA
:108CE000160684E7002305298DF8343013D0FCF7ED
:108CF00083F8044688B90DA8FCF7B0F8044660B9BB
:108D00009DF834400121204611F048FA6B79037038
:108D1000214639480EE56FF029049DF8340012F021
:108D20009FFA40F20440FCF77FF8287102460020C9
:108D30000090234640F20441FFF7F4BA06291DD9FA
:108D4000411D022206A80EF021FCBDF818000DA955
:108D5000EEF7BEF9034698B924482A7927490160FD
:108D600002714371837108220DA907300EF00EFCC9
:108D70000F241E482146FBF7A9FECFE46FF029031C
:108D8000002000902A7940F20541FFF7CBBA0C2968
:108D90001CD9411D08220DA80EF0F8FB0DA8EEF716
:108DA00097FA4FF6FF739842ADF8180017D00F48A6
:108DB0002B79134A037100230260437183710222ED
:108DC00006A907300EF0E2FB0924D2E76FF0290371
:108DD000002000902A7940F20641FFF7A3BA6FF015
:108DE0001B03F5E769D10100430E0500884C002004
:108DF00021F80100A10E0200C9F1010000010504E3
:108E0000000106040C291CD9411D082206A80EF0F9
:108E1000BDFB05A906A8EBF71BF8044698B9059811
:108E20000DA912F079FAC0482B79C04A026003718B
:108E3000447184711D220DA907300EF0A7FB242474
:108E400097E76FF02904002000902A79234640F22A
:108E50000741FFF767BA00260629ADF8346013D939
:108E6000411D02220DA80EF091FBBDF8343073B104
:108E7000FA205843F9F73CFD3346002000902A7948
:108E800040F20E41FFF74EBA6FF02903F5E76FF09D
:108E90000903F2E7002608290D9615D9411D042281
:108EA0000DA80EF073FB0D9BA14A191F91420ED81D
:108EB000FA205843F9F75EFD3346002000902A79E6
:108EC00040F20F41FFF72EBA6FF02903F5E76FF07C
:108ED0000903F2E70020F9F7F5FB002300932A7954
:108EE0004FF482611846FFF71DBA924841F21C7197
:108EF00011F000FAFFF755B90020F9F767FD0023DC
:108F000000932A7940F21241ECE7F9F749FD044653
:108F10000020F9F7FFFBF9F743FD84B98DF81860DD
:108F2000012600962A7940F2144100230DA8FCF78F
:108F300053FA3246044606A90D98FFF7C0BBC0F1AC
:108F40000200C6B2EAE70020F9F75EFD00230093B5
:108F50002A7940F21541C5E7002608290D9618D94F
:108F6000411D04220DA80EF011FB3046F9F7E8FA76
:108F70000120F9F7E9FB0D98F9F700FC3046F9F705
:108F800025FD3346002000902A7940F21641FFF774
:108F9000C9B96FF02903F5E70020F9F7D5FB0023E5
:108FA00000932A7940F217419CE7431D4C1F0D9313
:108FB000012100230DA80E940F9312F035F90446F9
:108FC00000287FF4D6AB0DA806A9FBF7EFFF9DF8AC
:108FD0001800F9F705FCFFF7CCBB431D4C1F0D93A0
:108FE000042100230DA80E940F9312F01DF90446DE
:108FF00000287FF4BEAB0DA806A9FCF767F8069819
:10900000F9F7BCFBFFF7B5BB431D4C1F0DA80021B2
:109010000E940D9312F008F9044600287FF4A9ABD2
:10902000F9F78EFAFFF7A5BB431D4C1F0DA80021D1
:109030000E940D9312F0F8F8044600287FF499ABD3
:10904000F9F79EFAFFF795BB431D4C1F0D930121C5
:1090500000230DA80E940F9312F0E6F804460028A2
:109060007FF487AB0DA806A9FBF7A0FF9DF81800B9
:10907000003818BF0120F9F767FBFFF77ABB431DE3
:109080004C1F0D93042100230DA80E940F9312F092
:10909000CBF8044600287FF46CAB0DA806A9FCF7BA
:1090A00015F80698F9F73EFCFFF763BBF9F780FC6B
:1090B0000D901D482B7903711F4A026000234371F4
:1090C000837104220DA907300EF060FA0B2450E6DC
:1090D000F9F766FC8DF8340013482B790371174AB1
:1090E000026000234371837101220DA907300EF045
:1090F0004DFA08243DE6431D4C1F0D93012100232A
:109100000DA80E940F9312F08FF8044600287FF4F8
:1091100030AB0DA806A9FBF749FF9DF81800F2F740
:10912000D9FDFFF726BB00BF884C002000010704D3
:10913000FCFF6D00430E050000012A0400012B0412
:10914000431D4C1F0D93052100230DA80E940F9372
:1091500012F06AF8044600287FF40BAB05A90DA8AD
:10916000FBF724FF06A90DA8FBF7B0FF06999DF8B1
:109170001400F4F7F3F8FFF7FCBAF4F7FBF869888A
:109180002A799A4B4FF480701A7100221880598006
:109190005A719E710724ECE501210DA8FCF710F827
:1091A0002A79034630B991489149016002714371AF
:1091B00083713FE6002000904FF48361FFF7B2B85F
:1091C00000210DA8FBF7FCFF2A79034610B9874858
:1091D0008849EAE70020009040F21941FFF7A2B861
:1091E0000023411D02220DA88DF818300EF0CEF993
:1091F000BDF834305B0007339C422AD306A8FBF746
:109200002DFE044698B99DF818A022215046EEF78D
:109210006BFBBDF83430038005F107098046264614
:10922000BDF834309E420AD35046EBF735FF00209C
:1092300000902A79234640F21A41FFF773B80136AD
:109240004946022208EB46000EF0A0F909F1020996
:10925000E6E76FF02904EAE7431D4C1F0D93012157
:1092600000230DA80E940F9311F0DEFF0446002892
:109270007FF47FAA0DA806A9FBF798FE9DF81800B9
:10928000003818BF0120EBF7A5FEFFF772BA431DA7
:109290004C1F0D93012100230DA80E940F9311F084
:1092A000C3FF044600287FF464AA0DA806A9FBF7B3
:1092B0007DFE9DF81800003818BF0120EBF7AAFECC
:1092C000FFF757BA00238DF83430FBF795FD0446BD
:1092D00018BB0DA8FBF7C2FD0446F0B908224649A9
:1092E00046480EF02CF99DF83420A0B1444B93F879
:1092F000B4130B4493F8B3336BB11046E3F7CCFFD0
:10930000D7F88C3323B13F4841F6452110F0F2FFE6
:1093100040F21D4308E46FF017049DF8340011F08B
:109320009FFF40F21D40FBF77FFD287102460020A1
:109330000090234640F21D41FEF7F4BF431D4C1F31
:109340000D9300230E940F938DF81830FBF754FD06
:109350000446A8BB03210DA811F066FF044678BBA4
:1093600006A8FBF77BFD044650BB03A90DA8FBF73D
:109370001DFE04A90DA8FBF719FE05A90DA8FBF712
:1093800015FE9DF818400321204610F007FF9DF8B8
:109390000C3003709DF8103043709DF814308370CA
:1093A00021461948F3F7F6F9D7F88C3323B115485D
:1093B00041F68E2110F09EFF40F21E43FFF7B4BB32
:1093C0009DF8180011F04CFF2B79084A03F58053E3
:1093D000002022F8130000902A79234640F21E4113
:1093E000FEF7A0BFF9F754FAC9E600BF884C002089
:1093F00000011804000119045E0B0500F43400207C
:1094000048320020430E050091EF0100431D4C1F20
:109410000D93062100230DA80E940F938DF81030A4
:1094200011F002FF044630BB2846FBF7E5FC04467A
:1094300008BB04A8FBF712FD0446E0B99DF81060D4
:109440000621304610F0AAFE05A904460DA8FBF738
:1094500079FDBDF81430238006A90DA8FBF736FE70
:10946000069BC4F80230A4493046EAF78BFE044656
:1094700000283FF453A99DF8100011F0F1FE2B795C
:109480009E4A03F58053002022F8130000902A79A9
:10949000234640F23441FEF745BF6FF4A062134407
:1094A000192B3EF67EAE01A252F823F0159503006B
:1094B0005D950300AB950300A3810300A381030026
:1094C000A3810300A3810300A3810300A381030000
:1094D0001196030041960300A38103009F960300A9
:1094E000A3810300A3810300A3810300A3810300E0
:1094F000A38103002B98030087980300579903006A
:1095000095990300C5990300119703006D97030017
:10951000D19703004C1FA4B2122C1CD8E4B2083C13
:109520000A2C18D8DFE804F00717131717170617C7
:10953000171715000226691D3046DDF7C7FF0346E1
:10954000002000902A7940F20151FEF7EBBE01267F
:10955000F1E70326EFE76FF02903F1E7FBF74CFC97
:109560000346002840F035820D3CE4B2083C0A2C4A
:1095700011D8DFE804F007100610101016101010B4
:10958000180001265E4B05F10D023146681DDEF71D
:1095900091F8FFF7C3B86888FBF746FC6FF0290322
:1095A00017E20226EEE70326ECE74C1F431D0026D8
:1095B0000E940D930F968DF81860FBF71DFC044672
:1095C000002840F0008108210DA811F02DFE04466E
:1095D00038B1304611F044FE6888FBF725FCFFF7F0
:1095E000C8B806A8FBF73AFC9DF8186004460028A6
:1095F000EFD10C21304610F0D1FD424B8360014683
:109600000DA8FBF7B9FC3046DEF79EF8FFF786B8E9
:10961000052912D03C4A437992F83816003B18BF0E
:10962000012363F3820182F83816002300200090A2
:109630002A7940F20A51FEF775BE6FF02903F5E76B
:1096400000230C298DF814301DD90DAA05A9053069
:10965000DDF776FF00281FDB9DF814202B4B032A33
:1096600094BF9E5CDE78F31C00932A7940F20B5184
:10967000002306A8FBF7B0FE04460698B21CC27190
:109680000DA9FFF72DB96FF02903002000902A796A
:1096900040F20B51FEF746BE6FF01B03F5E70023C7
:1096A00005298DF818301BD106A8DDF72FFF80465D
:1096B000F8B19DF81820154B032A94BF9E5CDE7804
:1096C000F31C00932A7940F20D5100230DA8FBF7FB
:1096D00083FE04460D98B21CC2714146FFF700B9E3
:1096E0006FF02903002000902A7940F20D51FEF717
:1096F00019BE6FF01B03F5E7F96C0300884C0020DE
:109700000D6E0300516E030048320020680805000A
:109710004C1F431D00260E940D930F968DF8186074
:10972000FBF76AFB044600284DD101210DA811F07A
:109730007BFD044600287FF44CAF06A8FBF78EFBA8
:109740009DF81860044600287FF443AF0521304699
:1097500010F024FDA14BC0F8013001460DA8FBF725
:1097600025FC3046DEF798F8FEF7D8BF4C1F431DA6
:1097700000260E940D930F968DF81860FBF73CFBB6
:10978000044600BB01210DA811F04EFD044600283F
:109790007FF41FAF06A8FBF761FB9DF81860044635
:1097A00000287FF416AF0521304610F0F7FC8C4BF3
:1097B000C0F8013001460DA8FBF7F8FB3046DEF794
:1097C000CDF8FEF7ABBF304611F04AFDFEF7D1BF32
:1097D0004FF000088DF83480FBF70EFB052C064691
:1097E00012D140B1404611F03BFD6888FBF71CFBED
:1097F0000020FFF7A9B90DA8FBF730FB9DF8344016
:10980000064638B12046EEE7404611F029FD6FF0DC
:109810002906EDE70421204610F0C0FC714B0360DF
:109820002046DDF7DBFFFEF779BF0D2928D1461D65
:1098300002213046FAF77EFB4FF6FF73984204464A
:10984000ADF8340007D1FF213046FAF773FBA04290
:109850000DD0ADF8340064482B79644A03710023BD
:1098600002604371837102220DA9FFF7AABA6FF05B
:109870001B03002000902A7940F21351FEF752BDDD
:109880006FF02903F5E707295BD1411D022204A8E7
:109890000DF07CFEBDF8100006A9EFF777FA04463C
:1098A000002850D1102208A90DA80DF06FFE9DF8D8
:1098B0003030DFF84881C3F300028DF84420C3F351
:1098C0004002C3F381038DF845208DF84630BDF882
:1098D0001020D8F814360A2606FB02330DF1470093
:1098E0001A79D9785B79520142EAD10242EA4332CD
:1098F000059205A904220DF049FEBDF81020D8F804
:10990000143606FB023305A9D3F80630059304226A
:109910000DF14B000DF03AFE082206A90DF14F00A3
:109920000DF034FE30482B79314A02604471847165
:10993000037123220DA907300DF028FE2A24FFF71A
:1099400018BA6FF02904002000902A79234640F2CB
:109950001451FEF7E7BC072919D1411D02220DA8B9
:109960000DF014FEBDF83400EFF7D6F9044658B9EF
:10997000BDF83400FAF7ECFA002000902A7923466B
:1099800040F21551FEF7CEBC6FF01704F4E76FF00C
:109990002904F1E7052912D1164E00243268A0B23D
:1099A000904204F1010407D30023002000902A799B
:1099B00040F21651FEF7B6BCFAF7CAFAEEE76FF0BE
:1099C0002903F2E705297FF4E9AD0B4810F052FBBB
:1099D000002300200090FEF7CFBE00BFAD6E030055
:1099E000D56F030099700300884C00200001130517
:1099F0000001140564010020A9380300483200204A
:109A000040F6011293427EF4CCAB07298DF8096031
:109A100040F298804379182B00F1060140F09280C3
:109A200002220DF10A000DF0B1FDBDF80A3020331D
:109A3000A34240F08780102231460DA80DF0B1FD01
:109A4000102205F108010DA80DF0A0FD042205F17A
:109A5000180103A80DF09AFD05F11C01042204A8C9
:109A60000DF094FDBDF80A10882941D998310020E5
:109A700010F0DAFA8DF80900002866D02846FBF7C6
:109A8000BBF90346D8BB9DF80960BDF80A10304603
:109A9000EDF72AFFBDF80A2005F120010DF076FD53
:109AA0001021304610F07AFB9DF834300370013BF2
:109AB000BDF83520A0F80120012B04463BD8BDF8A5
:109AC0003730A0F80330BDF83F30A4F80B30BDF8B4
:109AD0004130A4F80D309DF84330E373DDE9031203
:109AE0001B4B3046D9F71EFA034640B9FEF716BEA7
:109AF0000DF10900FBF7B2F903460028BED02A7920
:109B0000144802F58052002120F81210052200921C
:109B10002A79069105A840F60111FBF75DFC059E28
:109B20000446042206A9F01D0DF030FD9DF84330D7
:109B3000F372FEF7D8BE08220DF1370103300DF0A5
:109B400025FDC0E76FF02903D9E76FF01503D6E7CD
:109B5000B3B40400884C0020034B044A187105215B
:109B600018461A60FAF7B2BF884C002000022B009A
:109B700038B50B4D0B4B04462846214640F8043BB4
:109B800002220DF003FDA11CA81D08220DF0FEFC11
:109B9000A37AAB7328460F21BDE83840FAF796BF89
:109BA000884C002000020C022DE9F0410D4688B0DF
:109BB00080461C21284610F0F1FA01AA034600F164
:109BC0001807164618685968144603C40833BB4280
:109BD0002246F7D11868206040F21223284640F24E
:109BE0000637B8F1000F18BF1F4610F09EFA83B277
:109BF000ADF802301B481C339CB24FF40073038055
:109C0000022215230DEB02014780037105300DF090
:109C1000BDFC9DF804301448C3F38103032B1EBF21
:109C200000238DF809308DF80A309DF81830314640
:109C30006FF3871315228DF818300DF0A7FC284616
:109C400010F069FABDF80220014608480DF09EFCAC
:109C500004482146FAF73AFF284608B0BDE8F0412B
:109C6000EDF7B2BD884C00208F4C0020A44C0020A2
:109C700038B5094D094B04462846214640F8043BB7
:109C800008220DF083FC237A2B7328460D21BDE8B2
:109C90003840FAF71BBF00BF884C002000020B04BD
:109CA00038B50D4D0D4B04462846214640F8043B7F
:109CB00008220DF06BFC04F1080105F10C000222F2
:109CC0000DF064FCA37AAB73E37AEB7328461021A2
:109CD000BDE83840FAF7FABE884C002000021402B2
:109CE00038B50C4D0C4B04462846214640F8043B41
:109CF00008220DF04BFC04F1080105F10C000222D2
:109D00000DF044FCA37AAB7328460F21BDE8384020
:109D1000FAF7DCBE884C00200002150270B50E4D2B
:109D20000E4B04462846214640F8043B02220DF023
:109D30002DFCA61C06352234314628460222023666
:109D40000DF024FCA64205F10205F5D1BDE87040F6
:109D500001482621FAF7BABE884C002000021B04F5
:109D600013B5094CADF806002046084B40F8043BFB
:109D700002220DF106010DF009FC06212046FAF73A
:109D8000A5FE02B010BD00BF884C002000021C04DC
:109D9000034B93F83803431E58425841704700BFA5
:109DA000886C0020014BC3F890037047886C00203A
:109DB0002DE9F0410546DFF8408010F0B6F946463F
:109DC0000C4B46F8043B0446284610F0A4F907461D
:109DD000284610F0AAF93946024630460DF0D6FB67
:109DE0002846EDF7F1FC211D404689B2BDE8F0415F
:109DF000FAF76CBE0002020A884C002070B5134CC2
:109E0000134E04F5005393F894236FF3000283F884
:109E10009423057835B1012D11D00E4843F64E310B
:109E200010F068FA2046002540F8046BF3F722FA98
:109E30002573BDE8704005480D21FAF747BE20465E
:109E400040F8046BF3F716FAF2E700BF884C0020E5
:109E500000020B04430E0500F0B52D4D2D4891B0C6
:109E60004FF4C862294611F0EBFC0EF0C4F94FF430
:109E70007A720023C6F7D6F9A5F11C04CDE90001DA
:109E80002448694611F0DEFCA068694611F031FEF5
:109E9000204808A911F0F7FC28B155F81C3C13B173
:109EA00081B2284698471B4808A911F0E8FC10B178
:109EB000636803B19847217E60690022DDE90C6781
:109EC000F2F708FED0F740F9E5682369ED1AD0F7FC
:109ED00021F9002D15DD2369012D03F10103236113
:109EE0000DD14FF47A7243F6FF3302FB0633217E25
:109EF00060694FF47052B3FBF2F2F2F7CFFD11B08C
:109F0000F0BDB7F1FF3F08BFB6F1FF3FE9D1F6E77B
:109F1000E47C00202070002038B5084C217E606968
:109F2000F2F738FC0546D0F70FF915B9E3680133AD
:109F3000E360BDE83840D0F7EDB800BFC87C002032
:109F400073B5134C0D46064600F078F8C4E9006579
:109F500000F0D4F80F4A6261FF2222760E4AA06018
:109F60000023CDE900230546E36023610EF043F9A9
:109F70004FF47A720023C6F755F902460B4628467D
:109F8000694600F06DF8054811F04CFC02B070BD58
:109F9000C87C0020599E0300FDB6040020700020FC
:109FA00010B50A460146064811F046FC044618B9A9
:109FB000FFF7B2FF204610BD6FF00304FAE700BFC1
:109FC00020700020044A5369014623B1032828BFAA
:109FD0000321D0691847704724830020024A9369FF
:109FE0000BB1D069184770472483002070B5044630
:109FF00000F110050FC985E80F000EF0C8F80648FB
:10A00000D1F742F80548D0F7FBFF23691BB1E0699F
:10A01000BDE87040184770BD31A0030021A00300C7
:10A020008AB202480021F2F7CFBB00BFDD9F0300D8
:10A0300001460148F2F7AEBBC59F03000448054B3B
:10A040004360054B8360054B0060C360704700BFF1
:10A0500024830020ED9F030013B7040001B7040020
:10A06000DFB5044600260027C0E90267C4E90C23D7
:10A07000C4E912231B48022284F87C2104F52372D0
:10A08000C4E91004C4F880211748184A00234FF08F
:10A09000FF364FF0FF37C4E91A23C4E90E67C4E95D
:10A0A0001604C4E9146784F8603084F87E3184F8BB
:10A0B0007D3163662367A4F87831C4F8843103C91D
:10A0C00004F1100383E80300094B0093094B01934B
:10A0D000094B20686946CDE9023411F08CFF04B0C9
:10A0E000D0BD00BF35B90400F3B80400000404007B
:10A0F00041BA0400EDB90400B7B9040038B5064C04
:10A10000014604F11005204611F06FFF2846214654
:10A1100011F0E5FC284638BDB81D002030B5094DCA
:10A120000A44914200D130BD11F8013B0824584047
:10A1300040F300032B409BB2013C83EA5000F7D16F
:10A14000EFE700BF0884FFFF08B5084A084B9342B9
:10A150000AD90849084817220DF052F80548172176
:10A160000DF045F81433F2E7FCD308BDF4EB04001E
:10A170002CEB0400BB0E05009AF10400F7B5044671
:10A180000D46EFF31187402383F31288BFF36F8FDF
:10A190001F4A042898BF1F4B9668127C94BF53F83F
:10A1A00020301D4B0092452102461C480DF023F93A
:10A1B0003DB1EB69C3F308031BB1194845210DF00C
:10A1C0001AF936B1304612F01AF8034608B102788F
:10A1D00002B9144B1448324645210DF00CF92946BA
:10A1E0002046CFF729FE042C08D1104910488622BA
:10A1F0000DF006F80D4886210CF0F9FF87F3118861
:10A20000BFF36F8F304603B0BDE8F040CCF734BCED
:10A2100044830020A4F00400DE0E0500F40E0500C7
:10A22000210F0500EC0E0500470F0500640F050027
:10A230009AF1040038B5094B53F82040013053F827
:10A240002050A54200D838BD636823B1204611F0E4
:10A2500014FF0834F5E723689847FAE7B8F00400DC
:10A2600070B5344B344C354D012286B003201A7042
:10A27000FFF7E0FFCCF77EF80420FFF7DBFFAC42EE
:10A28000264624D92E492F4843220CF0B9FF4321FA
:10A290002B480CF0ACFF54F80C3C059354F8103CE0
:10A2A000049354F8143C039354F8183C029354F864
:10A2B0001C3C019354F8203C009354E90A2354E9D0
:10A2C0000C0101F0A7FA54F8303C5E65D7E7AE42C6
:10A2D00004F13004DFD302F00DF8174C1A4EAC42F3
:10A2E0001BD91749174867220CF08AFF6721CFE76F
:10A2F000D4E90A23B3F1FF3F08BFB2F1FF3F05D015
:10A3000052EA0301206803D111F07BFF3034E6E705
:10A310003146183002F0F8FBF8E7E9D302F038F8DC
:10A32000CBF7D8FA094A137B23F00103137306B065
:10A3300070BD00BFCADF0020F4EB0400F4EB0400A2
:10A34000D00F05009AF1040067C2040030230020FA
:10A3500008B50348034A0021121A11F0A6FE08BDF1
:10A3600080060020C8E0002070B5164E164D174933
:10A37000C82386B003FB006601220023CDE9042335
:10A380000F22CDE902320193182303FB0055044646
:10A390004FF4C07000FB04110D4B00954FF4A072F8
:10A3A000304601F037FA737B0A4AEE6023F004036B
:10A3B00073734FF4086304FB033313442C746B6012
:10A3C00006B070BD682200204483002000FD0020FC
:10A3D00049A8030080F40020BFB50020FFF72AFF42
:10A3E0002E4B83F308882E4C2E4E63692E4F43F478
:10A3F00000736361E02384F8223000252023E37793
:10A4000025766576A57684F82050636A43F4E023C8
:10A41000636284F82350CCF79DFACCF723FD4FF00C
:10A42000FF33A362E362214CCCF718FECCF73EFD6C
:10A4300040F201132046A381C4E91A5502F0D6FE6A
:10A44000B460FFF781FE0120FFF7F4FE0220184CF4
:10A45000FFF7F0FE01F0F8FF164BB46101220593FF
:10A46000072315490095CDE90332CDE901553B4657
:10A470004FF48062204601F0CDF9627B064622F05F
:10A4800004022046627301F01DFC2846FFF76CFFB2
:10A490003A4631462046CCF7BBFC00BF00FD002009
:10A4A00000ED00E04483002061A20300E0240020CE
:10A4B00030230020F10F050080FE002038B50B4C42
:10A4C0000B4DAC420FD90B490B4819220CF098FEEA
:10A4D000084819210CF08BFED4E90112204611F036
:10A4E000E8FD1834EDE7F7D3002038BDB8040020AC
:10A4F000D0040020F90F05009AF104002DE9F04F77
:10A5000089B09046DDE91223064606A899460591D2
:10A51000174611F0C2FEDDE9063406F11405CDE957
:10A520000234EFF31184402383F31288BFF36F8F5B
:10A53000284602F05DFA38B92E492F4888220CF0DF
:10A540005FFE88212B4829E0284602F075FAEFF3D8
:10A550000583CBB906F10C0A4FF0400B0599424632
:10A560003046CBF713FA0346D0B12846029302F0E7
:10A570004DFA029BB0BB1F491F4840F231120CF04C
:10A580003FFE40F23111DDE757EA0903E2D01B49F3
:10A5900019484B220CF034FE18484B210CF027FED2
:10A5A00057EA0907E1D0DDE9022306A811F099FE78
:10A5B000DDE906232146CDE9002317462846524609
:10A5C000994601F06DFCEFF311848BF31288BFF311
:10A5D0006F8F284602F00CFA0028ADD0284602F012
:10A5E0002BFABBE784F31188BFF36F8F184609B0CD
:10A5F000BDE8F08F17F204009AF10400F90F05008E
:10A60000F8B504460E4600F11405EFF31187402318
:10A6100083F31288BFF36F8F284602F0E9F940B93F
:10A620001649174888220CF0EBFD882113480CF0DE
:10A63000DEFD284602F000FA20463146CBF76CF9E1
:10A6400004F10C0011F013FE28B139462846BDE88C
:10A65000F84001F0C3BD284602F0D8F940B90749D7
:10A66000074840F231120CF0CBFD40F23111DDE72A
:10A6700087F31188BFF36F8FF8BD00BF17F2040096
:10A680009AF1040038B50B4C0B4D0020AC420FD9A9
:10A690000A490B4895220CF0B3FD084895210CF0AF
:10A6A000A6FD204611F00EFD002802DB2034EDE768
:10A6B000F7D338BD78040020B80400201B10050033
:10A6C0009AF104002DE9F74304460D4690461F46D3
:10A6D00000F10806EFF31189402383F31288BFF3DA
:10A6E0006F8F304602F084F940B91F491F48882215
:10A6F0000CF086FD88211C480CF079FD304602F0F4
:10A700009BF923699BB12B601B682361E3690133CB
:10A71000E3610024304602F079F900BB1249134886
:10A7200040F231120CF06CFD40F23111E3E758EACF
:10A73000070203D12B606FF00B04EBE72246CDE953
:10A7400000874946304601F0ABFB044618B9084B78
:10A750009B685B692B60204603B0BDE8F08389F3FA
:10A760001188BFF36F8FF6E717F204009AF1040027
:10A77000448300202DE9F04104460D4600F108060F
:10A78000EFF31187402383F31288BFF36F8F3046B6
:10A7900002F02EF938B92949294888220CF030FDF9
:10A7A000882126481BE0304602F046F9E368AB42B8
:10A7B0000CD8A169EA1AB2FBF1F001FB10222AB908
:10A7C0006269013A01FB02339D420AD91D491C48C6
:10A7D00040F201120CF014FD1A4840F201110CF085
:10A7E00006FDD4F81080B8F1000F0ED1204601F01C
:10A7F000FDFB50B1C0F87C80456101F063FA394639
:10A800003046BDE8F04101F0E9BC23692B60E36903
:10A810002561013BE361304602F0F8F840B9074991
:10A82000074840F231120CF0EBFC40F23111B8E76E
:10A8300087F31188BFF36F8FBDE8F08117F2040032
:10A840009AF104001B10050008B50C4B9B6893F9A6
:10A850000E30002B09DB4024EFF3118384F31288C0
:10A86000BFF36F8F0CF038FEF6E7054905482A2242
:10A870000CF0C6FC02482A210CF0B9FC44830020ED
:10A88000401005009AF104002DE9F743044689467B
:10A8900090461D46EFF3058353B152EA050307D0F6
:10A8A000424943487E220CF0ABFC7E213F4813E036
:10A8B00004F10806EFF31187402383F31288BFF3F6
:10A8C0006F8F304602F094F840B93A4938488822F0
:10A8D0000CF096FC882137480CF089FC304602F0D9
:10A8E000ABF8626A23699A4247D2204601F07EFBA8
:10A8F000054688B1E2684069494600240CF046FEEE
:10A900002846EC6701F0DEF93946304601F066FC76
:10A91000204603B0BDE8F083206A6369984202D301
:10A92000A369984206D32149214898220CF068FC7B
:10A930009821BBE7E26849460CF028FE236AE268EA
:10A940001344A2692362934204BF63692362636A6A
:10A950000133636204F12800102102F099FB002406
:10A96000304602F053F8D8B91249114840F231127A
:10A970000CF046FC40F23111ADE758EA05030CD06B
:10A980000D4B9B682246C3F814903946CDE90085EB
:10A99000304601F085FA0446BAE76FF02204DFE79B
:10A9A00087F31188BFF36F8FB2E700BF6110050016
:10A9B0009AF1040017F20400448300202DE9F743C4
:10A9C0000446884617461D46EFF3058353B152EA05
:10A9D000050307D045494648DA220CF011FCDA217C
:10A9E000424813E004F10806EFF31189402383F392
:10A9F0001288BFF36F8F304601F0FAFF40B93D492E
:10AA00003B4888220CF0FCFB88213A480CF0EFFB15
:10AA1000304602F011F8636A002B42D0E268E16927
:10AA200040460CF0B3FDE369E2681344A269E361B8
:10AA3000934204BF6369E361636A013B636220463A
:10AA400001F0D4FA054600283DD0206A6369984297
:10AA500002D3A369984206D324492548F3220CF077
:10AA6000CFFBF321BCE76969E2680CF08FFD236A34
:10AA7000E2681344A2692362934204BF63692362BC
:10AA8000636A0133636200242846EC6701F01AF917
:10AA90004946304601F0A2FB2546284603B0BDE8F2
:10AAA000F08357EA05030CD0134B9B682246C3F88A
:10AAB00014804946CDE90075304601F0F1F90546AC
:10AAC000EBE76FF02205304601F0A0FF40B90949DD
:10AAD000074840F231120CF093FB40F2311194E739
:10AAE00089F31188BFF36F8FD7E700BF61100500AE
:10AAF0009AF1040017F2040044830020F8B50446DC
:10AB00000E4600F10805EFF31187402383F3128806
:10AB1000BFF36F8F284601F06BFF40B91449154809
:10AB200088220CF06DFB882111480CF060FB284650
:10AB300001F082FF636A93B1E268E16930460CF08C
:10AB400025FD0024284601F061FF58B9084909484D
:10AB500040F231120CF054FB40F23111E4E76FF097
:10AB60002204EFE787F31188BFF36F8F2046F8BD0B
:10AB700017F204009AF104002DE9F3410446174648
:10AB80001E46EFF3058545B1514952486F220CF03E
:10AB900037FB4F486F210CF02AFBEFF3118840235D
:10ABA00083F31288BFF36F8F4B4801F021FF38B950
:10ABB0004A49484888220CF023FB88214748EAE7A5
:10ABC000454801F039FFE368454A9BB1A0689168A8
:10ABD000884224D057EA060329D13F4801F016FFE6
:10ABE000A0B188F31188BFF36F8F6FF00F0002B030
:10ABF000BDE8F081916891F90E1037482161013369
:10AC0000E3609368A36001F001FF50B93349314814
:10AC100040F231120CF0F4FA40F23111CEE7216922
:10AC2000EBE788F31188BFF36F8F0020DFE791F91E
:10AC30000E1090F90E309942A8BF19466FF07E02AF
:10AC40009142B8BF11468B4202DD11F051FA054620
:10AC5000CDE9007620482246414601F021F900283E
:10AC6000E3D0EFF31186402383F31288BFF36F8F95
:10AC7000194801F0BDFE00289AD0174801F0DCFE0B
:10AC8000A068C0B1236821699C420AD04BB193F9F6
:10AC90000E309942A8BF19466FF07E039942B8BFA3
:10ACA000194611F025FA30B10B48314601F096FAF9
:10ACB0006FF00A009BE7002DF6D1074801F0A6FED1
:10ACC0000028A3D086F31188BFF36F8FF0E700BF91
:10ACD000831005009AF104006C83002017F2040031
:10ACE0004483002070B50446EFF3058646B1314930
:10ACF0003148D7220CF084FAD7212E480CF077FA8D
:10AD00008368002B4FD02D4A926893424ED1C3687E
:10AD100033B928492848EF220CF072FAEF21ECE70A
:10AD2000012B03D0013BC360002070BDEFF3118500
:10AD3000402383F31288BFF36F8F214801F058FE40
:10AD400038B920491C4888220CF05AFA88211D483D
:10AD5000D4E71B4801F070FE2169A06811F0C8F922
:10AD6000204601F043F9A06050B190F90E20226115
:10AD7000C66700F0A7FF1248294601F02FFAD3E773
:10AD8000E0600F4801F042FE40B90E490A4840F227
:10AD900031120CF035FA40F23111D8E785F3118801
:10ADA000BFF36F8FC0E76FF01500BEE74FF0FF30C5
:10ADB000BBE700BF831005009AF104004483002024
:10ADC0006C83002017F204002DE9F04704469DF83B
:10ADD00020A00D469046994600F10806EFF3118732
:10ADE000402383F31288BFF36F8F304601F000FEDB
:10ADF00040B93849384888220CF002FA8821354891
:10AE00000CF0F5F9304601F017FEBAF1000F00D052
:10AE1000656804F10C0001F0E9F858B10023C3673C
:10AE2000C0F8148000F04EFF3046394601F0D6F9E4
:10AE3000002019E0B9F1000F28D0082102F0DCF958
:10AE4000A0B9304601F0E2FD40B92249224840F263
:10AE500031120CF0D5F940F23111D0E787F31188A7
:10AE6000BFF36F8F6FF00B00BDE8F0870122C0F8D1
:10AE700004800260016801F003015DB922680A43A1
:10AE80000260626820606AB960600BE0C8F80090F8
:10AE90004046EFE72A68032A10D80160616839B993
:10AEA000C4E90000042104F1140002F0F1F8BBE74A
:10AEB0000A6802F0030202430A60E5E722F0030297
:10AEC0000A4302602A6802F0030240EA02032B6090
:10AED000E8E700BF17F204009AF104002DE9F743F8
:10AEE000054690461F4600F10806EFF311894023FE
:10AEF00083F31288BFF36F8F304601F079FD40B9BC
:10AF00001F49204888220CF07BF988211C480CF04E
:10AF10006EF9304601F090FD2C68CCB123686A6868
:10AF200023F00303944220462B6008BF6B6001218D
:10AF300011F0EDF80446304601F068FDC0B9104943
:10AF4000104840F231120CF05BF940F23111DDE7AC
:10AF500058EA0703EFD0CDE9008705F10C02494616
:10AF6000304600F09DFF38B9074B9B685C6903E0F1
:10AF700089F31188BFF36F8F204603B0BDE8F083DB
:10AF800017F204009AF104004483002038B5044607
:10AF9000EFF31185402383F31288BFF36F8F1548B9
:10AFA00001F026FD40B91449144888220CF028F914
:10AFB000114888210CF01BF90E4801F03DFD204698
:10AFC00001F014F848B10022C26700F07BFE294668
:10AFD0000848BDE8384001F001B9D4E902329A428C
:10AFE00018BF0133A360022104F1100002F050F8F1
:10AFF000EDE700BF7083002017F204009AF104000F
:10B00000F7B5044616461D46EFF305835BB152EAD9
:10B01000050308D02649274888220CF0F1F8244877
:10B0200088210CF0E4F8EFF31187402383F31288B2
:10B03000BFF36F8F204801F0DBFC38B91F491D4872
:10B0400088220CF0DDF888211C48EAE71A4801F054
:10B05000F3FCA368ABB1013B1748A36001F0D6FC39
:10B0600040B91649134840F231120CF0C9F840F2C9
:10B070003111E9E787F31188BFF36F8F002003B028
:10B08000F0BD56EA05030BD10B4801F0BFFC0028C8
:10B09000E7D087F31188BFF36F8F6FF00F00EEE7F3
:10B0A000CDE9006522463946034800F0F9FEE6E79F
:10B0B000A51005009AF104007083002017F2040027
:10B0C00070B50446EFF31185402383F31288BFF374
:10B0D0006F8F134801F08CFC40B912491248882246
:10B0E0000CF08EF80F4888210CF081F80C4801F024
:10B0F000A3FC6FF00A06204600F078FF18B1C6677F
:10B1000000F0E0FDF7E7A060022104F1100001F07B
:10B11000BFFF29460248BDE8704001F05FB800BF9C
:10B120007083002017F204009AF104001FB5094A49
:10B1300092E8030002AB83E803004FF4046200933B
:10B14000054906484FF0FF3300F00AFA002005B029
:10B150005DF804FBA0EC040000030120F8230020AC
:10B160002DE9F043674E684F85B00546EFF311882F
:10B17000402383F31288BFF36F8F304601F038FC11
:10B1800040B96249624888220CF03AF888215F4849
:10B190000CF02DF8304601F04FFCD5F8C840A4B9AA
:10B1A000022105F1E00010F0F0FF90BB00230293B4
:10B1B0004FF0FF324FF0FF33CDE90023414605F158
:10B1C000D002304601F040FBD0E7D5F8CC20236810
:10B1D000C5F8C830944208BFC5F8CC30D5F8E03087
:10B1E00043F00203C5F8E030E368D4F8049023F09C
:10B1F000040343F00103E360304601F007FC90B91B
:10B200004249434840F231120BF0FAFF40F231114B
:10B21000BDE705F1D80400220121204601F0C8FA5B
:10B220000028F8D1C2E788F31188BFF36F8FB9F116
:10B23000000F09D13749364840F2AF220BF0E0FF4A
:10B24000344840F2AF21A3E72046C847EFF3118806
:10B25000402383F31288BFF36F8F304601F0C8FBA1
:10B2600000288ED0304601F0E7FBE368D90623F0D2
:10B27000010231D4E260E3689A0716D5386823F0FA
:10B280000203E36088B10368002170B14268944210
:10B2900030D1036841BB7A683B60824200D17B6059
:10B2A000002340F8083BFFF771FED5F8E03023F0AB
:10B2B0000203C5F8E0303046C3F3002401F0A6FBDA
:10B2C00000289DD088F31188BFF36F8F002C7FF486
:10B2D0004DAF01F0C1F849E723F01103E36004F139
:10B2E0001000FFF753FEC6E70B607B68834208BF80
:10B2F0007960D5E723B11A68014618461346C4E7BA
:10B300001A46F9E77C8300207483002017F20400BA
:10B310009AF10400CE100500F8B5C3689A070446F8
:10B320000F46C3F3400638D45B0724D40B680BB92F
:10B3300083680B60E368DD0720D5A36853B928490B
:10B3400028484FF4AF720BF05BFF25484FF4AF7104
:10B350000BF04DFF3B6002263D68002D3CD0224B98
:10B360009B68AB420CD0D5F8E030D807C3F380021D
:10B3700016D46FF0120600233B6027E00126EBE7AE
:10B3800010F034FFD5F8E0300028EED1D907C3F330
:10B39000C002EED552B15B0708D46FF00F06EAE7A2
:10B3A000002AFAD1C3F3C003002BF6D10023236097
:10B3B000D5F8CC3063B9C5E93244284610F0FFFE19
:10B3C000E36843F00403E3603B68A3603046F8BDE4
:10B3D0001C60C5F8CC40F0E76FF01506CBE700BF66
:10B3E000CE1005009AF104004483002073B5044692
:10B3F000EFF31185402383F31288BFF36F8F194851
:10B4000001F0F6FA40B91849184888220BF0F8FE06
:10B41000882115480BF0EBFE124801F00DFB0023CC
:10B420000321201F0193A4F1100610F0AEFE28B1F5
:10B43000A369019301A93046FFF76EFF094801F0A7
:10B44000E5FA40B90849094840F231120BF0D8FE3C
:10B4500040F23111DDE785F31188BFF36F8F02B041
:10B4600070BD00BF7C83002017F204009AF1040035
:10B4700038B50D46044640B90B490C4899220BF0EB
:10B48000BFFE992108480BF0B2FE31B906490748C2
:10B490009A220BF0B5FE9A21F4E7102200210CF05D
:10B4A00080F8656038BD00BFCE1005009AF1040039
:10B4B00037B50C46019051B9224923484FF4C27266
:10B4C0000BF09EFE4FF4C2711E480BF090FE4B68CD
:10B4D00043B91C491C4840F285120BF091FE40F222
:10B4E0008511F1E7EFF31185402383F31288BFF351
:10B4F0006F8F164801F07CFA38B915491248882236
:10B500000BF07EFE88211248DFE7104801F094FA24
:10B51000204601A9FFF700FF04460C4801F076FA27
:10B5200040B90B49084840F231120BF069FE40F275
:10B530003111E8E785F31188BFF36F8F204603B020
:10B5400030BD00BFCE1005009AF104007C830020BE
:10B5500017F204000146014810F038BEF82300201D
:10B56000F0B589B004460E9D50B92D492D4840F2E2
:10B57000DF220BF045FE40F2DF2129480BF037FEB9
:10B5800041B9274927484FF438720BF039FE4FF480
:10B590003871F2E7D0F8E00010F0010008D020493F
:10B5A000204840F2E1220BF02BFE40F2E121E4E7DB
:10B5B000C4E9320004F1D000C4E9340004F1D80039
:10B5C000C4E936004DB32879002840F2011008BFC5
:10B5D0000120C4F8E00000204FF0FF364FF0FF37A5
:10B5E000CDE90330CDE90100CDE906670E4B0094AB
:10B5F000204600F067F955B1296811B1204610F0D6
:10B60000FBFD6B791BB1237B43F0010323732046C1
:10B6100009B0BDE8F04010F0F4BD0120D9E700BF4B
:10B62000CE1005009AF1040061B1030038B50D4653
:10B63000044650B90E490F4840F25B320BF0E0FD72
:10B6400040F25B310A480BF0D2FD41B90849094884
:10B650004FF457720BF0D4FD4FF45771F2E73022DC
:10B6600000210BF09EFF4FF480736560E36038BDEE
:10B67000CE1005009AF10400F7B5164601901D465C
:10B680000C4651B92849294840F2D5320BF0B8FD93
:10B69000254840F2D5310BF0AAFDEFF31187402386
:10B6A00083F31288BFF36F8F214801F0A1F938B9F5
:10B6B00020491E4888220BF0A3FD88211D48EAE797
:10B6C0001B4801F0B9F9E36813F01E0F22D155EAC7
:10B6D000060211D1204601A9FFF71EFE04461448B8
:10B6E00001F094F9C0B91349104840F231120BF03F
:10B6F00087FD40F23111E1E743F00803E360019B6D
:10B70000A36204F110000C4932462B4601F0FCF90B
:10B710000124E4E70024E2E787F31188BFF36F8F89
:10B72000204603B0F0BD00BFCE1005009AF1040022
:10B730007C83002017F20400EDB3030001460148AA
:10B74000FFF79ABFF8230020F7B5164601901D4673
:10B750000C4651B92749284840F2F9320BF050FD08
:10B76000244840F2F9310BF042FDEFF311874023FA
:10B7700083F31288BFF36F8F204801F039F938B98D
:10B780001F491D4888220BF03BFD88211C48EAE731
:10B790001A4801F051F9204610F002FD55EA06035F
:10B7A00011D1204601A9FFF7B7FD0446134801F067
:10B7B0002DF9B8B91249104840F231120BF020FDB2
:10B7C00040F23111E2E7E3680E4943F00803E36019
:10B7D000019BA36204F1100032462B4601F094F95C
:10B7E0000124E3E787F31188BFF36F8F204603B08E
:10B7F000F0BD00BFCE1005009AF104007C8300204C
:10B8000017F20400EDB3030001460148FFF79CBFA7
:10B81000F8230020F0B585B004460D9D0F2D3AD1D8
:10B82000244883423BD1073222F00702BF320E9EEA
:10B83000267304F1580022F07F02C4E916000426A2
:10B8400000203F2AC4E90600A0606673A573E07378
:10B8500001F1400CA2F1400705D880F31188BFF335
:10B860006F8F304602DF8D1800260C9A2667C4E9D8
:10B870001AC702920B9A01920A9A009220462A460F
:10B88000CBF71EFA0C4B66659B6803B15B6F636771
:10B89000284605B0F0BD05F110001E28C3D90749A0
:10B8A00007484FF403720BF0ABFC04484FF40371EC
:10B8B0000BF09DFC49A8030044830020EF10050015
:10B8C0009AF10400F0B587B0DDE912760446EFF393
:10B8D000058555B11749184840F296220BF090FCA7
:10B8E000144840F296210BF082FC0595109D0495BA
:10B8F0000F9D03950E9D02950D9D01950C9D009544
:10B90000FFF788FFB6F1FF3F08BFB7F1FF3F05D053
:10B9100056EA070305D1204600F098FC204607B000
:10B92000F0BD06493A46334604F1180001F0ECF840
:10B93000F4E700BFEF1005009AF1040067C20400AD
:10B9400038B5124D2B4653F81C4F9C4200D004B919
:10B95000EC68AB6888B943B90D490E48C8220BF0B2
:10B960004FFC0B48C8210BF042FC5A7BD20604D195
:10B97000A26912B9DA897F2A05D89C4202D02046F2
:10B9800000F0BCFF2346AB6138BD00BF44830020FC
:10B99000121105009AF1040008B590F90D20437BBF
:10B9A000002A014610DA03F07F0343730B4B9842E1
:10B9B00008D10B490B4880220BF022FC084880215B
:10B9C0000BF015FC10F01FFC074B9868431A584207
:10B9D0005841BDE80840FFF7B3BF00BF6822002010
:10B9E0003E1105009AF104004483002008B58368E5
:10B9F00053B90A490A4840F22E220BF001FC0748CD
:10BA000040F22E210BF0F3FB10F0FDFB437B23F003
:10BA1000020343730023836008BD00BF3E1105008D
:10BA20009AF1040070B590F90D30427B002B37DBA2
:10BA3000D30635D18369002B32D162F07F02427385
:10BA4000184A904208D11849184879220BF0D8FBBF
:10BA5000154879210BF0CBFB15490A4652F81C4FCB
:10BA6000944218BF23460C6A23B9C0E90024206021
:10BA700008620CE090F90E5093F90E60B5420BD0BD
:10BA8000AE4209DD5A68C0E9003210605860BDE876
:10BA900070400020FFF754BFA342E6D01B68E3E7E5
:10BAA00070BD00BF682200203E1105009AF104001D
:10BAB000448300202DE9F843171E427B0E4614BF35
:10BAC00008211021114204460FD141EA0203D20994
:10BAD00023D14373082931D00120FFF731FFBFF391
:10BAE0005F8F637B23F060036373454B9B68A342C6
:10BAF00073D1EFF30583002B6FD1424800F086FF2E
:10BB000000285DD14049414840F26B120BF078FBB0
:10BB100040F26B113C480BF06AFB03F07F03437368
:10BB20003B4B984207D13B49384880220BF068FBD9
:10BB300080213848EFE710F066FBCBE7A36813B12C
:10BB40002046FFF753FF04F1180001F089F804F1D3
:10BB500058084FF00009A56D454500D065B9DFF8DC
:10BB6000A080D8F808309C4213D00120FFF7E8FEEF
:10BB70002046CBF729F9B2E72846FFF737FF05F152
:10BB8000180001F06DF8C5F87C902846FFF74AFFD1
:10BB9000E1E7EFF30583002BE7D001201E4DFFF70F
:10BBA000CFFE2046CBF710F940F20113AB812846B7
:10BBB0000023C5E91A3301F019FBC8F808508EE7D5
:10BBC0003046CAF76FFFCFB11249104840F2E51274
:10BBD0000BF016FB40F2E511ABE70A4800F016FF48
:10BBE00040B90949094840F231120BF009FB40F213
:10BBF00031118FE786F31188BFF36F8FBDE8F883AB
:10BC0000448300208083002017F204009AF104008E
:10BC1000682200203E110500E024002070B590F954
:10BC20000D20437B234C002A01460FDA03F07F03EB
:10BC3000A042437308D12049204880220BF0E0FA4B
:10BC400080211D480BF0D3FA10F0DDFA4B7BA142A6
:10BC500063F07F034B7306D11749184879220BF024
:10BC6000CFFA7921EDE7164A1046146A50F81C3FC6
:10BC7000834208BF002323B9C1E900042160116297
:10BC80000CE091F90E5093F90E60B5420ED0AE4221
:10BC90000CDD5868C1E90030016059609068431AB2
:10BCA0005842BDE870405841FFF74ABE9C42E3D07D
:10BCB0001B68E0E7682200203E1105009AF10400AD
:10BCC0004483002038B50446EFF31185402383F305
:10BCD0001288BFF36F8F124800F08AFE40B91149F5
:10BCE000114888220BF08CFA88210E480BF07FFA5D
:10BCF0000B4800F0A1FE2046FFF794FE084800F034
:10BD000085FE40B90749084840F231120BF078FA35
:10BD100040F23111E9E785F31188BFF36F8F38BD29
:10BD20008083002017F204009AF1040038B504461D
:10BD3000183000F095FFEFF31185402383F312884C
:10BD4000BFF36F8F154800F053FE40B914491548F2
:10BD500088220BF055FA882111480BF048FA0F4859
:10BD600000F06AFE627B12F0100211D00B4800F066
:10BD70004DFE40B90A490B4840F231120BF040FA2F
:10BD800040F23111E8E785F31188BFF36F8F38BDBA
:10BD900029462046BDE83840FFF78CBE808300204E
:10BDA00017F204009AF1040038B50446EFF3118548
:10BDB000402383F31288BFF36F8F134800F018FEFF
:10BDC00040B91249124888220BF01AFA88210F480C
:10BDD0000BF00DFA0C4800F02FFEA36813B12046BB
:10BDE000FFF704FE084800F011FE40B90749084873
:10BDF00040F231120BF004FA40F23111E7E785F31B
:10BE00001188BFF36F8F38BD8083002017F20400C4
:10BE10009AF1040070B504460D46EFF311864023F5
:10BE200083F31288BFF36F8F1A4800F0E1FD40B929
:10BE300019491A4888220BF0E3F9882116480BF0BB
:10BE4000D6F9144800F0F8FD637B13F0280F0CD1ED
:10BE5000A36813B12046FFF7C9FD637B95B903F0D2
:10BE6000FB0363732046FFF7DDFD0A4800F0CEFDBB
:10BE700058B90949094840F231120BF0C1F940F2B2
:10BE80003111DBE703F0EB03EBE786F31188BFF337
:10BE90006F8F70BD8083002017F204009AF10400B8
:10BEA0002DE9F047DFF8C8A02B4F2C4B1646B842BF
:10BEB000DAF808201A60DDE9089804460D460AD130
:10BEC0002749284840F2A3220BF09AF9244840F26F
:10BED000A3210BF08CF9EFF31183402383F3128835
:10BEE000BFF36F8F384600F083FD38B91E491D48F7
:10BEF00088220BF085F988211B48EAE7384600F0D4
:10BF00009BFDDAF808703146384610F084F9B8F134
:10BF1000FF3F08BFB9F1FF3F06D014494A464346E8
:10BF200007F1180000F0F0FD204600F06FFD40B969
:10BF30000D490C4840F26B120BF062F940F26B11A4
:10BF4000DAE7054800F062FD0028F1D02846BDE898
:10BF5000F047CAF7A7BD00BF80830020848300207C
:10BF60003E1105009AF1040017F2040067C20400B4
:10BF70004483002070B50546EFF31186402383F318
:10BF80001288BFF36F8F164800F032FD40B9154993
:10BF9000154888220BF034F9882112480BF027F954
:10BFA0000F4800F049FD2C68A54210D014B120467E
:10BFB000FFF71CFD0A4800F029FD50B909490A485D
:10BFC00040F231120BF01CF940F23111E5E7002488
:10BFD000F0E786F31188BFF36F8F204670BD00BF76
:10BFE0008083002017F204009AF1040070B5054622
:10BFF000EFF31186402383F31288BFF36F8F184845
:10C0000000F0F6FC40B91749174888220BF0F8F801
:10C01000882114480BF0EBF8114800F00DFD2C6856
:10C02000A54214D034B12046FFF7E0FC04F118001B
:10C0300000F016FE0A4800F0E9FC50B909490A4828
:10C0400040F231120BF0DCF840F23111E1E700244C
:10C05000F0E786F31188BFF36F8F204670BD00BFF5
:10C060008083002017F204009AF1040038B50446DA
:10C07000EFF31185402383F31288BFF36F8F1648C7
:10C0800000F0B6FC40B91549154888220BF0B8F805
:10C09000882112480BF0ABF80F4800F0CDFCA368E4
:10C0A00013B12046FFF7A2FC0B4800F0AFFC40B9EB
:10C0B0000A490B4840F231120BF0A2F840F231115C
:10C0C000E7E785F31188BFF36F8F04F11800BDE82F
:10C0D000384000F0C5BD00BF8083002017F2040087
:10C0E0009AF104002DE9F04104460E46EFF3118861
:10C0F000402383F31288BFF36F8F324800F078FC3F
:10C10000074638B93049314888220BF079F8882140
:10C110002D4814E02B4800F08FFC637BDA0610D129
:10C12000A56975B903F07F036373294B9C4218D14D
:10C130002849264880220BF063F8264880210BF01E
:10C1400056F8A67300271F4800F060FC002832D183
:10C150001D491E4840F231120BF052F840F23111E5
:10C16000D6E7204610F04FF8637B1B4A63F07F034D
:10C17000637371B21346A17353F81C0F984218BF32
:10C180000546106A25B9C4E90030046014620AE06B
:10C1900095F90E60B1420AD08E4208DD6B68C4E9A1
:10C1A00000531C606C600120FFF7CAFBCBE7A8427C
:10C1B000E9D02D68E6E788F31188BFF36F8F384622
:10C1C000BDE8F0818083002017F204009AF104009A
:10C1D000682200203E1105004483002038B5034644
:10C1E0000C46D1B9EFF30585BDB9154A916992683E
:10C1F000914212D000F00AFC50B91249124840F2A4
:10C200006B120AF0FDFF40F26B110E480AF0EFFFCF
:10C210002846BDE83840CAF745BC184600F0F6FB92
:10C2200040B90849084840F231120AF0E9FF40F2EB
:10C230003111EAE784F31188BFF36F8F38BD00BF77
:10C240004483002017F204009AF1040038B5044634
:10C25000EFF31185402383F31288BFF36F8F1848E3
:10C2600000F0C6FB40B91749174888220AF0C8FFFA
:10C27000882114480AF0BBFF114800F0DDFB637B06
:10C280005A0711D40E4800F0C1FB40B90D490E48C1
:10C2900040F231120AF0B4FF40F23111E9E785F3C0
:10C2A0001188BFF36F8F38BD23F0040320466373FA
:10C2B000FFF7B8FB29460248BDE83840FFF78EBFBC
:10C2C0008083002017F204009AF10400034648B965
:10C2D000EFF3058232B9064A91699268914201D022
:10C2E000CAF7E0BB83F31188BFF36F8F704700BFBD
:10C2F0004483002010B5EFF31184402383F31288A8
:10C30000BFF36F8F1D4800F073FB38B91C491D48FF
:10C3100088220AF075FF882119480CE0174800F0C0
:10C320008BFBEFF3058343B1174916488B220AF0C4
:10C3300067FF8B2114480AF05AFF144B9A68D37B8D
:10C34000012B06D110490F488C220AF059FF8C218D
:10C35000F0E7013BD373094800F058FB40B90849A6
:10C36000084840F231120AF04BFF40F23111D3E796
:10C3700084F31188BFF36F8F10BD00BF808300204E
:10C3800017F204009AF104006011050044830020B4
:10C3900038B5EFF31185402484F31288BFF36F8F13
:10C3A000244800F025FB38B92349244888220AF0A4
:10C3B00027FF882120480FE01E4800F03DFB204B5E
:10C3C0009A68D37B53B91F491C4840F231320AF0B6
:10C3D00017FF40F231311B480AF009FFEFF30580E7
:10C3E00040B11849154840F232320AF009FF40F2D4
:10C3F0003231F0E70133D373FFF7A2FA0D4800F0B2
:10C4000005FB40B90C490D4840F231120AF0F8FE24
:10C4100040F23111CEE785F31188BFF36F8FEFF350
:10C42000118084F31288BFF36F8FBDE83840FFF7A7
:10C430004DBF00BF8083002017F204009AF1040072
:10C44000448300203E110500024B03F11C02C3E9A6
:10C450000722704744830020F8B5EFF305834BB102
:10C4600039493A4840F236420AF0CAFE40F23641B3
:10C47000354811E0EFF31185402383F31288BFF3B1
:10C480006F8F334800F0B4FA40B932492F48882200
:10C490000AF0B6FE88212F480AF0A9FE2C482E4C3F
:10C4A00000F0CAFA2D498868437BA04203F07F035D
:10C4B000437306D12449254880220AF0A1FE802139
:10C4C000D6E70FF0A0FE8B685A7BA34262F07F0292
:10C4D0005A7306D11C491D4879220AF091FE792130
:10C4E000C6E708460C6A50F81C2F824208BF00229B
:10C4F00022B9C3E9000423600B620CE093F90E60DB
:10C5000092F90E70BE4216D0B74214DD5168C3E9ED
:10C5100000210B6053600120FFF712FA0C4800F075
:10C5200075FA60B90B49094840F26B120AF068FECF
:10C5300040F26B11AFE7A242DBD01268D8E7284681
:10C54000BDE8F840CAF7AEBA3E1105009AF1040002
:10C550008083002017F2040068220020448300201A
:10C560002DE9F04105460E46EFF305834BB1364900
:10C57000364840F251420AF043FE40F251413248FF
:10C580001FE050EA010303D1FFF766FF002059E0E6
:10C59000821C71F1FF3316DB0FF079FE2C18EFF3DC
:10C5A0001188402383F31288BFF36F8F284800F06F
:10C5B0001FFA60B92749254888220AF021FE882100
:10C5C00024480AF014FE6FF00104241AE7E7224F12
:10C5D0001F4800F031FA214BB8681860FFF7DCF90A
:10C5E000B8681F492A463346183000F08DFABA68F9
:10C5F0001748537B43F01003537300F007FA40B918
:10C600001449124840F26B120AF0FAFD40F26B1125
:10C61000D6E74046CAF746FABB685B7BDB0608D51F
:10C6200009490A4840F26D420AF0EAFD40F26D41C4
:10C63000A5E70FF02CFE201A63EB0303012873F12A
:10C640000003A3DBBDE8F0813E1105009AF1040070
:10C650008083002017F2040044830020848300209C
:10C6600067C2040010B5EFF3058454B111491248B4
:10C6700040F27B420AF0C4FD0E4840F27B410AF0D2
:10C68000B6FDB1F1FF3F08BFB0F1FF3F06D10B4B44
:10C690009868FFF74BFB4FF0FF3010BDFFF760FFCE
:10C6A0004FF47A7247F6FF73C0FB0234D80B40EAAE
:10C6B0004440F2E73E1105009AF104004483002053
:10C6C0000C490D4A38B500244FF400458C462146EC
:10C6D000C0FB05C100236046C3F7A4FDC117FFF7E7
:10C6E0003FFF054A47F6FF73C0FB0234DB0B43EA0A
:10C6F000444038BD3F420F0040420F00014B986854
:10C70000704700BF4483002038B50446EFF311851D
:10C71000402383F31288BFF36F8F214800F068F93C
:10C7200040B92049204888220AF06AFD88211D4826
:10C730000AF05DFD1A4800F07FF9237BDA071AD56D
:10C74000174800F063F940B91649174840F2311212
:10C750000AF056FD40F23111E9E785F31188BFF385
:10C760006F8F124910484FF4AE620AF049FD0F482E
:10C770004FF4AE61DCE7637B1B0709D5084800F086
:10C7800045F90028E0D085F31188BFF36F8F38BDDD
:10C79000294620460122BDE83840FFF78BB900BF8B
:10C7A0008083002017F204009AF104003E11050076
:10C7B0002DE9F843064688461746EFF311894023D2
:10C7C00083F31288BFF36F8F1C4800F011F9054600
:10C7D00040B91B491B4888220AF012FD88211848DD
:10C7E0000AF005FD154800F027F93468A6421AD072
:10C7F000DCB12046C4F87C806761FFF7F7F804F1EC
:10C80000180000F02DFA2046FFF70CF90B4800F055
:10C81000FDF860B90A490B4840F231120AF0F0FC09
:10C8200040F23111DBE70025F0E72546EEE789F31A
:10C830001188BFF36F8F2846BDE8F88380830020FE
:10C8400017F204009AF10400D3B5DDE90667089CED
:10C85000CDE90067FFF724FB1CB1034B9B685B69C4
:10C86000236002B0D0BD00BF4483002008B568B18A
:10C870000E4B98420AD303F11802904206D2C01A16
:10C880001822B0FBF2F302FB130343B10849094835
:10C8900038220AF0B5FC064838210AF0A8FC064BFD
:10C8A000C0105843054B01221A5408BDA82500208A
:10C8B0008B1105009AF10400ABAAAAAACBDF0020D5
:10C8C000C3897F2B12D80A4B1B6863B1094B90F9BF
:10C8D0000E201B689A4209DB437BDB0606D1064B20
:10C8E000C31A18BF012303F0010070470023FAE7C1
:10C8F0008C830020888300206822002070B50E4BB6
:10C900000E4C1E7C06EB460304EBC3040546204692
:10C9100000F0A6F90A4B002228469A55FFF7D0FFEF
:10C9200048B1084B08491A68013A2046D317BDE8B8
:10C93000704000F0E9B870BD44830020A8250020B5
:10C94000CBDF00208C8300206DC8030038B5EFF3E7
:10C950001185402383F31288BFF36F8F1E4800F0C8
:10C9600047F840B91D491E4888220AF049FC882131
:10C970001A480AF03CFC184800F05EF8194B1A4AB5
:10C980009C681068A0420ED1FFF7B8FF124800F073
:10C990003DF8E0B91149124840F231120AF030FC7A
:10C9A00040F23111E4E700211B7C11600F4AD35C97
:10C9B000002BEBD02046FFF783FF0028E6D0637BF7
:10C9C000DB0602D12046FFF729F92046DCE785F394
:10C9D0001188BFF36F8F38BD8083002017F20400E9
:10C9E0009AF104004483002084830020CBDF0020E0
:10C9F000006838B1044B1B7C00F00300C01A18BF5C
:10CA00000120704701207047448300200023026802
:10CA10000360EFF30581074B19B19968497BC9079A
:10CA200006D4197C98680843831A584258417047C5
:10CA30000120704744830020024B1A7C9B681343FB
:10CA4000036070474483002008B50648064A07493A
:10CA5000121A0FF02CFBBDE80840054A05490648AC
:10CA60000FF025BB0000002040060020A0130500A9
:10CA700000000000A013050000000020034B1B680D
:10CA80000BB9CDF797B80020704700BF9083002006
:10CA900030B570B10B4B5B6898420AD0036843B164
:10CAA000D3E90421D0E90445121941EB0501C3E99A
:10CAB0000421D0E9003213605A600023C0E900333A
:10CAC00030BD00BF7C01002010B50E4B1C689C429D
:10CAD00004D1FFF7D3FF6FF0004010BDFFF7CEFF8A
:10CAE000002CF8D0D4E904321B1A62EBE072B3F1E7
:10CAF000004F72F10001EEDA002AACBF18460020A8
:10CB0000EBE700BF7C010020B3F1FF3F08BFB2F1AB
:10CB1000FF3F2DE9F047044692461D4600F08F8006
:10CB2000066846B1474948486E220AF069FB454805
:10CB30006E210AF05CFB8160EFF31187402383F3E1
:10CB40001288BFF36F8F4148FFF752FF38B9404951
:10CB50003D4888220AF054FB88213D48E9E73B48DC
:10CB6000FFF76AFFBAF1FF3F75F1FF3323DA394966
:10CB7000D1E900206FF001039B1A4FF0FF3262EB06
:10CB80000000B3EB0A0360EB0500012B70F100021B
:10CB900001DA01233046C4E904302F4B1A68D3F878
:10CBA00004C09A4218BF164686B9C4E9003CCCF8C6
:10CBB00000405C601CE0FFF761FF1AF1010845F1DD
:10CBC000000518EB000345EBE070E4E7D6E9041537
:10CBD000D4E904208A4270EB050E23DA891A7268C0
:10CBE00065EB0005C6E90415C4E9006214607460D1
:10CBF0001A689A4209D0944207D1184B1C6824B98C
:10CC0000FFF762FF2146CCF7A7FF1048FFF7FEFEB3
:10CC100088B90F490C4840F231120AF0F1FA40F29B
:10CC200031119AE7521A60EB05006645C4E9042009
:10CC3000BBD03668B8E787F31188BFF36F8FBDE8C4
:10CC4000F08700BFB31105009AF10400948300201F
:10CC500017F20400C02500207C01002090830020F2
:10CC600038B50446EFF31185402383F31288BFF3F0
:10CC70006F8F1648FFF7BCFE40B91549154888224A
:10CC80000AF0BEFA882112480AF0B1FA0F48FFF7FD
:10CC9000D3FE236883B12046FFF7FAFE00240B4839
:10CCA000FFF7B4FE58B90A490A4840F231120AF0B7
:10CCB000A7FA40F23111E6E76FF01504EFE785F3CC
:10CCC0001188BFF36F8F204638BD00BF94830020CA
:10CCD00017F204009AF104002DE9F84F0446EFF32F
:10CCE0001187402383F31288BFF36F8F4248FFF709
:10CCF0007FFE40B94149424888220AF081FA8821E2
:10CD00003E480AF074FADFF80091DFF800813A48F3
:10CD10003C4EFFF791FEC8F80040D9F800404FF0B4
:10CD2000000A4C4508BF00244FF0000BD6E9002C48
:10CD3000D8F80030002C44D0D4E90451D817AB42C5
:10CD400070EB010E05DAED1A61EB0001C4E9045144
:10CD500037E0AA184CEBE5732046C4E904ABC6E9FA
:10CD60000023FFF795FE2448FFF750FE40B9234902
:10CD7000234840F231120AF043FA40F23111BFE782
:10CD800087F31188BFF36F8FA36820469847EFF3AE
:10CD90001187402383F31288BFF36F8F1648FFF784
:10CDA00027FE0028A6D01448FFF746FED8F800302A
:10CDB000D9F800405B1B4C45C8F80030B6D1D6E925
:10CDC000002C9A184CEBE3730024C6E90023C8F842
:10CDD0000040FFF779FE2146CCF7BEFE0648FFF77C
:10CDE00015FE0028C3D087F31188BFF36F8FBDE80D
:10CDF000F84FFFF7ABBD00BF9483002017F204008B
:10CE00009AF10400C02500207C01002090830020BE
:10CE100070B5EFF31186402383F31288BFF36F8F51
:10CE20001548FFF7E5FD40B91449154888220AF076
:10CE3000E7F9882111480AF0DAF90F48FFF7FCFDFD
:10CE4000FFF71CFE0F4AD2E90045041945EBE075D7
:10CE50000948FFF7DBFD40B90849094840F23112A3
:10CE60000AF0CEF940F23111E4E786F31188BFF3FE
:10CE70006F8F2046294670BD9483002017F204006E
:10CE80009AF10400C0250020F8B50446EFF311879D
:10CE9000402383F31288BFF36F8F4A48FFF7A8FD42
:10CEA00040B94949494888220AF0AAF988214648E8
:10CEB0000AF09DF94348FFF7BFFD22686AB1414877
:10CEC000FFF7A4FD002877D13F49404840F23112D6
:10CED0000AF096F940F23111E9E7D4E90A36581C14
:10CEE00046F10001022871F1000127D3012B76F1F0
:10CEF0000001BCBF012316465D1E46F1FF360FF050
:10CF0000CAF9013041F10001401946EB0101012845
:10CF100071F100014BDB0FF0BEF9013041F100016E
:10CF20006FF00102401946EB0103121A4FF0FF3176
:10CF300061EB030326492046FFF7E6FD236B01332F
:10CF40002363236AD3B11F48FFF760FD0028BBD0DD
:10CF500087F31188BFF36F8F236A20469847EFF35A
:10CF60001187402383F31288BFF36F8F1548FFF7B3
:10CF70003FFD002895D01348FFF75EFD54F8185F79
:10CF8000A5429CD0002D9AD02846FEF70DFF002325
:10CF90000C48EB67FFF73AFD002895D087F311881E
:10CFA000BFF36F8F2846BDE8F840FEF78BBE6FF0E9
:10CFB00001024FF0FF33BDE787F31188BFF36F8F96
:10CFC000F8BD00BF9883002017F204009AF1040016
:10CFD00089CE03002DE9F843064614461D469146C6
:10CFE0009846EFF31187402383F31288BFF36F8FC6
:10CFF0002348FFF7FDFC40B92249234888220AF064
:10D00000FFF888211F480AF0F2F81D48FFF714FDC9
:10D01000B5F1FF3F08BFB4F1FF3F0CD11848FFF74F
:10D02000F5FC38BB1749184840F231120AF0E8F80D
:10D0300040F23111E6E7631C75F1FF330ADB012C86
:10D0400075F100032246BCBF0122002512F1FF3911
:10D0500045F1FF383046FFF703FEDDE90823C6E956
:10D060000A230023336309494A4643463046FFF703
:10D070004BFDD3E787F31188BFF36F8FBDE8F883CB
:10D080009883002017F204009AF1040089CE03006F
:10D0900070B504460D46EFF31186402383F31288E2
:10D0A000BFF36F8F1748FFF7A3FC40B91649174825
:10D0B00088220AF0A5F8882113480AF098F8114848
:10D0C000FFF7BAFC2068844209D0D0E9003213602F
:10D0D0005A600023C0E9003329460FF03FF90948A0
:10D0E000FFF794FC40B90849084840F231120AF0B1
:10D0F00087F840F23111DFE786F31188BFF36F8FB5
:10D1000070BD00BF9C83002017F204009AF1040058
:10D1100070B504460D46EFF31186402383F3128861
:10D12000BFF36F8F1C48FFF763FC40B91B491C48D5
:10D1300088220AF065F8882118480AF058F816483D
:10D14000FFF77AFC2068E56001218442A1600CD1E0
:10D150001148FFF75BFCC0B91049114840F2311289
:10D160000AF04EF840F23111E6E7D0E900321360E0
:10D170005A600023C0E900330FF0F0F8314604464E
:10D180000548FFF72BF8204670BD86F31188BFF3E2
:10D190006F8F0024F7E700BF9C83002017F2040084
:10D1A0009AF10400F7B5043205460C4617D2002662
:10D1B0000027CDE9006741F00401FDF79FF970B148
:10D1C00040F8045B64B1013C204209D0054906489F
:10D1D00025220AF015F8034825210AF008F8002056
:10D1E00003B0F0BDF81105009AF10400014B43674C
:10D1F000704700BFB804002038B504460D460EF055
:10D20000F5FF20B9064B9B685B6F0BB938BD054B2A
:10D210002A4621461846BDE83840FFF7C3BF00BF85
:10D2200044830020B8040020036803F01F025B0958
:10D23000026004D0012B034818BF002070474FF054
:10D24000A04070470003005010B40A4C23683BB163
:10D250000B600023236000785DF8044B0FF0D5B815
:10D260000B68C3F30F22D2019B1A22600B605DF89A
:10D27000044B7047A083002042684378D2F8101511
:10D280001B01CB40D2F8001241F00101C2F800129C
:10D29000C2F84035C3789B0003F1804303F5C043D7
:10D2A000D3F8101541F00301C3F810158178044834
:10D2B000012303FA01F1C0F80415D360136070472D
:10D2C00000F00140D0F8003223F00103C0F8003232
:10D2D0004FF48033C0F8083301230361024B93F904
:10D2E00000000AF0D9BF00BFCCDF00204368D3F8AC
:10D2F0001015D3F8002242F0010210B5C3F8002245
:10D30000F022CA40C3F840254FF48032C3F804230A
:10D31000054B044693F900000AF0BCFF6368012244
:10D32000DA601A6010BD00BFCCDF0020436873B51F
:10D33000D3F8002222F00102C3F8002201254FF4A5
:10D340008032C3F808231D61067804460FF090F878
:10D350000196D8B901A8FFF767FF019B05FA03F30F
:10D36000C0F80C35E3789B0003F1804303F5C0431C
:10D37000D3F8102522F00302C3F81025A278012368
:10D380009340064AC2F8083502B070BD01A8FFF705
:10D390004BFF019B9D40C0F80855E3E700F00140BA
:10D3A00010B500F0F1F850B1054C2378012B06D1EF
:10D3B000044B00221A70FFF75FFF0223237010BD99
:10D3C000CEDF0020CDDF002010B500F0DDF830B159
:10D3D0000C4C2378022B0FD002D8012B08D010BDA3
:10D3E000033B012BFBD84068FFF76CFF0123237040
:10D3F000054B00221A70F2E7FFF798FF0123237014
:10D40000EDE700BFCEDF0020CDDF002038B500F013
:10D41000BBF8044650B1064D2B78022B06D1FFF71E
:10D4200085FF2046FFF762FF03232B7038BD00BF46
:10D43000CEDF002010B500F0A7F830B10B4C2378F8
:10D44000022B0ED003D8012B08D0002010BD033BC7
:10D45000012BFAD84068FFF735FF04E0044B187839
:10D46000F4E7FFF763FF01232370EEE7CEDF002030
:10D47000CDDF002010B50A4B1B7813B1012B04D06F
:10D4800010BD084B02221A70FAE7074B054C1B78B7
:10D490001BB10EF0EDFF2070F2E702232370EFE7DF
:10D4A000CEDF002092010020CDDF002038B500F053
:10D4B0006BF8044688B10D4D2B78012B0ED0033B41
:10D4C000012B0AD84068FFF7FDFE094B00221A70B5
:10D4D0002046FFF7D1FE02232B7038BD044B1A788B
:10D4E000002AFAD000221A70F3E700BFCEDF002036
:10D4F000CDDF002070B5054600F046F8044630B197
:10D50000104E3378022B19D002D8012B0ED070BDEB
:10D51000033B012BFBD84068FFF7D4FE0A4B0022E7
:10D520001A70012333702946204603E0064B00227F
:10D530001A702946BDE87040FFF786BEFFF7F6FE79
:10D54000EFE700BFCEDF0020CDDF0020024B1868E0
:10D55000003818BF01207047A0830020014B002233
:10D560001A607047A0830020054B1B78012B05D162
:10D57000044B1878022801D00EF05BBF704700BF43
:10D58000CEDF002092010020034B04481B78002BC3
:10D5900008BF0020704700BFCFDF0020A483002019
:10D5A00018B1012804D000207047024B187870474A
:10D5B000014BFBE7D3DF0020D2DF002018B10128A8
:10D5C00004D002207047024B18787047014BFBE7EC
:10D5D000D1DF0020D0DF0020014B1860704700BF72
:10D5E000AC83002010B506490246002351F8040B15
:10D5F000046C944203D00133042BF7D1002010BDFA
:10D60000B0830020EFF3108272B6054B9969814216
:10D6100000D008B90021996182F31088704700BFDB
:10D62000C825002010B50346EFF3108272B61048EB
:10D6300084691CB182F31088002010BD836182F3DD
:10D640001088022202774FF0FF32596B4262D3E911
:10D650000A23521843F10003C0E9042300F0B6FA8C
:10D6600018B12046FFF7CEFFE6E70120E5E700BF4F
:10D67000C82500202DE9F8432A4D2B4E28460FF0EF
:10D6800076F8002845D03778DFF8A4800EF0CBFF7D
:10D690000022944658F8049BD9E90A3499F838E0F6
:10D6A00099F83A90B9F1010F09D1B3F5F07344F14B
:10D6B000FF34984271EB040438BF4FF0000E7245FE
:10D6C0000CF1010C38BF7246BCF1040FE2D1174BCC
:10D6D000DFF860801C78944238BF1446E4B2A74259
:10D6E0000CD03470BCB9CDF7B3FF204688F80040A9
:10D6F00000F0AEFCC6F794F888F8014098F80130C5
:10D7000013B1204600F0A4FC28460FF03FF8002893
:10D71000B4D1BDE8F883002FF0D1CDF76FFFC6F785
:10D72000F3F8EBE7C0830020D7DF0020D6DF00202E
:10D73000B0830020D8DF002010B58469FFF79AFF7E
:10D74000D4E90A23C4E904230A4A226294F8302067
:10D75000A4610123237742B184F849302046FFF7C2
:10D7600061FF10B9042384F849302046BDE8104019
:10D7700000F02CBA47C50400F8B5C6F71BF82348DB
:10D78000234D244E0EF0F0FF23480EF0EDFF234B07
:10D790002348306000241C70224B80F838401C70F5
:10D7A000214B80F848401C70204B02224FF0FF377D
:10D7B0001C7007645C709A700EF03CFF284685F878
:10D7C00038402F6485F8484075600EF033FF05F14E
:10D7D0005000B06085F88840C5F8907085F8984092
:10D7E0000EF028FF1248F06080F83840076480F897
:10D7F00048400EF01FFF0F480EF01CFF2046FFF7B9
:10D8000001FFBDE8F84000F017BC00BFC483002052
:10D8100040260020B0830020C0830020DBDF0020F2
:10D82000E0260020D6DF0020D7DF0020D8DF002050
:10D83000F0250020C8250020074B10B500241C70DF
:10D840000EF019FF054B1A7822B11C70BDE810408C
:10D85000C6F70AB810BD00BFD4DF0020D5DF002016
:10D8600038B51C4D1C4C28460EF081FF18B32378A8
:10D87000032B98BF207863788CBF0420C0B29842F5
:10D8800088BF6078A37888BFC0B28342134B38BF8B
:10D89000A0781A7838BFC0B282420DD01870104AF2
:10D8A000B0FA80F35B09137000F024F928460EF0FB
:10D8B0006DFF0028D7D138BD1B78002BF6D1084B5F
:10D8C0001B78002BF2D1074B1B78002BEED0FFF713
:10D8D000B3FFEBE7C4830020D8DF0020DBDF0020AC
:10D8E000D4DF0020D5DF002008B5054B1870BFF34A
:10D8F0005F8FFFF7BFFEBDE80840FFF7B1BF00BF75
:10D90000D6DF00202DE9F041437C012B074638D0BB
:10D91000022B39D0002B63D13D4801210EF0D5FDFB
:10D92000044600285CD0002380F8493097F8128024
:10D93000B8F1000F56D0B8F1010F4DD10EF073FEC3
:10D94000D7E90032B3F5F07E42F1FF3C704571EB50
:10D950000C051CD23E460FCE04F128050FC596E8F3
:10D960000F0085E80F00C4E904EC2A4BA46184F899
:10D970001C802362204600F029F968BB0120BDE825
:10D98000F08125480221C9E724480121C6E7244D3A
:10D990002D780DB3984291411ED23E460FCE04F130
:10D9A00028050FC596E80F0085E80F00D7E900238A
:10D9B000C4E904231B4B2362A46184F81C80FFF795
:10D9C00059FE94F83030002BD4D084F8498020469A
:10D9D000FFF728FE0028CDD1012120460EF090FD52
:10D9E0000020CCE73E4600F128050FCE0FC596E893
:10D9F0000F0085E80F00D7E90023C4E904230123C1
:10DA00002377084BA4612362FFF734FEB2E700BF1F
:10DA1000E026002039D7030040260020F025002012
:10DA2000D7DF002047C504000146094810B58469C6
:10DA30004CB194F84930022B05D10EF002FE20B112
:10DA4000052384F84930002010BD0120FCE700BF09
:10DA5000C8250020034B185C884234BF00200120F9
:10DA6000704700BFD8DF002008B500F019FB054B58
:10DA700004225A70FFF7FEFDFFF7F2FEBDE80840F2
:10DA8000FFF7F8BDD8DF0020034B01221A70034BCB
:10DA900000225A70FFF7E4BED5DF0020D8DF002057
:10DAA00008B5044B04221A70FFF7E4FDBDE80840F6
:10DAB000FFF7D6BED8DF002008B5044B04229A70C9
:10DAC000FFF7D8FDBDE80840FFF7CABED8DF002049
:10DAD00008B5044B02229A70FFF7CCFDBDE8084060
:10DAE000FFF7BEBED8DF0020014BFF221A7070473F
:10DAF000DCDF002037B5114D2B681B6804469847C2
:10DB00000F4B58B11A78FF2A08D12046CEF73AFCBD
:10DB10002B685B6803B0BDE830401847D3E84F2F4F
:10DB2000D2B28DF807209DF80720C3E8424F002AA3
:10DB3000F4D10028ECD103B030BD00BFAC8300208D
:10DB4000DCDF0020064AFF23D2E84F0FC2E8413F46
:10DB50000029F9D1C0B2FF2801D0CEF713BC70471D
:10DB6000DCDF0020024B1878FF3818BF0120704717
:10DB7000DCDF002038B50C4CA4F1080520460EF07F
:10DB8000F6FD60B128460EF0EDFD48B1D0E9000188
:10DB9000CDF7EAFE20460EF0F9FD0028EED138BDA3
:10DBA000CDF7EAFEF6E700BFD083002010B5064CA3
:10DBB00020460EF068FD04F108000EF0D5FDBDE82A
:10DBC0001040CDF785BE00BFC883002010B50446C5
:10DBD00040B3037FDA0701D5036A1BB3BFF35F8F3E
:10DBE00000232372BFF35F8F0122D4E904010AF0FE
:10DBF0007CFB0B460246C4E90023237F9B0707D525
:10DC0000626ACDF723FF01280ED002280ED078B922
:10DC10000848094B0C2221460EF039FDFFF7AAFFF8
:10DC2000002010BD0120FCE70220FAE70320F8E7FE
:10DC30000420F6E7C8830020EDC5040010B50446B3
:10DC400070B101460C2208480EF049FD50B1237F07
:10DC50009B0701D5CDF78EFFFFF78CFF002010BD8D
:10DC60000120FCE70520FAE7C883002037B50F4AFA
:10DC7000CDE900016B460E480C210EF050FD044624
:10DC8000FFF778FF7CB1257FAA0707D5BFF35F8F29
:10DC900001232372BFF35F8FCDF76CFFEB0702D533
:10DCA000236A2046984703B030BD00BF11C6040068
:10DCB000C8830020F0B5430B164D43EAC1434E0B19
:10DCC000A3FB053405FB06441B0F43EA0413240F92
:10DCD000650243F6095C45EAD3555E02A3FB0C37A7
:10DCE000C01A0CFB04740C4B61EB040440F231418C
:10DCF000414303FB0411A0FB03030B4422B1013891
:10DD000047F6FF7243EB0203DB0B981945F1000164
:10DD1000F0BD00BFD07B63087B2DE8BD084A08B585
:10DD200000231370074A1360074A1370CDF740FDB4
:10DD3000064AD2F8083843F48043C2F8083808BDD0
:10DD4000DFDF0020D4830020DDDF002000F0014071
:10DD500010B5CDF76FFE0446CDF74AFD0A4B4FF4E0
:10DD60000052C3F87845C3F87C05C3F80425074B77
:10DD700000221A70CDF730FDCDF73EFDCDF73EFE07
:10DD8000034B01221A7010BD00F00140DEDF0020BD
:10DD9000DFDF002010B50B4B00241C70CDF722FDF7
:10DDA000CDF742FE084B4FF40052C3F88045C3F84C
:10DDB0008445C3F84849C3F80825C3F87845C3F833
:10DDC0007C4510BDDFDF002000F0014038B50A4C73
:10DDD0000023C4F88035C4F88435C4F84839056890
:10DDE000CDF738FD054BC4F88055C4F88405C4F858
:10DDF00048390123236138BD00F0014014F001408F
:10DE0000274B1B782DE9F041064603F0FF08002B55
:10DE100037D0244FCDF722FDBB68C51A224B1878A6
:10DE200028B3224B1968CB1711F58002A5FB01EC32
:10DE300005FB03CC43F1000311F5800FACBF0021BB
:10DE40000121B1EBDC7F4FEAD3741DD0A41843F15C
:10DE50000001640844EAC17464424FEA610161EB65
:10DE6000410114EB0E004CEB0101C2F78BF9D7E92D
:10DE70000023AD1843F100032D1A63EBE073C6E9EC
:10DE800000534046BDE8F081A41843F10001640846
:10DE900044EAC17414EB0E004CEB6101E5E700BFEE
:10DEA000DEDF002030270020DDDF0020D4830020CB
:10DEB0002DE9FF476D4610220021284609F071FB2D
:10DEC000404B1B78002B77D002A8CDF7A5FC00288B
:10DED00075D03D4E3D4C3378002B0CBF4FF480077E
:10DEE0004FF08077CDF7ACFD0AF001FADFF8E4C01F
:10DEF0009CF80030CDE900012BB32268A168C2F57F
:10DF0000001E521A02990A448644101A90EA9E5240
:10DF10004FEA9E534FEADE5E4BBFA0EB0E008644F5
:10DF200090FBF3F09EFBF3F03378294A43B113687A
:10DF3000C3EBC30318182BD5031F48BFC31CD8104D
:10DF40000123106033704FF000088CF80080BFF39D
:10DF50005F8F95E80F0084E80F00BFF35F8F4FF0ED
:10DF600001098CF80090CDF747FC0EF05CFBD4E97A
:10DF70000032B0EB030A61EB02050AF0C8F9A7EB27
:10DF80004007574578EB050505D2CDF737FD13E07F
:10DF90000430C010D4E73378D4E90001002B0CBF63
:10DFA0004FF480034FF08073C0184A4641F10001DE
:10DFB0000AF09BF9CDF730FD04B0BDE8F087CDF74E
:10DFC0001BFCE2E7DFDF0020DDDF00203027002040
:10DFD000D4830020DEDF002073B50023134D144CE2
:10DFE000144E8DF8073028460EF0C1FBA0B10DF19C
:10DFF0000700C5F7FDFA9DF8073013F004030DD0B4
:10E00000237823B9012330782370FFF755FD284684
:10E010000EF0BCFB0028E6D102B070BD2278002AC9
:10E02000F5D030782370FFF753FDF0E7D883002058
:10E03000E0DF0020E1DF002008B503480EF094FB8C
:10E04000024B00221A7008BDD8830020E0DF0020B8
:10E05000032807B5114A09D801280BD81BD0002383
:10E06000137003B05DF804EBC5F7BCBA0428F6D111
:10E07000022301E001230220137001238DF8040024
:10E080008DF8053001A800238DF80630C5F7A4FAF5
:10E0900003B05DF804FB0346EEE700BFE1DF0020BC
:10E0A00008B50448C5F7AAFABDE808400020FFF704
:10E0B00093BF00BFD9DF030010B50146044600221C
:10E0C00004480BF0FCFF20B12046BDE81040E9F702
:10E0D0007BBB10BDEDE6030038B50E4CD4F8E03A3A
:10E0E00005461BB1D4F8E43A73B9012304EB83036A
:10E0F000C3F8E05AD4F8DC3A5BB9C4F8DC5ABDE89E
:10E10000384005480BF0B6BF044863210CF0F2F824
:10E11000F0E738BD48320020DDE703001C1205009F
:10E120004A2813B500F29A80072802D84FF0FF342E
:10E13000E9E0A0F10803422BF8D801A252F823F03D
:10E1400059E20300C1E203002BE3030055E20300A0
:10E1500027E303002FE303004DE2030037E303004E
:10E1600059E203002DE103002DE103002DE103003E
:10E170002DE103002DE103002DE103002DE103005B
:10E1800059E20300C1E203002BE3030055E2030060
:10E1900027E303002FE303004DE2030037E303000E
:10E1A00059E20300C1E203002BE3030055E2030040
:10E1B00027E303002FE303004DE2030037E30300EE
:10E1C00059E20300C1E203002BE3030055E2030020
:10E1D00027E303002FE303004DE2030037E30300CE
:10E1E00059E20300C1E203002DE103002DE1030029
:10E1F0002DE103002DE103002DE103002DE10300DB
:10E20000C1E2030055E2030037E303002DE1030000
:10E210002DE103002DE103002DE103002DE10300BA
:10E220002DE10300C5E20300C5E20300D9E20300CB
:10E230002DE103002DE103002DE103002DE103009A
:10E24000D9E203002DE10300D9E203000724E0B284
:10E2500002B010BD0424FAE70124F8E700F120031E
:10E26000DBB2112B3FF662AFE03811283FF65EAF0C
:10E2700001A353F820F000BF55E2030055E203006C
:10E2800055E203002DE103002DE103002DE1030021
:10E290002DE103002DE10300C1E20300C1E2030010
:10E2A00055E203002DE103002DE103002DE1030001
:10E2B0002DE103002DE1030037E3030033E3030006
:10E2C0000224C4E700293FF431AF0C78FF2C3FF45F
:10E2D0002DAF0134E4B2BAE700234828ADF8063088
:10E2E0004FF0020201D0432813D10DF1060009F0CE
:10E2F0004DF9BDF806404FF6FF739C423FF416AF50
:10E300000234FF2CA3D90D484FF4A8710BF0F2FF93
:10E310009DE70DF1060009F039F9BDF806309B00C4
:10E32000ADF80630E5E7052491E703248FE70624DE
:10E330008DE710248BE7082489E700BF1C12050035
:10E340002038C0B20D289ABF014B185C00207047DE
:10E350002912050070B501461248D0F8E03AA3B181
:10E360001D780022954208D9D3F8014054F8224084
:10E3700026788E420BD00132F4E70023D0F8E44A2D
:10E380001CB125780022954203D8184670BD23465B
:10E39000F4E7D4F8010050F8220006788E42F5D058
:10E3A0000132F0E74832002070B51B2188B00446E6
:10E3B0000BF0F4FE1B22014601A809F0E7F89DF8D6
:10E3C00010603046FFF7C6FF054620B9234840F2EB
:10E3D00003510BF08FFF9DF81A30BDF813209DF804
:10E3E000171030460FF010FE20B92046E9F7ECF97F
:10E3F00008B070BD0FF0C9FD40B9D5F80330EBB9D6
:10E4000020460EF0DAFF024650B9F1E7BDF81300DE
:10E410000FF0D1FC48B19DF812301B0705D47E22C5
:10E4200001A920460FF032F8E2E7BDF81310BDF85D
:10E4300005000FF08EFC0028DFD1F0E7084BD3F881
:10E44000903D33B9D5F80330204698470028D7D0FF
:10E45000CEE701A898470028D2D1F3E71C120500A7
:10E4600048320020F8B50D46044620B9134840F262
:10E470006F210BF03FFF04F52D3303F2A51303F0DA
:10E480000F020F4813469E1C00EBC60191F8DC7A80
:10E490003FB900EBC600C0F8D85A80F8DC4A00202B
:10E4A000F8BDD1F8D81A0029F3D0013303F00F03D7
:10E4B0009A42E8D16FF01500F2E700BF1C12050088
:10E4C00048320020F8B500F52D3303F2A51303F010
:10E4D0000F02174E044613469D1C06EBC50191F82A
:10E4E000DC1AA1421CD1E6F719FC28B120460BF03A
:10E4F000A7FE08B1F4F7CCF906EBC507D7F8D80AA0
:10E5000058B12146EEF76EF80020C7F8D80A06EB9E
:10E51000C505002385F8DC3AF8BD6FF01B00F6E76F
:10E52000013303F00F039A42D6D16FF01B00F3E7DB
:10E53000483200202DE9F04F85B0DFF8B890BDF8E3
:10E540003CA003908B4615461E4659F8048FB8F13F
:10E55000000F07D0002798F80030BB4205D8244BA5
:10E560009945F2D105B0BDE8F08FBB000293D8F811
:10E570000130039A53F827000378934235D02A4696
:10E5800059460EF01BFA0028E5D0524631460EF0EF
:10E5900011FC04460028DED0D8F80130BA005946F4
:10E5A0009B5818780E9B00932A463346CDF804A05A
:10E5B0000FF00DFDD4F806300E99A0780293FFF706
:10E5C000AFFD0E990246029808F0E0FFE3785B0782
:10E5D0000BD5D8F80130BA0059469B582A4618780E
:10E5E000CDF800A0334602F0F9F90137B3E700BFD8
:10E5F0002C3D0020243D00202DE9F74F234E0091B3
:10E600000446904601934FF0000A56F8049FB9F172
:10E61000000F30D099F800B0B4B300273A469345C4
:10E6200007F1010701D844B122E0D9F8011051F8EF
:10E6300022201278A242F1D10024BB4518D9D9F882
:10E640000120B8F1030F52F8275018D10099012288
:10E6500028460EF0B3F920B9022228460EF0AEF992
:10E6600080B1019928460EF07EF958B195F800A0C6
:10E67000074B9E42C9D1504603B0BDE8F08F0099C8
:10E680004246EAE70137D8E72746D6E7243D00208F
:10E690002C3D002038B51B2105460BF07FFD037B88
:10E6A000FF2B04461BD1037DB0F80F10002B18BFC1
:10E6B0000222B0F8113008BF01220020FFF79CFFB2
:10E6C00020B92846BDE83840E9F77EB8207300221B
:10E6D000054829460BF0F3FC0028F2D138BD284646
:10E6E000BDE83840FFF760BEEDE60300FF292DE9E5
:10E6F000F84380460D4604D9214840F2AB510BF057
:10E70000F9FDEEB21B2130460BF048FD04463146C0
:10E710004046E9F7B5F894F80C901A4FEDF770FE03
:10E720004146B0FBF7F718483A46EEF765F8237D07
:10E73000B4F80F10002B14BF02220122B4F81130DC
:10E740004846FFF759FF58B9FF2D04D90C4840F24D
:10E75000C7510BF0CFFD3046BDE8F843E9F734B8B8
:10E76000FF2D207304D906484FF4BA610BF0C2FDA7
:10E770003A4631460548BDE8F843EEF73DB800BFDC
:10E780001C1205007CF0C107A9E30300B9E00300F7
:10E790002DE9F84F104C06460A4604F1080A4FF0DE
:10E7A000000854F8047F8FB197F800B00025AB45FE
:10E7B0000AD9D7F8013053F82590314648460EF073
:10E7C000FDF830B199F800805445EAD14046BDE8E3
:10E7D000F88F0135EBE700BF243D002010B504465B
:10E7E00020B9BDE8104009480BF044BC01212020AD
:10E7F000FFF7CEFF0146204619B1BDE8104001F0F9
:10E80000D1BEBDE81040E8F7DFBF00BFDDE7030081
:10E81000F0B50E4D024600244FF6FF7055F8041F68
:10E8200071B10F7800239F4209D9D1F8016056F8E1
:10E83000236096F800C0944505D1B6F8010004B1F4
:10E84000F0BD0124EAE70133EDE700BF243D0020DD
:10E850002DE9F84F114C06460A4604F1080A4FF01C
:10E86000000854F8047F37B197F800B00025AB4595
:10E8700004D85445F5D14046BDE8F88FD7F80130AB
:10E8800053F82590314648460EF098F810B1037AB7
:10E89000934201D00135EAE7C846EAE7243D00206B
:10E8A00038B51B210BF07AFC0446007BFFF752FDC4
:10E8B000257DB4F80F10002D0CBF012202220EF0AE
:10E8C0007DF80F4B1B7A012B02460FD0217EA37DD2
:10E8D00051B17D3BD8B28AB1012D09D1137A13F021
:10E8E000020F18BF002038BD7F3BF3E78120F2E71D
:10E8F000002DF8D1137A13F0010FF2E7C320F2E7ED
:10E90000DC8300202DE9F04F87B01F46BDF844306E
:10E9100001939DF84C300293BDF8583003939DF855
:10E920005C309DF84090BDF848B004930D46164603
:10E93000DDF850809DF854A004460BF0ECFB037802
:10E94000817813F0030F0CBF012300235A46484679
:10E950000FF05AFB98B9B8F1000F0AD03B46324687
:10E9600029462046CDE9109807B0BDE8F04F0EF0DB
:10E9700024B9204607B0BDE8F04FE8F725BF1821BD
:10E9800020460BF00BFC18220021059008F009FE30
:10E99000059BDE732A681A606A685A60019A1A81B8
:10E9A000BAF1010F029A1F7383F80D90A3F80AB011
:10E9B0009A7305D1039A5A82049A1A7583F811A0A2
:10E9C000012E06D029884FF6F77291429CBF04228F
:10E9D0001A7441462046FFF745FD0028BED10120AC
:10E9E000F3F7FEFE0348214607B0BDE8F04FEDF710
:10E9F000F9BD00BF953F01002DE9F04F8BB08A466D
:10EA000006931821BDF850300493904605460BF04C
:10EA1000C5FB044628460BF07EFB237B039303785B
:10EA200094F80DB0B4F80A908178E67B13F0030FE8
:10EA300007460CBF012300234A4658460FF0E4FA6C
:10EA400098B9B8F1000F08D0CDE900B8039B324661
:10EA5000214628460EF0B1F897E02846E8F7B4FEC4
:10EA60006FF007000BB0BDE8F08F208949460EF02B
:10EA7000C7F80590BAF1000F17D0514628460BF0A1
:10EA800086FB079028460BF050FB079B83420CD96E
:10EA9000514628460BF07BFB824628460BF045FB8F
:10EAA000AAEB00012846E9F723F8012E11D0E37BF9
:10EAB000022B04D122884FF6F7739A4209D84846B0
:10EAC0000FF05EF928B1069B1BB9237C43F00403C9
:10EAD0002374059B1BB1237C43F008032374D2F7F6
:10EAE000E5FE824638BB0FF050FA20B348460FF0DF
:10EAF00062F900B30822514608A808F052FD022E20
:10EB000006D0032E48D0002E41D10FF03EFA09E086
:10EB1000208808A9E8F7DCFA002838D10FF035FA88
:10EB200000283FD1022108A8F5F7E4F888B3237C38
:10EB300043F001032374494658460EF023F870B1A0
:10EB40000822002108A808F02CFD022E30D0032E48
:10EB50004AD0002E4ED1237C43F00103237441465A
:10EB60002846FFF77FFC002839D128460BF0D3FA5E
:10EB70000378DB0602D40120F3F732FE049B002B5E
:10EB80003ED122482946EDF72DFD00206AE70FF01F
:10EB9000FCF96FF0270022E00822214608A808F0BF
:10EBA000F5FCBBE708A8D2F7B1FE0028F1D0B9E721
:10EBB000208808A9E8F78CFA30B9022108A8F5F7EF
:10EBC00099F80028C7D10020BB780B2BE1D13B7806
:10EBD0005A07DED13B79012BDBD10028BFD0B8F139
:10EBE000000F7FF431AF3DE70822214608A808F066
:10EBF000CDFCE2E7064840F601110BF07BFBE2E7B3
:10EC0000049A02482946EDF7F7FDBEE7953F01005B
:10EC10001C1205002DE9F041069F0C4690461E4649
:10EC20000BF09AFA094B00F8014B93F8D85A6A1C7A
:10EC300083F8D82A630702D541460BF04AFD0570D8
:10EC40004670023007B13D70BDE8F08148320020C7
:10EC500000487047203D002000487047DC830020BA
:10EC6000014B187A704700BFDC830020174B1B78DC
:10EC700053B3932815D8802826D9A0F18103122BED
:10EC800022D8DFE803F00A0A0A0A21212121210CF7
:10EC9000212121211C1E1E201E00812070470020E2
:10ECA0007047C2280FD006D800F14003DBB2012B19
:10ECB00098BF01207047C42808BF002070477E20FD
:10ECC0007047012070477F20704700BFDC83002021
:10ECD00038B505460BF01FFA90F84B30044653B98F
:10ECE00001462322104808F051FC1048282204F164
:10ECF000230108F04BFC0C4CD4F84B0070B194F895
:10ED00004F10EDF76FFC002384F84F3084F84B3040
:10ED100084F84C3084F84D3084F84E302846BDE8F5
:10ED20003840E8F751BD00BFE2DF002005E00020D9
:10ED300070B5094CD4F84B3005460E464BB9074820
:10ED40008F21F1F77FFA18B9C4F84B6084F84F505F
:10ED500070BD6FF00300FBE7E2DF0020D1EC0300A1
:10ED6000F8B5044615461E460F4619B98A4846218D
:10ED70000BF0C0FA1DB9884847210BF0BBFAB978EF
:10ED80004A2900F29380072904D88348A4210BF074
:10ED9000B1FAC0E008394229F7D801A353F821F0AD
:10EDA00011EF03001BEF030045EF030029EF030001
:10EDB00053EF030037EF030061EF03007DEF030023
:10EDC00011EF03008BED03008BED03008BED0300CF
:10EDD0008BED03008BED03008BED03008BED030047
:10EDE00011EF03001BEF030045EF030029EF0300C1
:10EDF00053EF030037EF030061EF03007DEF0300E3
:10EE000011EF03001BEF030045EF030029EF0300A0
:10EE100053EF030037EF030061EF03007DEF0300C2
:10EE200011EF03001BEF030045EF030029EF030080
:10EE300053EF030037EF030061EF03007DEF0300A2
:10EE400011EF03001BEF03008BED03008BED0300BC
:10EE50008BED03008BED03008BED03008BED0300C6
:10EE60001BEF030029EF03007DEF03008BED030090
:10EE70008BED03008BED03008BED03008BED0300A6
:10EE80008BED03006FEF03006FEF03006FEF0300E4
:10EE90008BED03008BED03008BED03008BED030086
:10EEA0006FEF03008BED03006FEF030001F1200310
:10EEB000DBB2112B3FF669AFE03911293FF665AFA0
:10EEC00001A353F821F000BF29EF030029EF03004D
:10EED00029EF03008BED03008BED03008BED0300A6
:10EEE0008BED03008BED03001BEF03001BEF030012
:10EEF00029EF03008BED03008BED03008BED030086
:10EF00008BED03008BED03007DEF03008BEF03001F
:10EF10002B7804F8013B2046F8BD20460222294602
:10EF200008F034FB0234F6E720460422294608F0B4
:10EF30002DFB0434EFE720460622294608F026FB85
:10EF40000634E8E720460322294608F01FFB033475
:10EF5000E1E720460522294608F018FB0534DAE7E8
:10EF600020460722294608F011FB0734D3E7204644
:10EF70003246294608F00AFB3444CCE720460822F2
:10EF8000294608F003FB0834C5E72046102229462D
:10EF900008F0FCFA1034BEE7371205002DE9F04FF7
:10EFA0008BB01B2107900BF0F9F8064690F813B0D0
:10EFB00007980BF0B0F8BBF1150F82780CBF142343
:10EFC0001B239A4288BF83708046FFF741FE40783A
:10EFD0000BF0C2F8327D337EB2FA82F252099B0006
:10EFE00043EAC203054643F0100305F8013B337EB4
:10EFF0002BB12846B6F819100BF06BFB0546737D54
:10F000002B70BBF1150F0CBF16230D236B70307BDB
:10F01000FFF7A0F9044620B9484840F2DD510BF053
:10F0200069F9337DB6F80F10002B14BF02220122BC
:10F0300020460DF0C3FC069020B9404840F2E35151
:10F040000BF058F9069B0027D3F80490AF705A884C
:10F05000EC1C002A6FD14FF6FD73204602220DF101
:10F060002601ADF8263008F091FA2123BBF1150FE7
:10F070006B714FF0010312BFAC1DAB71EC1DAB7097
:10F08000FFF7E6FD002340780493B6F80F300393B2
:10F09000B6F811300293337B0193F37A0093721C1C
:10F0A000022321460DF0B7FDFFF7D2FD079B437009
:10F0B0000BB0BDE8F08FB9F80020B8F8000091B2AD
:10F0C00088422CD813042AD4BBF1150F2AD1307EE4
:10F0D00001F4804288B192B90137069B5A88F9B28F
:10F0E000013A8A4203D998F802005045E3D88A428F
:10F0F0008CBF00220122AA70C2E7002AECD1204670
:10F100000BF0E7FA99F80220027099F8032002F058
:10F1100007024270841C0AF1010A5FFA8AFA09F1B7
:10F120000A09D9E720460BF0D4FA044699F80220E0
:10F1300004F8012BEFE7BA46CFE700BF371205000E
:10F1400010B507490446FFF7F3FD043006D1214608
:10F150000448BDE810400022EDF74EBB10BD00BFD3
:10F1600069F1030041F103002DE9F04F1B218FB03D
:10F1700007460BF013F8437B0546C3F34013007BAF
:10F180000893FFF7E7F8044618B97048C7210BF059
:10F19000B1F82B7DB5F80F10002B14BF022201220D
:10F1A00020460DF00BFC804618B96848CD210BF0C5
:10F1B000A1F8FFF74DFD40780AF0CEFF2A7D2B7EA7
:10F1C000B2FA82F252099B0043EAC20343F01003F1
:10F1D00000F8013B2B7E1BB1B5F819100BF079FA42
:10F1E0006B7D037001234370841C38460AF093FF43
:10F1F000099038460AF099FF43080A934FF0000936
:10F200000A9B5FFA89F199425CD22B7ECBB3B5F8A9
:10F210001960099B022203EB41010DF1360008F051
:10F22000B5F9BDF83610324640460DF0C3FDB5F8CD
:10F230000F100646B5F811000DF0E2FC20B3FFF701
:10F2400007FD214640780AF0A2FFC0F5CA6A0AF11C
:10F25000010A16BBBDF836104FF6FD73994266D110
:10F260000DF136010222204608F090F92123A67004
:10F27000E3700121201D0BF02CFA044609F101096D
:10F28000BEE74FF6FF76C4E7FFF7E2FC2146407881
:10F290000AF07DFFC0F1520ADBE7D6F8061000291C
:10F2A00045D0F37813F0400B41D1DA0728D49B07FF
:10F2B0003FD5FFF7D5FC012814BF8F267E26BAF173
:10F2C000020F3AD8FFF7C4FC089A40780023CDE932
:10F2D0000432CDE90633B5F80F300393B5F8113099
:10F2E00002932B7B0193EB7A00936A1C0223214645
:10F2F0000DF0C3FCFFF7ACFC47700FB0BDE8F08F1A
:10F30000B078FEF70DFF011D514514D831880B90E0
:10F3100020460BF0DEF980F800B0B27842700B9B0B
:10F32000D6F8062031460230FFF71AFDA5E78626FB
:10F33000C5E70126C3E78926C1E72046BDF8361098
:10F340000BF0C7F9044604F8016B97E73712050084
:10F350002DE9F0410E46BDF8188017461D46FEF710
:10F36000F9FF044620B90C484FF401710AF0C2FFBE
:10F3700020463A4631460DF021FB044620B90648A6
:10F380004FF402710AF0B6FF424629462046BDE816
:10F39000F0410DF00FBD00BF371205002DE9F04F11
:10F3A0001B218FB007460AF0F9FE0446007BFEF7EA
:10F3B000D1FF054620B9B34840F25A210AF09AFF1E
:10F3C000237DB4F80F10002B14BF0222012228461F
:10F3D0000DF0F4FA0B9020B9AA484FF418710AF016
:10F3E00089FFE37C052B00F0A380FFF731FC407818
:10F3F0000AF0B2FE227D237EB2FA82F252099B000D
:10F4000043EAC20343F0100300F8013B237E1BB123
:10F41000B4F819100BF05DF9637D03700423437099
:10F42000851C38460AF077FE804638460AF07DFE95
:10F43000237E8246002B7DD0B4F819300993002337
:10F440000C930126BAF1030F7ED8E37C032B41D144
:10F45000002E4FD038460AF05EFE814638460AF04C
:10F4600064FE0328804640F20281B9F1000F00F0EB
:10F47000FE8009F1030A99F802005146FEF750FE9A
:10F480000330C0B28045C0F0F280B9F80010099A8C
:10F4900009EB000BA8EB00080B980DF08BFC237D0B
:10F4A000B4F80F1081460022002B207BB9F8003001
:10F4B000CDE901A2099A009214BF022201220DF0A7
:10F4C00093FA5246494620460DF013FCB8F1030F5B
:10F4D00000F2CB80E37C052B00F0CD8056B1002DEF
:10F4E00000F0D2809DF83030002B00F0CD8000235A
:10F4F00005F8013B002F00F0EF80FFF7A9FB002388
:10F500004078CDE90633627BC2F34012CDE9043284
:10F51000B4F80F300393B4F811300293237B0193B6
:10F52000E37A0093621C022329460DF0A6FBD3E088
:10F53000002576E74FF6FF7380E72E460C9BDDF83B
:10F54000348001330C937DE7B8F1000F3FF47DAFB9
:10F5500008F1030398F802000A931946FEF7E0FD4C
:10F560000330C0B28245FFF470AF08EB0003B8F877
:10F570000010099A0D93AAEB000A0B980DF01AFCE3
:10F58000814668BB4FF6FD7399420CBF4FF0880B64
:10F590004FF0860BE37C052B20D0002DCDD0B4F8A6
:10F5A0000F10B4F811000DF02BFB002854D0FFF71A
:10F5B0004FFB294640780AF0EAFDC0F5CA660136DD
:10F5C000022E94BF00260126002EB7D02846022224
:10F5D00000F801BB414607F0D9FF03350026ADE72F
:10F5E000D0F80630002B31D0827898F802309A4259
:10F5F0002FD1237D217BB4F80F20002B4FF0010386
:10F6000001930A9B009314BF022301230DF07DF99F
:10F6100083460028BED1E37C032B8FD0237D0A9A3A
:10F62000B4F80F10207B002BB9F800300192099A32
:10F630000092CDF808B014BF022201220DF0D4F9D7
:10F640000A9A494620460DF054FB77E74FF0860BA7
:10F65000A0E74FF08D0B9DE7FFF7FAFA29464078B7
:10F660000AF095FDC0F15206AAE7D94601E7E37C0E
:10F67000052B7FF434AF38460FB0BDE8F04FE8F704
:10F68000A3B800BF37120500FFF7E2FA40780AF08E
:10F6900063FD237D002B14BF102318230370637DAB
:10F6A00043700B238370E37CC37080230371054692
:10F6B000FFF7CEFA002740780497B4F80F30039391
:10F6C000B4F811300293237B0193E37A0093621C18
:10F6D0000223691D0DF09FFAFFF7BAFA47700FB0C9
:10F6E000BDE8F08F2DE9F04F1B218BB080460AF06A
:10F6F00055FD0546FFF7ACFA40780AF02DFD2B7E4C
:10F70000002B0CBF18231C2300F8013B2B7E1BB1E0
:10F71000B5F819100AF0DDFF6B7D03700923437003
:10F72000841C287BFEF716FE079020B9854840F21E
:10F73000C7310AF0DFFD2B7DB5F80F100798002BBD
:10F7400014BF022201220DF039F9814620B97D480B
:10F7500040F2CD310AF0CEFD2B7E002B64D0B5F8FF
:10F760001930089340460AF0E0FC022840F2CF80AE
:10F7700040460AF0D0FC002800F0C98090F800B0A4
:10F78000B0F801A003214046E8F70EF9B5F80F10D4
:10F79000B5F811000DF034FA002848D0FFF758FAF8
:10F7A000214640780AF0F3FCC0F5CA660136B6B2CD
:10F7B000032E40F2AC80089A514648460DF0FAFA02
:10F7C0000746002800F09880D0F80630002B00F0A3
:10F7D0009380C3785B0740F19680079BB9F80010CF
:10F7E00018782B7E99F8082053B3B5F81930009398
:10F7F00053460EF081F90990002800F08680092E0A
:10F8000040F285800022227084F801B0A01C51468D
:10F810000AF05FFF099B0446BBF1000F13D0BBF158
:10F82000010F9FD1198A43E04FF6FF7399E7FFF765
:10F830000FFA214640780AF0AAFCC0F15206B6E75A
:10F840004FF6FF73D3E7BA7800F8012B5A8A198A6A
:10F8500009930AF04AFF0446B8780DF043F80028EF
:10F8600080D0BA78099B203A0B2A3FF67BAF01A1E2
:10F8700051F822F0A5F80300ADF80300C9F8030021
:10F88000D9F8030065F70300E9F8030065F7030002
:10F8900065F70300A5F80300B9F80300C9F80300F1
:10F8A000D9F803001B7D04F8013B5BE7998A2046E9
:10F8B0000AF00FFF044655E72046022203F1140127
:10F8C00007F064FE02344DE72046032203F11401E1
:10F8D00007F05CFE033445E72046042203F11401DF
:10F8E00007F054FE04343DE72046062203F11401DC
:10F8F00007F04CFE063435E78623237084F801B008
:10F900005146A01CD4E78C23F7E78B23F5E7FFF7DC
:10F910009FF9002340780493B5F80F300393B5F8AE
:10F92000113002932B7B0193EB7A00936A1C022324
:10F9300021460DF070F9FFF78BF980F801800BB0CC
:10F94000BDE8F08F371205002DE9F04F1B218BB079
:10F9500007460AF023FC0446007BFEF7FBFC054645
:10F9600020B98D4840F2B1410AF0C4FC237DB4F8BF
:10F970000F10002B14BF0222012228460DF01EF8A2
:10F98000804620B9844840F2B7410AF0B3FCFFF743
:10F990005FF940780AF0E0FB237E002B0CBF1823B0
:10F9A0001C2300F8013B237E1BB1B4F819100AF0A8
:10F9B00090FE637D03704FF0000B07234370851C9E
:10F9C000D94638460AF0B1FB042846D800264FF045
:10F9D000FF0A38460AF0A9FB824500F2B68051467C
:10F9E0003846E7F7E1FF002E00F0AF80237E09F1F3
:10F9F0000109002B4FD0B4F81920B6F80110404689
:10FA00000DF0D8F93378002B48D0237B8DF81830CF
:10FA1000217CE37B43EA0123ADF81E30E37A8DF8C5
:10FA20001930B4F80130ADF81A30A17C637CADF820
:10FA3000242043EA0123ADF81C30237D002B14BFA2
:10FA40000223012306A930468DF8203001F0A0F8EA
:10FA50000028B6D04FF0010A29E038460AF05BFBD7
:10FA600006460028B2D00378012B0ED0C0780CF0E7
:10FA700039FF68B1F078FEF763FC00F1080A3846F8
:10FA80005FFA8AFA0AF051FBA3E74FF0050AA0E7F4
:10FA90004FF0080A9DE74FF6FF72AEE740BB4FF606
:10FAA000FD7399420CBF4FF08C0A4FF0860AB4F8F0
:10FAB0000F10B4F811000DF0A3F800283CD0FFF7A8
:10FAC000C7F8294640780AF062FBC0F5CA630133E3
:10FAD0009BB2032B09D985F800A033786B70A81C62
:10FAE000B6F801100AF0F5FD05464FF0010B68E786
:10FAF000D0F80630BBB18378412B14D003F0FD0160
:10FB0000482910D0C178490710D5F178994210D111
:10FB1000F388002B3FF479AFB18899427FF675AF37
:10FB20004FF0870AC3E74FF0860AC0E74FF08C0A10
:10FB3000BDE74FF08D0ABAE7FFF78AF8294640780B
:10FB40000AF025FBC0F15203C2E7B9F1000F1CD146
:10FB5000802305F8013BFFF77BF8002340780493EE
:10FB6000B4F80F300393B4F811300293237B019360
:10FB7000E37A0093621C022329460DF04CF8FFF74C
:10FB800067F847700BB0BDE8F08FBBF1000FE2D112
:10FB900005F801BBDFE700BF371205002DE9F04F84
:10FBA00089B0C38D0093C388027988460546418891
:10FBB0004078FFF7CDFB90F8039040460AF0CCFA6E
:10FBC00009F02006C9F340194FEA890343F00803FE
:10FBD00004460370002E74D0EA8D4FF6FF739A42EC
:10FBE00004D1404840F24E510AF084FBE98D601C7C
:10FBF0000AF06FFD0446FFF72BF803785A1C0270D9
:10FC000023700A23637002342E4640F2516BF78D45
:10FC1000F3883279718870780097FFF799FB07466F
:10FC200020B9304840F261510AF064FB7188B08D10
:10FC30000CF0E6FF214600284DD040460AF0A7FA16
:10FC4000ABEB0002D7F80610B8781FFA82FAFEF77D
:10FC500067FAC11C8A4507901ED3398820460AF0EE
:10FC600038FDBA7800F8012B079BD7F806203946F3
:10FC7000FFF776F83946044630460DF0A8FF337A90
:10FC800023F0160343F0200333724946284600F060
:10FC90001FFE06460028BAD1134B04936B880393CA
:10FCA000AB8D02936B78019395F82A30009305F1A0
:10FCB00028020023214640460CF0ADFF09B0BDE804
:10FCC000F08FFEF7C5FF03785A1C027063700A2399
:10FCD000A370033498E740460AF059FAC0F1520283
:10FCE000B0E700BF37120500C90C040038B51B216E
:10FCF00004460AF053FAC37C0546152B62D8DFE8A8
:10FD000003F00B1038382738402744613C4C4861D9
:10FD10006161615A615F614820460DF068F8012019
:10FD200038BD294BD3F8943DB3B9B5F80F300A2B41
:10FD300004D1204602F02AF90028F0D11B212046E8
:10FD40000AF02CFAB0F811204CF25D239A4208D048
:10FD50002046E7F739FDE2E7204698470028E4D03F
:10FD6000DDE7B0F80F30012BF2D1204603F044FB61
:10FD7000D5E72046FFF712FBD1E720460DF068FFDC
:10FD8000CDE72046FFF7E0FDC9E72046FFF7AAFCD4
:10FD9000C5E72046FFF702F9C1E71B2120460AF01C
:10FDA000FDF9B0F80F30192BD2D120460DF0EFFA43
:10FDB0000028B4D1CCE7012120460DF034F8AEE79D
:10FDC0000021F9E70020ABE74832002010B5FEF72C
:10FDD0003FFF4FF43172002107F0E3FBFEF73CFFD9
:10FDE0000C22002107F0DDFBFEF732FF0446E7F7A7
:10FDF0009DFC6070FEF72CFF43781BB9034852212D
:10FE00000AF078FABDE8104000F0E6BB4E1205009B
:10FE100030B587B018236A46E9F708FB002840F0A0
:10FE2000948001214FF4A060FEF7B2FC0446002844
:10FE300072D0102301224FF4A0610CF0ECFF0546B4
:10FE400018B9434843210AF055FAD5F806000822AC
:10FE5000694607F09BFB002301224FF4A061204676
:10FE60000CF0D9FF054618B939484A210AF042FA80
:10FE7000D5F806309DF809201A704FF4A0611123BF
:10FE8000012220460CF0C7FF054618B93048512121
:10FE90000AF030FAD5F806309DF80C201A704FF4AD
:10FEA000A0614EF20103012220460CF0B4FF05468A
:10FEB00018B9274858210AF01DFAD5F806309DF8E0
:10FEC00008201A704FF4A0614EF20203012220466E
:10FED0000CF0A1FF054618B91D4860210AF00AFA86
:10FEE000D5F80630BDF80A201A804FF4A0614FF40F
:10FEF0006043012220460CF08EFF054618B91448D5
:10FF000067210AF0F7F9D5F806209DF8173013702D
:10FF100013B1204603F00CFB01212020FEF738FC32
:10FF200098B14EF6FE73012220210CF074FF0446B6
:10FF300018B9074880210AF0DDF9D4F80630BDF879
:10FF40000E201A809DF80D209A7007B030BD00BFBA
:10FF500059120500F0B587B0182205460E466846CE
:10FF6000002107F01EFB01214FF4A060FEF710FCFA
:10FF70000446002869D0102301224FF4A0610CF040
:10FF80004AFF074618B94148C2210AF0B3F9D7F829
:10FF900006100822684607F0F9FA002301224FF400
:10FFA000A06120460CF037FF074618B93748C92131
:10FFB0000AF0A0F9D7F806301B788DF80930012235
:10FFC0004EF201034FF4A06120460CF024FF0746D7
:10FFD00018B92E48D0210AF08DF9D7F806301B78D1
:10FFE0008DF80830012211234FF4A06120460CF057
:10FFF00012FF10B1D0F8063018788DF80C004EF2D0
:020000040004F6
:10000000020301224FF4A06120460CF004FF0746D2
:1000100018B91E48E3210AF06DF9D7F806301B889D
:10002000ADF80A3020464FF4604301224FF4A0613E
:100030000CF0F1FE044618B91448EA210AF05AF906
:10004000D4F806301B788DF8173001212020FEF7F8
:100050009FFB98B14EF6FE73012220210CF0DBFECF
:10006000044618B90948FB210AF044F9D4F80630CF
:100070001A88ADF80E209B788DF80D3018236A464B
:1000800031462846EAF7F6F807B0F0BD59120500E8
:1000900030B587B018236A46E9F7C8F9002840F060
:1000A000918001212020FEF773FB044620B94648C9
:1000B00040F242210AF01EF90023012220212046AD
:1000C0000CF0A9FE054620B93F4840F246210AF04F
:1000D00011F9D5F80630009A1A6001231A4620213A
:1000E00020460CF098FE054620B9374840F24B21D7
:1000F0000AF000F9D5F80620019B1360FA20584356
:10010000F2F738FC02230122202120460CF083FE66
:10011000054620B92C4840F251210AF0EBF8D5F8F9
:100120000620BDF808301380FA205843F2F7E0FBB0
:1001300003230122202120460CF06DFE054620B944
:10014000214840F257210AF0D5F8D5F80620BDF82D
:100150000A301380FA205843F2F7E4FB042301220B
:10016000202120460CF057FE054620B9164840F2E3
:100170005D210AF0BFF8D5F80630039A1A602021F5
:100180000523012220460CF046FE054620B90E4804
:1001900040F262210AF0AEF8D5F80630049A1A60EF
:1001A00020460623012220210CF035FE044620B90A
:1001B000054840F267210AF09DF8D4F80630BDF8F2
:1001C00014201A8007B030BD59120500F0B506465C
:1001D00087B00F4620200121FEF7DAFA044620B945
:1001E000454840F279210AF085F818220021684636
:1001F00007F0D7F900230122202120460CF00BFE46
:10020000054620B93C484FF420710AF073F8D5F840
:1002100006301B68009301231A46202120460CF06B
:10022000FAFD054620B9344840F285210AF062F80B
:10023000D5F806301B6801930122022320212046B5
:100240000CF0E9FD054620B92B4840F28A210AF05E
:1002500051F8D5F806301B88ADF808300122032389
:10026000202120460CF0D7FD054620B9224840F257
:100270008F210AF03FF8D5F806301B88ADF80A3018
:1002800001220423202120460CF0C5FD054620B99B
:1002900019484FF425710AF02DF8D5F806301B687F
:1002A000039301220523202120460CF0B4FD0546CE
:1002B00020B9114840F299210AF01CF8D5F806300F
:1002C0001B68049320460623012220210CF0A3FD85
:1002D000044620B9084840F29E210AF00BF8D4F8F1
:1002E00006301B88ADF814306A461823394630466C
:1002F000E9F7C0FF07B0F0BD5912050010B50C4674
:1003000008B1E7F761FA074B074843F6FF3203FBF2
:10031000042300214FF47052BDE81040B3FBF2F209
:10032000ECF76ABA90D00300FD0404002DE9F04F09
:10033000062189B0064609F031FF01210746202039
:10034000FEF726FA044620B9464840F2723109F019
:10035000D1FF00230122202120460CF05CFD054640
:1003600020B940484FF45E7109F0C4FFD5F806305B
:10037000D3F800803B79002B70D00023ADF81E30FD
:1003800001224EF6FE73202120460CF044FD054666
:1003900020B9344840F28A3109F0ACFFD5F8067034
:1003A0003B68DB4333F07F431DBF3B8897F802B0C7
:1003B000ADF81E304FF0000A304614BF4FF0020A6D
:1003C000D34609F0C9FE192303700546FEF740FC29
:1003D00003785A1C02704FF000096B70224B85F8AD
:1003E0000290202204934FF48273CDE90232E91C7B
:1003F00053460DF11E02CDE900B430460CF00BFC63
:10040000FB781A48012262F30303FB704FF4FA727F
:100410002146ECF7F1F94FF4F050F2F783FA484631
:10042000F2F750F9FEF714FCD0F8A03033B1FEF724
:100430000FFC4946D0F8A000ECF7D4F80C4A0D4860
:1004400043F6FF3302FB083300214FF47052B3FB35
:10045000F2F209B0BDE8F04FECF7CEB93046E7F75D
:10046000B3F9EBE76512050079040400FBD804003A
:1004700090D00300FD040400F8B51021044609F0F3
:100480008DFE012107462020FEF782F94EF6FE730D
:100490000122202105460CF0BEFC064620B9144876
:1004A0004FF4507109F026FF3F68D6F806606FB927
:1004B0003A4629460F48ECF70DFB3846F2F790F91B
:1004C0000C484FF4FA722946ECF796F9F37803F0EA
:1004D0000F03012B08D908482146ECF783F8F3787D
:1004E0006FF30303F370F8BD2046E7F76DF9F6E705
:1004F00065120500FBD80400FD04040070B501215D
:1005000004462020FEF744F9054620B9224840F26F
:10051000F13109F0EFFE00230122202128460CF0E2
:100520007AFC064620B91C4840F2F73109F0E2FE99
:10053000D6F8063028461E6801224EF6FE732021AA
:100540000CF069FC054620B9134840F2014109F05E
:10055000D1FED5F8061056B1CB781A070DD003F0AE
:100560000F02012A03D8013262F30303CB708CB16E
:100570002046BDE87040E7F727B924B9BDE87040D0
:10058000064809F077BD2046054ABDE87040FF21C6
:100590000DF0BCB970BD00BF65120500FD0404007C
:1005A0002D03040038B5012205460023084620210A
:1005B0000CF031FC044620B9064840F2051109F060
:1005C00099FED4F8063028461968BDE83840FFF790
:1005D00095BE00BF6512050010B5FEF739FB082275
:1005E0000021A43006F0DDFFE7F7A0F8044678B15B
:1005F000FEF72EFB80F8AA400022FE210748ECF708
:1006000069FABDE8104006480022FE21ECF762BA04
:100610000448802109F06EFEEEE700BFF5070400F4
:10062000DD06040081120500F8B5054620B9FEF785
:100630000FFBFF242046F8BDFEF70AFB4368002BA2
:10064000F5D000260BE06F78FEF702FB4368D3F885
:10065000013053F826301B78BB420CD00136FEF730
:10066000F7FA43681B7806EB860404EB8404B34274
:10067000E4B2E8D80EE0FEF7EBFA4368D3F80130B5
:1006800053F82630D3F81A00064B281A001103FB42
:100690000040C4B2FEF7DCFA43681B78B342C9D805
:1006A000C7E700BFABAAAAAA10B50446FFF7BCFF74
:1006B000002201460848ECF70DFA238A5BB1204678
:1006C000FFF7B2FF238A42220146BDE810400248EC
:1006D0005A43ECF791B810BDDD06040038B5054665
:1006E0000DF0C8F90446FEF7B3FAD0F8983043B1DC
:1006F000FEF7AEFAE288D0F89830618894F82A00C4
:100700009847FEF7A5FAB0F8A43043B1238A04480D
:1007100042225A432946BDE83840ECF76DB838BD4F
:10072000DD0604002DE9F04700252C462F466FF02A
:100730000049FEF78DFA43681B78AB4214D8002FAE
:1007400053D007F03DFDFE21054600222848ECF776
:10075000C1F92B1B6FF000418B423CD2BDE8F04742
:1007600023480021EBF73EBFFEF772FA4368D3F847
:10077000013053F82530D3F81A304FEA850AA3B177
:10078000FEF766FA4368D3F8013053F82530D3F802
:100790001A604FF00008FEF75BFA4368D3F80130A7
:1007A00053F80A305B7E434501D80135C1E7337AFF
:1007B00003F00902012A07D1DB0605D5F3683FB132
:1007C000E21A4A4538BF1C46303608F10108E2E714
:1007D0001C461746F8E7621B8A4228BF1A46BDE846
:1007E000F04703480021ECF707B8BDE8F08700BFE9
:1007F000F50704002DE9F04707F0E2FC4FF000098F
:1008000006464D466FF00047FEF722FA43681B7814
:100810004B4509D81DB12D480021EBF7E3FEBDE89B
:10082000F0470020FFF77EBFFEF712FA4368D3F8C7
:10083000013053F82930D3F81A304FEA8908A3B1B0
:10084000FEF706FA4368D3F8013053F82930D3F89D
:100850001A404FF0000AFEF7FBF94368D3F8013065
:1008600053F808305B7E534502D809F10109CBE704
:10087000237A03F00902012A18D1D80616D5E268B6
:10088000B21ABA4212D259071AD443F004022272A1
:100890009A0702D50135EDB208E0628A52B1238A87
:1008A000D21A92B2422303FB0262E26030340AF1B0
:1008B000010AD0E723F0100343F004032372F5E7A5
:1008C00023F0100343F002032372E3E7D9D90400B5
:1008D0002DE9F34105468846FEF7BAF9436823B986
:1008E0000024204602B0BDE8F08100240BE0FEF7B2
:1008F000AFF94368D3F8013053F824301A786B7895
:100900009A4208D00134FEF7A3F943681B78A3424A
:100910004FEA8407EBD8FEF79BF943681B78A342A4
:1009200004D82D4840F2E13109F0E4FCFEF790F9DB
:100930004368D3F80130DB59D3F81A30002BCFD0FD
:10094000FEF786F94368D3F80130DB59D3F81A4033
:100950000026FEF77DF94368D3F80130DB595B7E52
:10096000B3422CD9237AD80733D5B4F82EC0E38804
:10097000227961886078CDF800C0FEF7E9FC237A1F
:10098000C27803F00601062923D1190721D4A16AF0
:10099000A86A414031F07F411BD1A08DA98D8842CA
:1009A00017D1216828684140FF2912D8C2F34012AC
:1009B00042450ED123F0060343F020032372FEF7D5
:1009C00047F94368D3F80130DB595B7EB34288D8DE
:1009D00086E730340136BCE781120500F0B585B0FA
:1009E000BDF8284000940DF087F80446002859D03F
:1009F000E58DC3880279418840780095FEF7A8FC10
:100A0000054600284ED080780BF06CFF002800F0DF
:100A1000AA80237A590615D523F040032372237A3E
:100A20005A0740F1AF8023F0100343F00203237212
:100A300000215648EBF7D6FD002005B0BDE8F04098
:100A4000FFF770BEAA78D5F80630203A0B2A00F2DC
:100A50008A80DFE802F00610296088708888061A0C
:100A60003C68227F1B789B1A002BB8BF5B42227D1B
:100A7000DBB29A4229E01B88A28B9342B5BFD21AFF
:100A80009B1A93B29BB2A28AF3E7B4F91C20B3F984
:100A900000309B1A002BB8BF5B42B4F914201BB284
:100AA0009A42BCDD05B0F0BDA27DA18A987801EB29
:100AB00002411A88A38B02EB0042A07F03EB0043A4
:100AC0009A428CBFD31A9B1A9942A8D9EAE793F9A4
:100AD000025094F91E0094F916101B88A28B002D69
:100AE000B4BF4FF07F4700270028B4BF4FF07F46C8
:100AF0000026002993DB43EA054342EA00423243E1
:100B00003B439B1AA28A002BB8BF5B4242EA0142D8
:100B10009342C7DB83E71A68E3699A428CBFD31A12
:100B20009B1A6269A5E7E2691B689B1A002B626940
:100B3000B8BF5B42ECE71868029002AA9B88ADF848
:100B40000C30104604F11C0109F012FABDF80C201B
:100B5000238B9A4202D03FF662AFA3E76369029A01
:100B60009A42F8D15BE7D5F80610A878FDF7D8FAD5
:100B70000146D5F80600E669EBF776FC86427FF47D
:100B80004EAF8FE743F0020323728BE7D9D90400FD
:100B900073B50E46054620B94A484FF4C27109F0B4
:100BA000A9FB26B9474840F2851109F0A3FBB38998
:100BB0000093B5F80130327AF18830780CF09CFF60
:100BC000044648B930780CF0B6FE0446002876D0CA
:100BD0003022002106F0E5FC412323722B7823709C
:100BE00032786270F2886280327A2271B5F8012020
:100BF000E28072882285727884F82A20B288A285E1
:100C0000002B4DD1AB884FF6FF7299B291421FD1A4
:100C1000EE88EEB9636A2361E8780BF063FE40B1B9
:100C2000E878FDF78DFB3146024604F1140006F02A
:100C3000B8FC618A237A4FF6FF7291421BD143F0D0
:100C4000080323720320EAF7D3FD002002B070BD31
:100C50002382EB886382E8780BF044FE0028E8D01A
:100C6000E878FDF76DFB05F10801024604F1140078
:100C700006F08CFCDDE723F00803237220460CF01D
:100C800020FF0020FFF74EFD638A002BDAD0E388B7
:100C9000227961886078E48D0094FFF79FFED1E7A8
:100CA000B5F8033023822046FFF7FEFCB5F8033089
:100CB000002BCAD1237A23F001032372C5E76FF01A
:100CC0001500C3E7811205002DE9F0411021064609
:100CD00009F064FA0024FDF7BBFF43681B78A342C8
:100CE0000FD80020FFF71EFD304609F035FAFDF75A
:100CF000AFFF80F8AA60BDE8F0411B480021EBF788
:100D000071BCFDF7A5FF4368D3F8013053F82430D8
:100D1000D3F81A304FEA84080BB90134DBE7FDF74A
:100D200097FF4368D3F8013053F82430D3F81A50B2
:100D30000027FDF78DFF4368D3F8013053F80830E2
:100D40005B7EBB42E9D92B7A03F02102212A07D12D
:100D50001A0705D423F020032B7228460CF0B1FEAD
:100D600030350137E5E700BFD9D9040008B5FDF7F4
:100D70006FFF90F89E32013380F89E32BDE8084044
:100D8000014809F077B900BF1113040070B586B0AF
:100D9000054609F0E1F91D2300F8013B41F2172156
:100DA00009F097FC0446FDF753FF037812495A1CDB
:100DB00002700222237005236370A01806F0E6FB80
:100DC000FDF746FF0646FDF743FF4FF65743002267
:100DD000CDE903324FF482730293084B1B780193E1
:100DE00090F86132009306F262220223211D284608
:100DF0000BF011FF06B070BD493B002032E000202F
:100E000008B5FDF725FFD0F8A2328BB1FDF720FF22
:100E1000D0F8A232094842225A430021EBF7ECFCF9
:100E2000FDF716FF0023A0F8A232A0F8A43208BDF7
:100E3000BDE80840024809F01DB900BF010E0400DA
:100E4000E91304002DE9F0430D4687B0044630B99C
:100E50000246304807B0BDE8F04309F030B901213F
:100E60004FF65740FDF794FC5D210746E8B209F0C4
:100E700095F90646204609F04EF91D2341F2172147
:100E800000F8013B09F025FC0546FDF7E1FE90F86E
:100E90009C322B7009236B70204609F03CF9804688
:100EA000204609F038F90378B27913F0040F0CBF2B
:100EB0000323052308EB030508F8032001353168F7
:100EC0009200284606F04BFBB37905EB8305FDF74E
:100ED000BFFE0646FDF7BCFE90F861923846FDF76E
:100EE00097FC4FF000084FF65743CDE90338CDE9A2
:100EF0000170022306F262222946CDF800902046B6
:100F00000BF089FEFDF7A4FE80F89D8207B0BDE8D6
:100F1000F08300BF450E040038B505460DF035F8E6
:100F200008B9012038BD0C481123007801224FF682
:100F300057410BF070FF044618B90848EB2109F03F
:100F4000D9F9D4F806301A78FF2AEAD00123934061
:100F50005B1B58425841E5E732E000209112050042
:100F600038B505460DF011F808B9012038BD0D4817
:100F70001223007801224FF657410BF04CFF044634
:100F800020B909484FF4817109F0B4F9D4F806305A
:100F90001B884FF6FF729342E7D05B1B58425841C3
:100FA000E4E700BF32E000209112050010B50CF01C
:100FB000ECFFA8B10B480723007801224FF65741F8
:100FC0000BF029FF044620B9074840F21B1109F035
:100FD00091F9D4F806301878003818BF012010BDF8
:100FE0000120FCE732E000209112050010B50CF062
:100FF000CCFFD0B10D480C23007801224FF65741A9
:101000000BF009FF044620B9094840F27F1109F0AE
:1010100071F9D4F80630074A1B7843F6FF3002FB1B
:1010200003004FF47053B0FBF3F010BD32E000202A
:101030009112050040420F0010B50CF0A6FFA0B1C0
:101040000A480B23007801224FF657410BF0E3FECC
:10105000044620B906484FF4F87109F04BF9D4F86A
:1010600006301878003818BF012010BD32E000208B
:1010700091120500F8B5314FFB7A05460E46DBB1FB
:10108000FDF7E6FDB0F8AC3223B92D4840F2A731A8
:1010900009F030F9FDF7DCFDB0F8AA42FDF7D8FD04
:1010A000FA7AB0F8AC32B4FBF3F301339BB26C1EA6
:1010B00094FBF3F4A4B22AB94EF608036FF00200D1
:1010C0003360F8BDB5FBF3F203FB1255ADB23DB191
:1010D000FDF7BEFDB0F8AC32422253430020EFE7EB
:1010E000FDF7B6FDB0F8AE32002BE5D0FDF7B0FD50
:1010F000B0F8B23273B1FDF7ABFDB0F8B232A34233
:1011000008D8FDF7A5FDB0F8B222B4FBF2F302FB5C
:1011100013439CB2FDF79CFDB0F8AE3203FA04F421
:101120003460FDF795FDB0F8B0329C4204D9FDF76C
:101130008FFDB0F8B03233603368CDE7708800209F
:101140009112050010B50446FDF782FD90F8B43207
:10115000DB0709D5042C08D1FDF77AFD90F8B432ED
:101160006FF3420380F8B43210BD214600220548D7
:10117000EBF7B0FC2146044A0248BDE81040EBF70B
:101180003BBB00BF01DE04000003570010B50E4C4E
:10119000002211462046EBF79DFC0022022120464A
:1011A000EBF798FCFDF754FD90F8B4326FF342036F
:1011B00080F8B432FDF74CFD90F8B4326FF30003C1
:1011C00080F8B43210BD00BF01DE040010B501216B
:1011D0004FF65740FDF7DCFA40B3102301224FF6DB
:1011E00057410BF018FE044620B9114840F28461C3
:1011F00009F080F8D4F806301B78012B16D1E3F7FC
:1012000079FD044690B9FDF723FD90F8B43243F020
:10121000010380F8B4322046FFF794FF0220FFF765
:1012200091FFBDE810400420FFF78CBF10BD00BF48
:101230009112050008B50CF0A8FE20B1BDE80840E9
:10124000014808F017BF08BD8D0D040038B5D0F770
:101250003BFB012105464FF65740FDF799FA98B33D
:10126000062301224FF657410BF0D5FD044620B965
:10127000164840F2D97109F03DF8D4F806301B78D1
:10128000012B21D1E3F736FDF0B9EBF7DBFFD8B145
:10129000FDF7DEFC90F8A032B3B9FDF7D9FC90F869
:1012A0009E32022B10D1D0F715FB044660B94FF6E1
:1012B000FF739D4208D0FDF7CBFC80F89E42BDE84D
:1012C0003840034808F0D6BE38BD00BF9112050073
:1012D0001113040010B5FDF7BBFC0024A0F8A242D6
:1012E000A0F8A442FDF7B4FC80F8A042FDF7B0FCE2
:1012F000022380F89E3222460448FE21EBF7EAFBE7
:101300002046BDE81040DDF7A3BE00BF010E04007B
:1013100070B50546D0F7D8FA0646FDF799FC90F867
:101320009E32022B54D00C212846E6F7DDFA012329
:1013300083710023C371068046800446FDF788FC54
:1013400090F89E3253B1012B14D0244840F2AD7175
:1013500008F0D0FF0023D3F81530FFDE022125204E
:10136000FDF776FA70B9FDF773FC90F89E32013301
:1013700080F89E3202210020FDF76AFA0028E4D0AE
:10138000002300E025232381D0F81530B3F8013085
:10139000A380FDF75DFC12490446284609F052FC83
:1013A00084F89F02FDF754FC90F89F32FF2B07D082
:1013B000BDE870400B484FF4A5620021EBF71CBA62
:1013C000FFF788FF28460021BDE8704001F0C4BA4D
:1013D0002846BDE87040E6F7F7B900BF9112050056
:1013E000E91504006D0D0400F0B589B00546D0F78D
:1013F0006BFAADF81E00FDF72BFC90F8A0329BB9FC
:10140000614840F62F0108F075FFFDF721FC90F8C8
:101410009E62B6B1012E6CD05B4840F6660108F0C2
:1014200069FF6FF0030444E0FDF712FC90F89E3270
:10143000012BE5D8BDF81E204FF6FF739A42E4D188
:10144000DEE7284608F088FE06700446FDF700FC3B
:1014500003785A1C027031466370A670E01C09F0D4
:1014600038F9012109F035F9022106462520FDF75A
:10147000EFF9044620B9444840F63F0108F03AFF2E
:10148000FDF7E6FB247890F8A0722046FDF7C0F93E
:10149000002304932523CDE90203CDE90074022340
:1014A0000DF11E02314628460BF0B5FB044600281C
:1014B00048D0FDF7CDFB90F8A132013380F8A1327E
:1014C000FDF7C6FB90F89E32002B4AD0FDF7C0FB1B
:1014D00090F89E32012B05D1FDF7BAFB90F8A132AE
:1014E000002B44D1002C4CD029462848EBF77AF841
:1014F00047E0284608F030FE002707700446FDF755
:10150000A7FB03785A1C02704FF6FD716370A77039
:10151000E01C09F0DEF8022106463846FDF798F98E
:10152000044620B9184840F6570108F0E3FEFDF7DD
:101530008FFB247890F8A0722046FDF769F900230C
:101540000493A8E7FDF784FB0678FDF781FB013ED5
:1015500080F89F6240F2522221460D48EBF74CF989
:10156000AEE7FDF775FB90F8A132022BAED9FFF77D
:10157000B1FE002C4FF0000114BF2846084601F0D0
:10158000EBF909B0F0BD00BF91120500E9130400AA
:101590007DDE040038B5FDF75BFB90F89E32022B30
:1015A0001ED0FDF755FB90F8A032CBB10022FE21F2
:1015B0000C48EBF78FFAFDF74BFBB0F8A642FDF7AE
:1015C00047FBB0F8A802EAF705FF0546FDF740FB28
:1015D0002C44C0F8A242BDE838400020FFF710BC00
:1015E00038BD00BF010E0400F8B5054608F093FDB4
:1015F00046780446A6B90778FDF72AFB90F89F3293
:10160000BB420DD123795BB1FDF722FB637980F8F2
:10161000A0323246FE210548EBF75CFAFFF7BAFF2D
:101620002846BDE8F840E6F7CFB800BF6D0D0400CE
:10163000F0B58BB0242301AA06460D46C9F748FD34
:101640000446002840F04E82FDF702FB9DF804306E
:1016500080F860329DF80970FDF7FAFA003F18BF74
:10166000012780F87C72FDF7F3FA0C220DF10D01D1
:1016700000F29E2005F08AFFFDF7EAFA80F89F420B
:10168000FDF7E6FA80F8A142FDF7E2FA0121A0F8A1
:10169000A242A0F8A4424FF65740FDF779F824354E
:1016A000044620B9CA4840F6552108F023FE4FF6FB
:1016B000FD7301224FF6574120460BF0ACFB074665
:1016C00020B9C34840F65A2108F014FED7F8063076
:1016D000BDF819201A804FF65741022301222046F7
:1016E0000BF099FB074620B9B9484FF4266108F082
:1016F00001FE9DF82530D7F80620C3F300031370D0
:101700004FF657410323012220460BF084FB074686
:1017100020B9AF4840F6662108F0ECFD9DF8253071
:10172000D7F80620C3F3400313709DF82500C0F3DB
:101730004000EFF7B1FD042301224FF65741204648
:101740000BF069FB074620B9A14840F66D2108F06F
:10175000D1FDD7F806309DF81B201A704FF657417F
:101760000523012220460BF056FB074620B9984876
:1017700040F6732108F0BEFDD7F806309DF81C2016
:101780001A704FF657410623012220460BF043FB07
:10179000074620B98E4840F6792108F0ABFD9DF848
:1017A0002530D7F80620C3F3800313704FF6574156
:1017B0000723012220460BF02EFB074620B9844860
:1017C00040F67F2108F096FD9DF82530D7F80620D9
:1017D000C3F3C00313709DF82500C0F3C000EFF7FA
:1017E00067FD082301224FF6574120460BF013FBFB
:1017F000074620B9764840F6862108F07BFD9DF823
:101800002530D7F80620C3F3001313704FF6574165
:101810000923012220460BF0FEFA074620B96C4846
:1018200040F68C2108F066FD9DF82530D7F806209B
:10183000C3F3401313704FF657410A230122204689
:101840000BF0E9FA074620B9614840F6922108F00A
:1018500051FDD7F806309DF81D201A704FF65741FC
:101860000B23012220460BF0D6FA074620B9584830
:1018700040F6982108F03EFD9DF82530D7F8062067
:10188000C3F3801313704FF657410C2301222046F7
:101890000BF0C1FA074620B94D4840F69E2108F0EA
:1018A00029FDD7F806309DF81E201A704FF65741D3
:1018B0000D23012220460BF0AEFA074620B944481A
:1018C00040F6A42108F016FD9DF82530D7F8062033
:1018D000C3F3C01313709DF82500C009EFF788FC0F
:1018E0000E2301224FF6574120460BF094FA07468B
:1018F00020B9374840F6AB2108F0FCFCD7F8063099
:101900009DF81F201A704FF657410F2301222046E1
:101910000BF081FA074620B92D4840F6B12108F0B6
:10192000E9FC9DF82630D7F80620C3F300031370B6
:101930009DF8260000F00100EFF73EFC1023012285
:101940004FF6574120460BF066FA074620B920486B
:1019500040F6B82108F0CEFC9DF82630D7F80620D6
:10196000C3F3400313704FF6574111230122204661
:101970000BF051FA074620B9154840F6BE2108F091
:10198000B9FCD7F806309DF820201A704FF6574161
:101990001223012220460BF03EFA074620B90C48DC
:1019A00040F6C42108F0A6FCD7F80630BDF8212087
:1019B0001A802046132301224FF657410BF02BFAD1
:1019C000044638B9024840F6CA2108F093FC01E009
:1019D00091120500D4F80630BDF823201A809DF836
:1019E0000830013B092B25D8FDF732F99DF8083066
:1019F00000F51A725B0029463046C9F769FB9DF86D
:101A0000087000286ED1FDF723F99DF8083080F8A2
:101A10006732FDF71DF90446FDF71AF990F86732B1
:101A200003F2331334F813204FF6FF739A425ED05B
:101A300005EB47059DF80A30013B092B25D8FDF73A
:101A400007F99DF80A3000F27E225B0029463046F5
:101A5000C9F73EFB9DF80A70002843D1FDF7F8F85E
:101A60009DF80A3080F87D32FDF7F2F80446FDF764
:101A7000EFF890F87D3204EB43044FF6FF73B4F8AF
:101A80007C229A423BD005EB47059DF80B30013B89
:101A9000032B27D8FDF7DCF89DF80B3000F52572F5
:101AA0005B0029463046C9F713FBD8B9FDF7D0F8DB
:101AB0009DF80B3080F89232FDF7CAF80446FDF726
:101AC000C7F890F8923204EB43044FF6FF73B4F872
:101AD00092229A4206D1FDF7BBF890F89232013B70
:101AE00080F8923200200CF008FA0BB0F0BDFDF740
:101AF000AFF890F86732013B80F8673298E7FDF75E
:101B0000A7F890F87D32013B80F87D32BBE700BF3B
:101B1000F0B58BB0242206460D4601A8002105F041
:101B200040FDFDF795F890F860328DF80430FDF730
:101B30008FF890F87C328DF80930FDF789F80C2287
:101B400000F29E210DF10D0005F020FD01214FF660
:101B50005740FCF71DFE044620B9C94840F629311C
:101B600008F0C8FB4FF6FD7301224FF6574120469F
:101B70000BF051F9074620B9C14840F62E3108F064
:101B8000B9FBD7F806301B88ADF8193001220223C3
:101B90004FF6574120460BF03EF9074620B9B848AA
:101BA00040F6343108F0A6FBD7F806209DF8253022
:101BB000127862F300038DF82530012203234FF6DB
:101BC000574120460BF027F9074620B9AC4840F6AC
:101BD0003A3108F08FFBD7F806209DF825301278AF
:101BE00062F341038DF82530012204234FF657415B
:101BF00020460BF010F9074620B9A1484FF4346194
:101C000008F078FBD7F806301B788DF81B300122DE
:101C100005234FF6574120460BF0FDF8074620B943
:101C2000974840F6463108F065FBD7F806301B7838
:101C30008DF81C30012206234FF6574120460BF049
:101C4000EAF8074620B98E4840F64C3108F052FBBE
:101C5000D7F806209DF82530127862F382038DF8BC
:101C60002530012207234FF6574120460BF0D3F8C9
:101C7000074620B9824840F6523108F03BFBD7F8BE
:101C800006209DF82530127862F3C3038DF82530C5
:101C9000012208234FF6574120460BF0BCF80746B7
:101CA00020B9774840F6583108F024FBD7F80620D1
:101CB0009DF82530127862F304138DF82530012247
:101CC00009234FF6574120460BF0A5F8074620B9E7
:101CD0006B4840F65E3108F00DFBD7F806209DF802
:101CE0002530127862F345138DF8253001220A233E
:101CF0004FF6574120460BF08EF8074620B9604852
:101D000040F6643108F0F6FAD7F806301B788DF803
:101D10001D3001220B234FF6574120460BF07BF874
:101D2000074620B9564840F66A3108F0E3FAD7F87A
:101D300006209DF82530127862F386138DF8253041
:101D400001220C234FF6574120460BF064F807465A
:101D500020B94B484FF4376108F0CCFAD7F8063079
:101D60001B788DF81E3001220D234FF65741204677
:101D70000BF051F8074620B9414840F6763108F09B
:101D8000B9FAD7F806209DF82530127862F3C71308
:101D90008DF8253001220E234FF6574120460BF0D7
:101DA0003AF8074620B9364840F67C3108F0A2FAE6
:101DB000D7F806301B788DF81F3001220F234FF61D
:101DC000574120460BF027F8074620B92C4840F62B
:101DD000823108F08FFAD7F806209DF82630127865
:101DE00062F300038DF82630012210234FF657418D
:101DF00020460BF010F8074620B9214840F68831FC
:101E000008F078FAD7F806209DF82630127862F3A9
:101E100041038DF82630012211234FF65741204609
:101E20000AF0F9FF074620B9154840F68E3108F050
:101E300061FAD7F806301B788DF820300122122382
:101E40004FF6574120460AF0E6FF074620B90C48F6
:101E500040F6943108F04EFAD7F806301B88ADF8FA
:101E600021302046132301224FF657410AF0D3FFB9
:101E7000044638B9024840F69A3108F03BFA01E0CE
:101E800091120500D4F806301B88ADF82330FCF71A
:101E9000DFFE90F86722032303EB42035B0803F0A5
:101EA000FE030A2B8DF8083004D9374840F69E31DE
:101EB00008F020FAFCF7CCFE90F87D22032303EB18
:101EC00042035B0803F0FE030A2B8DF80A3004D9A5
:101ED0002D484FF43A6108F00DFAFCF7B9FE90F87E
:101EE0009222032303EB42035B0803F0FE03042B5F
:101EF0008DF80B3004D9244840F6A23108F0FAF9E5
:101F0000242301AA29463046E8F7B4F90446A8BBC1
:101F10009DF8083024357BB1FCF79AFE9DF8083017
:101F200000F51A725B0029463046E8F7A3F920BB9A
:101F30009DF8083005EB43059DF80A307BB1FCF7AE
:101F400087FE9DF80A3000F27E225B00294630466B
:101F5000E8F790F988B99DF80A3005EB43059DF83C
:101F60000B305BB1FCF774FE9DF80B3000F5257269
:101F70005B0029463046E8F77DF9044600200BF067
:101F8000BCFF20460BB0F0BD911205002DE9F74FC4
:101F90001B21054608F002F9B0F80F300A2B8146E4
:101FA00040F0B9805D4B93F800A0BAF1000F35D036
:101FB000284608F0BAF8022840F28F80284608F038
:101FC000AAF80446002800F088808078FCF74EFECE
:101FD000A07038BBE078211DFCF7A2F8061D28464A
:101FE000F6B208F0A2F8284608F09FF8864274D8A6
:101FF00031462846E5F7D8FC002C6ED000264FF07D
:10200000FF383746A3789BB3284608F08EF802289D
:1020100006F1010608D8F6B2002E61D0504603B092
:10202000BDE8F08F0326DEE7284608F074F8044682
:102030000028F0D08078FCF719FEA070A8B9E078ED
:10204000211DFCF76DF800F1040B28465FFA8BFBAD
:1020500008F06BF8284608F068F88345DBD8594645
:102060002846E5F7A1FCF6B2CCE74FF0030BF1E709
:102070002388012B25D12779284608F056F8022815
:10208000CAD9284608F047F804460028C4D080780A
:10209000FCF7ECFDA070E8B9E078211DFCF740F8F2
:1020A00000F1040B28465FFA8BFB08F03EF8284647
:1020B00008F03BF88345AFD859462846E5F774FC4D
:1020C000A0E723B9201D0AF06DFD8046D4E7013654
:1020D000F6B2D1E74FF0030BE9E74FF0FF380027E6
:1020E00007F00903092BB9F801200ED1002A0CBF13
:1020F000042103210A4B1C68002C8FD099F80B3067
:10210000CDF800800020A04788E7FB0754BFC7F345
:1021100040010221EEE74FF0000A7FE733E00020A4
:10212000E883002010B54A4204463521002312B24C
:1021300008F046FB21460248BDE81040EAF752BAD3
:10214000B9D3020073B5284C284BC4F8F83D284D8C
:102150000646E8F73DFF0022C4F8F82DB5F8501008
:102160004FF6FF73994204F2BA3336D005F15200AC
:10217000E5F7CAF8002394F8BA03019301AA0121F4
:10218000E1F7E4FD20B9019B5A7860F384025A70AC
:10219000B4F8A413174801AB0122E5F7B5F895F898
:1021A0004F3084F8B43295F86D3094F82C28003B09
:1021B00018BF012363F3000294F8403684F82C28FA
:1021C00043F0010384F8403608F060FA0A493046CB
:1021D00002B0BDE87040DEF7DDBC114605F15200EB
:1021E000E5F714F8C6E700BF48320020B1DF04006D
:1021F00034E00020F03500206923040038B5424C5B
:1022000094F88A30082B054608D8082B0CD8DFE84C
:1022100003F012181B0B1E0B0B0B2100402B10D0D0
:10222000802B1AD0202B1BD0BDE83840374840F215
:10223000132108F05FB801463548BDE83840EAF799
:10224000D1B934482946F8E701463348F5E7014655
:102250003248F2E701463248EFE701463148ECE701
:1022600094F84D30192B4AD194F87830012B08D1CD
:1022700094F88D30002262F3000384F8782084F80B
:102280008D3094F88D3094F8782094F88C106FF39A
:10229000C3030D2A84F88D304FF000032AD16FF06C
:1022A00048022846EAF71CFF1F482946EAF79AF930
:1022B00094F88D309B070FD594F88C30062B0BD1FA
:1022C00094F878101948002207F0F9FE94F88D3040
:1022D0006FF3410384F88D3094F878309BB994F80B
:1022E0008C305A1F012A01D90A2B0CD1BDE8384085
:1022F0000BF040BE5242284608F062FAD4E7BDE82F
:102300003840E5F761BA38BD34E000209E12050080
:10231000ED29040045280400B12D04009527040090
:10232000412704004D240400B9D3020025210400F4
:1023300038B50421054607F031FF00210446042288
:1023400005F02FF96FF0030323704FF0FF33637034
:10235000B423A3700123E37028460249BDE8384046
:10236000EFF714B9F928040010B50446E2F7D6FCDB
:1023700050B10A4B93F8B10308B9F0F727FB204698
:10238000BDE81040E5F720BA054B0648012283F866
:102390006F202146BDE81040EAF724B948320020FA
:1023A00034E00020D1D8020030B50D4685B0044697
:1023B00030B902460D4805B0BDE8304007F07FBE99
:1023C00001A8E5F793FECFF7D5FA014601A807F07B
:1023D00082FF02A8EAF75CFF2B1E18BF012301AAA7
:1023E00002A92046ECF79EF805B030BDA9230400F1
:1023F00007B500236846CDE90033EAF749FF0B49EA
:102400000822684605F09BF828B1002000F0010082
:1024100003B05DF804FBEBF787F90028F5D1EBF783
:102420008BF980F00100C0B2F0E700BF5E0B050041
:10243000044B83F84D00044809B1EAF7D3B807F01C
:1024400019BE00BF34E00020FD210400F0B5A64C09
:1024500094F84D30A3F1130285B005460C2A00F222
:102460003B81DFE812F00D00720072007200720012
:102470003301390139012701B900B9002C01B90034
:10248000FEF728FFFEF782FE94F87270974E7FBB2E
:1024900096F82C3803F0010384F86D30E2F724FC41
:1024A00096F8BA2384F84F004FF0FF33FF2A84F8E0
:1024B000503084F851301BD08D48029701A9ADF8F7
:1024C0000430E4F709FB96F8BA0302AA3946E1F7AB
:1024D0003DFC68B9029B874A03F1100153F8040BD5
:1024E00042F8040B8B42F9D1198811809B789370C4
:1024F00002218148F1F7FEFB94F84E30003818BFF6
:10250000012060F3410384F84E30DDF707FC94F8B6
:102510004E3096F8B123794803F0010313430CBF02
:102520001426172684F84D6007F0A4FD002314211B
:102530001A46284684F8736008F042F97048294624
:1025400005B0BDE8F040EAF74DB8142B30D0172B9A
:1025500019D16C4901A8E5F701FC0126634A92F8FC
:102560002C3843F0010382F82C3894F84D3084F86D
:10257000733002A8EAF78CFE334601AA02A9284666
:10258000EBF7D0FF12E0152B24D05E4901A8E5F748
:10259000E5FB002694F84D3084F87330CFF786F9C8
:1025A0000028E6D029461D20FFF742FF05B0F0BD08
:1025B000012601A8E5F79AFD4C4B93F8B423134488
:1025C00001A893F8B32393F8B21307F06CFE002E22
:1025D000E0D0C3E70026ECE794F87330A3F11402CF
:1025E000032A4CD8DFE802F002084351152384F88F
:1025F000743045482946A3E794F84E20920701D548
:102600001623F4E7394A92F8B123002A08BF1723AA
:1026100084F8743000230293344B93F8B163002E96
:1026200038D0FCF715FB90F89E3283BBFCF710FB0B
:10263000B0F8A662FCF70CFBB0F8A802E9F7CAFEF6
:10264000422306445E43029694F872301BB92F4829
:102650002946E9F7C7FF94F84E30029A2A4843F01A
:102660000403002184F84E30EAF7C6F89EE71F4BBA
:1026700093F8B133002B0CBF17231523C8E7244868
:1026800040F22B7107F036FEB3E71323C0E7214B6E
:102690000293D9E7B4F870000130A4F8700002A9E1
:1026A00080B2FEF7E7FC033004BF84F8706084F862
:1026B0007160C9E794F84E305B073FF577AF294664
:1026C000182005B0BDE8F040FFF7B2BE2023014658
:1026D00084F88A301920F4E700283FF467AF05B08A
:1026E000BDE8F040E5F770B834E000204832002043
:1026F00086E000208EE00020F0350020FD2104005F
:10270000B9D3020000380020192704004521040035
:102710009E12050000035700014610B9064807F055
:10272000A9BC064B93F84E2093F874006FF3820215
:1027300083F84E20FFF77CBE1927040034E0002008
:10274000124B93F84D20122A014606D01C2A09D0BC
:10275000112A17D11220FFF76BBE202283F88A209E
:102760001920F8E71B78042B03D0052B03D023B9DD
:10277000704700F00DBC00F0D9BB05484FF4BA61BA
:1027800007F0B8BD08B1E5F71FB8704734E0002086
:102790009E12050070B5284D95F84D300F2B04465C
:1027A00011D01A2B21D095F87830012B17BF202398
:1027B0000823014685F88A3011BF192085F88A3030
:1027C0002146112013E095F877305A070DD5042BD8
:1027D00004BF0B2385F88C30EAF79EFF28B9E2F797
:1027E00093FA40B9E2F786FA70B921461020BDE8A5
:1027F0007040FFF71DBE114BD3F8B83A002BF1D053
:1028000008F0E8F80028EDD095F88D301B0703D5C7
:102810000D2385F87830E8E7084DD5F8B83A23B9A4
:10282000074840F2715107F065FDD5F8B83A2046E7
:10283000BDE87040184700BF34E000204832002057
:102840009E1205000E4B93F84D20052A014606D036
:10285000092A07D00B4840F28A3107F04BBD092006
:10286000FFF7E6BD93F87820012A04D0202283F8F0
:102870008A201920F4E7022283F88A200A20EFE751
:1028800034E000209E12050038B50E4D032385F874
:1028900078300D4B93F8653FDB0604460BD5EAF71D
:1028A0003BFF40B1202385F88A3021461920BDE83E
:1028B0003840FFF7BDBD002220461146BDE8384034
:1028C00008F091B834E0002048320020084B0A227A
:1028D00083F87820074B93F8652F12F01002014619
:1028E00002D00E20FFF7A4BD114608F07CB800BF4F
:1028F00034E000204832002070B5044607F0A0FC08
:102900000646B8B9E2F714FAC0B10421204607F030
:1029100045FC31460546042204F043FEB423AB7067
:102920000A4B0B49B3F8A4332B802046BDE8704016
:10293000EEF72CBE074B092283F878202CB12146F4
:102940000E20BDE87040FFF773BD70BD4832002017
:10295000B9DF040034E000200B46024610B90D48F0
:1029600007F0ADBBDBB20C49581E4342434191F81E
:102970004E0063F30000002381F8703081F871305D
:10298000802381F84E0081F88A3013201146FFF72A
:102990004FBD00BF5929040034E0002013B50023C7
:1029A0006846CDE90033EAF773FC0F490822684610
:1029B00004F0C5FD50B1EAF7B7FE044630B1CEF7DA
:1029C000B1FF14280CD8204602B010BDCEF7AAFFE4
:1029D000142801D80024F6E7002000F00104F2E7F3
:1029E000EAF7AAFEF9E700BF5E0B050038B5434CD5
:1029F00094F84D30013B05461E2B76D8DFE803F0F6
:102A000010343A6F7575757575757C757575757556
:102A100075757575757575757516166B4C564C0014
:102A2000FFF7BCFF40B1EAF777FE28B12946042042
:102A3000BDE83840FFF7FCBC94F88B3030480122E9
:102A400062F3020384F88B30002384F8782084F842
:102A5000813084F8823084F8833084F884302946C9
:102A6000BDE83840E9F7BEBD01212846BDE8384041
:102A7000FFF79ABC94F88C30062B02BF94F88D3087
:102A800043F0020384F88D3094F88D3043F0040352
:102A900084F88D300021E8E7032384F8783094F837
:102AA0008D306FF3820384F88D30BFE7154B93F8B8
:102AB000B1334BB9FEF7C0FA30B1B4F870201AB98F
:102AC0001148FF21EAF706F8EAF74EFE0028E6D1A2
:102AD000DDF724F9E3E7052384F88C30A6E701232A
:102AE000014684F88A300520A2E7BDE8384007484F
:102AF00040F2AD2107F0FEBB38BD00BF34E000203E
:102B0000612B040048320020C9F702009E12050024
:102B100013B50023CDE90033E2F7E6F8032804D12A
:102B20000D4840F2251107F0E5FB6846EAF7B0FBD7
:102B3000FFF734FF08B107F04FFFCEF721FF012860
:102B400007D0064CD4F879301BB9CEF7FFFEC4F895
:102B5000790002B010BD00BF9E12050034E00020D5
:102B600037B5002304466846CDE90033EAF790FB09
:102B7000FFF7CEFFFFF712FFE8B1E2F7BBF8254DF4
:102B800058B125482146E9F72DFD0C2385F877300B
:102B9000062385F88C3003B030BDE2F7B5F8214646
:102BA00028B195F88D30DB0701D41C48EBE70220F3
:102BB000FFF73EFCE9E7FFF71BFC50B1154B052280
:102BC00083F88C20002CE6D021460420FFF730FC4F
:102BD000E1E713490822684604F0B1FCA0B1CEF742
:102BE000A1FE142808D821460320FFF721FC094B39
:102BF000062283F88C20CEE7CEF794FE142803D962
:102C0000EAF79AFD0028EED100221146204607F08F
:102C1000EAFEC0E734E0002099D20100D1D80200DA
:102C20005E0B050070B50821054607F0B7FA0C4E9B
:102C300004460822002104F0B4FCD6F88110204696
:102C400007F049FB96F889302371064B064893F844
:102C5000B42A83F8B12A2946BDE87040E9F7C2BC1E
:102C600034E000204832002021F8010070B5384CD3
:102C700094F88B6006F00706012E054637D1D4F88C
:102C80007930A3B3E2F736F888BB94F88B3084F838
:102C9000786060F3020384F88B30EBF71BFDB8B16A
:102CA0002C4B93F8B929012A12D1D4F8811079B9A3
:102CB00093F8B4130B4494F88B1093F8B33362F386
:102CC000020102FA03F3C4F8813084F88B101BB9B7
:102CD000D4F87930C4F881302846FFF7A3FFD4F840
:102CE00081201D48BDE870400021E5F74DB8E2F7AE
:102CF00001F838B994F88B3013F0070311D1D4F8E8
:102D00007D30C3B9032384F8783094F88B300122E6
:102D100062F3020329460E2084F88B30FFF788FB0C
:102D2000DDE7012BEED1D4F87D30002BEAD0D4F8CA
:102D30007930002BE6D194F88B30032262F3020342
:102D400084F88B30012384F87830D4F87D30C1E7E3
:102D500034E00020483200200038002010B504463E
:102D6000EAF702FD20B12046BDE81040E4F72CBD93
:102D7000EAF7D2FC28B121460B48BDE81040E9F73C
:102D800031BC0BF01DF948B9084B032283F87820B9
:102D900021460E20BDE81040FFF74ABB2046BDE8A3
:102DA0001040FFF763BF00BF3123040034E0002070
:102DB00038B5394D95F84D300A3B0446152B63D88C
:102DC000DFE803F00B2E414A5C626262626262627B
:102DD0006262626262475539473B95F877309A07DD
:102DE00014D5022B04BF0A2385F88C30E1F782FF4B
:102DF00040B995F88D301B070ED42046BDE8384009
:102E0000FFF7ACBFEAF788FC0028F2D121460E207C
:102E1000BDE83840FFF70CBB0D2385F87830F5E7A7
:102E200007F00EFA4930F7D095F87830012B02D12F
:102E300021460A20ECE70323EFE701461748BDE8E7
:102E40003840E9F7CFBB0A23014685F878301448AB
:102E5000F5E7EAF789FC28B9012385F87830DCF733
:102E60005DFFE5E72046BDE83840E4F7ADBC95F8E6
:102E70007830032BCAD10B480021E0E70423014638
:102E800085F88A300F20C3E7BDE8384006484FF484
:102E9000A96107F02FBA00BF34E0002089280400A0
:102EA000CD28040049E102009E120500F8B50F4B41
:102EB000002420220F460D2183F88A201C7083F8FD
:102EC000784083F88C1022462346054607F078FCAC
:102ED000064650B12146284607F0B9F93770294611
:102EE0000348BDE8F840E9F77DBBF8BD34E00020B9
:102EF000B9D302000B4BD3F801202AB983F878200C
:102F00001146094807F0DBB88C2A0BBF07220622BE
:102F100083F8782083F8782007BF0022032100225D
:102F20000221EEE734E00020AD2E0400002210B5AF
:102F3000084C09481146E9F7CDFD94F8440000F02B
:102F4000DBFB00232022237084F88A2084F8783069
:102F500010BD00BF34E000205D2F040010B5044612
:102F600020B9BDE81040084807F084B8FFF7DEFF3D
:102F700000230C2120461A4607F022FC2146034874
:102F8000BDE81040E9F72EBB5D2F0400B9D3020065
:102F900008B50022FE210548E9F79CFDBDE8084080
:102FA00003480022012107F08AB800BFF52E040073
:102FB000AD2E04002DE9F743DDF82C80BDF8284044
:102FC0000546894616461F46B8F1000F03D1224830
:102FD000792107F08FF9FBF73BFED0F8B430C3B18D
:102FE000FBF736FECDE900483B46D0F8B440324608
:102FF00049462846A047044629464A4630460AF034
:103000009CF914F1450F05460ED0204603B0BDE8EB
:10301000F083FBF71DFED0F8B03073B929464A465D
:1030200030460AF08AF905469DB142463146384697
:103030002B4603B0BDE8F0431847FBF709FECDF877
:103040000080D0F8B0403B46324649462846A0476B
:10305000D1E72C46D9E700BFB61205002DE9F047AD
:1030600088B00746ADF81E1007F076F80823037005
:103070000446FBF7EDFD0378DFF8B490DFF8B4A069
:1030800099F800805A1C027063700A23A3700334FD
:10309000B8F1050F38D801223AF818301146C4208B
:1030A00009F0B9FE064620B301214CF25D2009F07B
:1030B000A7FD214600B3384607F069F8C0F5CA639A
:1030C0000133D6F80610B0789DB2FBF729F803302B
:1030D000854217D33188204607F0FBFAB17800F813
:1030E000011BD6F8062009F06AFB0023044689F884
:1030F000003008F10108CBE7384607F048F8C0F186
:103100005203DEE789F8008001230022CDE9033273
:103110004CF25D21C423CDE9013100930DF11E0273
:1031200002232146384609F076FD08B0BDE8F08755
:10313000C3E00020ECF0040073B5254D0E460446B4
:1031400050B92A78002A40D1224801232B7002B0BE
:10315000BDE8704006F0B3BFFBF77AFDD0F89C30B5
:103160005BB3342120468DF8046007F017F8342251
:10317000002104F016FA3421204607F00FF86123ED
:1031800003703421204607F009F8002646603421F8
:10319000204607F003F834218660204606F0FEFF43
:1031A00001ABC3603421204606F0F8FF0661FBF74F
:1031B0004FFDD0F89C3020469847002320462B70C6
:1031C00002B0BDE87040E4F7FFBA02B070BD00BFC6
:1031D000C4E000203931040010B510B90F4B18704D
:1031E00010BD0128FCD10E4B19780129F8D10B4CE8
:1031F0002278012A09D80B4806F03CFF0A4806F05D
:1032000039FF237801332370EAE70020032220707E
:103210001A70BDE81040FFF78FBF00BFC2E000206A
:10322000C5E00020413304002D320400064A127824
:1032300003462AB1032A03D04FF6FC71FFF70EBFF5
:103240001846E4F7C1BA00BFC5E0002070B50446D7
:1032500020B9BDE87040254806F00CBF244E3378F5
:10326000002B3BD0032B39D0012208231146C42068
:1032700009F0D1FD054620B91E484FF4DE7107F074
:1032800039F8D5F8063019884FF6FF739942204671
:1032900021D1FFF7CBFF002214481146E9F71AFCB1
:1032A0003378022B21D101231A461946C42009F094
:1032B000B2FDB8B1D0F8063018880F3880B2E9F7FF
:1032C00089F80F3080B242224243BDE8704007487F
:1032D0000021E9F791BAFFF7C1FEDCE72046E4F7E9
:1032E00073FAD8E74FF49670E7E770BD4D320400EB
:1032F000C5E00020C7120500002208B50E4811469F
:10330000E9F7E8FB0D4B1B78022B13D10122114684
:10331000C42009F080FD50B1D0F806301B88064863
:1033200042225A430021BDE80840E9F765BA4FF44C
:103330009673F4E708BD00BF41330400C5E00020E8
:1033400070B5044688B028B9274808B0BDE8704079
:1033500006F090BE254B1B78002B40D0032B3ED0AF
:10336000E0F794F94FF6FF739842ADF81E0004D1D0
:103370001F484FF40F7106F0BDFF204606F0ECFE2B
:10338000002606700546FBF763FC03785A1C0270A2
:1033900008216B70AE70E81C07F09BF9092107F05B
:1033A00098F90A2107F095F901254CF25D23CDE942
:1033B0000235C4230146CDE900330DF11E02049607
:1033C0000223204609F027FC0A4840F2BC72294635
:1033D000E9F712FA08B0BDE87040FFF78DBF20464C
:1033E000E4F7F2F9F6E700BF41330400C5E000203E
:1033F000C7120500D93104002DE9F7430022FF214F
:1034000005463648E9F766FBE9F7A0FF074630B105
:10341000DFF8D48098F800300BB1032B05D1284693
:1034200003B0BDE8F043E4F7CFB94FF000092846F8
:1034300006F07BFE022814D8B9F1000FEFD0284B1C
:103440000021197098F80030012BE8D1022340F2D6
:10345000DE32244888F80030E9F7CEF9FFF74CFF58
:10346000DDE7284606F057FE04460028E4D08078C1
:10347000FBF7FCFBA07008BBE078211DFAF750FEBB
:10348000061D2846F6B206F050FE284606F04DFE10
:103490008642D1D831462846E4F786FAA278002A37
:1034A000C5D12388082B0BD101920434012200944A
:1034B0001146C42009F0E7FAB946B8E70326E4E765
:1034C000092BF1D00A2BB2D10192043401220094CD
:1034D0001146C42009F0D7FAA9E700BFD93104008A
:1034E000C2E000204D320400C5E0002038B50621BE
:1034F000044606F053FE037923B12046BDE8384068
:10350000E4F762B91821204606F048FE0546204639
:1035100006F001FE18220146284604F037F820463E
:103520000249BDE8384007F003BA00BF53E0040089
:1035300070B5102301224FF4A061054609F06BFC21
:10354000044618B90648BA2106F0D4FED4F806306D
:1035500028460122BDE870404FF4A061CEF748BE76
:10356000E112050010292DE9F7430446174640F003
:10357000978006F06DFD064620B94B484FF47871F0
:1035800006F0B8FE10230122B4F80F10207B09F0DA
:1035900042FC182180463046E4F7A6F90546182279
:1035A000002105F10D0903F0FCFFB4F801004946C4
:1035B000E3F78EFD10F11C0F19D1B4F801100DF1D5
:1035C000070301223846E3F79FFE082239464846A2
:1035D00003F0DCFF394698F80200D8F80690FAF7B5
:1035E0009FFD39460246484603F0A9FF0DE000283A
:1035F000EBD1394698F80200FAF792FD39460246B7
:10360000484603F09CFF0028E4D0207BFFF790FFA2
:10361000074600283DD1B4F80F10207B4EF201037D
:10362000012209F0F8FBD0F80630E27A1A70B4F8FB
:103630000F10207B4EF20203012209F0ECFBD0F8C0
:103640000630B4F801201A802846E9F713FE237BE0
:103650002B72E37A6B75B4F80F306B8103232B73F5
:10366000E9F7A4FE0821E882304606F097FD08221B
:103670000546394603F095FFB4F80F306B80FF2301
:103680002B700A4B6B60304603B0BDE8F043CEF7B9
:10369000AFB92EB1304603B0BDE8F043E4F794B8BB
:1036A00003B0BDE8F08300BFE1120500ED34040073
:1036B00038B5012200230321054609F0ACFBC0B157
:1036C000D0F80630ABB11C8844B1013C1C802946BF
:1036D0000848BDE838404222E9F78EB82846FAF794
:1036E00039FED0F8070020B12146BDE83840E8F7A0
:1036F00079BF38BDB136040038B50122002303215B
:10370000044609F088FB054698B100222146094885
:10371000E9F7E0F9D5F8063000251D802046FAF7D4
:1037200019FED0F8070020B12946BDE83840E8F777
:1037300059BF38BDB13604002DE9F0430C4615469B
:1037400085B0074610460AF08FFC2989206806F0EC
:10375000C0FF20602B895B0740F09280296806F04B
:10376000D7FF20602B899E0403D5698906F0B1FF3D
:1037700020602B89590406D5236895F821201A70FA
:103780002368013323602B895A0401D49B0604D596
:10379000E968206806F0BCFF20602B895E0420D514
:1037A00095F8213098071CD0C3F382038A2222FAAD
:1037B00003F3D90715D42168384606F0E8FCC0F1B8
:1037C0005200C0B20F2804D8554840F2933106F099
:1037D00091FD10222068A91803F0D8FE2368103349
:1037E00023602B895A0659D42B89DB0531D505F185
:1037F000280840460AF083FE21680646384606F04F
:10380000C6FCB6000136C0F15200F6B2C0B2864224
:1038100004D9434840F2C63106F06CFD40460AF038
:103820006EFE23681870206801302060298D4FF6E5
:10383000FF73994203D06A8D06F057FF2060A98D6F
:10384000EA8D20684FF6FF73994202D006F04DFFD3
:103850002060236895F822201A70236801332360C2
:103860002B8903F01803182B07D028460AF046FFCF
:103870002368187023680133236005B0BDE8F08326
:103880000822294603F082FE236803F10802226021
:1038900095F820201A722068013062E728460AF065
:1038A000DFFD21680646384606F071FC06EB860609
:1038B00076000136C0F15200F6B2C0B2864204D999
:1038C000174840F2A93106F015FD28460AF0C8FD58
:1038D0002368187023680133236005F1250605F17C
:1038E000270916F8018FB8F1FF0F16D0414602A83C
:1038F000E3F72CF941460DF10600E3F769F90822D8
:103900000DEB0201206803F041FE2068BDF80610AF
:103910000830206006F0DDFE2060B145E1D163E7AC
:10392000F912050007B5054B00930022044B012155
:10393000212009F0C4FB03B05DF804FB65E004003E
:10394000CD3E040007B5054B00930022044B022135
:10395000212009F0B4FB03B05DF804FB65E004002E
:10396000CD3E04002DE9F0431B21A7B0044606F02C
:1039700015FCB0F80F20212A034640F09A80827D82
:10398000C67C002A00F08180002E40F09280204604
:1039900006F0CBFB022840F08C80204606F0BBFBF3
:1039A0000588112D40F085801B21204606F0F6FB8E
:1039B0001B2201460BA803F0E9FD0AF09DFE80469C
:1039C000204606F0C9FB9DF84030012B0CBF1023A8
:1039D000182303709DF841304370012383702946FA
:1039E000033006F076FE089001460546204606F0B4
:1039F000CEFB0FFA88F3C0F15207FFB2C3EBC3034B
:103A00009F4240D2892305F8013B08950023049387
:103A1000BDF83B300393BDF83D3002939DF838303C
:103A2000019308999DF8373000930DF12D02022380
:103A3000204609F0F0F8A3E012A901F03BFF28B1FD
:103A400012A80AF03AFB48441FFA80F90136F0B296
:103A50004045F1D3B945D5D8432300262E706B706D
:103A60004946A81C06F035FE0890B045CED912A9EB
:103A7000F0B201F01FFF20B112AA08A92046FFF7FB
:103A80005BFE0136F1E7B146E1E7027D012A40F035
:103A9000A381013E0A2E0CD8DFE816F00F00870044
:103AA0000B000B000B00A4000B000B000B00070128
:103AB000F300002027B0BDE8F083204606F02BFB82
:103AC0000322014606460BA803F060FD00230322F3
:103AD0000BA912A8129303F059FD129B5B0706F184
:103AE00003054FD12946042213A803F04FFDF51D0D
:103AF000129BDF0640D4C3F34113092222FA03F3D9
:103B0000DE074AD5082229460DF1550003F03EFD97
:103B1000022205F108010DF15D0003F037FD05F10A
:103B20000A06129B1D0727D53546580415F8012BA8
:103B30008DF8612006D5294604220DF1620003F0BC
:103B400025FD751D129B190406D5294610220DF17D
:103B5000660003F01BFD1035129BDA0306D52946DB
:103B600002220DF1760003F011FD0235129B9B033A
:103B700044BF2B788DF8783012A9204600F05EFF04
:103B8000012097E72946082213A803F0FFFCF37AE7
:103B90008DF8543006F10C05AAE7022229460DF1F2
:103BA0005F0003F0F3FCAE1CBBE7204606F0B3FA5F
:103BB00000230146ADF8483011F8016BB707054600
:103BC00004D5022212A803F0E1FCE91CF50648BF67
:103BD0000B78BDF8482058BFFF233146204600F03F
:103BE000B7FDCDE7204606F096FA0146054611F8E6
:103BF000013B8DF8483002220DF1490003F0C6FC6C
:103C0000EB788DF84B309DF84830580705F10401EA
:103C10002DD1042213A803F0B9FC05F1080633786E
:103C20008DF8553073788DF856305A1ED2B2FD2A71
:103C30000DD8412B04D9734840F2956106F05AFB28
:103C40009DF85620B11C0DF1570003F09FFC204653
:103C500006F082FA5021204606F0A0FA12A950225E
:103C600003F094FC21466848E8F7BCFC88E708228A
:103C700013A803F08BFC2B7B8DF8543005F10D0657
:103C8000CDE71B21204606F089FA0746204606F0BC
:103C900042FA057880460AF028FD0646B0B1B7F82A
:103CA00009204FF6F7739A4203D92046E3F78CFDBB
:103CB00066E7C5F3C105012D4FF0000208BF98F873
:103CC0000130009218BFFF238B217EE015F0180F02
:103CD000C5F3C10307D0012B69D0852239462046A0
:103CE00009F0D4FB4CE7204606F015FA1B210646E6
:103CF000204606F053FA05F007050746711C8DF8BB
:103D00002050002D3DD104220DF1220003F03EFC95
:103D100012A908A801F04CFD054600283AD10AF086
:103D2000EBFC1B210646204606F038FA1B22014612
:103D30000BA803F02BFC204606F00EFA11220270AD
:103D40009DF8412042700B228270FF22427103468F
:103D5000012282710733C570067112AA07A9204695
:103D60000793FFF7E9FC4AF2E0132122CDE9023282
:103D7000F223CDE900330799049502230DF12D02BA
:103D800056E608220DF1220003F000FC737A8DF84C
:103D90002130BDE7B7F809204FF6F7739A4284D86F
:103DA0000AF0AAFC002300930246FF238CE720467A
:103DB00006F0B1F945780AF09FFC8542024608D228
:103DC000431BDBB2009331462B4620460AF0BBF979
:103DD000D6E600962B4677E70A2E7FF46AAE12AA43
:103DE00000F11807164618685968154603C50833C8
:103DF000BB422A46F7D119889B78AB702980812273
:103E000031466CE7F912050091480400054A92F822
:103E10004E3499075CBF43F0040382F84E344FF0F0
:103E2000FF3070471C84002038B5134C94F84E3492
:103E300013F006031ED1114D11482B716122EA7057
:103E4000FAF74AF92846CDF79BFAF220FAF782FAF8
:103E50000C4BC0F80330FFF765FDFFF773FD94F8D6
:103E60004E34094843F0020384F84E34BDE838402C
:103E700006F000B938BD00BF1C840020BB01002043
:103E800093010020653904000D4F040010B50D4C5E
:103E90000128207002D003280CD010BD0A4B93F8E3
:103EA0005003EFF74FFD10220146601CBDE81040A3
:103EB00003F06CBB0022631C1146BDE8104001F00A
:103EC00059BF00BF1C84002048320020202908B5BB
:103ED00003D02139012903D908BD1078FFF7D6FF97
:103EE000BDE8084001481221E8F77CBBB1E40400BA
:103EF000024B184214BF0120002070472FAC09006C
:103F00002DE9F04FB1B0CDE9091204460B93BDF88D
:103F1000F05006F000F9724B07462046B3F8A4B300
:103F200006F003F910F0FF0806460CD0B8F1410F77
:103F300004D96C4840F2D26106F0DCF942463946B9
:103F40001FA803F023FB3E21204606F027F93E225E
:103F500001460FA803F01AFB9DF860109DF961005F
:103F60000AF08BFA00220423009211218246204697
:103F7000FAF750FE5C490A7DD70748BF497D5A4F82
:103F800046BF25F007031943294612F0020F1EBF52
:103F90007B7D25F0070243EA0209BA7D08BFA946E6
:103FA000D30705D57A8B398B114025EA02021143DC
:103FB00006F08FFB19F0070F4B4B074675D11A7FA0
:103FC000DDF85210D00748BF196A384606F0A0FB4A
:103FD000DDF85A1006F09CFB9DF85E30037080F807
:103FE000018000F10209C5F3C027B8F1000F20D00D
:103FF0004946204606F0CBF8002FC0F152014FEAA7
:10400000D5120CBF002003205FFA86F802F00402EC
:1040100050FA86F6C9B23244914204DA314840F28D
:104020002C7106F067F9484642461FA903F0AEFA24
:10403000C14437B14846594606F04BFB814609F862
:1040400001ABA8050BD500220D921DA904220DA8D5
:1040500003F09CFA48460D9906F05AFB8146494602
:10406000204606F094F801462046E3F741FDBDF8EE
:10407000E830ADF834300B9B07930A9B0693099BFD
:1040800005933D9B049300222123CDE902324AF29D
:10409000E011F223CDE900319DF8EC200DA9204676
:1040A000FAF730FC31B0BDE8F08F1A7F12F0010F43
:1040B00018BF03F124014FF0080208BF0DF15201AF
:1040C00003F064FA084B1A7FD20705D593F82C3019
:1040D0003B7207F109007BE79DF85130F8E700BF1C
:1040E00048320020F9120500EC8300202DE9F04F42
:1040F000AFB0CDE9081204469946BDF8E86006F075
:104100000AF8594B82462046B3F8A4B306F00DF8DE
:1041100010F0FF0705460BD0412F04D9534840F259
:104120006E7106F0E7F83A4651461DA803F02EFAE4
:104130003E21204606F032F83E2201460DA803F04B
:1041400025FA9DF858109DF959000AF096F90023B8
:1041500011211A46009382462046FAF75BFD444B34
:104160001A78910742BF5A7826F0C00141EA8211BD
:104170009A7858BF3146D20742BFDB7821F4E0611C
:1041800041EA032106F0A5FA730780465FD1DDF806
:104190004A1006F0BDFA364B1A79D1074CBF996820
:1041A000DDF8521006F0B4FA9DF8563003704770EF
:1041B00000F10208C6F38036D7B14146204605F02B
:1041C000E6FF002E0CBF00220322C0F15200C0B255
:1041D000EFB252FA85F5A84204DA244840F2997108
:1041E00006F088F840463A461DA903F0CFF9B844D6
:1041F00036B14046594606F06CFA804608F801ABE5
:104200004146204605F0C3FF01462046E3F770FC17
:10421000BDF8E030ADF82C30099B0693089B059360
:104220003C9B04939DF8EC30039321224AF2E01367
:10423000CDE90132F2239DF8E420CDF81C900093E3
:104240000BA92046FAF75EFB2FB0BDE8F08F0822DD
:104250000DF14A0103F09AF99DF8492088F80820E9
:1042600008F1090097E700BF48320020F912050065
:10427000EC83002038B53E21054605F08FFF164B34
:104280001B6904460BB128469847144A92F8283017
:10429000042B1CD0A37C03F00303012B07D194F85B
:1042A0002230E32B02BFE37C43F04003E374E37C62
:1042B00092F841200A48C3F38013002B294608BF17
:1042C0000122BDE8384018BF0322E8F795BA284616
:1042D000BDE83840E3F778BAEC8300201C84002066
:1042E000214504002DE9F0413E218EB0054605F040
:1042F00055FF837CC77C344E03F00303012B044637
:1043000008D196F84E30012B38D0002D4FD10EB089
:10431000BDE8F08100F114086946404601F048FA12
:104320000028EED194F82630012B06D8A37C9807FC
:1043300003D1BDF80830590517D596F84E30012B3A
:104340001CD0002DE3D094F82230E02B33D1E37C55
:1043500023F04003E37417F0400F0CBF0122032247
:1043600029461A48E8F748FAD1E743F480636946DA
:104370004046ADF8083001F097F9DEE794F82630B2
:10438000DA1E012A03D82846FFF774FFBFE7012B86
:1043900094F8222004D102F15003DBB20F2BF2D9A2
:1043A000DF2AF0D8A37C5A0601D59B07EBD028461C
:1043B000E3F70AFAABE794F82620012AF7D8E12BB5
:1043C000C9D0DF2BC7D9F2E71C840020294704009D
:1043D0002DE9F041402196B0054605F0DFFE3E2173
:1043E0000446284605F0DAFE00F11407064608A93F
:1043F000384601F0DDF9002840F08A80ADF81E0053
:104400006378022B1CD0032B5CD0012B7AD123784C
:10441000012B04D9414840F2597105F06BFF237814
:1044200058336B4413F8121CFF2903D00DF11E0002
:10443000E2F7CEFB00264FF00208374634460DE087
:1044400038460AF037F8BDF82830ADF81E009A0457
:1044500033D5BDF82A40777C0126B04655B33E21BE
:10446000284605F09BFE0022C37CBDF8281004926C
:104470009DF842200392C9085A0102F4006201F03B
:104480003801114303F003020A4390F83710DB00B0
:1044900042EA012203F0C0031A4342F4A042BDF8ED
:1044A0001E300093CDE901823B4622463146284624
:1044B000FFF71CFE16B0BDE8F081384609F0FAFFA0
:1044C0000446C8E7237816AA02EB830333F8103CAE
:1044D000ADF81E30237802EB830333F80E4C4FF611
:1044E000FF739C4205D1BDF828309B0405D5BDF86B
:1044F0002A40777C093FFFB2AEE7384609F0DAFF81
:104500000446F6E705484FF4F56105F0F3FE91E740
:10451000002DCFD02846E3F757F9CBE70713050066
:104520002DE9FF413E21054605F038FE90F8374061
:104530003049DFF8C48091F84130064690F82600F3
:10454000032802BFF47CC4F34014A400A40113F0B8
:10455000100F04F4E07424D0F27CCDF80C80337D8D
:10456000C71E03F0070378427841234343EA402300
:10457000D00800F00800520002F030020343134359
:1045800043F40063029302230193B1F84230009395
:1045900000231A4619462846FFF7B2FC04B0BDE8CE
:1045A000F08106F1140009F085FFF77C737CCDF8EB
:1045B0000C80317D024696F8260001F00701214368
:1045C000C41E6042604141EA4021F80800F0080042
:1045D0007F00014307F03007394341F400610C3B91
:1045E000029102264FF6FD71CDE90016DBB20121E2
:1045F000D1E700BF1C84002065E20400064B93F85D
:104600004E20012A06D10022044883F84E2011468C
:10461000E8F760BA704700BF1C84002041E4040042
:10462000F0B53E218FB0054605F0B8FD40210646A5
:10463000284605F0B3FD6946044606F1140001F072
:10464000B7F860B9627892B90123637000234FF024
:10465000FF0C22706278032A0DD9042A50D1FF235F
:10466000237028460FB0BDE8F040E3F7ADB82278DC
:104670000132D2B2EAE7022A1CD0032A24D0012A4E
:1046800004D12178FF20012907D920702178FF2942
:104690003AD1013262700022DBE70DEB010696F899
:1046A0002660FF2E04D0FF2816BF0133C8B2DBB24C
:1046B0000131E8E7BDF8081008061ED52178E1B9F8
:1046C000012323700B46E1E7BDF80810C90514D596
:1046D000217891B9BDF82870BDF82C604FF6FF70B5
:1046E000874205D1BE420CBFFF2101212170CDE7D9
:1046F00086421CBF0133DBB2F8E784F800C0C5E78F
:104700002278FF2AADD03BB10648002229460FB0DF
:10471000BDE8F04005F0D3BC28460FB0BDE8F0403E
:10472000FFF756BE45E4040038B54021044605F0C5
:1047300035FD064BDB6805460BB120469847002344
:104740006B702046BDE83840FFF76ABFEC8300205D
:104750002DE9F0410C461B210746154605F01EFDCC
:10476000804677B3184E96F84E30012B0AD1B6F832
:104770004220B0F801309A4204D03846BDE8F041FA
:10478000E3F722B8E30719D5242200210F4802F0ED
:1047900008FF0123DC4014F0010F86F84E3086F844
:1047A000414008BFB4254222B8F801300848A6F8B5
:1047B00042306A430021E8F71FF8DEE7FFF71EFFEB
:1047C000DBE7BDE8F08100BF1C84002044840020AA
:1047D00041E4040038B5044605F09DFC43780546E5
:1047E00023B10E4840F2A32105F084FD2A780C4B3A
:1047F00052B993F82820032A06D193F836102046A0
:10480000BDE8384000F06EBC002283F8282024B1B7
:104810002046BDE83840E2F7D7BF38BD0713050092
:104820001C84002038B5044605F075FC4378054625
:1048300023B1154840F2CE2105F05CFD2978134BD9
:10484000C1B993F82820022A17D193F8330093F8BE
:104850003420904207D0032283F828202046BDE868
:10486000384000F075BC93F836102046BDE838405B
:1048700000F038BC002283F8282024B12046BDE88F
:104880003840E2F7A1BF38BD071305001C840020A3
:1048900070B5502198B0054605F080FC624BB0F829
:1048A0000120B3F8A4339A4240F0A080437BF32B5D
:1048B0004FF0500128462AD15C4C05F06FFC94F86B
:1048C00028300646EBB9037803F0070384F8293053
:1048D000037B84F82A30011D082204F12B0002F02A
:1048E00055FEF3780B3384F83430F37B84F836309C
:1048F0002846022384F8283018B0BDE8704000F044
:1049000071BC284618B0BDE87040E2F75DBF05F005
:1049100045FC5022014604A802F038FE9DF81E1006
:1049200028461B31E2F7E0FF9DF81D30F02B14BF45
:104930000023032303700123437083709DF81D300F
:1049400043759DF81E308375402B044604D93848C2
:1049500040F2333105F0CEFC9DF81E200DF11F0111
:1049600004F11B0002F012FE9DF8103013F0070353
:1049700010D1059BBBB19DF8103003F00703E37025
:104980009DF81C202271F3B1082205A9601D02F0D8
:10499000FDFD1BE0022B06D12649082205A802F0E6
:1049A000CEFD0028E7D1214B93F82920D2B9D3F8C6
:1049B0002B30BBB9E37023714FF0FF336371A371E8
:1049C000E371237202E0059BC4F805304A220023FC
:1049D000E275012222766376A376284600F076FB04
:1049E00018B070BD14490A22E01CD0E7037803F028
:1049F00007038DF80430037B8DF805304368CDF84C
:104A000006308368CDF80A3004A901A800F0D0FE72
:104A100018B9012104A800F01DFE002201A92846B2
:104A200000F03CFBDCE700BF483200201C84002083
:104A3000071305005E0B0500458400202DE9F043B7
:104A40000D4693B01B21074605F0A8FB2B681A07FB
:104A50000646C3F3C00803F00704C3F3001940F18E
:104A6000A380BD4AC3F34113D35C13F00B0F00F0D6
:104A70009F8109F041FEB94BD3F89430984208D396
:104A8000B6F809204FF6F7739A4200F2E3808924C2
:104A9000C5E1002C00F0DA80022C00F0E480B9F1CE
:104AA000000F40F0D7802B68C3F34122012A00F0A9
:104AB00002812A7B03F007038DF804306B68CDF880
:104AC000063004A9AB688DF8052001A82C1DCDF88F
:104AD0000A3000F06DFE002800F019813822002114
:104AE00004A802F05EFD4FF6FF73ADF836304FF0CC
:104AF000FF33CDE90E332B68DA08C3F3411E02F011
:104B0000200203F00700BEF1030F99B242EA00024F
:104B100040F0EF8042F040020020090113F4803C95
:104B200001F4006105D00EF1FF3EDEF1000C4CEB0C
:104B30000E0C41EA4C3113F4C06C18BF4FF0010C5D
:104B400041EA8C310843024342F01802ADF81820C4
:104B500068686168C3F344228DF8312004AA03C257
:104B6000C3F3412C03F00703022BD5F81A2008BF2A
:104B70002B7B079208BF8DF83030BCF1000F05D0B9
:104B8000102205F11E0108A802F000FD294604A824
:104B900009F06AFB10F11B0F044640F0BD8004A928
:104BA00001A800F081FD6FE15CB96A68002A51D06C
:104BB000B9F1000F64D1C3F34123012B7BD04B46E5
:104BC00009E0022C4FD0B9F1000F59D1C3F34123B2
:104BD000012B70D023462A7B8DF804306B68CDF80A
:104BE000063004A9AB688DF8052001A8CDF80A307D
:104BF00000F0DEFD0446002840F091802B68DFF8CD
:104C00005C81C3F34113012B00F0C180022B00F043
:104C10001681024601460DF10303B5F81500E2F7CF
:104C20002BFA002800F08B8098F84E30012B05D12C
:104C30004A4B93F84130990700F15B81B6F809209F
:104C40004FF6F7739A4205D80124E8E06B68002B11
:104C50007FF425AF002F00F0EF80384613B0BDE899
:104C6000F043E2F7B1BD3E490822281D02F067FC7F
:104C70000028EFD0B9F1000F18D0B8F1000FE9D13A
:104C80002B6803F007038DF810302B7B8DF8113063
:104C90006B68CDF8123004A8AB68CDF8163000F080
:104CA000E1FB2E4B58B993F84E30ABE02B68C3F3C1
:104CB0004122012A15D1294B93F84E3070E093F828
:104CC0004E30012B05D1254B93F841309B0700F165
:104CD0001381B6F809204FF6F7739A42BAD88B249D
:104CE0009DE02A7B03F00703B8F1000F7FF4E4AEE8
:104CF00072E7BEF1010F02D142F080020CE7AEF183
:104D00000208D8F1000040EB0800000205E7294640
:104D100004A809F0A9FA0446002C3FF440AF14F1AE
:104D2000170FC8D014F1160FC0F2B680013400F08E
:104D3000D4800C4840F2336105F0DCFAB9E09DF80C
:104D400003309DF836209A420FD09DF837209A42C2
:104D50000AD098F84E30B4E7181305001C840020E0
:104D60005E0B050007130500012000F148030DEB61
:104D70000300FF2300F8123C04A809F071FB50BBAC
:104D8000BDF8183023F04003ADF8183023E001A837
:104D900009F090FBB5F81730834212D098F84E30E6
:104DA000012B05D1574B93F841309B0700F1A780A9
:104DB000B6F809204FF6F7739A423FF64BAF8524B9
:104DC0002DE0BDF818301D06E8D523F40253ADF8E8
:104DD0001830ADF81A40BDF81820D30943EA9213F1
:104DE00043EA1223DC073FF5DAAE4FF48070FFF799
:104DF0007FF8002845D044484FF4B06105F07AFAB6
:104E000098F84E30012B6CD0B6F809204FF6F773A6
:104E10009A423FF61FAFF47D002C7FF41BAF1B229C
:104E2000314604A802F0B2FB384605F095F9224657
:104E300004A9384608F02AFB13B0BDE8F083B5F8A2
:104E400017304FF6FF72934283D0BDF83810BDF88B
:104E50003C20994211D14FF0FF3391420E9302D181
:104E60004FF0FF330F930EA809F049FB0028B2D191
:104E7000BDF8183023F4807386E793427FF469AF5E
:104E8000EEE701A800F0EEFA10F1170F04463FF428
:104E900012AF10F1160F0EDA14F1410F194B0FD0AB
:104EA000FFF647AF14F11C0F3FF409AF1B347FF43A
:104EB00040AF144BF7E6601C0FD0002CF9D038E758
:104EC00093F84E20012A7FF4DBAD93F841309B0725
:104ED0007FF5D6ADFFF792FBD2E50A4B93F84E3043
:104EE000A4E6084B93F841309A078DD5FFF786FB6F
:104EF0008AE7FFF783FBA1E6FFF780FBE9E6FFF710
:104F00007DFB55E71C8400200713050037B5114BC6
:104F100093F84E340C21C3F3000305468DF8073097
:104F2000E2F7E2FC8A2301220370FF230446827029
:104F300043700DF107010B3002F028FB0023E370F2
:104F400023716371A37129460348E7F74BFB03B054
:104F500030BD00BF1C840020AD38020010B586B003
:104F600000230446ADF8061002220DF106010DF1F2
:104F70000D008DF80C3002F009FB08224FF0FF31D4
:104F80000DF10F0002F00DFB064B93F8F6380122ED
:104F900003F0400303A920468DF81730E8F7B6FC6C
:104FA00006B010BD4832002038B5044605F0B3F80D
:104FB0004378054623B1114840F2122105F09AF9D1
:104FC0002A783AB90E4B93F82810032908BF01221A
:104FD00083F835208CB10A4B93F84E20012A04D176
:104FE0002046BDE83840FFF7F5BB002283F82820B3
:104FF0002046BDE83840E2F7E7BB38BD1C1305008A
:105000001C84002038B5044605F085F84378054631
:1050100023B10F4840F2772105F06CF92B781BB9CA
:105020000C4B2A7983F833208CB10A4B93F84E202D
:10503000012A04D12046BDE83840FFF7F3BB002227
:1050400083F828202046BDE83840E2F7BDBB38BDD4
:105050001C1305001C84002010B50A4C4FF48A6212
:105060000021204602F09DFA0749102204F11100A8
:1050700002F08CFA0020FEF709FFBDE8104000F0B6
:10508000DBB900BF1C840020210805000146102266
:10509000014802F07BBA00BF2D84002070B50D4698
:1050A0001B2116460446E2F71FFC00230670294622
:1050B00043700A22033002F069FA21460248BDE833
:1050C0007040E7F78FBA00BFA960040010B504462E
:1050D00005F021F821460248BDE81040E7F782BA02
:1050E000A960040070B50D461C210646E2F7FCFBE2
:1050F0001C220446002102F054FA04232370E576B2
:105100000123114D6370F322A3706275A37595F8A6
:10511000293093B9D5F82B307BB90923A3704A22E3
:105120000023E27501226376A37622763046FFF7EC
:10513000CDFF042385F8283070BD04490A22E01C05
:1051400002F024FAEBE700BF1C8400204584002015
:1051500037B5174B93F8335093F8342095420446F3
:1051600018D0A9B993F8353023B112484FF4137110
:1051700005F0C0F8104B114A01921149012200922A
:1051800091F8B41300222046DFF796FC03B030BD3F
:105190003333F0E704F0E0FF204604F0BCFF0023C7
:1051A00003704370204603B0BDE83040FFF7FCBEFB
:1051B0001C8400201C13050050840020A94F04000B
:1051C0004832002010B5044620B9054840F26A2153
:1051D00005F090F820460121BDE81040FFF7B8BF68
:1051E0001C13050010B5044604F0B6FF064B074932
:1051F000022283F828202046054B91F8B413BDE81D
:1052000010400022DFF78CBC1C84002048320020B4
:10521000055004002DE9F041344992B004460822BB
:10522000033002F08CF950B109F066FA4FF0000833
:1052300006464FF6FF775FFA88F0864202D812B032
:10524000BDE8F08104A900F035FB10B908F10108B0
:10525000F1E7BDF818309A0405D5BDF81A10B4F876
:10526000012091421DD013F4807503F0800221D1FA
:10527000002AEBD003F007038DF804309DF830309E
:105280008DF8053004AB03CBCDF8060001A8CDF8AE
:105290000A1009F00FF9B4F80130834201D0002D53
:1052A000D4D0B4F801101248002212B0BDE8F04189
:1052B00004F005BFBDF83810B94209D0BDF83A0076
:1052C000B4F80110884203D1002AEAD00125D1E7C1
:1052D000BDF83C10B94205D0BDF83E00B4F801104D
:1052E0008842F1D0002AB1D00025C3E7560B050053
:1052F0005D4F040038B503890A7803F00703934231
:1053000004460D4601D0002038BD73B1022BFAD1FE
:1053100001460822A81C02F012F980B96B7894F8B3
:105320002000834213D10120EEE70068D1F802305B
:105330009842F8D0431C14BF00200120E4E707493D
:105340000822204602F0FBF80028E7D0DBE7013B0B
:10535000DBB2FD2BE7D8FF28EDE700BF560B0500B9
:1053600010B5094B0022D3F8941010468A4203F17D
:10537000100300D110BDD3F89440002C18BF0130A9
:10538000C0B20132F2E700BF1C84002038B50E49DC
:10539000054609F034F90446A0B928460B4D0A49E0
:1053A00009F02DF9D5F88C3005EB031308222146BE
:1053B00005F15000C3F8A44002F0F3F84FF0FF33BA
:1053C000C5F88C30204638BD6C8400201C84002039
:1053D000F8B5164D0022D5F8946014460F27B44254
:1053E00009D12AB1042212480021E7F705FA012267
:1053F000104B1A70F8BDE1080E3105EB810104F085
:10540000070C086D4FEA8C0C20FA0CF313F00F0315
:105410000AD0013B07FA0CF2DBB220EA020003FAE1
:105420000CF31843086501220134D8E71C840020DE
:10543000D1530400C6E00020084B0948382205215A
:10544000C3E92421102283F898204FF0FF32C3F8DB
:105450008C2000210422E7F7CFB900BF1C84002074
:10546000D153040038B50378022B04460FD143789A
:10547000013BDBB2FD2B0AD900252046FFF786FF52
:1054800018B14DB96FF01B0038BD0125F5E7204676
:10549000FFF77CFF0028F5D1034B044893F89810E0
:1054A000E7F7A0F80020EFE71C840020B1E4040037
:1054B00008B5074909F0A3F838B9064BD3F88C2092
:1054C00003EB0213D3F8A00008BD4FF0FF30FBE759
:1054D0006C8400201C84002008B50D4909F08FF869
:1054E00090B90C4BD3F88C20D10803EB810102F06A
:1054F0000700D1F888108000C140090704D003EBF1
:105500000213D3F8A00008BD4FF0FF30FBE700BF47
:105510006C8400201C84002008B5094909F06FF84C
:1055200050B9084AD2F88C3002EB0313D3F89C1020
:10553000C3F8A010D16508BD6FF01B00FBE700BFEA
:105540006C8400201C84002038B50D46144909F0F5
:1055500056F8044608BB134BD3F88C20DD6503EBEB
:105560000211D1F8A000C1E9270502F00700D20816
:105570000E3203EB820380001A6D0F21814022EA74
:1055800001020A431A65084B1B7823B90748042215
:105590002146E7F731F9204638BD6FF01B04FAE7E2
:1055A0006C8400201C840020C6E00020D15304003D
:1055B0001FB5028902F007028DF804200246034657
:1055C0000C4603CA93F82030CDF80600CDF80A1037
:1055D00001A80A498DF8053009F011F858B9084BAF
:1055E000D3F88C2003EB021393F8BA00204100F0AB
:1055F000010004B010BD0020FBE700BF6C84002058
:105600001C8400201FB5028902F007028DF80420D7
:10561000024603460C4603CA93F82030CDF8060034
:10562000CDF80A1001A809498DF8053008F0E7FF08
:1056300050B9074BD3F88C200B3203EB0213012235
:10564000997AA2401143997204B010BD6C84002075
:105650001C8400201FB5028902F007028DF8042087
:10566000024603460C4603CA93F82030CDF80600E4
:10567000CDF80A1001A80A498DF8053008F0BFFFDF
:1056800058B9084BD3F88C200B3203EB02130122DC
:10569000997AA24021EA0201997204B010BD00BFBC
:1056A0006C8400201C8400202DE9F843DFF8F8808A
:1056B000DFF8F890002504460F4681F8235046464F
:1056C000D6F894309D4221D33649204608F097FF02
:1056D00048BB3D460FCD334C0FC40FCD0FC40FCD8B
:1056E0000FC495E80300D6F88C3084E8030006EB7D
:1056F00003134FF0FF32C3F8A42096F8980008F087
:10570000D7FE384608F0CBFF002020E0D8F8A430C0
:10571000013304D140F23D21484604F0EBFD013550
:1057200008F11008CCE7204610F8023B002B14BF0C
:105730000821042108F051FFD6F89430B0FBF3F2B1
:1057400002FB1300002293420AD16FF04000BDE833
:10575000F88301300132B0FBF3F103FB1100F2E7F3
:1057600000F1050C06EB0C1CDCF854100029F0D1FC
:105770009342EAD906EB0013FA68C3F8A020C6F8F2
:105780008C003D460FCD074C0FC40FCD0FC40FCD7D
:105790000FC495E803004FF0FF3384E80300CCF812
:1057A0005430AAE76C8400201C84002029130500D3
:1057B000F8B50F460E4908F022FF064630B1002327
:1057C00087F823306FF01B063046F8BD084D0FCD2B
:1057D0003C460FC40FCD0FC40FCD0FC495E8030096
:1057E00084E8030087F82360384608F058FFEBE7A9
:1057F0006C8400202DE9F041224ED6F88C3098427E
:105800008EB00746884621D006EB0013D3F8A410CB
:10581000002931D0B6F8903096F899006A46C5F75D
:1058200057FC48BB6C460FCC06F150050FC50FCC9A
:105830000FC50FCC0FC594E80300C6F88C7006EBBB
:10584000071785E80300D7F8A030F3650E4D0FCD9C
:1058500044460FC40FCD0FC40FCD0FC495E803000D
:1058600084E803000024404688F8234008F017FF2E
:1058700020460EB0BDE8F081002388F823306FF099
:105880001B00F6E71C8400206C84002008B5074943
:1058900008F0B5FE38B9064BD3F88C2003EB0213A1
:1058A00093F8AB0008BDFF20FCE700BF6C8400202C
:1058B0001C8400202DE9F0410025DFF83C800646DD
:1058C0000F462C46D8F89430E8B2834202D8002024
:1058D000BDE8F08108EB0013D3F8A4301BB1B4424B
:1058E00003D00134E4B20135ECE73946FFF782FF1B
:1058F0000028F6D10120EBE71C84002008B5FFF753
:105900002FFD034BD3F8903013FB00F080B208BD9D
:105910001C84002070B50B4DD5F8946085F8990073
:105920000024521AE3B29E4200D870BD053305EB45
:1059300003130134586D411E03319CBF8018586514
:10594000F0E700BF1C8400202DE9F047354C1646D7
:10595000D4F894208EB0120107460D4604F19C0045
:10596000002101F01EFE4FF000083822002104F152
:1059700050004FF00F0901F014FED4F89030B6FB40
:10598000F3F646454BD0B4F890306A46294638467F
:10599000C5F79EFB8246002841D1BDF8083013F0C0
:1059A000070F14BF08210421684608F016FED4F83A
:1059B0009420B0FBF2F303FB12035046591D04EB95
:1059C000011C8242DCF854C026D0BCF1000F1CD16F
:1059D00004EB011104EB03124D650399C2F8A0100A
:1059E000DA080E3204EB820203F00703116D84F82B
:1059F00099709B0009FA03F321EA0301D4F890306F
:105A000011651D4408F10108BBE701330130B3FB08
:105A1000F2F102FB1133D1E7BCF1000FD8D00EB088
:105A2000BDE8F0871C8400202DE9F04F2C4EDFF8F4
:105A3000BCB04FF000098FB0824688464C463746CE
:105A4000D7F89430994500D22CB1204687F899A018
:105A50000FB0BDE8F08FD6F8A430013326D1D7F8C7
:105A60008C30994522D11F491F48082201F067FD5B
:105A7000E0B11D4D0FCD6C460FC40FCD0FC40FCD3F
:105A80000FC495E8030084E80300D6F8A030039320
:105A90004146B7F890306A465046E4F7EBFBC6F84B
:105AA000A480D7F890300446984414E0D6F8A43087
:105AB0008BB1013304D14FF43671584604F01AFC0F
:105AC000B7F89030D6F8A41097F899006A46C5F751
:105AD000FFFA0028D9D009F101091036B0E700BF5C
:105AE0001C8400205E0B05006C8400202913050037
:105AF000282A08B513460AD1074AC5F7E9FA48B17A
:105B000040F24451BDE80840044804F0F3BB40F2C1
:105B10004951F7E708BD00BF1C8400202913050088
:105B2000014A2823E4F7A6BB1C8400202DE9F04F8E
:105B3000C57C8DB0EB080646104617468A4605938D
:105B400004F0E9FAC5F3C1058146384696F823B05A
:105B500004F0EBFA002D70D096F8233007AAC41A8F
:105B60003946304608F033FE8046F07CD6F81E20D9
:105B7000C04308AB06F11401C0F3C01008F0F6FDF5
:105B8000032DE4B22E4D2ED195F8B433079A2B4451
:105B900064B293F8A13A4FFA88F8CDE9014309EBD2
:105BA0000B03009308A943465046DFF7FFFF04218B
:105BB00081463846E1F71EFF384604F0ACFA96F805
:105BC0002330C61895F8B4332B4493F8A10A04F097
:105BD000A2FA221D00EB0801304601F0D7FC48462E
:105BE0000DB0BDE8F08F95F8B433079A2B444444C8
:105BF00093F8A13A029364B20023CDE9003308A9D7
:105C000023465046DFF7D2FF059B13F0020F0CBF6F
:105C10004FF002084FF00408414681463846E1F74C
:105C2000E9FE95F8B433EE18074696F8A10A04F099
:105C300072FA424601193846CFE7A946CFE700BFBE
:105C4000483200202DE9F0473E218AB0064604F094
:105C5000A5FAC37C044613F0100F30460CBF4FF07A
:105C600002084FF00408C3F3C10904F05EFA94F887
:105C70002330C01AA0EB0800C5B247B2304604F08A
:105C80004AFA0590B9F1000F04D1384840F23711B3
:105C900004F030FB05AA3146204608F098FD4FFA83
:105CA00080FAE07CD4F81E20C04306AB04F1140156
:105CB000C0F3C01008F05AFD002F50DBB9F1030FFC
:105CC000059F04F127000AEB05091BD10435009557
:105CD000324606A9534604F093F84246054607EBC0
:105CE000090104F1380001F051FC3DB9304604F0DF
:105CF00012FA10F80A3084F82230002528460AB03B
:105D0000BDE8F087DFF868A09AF8B43353443A4608
:105D100093F8A13A02930023CDE9003306A94B463C
:105D2000DFF744FF05460028E8D14F444246394694
:105D300004F1380001F02AFC9AF8B4339A449AF836
:105D4000A10A04F0E8F9424600EB0901384601F0E7
:105D5000F6FB38B941463046E1F708FECDE76FF073
:105D60000505CBE74FF0FF35C8E700BF3B13050043
:105D700048320020F0B51C462E4B064687B093F8FB
:105D800050030D461746EDF7DDFD072E50D8DFE82E
:105D900006F0040C0F12044F4F1F10223946204604
:105DA00001F0F4FB002007B0F0BD10220146F6E739
:105DB00021491022F3E7214B1A889B78ADF808207F
:105DC0008DF80A300322234602A908F036FDE9E7E0
:105DD0001B4B1B78072B04D01A4840F29A2104F081
:105DE00089FA2B788BB1022B16D1A91C08226846A0
:105DF00001F0CCFB08251049102202A801F0C6FBD7
:105E000023462A46694602A8DFE7A91C0422684601
:105E100001F0BCFB0425EEE70A484FF42B7104F0B7
:105E200069FA084840F2AF2104F064FA0025E2E77D
:105E3000FF20B8E7483200201D84002047130500EA
:105E40001C8400203B130500024B002283F84020F5
:105E5000704700BF1C840020F8B50C21044604F0F4
:105E60009DF907784668204604F0EAF9042FC5B288
:105E70000CD1012231462046FFF710F9002D14BF46
:105E8000062205220B4B83F82820F8BD032F06D0ED
:105E9000314620460022BDE8F840FFF7FFB8022255
:105EA00031462046FFF7FAF8002D14BF07220B22D7
:105EB000E8E700BF1C84002038B50C21044604F03C
:105EC0006DF90546204604F0BBF9832820D008DC94
:105ED0008038012817D874B32046BDE83840E1F770
:105EE00073BC84280FD12B78032B04D112484FF4B4
:105EF000387104F0FFF92B78042BECD10F4B0622FC
:105F000083F8282007E02046BDE83840FFF7A4BF0B
:105F10002B78012B04D12046BDE83840FFF752B959
:105F2000022BD8D0052B054B01D10E22E8E7002229
:105F300083F82820CFE738BD4B1305001C840020D0
:105F4000092810B5044604D9094840F2493104F043
:105F5000D1F90848442202FB040090F82F3143F0A5
:105F6000010380F82F31BDE81040034804F082B8E7
:105F70004B1305001C8400207D5F040070B50C21CC
:105F8000054604F00BF91249064601F52A7008F09F
:105F900041FDFF28044604D10E4840F2363104F09A
:105FA000A9F90D4A0C2303FB0421284691F8941308
:105FB000317040F2953113FB041313447360822156
:105FC00004F045F92846BDE87040FFF775BF00BFF3
:105FD000088500204B1305001C840020F8B50F46EF
:105FE0001646044620B90E4840F27D3104F082F98D
:105FF000204604F090F80C210546204604F0CEF827
:106000002B7803706B7D037247603146204604F0A5
:106010001EF921460348BDE8F840E6F7E3BA00BFA1
:106020004B130500B95E040010B50446E1B114300D
:10603000FFF752FA421C29D1194B93F84E30012B2D
:106040001AD0174C94F8403023B10022154811465D
:10605000E6F740FD0123134884F840304222002136
:10606000E6F7CAFB002010BD0D4B93F84E1093F8D5
:1060700040200129E5D132B9E37C13F0180F0BD091
:10608000D4F81E3009E0D86B431CF5D0D4F81E308C
:106090008342D1D10120E6E7637C014AD363D0E794
:1060A0001C840020495E04002DE9F047064620B913
:1060B0003D4840F2254104F01DF9304604F02BF82C
:1060C00090F80180B8F1010F054600F1030757D1A0
:1060D00036484246394608F001FCFF28044649D1BB
:1060E0003248414608F0D6FBFF28044645D04FF021
:1060F0008108DFF8C0902A780C20604309EB000388
:1061000000F2953083F8942339460A22484401F07E
:106110003DFA4420604309EB000AAB788AF8EC3082
:106120006B7D8AF8ED30EF30AA7D8AF8EE20484486
:1061300005F11B0101F02AFA9AF82F31DFF870906F
:1061400023F003038AF82F31002221464846E6F760
:10615000C1FC0028F8D0D5F81720531C03D01448F0
:106160002146E6F749FB424639463046BDE8F0474E
:10617000FFF734BF4FF08008BBE74FF08408F2E729
:106180000A480022394608F0A9FBFF28044608D037
:106190000146064808F057FC054800222146E6F76C
:1061A00099FC8322E0E700BF4B130500B087002075
:1061B000415F04001C84002070B50C21044603F0EC
:1061C000EDFF21460546104808F0BBFBFF2815D01F
:1061D0000E490C2303FB001292F894632E7040F2D8
:1061E000953613FB00630B446B60002382F89F33EA
:1061F00021460748BDE87040E6F7F4B92046BDE8FF
:106200007040E1F7E1BA00BFB08700201C84002095
:10621000B95E04007FB504461546002976D0D8B192
:1062200090F823200189012A1AD111F4007103D0BA
:1062300094F82110C1F38201197094F82330012BD6
:10624000238910D19A0507D594F82120C2F3820240
:10625000042A3AD0072A56D06FF01B0004B070BD54
:1062600011F48041E3E75E04F6D594F82120C2F3EF
:106270008202042A3BD0072AEED113F4804F0ED0BD
:1062800004F1100637490822304601F058F940BBA6
:106290003449082204F1180001F051F908BB2389A0
:1062A00003F007038DF8043094F820308DF80530A2
:1062B00003CC2B46CDF80600CDF80A10002201A928
:1062C0000720FFF757FD0020C8E7C3F34023002B4A
:1062D000C2D004F1100623490822304601F02FF9FC
:1062E00040B110223146284601F050F9EBE7C3F3E4
:1062F0008033ECE71B49082204F1180001F01FF974
:106300000028EED1A8E713F4007FB8E730B190F889
:1063100023200189012A0CD188050FD412490A785B
:106320001A70012A15D0023A012A95D8102201319B
:10633000D9E74A04F2D511F4804101E011F400716B
:1063400003D094F82110C1F3820110221970A11812
:10635000C9E7064B93F85003EDF7F4FA1022014613
:10636000C1E700BF5E0B05001C84002048320020FE
:106370002DE9F04F3E21A7B003F010FFC44900F112
:106380001402044601F52A7008F0F5FAFF280546C4
:1063900003D1002027B0BDE8F08F092804D9BD48FB
:1063A00040F2974103F0A6FFBB4EC5F3C703334449
:1063B00005F0070293F80C34D340D90704D4B5484C
:1063C0004FF4936103F096FFE37C5A0604D4B1487E
:1063D00040F2994103F08EFF03F03AFE0746002891
:1063E000D7D0442303FB0563214693F82F2142F0C5
:1063F000020283F82F2116A83E2201F0C7F840F2CE
:1064000095330C2111FB05310A2231441BA801F000
:10641000BDF8092D04D99F4840F2F11103F06AFF3D
:10642000442404FB0563EF2293F8EC9093F8EDB05D
:1064300093F8EEA014FB052400211D22684601F00C
:10644000B0F819F0020F1EBF9DF8003043F00103B1
:106450008DF8003019F0040F344440F007819DF8A6
:106460006B309B0700F0098103238DF80C30082264
:106470004FF0FF330DF16E0117A88DF80D308DF838
:106480000E3001F083F808220DF16E010DF10F00BE
:1064900001F07CF808238DF868300C2303FB0563BA
:1064A0000AF1010193F89F238DF817204FF000089F
:1064B000E122384683F89F738DF818208DF801800B
:1064C000E1F712FA524600F801BB214601F05EF8EE
:1064D0009DF86B30C9F3C10943F08002B9F1010F97
:1064E0008DF86B200FD09DF86C108C0740F0D68093
:1064F000DDF86E10013140F0D180B9FA89F84FEA29
:1065000058184FEA8808B9FA89FA4FEA5A1A0AF174
:106510000104444421463846E1F7EAFA49EACA1A36
:106520004AF00C0A80F800A0B9F1000F0CD18023CA
:106530004370B8F1000F07D04FF0FF3308930422E7
:1065400008A9023001F022F89DF86B308DF87B40ED
:1065500013F0180F28D008A91BA808F0E1F820B103
:106560004C4840F24D2103F0C5FE9DF84330BDF884
:106570002810002B00F0DB8011F4007107D09DF88B
:1065800041309021C3F38203D94001F001010DF1A4
:106590007F020DF18F0308A8FFF73CFE3A460DF18C
:1065A0007F0116A8FFF7C2FA169BCDF819301D21FE
:1065B000384603F0F3FD1D22694600F0E7FF0C2387
:1065C00003FB05661D2196F89F53284603F0E6FD60
:1065D0001D22014608A800F0D9FF1721284603F024
:1065E000DDFD04461722002100F0DBFF9DF821208D
:1065F000A37C62F34613A374082209A9204600F085
:10660000C5FF9DF82C20E37C62F346130822E37457
:106610000DF12F01A01800F0B9FFBDF82D30238235
:10662000082209A9204600F0B1FF9DF8202091071B
:1066300008D5E37C03F06003602B02BFA37C43F02A
:106640000103A374D30709D4A37C43F00803A37404
:10665000DDF8393003F59C43203323609DF8383052
:1066600063752846DDF71CF9012093E69DF800309C
:1066700043F002038DF80030F6E64FF0FF336FF081
:10668000FD0217938DF810300392042303E700BF37
:10669000088500204B1305001C84002013F0030420
:1066A000A4F102000CBF01230023444244414FEAFD
:1066B000D208023404EB83044FEA830AC8F3400390
:1066C00004EB8304E4B221463846E1F711FA8C2347
:1066D00003709DF86B2008F0020902F0030308F034
:1066E000030843EAC80302F02002134363F07F0368
:1066F000834643700230BAF1000F06D004220DF138
:106700006E0100F043FF0BF106009DF86B3003F0C3
:106710000303022B04BF9DF86D3000F8013BB9F173
:10672000000F3FF411AF04220DF176010AE711F4D6
:10673000804123E72DE9F0473E218EB0054603F066
:106740002DFD837C13F00303044673D0012B03D18A
:106750000021FFF769FC28B128460EB0BDE8F047DC
:10676000E1F732B894F82230EF2BF5D894F91220E3
:10677000A37C002A03DA94F83C20D207ECD45F060D
:1067800002D42846FFF7F4FDB04B93F83520002AD9
:10679000E2D1002D00F0D28194F82220E32A04D126
:1067A00093F828300BB1072BD6D1012384F826307B
:1067B0003E21284603F0F2FC90F82310044639B33A
:1067C00001312846E1F7F0F894F82630032B1FD169
:1067D000E37C13F0180F1BD0284603F09CFC064600
:1067E000284603F0A2FC032804D899484FF40B6113
:1067F00003F080FD284603F098FC011F3144042279
:1068000004F1380000F0C2FE04212846E1F7AEF89A
:10681000284603F08AFC237D002BC0B214BF362328
:106820003B23984298DC8B4829460EB0BDE8F047E0
:10683000E5F7D8BEDFF8148298F83530002B8BD1FD
:10684000002D00F07B81037D83BB90F91330002B7A
:1068500082DBD0F81630002B3FF47EAFE27CC2F32F
:10686000C10101294FEAD2033FF476AF13F00103CF
:1068700004D194F82210EF293FF66EAFA17C4E06AA
:1068800025D5880723D1510604D403BB94F82230C0
:10689000DF2B1CD9002388F8293088F82B3088F8A2
:1068A0002C3088F82D3088F82E3055E7022B7FF4F5
:1068B00053AF90F91330002BFFF64EAF6649082214
:1068C000163000F03CFE00283FF446AFC6E73E21FC
:1068D000284603F063FCE94600F1140706464946E2
:1068E0003846FEF765FFB0FA80F182464909304626
:1068F000FFF79AFB00287FF42FAFBAF1000F40F0AA
:10690000C280BDF808301A0740F1BD803846FEF756
:10691000CFFD431C08D0F37C13F0180F04D0D6F839
:106920001E309842BFF418AF9DF82330F17CBDF8BB
:1069300008C09DF82120012BC1F3C10054D11CF4E3
:10694000007F15D1002840F0898088061ED598F870
:106950004E30012B7FF400AF96F82230E02B40F050
:10696000828094F83C30D90700F1B08004231DE701
:1069700002F0030C60457DD1C2F38202042AC1F308
:10698000401140D18B4275D1002843D1737D9DF8D1
:106990002020934256D0FF2A54D0013BDBB2FD2B7E
:1069A00050D84FF00208D6F81E103846FEF7CCFD3E
:1069B000E27C94F83C3012F0180F40F093800123F1
:1069C00084F8263094F83C30D90708D5A37C5A06C1
:1069D00005D4E37C5B0602D52846FFF7C9FCB8F175
:1069E000020F7FF4E5AEB7E61CF4804FAAD002F0A8
:1069F000030398423ED1C2F38203042BC1F340113A
:106A000006D10123BEE7072A14BF00230123B9E7FB
:106A1000072BF9E706F1370306F127024846FFF78F
:106A2000F9FB737D9DF820200028B2D093423FF4FB
:106A300093AEFF2A3FF490AE013BDBB2FD2B3FF655
:106A40008BAEAEE74FF00308ADE700BF1C8400201B
:106A50004B130500E54204005E0B050098F84E302C
:106A6000012B7FF479AED6F81E103846FEF76CFD88
:106A700003239BE698F84E30012B7FF46DAE00287F
:106A80003FF46AAFEFE798F84E30002B3FF464AE66
:106A9000F17C11F0180F02D14FF0030888E7BAF12A
:106AA000000F11D1BDF8083013F0080F14BF48468D
:106AB000002006F1370306F12702C1F34011FFF76A
:106AC000A9FB0028D4D1E7E70020F2E7A37C5A060F
:106AD0003FF54CAFE37C5B067FF548AF2846FFF7F8
:106AE00047FC43E7DF0709D494F82330002B3FF439
:106AF00076AF94F82630022B7FF471AF2846FFF76B
:106B0000A1F8861D04D104F11400FEF705FD23E66B
:106B10000028F8D1E37C84F82600C3F3C103032BDB
:106B20007FF450AF94F82230EF2BECD8A27C5006C3
:106B30007FF548AFDF2B7FF645AFE4E70EB0BDE849
:106B4000F08700BF2DE9F043082187B0054603F028
:106B500025FBD0F80490284603F0A5FC8046284683
:106B600003F09BFC29460746684602F099FD022186
:106B700006462846E0F7FAFE31462846E0F714FFBD
:106B80009DF81530C3F38103022B07D0032B64D08B
:106B90002846E0F719FE07B0BDE8F083BDF80020F5
:106BA0004FF6FF739A42F3D1BDF812304FF6FF72E1
:106BB00093425AD1002DEED03E21284603F0EEFA42
:106BC0003E220021044600F0ECFC9DF815309B09A4
:106BD000032B06D108220DEB020104F1160000F090
:106BE000D5FC9DF814305B0645D5033E2674284637
:106BF00003F091FA227C811A201D00F0C7FC237C4F
:106C00000C2BC5D89DF816306374284603F083FA20
:106C10000646284603F089FA2246C1B2304607F0FC
:106C20007AFC84F823000028B2D0284603F073FAD7
:106C300094F82330C35C84F8223094F83C3084F814
:106C4000248043F0010384F82570C4F8009084F890
:106C50003C302846FFF76EFD9DE710490822684644
:106C600000F06DFC00289FD092E70D4AB2F8A623F1
:106C70009A428DD19EE7BDF80030A380053E267470
:106C8000BDF81230E3809DF815309B09032BB6D177
:106C900008220DEB0201A018AFE700BFF03500207D
:106CA00048320020704738B50D4601210446E0F710
:106CB0001BFE05702046BDE83840F3F779B8002088
:106CC0007047836800EBC101B3F5004F2CBF51F84A
:106CD000220031F81200704700EBC1018068B0F566
:106CE000004F2CBF41F8223021F81230704708B510
:106CF0000122FFF7E6FFD04008BD8368B3F5004FDF
:106D000000EBC10108D34B681AB143F001034B609B
:106D1000704723F00103FAE74B881AB143F00103EF
:106D20004B80704723F00103FAE753000122FFF77D
:106D3000D3BF8368B3F5004F34BF04230823C91AB7
:106D4000081AC0087047B0F5004F34BF0423082369
:106D50000731C818C008704708B50A460121FFF777
:106D6000F2FF0132121AB2FA82F0C0F11F0008BD20
:106D70002DE9F041174603220E460446FFF7A1FF16
:106D80008642054607F104080AD1E3680122BA40A9
:106D900023EA0203E360002344F82830BDE8F081D1
:106DA000314602222046FFF78CFF2B46064601465D
:106DB00044F8285020460322FFF78EFF3346294629
:106DC00020460222BDE8F041FFF786BF70B50D46B0
:106DD00086680446FFF78BFFB6F5004F014601D3E6
:106DE000012809D03046FFF7B7FF29460246204662
:106DF000BDE87040FFF7BCBF70BD2DE9F047054608
:106E000080688846FFF7A8FF05EB800A0646DAF897
:106E10001090B9F1000F1BD00327DAF81040284674
:106E20002146FFF764FF404507D3324621462846F6
:106E3000FFF79EFF2046BDE8F08703222146284643
:106E4000FFF73FFF013FCAF8100001D08145E4D1B0
:106E5000EB6801364FF0FF34B4401C40EAD094FA9E
:106E6000A4F2B2FA82F2131D55F82340DEE72DE9B1
:106E7000F041144605460E46FFF739FFA4EB06081D
:106E8000371B0744424631462846FFF74EFF3A4635
:106E900021462846FFF749FF43460022214628465F
:106EA000FFF71AFF21462846FFF721FF3B4621182E
:106EB00000222846BDE8F041FFF70EBF2DE9F04162
:106EC000164604460F46FFF712FF31460546204698
:106ED000FFF70DFF05442A4639462046FFF725FFF8
:106EE00031462046FFF703FF2B463118002220468B
:106EF000BDE8F041FFF7F0BE2DE9F0410D46866890
:106F00000446FFF7F4FEB6F5004F014601D3012811
:106F100032D03046FFF720FF04EB80010E6996B9AE
:106F2000E368012282401343E36002220D612B4695
:106F300029462046FFF7D0FE032229462046BDE819
:106F4000F041FFF7C9BE022231462046FFF7B9FEE5
:106F50002946034607462046FFF7BEFE0322334676
:106F600029462046FFF7B8FE39462B462046FFF754
:106F7000B3FE02223146E1E7BDE8F081F8B50C46E8
:106F80000546FFF7B4FE2618012231462846FFF7D2
:106F900098FEC3070CD431462846FFF717FF214659
:106FA0002846FFF7A4FE214622182846FFF786FF51
:106FB000002221462846FFF784FE271A012239467F
:106FC0002846FFF77EFE10EA020613D1394628460E
:106FD000FFF7FCFE214632462846FFF772FE2246A6
:106FE000211A2846FFF76AFF214632462846FFF756
:106FF00068FE241A21462846BDE8F840FFF77CBF0A
:1070000070B5066809B9002070BDB068B0EBD10F4B
:10701000F9D9FFF798FE014605463046FFF7EDFE29
:1070200004460028EFD001463046FFF760FEA84234
:1070300009D92544214630462A46FFF718FF29463C
:107040003046FFF759FF304601222146FFF755FE33
:10705000B368B3F5004F34BF0423082303EBC40324
:107060001844D1E70020704730B58A680C68551C79
:1070700014B14B68934201DC8D6030BD013B9342FB
:1070800008BF00228D600CBFE254A054F5E70FB496
:1070900007B504A951F8040B0191BEF783FD03B0B5
:1070A0005DF804EB04B070470CB407B504AB53F8BB
:1070B000042B0193BEF78AFD03B05DF804EB02B028
:1070C0007047044608B5084611461A46A047F5F72A
:1070D00015FBBFF7D1FCD0E9002130B54FF03333B9
:1070E000A2FB0324D51843EB0405A1FB031352189C
:1070F00044EB0304521944F10002891843F10003E0
:10710000C0E9001330BD10B50A68002A03460FDD40
:10711000013A0A601A6844680A20A2FB001200FBC8
:107120000422100F22F07042C3E90012303010BD6B
:107130003020FCE72DE9F84F9A46D3786F2B804634
:107140000F461546A3F1410B29D024D8582B0CBF6C
:1071500010260A26DDF8289032460023404639469C
:10716000B9F760F8092AD4B21ED83034B045E4B279
:1071700077F1000709F8014D01D3D14511D82B78DB
:107180009B0605D5082E15D1AB7843F00803AB70EC
:107190004846BDE8F88F03F0F703702BD7E70826C1
:1071A000D8E780460F46D7E7BBF1190F94BF3734B5
:1071B0005734DBE7102EEBD1AB7843F01003E6E752
:1071C0002DE9F0410746884615461E461446B4424E
:1071D00005D30EB1601B08E02378002BFAD014F819
:1071E000010B4146B8470028F1DABDE8F0810023E1
:1071F00083F31188BFF36F8F0423184602DF7047B3
:107200000FB407B504A951F8040B0191BEF7CAFCED
:1072100003B05DF804EB04B07047036800220BB9BB
:10722000184670478B4210D10B6842B94268036020
:10723000914200D1436000230B600120704713602E
:107240004368994208BF4260F5E71A461B68E6E7C3
:10725000838B13F0070305D10368002B0CBF0020BC
:1072600003207047022B05D1C08BB0FA80F0400993
:1072700080007047012B05D10368002B0CBF002054
:10728000052070470020704710B50C4600B111B9B9
:107290006FF0150010BD081D00F02FF80028F9D17F
:1072A000A368032BF6D9F3E72DE9F0410D46074615
:1072B0001946281D90461E46BEF7A8FF044638B161
:1072C0003346424629463846A446BDE8F041604769
:1072D000BDE8F08138B50C46054658B151B10B6890
:1072E00043B14B6833B12022002100F05AF92C61E0
:1072F000002038BD6FF01500FBE7034640B142683F
:1073000002F00302022A06D0032A04D0012A05D083
:107310006FF0150070471A68002AF9D000209860B5
:107320007047F0B5C6684568C369AF1B044640693D
:10733000BB4298BFFF1AA5EB0000944698BFF61811
:107340001A1AD81B2368AD1B62452B4428BF62461E
:107350000B606368904228BF104603446360F0BD31
:10736000D0E90123D21A8A420CD31944C368C269F6
:10737000C0E90111C91A8A4201D90020704713449B
:10738000C360FAE76FF015007047F0B504468669F0
:107390000569C069A368AF1BB842944698BF361808
:1073A000A3EB05022368A5EB060598BF3F1A2B4403
:1073B0006245A0EB070028BF62460B60236990423C
:1073C00028BF104603442361F0BDD0E90423D21A3C
:1073D0008A420CD31944D0E90632C0E90411C91A13
:1073E0008A4201D90020704713448361FAE76FF0A5
:1073F0001500704770470FB407B504A951F8040B86
:107400000191BEF7CFFB03B05DF804EB04B0704709
:10741000002930B4044618460BDBA5680844A8428E
:1074200007D8E0686468214484682468A44630BCB6
:1074300060476FF0150030BC7047002930B4044637
:1074400018460BDBA5680844A84207D8E0686468C2
:10745000214484686468A44630BC60476FF015001E
:1074600030BC70470029034610B410460BDB9C6803
:107470000844A04207D8D8685B68194483685DF85F
:10748000044B9B6818476FF015005DF8044B70477C
:1074900001460068BEF7AEBF08B5BFF70BF8BDE800
:1074A0000840BFF70BB800210120BEF7A3BF38B5D5
:1074B00004460D4611461A46BEF77CFF2046049A44
:1074C0002946BFF7A5FB204638BD61B662B680F3FA
:1074D0001188BFF36F8F704772B6002383F3118852
:1074E000BFF36F8FBFF34F8F30BF62B6BFF36F8FA5
:1074F000704772B6002383F31188BFF36F8FBFF319
:107500004F8F20BF80F31188BFF36F8F62B6704733
:10751000202809D9B0F1004F08D80138B0FA80F01E
:10752000C0F11F0040007047082070473E207047A0
:10753000034600201A5C02B970470130FAE710B523
:107540005AB10139841810F8012B11F8013FA042FB
:1075500001D09A42F7D0D01A10BD1046FCE7431A6A
:10756000934210B500EB020308D3013902469A4258
:107570000BD011F8014F02F8014BF8E70A4412F85A
:10758000014D03F8014D8A42F9D110BD10B5431EDB
:107590000A44914200D110BD11F8014B03F8014F8C
:1075A000F7E7C9B202440346934200D1704703F89B
:1075B000011BF9E74FF0FF307047034600201A5CCB
:1075C0000AB1884200D170470130F8E708B50122BE
:1075D000BFF754FE002818BF6FF0040008BD7047C5
:1075E000C16A8968BFF7CABE8388C2888168D21A17
:1075F00003685B1AD01A704703688268C0889B1AB8
:10760000C01A80B2704708B500F079FAC0F7CCFA1A
:10761000C0F72AFAC0F7A2FBC0F7A2FA002008BD03
:1076200010B504468069A2681346CBB994F8471098
:1076300063F3820184F847106AB1214600F04EF8E6
:1076400001280FD194F8473043F0040384F8473001
:10765000204600F0B6F92046BDE8104000F078B9A9
:107660005B68E2E70028F6D110BD10B1006800B1F8
:1076700040687047F3F780BA10B50346FFF7F5FF8F
:1076800028B1C2681AB1BDE810401846104710BDB5
:10769000F3F728BB2DE9F0410546884617461E46FC
:1076A000C0F7D0F808212846C0F74CF8044690B936
:1076B0002846C0F70BF8C0F800802846C0F706F847
:1076C00007712846C0F702F846712846C0F7D4F87B
:1076D0002046BDE8F0814FF0FF34F6E710B50346D1
:1076E000FFF7C3FFBDE8104002681846104738B5E1
:1076F000C36804460D465868E06030B14DB10C30A7
:10770000FFF77AFFE3680028F5D0E3681BB923612F
:1077100038BD008AF6E7DB68F9E738B50446C0688B
:107720000D4688B171B10C30FFF766FFD4E9032331
:10773000D2689B1A834207D129462046BDE83840CB
:10774000FFF7D5BF008AF1E738BDF8B50446164605
:1077500094F84630C068DA070F4615D4A6B10C304D
:10776000FFF74AFF0546D4E90303C2689B1A3B446E
:10777000AB4211D194F84630DB0708D4314620469D
:10778000BDE8F840FFF7B3BF058A0026EBE70C30F1
:10779000FFF732FFA842F1D923693B442361F8BDCA
:1077A0002DE9F04F85B0824602A80D4693461F464C
:1077B00004F073FDDDE90289002426465A463B4663
:1077C00050460194FFF70CFF0199044628B9CEB941
:1077D0000026304605B0BDE8F08F06B981B14C6097
:1077E000638AAB4288BF6582638A4246ED1A02A86B
:1077F0004B4604F076FDDDE902B7002DDED1E8E767
:107800000646EDE73046BFF785FEE1E70346002078
:1078100003B970471A8A5B681044F9E72DE9F84309
:107820009DF8208004460F4616469946E368002BD3
:1078300000F083800EB9304684E094F8463013F0AF
:10784000010F20460CBF41460021FFF766FFE068AC
:10785000002875D0B8F1000F1ED094F84630DD072F
:107860001AD40C30FFF7C8FED4E90323D2689B1A60
:10787000C51A002D64D0B54228BF3546B9F1000FB6
:107880002ED07FB9B8F1000F43D142462946204699
:10789000FFF75BFF002731E02369C268058A9B1A66
:1078A000ED1AE6E720692A46B8F1000F0DD03946F7
:1078B000FFF76CFE94F84630D90730D501222946EF
:1078C0002046FFF742FF4FB9E4E701463846FFF78D
:1078D0005DFE424629462046FFF737FF2F440DE064
:1078E00077B1396820692A46FFF75BFEB8F1000FCF
:1078F00009D1424629462046FFF727FF761B95E728
:10790000B8F1000FC1D094F84630DB0707D501224B
:10791000F0E794F84630DA0701D50122B6E7E068CF
:1079200029460C30BFF760FE424629462046FFF745
:107930000CFFB9F1000FC6D1E0E7002E3FF47BAF9A
:107940006FF06800BDE8F88308B1BFF7E3BD70478A
:1079500010B5044610B3BFF35B8F236BBFF35B8F8F
:1079600004F13002D3B1BFF35B8F591E52E8000F10
:10797000984204D142E8001CBCF1000FF6D1BFF3DD
:107980005B8FE8D1012B09DCA06808B1FFF7DCFFB1
:1079900060682146BDE81040F2F7ECBE10BD70B53E
:1079A000044630B18568002625B9A068FFF72EFF90
:1079B000301A70BD05F10C00FFF71EFE6D6806441D
:1079C000F2E78368C36003B1DB680361704710B5F9
:1079D00082680C4622B98160BDE81040FFF7F1BF14
:1079E0001046BFF7C3FD2146BDE81040BFF7D6BD26
:1079F0002DE9F04F85B0DDE910670446154602A871
:107A000032469A463B468B4604F047FC20463246B7
:107A10003B46DDE90289C0F7E9F80446D8B159468A
:107A2000C0F7CAF894F846306AF3061384F8463073
:107A3000424602A84B4604F054FCDDE902679DF87B
:107A40003820CDE9006729462046C0F707F918B16C
:107A50002046FFF77DFF0024204605B0BDE8F08FEB
:107A600007B50123009300230A461946FFF7D6FE07
:107A700003B05DF804FB07B5002300930123FFF773
:107A8000CDFE03B05DF804FB10B590F84610044637
:107A900001F0010181F00101FFF73FFEE3688BB1C6
:107AA000206948B194F84620D20706D5188AD4E94F
:107AB0000323D2689B1AC01A10BD03F10C00FFF714
:107AC0009BFDF4E71846F7E773B50369994204464E
:107AD0000E4615460AD1FFF7D7FFA84206D329461E
:107AE000204602B0BDE87040FFF7BABF0123009303
:107AF0002A4631462046FFF791FE02B070BD70471E
:107B000010B504464FF0FF324FF0FF332046F3F735
:107B1000E5F90028F6D0FFF783FDF3E77047F8B5E5
:107B2000069F0469C9B2EFF31186402585F31288D8
:107B3000BFF36F8F0C2569430C44A56C05F0070C4F
:107B4000BCF1010F0BD1A76486F31188BFF36F8FCF
:107B5000C4E9102343685B5898470020F8BD05F03E
:107B6000C005AF4286F31188BFF36F8F0CBF6FF073
:107B700077004FF0FF30F1E713B580240094FFF752
:107B8000CEFF02B010BD0069CBB200EB4310002164
:107B900010470020C3F764BB0020C3F781BB104629
:107BA000F3F7F4B98022C0F739B93220704770B5C5
:107BB000044601F0F7F9237B05460BB100F04CFBBE
:107BC00000266068C9F762FAA3685B1BA36063685C
:107BD0002B446360237B01363BB9A368002BF0D1B3
:107BE000A068003818BF012070BD3046C3F78CFC78
:107BF0000028F2D0F4E738B505460C4601F0CCF980
:107C0000002D07DBA84205D9401B84428CBF002011
:107C1000012038BD0020FCE743685B68D3F81035CD
:107C20000B600020704743685B6802EA010021EAAC
:107C30000201C3F80805C3F80C150020704743681B
:107C40005B680020C3F80815704743685B68002034
:107C5000C3F80C15704743685A68D2F8043521EA16
:107C600003000B40C2F80805C2F80C35002070472D
:107C700032207047704708B500F0F8FB4FF47A7374
:107C8000A0FB030203FB012108BD08B5A1F10B0312
:107C90000F2B06D90A298CBF6FF015006FF08500F5
:107CA00008BDC8B200F035FB0020F9E737B505463E
:107CB000C1F72AF80469F4232371CE2363713623B4
:107CC000A3714FF0805369461A6E5B6EE01DCDE9DB
:107CD00000320522FFF75AFC01230822211D284605
:107CE000FFF7D8FC2846256003B0BDE83040C2F756
:107CF0000DBE07B5C9B132B9186800F022FB0020EB
:107D000003B05DF804FB012A06D11B88ADF80430EE
:107D100001A800F018FBF2E7022A06D11B88ADF893
:107D2000043001A800F00BFBE9E76FF08500E7E7FE
:107D300010B5046900F04AFB10B96FF00F0010BDD8
:107D40004FF0FF334FF0FF3204F26C60F3F758F955
:107D500094F88436002BF0D00020F0E730B543686B
:107D60001360057A446804EBC504A34202D36FF0A4
:107D7000010030BD5C798C4201D00833F0E700206F
:107D8000F7E743681B68D3F88004C3F880047047A2
:107D900010B544682368C3F84415C3F84825002289
:107DA000C3F82021D3F82011C3F85821D3F8582163
:107DB0006268D20608D5426812680821C2F8001528
:107DC0004FF48002C3F8042301229A6010BD436877
:107DD00002691B68D3F8100150B192690020127833
:107DE0000A70C3F81001D3F8102101221A607047FD
:107DF0004FF0FF307047002A10B5044610DD43688D
:107E00001B68D3F8100150B122690020C3F810019B
:107E10009269D3F8100112780A700120186010BD21
:107E20000020FCE7436801691A68EFF311834020E2
:107E300080F31288BFF36F8FC968002088734FF4F6
:107E40008001C2F8041383F31188BFF36F8F70476A
:107E50000369DB6801229A7370470369DB689A7BC8
:107E600002F0FF0162B942681268D2F8580140B1CD
:107E7000D2F8040310F4800003D019610120704788
:107E80000020704743681B68D3F81001003818BF02
:107E90000120704743681B681022C3F80423704711
:107EA00043681B681022C3F80823704743681B68A7
:107EB0004FF40072C3F80423704743681B684FF403
:107EC0000072C3F80823704738B543681D68D5F8B9
:107ED00004335B02044605D4D5F8040310F0100007
:107EE00006D138BDFFF7B9FF0028F5D00120F8E72B
:107EF0002046FFF7C7FF003818BF0120F1E7012037
:107F000070470369D8680160DB685A60704702688F
:107F10000346D2F8580140B95B689B0706D4D2F8F3
:107F20002001003818BF0120704701207047F8B5C4
:107F30000669F3689C89BFF35B8F9442A8BF14461F
:107F400005461033012253E8000F002803D143E80F
:107F50000027002FF7D1BFF35B8F0CBF1346002320
:107F60001ED1F36822469868FFF710FBEFF31187E4
:107F7000402383F31288BFF36F8F6868FFF7C7FF52
:107F8000F36838B91861044687F31188BFF36F8F1F
:107F90002046F8BD996822462846FFF7F9FEF3E728
:107FA0001C46F5E710B442681368D3F80413C905FA
:107FB00017D5D3F82011A1B1EFF31181402484F338
:107FC0001288BFF36F8FD3F8204134B10024C3F877
:107FD0002041D3F820410124DC6081F31188BFF3F4
:107FE0006F8F5268D20619D5EFF31181402282F3C8
:107FF0001288BFF36F8FD3F8582112B10022C3F853
:1080000000250269D2680AB112691AB94FF48002D8
:10801000C3F8082381F31188BFF36F8F0269D46816
:108020006CB1D3F8581169B100212161D468A47BE7
:1080300044B14FF48000C3F80803D36899735DF826
:10804000044B7047D3F8241121B10021C3F8241147
:10805000D3F82431D2681368002BF0D051685DF852
:10806000044B184710B50022044601212820BEF712
:10807000CFFD2820BEF79CFD2046BDE81040C1F78B
:1080800081B910B50022044601210220BEF7C0FDCF
:108090000220BEF78DFD2046BDE81040C1F772B941
:1080A00000F150039B009BB203F1804303F588333A
:1080B00000221A601B68704708B5C1F7D7FB08BDDE
:1080C000684620F007018D4601B5B9F7F5F8BEF70F
:1080D000F5F9BDE8014085467047684620F0070184
:1080E0008D4601B5B9F7A2F8BDE801408546704755
:1080F000684620F007018D4601B5B8F70DFBBEF7C5
:10810000DDF9BDE801408546704708B5BBF710FEB4
:10811000002008BDF4F7F2BA08B54FF080431020F4
:10812000C3F81C05BDF768FD0120704740F215102B
:1081300070470020704770477047704770470328AA
:1081400010D8DFE800F00206090C01210020C1F779
:1081500043BE01210846FAE701210220F7E7012189
:108160000320F4E77047032810D8DFE800F0020688
:10817000090C00210846C1F72FBE00210120FAE7B3
:1081800000210220F7E700210320F4E77047C2F73F
:108190008BBE83689B6903B11847704783685B6A2D
:1081A00003B11847704783681B6A03B118477047CB
:1081B000F2F7ECBE4FF40050704702207047704752
:1081C00038B504F068F84FF47A72A0FB020302FBA2
:1081D0000131C00B0A2440EA4140A0FB0405C90B51
:1081E0009922002304FB0151B8F71CF838BD7047F1
:1081F00070470120704708B504F04DF84FF47A72CB
:10820000A0FB020302FB0133C00B40EA4340A0FB8A
:108210000201DB0B02FB031108BD07B501A800F04A
:1082200017F92D2301A88DF805308DF8063000F0E0
:1082300008F9002003B05DF804FB7047B8F762BB93
:1082400008B5BBF775F830B1EFF3058003380328A4
:1082500094BF0020012008BD70470020704710B572
:108260003B29046901D00C2904D1BBF767F82060D1
:10827000002010BD6FF08500FBE7704713B50029A3
:10828000AEBF00240124002100940023FFF70FF962
:1082900002B010BDBEF78CBCBEF798BC08B5BEF7E7
:1082A000A9FC003818BF012008BD7047002383F3E4
:1082B0001188BFF36F8F0423184602DF704773B530
:1082C00000210191016800910446006916461D468F
:1082D000C1F786FBEFF3108372B6C4E9026583F33E
:1082E000108802B070BDC1F7C1BAF5F7E3BC43F620
:1082F0000952A0FB020302FB013140F2FF13C01838
:1083000041F10001400A40EAC150490A70471F206C
:10831000704738B50446C5F7D3F805462046C5F77B
:10832000D5F8A54204D0BDE83840002000F0EFBCED
:1083300038BDC5F7C5B8C5F7D7B800F006BDC5F755
:10834000DDB8C5F7E7B8C5F7F1B8012000F0E8BB24
:1083500008B5002000F0E4FB80F00100C0B208BDC9
:1083600007B56FF001030093002201231146184660
:1083700000F0F4FB03B05DF804FB7FB508991D46DF
:1083800000230293CDF80B300123044616468DF8E6
:108390000A3021B9C5F794F802A98DF80B00487886
:1083A0000B7800B953B98B7813B18B79FF2B07D0B9
:1083B000009132462B46204600F0E3FC04B070BD2D
:1083C0000020FBE70146002000F044BC002000F044
:1083D00062BC10B590F8803004460BB1FFF766FF21
:1083E000204600F076FC18B9BDE81040FFF75EBFEC
:1083F00010BDC5F739B8C5F745B8C5F759B8C7F7BF
:1084000053BB10B4DBB214469DF8042001932346FD
:108410005DF8044BC7F772BAC7F7E8BAC7F72ABBCB
:10842000C7F766BA07B5002300931A46C7F766FA7E
:1084300003B05DF804FB0022C7F7D8BA0021C7F7E4
:1084400019BB08B5C5F77AF8BDE8084000F07DBC57
:10845000C5F794B808B504F01FF800F00703400012
:1084600000F05000184340F0080008BD04F0DBB8ED
:1084700070477047C0F768BEC0F770BEC0F778BEDF
:10848000C0F78CBEC3F758BCC0F7EABDC0F71CBE2E
:10849000C0F74ABE08B5C3F775FCBDE8084004F054
:1084A000A3B870B504460D461646C4F7D1FE30B1E8
:1084B000324629462046BDE8704000F0EEBA70BD55
:1084C0007FB5017801316B460122C9B200F03DFA57
:1084D00018B1009B5878C0F3401007B05DF804FB5A
:1084E00008B5C5F7DBFC00F0E8F8404240B208BD33
:1084F00037B5002400256846CDE90045F5F780FC36
:1085000028B9CDE90045DDE9000103B030BDDDE962
:108510000032134302BF01220023CDE90023F2E71A
:1085200008B500F04DF820B1C3F7F8FC10B9C4F756
:10853000C1FE002008BD08B5C4F79EFF18B9BDE80C
:108540000840C3F773BC0220C3F770FC0021BDE8EC
:1085500008400846C3F74ABD0020C3F767BC10B502
:108560000446FFF7E8FFC4F739FF204600F0B0FAF1
:10857000BDE81040C4F7C8BEFFF798BE38B5054641
:10858000FFF7CEFF044668B1012211462846C3F723
:1085900061FE044620B10820C3F748FCC3F778FD0C
:1085A000C4F788FE204638BD01207047012070477F
:1085B000C7F7FCB87047C6F727BEC7F709B97047B9
:1085C0000020C4F7DBBE08B50120C4F7D7FE18B9F8
:1085D000BDE80840FFF76ABE08BD03F05FBFF8B50D
:1085E0000F4615461E46044608B9FFF75FFE0FB951
:1085F000FFF75CFE731EFE2B01D9FFF757FEB5FB9C
:10860000F6F5AB1EFD2B01D9FFF750FE0023A37139
:10861000276065712671E371F8BD82790179006880
:1086200001FB02007047837942790133DBB29A4241
:1086300098BF002383717047C2790179006801FBFC
:1086400002007047C37942790133DBB29A4298BF86
:108650000023C371704783794279C0790133DBB25B
:108660009A4298BF0023C31A58425841704708B530
:10867000C3F798F810F11D0F11DB10F1090F10DB93
:108680000A2810DD1E2810DD322810DD462811DDF5
:108690005528CCBF6FF003006FF0020008BD032027
:1086A000FCE70220FAE70120F8E70020F6E74FF0A8
:1086B000FF30F3E76FF00100F0E710B50446FFF775
:1086C000D6FF2044C0B210BD10B50446FFF7CFFF5F
:1086D000201AC0B210BD10B50446C0B2FFF7C7FFE4
:1086E000201A00B210BDFFF7EFBF08B5FFF7F3FF88
:1086F0005D3840B208BD08B5C6F73EF8C7F7F8FDCB
:10870000C7F79AFE08BD08B504200121C6F7C2F8D4
:10871000BDE808400C20C6F763B908B58000002109
:1087200000F0FC00C6F7B6F8BDE80840C6F7E0B8B0
:1087300008B5C5F7DDF8BDE80840C4F763BFC5F765
:108740003BB8C5F71DB808B500F003F808BD704781
:1087500070470620704700BF00BF00BF00BF00BFCA
:1087600000BF704737B5ADF80410C9B204461546CE
:1087700041B19DF905102A46204603B0BDE83040BE
:10878000BBF7E8BAC4F7AAFE0146F4E738B50546D8
:10879000C4F796FE0446C4F7A1FE2A4601462046C9
:1087A000BDE83840BBF7D6BA08B5037A012B12D81A
:1087B000BFF35F8FD0E84F3FDBB28B4203D0BFF3F4
:1087C0002F8F002006E0C0E8432F002BF2D1BFF32B
:1087D0005F8F012008BDFFF769FDF2E7582370B5F0
:1087E000044603FB0105AC4201D1002608E0204607
:1087F00002220121FFF7D8FF264658340028F2D084
:10880000304670BDF8B5846903F00DFFD4E91067F8
:10881000BFF35F8F94F8483094F8492001335B012F
:1088200092B9A0339D1947F10002A84291410ED29E
:10883000C4E90852A36304F11000F5F7C7F900B3C7
:10884000BDE8F840FFF732BD03F53073EAE7616831
:108850000022082000F010F908B9FFF727FD4FF0BB
:10886000FF336360012204212046FFF79DFF08B912
:10887000FFF71CFDC4F700FE18B9BDE8F84000F092
:108880004FB9F8BD08B54FF0FF3343600122022114
:10889000FFF78AFF18B9BDE80840FFF707BD08BD1C
:1088A00038B50546C6F7A8FA044608B9002038BD11
:1088B0002846002103F06BFE054604F11000F5F791
:1088C000BDF90DB90028F1D14FF0FF336360BFF35C
:1088D0005F8F01202070BFF35F8FE8E703785A06AF
:1088E00007D14278DB0943EA42037E3BDBB2012B2E
:1088F00004D9884234BF002001207047012070470E
:10890000837AFF2B12D00268D25C012302F00702A7
:10891000934013F0220F0BD113F0440F0AD113F040
:10892000880F14BF0120002000017047002070470D
:108930000420704708207047022804D0C31E584204
:108940005841C00070470420704738B515461C4692
:10895000D0B118605971002323710A22FF21A01D94
:10896000FEF71FFE0122FF2104F11000FEF719FEA1
:10897000FF2104F111000722FEF713FE29462046CD
:10898000BDE83840C6F712BD38BD0B4611464279E6
:108990009A4238BF4371C6F709BD10B5034690F837
:1089A0002100A8B10A785C7E944212D184B1486853
:1089B00070B103F11001631E022B9ABF6FF0020227
:1089C00002EB84020022FEF7BAFDB0FA80F0400903
:1089D00010BD0020FCE708B5C7F72AFBBDE808403A
:1089E00000F024B808B500F022F8BDE80840C7F749
:1089F000E1B810B503685B789B06044601D4FFF725
:108A000055FC23689B7803F03003102B02D0202BF9
:108A100005D04BB92046BDE81040C7F71DBB204626
:108A2000BDE81040C7F7E6B8002010BD704770479A
:108A300070B500232826012406FB0305D5E84F2F37
:108A4000D2B242B1BFF32F8FBFF35F8F0133994290
:108A5000F2D1FF2070BDC5E8424F002AEED1BFF32E
:108A60005F8FD8B2F6E708B5C7F730FB18B9BDE895
:108A70000840FFF71BBC08BDC7F746BB38B5044626
:108A80000D46C5F7DFFF29462046C7F765FB18B935
:108A9000BDE83840FFF70ABC38BD08B5C7F780FB12
:108AA00018B9BDE80840FFF701BC08BD08B5C7F715
:108AB0009FFB18B9BDE80840FFF7F8BB08BD08B533
:108AC000C7F7B2FB18B9BDE80840FFF7EFBB08BD18
:108AD00008B5C7F7C3FB18B9BDE80840FFF7E6BB08
:108AE00008BD08B5C7F7D4FB18B9BDE80840FFF7C3
:108AF000DDBB08BD10B5C4F71BFC04461720C2F748
:108B0000F5FD84428CBF0020012010BD08B5172060
:108B1000FFF7C4FB18B9BDE80840FFF7C7BB08BDA5
:108B200037B5002304468DF80730FFF7E3FF05460D
:108B300040B12046C4F7AEF98DF807009DF8070054
:108B400003B030BDFFF7E2FFC7F738FC0DF10702B5
:108B500005700472C260C7F747FCEFE72DE9FF41DB
:108B60001C460023DDF828808DF80F3007460E469E
:108B70001546FFF7BFFF70B1CDF8008023462A46A7
:108B800031463846C4F79EF98DF80F009DF80F0066
:108B900004B0BDE8F081FFF7B9FFC7F70FFC012370
:108BA00003700DF10F030773467385608473C0F87B
:108BB00010804361C7F718FCE8E72DE9FF411C4628
:108BC0000023DDF828808DF80F3007460E46154645
:108BD000FFF790FF70B1CDF8008023462A4631465A
:108BE0003846C4F799F98DF80F009DF80F0004B0CE
:108BF000BDE8F081FFF78AFFC7F7E0FB02230370AF
:108C00000DF10F03C0E9045407734673C0F80880E0
:108C10008361C7F7E9FBE8E713B5002304468DF845
:108C20000730FFF767FF40B12046C4F701FA8DF81F
:108C300007009DF8070002B010BDFFF767FFC7F7F8
:108C4000BDFB032303700DF107038460C360C7F706
:108C5000CBFBEEE737B5002305460C468DF8073011
:108C6000FFF748FF48B121462846C4F71BFA8DF8A4
:108C700007009DF8070003B030BDFFF747FFC7F7B7
:108C80009DFB042303700DF1070305720461C360AB
:108C9000C7F7AAFBEDE713B5002304468DF80730AC
:108CA000FFF728FF40B12046FFF768FC8DF807006A
:108CB0009DF8070002B010BDFFF728FFC7F77EFB45
:108CC000052303700DF107030472C360C7F78CFB23
:108CD000EEE713B5002304468DF80730FFF70AFFCF
:108CE00040B12046C4F702FA8DF807009DF807004E
:108CF00002B010BDFFF70AFFC7F760FB082303703F
:108D00000DF107038460C360C7F76EFBEEE713B590
:108D1000002304468DF80730FFF7ECFE40B12046F3
:108D2000C4F700FA8DF807009DF8070002B010BDE7
:108D3000FFF7ECFEC7F742FB092303700DF10703B1
:108D4000C3600472C7F750FBEEE707B500238DF848
:108D50000730FFF7CFFE40B1C4F708FA8DF80700DF
:108D60009DF8070003B05DF804FBFFF7CFFEC7F7DF
:108D700025FB0A2303700DF107038360C7F734FB5B
:108D8000EEE7F0B585B01C4600230A9F8DF80F3042
:108D900006461546FFF7AEFE58B100972A46234611
:108DA0003046C6F76FF98DF80F009DF80F0005B03B
:108DB000F0BDFFF7ABFEC7F701FB0E2303700DF10B
:108DC0000F03C0E9045486608761C361C7F70CFBD9
:108DD000EBE737B5002305460C468DF80730FFF763
:108DE00089FE48B121462846C5F766FF8DF8070081
:108DF0009DF8070003B030BDFFF788FEC7F7DEFA25
:108E0000122303700DF10703C0E902540361C7F791
:108E1000EBFAEDE7004703F021B9C00000F1804014
:108E200000F5F830C0F81015C0F814257047430954
:108E30000AD0012B0BD140F2FF3300F01F0023FAC0
:108E400000F000F0010070474FF0FF33F5E700201D
:108E500070472DE9F341019001A8DDE908580C465F
:108E600017461E46C7F79AFC019B391E18BF012101
:108E700000EB8300231E18BF0123002E43EA4103A9
:108E800014BF0C210021002D43EA010314BF4FF44D
:108E9000E0610021B8F1000F43EA0103D0F8002798
:108EA00014BF4FF4403100210B4322EA030304B105
:108EB00024780FB13F787F001C430EB13678B6009E
:108EC0003C438DB1297809023443B8F1000F03D037
:108ED00098F800804FEA0848214341EA0801C0F8A9
:108EE000001702B0BDE8F0812946EDE71FB50DF18E
:108EF0000F03019300238DF80F1000931A461946B3
:108F0000FFF7A7FF05B05DF804FB08B50146C7F7FA
:108F1000B5FC10B10846C7F7CBFC00F0010008BD56
:108F200038B5054608460C46C7F7C2FCB0B108463E
:108F3000C7F7A4FC90B90846C7F794FC2A68012338
:108F40008340C2F808332A6803B202EB8303D3F8E4
:108F5000102522F00302C3F8102538BD2046002159
:108F6000BDE83840FFF7C2BFC7F73EBDFFF7D8BF27
:108F7000034608464FF080510A6949694A439342C3
:108F800008D340B1A3F11023B3F5427F2CBF0020DA
:108F900001207047012070474FF080531A695869CB
:108FA000504370474FF08053186970474FF080531B
:108FB00058697047C8F7D4B808B5FFF7FBFF002021
:108FC00008BD031E4FF0010218BF01231146C8F768
:108FD000FBB808B5142101F0E1F8407A08B9002087
:108FE00008BDF5F7B7F90028F9D0B0F80100B0F5E1
:108FF000827F0DD040F20913984209D04CF25E03F3
:10900000984205D04AF2E013C31A58425841E7E7A4
:109010000120E5E710B5142186B0044601F0BEF842
:109020001422014601A8FEF7B1FA1021204601F0F2
:10903000B5F8DDF8133003609DF80D3083739DF8AB
:109040000C3003719DF81230032B0ED143710822AE
:1090500001A90630FEF79AFA2046F5F733FA10B167
:109060002046DEF7B1FB06B010BD00234371BDF80A
:109070000430C380F0E710B51C21044601F08EF8DF
:10908000B0F80B3047F6017293422ED009D8EBB1FD
:109090006FF480721344072B13D82046C8F73CFAAC
:1090A00017E04FF6FF7293421AD04CF25E029342E1
:1090B000F3D04CF25D229342EFD04AF2E012934299
:1090C000EBD02046BDE81040DEF77EBB2046C8F757
:1090D000A3F90028F5D02046BDE81040D8F7E4BD3C
:1090E000C379002BF2D0F02BD7D12046C8F7A6F9D0
:1090F000EFE708B50020C8F7E1FDBDE80840C9F773
:1091000023B81520C9F7E8B908B501F004F80378C9
:109110009A0608D403F00303012B04D180780E389B
:1091200018BF012008BD0120FCE7D8220021FEF76E
:1091300038BA70B50446084600F0EDFF0546014612
:1091400002222046FEF722FAAB782372C3F3810392
:10915000032B05F1030605D102223146A018FEF7C4
:1091600015FA6E1D31460222201DFEF70FFA02226B
:10917000B118A01DBDE87040FEF708BA38B50C461E
:109180001421154601F00AF804F00303032B01BF74
:1091900001238373B5F80530038014F00C0F0CBF66
:1091A00001230023C37438BD38B50D4600F0B3FF6A
:1091B0002B78044613F0030204F8013B06D0022A80
:1091C00001D1DB0606D56B7B237038BDC3F3810369
:1091D000032B12D0EB794370841C022205F10901A4
:1091E0002046FEF7D3F90222A01805F10B01FEF785
:1091F000CDF92B7A23710534E5E70222691D20465B
:10920000FEF7C4F9E9E7F0B585B00C461546064609
:1092100000F081FF1C22074600212046FEF7C1F91D
:10922000002D4DD00821304600F0B8FF4388E3817F
:10923000038823820379A37490F90530E374BB8813
:10924000A4F801307B88A4F80330BB79237630463C
:1092500000F061FF00F042FB01463046DEF7A4FB60
:109260000246FF230390237212F8013B039213F08E
:10927000030223702CD0022A01D1DB062CD5039BDC
:109280001A7862732278D20914D05A1C0392597842
:10929000227D61F30512227502F03002102A01D0FE
:1092A000202A07D19A1C03929A78A275DA1C03929D
:1092B000DB78E375237D6FF3C303237505B0F0BD41
:1092C0006570A570E5702571304600F024FFC7E792
:1092D000C3F38103032B1AD04378E3710230039068
:1092E00003A902A801F0EBF9BDF80830A4F8093091
:1092F00003A90DF10A0001F0E2F9BDF80A30A4F863
:109300000B30039B13F8012B22720393B7E703A9D9
:109310000DF1060001F0D3F9BDF80630A4F80530D0
:10932000DEE770B50E460E21154600F037FF0E221F
:1093300004460021FEF735F940F21E236380012325
:1093400063712680A57170BD024610F0030009D13B
:10935000C2F38103D91E4B424B41D20910D103F114
:109360000800704702280ED1D3060DD4C2F3810342
:10937000D91E4B424B41D209F1D003F10B0070478B
:1093800003F10A0070470220704770B50678054661
:109390003046FFF7D9FFB306044603D5285C00F03A
:1093A00007F80444204670BD08B100F0B4BE704711
:1093B00010F0200F0CBF05200D20704773B5CCB204
:1093C00005461421204600F0E9FEDDF781FF214625
:1093D00006462846DEF754FA00230093314620461D
:1093E00001230622CBF752FDFF230093062201231F
:1093F00031462846CBF74AFD02B070BD38B5054668
:109400000846144600F087FE052D04D10378012B91
:1094100004D0042B0AD06FF01B0006E0082200F1F4
:109420001A012046FEF7B2F8002038BD082200F1EC
:109430001901F6E7F0B5092185B0064600F0AEFE49
:10944000082205464FF0FF310DEB0200FEF7A9F8A8
:1094500001213046DEF748FA082207460DEB0201EB
:109460002846FEF76CF898B12846DDF731FF002258
:10947000044601460920CDF779FA2B7A3B70092280
:109480000090012321463046CBF700FD05B0F0BD2A
:10949000FF204FF6FD74F0E737B51021044600F0C9
:1094A0007DFE082105462046DEF71EFA0822A9188F
:1094B000FEF76CF82846DDF70BFF4FF6FF73984276
:1094C00011D02846DDF704FF00220546114607208B
:1094D000CDF74CFA01230090072229462046CBF70E
:1094E000D5FC03B030BD204603B0BDE83040DEF708
:1094F0006BB937B51121054600F050FE037A0446DA
:10950000022B14BF012109212846DEF7EDF9237A49
:109510000370022B05D1082204F109010130FEF786
:1095200035F82046DDF7D4FE002204460146082027
:10953000CDF71CFA01230090082221462846CBF7DC
:10954000A5FC03B030BD10B50C46282100F026FE66
:1095500008222146FDF7F3FFB0FA80F0400910BD64
:1095600010B5044686B010B9002006B010BD014603
:10957000684600F095F89DF8143003F00703032BBC
:10958000F2D19DF81710204600F0E0FD0078831E10
:1095900058425841E9E730B587B00546014668466C
:1095A00000F020F89DF8174002342A192B5D13F0C3
:1095B00007031ABF03EB430302330123D15C01F01D
:1095C0000702C1F3021041EA111149071FBF02EB64
:1095D000800252000132D2B208BF0122E0181044CA
:1095E00007B030BD7FB50446019118220E46002118
:1095F000FDF7D7FF0222019904F11400FDF7C6FF21
:10960000019B9A1C01929A78A27503330193637DA2
:1096100013F00C0FC3F3810531D001A904F112003E
:1096200001F04DF8022D22D101A90DF10E0001F03B
:1096300046F8BDF80E302380637D9D0911D0237D4F
:109640005B0621D401A904F1100001F038F8022DC5
:109650001DD101A90DF10E0001F031F8BDF80E3059
:1096600023810198801BC0B2E07504B070BD0199E0
:10967000204601F06CF8019B08330193DCE74FF6BC
:10968000FF7363822580D7E7638A2382DFE701992E
:1096900004F1080001F05BF8019B08330193E0E757
:1096A00010B50446084600F036FD01462046BDE8E8
:1096B0001040FFF797BFDEF787B813B5ADF8061077
:1096C0000621DEF711F902220446C2700DF10601EF
:1096D0000430FDF75BFF0023A37002B010BD10B58E
:1096E0000C460521DEF700F90123C3700023047145
:1096F000837010BD08B52721DEF7F6F80423C37088
:1097000000238370BDE808400430D2F719B910B5C2
:109710004FF6FF70E2F75EFE84B22046D2F73CFAC5
:109720000028F5D0204610BD13B5044601A8DAF78D
:1097300035FE50B9019B5A7860F345125A70019971
:109740002046D2F771FB02B010BD2046DEF73CF890
:10975000F9E742784AB10278510706D58378FF2BA2
:1097600003D1930701D1D2F7FDBD70470021D4F793
:109770000FBD1FB502238DF80F3000220123CDE964
:109780000032FF210DF10F038722DBF795F905B0B9
:109790005DF804FB08B50F21DEF7A6F80D22427034
:1097A000032282708822C270012202718271062215
:1097B000C271902202721B2242721922002382720D
:1097C0004A2203701E21C272437341227F234171DA
:1097D0000273837308BD0021D6F7CABD07B578B1FF
:1097E000C37B00226FF3C713C3731146C0880DF10A
:1097F0000703DDF741FC18B99DF80700DAF75CFABA
:1098000003B05DF804FB13B5002304460193DBF7B6
:109810008FFAA8B101A92046DAF7F8FA80B9019BBE
:109820005A7802F01C02042A0AD0197993F905002B
:1098300000F045F820B1019A537843F0400353708B
:1098400002B010BDE9280DD005D8DA280CD0E128E7
:1098500008BF0920704700F11003DBB2012B98BF4D
:109860000620704709207047D3207047DDF752BAB1
:1098700010B50446DBF73EFA78B1204600F0B3F8A5
:1098800000F0FB0001280AD02046D7F707FE18B1E8
:10989000407801304000C0B210BD1820FCE7002025
:1098A000FAE743781B074CBF10300830704710B5FB
:1098B0000C46511CDEF79EF800F8014B10BD10F16C
:1098C000500FACBF0020012070474378C3F3C000A5
:1098D000C3F3001318440130C0007047437813F0FD
:1098E000100F024614BF10200820190748BF083087
:1098F000590741BF125C023000EB420000F0FF004C
:109900009B0744BF0E30C0B2704710B500F003FC97
:109910000446FFF7E3FF205C10BD10B50C4608219C
:1099200000F03FFC6FF001014FF0FF320170427018
:109930008170C270847110BD08B5082100F02EFC42
:10994000408808BD022100F039BC37B504460D46F9
:109950000DF107012078DDF78FF8014618B16FF09F
:109960001B0003B030BD9DF807002A46DAF7EEF978
:109970000028F6D0237801332370E9E790F9052019
:109980007F2A07D0891A55234B4348BFFF3302EB88
:10999000232251B24171704707B5002211460DF1E3
:1099A00003030192DDF768FB014698B99DF80300B7
:1099B00001AADAF7CBF9014660B9019A137803F0EE
:1099C0000C03082B0CD1517801F01C01043918BF8D
:1099D0004FF0FF31B1FA81F0400903B05DF804FBAC
:1099E0004FF0FF31F6E707B501A9DAF70FFA30B902
:1099F000019B5878C0F3820003B05DF804FBFF20A0
:109A0000FAE707B501A9DAF723FA30B9019B5878CC
:109A1000C0F3820003B05DF804FBFF20FAE707B54E
:109A200001A9DAF7F3F930B9019B1878C0F3810086
:109A300003B05DF804FBFF20FAE707B501A9DAF7E8
:109A400007FA30B9019B1878C0F3810003B05DF8C4
:109A500004FBFF20FAE707B501A9DAF7D7F930B917
:109A6000019B5878C0F3400003B05DF804FBFF2071
:109A7000FAE708B5FFF7EFFFFF2808BF002008BD91
:109A800007B501A9DAF7E4F930B9019B5878C0F3BA
:109A9000400003B05DF804FBFF20FAE737B5144639
:109AA00000220D460DF1030311460192DDF7E4FAA1
:109AB000D8B99DF8030001AA2946DAF747F9A0B9F9
:109AC000019B5A78C2F3820222701A78C2F3810293
:109AD00062705A78C2F34002A2701A78C2F303127D
:109AE000E2705B78C3F30003237103B030BDF7B5B8
:109AF00000220C460DF1030311460192DDF7BCFA7A
:109B00000546002841D1014601AA9DF80300DAF775
:109B10001DF90546002838D1019A21785378C3F3FE
:109B20008200884213D110786678C0F38107B7426B
:109B30000DD1A778C3F34006B74208D1E678B6EB5B
:109B4000101F04D1207903F0010383421DD0537804
:109B500061F384035370019B61781A7861F3830287
:109B60001A70019BA1785A7861F341025A70019BE7
:109B7000E1781A7861F307121A70019B21795A78FB
:109B800061F300025A7000F081FD284603B0F0BD79
:109B900013B501240094DBF777FD02B010BD30B59A
:109BA0000023C45CCD5C6C40D4540133102BF8D13D
:109BB00030BD2DE9F04F0E461146821E89B0520885
:109BC000DDE91475D200DDE9124942F041028DF859
:109BD00010200DF111000D229846FDF7D7FC7BBA3D
:109BE0002A4604A93046ADF81E30C0F763FF63BAB9
:109BF0000E2CADF800304FF00E0259D800210DF1B7
:109C00000200FDF7CEFC224641460DF10200FDF7B1
:109C1000BDFC002404AA69462846FFF7C0FF2A4677
:109C200004A93046C0F746FF08F10E08A246C34615
:109C3000BAF10F0F43D814F00F0A16D010220021EA
:109C4000684624F00F04FDF7ACFC524608EB040113
:109C50006846FDF79BFC04AA69462846FFF79FFF6C
:109C60002A4604A93046C0F725FF3C4609EB070801
:109C70000F2CA8EB040131D817F00F0415D01022D7
:109C800000216846FDF78DFC27F00F01224649446C
:109C90006846FDF77BFC04AA69462846FFF77FFF6C
:109CA0002A4604A93046C0F705FF09B0BDE8F08F89
:109CB00041460DF10200FDF769FC0E3CAAE759464A
:109CC00004AA2846FFF76BFF2A4604A93046C0F7CE
:109CD000F1FE0BF1100BAAF1100AA9E704AA28461D
:109CE000FFF75DFF2A4604A93046C0F7E3FE103CAB
:109CF000BEE72DE9F04F8DB09946169E189B039054
:109D00000F46904634464FF0010B03EB060A09EB71
:109D10000605AAEB040302930F2CA5EB04030193A1
:109D200051D8189A35096FF00F046C436342A2EBC7
:109D3000040B341924D001228DF8202041460D2235
:109D40000DF12100013501936DBAFDF71FFC04AA46
:109D500008A93846ADF82E50C0F7ACFE10220021FD
:109D600008A8FDF71EFC019B224609EB030108A889
:109D7000FDF70CFC5A4608A904A8FFF710FFD346CC
:109D8000012341460D220DF121008DF820300024E1
:109D9000FDF7FCFB04AA08A93846ADF82E40C0F731
:109DA00089FE2146102208A8FDF7FBFB039A1799AC
:109DB00008A8FDF7EBFB5A4608A904A8FFF7EFFE39
:109DC0000DB0BDE8F08F01228DF8202041460D2214
:109DD0000DF12100FDF7DAFB9BFA9BF2ADF82E2086
:109DE00008A904AA3846C0F765FEDDE9011204A8F7
:109DF000FFF7D5FE0BF10103103C1FFA83FB88E748
:109E00002DE9F04F8146B1B010461E468A46904675
:109E100000F081F93A9C8319043C0593A3190AAF19
:109E200003440546CDE900435246831949460420C0
:109E30000DF1180B0297FFF75CFF2B46524649467F
:109E40000420CDE9024BCDE90067FFF7B2FE042202
:109E500059463819FDF773FB054660B904214046A1
:109E6000DDF784FD059822463946FDF78FFB28462D
:109E700031B0BDE8F08F4FF0FF35F8E708B50021AD
:109E80000846DCF727FA01210846DCF723FA02210D
:109E9000BDE808400846DCF71DBA70B50E4686B02E
:109EA0000821054600F07AF943780446E3B90178C1
:109EB00002312846DDF718FD23780370637843707C
:109EC000A3B11E2263880492E2790392A2790292DE
:109ED0006279019222790092294647F60172304652
:109EE000DCF740FA06B070BD0021E1E7821C217862
:109EF0009942E6D902F8013B0133F8E770B588B022
:109F0000002201A90446FFF77EF9204600F003F97C
:109F1000FFF73BFA01462046DDF746FDBDF80D5040
:109F20004AF6CD339D4208D1204600F089F938B970
:109F30002046DDF749FC08B070BD542DF8D1F3E799
:109F4000204600F0E8F808210646204600F026F9F1
:109F50003378037001234370BDF80530438002233A
:109F600003710423C37129462046FFF796FFE2E7F9
:109F700030B584880368888809688B4274EB0005D3
:109F800006DB5B1A64EB000413609480002030BD94
:109F90000120FCE7CB0801F00701C05CC84000F0DD
:109FA00001007047CA08012301F007018B40815C62
:109FB0000B438354704710B5CC080122035D01F0B8
:109FC00007018A4023EA0203035510BD08B5027851
:109FD0000B789A4208D1052201310130FDF7AFFA22
:109FE000B0FA80F0400908BD0020FCE7837AC3F393
:109FF000C012C3F34011920142EA4112D2B203F0FF
:10A0000001010A43C17AC90101F0800142EA01005D
:10A01000C3F34202C3F300131B0143EA4203DBB262
:10A0200018437047DDF7E2BD002908BF982110B53D
:10A03000044688B200F022F9002102462046DDF7EE
:10A04000DBFA044610B91320E6F70CF9204610BDE0
:10A0500000210846FFF7E8BF01221146DDF7CCBA20
:10A0600008B50138C0B2DDF76FFEBDE80840007AE0
:10A0700000F00FB913B50446982000F0FFF800F087
:10A080007F0000218DF8060068460094ADF80410AA
:10A09000DDF716FB02B010BD13B50446982000F0A2
:10A0A000EDF800F07F0000238DF8060001216846DE
:10A0B0000094ADF80430DDF703FB02B010BD37B5F6
:10A0C000002A08BF9822054690B20C4600F0D6F848
:10A0D00060F07F008DF80600002168460095ADF81D
:10A0E0000440DDF7EDFA03B030BD37B5002A08BFF4
:10A0F0009822054690B20C4600F0C0F860F07F0050
:10A100008DF80600012168460095ADF80440DDF7A2
:10A11000D7FA03B030BD013808B5C0B2DDF714FE80
:10A1200000F10C02C088104408BD08B50138C0B267
:10A13000DDF70AFE808808BD38B50546FFF7EBFF5E
:10A1400004462846FFF7F1FF204438BD10B50C4601
:10A15000FFF7E1FF204410BDF8B505460138C0B255
:10A16000DDF7F2FD0446077A867A2846D7F79CFD8C
:10A170000C2200212046FDF714FAA37A277206F07C
:10A18000010666F30003A37204F10C00F8BD10B5DC
:10A190000C46FFF7C0FF201AC0B210BDC9B2DDF7F0
:10A1A0006FBC38B50D46C9B2DDF76AFC044618B17C
:10A1B0002A460021FDF7F5F9204638BD013838B5AB
:10A1C000C0B20D46DDF7C0FD0446FFF70FFF40EAC1
:10A1D00005018A0901F03F0343EAC213A27A02F0A3
:10A1E00040021343A372E37AC90961F30003E372E7
:10A1F00038BD013838B5C0B20D46DDF7A5FD0446BF
:10A20000FFF7F4FE20EA05018A0901F03F0343EA63
:10A21000C213A27A02F040021343A372E37AC9097F
:10A2200061F30003E37238BD0E21FFF7E2BF08B50A
:10A230000138C0B2DDF788FDBDE80840FFF7D6BEA3
:10A2400008B50138C0B2DDF77FFD006808BD0138F0
:10A2500010B5C0B20C46DDF777FD046010BD08B53F
:10A260000138C0B2DDF770FD407A08BD013810B585
:10A27000C0B20C46DDF768FD447210BD982881BF5E
:10A280000B30A423B0FBF3F001308CBFC0B201202F
:10A29000704720B1A4226FF00B0312FB003070470F
:10A2A0000023DDF79FBE37B50C46054611468DF8F5
:10A2B000072020460DF10702DDF782FD48B90CB1F9
:10A2C000163CE4B29DF80720002321462846DDF71E
:10A2D00089FE03B030BD0A460021DDF755BD0021DF
:10A2E000DDF7DEBD08B50021DDF7DAFDB0FA80F05C
:10A2F000400908BDC0F71AB8F0B500240D1B012DA8
:10A30000146001D8002016E090F90130002BF9DB31
:10A310000719035D7F7803F07F06DB0943EA4703F3
:10A320007E3BDBB2012B05D9B31CAB42EAD8023429
:10A330003444E3E70120F0BDF0B500254E1B012EAB
:10A3400015601ED94319475D5C7893F90130002BE5
:10A3500005F102050ADB640044EAD714E4B207F011
:10A360007F0315607F2C0AD10120F0BD230203F486
:10A37000E063C4F3C3043B4315600F2CF3E7B3421F
:10A3800001D90020F1E71D44D8E702292DE9F8435F
:10A39000164602D80020BDE8F88303781B2B4CD169
:10A3A0004378192B49D183784A2B46D14718C41CCE
:10A3B0003B1B012B03D8E31B58425841EBE7A04657
:10A3C00018F8025B05F03F09A7EB08034B454FEA7D
:10A3D0009515DFDB012D2AD0022D10D055BBB9F128
:10A3E000090F27D90123414606F11200337400F00A
:10A3F000AEF9022204F10A0106F11A0014E0B9F1E3
:10A40000120F17D9012333700F232A4604F11101CB
:10A410003372C6F8048006F10A00FDF7B7F82A4641
:10A4200004F1130106F10C00FDF7B0F802E03577F6
:10A43000A378737708EB0904BAE70120ABE7F0B51E
:10A44000014401270B1A012B03D8431A58425841E3
:10A450000FE00546437815F8024B5FEAD31CA1EBE9
:10A46000050607D01B0203F4E0631C43B44209DD78
:10A470000020F0BDB442FBDC1E2B03D114B11770D9
:10A48000837853702819DDE7704708B5C0F756F98F
:10A4900000280CBFE720002008BD08B5FFF74CFEE0
:10A4A00010F9010C08BD08B5FFF746FE10F8020CC4
:10A4B00008BD70B586B00E460546FFF72CFE014676
:10A4C00004466846FFF78EF89DF8143003F0070342
:10A4D000032B0BD1235C042B08D1002E14BF0021C9
:10A4E000EB212846FFF7B3FE06B070BD0021F8E768
:10A4F000052905D9881F05288CBF00200120704739
:10A500000138C3B20B2B9DBF40F66770D84000F0F6
:10A510000100002070472DE9F04F054693B09046AA
:10A520001E460F46FDF746FEEA881F2A034649D815
:10A530002A68013246D0A88830B300EB080199425E
:10A5400040D8072E40D908236A4608393846C0F754
:10A55000BFFD0446002835D1009B5A1C32D02A6822
:10A5600093422FD1092E2FD9AE88BDF804B0043EF6
:10A57000B6B205464FF6FF7AAE4208D8ABEB0A03F7
:10A580005C425C4104F0010013B0BDE8F08FA6EB23
:10A5900005091FFA89F9B9F1400F28BF4FF04009AA
:10A5A0004B4602AA05EB08013846C0F791FD00288A
:10A5B000E8D151464A4602A8E1F736FF40358246C7
:10A5C000ADB2D9E70020DFE70120DDE770B5CB8829
:10A5D0001E2B06460C4615462AD18B880C2B04D11F
:10A5E000002313806FF0470007E0102B12D10423E3
:10A5F0000C21C0F76DFD0028F4D0A3880C2B0CD1E2
:10A6000000232B802B88002231462046FFF783FF52
:10A6100001380CE04FF0FF30EFE7182B07D104238F
:10A620002A460C213046C0F753FD0028EAD070BD01
:10A630004FF0FF30FBE700226FF41061FF20DDF7E1
:10A64000DFBDF8B5069EBDF81C7014461D463246A7
:10A650003B46C0F73DFD013001D1FFF7ECFF3B4623
:10A66000324629462046C0F75BFD013003D1BDE8E4
:10A67000F840DEF7DBB9F8BD08B5C0F74FF820B1F8
:10A68000BDE808400020DEF79BB808BD08B5DEF73E
:10A690003BFC0B20E1F7ACF80C20E1F7A9F81F20F8
:10A6A000E1F7A6F8BDE80840DEF73CBC0B78C370C4
:10A6B0004B7883708B784370CB780370704710B5FC
:10A6C0000C4602220968FCF761FF2368023323600D
:10A6D00010BD13B50222ADF806100DF106010446B7
:10A6E000FCF754FFA01C02B010BD13B5ADF8061066
:10A6F000ADF804200DF1060102220446FCF746FFE6
:10A70000022201A9A018FCF741FF201D02B010BDD4
:10A7100013B5042201910DEB02010446FCF736FF4C
:10A72000201D02B010BD421EC31D41F2055012F89B
:10A73000011F00EB40109A420844F8D120F000407D
:10A7400070470023013900D270474354FAE70138BB
:10A7500001F1080311F8012B00F8012F9942F9D1FA
:10A76000704710B5431800EB5101884200D110BD6D
:10A77000027813F8014D00F8014B1A70F5E74342D7
:10A780001840E1F7DBBE38B505460C46FFF7CDFCB7
:10A7900020B90CB9002038BD2060FBE72846FFF740
:10A7A000C4FC032805D80CB90420F4E70023236077
:10A7B000FAE72846FFF7AFFC04B120600078EAE72B
:10A7C000003A18BF01225242E2F78ABCE2F7BABA55
:10A7D000C7F7C2B810B50C46C6F74CFD24B12346E6
:10A7E0000020BDE81040184710BDE3F713BBE5F7A4
:10A7F0004DB870B586B0CEB24FF6FF7305460C4625
:10A8000008224FF0FF3104A8ADF80E30FCF7C9FE66
:10A81000220A0DF10E0104A8DCF75EF9B3080093DB
:10A82000BDF80E2006F0030304A92846E3F73AFB1F
:10A8300006B070BD10B50446FFF76DFC03681BB190
:10A84000D9F7AEF9E1F7AAFA204600F074FE20B974
:10A850002046BDE81040E3F73DBD10BD07B500221E
:10A8600011460DF103030192DCF706FC014678B9AD
:10A870009DF8030001AAD9F769FA48B9019B5B78F2
:10A8800003F01C030C2B03D19DF80300D9F714FA35
:10A8900003B05DF804FB13B5FF238DF806308DF887
:10A8A000073014460DF107030DF10602DDF74CFCED
:10A8B0009DF806307BB99DF80730FF2B0BD00B3B82
:10A8C000DBB203F11402012120468DF80730C0F7F6
:10A8D000ABFC02B010BD6FF01600FAE713B5FF2312
:10A8E0008DF806308DF8073014460DF107030DF191
:10A8F0000602DDF729FC9DF80630FF2B0FD09DF8EE
:10A900000710FF290BD003EB4303243103EBC303F0
:10A910005A1820460121C0F787FC02B010BD6FF025
:10A920001600FAE70021E4F7D7BA0121E4F7D4BA18
:10A930000122E4F743BA0022E4F740BAF8B50E4624
:10A940001C210446FFF72AFC05462046FFF7E3FBDF
:10A95000022107782046DCF7C7FF07704670B5F87C
:10A960000120214648F22000BDE8F840E5F782BA10
:10A9700070B50446FFF7CFFB042106782046DDF7CB
:10A9800013F823212046FFF709FC054666B9204647
:10A99000FFF7C1FB232201462846FCF7F7FD2046BE
:10A9A000BDE87040DCF710BF23220021FCF7F9FD61
:10A9B000F5E710B50446FFF743FC08B9D8F72EF9C0
:10A9C000E4F7EEFD2046BDE81040DCF7FDBE704721
:10A9D00001207047C6F78CBF08B5C6F789FFBDE8F0
:10A9E0000840C6F74FBFF8B50F460B211446064680
:10A9F000FFF7D4FB0546E2F73DFCE2F7D7FCAB7A64
:10AA00002881A40144EAC71403F03F031C43AC723D
:10AA100030460021BDE8F840E6F7C0BCF7B50E4669
:10AA2000054638B349B30221FFF7B8FB0821078870
:10AA30002846FFF7B3FB044600210822FCF7B1FDCE
:10AA4000A78001A93846D9F7E1F968B9019B1A79BD
:10AA5000A27193F905302060E37129463046E1F791
:10AA6000C1FD002003B0F0BD0023A3716FF01B00F7
:10AA70007F23F0E76FF00900F4E76FF00A00F1E7D9
:10AA80002DE9F8430E460746182130469846914670
:10AA90009DF82050FFF782FB182200210446FCF7A6
:10AAA00080FD4FF6F7739845A4F800804FF002033D
:10AAB0000BD9FE2DE373678108BFFF252A4649465F
:10AAC0003046BDE8F843E5F7FFBA0422FE2D2274B4
:10AAD000E373678108BF0125F0E710B50446FFF76F
:10AAE0001AFB037803F00303012B0DD1FEF7F6FEEA
:10AAF00001462046FFF72AFB0378012B04D1BDE86D
:10AB000010400820E5F7AEBB10BD102070477FB5A0
:10AB10000E4606210446FFF741FB034600680290FB
:10AB20009B88ADF80C3004212046DCF7DDFE0DF1EA
:10AB30000A0105460222FCF729FD9DF80C30AB7096
:10AB40009DF80D30EB700120BDF8083000903246C2
:10AB50002146FFF795FF04B070BD38B50D460621BC
:10AB60000446FFF71BFB4FF6FF730021038045806F
:10AB700081802046BDE83840FFF7C9BF30B585B0B9
:10AB80000D460446FFF7C7FA0DF10E010388ADF834
:10AB90000E300222FCF7FAFCFE2300932A46BDF891
:10ABA0000E3021460220FFF76BFF05B030BD30B5F7
:10ABB00085B00D460446FFF7AEFA0DF10E0103888D
:10ABC000ADF80E300222FCF7E1FCFE2300932A468A
:10ABD000BDF80E3021460320FFF752FF05B030BD0F
:10ABE00030B585B00D460446FFF795FA0DF10E011C
:10ABF0000388ADF80E300222FCF7C8FCFE23009358
:10AC00002A46BDF80E3021460420FFF739FF05B073
:10AC100030BD30B585B00D460446FFF77CFA0DF126
:10AC20000E010388ADF80E300222FCF7AFFCFE23C4
:10AC300000932A46BDF80E3021460520FFF720FF7D
:10AC400005B030BD2DE9F74306460F46FFF763FA1E
:10AC5000C37984791C4464000A3480462146304616
:10AC6000FFF79CFA054622464146FCF78FFCEB793C
:10AC7000A9791944033149003046DCF735FE022238
:10AC8000A9180446FCF782FC0222A018291DFCF733
:10AC90007DFCAB79237105F1080905344FF00008FC
:10ACA000AB79434519D8EB7904F8013B4FF0000824
:10ACB000EB79434509EB48011AD82B884FF6F77218
:10ACC00093428CBFFF220122009231463A46062071
:10ACD000FFF7D6FE03B0BDE8F083494620460222C6
:10ACE000FCF754FC023409F1020908F10108D7E726
:10ACF00020460222FCF74AFC023408F10108D7E79B
:10AD0000034670B508461C4600218842264614F8C2
:10AD1000015B09D8AA4206D01C18E51AA94207D33C
:10AD200001303270C0B270BDAA42F3D90131ECE7F4
:10AD300014F8015C04F80159EFE770B50646FFF717
:10AD4000EAF9057904463046FFF7EFF90538854200
:10AD500018D1ADB1072D15D9E37A5A0002F10801D7
:10AD60008D420FD304F10C0111F8136033445B00E2
:10AD700008339D4206D104F10D00FCF7F0FB267369
:10AD8000002070BD6FF04400FBE738B50D46044667
:10AD90000222FCF7FBFBAB78A3700222E91CE01C4B
:10ADA000FCF7F4FB6B7963710222A91DA01DFCF76F
:10ADB000EDFB022205F1080104F10800FCF7E6FBB7
:10ADC000022205F10A0104F10A00FCF7DFFB2B7BEC
:10ADD000237338BD0222FCF7D9BBF7B50E460546F2
:10ADE0000822FCF7D3FBB379AB71F379EB718DF8E3
:10ADF00007300027B479BC4212D83F1BB379F279EF
:10AE00001344E0199C42C0B216DBAB7905EB43005A
:10AE100001220DF107010730FCF7B8FB03B0F0BDCC
:10AE2000391D05EB4100022206EB410101380137D3
:10AE3000FCF7ACFBFFB2DDE7211D0430022206EB7C
:10AE4000410105EB40000134FCF7A0FBE4B2D5E77B
:10AE5000F8B507460D4616460024A64202D805EB73
:10AE60004600F8BD05EB440107EB44000222FCF765
:10AE70008DFB0134F1E708B5E0F732FFE0F746FF5C
:10AE8000BDE80840E0F73CBF73B50E460421044618
:10AE9000FFF784F9012105462046DCF725FD2B78D4
:10AEA0000370FE226B880092214632463120FFF764
:10AEB000E7FD02B070BD73B50E4604210446FFF7EE
:10AEC0006DF9012105462046DCF70EFD2B78037055
:10AED000FE226B880092214632463320FFF7D0FDD8
:10AEE00002B070BD38B502210446FFF757F9054698
:10AEF0002046FFF7A5F968702046E5F791F820B1E4
:10AF00002046BDE83840DCF75FBC38BD38B50421C9
:10AF10000546FFF743F9002104460422FCF741FBF4
:10AF20006FF0030323704FF0FF33637000210123A0
:10AF3000A170E3702846BDE83840E6F727BB08B5A6
:10AF4000D9F7ECFE20B1BDE808400020E7F7E2BBEE
:10AF500008BD38B50446FFF7E8F80C2801D10120F8
:10AF600038BD2046FFF7E1F80C2810D92046FFF73E
:10AF7000D2F8037B002BF2D00E25204605EB4305CB
:10AF8000FFF7D3F8A84234BF00200120E8E70020F3
:10AF9000E6E738B50446FFF7BEF805462046FFF75A
:10AFA000C4F8042809D920462D79FFF7BEF80535E5
:10AFB000A84234BF0020012038BD0020FCE770B556
:10AFC00005460E46FFF7A7F804462846FFF7ADF8FA
:10AFD00004280BD924792846FFF7A7F814FB06F4B8
:10AFE0000534A04234BF0020012070BD0020FCE7E2
:10AFF00070B504460D46FFF78EF806462046FFF76B
:10B0000094F803280AD9737853B92046FFF78DF8CE
:10B010000430A84234BF0020012070BD0020FCE7AE
:10B020000120FAE7A1F50041F8B504463A2900F2FB
:10B030009180DFE801F01E1E22282A2A2A8F8F8F96
:10B040008F8F8F8F8F8F2A2A8F8F2E2E8F8F8F8F9C
:10B050008F8F8F8F8F354949498F8F8F8F8F8F8F2C
:10B060008F8F8F8F8F8F8F4D5355498F498F838F40
:10B070005F00BDE8F840FFF76CBF11212046BDE836
:10B08000F840FFF7B5BF0221F8E7BDE8F840FFF749
:10B0900080BFFFF74AF8032894BF002001202AE070
:10B0A000FFF739F805462046FFF73FF8022851D947
:10B0B000AB78032000EBC3052046FFF736F8854246
:10B0C0008CBF0020012016E0FFF72FF80128E3E7EE
:10B0D00016212046BDE8F840FFF771BF0521F8E7CB
:10B0E000FFF723F8042835D92046FFF714F8037931
:10B0F0000646FBB90120F8BD2046FFF716F805F11A
:10B100000C03984226D32046FFF705F82844C37A5B
:10B11000012B0BD10E352046FFF707F8854219D8D1
:10B120000137012033799F42E6D3E4E7032B11D1A5
:10B130001535F0E7002007460525F3E7FEF7EBFF9E
:10B1400005462046FEF7F1FF0A2803D9A87A00F148
:10B150000B05B1E70020CEE758B1022804D1002941
:10B160000CBF032000207047012814BFFF200320DC
:10B1700070470120704713B5002101AA0446D8F793
:10B18000E5FD40B9019B5B7803F01C03142B02D151
:10B190002046D6F795FC02B010BD38B5092104460B
:10B1A000FEF7FCFF0546C6F781FB10B9287AE8F7E1
:10B1B000A9FA2046BDE83840DCF706BB48B10023B9
:10B1C000C25C12B90133102BFAD1103B58425841DE
:10B1D00070470120704738B50C4602210546E8F754
:10B1E00089FD30B9611E2846C9B2BDE83840E8F78C
:10B1F00081BD38BD10B502210446E8F77BFD01464C
:10B2000020B92046BDE81040E8F774BD10BD07B571
:10B2100001466846DBF79AFC6846E8F7E1FF03B0B1
:10B220005DF804FB00207047036833B143688B422C
:10B230002CBF00206FF0290070476FF02900704785
:10B24000012808B506D0022807D0BDE80840002034
:10B25000FCF762BFDEF750F8F7E7E0F727FAF4E70C
:10B2600008B1DCF7B1BA704738B5044608460D4658
:10B27000E8F768FB014620B110222046FCF786F96A
:10B28000257438BD2DE9F74FDDF8309000250E46C6
:10B2900090469A4689F8005068B91A78AA420B4637
:10B2A0000CBF6FF016006FF029009B1B89F800306F
:10B2B00003B0BDE8F08F0B4613F8012B8AF800208D
:10B2C0003AB3441E02EB820294420ED34046DCF7AE
:10B2D0000DFFB71C28469AF80020AA4207F1FF3359
:10B2E000E3D90028E1D1042C02D86FF02900DCE773
:10B2F00017F801BC042239460DEB0200FCF746F9B1
:10B30000019A59464046DCF705FF053C01350537F3
:10B31000E1E76FF01600C8E737B50C460546C1797E
:10B320002046DBF713FC2046DBF7D2FF02220DEBB1
:10B330000201ADF8020004F10800FCF727F92B78B0
:10B34000C3F38103A3726B78C3F34003E37200235A
:10B35000042223736373D5F80E3001930DEB0201C1
:10B3600004F10E00FCF712F9287A00F00F00E0F764
:10B3700021FE042201900DEB020104F11200FCF702
:10B3800005F96B78C3F38203A375EB78AA7803F011
:10B390000103DB0043EA5213E3752B7923762B7A02
:10B3A000C3F3021363766B7A2A7A03F00F035B0010
:10B3B00043EAD213A3766B78C3F3C013E376AB787A
:10B3C000C3F30403237703B030BD0121EAF746B885
:10B3D0000021EAF743B80121EAF7C4B80021EAF7EF
:10B3E000C1B81FB5044640F21620E9F71DFD002341
:10B3F0000246009340F21621234603A8E9F7ECFF2A
:10B400000146039804B0BDE81040E9F75FBB30B5D2
:10B41000044685B080B20D46E9F706FD00230246DA
:10B42000009321462B4603A8E9F7D6FF014603986F
:10B4300005B0BDE83040E9F749BB7FB507294FF0BB
:10B44000000305461646ADF80E3029D90222411DEB
:10B450000DF10E00FCF79AF8BDF80E00431E9BB2EA
:10B460004FF6F67293421ED8E9794B1EDBB2EF2BF2
:10B470001CD840F205339E420FD0C6F755FE044655
:10B4800010B91320E0F7B4F9002000902A79234680
:10B490003146E9F7A1FF04B070BDC6F74DFEEEE7F7
:10B4A0006FF02904F0E76FF00904EDE76FF00A048C
:10B4B000EAE7F0B5082185B00446FEF76FFE0546C1
:10B4C0002046FEF7BDFE064640F60110E9F7ACFC4B
:10B4D000FF2802461AD00523009340F60111334697
:10B4E00003A8E9F779FF039E074604222946F01DC9
:10B4F000FCF74CF82B79F37230463946E9F7E6FA57
:10B50000204605B0BDE8F040DCF75EB905B0F0BDFF
:10B5100038B504460D46E9F743FB30B12A462146CB
:10B520000120BDE83840E9F741BB29462046BDE887
:10B530003840EBF7DFBD2DE9FF470646FEF7EBFD90
:10B54000044640F20240E9F76FFC02462079236886
:10B55000012101EB0011009103A840F20241E9F73B
:10B560003BFF039F2379FB71804607F108054FF0ED
:10B57000000922795FFA89F39A420AD8414638468F
:10B58000E9F7A4FA3046DCF71FF9012004B0BDE862
:10B59000F0876079294600F07F00DBF739F96079A0
:10B5A0000DF10A0100F07F0005F1080ADBF7BAF996
:10B5B00002220DF10A015046FBF7E8FF237AAB7235
:10B5C000A379627903F00F035B0043EAD213EB72B5
:10B5D000E379A27903F003031B0143EA12132B73EF
:10B5E000E379C3F38011C3F34012890041EA4201B9
:10B5F000C3F300121143C3F3810341EA0311C9B23B
:10B600006973607900F07F00D5F724F840B10279C2
:10B6100090F90530AA73EB7309F101091035A8E719
:10B620007F230246F6E701460220FFF7F0BE10B581
:10B630000446BEF7DFFE012804D12046BDE81040D5
:10B64000FFF7F1BFBDE81040EEF786BA38B5044603
:10B650000D46E9F7A5FA30B12A4621460320BDE898
:10B660003840E9F7A3BA29462046BDE83840EEF74E
:10B670009BBA10B51C210446FEF790FD0346B0F8B6
:10B680000B0088B14AF2E01290420ED040F209124B
:10B690009042B3F8093002D1B3F5006F05D0002015
:10B6A0002146FFF7D3FF012010BD0020FCE7F0B5D5
:10B6B000052185B00446FEF771FD05462046FEF7DC
:10B6C00034FD2B682A790090064640F6012103A834
:10B6D000E9F782FE05462046039FFEF71CFD324631
:10B6E0000146F81DFBF752FF29463846E9F7EEF907
:10B6F0002046DCF769F8284605B0F0BDEEF70CBC33
:10B7000082B002AB03E906000098114602B0BFF711
:10B7100025BC82B002AB03E906000098114602B0D6
:10B72000BFF774BC30B54B6805463BB30A6802F1FD
:10B73000F70083420BD9F720EAB9B3FBF0F400FB22
:10B740001433B3B91C46034644F0400403E09B1A8B
:10B750008024002AF8D001F1140010441A440A6031
:10B76000C1E9030301F8084F07C985E80700284627
:10B7700030BD1446E8E703460024ECE718461C46B3
:10B78000EEE70022C0E90022C0E9032202724FF472
:10B79000C861143000F0C3BB30B5044685B015460F
:10B7A00099B192B143689BB9B2F5C86F13D8143000
:10B7B00000F097FB65606D4621462846FFF7B2FF13
:10B7C00095E80700083484E80700002005B030BD84
:10B7D0006FF00300FAE74FF0FF30F7E70831034658
:10B7E00007C983E807001846704730B58B6885B0F5
:10B7F00004462BB1D0E900239A4207D1FFF7C1FFDD
:10B800006068B0FA80F0400905B030BD6D46014671
:10B810002846FFF787FF95E8070004F1080383E84F
:10B820000700EDE710B5044600F080FB04F2546019
:10B83000BDE81040FFF7A5BF00F25460FFF7ACBFB2
:10B8400000F0ACBB70B586B004AD0C4606460146B0
:10B85000284600F0A6FB95E8030004F108036D46B6
:10B8600083E8030006F254612846FFF7B7FF95E826
:10B87000070004F1100383E8070006B070BD00F272
:10B880005460FFF7B2BF00F093BB427883789A42CE
:10B890001FBF02784068B3FBF2F102FB11331DBFFA
:10B8A000DBB24FF4847202FB03000020704730B417
:10B8B000D0E9023213430AD1036943B14FF0FF3498
:10B8C0004FF0FF35C0E90245406930BC184730BC35
:10B8D0007047036980F8681013B1012380F8603065
:10B8E0007047036980F8781113B1012380F8603044
:10B8F000704708B590F87831072B024602D1002135
:10B90000FFF7EFFF92F86830092B03D100211046B2
:10B91000FFF7DFFF136913B1012382F8603008BD20
:10B9200010B500F5BE700C46FFF7AFFF08B180F808
:10B93000044110BD10B504460021FFF7F1FF94F853
:10B940007B31013384F87B31236913B1012384F8FF
:10B95000603010BD33B40D68AC18B4F5807F0CD8DE
:10B960000B1D2B44CDE9003202AB0C6013E906003D
:10B97000006802B030BC00F04EBB02B030BC704773
:10B9800038B5026F013A0267044600F1700500F114
:10B990007501743000F0AEFA08212046FFF799FFD8
:10B9A00001222946BDE83840FFF7D4BF03690BB137
:10B9B00040691847704708B590F86830042B024674
:10B9C0000CD0082B01D0012B0ED102211046FFF71D
:10B9D00080FFBDE808401046FFF7E8BF036F073B54
:10B9E000994201D10521F2E70921F0E708B590F865
:10B9F0007831012B024608D0032B1BD090F87A3106
:10BA0000013380F87A31072103E049B980F87A11CF
:10BA10000221FFF766FFBDE808401046FFF7C6BFEA
:10BA200001291EBF92F87A31013382F87A31002160
:10BA30001046EEE70029F3D180F87A110421E8E7F7
:10BA4000FFF7B4BF10B50446002344F8703F01214E
:10BA5000FFF73FFF07222146BDE81040FFF77ABFFE
:10BA600082B0F8B5089D079312F0010F14BF0427A8
:10BA70000227F72D04461E462ED855B3EB1D05F1BF
:10BA8000090001F00301B94022F03C020A432060A2
:10BA9000E3804AF6DE500623A080627223720422FD
:10BAA000E118002000F0C4FAA07276B16DB104F183
:10BAB0000D072A463146384600F013FA2A46394621
:10BAC0000020EEF72BFBA4F80B00BDE8F84002B015
:10BAD000704707200523D4E700230360F5E738B556
:10BAE00004460D4600224FF4946100F018FA2560D8
:10BAF00038BD2DE9F04F002380F860304366D1E96E
:10BB000000570E46D0E90E21B1F1FF3F08BFB2F158
:10BB1000FF3F8DB0044600F1300918D0D0E90CC0C9
:10BB2000AC4570EB070E32D2B5EB0C0367EB0000AF
:10BB3000934270EB0108944638BF9C468E4638BF4E
:10BB40008646B2EB0C0261EB0E01C4E90E21C4E99A
:10BB50000C5706F1100393E8070006AD09AF85E81E
:10BB6000070087E80700726996F810C0B36982B9C8
:10BB70004FF0000A94F8783104F14808072B00F2DE
:10BB8000A580DFE803F039618C6193A3A3A5184673
:10BB9000CEE7002BECD094F87D3194F87E2194F818
:10BBA0007C119A1AD2B29142E2D05A1C84F87D21BB
:10BBB000B3FBF1F201FB1235D4F88081EDB24FF402
:10BBC00084735D4318EB050AD2D094F879114B1CAD
:10BBD00003F00303012B38BF012384F879310B9B59
:10BBE000009350460A9B6246FFF73AFF00238AF80B
:10BBF000043158F805A0BDE794F86B20D4F884B15F
:10BC000012F0010304F5C27533D0BBF1000F0ED161
:10BC1000CDF800B094F86A105B462846CDE904BB25
:10BC2000FFF71EFF84F86BB0D4F8843133B30121E1
:10BC30002046FFF756FE55F8043B2068CDE909532E
:10BC400097E8060000F0DAF9C6F828A094F8683002
:10BC5000D6E902AB092B00F24281DFE813F057006E
:10BC60005A007D00A7005A00B500400140015A006B
:10BC70002E01002AD8D084F86B30D5E704F5BE70C9
:10BC8000FFF703FE05460028DED090F80431002BB4
:10BC9000DAD101212046FFF743FE0321C8E7002146
:10BCA000C4F884112046FFF71CFECDE704F5BE70F2
:10BCB000FFF7EBFD50B190F804313BB14FF4FA724D
:10BCC0000023C4E90E234846FFF7F1FD0021E9E710
:10BCD0006FF004034FF0FF3263664FF0FF33C4E9A7
:10BCE0000E2300212046FFF71BFED4E91423B3F1F5
:10BCF000FF3F08BFB2F1FF3FA6D04FF42F720023E1
:10BD0000C4E914234046FFF7D2FD9DE72046FFF724
:10BD100099FE0027BB4686F820B07762D4E914016B
:10BD2000D4E90E23904271EB03053CBF02460B465B
:10BD3000C6E90C234846FFF7BAFD4046FFF7B7FDBA
:10BD400094F860301BB100220023C6E90C23636E17
:10BD5000B3630DB0BDE8F08F226F072A07D0C2F1A0
:10BD6000070204F170012046FFF7F4FDD1E7B4F8B3
:10BD700074204AF6DE539A4214D1042204F176016B
:10BD8000002000F055F994F87A3083420AD1B4F8D3
:10BD90007630053BF92B00F2A28003212046FFF705
:10BDA00098FDB6E72046FFF7EBFDB2E7B4F8762042
:10BDB000072A07D904212046FFF78BFD053A04F135
:10BDC0007001D1E70521E9E794F87950EB0717D521
:10BDD00004F5BE70FFF759FD90B1437A290981EA55
:10BDE000930111F003010BD14FF0FF334FF0FF32FD
:10BDF000C4E90E2315F002031DD02046FFF790FD85
:10BE0000B4F87620072A0DD994F86930C5F3810576
:10BE10009D421CD1DDB184F8695084F86A50012339
:10BE200084F86B300027BB4600212046FFF751FD08
:10BE3000FFF708FE6FE794F87D2184F87B3194F8D2
:10BE40007E319A421CBF013384F87E31D8E7236FDC
:10BE5000072BE0D904F17D01073A00200391EEF7AA
:10BE60005DF9B4F87B30834221D194F8783003999E
:10BE7000062BD0D1BAF1000FD4D0BBF1000FD1D036
:10BE8000B4F87670072F38BF0727073F5F4528BFF4
:10BE90005F463A46504694F879B000F022F8012304
:10BEA00084F8695084F86A5084F86B30BCE784F8F1
:10BEB000695084F86A500323B2E7D4E91423B3F13C
:10BEC000FF3F08BFB2F1FF3F3FF423AF4FF42F72A3
:10BED0000023C4E914234046FFF7E9FC19E70021D9
:10BEE0005CE710B500239A4200D110BDCC5CC4546D
:10BEF0000133F8E7884210B50FD36AB18B181044AC
:10BF000013F8012D00F8012D9942F9D104E0CC5C21
:10BF1000C45401339A42FAD110BD0023FAE7014418
:10BF2000884200D1704700F8012BF9E70346002250
:10BF3000C0E900228260F72114301961D8604FF403
:10BF4000C861FFF7ECBF38B54B6882681A4482605D
:10BF500091F90030002B05460FDA0068E0B16B68FC
:10BF60009A4228BF1A4605F114011446FFF7B9FF9B
:10BF70002846FFF7DBFF204638BD02F1F703B3F593
:10BF8000C86F00F114002CBFC2F5C863F72310443A
:10BF9000C5E903030024EEE70346F9E7C0E9001210
:10BFA00070470346D1E9030183E803001846704750
:10BFB00070B54A6804460D46AAB10B78866803F04E
:10BFC000400376B13BB106F1140101441430FFF790
:10BFD00091FF0023A36029462046BDE87040FFF78B
:10BFE000B2BF002BF9D1002070BD10B504460FC9B7
:10BFF00084E80F0010BDD0E90003184717B46B4662
:10C0000083E806008468006893E80600234603B0CE
:10C010005DF8044B184717B46B4683E80600C46804
:10C02000006893E80600234603B05DF8044B184708
:10C0300010B5C043C0B20A448A4202D1C043C0B264
:10C0400010BD11F8013B5840082340F3000404F0F0
:10C05000B204013B84EA5000F7D1EDE708B1BBF729
:10C0600003B9704740B1C368587810F001001EBF93
:10C070001878B0FA80F04009704710B5D0E9003464
:10C0800033B90020E268537843F00103537010BDC8
:10C09000204698470028F4D00028B8BF4042E36803
:10C0A000FF28A8BFFF201870ECE7FBF77ABAFBF770
:10C0B0006DBA10B400F10C04C0E903445DF8044B00
:10C0C000B9F7E8BCC2688369134313F003030CD1CA
:10C0D00003614169994201D80020704701691160EC
:10C0E0008169026101330A44F3E76FF0150070477C
:10C0F00090F90E308B4201D0EFF7F4BF002070476B
:10C1000003460020C3E90200C3E90033704710B5BD
:10C11000044630B10268930703D0446809B100F0C7
:10C1200063F9204610BD0023C0E90033836000F1AD
:10C130000C03C0E9033300F11403C0E90533704771
:10C1400007B50123009300230A461946EEF73CFE8B
:10C1500003B05DF804FB07B500230A4600931946B7
:10C16000EEF732FE03B05DF804FB5AB18A4209D300
:10C1700000F11003C0E90212C0E90000C0E9043375
:10C18000002070476FF015007047026801238B4054
:10C1900022EA0303036022FA01F000F00100704775
:10C1A00010B5032104460C30FFF7EFFF30B104F166
:10C1B0001000F0F755FDB0FA80F0400910BD20B135
:10C1C00000221146D030F0F7F3BA704710B5EFF700
:10C1D0006FF9041E08DDEFF31180402383F312880A
:10C1E000BFF36F8FF0F772F8204610BDEFF30580B4
:10C1F000003818BF012070476FF0570070470020CB
:10C200007047F0F723B8D0E9003213605A6000237A
:10C21000C0E90033704738B504460D46EFF7BCFB64
:10C22000637B43F002036373E5B1A5602B689D4215
:10C2300009D16B68C4E900531C606C6012E06A6845
:10C240009A42F6D01B68002BF3D094F90E2093F994
:10C250000E108A42F3D09142F1DD5A68C4E90032EF
:10C2600014605C6038BD01211838EFF7D3BD38B5D4
:10C27000054600202C68A54200D004B938BD2046F0
:10C28000EFF7F4FE2046EFF71DFD0120F2E708B5B9
:10C29000F0F7BEFD08BDF0F7BBBDB3F1FF3F08BF2F
:10C2A000B2F1FF3F70B504461D46164613D01A433F
:10C2B00015D06FF00102921B4FF0FF3363EB0501C5
:10C2C000002904DAF0F7A4FD821941EB0501C4E965
:10C2D0000021204670BD4FF0FF321146F7E70022E3
:10C2E000FBE7B3F1FF3F08BFB2F1FF3FF8B50746E8
:10C2F00016461C4610D054EA020311D0F0F788FD10
:10C30000B0420A46A14103460AD2F31A64EB020482
:10C31000C7E900343846F8BD4FF0FF331C46F7E755
:10C320000023FBE710B50446F0F79AFCA8B9636A4E
:10C330000BB12046984704F11800EFF71BFE60B1DF
:10C34000EFF7C0FCEFF31180402383F31288BFF3B3
:10C350006F8FBDE81040EFF7B9BF10BD2DE9F04178
:10C36000846805460E46ECB16378012B25D114F89C
:10C37000533C9A0714D5A4F160073846EFF776FED0
:10C38000082E0CBF6FF003030023E36114F8533C45
:10C39000DB0605D154F8483C13B93846EFF792FC58
:10C3A00000232370EB68C3F386321643002066F344
:10C3B0009433A860EB60BDE8F081022BF0D12378C4
:10C3C000002BEDD054F8048CB8F1000FE8D004F144
:10C3D0001400F0F745FCA4F114070023E36239468A
:10C3E0004046EFF765F8DBE720B1011F50F8040C79
:10C3F000EEF706B9704701325201801A61F100016F
:10C400007047A03861F10001704707B5019001A89D
:10C41000F0F70AFF0199D0F8042501238B4023EAA5
:10C4200002011340C0F80815C0F80C3503B05DF8E0
:10C4300004FB13B50446F1F7A7F868B1012C15D831
:10C440000378019301A84CB9F0F7EEFE019A01239D
:10C450009340C0F80C35012002B010BDF0F7E4FEA7
:10C46000019A01239340C0F80835F4E70020F3E770
:10C4700007B5F1F789F868B10378019301A8F0F7DF
:10C48000D3FE019BD0F81005D84000F0010003B0A6
:10C490005DF804FB0220FAE73F207047704710B5B3
:10C4A000BFF35F8FD0E84F3F0C78DBB29C4204D0E3
:10C4B0000B70BFF32F8F002010BDC0E8432F002B5F
:10C4C000F0D1BFF35F8F0120F6E7502373B5044628
:10C4D00003FB01050026AC4201D100200CE0012243
:10C4E0000DF1070104F148008DF80760FFF7D7FF51
:10C4F00004F1500310B1204602B070BD1C46EAE7BB
:10C5000073B500F1480604468DF8071003220DF1BB
:10C5100007013046FFF7C3FF98B100254FF0FF3306
:10C520002364204684F8385084F84950F1F76AF8BB
:10C5300003232A460DF1070130468DF80730FFF737
:10C54000AEFF02B070BD37B5846994F84930256CF0
:10C55000012B12D0042B14D0012302220DF107016C
:10C5600004F148008DF80730FFF799FF58B1E36BED
:10C57000284603B0BDE830401847022384F849300C
:10C58000EAE70523FAE703B030BDB7F771BF38B566
:10C590000D46F1F727F804467DB110B90024204676
:10C5A00038BDF1F74BFB02212046FFF7A9FF0446F7
:10C5B000F1F760F8F1F754F9F1E70028EED0F1F760
:10C5C0003DFB0028EAD10121EEE710B50C46F1F75A
:10C5D00009F8034628B190F8380010B183F83840C4
:10C5E000012010BDB7F75CB9F1F77EB910B5D0E9FD
:10C5F0000442D1E90403844272EB030105D3A04253
:10C60000934134BF0120002010BD4FF0FF30FBE705
:10C6100010B5D0E90042D1E90003A04293412CBFFC
:10C620000120002010BD08B5FBF75DFEBDE8084005
:10C63000FBF75DBEBFF35F8F00230372BFF35F8F15
:10C64000704708B5034608467BB11A7F92070CD5A0
:10C65000BFF35F8F1B7ABFF35F8F43B9BFF7BCFA9D
:10C66000003818BF0120400008BD0120FCE702206F
:10C67000FAE70120704708B5B6F7B4FFBDE80840F7
:10C680000020B6F7BBBF00230360037170472DE99C
:10C69000F84F04460D4617469946BFF35F8F01EBEE
:10C6A000020B94F804A0A0465FFA8AFA58E8006FDB
:10C6B0003EB131462846C847002802DB06EB070892
:10C6C000F4E723795345ECD1CBF8006048E80053F8
:10C6D000002BE6D1201DBDE8F84F00F065B8F8B595
:10C6E000BFF35F8F06790546F6B255E8003FA3B168
:10C6F0008B4203EB02040ED19B5801240779B74209
:10C70000F0D145E80036002EECD114B1043000F031
:10C710004BF82046F8BD2546E7E71C46EEE72DE935
:10C72000F84306460F4690469946BFF35F8F56E89A
:10C73000005F2DB9BFF32F8F2C462046BDE8F8834C
:10C7400049462846C047044610B1EB592C461D46C1
:10C7500046E80053002BEAD1002CEED0301D00F04B
:10C7600023F8EAE70068704700230360704750E849
:10C77000003F5A1C18BF013340E80032002AF6D1AE
:10C78000BFF35F8F013B584258417047BFF35F8F43
:10C79000002350E8002F40E800310029F9D1012A98
:10C7A00094BF002001207047D0E84F3F0133DBB237
:10C7B000C0E8423F002AF7D1BFF35F8F70474A2994
:10C7C00073B50446154629D807292ED9A1F10803C7
:10C7D000422B2AD8DFE803F02C3043362929297967
:10C7E0002C292929292929292C3043362929292985
:10C7F0002C304336293D29292C304336293D29291F
:10C800002C3029292929292929292929292929298E
:10C81000294949572929292957295700F1295BD046
:10C8200003D8E2290ED0F0294FD0204602B070BDC7
:10C830002B7804F8013BF8E702222946FAF7A6FE16
:10C840000234F2E7204604222946FAF79FFE043418
:10C85000EBE706222946FAF799FE0634E5E70322BC
:10C860002946FAF793FE0334DFE7002DDDD02E785A
:10C87000FF2EDAD00136F6B2204632462946FAF7C4
:10C8800085FE3444D1E700234829ADF806304FF047
:10C89000020201D043290DD129460DF10600FAF715
:10C8A00075FEBDF806604FF6FF739E42BDD002369E
:10C8B000B6B2E1E729460DF10600FAF767FEBDF8CA
:10C8C00006309B00ADF80630EBE7204608222946EB
:10C8D000FAF75CFE0834A8E710222946FAF756FE5C
:10C8E0001034A2E72D2809D81F280CD92038C0B24F
:10C8F00042F62F73C34003F001007047A0F1E2033A
:10C900005842584170470020704737B504460D46DD
:10C91000104619469DF81C30FCB1D4F80620E2B14F
:10C920003BB1E3785A0618D49B0702D4882003B0A1
:10C9300030BD069B0193A388009323882A46F6F70F
:10C9400039FB411C0BD0821D0BD0831CEED010F1A3
:10C95000280F14BF00207E20E9E78620E7E7872024
:10C96000E5E70020E3E7034620B3D0F8150020B345
:10C97000B3F8010081421FD0B1F5827F1AD0B1F522
:10C98000807F17D9B1F5847F11D94FF6FF73994293
:10C9900009D1B0F5827F0FD04CF25E03984214BFEC
:10C9A0000020012070474CF25E03994202D1B0F59D
:10C9B000827FF4E70020704701207047F0B50346FE
:10C9C00020B1077C0024BC4201D30020F0BDD3F885
:10C9D0001160C4EB04157019755B8D4202D1057AA4
:10C9E0009542F3D00134EEE72DE9F74FBDF8304022
:10C9F0000094DDF8349006460F4690469A46F2F7CA
:10CA0000A7FC044600283CD0B9F1000F39D09DF8AE
:10CA100038303A46CDE9009331464346FFF775FF7B
:10CA2000054650BBA3884246CDE90093394653469C
:10CA3000304601F0CCFA4946A078D4F806B0F1F7B8
:10CA40006FFB494602465846FAF7A0FDE3785A07BD
:10CA500007D5A38800934246534639463046F3F73C
:10CA6000BDFFE3781B0708D5A3884246CDE90093B4
:10CA7000394653463046F1F75DFD284603B0BDE820
:10CA8000F08F0125F9E72DE9F74FDDF830900646E4
:10CA90000F4690469A4600F0BEF9044600283CD066
:10CAA000B9F1000F39D09DF834303A46CDE9009302
:10CAB00031464346FFF729FF054650BBA38842464F
:10CAC000CDE9009339465346304601F080FA494695
:10CAD000A078D4F806B0F1F723FB49460246584641
:10CAE000FAF754FDE3785A0707D5A3880093424626
:10CAF000534639463046F3F771FFE3781B0708D5F4
:10CB0000A3884246CDE90093394653463046F1F7B3
:10CB100011FD284603B0BDE8F08F0125F9E730B5D7
:10CB200089B004461B22002101A8FAF73AFD01A9A9
:10CB3000204600F05FFA01A9054602462046E7F7C5
:10CB4000A3FFB8B92046FDF7E6FA037813F0040F07
:10CB50000CBF032105212046DAF726FF1B212046C2
:10CB6000FDF71CFB1B2201A9FAF710FD25B9204691
:10CB7000F1F790FD09B030BD2A4601A9204600F02A
:10CB800085FCF7E710B50C4650B1F1F741FEB0F562
:10CB9000827F05D14FF65740231A5842584110BDA5
:10CBA0000020FCE707B5042201460DEB0200FAF76E
:10CBB000EDFC019803B05DF804FBF7B5019110217D
:10CBC00016461F460546FDF7E9FA04462846D5F7FE
:10CBD0006BF89523032E23609DF8203008BF019940
:10CBE000A37316BF01A90822022227716671A01D36
:10CBF000FAF7CCFC09982946DFF7F4FC03B0F0BD46
:10CC0000A1F5E0630B2B04D9A1F50063584258410C
:10CC10007047012070472DE9F74F1D460F46109BC6
:10CC20000193182190469DF830609DF834B0BDF80E
:10CC300038A0BDF83C900090FDF7B0FA18220446E9
:10CC40000021FAF7AEFC032D14BF02220822414650
:10CC5000E5732046FAF79AFC019A009826730023A0
:10CC6000394684F80DB0A4F808A0A4F80A900C93F3
:10CC700003B0BDE8F04FF1F7BFBE2DE9F04F87B02C
:10CC80001D46149B0493CDE901019DF8583005938E
:10CC900018219DF840809DF844B0BDF848A0BDF82B
:10CCA0004C709DF85490BDF85C600392FDF776FAE5
:10CCB000182204460021FAF774FC032D0399E5734A
:10CCC00014BF022208222046FAF760FCDDE90423A3
:10CCD000DDE9010184F80C8084F80DB0A4F808A007
:10CCE000678184F81090109607B0BDE8F04FF1F717
:10CCF00083BE2DE9F04707460E469046DAF716FD4B
:10CD00000546002854D031884246384601F074F96F
:10CD1000F1F79EFFD0F89C30F3B134212846FDF79F
:10CD20003DFAD6F806100446B078F1F7F9F9B37871
:10CD30004A2B814615D8402B07D9413BDBB240F244
:10CD4000872222FA03F3DB070DD44A46414604F159
:10CD50000C00FAF71BFCCCB92846BDE8F047DAF71F
:10CD600033BDF12BF1D149462846DAF7BDFD342118
:10CD700082462846FDF712FA04464A464146504686
:10CD8000FAF704FC84F80C90C4F810A00023237078
:10CD90003B7B6370B378A370B7F80F30238133887F
:10CDA0006381F1F755FFD0F89C3028469847D3E7C8
:10CDB000BDE8F08770B503464FF6FF754068551B18
:10CDC00018BF012590B1002406888E4207D18688BD
:10CDD000964204D1C678C6F34016B54206D05E88A6
:10CDE0000134A64200F10A00EED8002070BD10B553
:10CDF0001B210446FDF7D2F9B0F80F2040F60533A9
:10CE00009A42204603D1BDE81040F2F799B9BDE837
:10CE10001040F2F7A9B913B54FF6FF740094F2F77A
:10CE200097FA02B010BD2DE9F0438FB00023884679
:10CE30001B2106930446FDF7B1F91B22014607A802
:10CE4000FAF7A4FB2046FDF770F9022807D08522E7
:10CE500007A9204600F0D4FA0FB0BDE8F0832046C1
:10CE6000FDF759F99DF8343007784678002B5CD0EF
:10CE7000F1F7EEFED0F8F430002B44D10025512E0E
:10CE8000204628BF5126FDF767F99DF830209DF810
:10CE90003430B2FA82F252099B0043EAC20343F0F3
:10CEA000100300F8013B9DF83430B1461BB1BDF8CA
:10CEB0003510FDF70EFC9DF831300370B8F1000F0E
:10CEC0000CBF14231223437000238370C11C1A4625
:10CED0005FFA83FC65457FD80123837000230493A8
:10CEE000BDF82B300393BDF82D3002939DF8283008
:10CEF00001939DF8273000930DF11D020223204677
:10CF0000FFF789FEA8E7F1F7A3FE06ABCDE90083A2
:10CF1000BDF82B20D0F8F450BDF835309DF828101E
:10CF20009DF83000A8470546A9E79DF828009DF820
:10CF30003050BDF82B90F1F70DFA00289ED0002D4F
:10CF40000CBF012202224946FFF738FD002895D088
:10CF50005DBB037A13F0010F90D09DF83030BDF81F
:10CF60002B109DF82800002B14BF0222012200F094
:10CF7000CFF90346002881D0FF20984700283FF4CE
:10CF80007DAFB8F1000F17D0F1F762FED0F85C3238
:10CF90001D78F1F75DFED0F85C325B680693F1F71F
:10CFA00057FE0023C0F85C3269E7012D7FF466AFBD
:10CFB000037A13F0020FCFE7F1F74AFED0F85C32A4
:10CFC0001D7AF1F745FED0F85C32DB680693F1F785
:10CFD0003FFEC0F85C8252E7069E16F803C0674524
:10CFE00006D80132D2B2914501F801CB7FF676AF77
:10CFF00001336DE7F8B50C461C210646FDF7CEF867
:10D0000005463046FDF791F807463046FDF783F8B0
:10D01000037813F0040F0CBF032305239F424CD366
:10D0200000232370B5F80130A4F801302B7AE372A5
:10D03000B5F80330A4F80930EB7923732B786373C8
:10D040002B7DA27BC3F3C00363F3C302A273B5F8C5
:10D050000930A4F80F30B5F80B30A4F81130304681
:10D06000FDF759F8057805F00303013B18BF0123CC
:10D07000A3750378C3F3C003237503780146C3F394
:10D080000013E37511F8013B15F0020518BF852563
:10D09000C3F380025B0706460DD5012323760222E7
:10D0A00004F11900FAF772FAF11C0B7863754B78EA
:10D0B000E3742846F8BD2276F7E78025F9E72DE9E5
:10D0C000F047DDF8209080460F4616461D46B9F120
:10D0D000000F05D122B91BB96FF00600BDE8F0873B
:10D0E000F1F7B6FD90F85832132BF5D800240AE07A
:10D0F000F1F7AEFD00EB04104FEA041AB0F8F83077
:10D10000434507D00134F1F7A3FD90F85832A3420C
:10D11000EED806E0F1F79CFD504490F8FA30BB429F
:10D12000F0D1F1F795FD90F85832A34202D06FF09C
:10D130001A00D3E7F1F78CFD00EB04104FEA041A54
:10D14000A0F8F880F1F784FD5044103480F8FA70AC
:10D15000F1F77EFD50442401C0F8FC90F1F778FD12
:10D160000651F1F775FD20444560F1F771FD90F827
:10D170005832013380F858320020AFE7F8B5054641
:10D180000E460024F1F764FD90F85832A34201D80E
:10D19000002014E0F1F75CFD00EB04102701B0F86B
:10D1A000F830AB420CD1F1F753FD384490F8FA3027
:10D1B000B34205D1F1F74CFD3844D0F8FC00F8BD7E
:10D1C0000134DFE7F8B505460E460024F1F740FDCF
:10D1D00090F85832A34201D8002015E0F1F738FD4D
:10D1E00000EB04102701B0F8F830AB420DD1F1F795
:10D1F0002FFD384490F8FA30B34206D1F1F728FDFC
:10D2000000EB0410D0F80001F8BD0134DEE7F8B5FA
:10D2100005460E460024F1F71BFD90F85832A34254
:10D2200001D8002015E0F1F713FD00EB04102701F1
:10D23000B0F8F830AB420DD1F1F70AFD384490F860
:10D24000FA30B34206D1F1F703FD00EB0410D0F839
:10D250000401F8BD0134DEE7F8B54F1E18BF012701
:10D2600005460C46F1F7F4FC00EB07103E01B0F860
:10D270003832AB4201D00020F8BDF1F7E9FC304470
:10D2800090F83A32A342F6D1F1F7E2FC3044D0F8FC
:10D290003C02F1E7F8B54D1E18BF012506460C46C5
:10D2A000F1F7D6FC00EB05102F01B0F83832B3428D
:10D2B00001D00020F8BDF1F7CBFC384490F83A32A9
:10D2C000A342F6D1F1F7C4FC00EB0510D0F8400200
:10D2D000F0E7F8B54D1E18BF012506460C46F1F7DC
:10D2E000B7FC00EB05102F01B0F83832B34201D083
:10D2F0000020F8BDF1F7ACFC384490F83A32A34274
:10D30000F6D1F1F7A5FC00EB0510D0F84402F0E7E8
:10D3100070B506460C461546E0F718F838B1C42E2D
:10D3200005D129462046BDE87040FFF795BF294644
:10D330002046BDE87040FFF721BF70B506460C4699
:10D340001546E0F703F838B1C42E05D1294620462A
:10D35000BDE87040FFF79EBF29462046BDE87040FB
:10D36000FFF730BF70B506460C461546DFF7EEFFF7
:10D3700038B1C42E05D129462046BDE87040FFF7DC
:10D38000A8BF29462046BDE87040FFF740BF10B552
:10D390001B210446FCF702FF037DB0F80F10007B51
:10D3A000002B14BF02220122FFF7B2FF034618B17F
:10D3B0002046BDE81040184710BD70B51B21064639
:10D3C000FCF7ECFE05463046F1F76AFA044670B900
:10D3D000AB7D30466BB1F2F789FC40B9F1F740FC08
:10D3E00001280BD02B7EAC7D33B17D3CE4B22046CE
:10D3F00070BDFFF7CCFFF0E77F3CF7E78124F6E74D
:10D4000070B51646B1F809204FF6F7739A4286B008
:10D4100005460C4634D84B7B13F00C0F30D1CB7D36
:10D4200003B16EB3A37D13B1E37C0B2B28D023781B
:10D43000013B012B24D92846FCF78EFE237D002BCF
:10D4400014BF102318230370637D43700B23837074
:10D45000E37CC370002306710493B4F80F30039388
:10D46000B4F811300293237B0193E37A0093411DBA
:10D470000223621C2846FFF7CEFB012006B070BDD8
:10D4800015B12846DAF7A0F90020F7E770B516467F
:10D49000B1F809204FF6F7739A4286B005460C465C
:10D4A00040D84B7B13F00C0F3CD1CB7D0BB1002E41
:10D4B00038D0A37D13B1E37C0B2B33D02378013B11
:10D4C000012B2FD92846FCF747FE227D237EB2FA96
:10D4D00082F252099B0043EAC20343F0100300F8B2
:10D4E000013B237E1BB1B4F81910FDF7F2F8637D00
:10D4F00003700B234370E37C83700023C670049396
:10D50000B4F80F300393B4F811300293237B0193E6
:10D51000E37A0093011D0223621C2846FFF77BFB80
:10D5200006B070BD284606B0BDE87040DAF74CB9C9
:10D530002DE9F041F1F78CFB4468002C35D104EB68
:10D540004400C00080B2BDE8F081F1F781FB436880
:10D55000D3F8013053F82730D3F81A304FEA870850
:10D560009BB1F1F775FB4368D3F8013053F82730CE
:10D57000D3F81A600025F1F76BFB4368D3F801304C
:10D5800053F808305B7EAB4207D80137F1F760FBF8
:10D5900043681B78BB42D8D8D1E7337ADB0744BF56
:10D5A0000134A4B230360135E5E700242746EDE723
:10D5B0002DE9F04F89B08846019000241823B2FB72
:10D5C000F3F7F1F745FB43681B78A3420AD800261E
:10D5D00035464FF0180BBD420BFB058126D309B031
:10D5E000BDE8F08FF1F734FB4368D3F8013053F80E
:10D5F0002430D3F81A30BBB1F1F72AFB4368D3F8D3
:10D60000013053F82430D3F81A50F1F721FB436866
:10D61000D3F8013053F824305A7E02EB4202120153
:10D6200000212846F9F7BDFF0134CAE70198182305
:10D6300002AADBF7FBFE0446002840F08980F1F7E0
:10D6400007FB43681B78A34217D9F1F701FB436836
:10D65000D3F8013053F82430D3F81A300BB9013421
:10D66000EDE7F1F7F5FA4368D3F8013053F82430C9
:10D670001A789DF809309A42F1D1F1F7E9FA436836
:10D680001B78A34260D9F1F7E3FA4368D3F801307D
:10D6900053F824304FEA840AD3F81A404FF00009B7
:10D6A000F1F7D6FA4268D2F8012052F80A20527EE9
:10D6B0004A4502D9227AD3074CD4F1F7C9FA426815
:10D6C000D2F8012052F80A20527E4A453CD9237AEA
:10D6D0009DF80820227043F0010323729DF8093061
:10D6E0006370BDF80A3063809DF80C302371BDF87B
:10D6F0000D30E3809DF80F309DF8101043EA0123B0
:10D70000E3859DF811302372BDF8123023822AB9C7
:10D71000BDF814306382DDF816306361BDF81A304D
:10D7200023859DF81C3084F82A30079BC3F30F2310
:10D73000A38508224FF0FF3104F11C00F9F731FFF7
:10D74000204600F0BEF9013616B10020F2F7EAFFDC
:10D75000013540E709F101093034A1E72DE9F0472F
:10D7600086B007460E46F1F773FA4568002D46D19C
:10D77000284606B0BDE8F087F1F76AFA4368D3F8A7
:10D78000013053F82530D3F81A304FEA850AA3B197
:10D79000F1F75EFA4368D3F8013053F82530D3F837
:10D7A0001A904FF00008F1F753FA4368D3F80130AC
:10D7B00053F80A305B7E434516D80135F1F748FA35
:10D7C00043681B78AB42D7D8002C40F092801822D7
:10D7D00021466846F9F7E5FE18236A463146384681
:10D7E000DCF748FD0546C3E799F80830DA0744BF7F
:10D7F0000134E4B209F1300908F10108D3E700244B
:10D800002546DBE7F1F724FA4368D3F8013053F8F3
:10D810002930D3F81A304FEA890AABB1F1F718FA78
:10D820004368D3F8013053F82930D3F81A404FF049
:10D8300000083034F1F70CFA4368D3F8013053F89C
:10D840000A305B7E434508D809F10109F1F700FA77
:10D8500043681B784B45D5D88AE714F8283CDB078A
:10D8600043D5182200216846F9F79BFE14F8303C96
:10D870008DF8003014F82F3C8DF8013034F82E3C30
:10D88000ADF8023014F82C3C8DF8043034F82A3C02
:10D89000ADF8053034F8023CADF8073014F8283CF8
:10D8A0008DF8093014F8302C34F8203CADF80A30EB
:10D8B0003AB934F81E3CADF80C3054F81C3CCDF8A5
:10D8C0000E3034F8083CADF8123014F8063C8DF8F0
:10D8D000143034F8043CADF81530314618236A464C
:10D8E0003846DCF7C7FC1836054608F10108303425
:10D8F000A0E74FF000094D46A8E708B50020E4F77F
:10D9000009FFBDE80840042000F086BAF8B50F46CC
:10D91000082116460546FCF741FC08220446002172
:10D92000F9F73FFE20232770638066602846BDE834
:10D93000F840C4F75DB82DE9F0410746F1F788F9E2
:10D940004468002C45D12046BDE8F081F1F780F90C
:10D950004368D3F8013053F825301B78BB424FEAB7
:10D9600085082BD1F1F774F94368D3F8013053F8E7
:10D970002530D3F81A300BB3F1F76AF94368D3F8BE
:10D98000013053F80830D3F81A400026F1F760F957
:10D990004368D3F8013053F808305B7E9E4202D2D0
:10D9A000237ADB0712D4F1F753F94368D3F8013037
:10D9B00053F808305B7E9E4228BF00240135F1F702
:10D9C00047F943681B789D42C0D3BCE73034013629
:10D9D000DCE700252C46F2E72DE9F041F1F738F9B4
:10D9E0004368002B44D1BDE8F081F1F731F9436879
:10D9F000D3F8013053F82430D3F81A304FEA8408B2
:10DA00005BB3F1F725F94368D3F8013053F82430BC
:10DA1000D3F81A600027F1F71BF94368D3F80130F7
:10DA200053F808305B7E9F4217D2337A03F0060228
:10DA3000062A1AD113F0080517D1F1F709F990F861
:10DA4000AA3093B1F1F704F990F8AA103046F2F732
:10DA5000A5F8F1F7FDF880F8AA500134F1F7F8F8CD
:10DA600043681B789C42C0D3BDE730360137D2E70C
:10DA70000024F3E7FF2838B5044601D1002038BD63
:10DA8000F1F7E6F84368002BF8D0002504E0182CE5
:10DA900009D9193CE4B20135F1F7DAF843681B788B
:10DAA000AB42F4D8EAE7F1F7D3F84368D3F8013092
:10DAB00053F82530D3F81A0004EB440400EB0410AB
:10DAC000DDE738B5058A04463DB9037A43F0040220
:10DAD0009B0702720FD4458A6DB14FF6FF739D42CA
:10DAE00009D0FAF76DFB237A43F010032372422327
:10DAF00003FB0500E06038BD2DE9F74F9946BDF8FE
:10DB000030B001900F469046F1F7A2F84368002B21
:10DB10004DD10024204603B0BDE8F08FF1F798F80E
:10DB20004368D3F8013053F82530D3F81A304FEA60
:10DB3000850A3BB90135F1F78BF843681B78AB4296
:10DB4000ECD8E6E7F1F784F84368D3F8013053F8EE
:10DB50002530D3F81A400026F1F77AF84268D2F857
:10DB6000012052F80A20527EB2420AD8F1F770F82A
:10DB70004268D2F8012052F80A20527EB242D9D926
:10DB8000C8E76278019B9A420ED16288BA420BD1F3
:10DB90002279424508D1E2884A4505D1E28D5A45AD
:10DBA00002D1227AD307E1D430340136D4E70025FC
:10DBB000C1E713B5BDF810400094FFF79DFF20B1F9
:10DBC00002B0BDE81040F2F76FBD02B010BD38B52D
:10DBD000044688780D46FEF785FEAB7860B3203B9F
:10DBE0000B2B0BD8DFE803F0060B151C0A210A0AE1
:10DBF0000610151CD5F806301B78237738BDD5F8EC
:10DC000006301B88A383F9E7D5F80630B3F9003056
:10DC1000F8E7D5F806301A889B78A377A283EDE75A
:10DC2000D5F806301B68E361E8E7D5F806301868D8
:10DC3000E0619B882384E1E7D5F806101846F0F7E9
:10DC40006FFA0146D5F80600DEF70EFCE061D5E775
:10DC5000F0B51B218FB00446FCF7A0FA1B22014649
:10DC600007A8F9F793FC2046FCF75FFA032827D8AA
:10DC70009DF83350002D68D12046FCF76DFA18232B
:10DC800003709DF8313043700B2383709DF82F3063
:10DC9000C3700571BDF82B300393BDF82D3002938E
:10DCA0009DF8283001939DF827300093411D04957D
:10DCB00002230DF11D022046FEF7ADFF0FB0F0BDAF
:10DCC0002046FCF728FA05460028D1D0C71C394663
:10DCD0008078F0F725FAC61C2046FCF726FA204685
:10DCE000FCF723FAF6B28642C2D831462046D9F76D
:10DCF0005BFE9DF830309DF834609DF82700BDF83C
:10DD00002B10002B18BF02222B8808BF0122CEB196
:10DD1000BDF835600096FFF74CFFF0F799FFD0F89B
:10DD20009430002B9FD0F0F793FF2B880197AA78AF
:10DD30000092D0F89450BDF82B209DF8271007A82A
:10DD4000A84790E74FF6FF76E4E72046D9F73CFD79
:10DD5000B4E738B504460D4600F017F938B14FF670
:10DD600057439D4202D1B4FA84F0400938BD0120E6
:10DD7000FCE708B500F009F9400000F0FE0008BD1E
:10DD800038B5054600F001F988B9012038BDF0F733
:10DD90005FFF04F59A7330F81330AB4209D00134B9
:10DDA000F0F756FF90F86732A342F0D8EDE7002471
:10DDB000F6E70020EAE770B50646F0F749FF4FF6B0
:10DDC00057439E421AD090F87C4200F0DEF898B992
:10DDD000204670BD0135F0F73BFF90F87D32AB4235
:10DDE000F6D9F0F735FF00EB4500B0F87E32B342CC
:10DDF000F0D184F00104EBE70025ECE70124E7E72C
:10DE000010B50446F3F7C2F9231F5942BDE810408C
:10DE100059410020F4F7A0BD10B50446F0F718FFF3
:10DE200090F8B432DB0728D5601E042825D8DFE837
:10DE300000F00324080C0A000020BDE81040F3F7AE
:10DE400081B90220F9E70420F7E7F0F701FF90F825
:10DE5000B432C3F34102013262F3420380F8B432B8
:10DE6000F0F7F6FE90F8B43203F00603062B04D167
:10DE7000BDE810400420FFF7C3BF10BD08B5F0F7A0
:10DE8000E7FE90F89E3273B9F0F7E2FE90F8A13207
:10DE9000013380F8A132F0F7DBFE90F8A132022BBB
:10DEA0000FD8F3F777FBF0F7D3FE90F89E32012BF3
:10DEB0000AD1F3F70FFA0021BDE808400846F4F74D
:10DEC0004BBDF0F7C5FEF4E708BD10B5044600F001
:10DED0005CF888B1F0F7BCFE90F89E32022B0BD0B4
:10DEE000C3F7F2FC4FF6FF73984205D0A04203D16E
:10DEF000BDE81040F3F74EBB10BD10B50024F0F79D
:10DF0000A7FE90F86722E3B29A4210D80024F0F7F7
:10DF10009FFE90F87D22E3B29A420AD80024F0F7DF
:10DF200097FE90F89222E3B29A4204D810BD0134D1
:10DF3000E5E70134EBE70134F1E770B5F0F788FE6F
:10DF400090F86742F0F784FE0225032690F87D32B0
:10DF500015FB046415FB03632C4104EB9304F0F7F9
:10DF600077FE90F8923215FB036504EB95000930BB
:10DF7000800070BD08B500F008F828B1F3F766F925
:10DF8000BDE80840F3F722B908BD10B501214FF6EE
:10DF90005740F0F7FDFB0446F0F75AFE90F8603268
:10DFA000022B03D1201E18BF012010BD0020FCE76A
:10DFB000431E58425841704701460E20F4F738BAC4
:10DFC00008B5F4F7EBFC80F00100C0B208BD2DE904
:10DFD000F041069FBDF81C8005461E46FFF7C2F9BA
:10DFE000044638B143463A4631462846A446BDE881
:10DFF000F0416047BDE8F081B0F80F30B3F5A06F95
:10E0000001D1F5F7AFBA7047F8B50C46154607468B
:10E010001E46F0F79FF901220021FEF7CFFC08B958
:10E020000120F8BD1223012200213846FEF7F3FE3D
:10E030000028F5D0D0F8063018780028F0D11EB9A5
:10E04000EB1E58425841ECE7052CE9D90B2CE8D1DE
:10E05000F6E710B50446FCF7F3F82046BDE810409B
:10E06000D9F7B2BB0120704710B500210446F7F77D
:10E070009FFA2389C0B143F010039BB22381012191
:10E080002046F7F795FA238988B143F400739BB2D1
:10E09000238102212046F7F78BFA238950B143F4FC
:10E0A00080539BB2238110BD23F01003E5E723F4D6
:10E0B0000073ECE723F48053F3E738B50546FFF728
:10E0C000D3FF2B8913F0070F0CBF06240B249A04EF
:10E0D00048BF0234580431D4990631D45A040CD5BF
:10E0E00095F82120900708D08A21C2F3820221FAF4
:10E0F00002F2D1075CBF1034E4B25A0609D52846B3
:10E1000000F0AEF9013400EB800004EB400404F0B1
:10E11000FF042B89DB0508D505F1280000F0EFF995
:10E12000013404EB800404F0FF042B8903F018038E
:10E13000182B0CBF01340234E0B238BD0134E4B214
:10E140000434E4B2CAE72DE9F0439FB088461B21AE
:10E150001E4691469DF898500746FCF71FF81B2273
:10E16000014609A8F9F712FA3846FBF7F5FF112323
:10E1700003709DF839304370C11D0B230446837032
:10E1800080F8038080F80490467185710891DDB1B4
:10E190003846FBF7FCFF0025C0F142088DF81C60F3
:10E1A0005FFA88F88DF81D902E4610A907A800F098
:10E1B000B9FA40B910A8FFF780FF0644B6B2B045DF
:10E1C00005F1010915D2EDB221230022A5714AF211
:10E1D000E011CDE90332F223CDE901310093089932
:10E1E00002230DF125023846FEF715FD1FB0BDE8EC
:10E1F000F08310AA08A93846F5F79EFA4D46D4E7F1
:10E200004FF6FF73994210B52AD00488A14205D178
:10E210004388934204D16FF01A000AE09C4209D06F
:10E2200083888B420ED04FF6FF74A34212D06FF05A
:10E23000400010BD83888B4202D1C3889342EAD04C
:10E24000002308E0C388934214BF6FF040006FF0D2
:10E250001A00EEE7012300EB830420F8231062800C
:10E260000020E6E7D9F7B0BA2DE9FF410B68C3F308
:10E2700041120C46511E0129054640F28880FF23B9
:10E2800001AA8DF801308DF802308DF8033004F1C9
:10E290000D0704F11503904613F8011D02F8011B48
:10E2A0009F42F9D10022B4F815000DF10103114687
:10E2B000D8F7E2FE0646C8B9024601460DF1020350
:10E2C0003846D8F7A3FF40B99DF801209DF80230E9
:10E2D00093420BD18DF8033008E00DF10203324672
:10E2E00031464046D8F792FF0028EDD09DF8013026
:10E2F0009DF802201340FF2B07D1B4F815100DF143
:10E30000030301223846D8F7FFFF9DF80330FF2BA7
:10E3100004D14FF0FF3004B0BDE8F0812A8995F8B0
:10E32000261042F040028B422A816BD0FF2995F8DB
:10E33000272023D1934265D000222A4482F8263038
:10E3400023689F0309D5002295F8221094F83030F5
:10E3500009B1994267D285F822302368580404D560
:10E36000D4F81A30EA68934268D100202B895A0504
:10E3700042BF23F480632B810020CCE7934241D03D
:10E38000FF2A02D06FF04000C5E70122D5E7022A3C
:10E3900012D0028910060CD442F080022A81236830
:10E3A000D903CED5E38D6B812B8943F400532B81A8
:10E3B000C6E7DA03F6D426E0DF0300F128060CD521
:10E3C000E28DB4F817103046FFF71AFFB8B92B8961
:10E3D000DE05B5D443F48073E9E703F007038DF855
:10E3E0000430237B8DF805306368CDF8063001A832
:10E3F000A368CDF80A3000F05DF80246E1E710F1BD
:10E400001B0F88D123689E0302D56FF01A029BE789
:10E410002368590404D5D4F81A30EA6893420DD120
:10E420006FF01A00A2E723681B3203F4804302D185
:10E43000002BF0D1F4E7002B92D196E7EB6094E744
:10E44000F6F7DCB838B5CCB205462146D9F718FA4C
:10E450002846F5F7BDFF2046BDE83840F6F7E0B89E
:10E4600090F826300246B3F1FF0092F8273018BF2B
:10E470000120FF2B18BF013070476FF06C039842EA
:10E48000B8BF18460828A8BF08206E30FF2940F3FF
:10E49000460009D0872909D80B2994BF0021012102
:10E4A00040EA8110C0B270470321F9E70221F7E783
:10E4B000DDF79EB907B50378B3B9D0F80230019300
:10E4C000019B98B2421E92B24FF6F6718A4208D969
:10E4D00080EA13435A1E92B28A420CD968B10838B6
:10E4E00080B203B05DF804FB0422811C0DEB020036
:10E4F000F9F74CF8E4E71846F3E70720F1E703885B
:10E5000002464FF6FF71581A938818BF01208B42BC
:10E5100018BF01307047F8B5077897741446FA09A8
:10E5200006463BD04278E27402F00303851C237553
:10E530000220002B37D04FF0000C920802F00402AA
:10E5400060441044884246D843B9BA0736D12946B8
:10E55000042204F11600F9F719F80435237D022B83
:10E560000CBF15F8013B00236375E37C13F0180F13
:10E57000C3F3C10201D0012A25D1637CC4F81E3047
:10E58000A37C03F00302012A05D15B065EBFE37C96
:10E5900043F04003E374A81BC0B2F8BD0023451C40
:10E5A000E3742375012017F0030F0CBF4FF0010C2B
:10E5B0004FF0000C4FEA8C0C0023BEE7A375E37507
:10E5C00023766376CAE72946042204F11E00F8F791
:10E5D000DDFF0435D4E70020DFE737B504460D46FC
:10E5E000082200216846F8F7DCFF2A4621466846E3
:10E5F000F8F7CCFF6846FCF796F803B030BDF0B5ED
:10E60000CB6B01338FB004460E4614D12046002553
:10E6100010F8023B002B0CBF04210821FFF7DDFF9F
:10E62000776CB0FBF7F202FB1707736CAB420BD8A9
:10E630006FF01B0006E001463046F6F75BFE00284F
:10E64000E4D000200FB0F0BD06EB0713596DF1B117
:10E65000B6F8403096F849006A46BCF739FDB0B9C3
:10E6600021466846F6F746FE88B16D460FCD344622
:10E67000F7630FC40FCD0FC40FCD0FC495E803008F
:10E6800084E8030006EB07173B6DF360D9E7736C72
:10E6900001370135B7FBF3F203FB1277C5E710B57D
:10E6A0000389C3F30011DB06044614D50021F6F7F5
:10E6B000A9FF23899A054FF0010120460ED5F6F7F0
:10E6C000A1FF2389DB044FF00201204609D5BDE8F4
:10E6D0001040F6F797BFF6F7BDFFEAE7F6F7BAFF87
:10E6E000EFE7BDE81040F6F7B5BF08B5F6F738FE1E
:10E6F000B0FA80F0400908BDF6F732BE1FB50346F8
:10E70000028903CB02F00702CDF8060001A88DF8BC
:10E710000420CDF80A10F7F7B9F805B05DF804FB4E
:10E72000F7F746B838B50378FF2B04460D4604D1F9
:10E73000FFF7E2FF00236070237020786378834244
:10E7400002D86FF01B0038BD2946F7F7B3F8002850
:10E75000F7D02378013323700020F4E700207047BE
:10E760002820704770477047002070477FB50E46DD
:10E770000192002105460D2218461C46F8F711FFAC
:10E78000314611F8023BDBB9042203A8F8F7FEFE7C
:10E79000039B6360002D14BF1A46002222600422EE
:10E7A0000DEB020104F10800F8F7F0FE3378022BBC
:10E7B0000BD1002D14BF0523A323237304B070BD18
:10E7C00008222046F8F7E2FEE9E70523F5E72DE900
:10E7D000F0411746037DC27C04468846C2F3C1025D
:10E7E0001BB3022B14BF02230323012A1FD1227C57
:10E7F000013213444046DEB2FBF78DFC217C4046DB
:10E800000131D9F775F9D4F81E30054600F8013BFF
:10E81000211D227CF8F7BAFE217C40460131D9F750
:10E82000C3F83D603046BDE8F0810623DDE7404691
:10E830001E1DFBF770FC0546F3E72DE9F0438FB092
:10E8400015461F466A4606AB002499469046065D6B
:10E8500086F05C0C86F03606A54202F8016B84BF98
:10E860000E5DD6730134102C03F801CBEFD10AAA48
:10E8700005F110014046D7F7DBF942462021484612
:10E88000D7F7D6F9224641463846F8F77FFE0FB053
:10E89000BDE8F08330B590F8781011F0010302461E
:10E8A00019D0002301330A2B01D1FF2012E002EB23
:10E8B000D30103F0070491F8781021FA04F0C0079F
:10E8C0004FEAD305EED4D8B201232A44A34019431A
:10E8D00082F8781030BD1C461D46F4E72DE9F04162
:10E8E00007460D46C61C00244FF00C0807EBD40366
:10E8F00004F0070293F87830D340DB071AD516F8F6
:10E90000022C2B78934215D153B908FB0473D3F82A
:10E910000320D5F802309A420CD1E0B2BDE8F08174
:10E920000822A91C3046F8F70AFE18B916F8012C7F
:10E930006B78F0E701340A2C06F10C06D6D1FF20E3
:10E94000ECE770B5002300F10B040C2500EBD302BB
:10E9500003F0070692F87820F240D20706D505FBAF
:10E9600003F2A25C8A4201D1D8B270BD01330A2BF6
:10E97000ECD1FF20F9E72DE9F04705468846164619
:10E98000C71C00244FF044094FF00C0A05EBD403D8
:10E9900004F0070293F87830D340D90733D509FB48
:10E9A000048393F84330DA072DD49B072BD417F850
:10E9B000022C337893420AD009FB04F318F8033091
:10E9C000C3F3C103012B18D1E0B2BDE8F0874BB906
:10E9D0000C2303FB0453D3F80320D6F802309A42E9
:10E9E000EAD1F1E70822B11C3846F8F7A8FD002863
:10E9F000E2D117F8012C7378F1E70AFB0453D3F83E
:10EA000003300133E0D001340A2C07F10C07BDD1EB
:10EA1000FF20DAE730B50023442400EBD30203F0F3
:10EA2000070592F87820EA40D50707D504FB0312C2
:10EA300092F84320D20701D5D8B230BD01330A2B5A
:10EA4000EBD1FF20F9E700EBD100012290F87830FC
:10EA500001F007018A4023EA020380F8783070470A
:10EA60000020704700207047704700002450FB7F53
:10EA7000010000005172000000000000B97E00009B
:10EA80002CEB0400B98F040000000000BDA40300BB
:10EA90000000000085A60300000000003989000086
:10EAA00054EB04003989000040EB0400719E000023
:10EAB000000000000B8104000000000075850000CC
:10EAC00068EB04008380040090EB04006580040080
:10EAD0007CEB0400DD81000000000000599A00007A
:10EAE000000000003D9F0000000000002DB1030069
:10EAF00000000000CD860000A4EB04002D82000081
:10EB0000B8EB0400218F0000CCEB04005B82040012
:10EB1000E0EB040007760400000000001B82040004
:10EB2000000000005DB7000000000000C7FA04000C
:10EB3000F0ED040008EE0400F00300207C27002024
:10EB40004DFD040064EE040094EE0400F803002080
:10EB50004C2800205BFD04007CEE040094EE0400D1
:10EB6000FA0300205828002015FC040000000000D3
:10EB700040EE0400F4030020D8270020B0FF04007A
:10EB800004EF040064EF0400FE030020580000209E
:10EB9000BEFF040038EF040064EF0400000400200E
:10EBA0008C0000208EFC04000000000048EE0400F1
:10EBB000F603002000000000C7FB04000000000076
:10EBC00024EE0400F20300200000000069FF0400AE
:10EBD000F4EE0400B8EE0400FC030020000D002059
:10EBE000AF04050000000000C8EF0400020400208C
:10EBF000C029002073F1040003000000B2F10400FA
:10EC000003000000E2FA040003000000D4FB04004B
:10EC1000030000009800050003000000C20005008A
:10EC200003000000A8FC0400030000009F0405008E
:10EC30000300000074FF040003000000470105000A
:10EC400003000000AEF8040003000000D8F904003F
:10EC5000030000000BFA04000300000081FA040026
:10EC600003000000DB03050003000000F1050500C0
:10EC700003000000F60F05000300000043F9040044
:10EC800003000000BD04050003000000CCFF0400E9
:10EC900003000000AC01050003000000FFFFFFFFC0
:10ECA000C510050000010000D8ECF0F4F8FC0002EB
:10ECB0000304050607080000000000000000000033
:10ECC000000000000000000000000101010102023C
:10ECD00002020303030304040404050505050606F4
:10ECE000060809000000000000000000000000000D
:10ECF0000000000000000001010101020202020305
:10ED000003030304040404050505050606070809B2
:10ED10000A0B0C0D07090902030700100200FA0094
:10ED200000000000514400005D4400006144000008
:10ED3000694400006D440000FFFF05120000000060
:10ED40000338FDD8704700000000000000000000FC
:10ED50000338FDD8704700000300000000000000E9
:10ED60000000000000B00700A4EB04000100000058
:10ED700000B0070000400000A4EB04000200000007
:10ED800000F0070000100000A4EB040000000020C9
:10ED90000000000000000B0602000000A0ED0400CF
:10EDA0000000000034F904002400020200000020EA
:10EDB0003CF9040020000B11597300000000000012
:10EDC000DF750400B8ED0400D0ED04008000000001
:10EDD00080130120B8ED0400E0ED04008000000085
:10EDE000401D0120AD7D0000917E0000000000006C
:10EDF000218000004D7F0000D6FA0400937B0400C0
:10EE0000997B0400DCFA0400117F0000A57B04005C
:10EE1000797B040000000000E97D00000000000094
:10EE200000000000AB7B040055820000458200001A
:10EE300000000000000000000000000000000000D2
:10EE4000FD8400002D840000958600001D880000D0
:10EE5000F98600008D8600007D8600000400000019
:10EE6000FF000000FF03000000030050000000004E
:10EE7000010000000060004000000000FFFFFFFFF5
:10EE80000000005000000000000000000060004092
:10EE900000000000B98A0000197C0400277C0400EF
:10EEA0003F7C04004B7C0400577C0400D5890000A3
:10EEB000B988000000000000AD7C0400B98C00009F
:10EEC000317D04008B7C0400F37C0400C58C0000C1
:10EED00069510000658D0000458D000000000000B4
:10EEE000AD8D0000D58C0000777C0400717C04009F
:10EEF000918D0000757C04000B001A00F8EE0400F0
:10EF0000010000000080024002000000000000003C
:10EF100014EF04000080024020EF04000100000014
:10EF200028EF0400040000000600000008000200B2
:10EF30000500040007000600002000400200000059
:10EF40000000000048EF04000020004054EF0400DF
:10EF5000010000005CEF040002000000210002003C
:10EF600022000000CF7D0400E1950000837D0400B5
:10EF70002F7F0400F77D0400257E0400517E0400ED
:10EF80005B7E0400957E0400A17E04005B7E04008D
:10EF9000857E0400AD7E0400BB7E0400C97E0400B3
:10EFA000FF7E0400037F040054EB04000D00010009
:10EFB00054EB04000E00010054EB04000F000100AC
:10EFC00054EB0400100001000000000000000000ED
:10EFD000000000005F82040031B500000000000066
:10EFE00000000000C1850400B5D20000D5ED00008E
:10EFF00031F700000000000081ED0000E9F700009B
:10F000000000000045ED000091F70000E9F100006C
:10F01000000000006C110040301100400011004061
:10F02000010000004411004000000000000000004A
:10F030000000000001090000000000000080004006
:10F040000000000028000000050000000000000093
:10F0500000000000008000400000000028000000C8
:10F0600005000000000000000A0000007800000019
:10F07000F0000000E001000098030000800700009D
:10F08000000F0000001E0000003C0000007800009F
:10F0900000F0000000E0010000C003000080070055
:10F0A00000000F00860F0500940F0500A80F050053
:10F0B000B70F0500C30F050074EA040074EA0400EA
:10F0C000DCEA0400E4EA04002CEB04002CEB04006E
:10F0D000050000002FAC0900FFFFFF000080018049
:10F0E000028003800480058006801F8000000700E6
:10F0F0000400050006000C000100010025633A2011
:10F10000436F756C646E2774206765742062756642
:10F110000A0025633A205374617274696E67205A3D
:10F120006967626565204E6574776F726B20436F07
:10F130002D70726F636573736F722073616D706C85
:10F14000650A0025633A205A6967626565204E6545
:10F1500074776F726B20436F2D70726F636573737A
:10F160006F722073616D706C652073746172746569
:10F17000640A0061707000574553545F544F504407
:10F1800049522F7A65706879722F6C69622F6865B1
:10F1900061702F686561702E63004153534552546E
:10F1A000494F4E204641494C20402025733A256462
:10F1B0000A0063627072696E74665F7061636B618E
:10F1C000676500286E696C29004661696C6564207A
:10F1D000746F207265626F6F743A207370696E6E1F
:10F1E000696E6720656E646C6573736C792E2E2E64
:10F1F0000A00574553545F544F504449522F7A6583
:10F20000706879722F6C69622F7574696C732F6FD7
:10F210006E6F66662E6300574553545F544F5044DB
:10F2200049522F7A65706879722F696E636C7564C4
:10F23000652F7A65706879722F7370696E6C6F6371
:10F240006B2E6800574553545F544F504449522F1A
:10F250007A65706879722F6C69622F7574696C7346
:10F260002F6E6F746966792E6300574553545F544F
:10F270004F504449522F7A65706879722F6C6962D9
:10F280002F7574696C732F72696E675F627566663D
:10F2900065722E63002A2A2A20426F6F74696E6796
:10F2A000206E524620436F6E6E6563742053444B4C
:10F2B0002076322E372E302D7263332D3231323597
:10F2C0006238613534353862202A2A2A0A002A2A0F
:10F2D0002A205573696E67205A6570687972204FCD
:10F2E000532076332E362E39392D31613564336211
:10F2F000346134666639202A2A2A0A005745535455
:10F300005F544F504449522F7A65706879722F616B
:10F310007263682F636F6D6D6F6E2F73775F6973A4
:10F32000725F636F6D6D6F6E2E6300574553545F50
:10F33000544F504449522F7A65706879722F617228
:10F3400063682F636F6D6D6F6E2F64796E616D6989
:10F35000635F6973722E630025633A2072302F61F8
:10F36000313A2020307825303878202072312F61D2
:10F37000323A2020307825303878202072322F61C0
:10F38000333A20203078253038780A0025633A2037
:10F3900072332F61343A202030782530387820724B
:10F3A00031322F69703A2020307825303878207239
:10F3B00031342F6C723A20203078253038780A00AA
:10F3C00025633A2020787073723A202030782530F7
:10F3D00038780A0025633A20735B2532645D3A2051
:10F3E000203078253038782020735B2532645D3AF0
:10F3F00020203078253038782020735B2532645DFA
:10F400003A20203078253038782020735B2532640C
:10F410005D3A20203078253038780A0025633A207C
:10F4200066707363723A20203078253038780A008D
:10F4300025633A204661756C74696E6720696E7346
:10F440007472756374696F6E20616464726573733E
:10F4500020287231352F7063293A203078253038D2
:10F46000780A0025633A20556E68616E646C6564A5
:10F47000204952516E3A2025640A0025633A202A19
:10F480002A2A2A2A204D5055204641554C54202ADC
:10F490002A2A2A2A0A0025633A202020537461630D
:10F4A0006B696E67206572726F722028636F6E746D
:10F4B0006578742061726561206D69676874206287
:10F4C00065206E6F742076616C6964290A0025637B
:10F4D0003A202020556E737461636B696E672065F6
:10F4E00072726F720A0025633A20202044617461B1
:10F4F000204163636573732056696F6C6174696F33
:10F500006E0A0025633A2020204D4D46415220418D
:10F510006464726573733A20307825780A00256335
:10F520003A202020496E737472756374696F6E207F
:10F530004163636573732056696F6C6174696F6EA4
:10F540000A0025633A202020466C6F6174696E675B
:10F550002D706F696E74206C617A79207374617498
:10F560006520707265736572766174696F6E20656F
:10F5700072726F720A00574553545F544F5044499A
:10F58000522F7A65706879722F617263682F617289
:10F590006D2F636F72652F636F727465785F6D2F67
:10F5A0006661756C742E630025633A202A2A2A2A24
:10F5B0002A205553414745204641554C54202A2A7C
:10F5C0002A2A2A0A0025633A202020446976697392
:10F5D000696F6E206279207A65726F0A0025633A3E
:10F5E000202020556E616C69676E6564206D656DC5
:10F5F0006F7279206163636573730A0025633A2033
:10F6000020204E6F20636F70726F636573736F722B
:10F6100020696E737472756374696F6E730A002566
:10F62000633A202020496C6C6567616C206C6F61C7
:10F6300064206F66204558435F52455455524E2012
:10F64000696E746F2050430A0025633A20202049D8
:10F650006C6C6567616C20757365206F66207468DB
:10F660006520455053520A0025633A2020204174FA
:10F6700074656D707420746F20657865637574654A
:10F6800020756E646566696E656420696E73747258
:10F69000756374696F6E0A0025633A202A2A2A2A44
:10F6A0002A20425553204641554C54202A2A2A2AC2
:10F6B0002A0A0025633A202020537461636B696E27
:10F6C00067206572726F720A0025633A202020500D
:10F6D000726563697365206461746120627573206B
:10F6E0006572726F720A0025633A202020424641FB
:10F6F0005220416464726573733A20307825780A29
:10F700000025633A202020496D7072656369736536
:10F71000206461746120627573206572726F720A71
:10F720000025633A202020496E73747275637469F2
:10F730006F6E20627573206572726F720A00526577
:10F7400073657276656420457863657074696F6E61
:10F7500020280053707572696F757320696E746527
:10F7600072727570742028495251200025633A2026
:10F77000535053454C20696E207468726561642053
:10F780006D6F646520646F6573206E6F7420696EA1
:10F79000646963617465205053500A0025633A2000
:10F7A0002A2A2A2A2A2048415244204641554C54AC
:10F7B000202A2A2A2A2A0A0025633A202020427574
:10F7C00073206661756C74206F6E20766563746F4C
:10F7D00072207461626C6520726561640A00256341
:10F7E0003A2020204465627567206576656E740A4C
:10F7F0000025633A2020204661756C742065736390
:10F80000616C6174696F6E20287365652062656C38
:10F810006F77290A0025633A20415243485F4558D3
:10F8200043455054207769746820726561736F6E28
:10F830002025780A0A0025633A202A2A2A2A2A2023
:10F840004465627567206D6F6E69746F72206578AC
:10F8500063657074696F6E202A2A2A2A2A0A002595
:10F86000633A202A2A2A2A2A20257320256429205F
:10F870002A2A2A2A2A0A00574553545F544F5044D3
:10F8800049522F7A65706879722F617263682F61AF
:10F89000726D2F636F72652F636F727465785F6D21
:10F8A0002F6972715F6D616E6167652E63006D70A7
:10F8B000750025633A204661696C656420746F2089
:10F8C000616C6C6F63617465206E6577204D505577
:10F8D00020726567696F6E2025750A0A0025633AF4
:10F8E00020506172746974696F6E2025753A2073B7
:10F8F000616E69747920636865636B206661696C09
:10F9000065642E0A00574553545F544F5044495282
:10F910002F7A65706879722F617263682F61726DDA
:10F920002F636F72652F6D70752F61726D5F6D70D3
:10F93000752E6300464C4153485F30005352414D91
:10F940005F3000736F6300574553545F544F50440A
:10F9500049522F7A65706879722F73756273797363
:10F960002F72616E646F6D2F72616E646F6D5F6573
:10F970006E74726F70795F6465766963652E63007B
:10F98000574553545F544F504449522F7A6570681D
:10F9900079722F696E636C7564652F7A657068790A
:10F9A000722F647269766572732F656E74726F70F0
:10F9B000792E6800574553545F544F504449522F95
:10F9C0007A65706879722F7375627379732F6E65BB
:10F9D000742F6275662E63006E65745F62756600D3
:10F9E000574553545F544F504449522F7A657068BD
:10F9F00079722F7375627379732F6E65742F6275C8
:10FA0000665F73696D706C652E63006E65745F620E
:10FA100075665F73696D706C6500574553545F542C
:10FA20004F504449522F7A65706879722F696E631E
:10FA30006C7564652F7A65706879722F6E65742FA6
:10FA40006E65745F69662E6800574553545F544F66
:10FA5000504449522F7A65706879722F73756273BA
:10FA600079732F6E65742F69702F6E65745F696688
:10FA70002E63006E65742564000000000000000025
:10FA8000006E65745F69636D7000574553545F5431
:10FA90004F504449522F7A65706879722F647269A9
:10FAA000766572732F636C6F636B5F636F6E7472D6
:10FAB0006F6C2F636C6F636B5F636F6E74726F6CD0
:10FAC0005F6E72662E6300636C6F636B4034303020
:10FAD0003030303030006866636C6B006C66636C8D
:10FAE0006B00636C6F636B5F636F6E74726F6C003F
:10FAF00025633A20546869732064726976657220C0
:10FB00006F6E6C7920737570706F72747320313200
:10FB1000382D626974204145532045434220656E6B
:10FB20006372797074696F6E20696E2073796E6389
:10FB300068726F6E6F7573206D6F64650A00256360
:10FB40003A204E6F206B65792070726F766964651C
:10FB5000640A0025633A20506572697068657261B5
:10FB60006C20696E207573650A0025633A206F6EFC
:10FB70006C792031362D6279746520626C6F636B0D
:10FB8000732061726520737570706F727465640A9A
:10FB90000025633A206F757470757420627566660F
:10FBA000657220746F6F20736D616C6C0A00256341
:10FBB0003A20454342206F7065726174696F6E2010
:10FBC0006572726F720A006563624034303030656E
:10FBD0003030300063727970746F5F6E72665F658B
:10FBE000636200574553545F544F504449522F7A33
:10FBF00065706879722F647269766572732F656EAD
:10FC000074726F70792F656E74726F70795F6E7237
:10FC100066352E630072616E646F6D403430303033
:10FC2000643030300025633A20696E76616C696417
:10FC300020616464726573733A2030782530386CC3
:10FC4000783A257A750A0025633A20756E616C69E9
:10FC5000676E656420616464726573733A203078FE
:10FC60002530386C783A257A750A0025633A206E7B
:10FC70006F7420776F72642D616C69676E65643A8A
:10FC80002030782530386C783A257A750A00666C11
:10FC90006173682D636F6E74726F6C6C6572403443
:10FCA0003030316530303000666C6173685F6E7281
:10FCB0006600574553545F544F504449522F7A655C
:10FCC000706879722F696E636C7564652F7A6570E0
:10FCD0006879722F647269766572732F6770696FC5
:10FCE0002F6770696F5F7574696C732E6800574574
:10FCF00053545F544F504449522F6D6F64756C6577
:10FD0000732F68616C2F6E6F726469632F6E7266F9
:10FD1000782F68616C2F6E72665F6770696F2E68EE
:10FD200000574553545F544F504449522F7A6570E1
:10FD30006879722F647269766572732F6770696F64
:10FD40002F6770696F5F6E7266782E6300677069E7
:10FD50006F403530303030333030006770696F407D
:10FD600035303030303030300025633A2045727203
:10FD70006F72207768696C652073746F7070696E3C
:10FD80006720726164696F0A0025633A20466169E1
:10FD90006C656420746F20656E7465722072656393
:10FDA000656976652073746174650A00574553541C
:10FDB0005F544F504449522F7A65706879722F69A9
:10FDC0006E636C7564652F7A65706879722F7379CC
:10FDD000732F627974656F726465722E6800256393
:10FDE0003A205061796C6F616420746F6F206C6190
:10FDF0007267653A2025640A00574553545F544F93
:10FE0000504449522F7A65706879722F647269760E
:10FE10006572732F696565653830323135342F6905
:10FE20006565653830323135345F6E7266352E6304
:10FE30000025633A205458206D6F646520256420A6
:10FE40006E6F7420737570706F727465640A00252C
:10FE5000633A2043616E6E6F742073656E64206632
:10FE600072616D650A0025633A20496E76616C699E
:10FE7000642041434B2074696D657374616D702E0D
:10FE80000A0025633A204E6F206672656520706116
:10FE9000636B657420617661696C61626C652E0AC2
:10FEA0000025633A204661696C656420746F207791
:10FEB0007269746520746F2061207061636B657472
:10FEC0002E0A00574553545F544F504449522F7ADD
:10FED00065706879722F696E636C7564652F7A65D9
:10FEE000706879722F6E65742F7074705F74696DAD
:10FEF000652E680025633A2041434B207061636B97
:10FF00006574206E6F742068616E646C6564202D6A
:10FF10002072656C656173696E672E0A006E726689
:10FF2000355F72780025633A206E524635203830AE
:10FF30003231353420726164696F20696E69746989
:10FF4000616C697A65640A0025633A205061636BCD
:10FF500065742064726F70706564206279204E450C
:10FF60005420737461636B0A0069656565383032CB
:10FF700031353400696565653830323135345F6E4E
:10FF800072663500000102030405060725633A2066
:10FF90004661696C656420746F20616C6C6F63618D
:10FFA000746520505049204368616E6E656C0A008C
:10FFB00075617274403430303238303030007561E1
:10FFC00072744034303030323030300075617274C9
:10FFD0005F6E7266785F7561727465005745535441
:10FFE0005F544F504449522F7A65706879722F647C
:10FFF0007269766572732F74696D65722F6E7266A1
:020000040005F5
:100000005F7274635F74696D65722E630057455348
:10001000545F544F504449522F7A65706879722F5B
:10002000696E636C7564652F7A65706879722F6488
:100030007269766572732F6770696F2E6800256329
:100040003A2043616E6E6F74207772697465204C3C
:100050004544206770696F0A0025633A2043616E4A
:100060006E6F7420636F6E666967757265204C45AC
:1000700044206770696F0A0025633A204C4544208C
:10008000696E646578206F7574206F66207468658A
:100090002072616E67650A00646B5F627574746FCD
:1000A0006E735F616E645F6C6564730025633A20F4
:1000B000526573657474696E672073797374656DC6
:1000C0000A00666174616C5F6572726F720025630D
:1000D0003A204D50534C204153534552543A202519
:1000E000732C2025640A00574553545F544F5044E5
:1000F00049522F6E72662F7375627379732F6D700C
:10010000736C2F696E69742F6D70736C5F696E69A3
:10011000742E6300574553545F544F504449522F37
:100120006E72662F696E636C7564652F6D70736C8B
:100130002F6D70736C5F776F726B2E68004D50532C
:100140004C20576F726B006D70736C5F696E6974D1
:1001500000574553545F544F504449522F6E7266B6
:100160002F7375627379732F7A69676265652F6F74
:100170007369662F7A625F6E72665F706C61746617
:100180006F726D2E630025633A205A424F535320FD
:10019000666174616C206572726F72206F63637543
:1001A000727265640A007A626F7373007A626F73A9
:1001B000735F6F73696600574553545F544F5044E3
:1001C00049522F6E72662F7375627379732F7A6935
:1001D000676265652F6F7369662F7A625F6E7266FC
:1001E0005F7472616E736365697665722E63002554
:1001F000633A2025733A2041434B206C656E677447
:1002000068206572726F720A0025633A2025733A7E
:100210002041434B206672616D65207761732065D4
:10022000787065637465640A0025633A204F7665CB
:100230007277726974696E6720756E68616E646C3E
:1002400065642041434B206672616D652E0A00256E
:10025000633A204661696C656420746F2072656141
:10026000642041434B206672616D652E0A0069650A
:1002700065653830323135345F68616E646C655F56
:1002800061636B00574553545F544F504449522F9C
:100290006E72662F7375627379732F7A6967626500
:1002A000652F6F7369662F7A625F6E72665F637225
:1002B0007970746F2E6300574553545F544F504408
:1002C00049522F7A65706879722F696E636C756414
:1002D000652F7A65706879722F63727970746F2FE9
:1002E00063727970746F2E680025633A2043616EE3
:1002F0006E6F7420696E6974204C454473202865C4
:1003000072723A202564290A0025633A2043616EFF
:100310002774206F70656E205A424F5353204E56FB
:1003200052414D20666C61736820617265610A00FC
:1003300025633A2043616E2774206F70656E2070CC
:10034000726F6475637420636F6E66696720666C94
:1003500061736820617265610A0025633A20526505
:100360006164206572726F723A2025640A00256309
:100370003A205772697465206572726F723A20254F
:10038000640A0025633A20457261736520657272C4
:100390006F723A2025640A0025633A2050726F6418
:1003A00020636F6E662068656164657220726561A6
:1003B00064206572726F723A2025640A0025633AE0
:1003C0002050726F6420636F6E66207265616420D6
:1003D0006572726F723A2025640A006E72665F3829
:1003E00030323135345F636F6E66696775726500F0
:1003F000574553545F544F504449522F6E72662FE5
:10040000647269766572732F6D70736C2F636C6F95
:10041000636B5F636F6E74726F6C2F6E7266785F62
:10042000636C6F636B5F6D70736C2E630057455325
:10043000545F544F504449522F6E72662F64726954
:10044000766572732F6D70736C2F666C6173685F65
:1004500073796E632F666C6173685F73796E635F27
:100460006D70736C2E630025633A206D70736C5F42
:1004700074696D65736C6F745F73657373696F6EA8
:100480005F6F70656E206661696C65643A202564F3
:100490000A0025633A2074696D656F75740A0066F9
:1004A0006C6173685F73796E635F6D70736C0074F9
:1004B000656D704034303030633030300074656DBD
:1004C000705F6E7266355F6D70736C005745535484
:1004D0005F544F504449522F7A65706879722F6D7E
:1004E0006F64756C65732F68616C5F6E6F726469A1
:1004F000632F6E72665F3830323135342F7261642B
:10050000696F2F706C6174666F726D2F6E72665FAB
:100510003830323135345F72616E646F6D5F7A6589
:10052000706879722E6300574553545F544F50449E
:1005300049522F7A65706879722F6D6F64756C659A
:10054000732F68616C5F6E6F726469632F6E726681
:100550005F3830323135342F736C5F6F70656E7376
:100560006F757263652F706C6174666F726D2F6E3C
:1005700072665F3830323135345F636C6F636B5F46
:100580007A65706879722E6300574553545F544FF3
:10059000504449522F7A65706879722F6D6F647577
:1005A0006C65732F68616C5F6E6F726469632F6E28
:1005B00072665F3830323135342F736C5F6F70651F
:1005C0006E736F757263652F706C6174666F726D98
:1005D0002F6E72665F3830323135345F74656D70FE
:1005E000657261747572655F7A65706879722E6381
:1005F000006E72665F3830323135345F74656D700D
:100600006572617475726500574553545F544F505D
:100610004449522F6E72662F6D6F64756C65732F2F
:100620006E7266786C69622F6E72665F3830323136
:1006300035342F736C2F706C6174666F726D2F6E12
:1006400072665F3830323135345F68705F74696D5F
:1006500065722E6300574553545F544F50444952BE
:100660002F6E72662F6D6F64756C65732F6E726678
:10067000786C69622F6E72665F3830323135342F94
:10068000736C2F706C6174666F726D2F6E72665F23
:100690003830323135345F706C6174666F726D5F03
:1006A000736C5F6C7074696D65725F7A6570687980
:1006B000722E630000000000000000000100000036
:1006C000000000574553545F544F504449522F6D1A
:1006D0006F64756C65732F68616C2F6E6F726469DF
:1006E000632F6E7266782F68616C2F6E72665F7210
:1006F0006164696F2E680000FFFFFFFFFFFFFF02CC
:10070000FFFFFF08574553545F544F504449522F41
:100710006D6F64756C65732F68616C2F6E6F72649A
:1007200069632F6E7266782F68616C2F6E72665FD8
:100730006770696F74652E6800574553545F544F56
:10074000504449522F6D6F64756C65732F68616CEE
:100750002F6E6F726469632F6E7266782F64726990
:10076000766572732F7372632F6E7266785F67702F
:10077000696F74652E630000202A2A2A2A2A2A2AF1
:100780002A2A2A2A2A2A2A0001574553545F544FFD
:10079000504449522F6D6F64756C65732F68616C9E
:1007A0002F6E6F726469632F6E7266782F64726940
:1007B000766572732F7372632F6E7266785F6E76D2
:1007C0006D632E63005465726D696E616C0000008C
:1007D00000000000545452205245474745530061E1
:1007E000665F64657363726970746F722E63000074
:1007F000010203040506131F61665F72782E630011
:100800006170735F62696E642E63006170735F6410
:100810007570732E63006170735F6D61696E2E6316
:10082000005A6967426565416C6C69616E63653049
:1008300039006170735F73656375722E6300D0D188
:10084000D2D3D4D5D6D7D8D9DADBDCDDDEDF006170
:1008500070736D655F73656375722E630069635FA6
:1008600073656375722E630006080C106A6F696EFB
:10087000696E675F6C6973745F6D676D742E63007A
:100880006D61632E63006D61635F6173736F636994
:100890006174652E63006D61635F636F6D6D6F6E74
:1008A0002E63006D61635F63725F6173736F636971
:1008B0006174652E63006D61635F63725F636F6F68
:1008C0007264696E61746F722E63006D61635F6341
:1008D000725F646174612E63006D61635F64617453
:1008E000612E63006D61635F6F7074696F6E616C20
:1008F0002E63006D61635F7069622E63006D6163DA
:100900005F7363616E2E63006D61635F7A636C5F1A
:10091000646961676E6F737469632E63006D6163F0
:100920005F7A67702E63006E776B5F6164647265D7
:1009300073735F636F6E666C6963742E63006E77AA
:100940006B5F62726F616463617374696E672E635B
:10095000006E776B5F63725F666F726D6174696F53
:100960006E2E63006E776B5F63725F6A6F696E2EC7
:1009700063006E776B5F63725F6D6573685F726F44
:100980007574696E672E63006E776B5F63725F705C
:1009900065726D69745F6A6F696E2E63006E776B46
:1009A0005F63725F726F7574655F646973636F769E
:1009B0006572792E63006E776B5F646973636F761F
:1009C0006572792E63006E776B5F666F726D61740E
:1009D000696F6E2E63006E776B5F6A6F696E2E6350
:1009E000006E776B5F6C696E6B5F737461747573A7
:1009F0002E63006E776B5F6D61696E2E63006E779C
:100A00006B5F6D6D2E63006E776B5F6E65696768F7
:100A1000626F722E63006E776B5F6E6C6D652E6316
:100A2000006E776B5F70616E69645F636F6E666C9A
:100A30006963742E63006E776B5F73726F75746990
:100A40006E672E630073656375725F63636D2E63FB
:100A50000022111A217A625F616464726573732ED9
:100A600063007A625F627566706F6F6C5F6D756C44
:100A7000742E63007A625F627566706F6F6C5F6D73
:100A8000756C745F73746F726167652E63007A6250
:100A90005F6368616E6E656C5F706167652E630091
:100AA0001A0000000000000000000000000000002C
:100AB0000000000000000018141A07141A081A1A7F
:100AC0000B0000000000000000000000000000001B
:100AD0000000000000000000000000000000000016
:100AE0001A000000000000000000000000000000EC
:100AF00000000000000000184C1A22371A223D1A8C
:100B00000B000000000000000000000000000000DA
:100B1000000000000000000038001B23001B230021
:100B200000E4E4E4E4E4E4E4E4E4E4E4E4E4E4E469
:100B3000E4E4E4E4E4E4E400000000000000000079
:100B40007A625F6572726F725F696E646963617405
:100B5000696F6E2E6300FFFFFFFFFFFFFFFF0000C6
:100B60000000000000007A625F6E7672616D2E6395
:100B700000030000FFFFFF01FFFFFF020300000270
:100B800000000000FF0000FFFFFFFFFFFFFFFF006E
:100B90007A625F6E7672616D5F637573746F6D5F9D
:100BA00068616E646C6572732E63007A625F6E7743
:100BB0006B5F65645F6167696E672E63007A625F71
:100BC00072616E646F6D2E63007A625F7363686535
:100BD00064756C65722E63007A625F736368656426
:100BE000756C65725F696E69742E63007A625F73FB
:100BF00069676E616C5F636F6D6D6F6E2E63007AF7
:100C0000646F5F6170702E63007A646F5F617070F3
:100C10005F636F6D6D6F6E2E63007A646F5F6170DE
:100C2000705F6A6F696E2E63007A646F5F617070C7
:100C30005F6C656176652E63007A646F5F617070CA
:100C40005F70726F645F636F6E662E63007A646FAD
:100C50005F62696E645F6D616E6167652E63007AC5
:100C6000646F5F6368616E6E656C5F6D616E616716
:100C700065722E63007A646F5F636F6D6D69737365
:100C8000696F6E696E672E63007A646F5F636F6D64
:100C90006D6F6E2E63007A646F5F646961676E6F5B
:100CA00073746963732E63007A646F5F646973633E
:100CB0005F636C692E63007A646F5F646973635F5E
:100CC0007372762E63007A646F5F666F726D617403
:100CD000696F6E2E63007A646F5F6E776B5F6D6114
:100CE0006E6167655F636C692E63007A646F5F6E27
:100CF000776B5F6D616E6167655F7372762E6300FF
:100D00007A646F5F72782E63007A646F5F736563D5
:100D100075722E63007A646F5F777761685F7061C8
:100D200072656E745F636C61737369666963617425
:100D3000696F6E2E63000302047A646F5F777761D8
:100D4000685F7375727665795F626561636F6E73F4
:100D50002E63002F6A656E6B696E735F776F726BBF
:100D600073706163652F776F726B73706163652F4A
:100D700046575F6E6F726469635F72656C6561731D
:100D8000655F6E63732D322E372E302D70726F6457
:100D90002F6D6F64756C65732F6C69622F7A626F4B
:100DA00073732F6E63702F686967685F6C65766513
:100DB0006C2F6465762F6E637066772F6E63705F3D
:100DC0006170702E63002F6A656E6B696E735F775A
:100DD0006F726B73706163652F776F726B73706185
:100DE00063652F46575F6E6F726469635F72656CEF
:100DF000656173655F6E63732D322E372E302D70F3
:100E0000726F642F6D6F64756C65732F6C69622FE0
:100E10007A626F73732F6E63702F686967685F6C97
:100E20006576656C2F6465762F6E637066772F6EBE
:100E300063705F636F6D6D697373696F6E696E6701
:100E40002E63002F6A656E6B696E735F776F726BCE
:100E500073706163652F776F726B73706163652F59
:100E600046575F6E6F726469635F72656C6561732C
:100E7000655F6E63732D322E372E302D70726F6466
:100E80002F6D6F64756C65732F6C69622F7A626F5A
:100E900073732F6E63702F686967685F6C65766522
:100EA0006C2F6465762F6E637066772F6E63705F4C
:100EB000686C5F70726F746F2E6300574553545F98
:100EC000544F504449522F7A65706879722F6B6580
:100ED000726E656C2F6465766963652E6300556E6E
:100EE0006B6E6F776E206572726F7200756E6B6ECF
:100EF0006F776E0025633A203E3E3E205A455048AB
:100F0000595220464154414C204552524F522025BF
:100F1000643A202573206F6E204350552025640AC3
:100F20000025633A204661756C7420647572696EA1
:100F30006720696E746572727570742068616E6482
:100F40006C696E670A0A0025633A20437572726500
:100F50006E74207468726561643A202570202825BB
:100F600073290A00574553545F544F504449522F38
:100F70007A65706879722F6B65726E656C2F666129
:100F800074616C2E630043505520657863657074FE
:100F9000696F6E00556E68616E646C656420696E81
:100FA0007465727275707400537461636B206F7630
:100FB0006572666C6F77004B65726E656C206F6F43
:100FC0007073004B65726E656C2070616E696300B2
:100FD000574553545F544F504449522F7A657068B7
:100FE00079722F6B65726E656C2F696E69742E63F2
:100FF000006D61696E006F7300574553545F544F25
:10100000504449522F7A65706879722F6B65726E01
:10101000656C2F6B686561702E6300574553545F94
:10102000544F504449522F7A65706879722F6B651E
:10103000726E656C2F6D656D5F736C61622E6300FF
:10104000574553545F544F504449522F7A65706846
:1010500079722F6B65726E656C2F69646C652E6397
:1010600000574553545F544F504449522F7A65708E
:101070006879722F6B65726E656C2F6D73675F7127
:101080002E6300574553545F544F504449522F7AB2
:1010900065706879722F6B65726E656C2F6D7574F3
:1010A00065782E6300574553545F544F504449525E
:1010B0002F7A65706879722F6B65726E656C2F730D
:1010C000656D2E6300737973776F726B710057458E
:1010D00053545F544F504449522F7A657068797267
:1010E0002F6B65726E656C2F776F726B2E63005776
:1010F0004553545F544F504449522F7A6570687974
:10110000722F6B65726E656C2F7468726561642EE8
:101110006300574553545F544F504449522F7A65EA
:10112000706879722F6B65726E656C2F696E636C77
:101130007564652F6B7468726561642E680057452D
:1011400053545F544F504449522F7A6570687972F6
:101150002F6B65726E656C2F73636865642E630018
:10116000574553545F544F504449522F7A65706825
:1011700079722F6B65726E656C2F696E636C756426
:10118000652F6B73636865642E6800574553545F21
:10119000544F504449522F7A65706879722F6B65AD
:1011A000726E656C2F74696D65736C6963696E67C7
:1011B0002E6300574553545F544F504449522F7A81
:1011C00065706879722F6B65726E656C2F74696DCE
:1011D000656F75742E6300574553545F544F5044E8
:1011E00049522F7A65706879722F6B65726E656CE3
:1011F0002F706F6C6C2E6300574553545F544F50E3
:101200004449522F7A65706879722F6B65726E65EA
:101210006C2F6D656D706F6F6C2E63007A636C5F01
:10122000636F6D6D6F6E2E63000102030400060094
:10123000000002030400067A636C5F67656E6572E6
:10124000616C5F636F6D6D616E64732E63007A63B2
:101250006C5F6D61696E2E63007A636C5F6E76728F
:10126000616D2E63007A636C5F706F6C6C5F636F8F
:101270006E74726F6C5F636F6D6D616E64732E63FD
:10128000007A636C5F7265706F7274696E672E634B
:10129000007A636C5F735F777761682E63007A64AE
:1012A0006F5F636F6D6D697373696F6E696E675F92
:1012B0006264622E63007A636C5F617474725F763D
:1012C000616C75652E63007A636C5F636F6E747218
:1012D0006F6C345F6E6574776F726B696E672E63C7
:1012E000007A636C5F6961735F7A6F6E655F636FCD
:1012F0006D6D616E64732E63007A67705F636C75E9
:10130000737465722E63007A67705F636C757374B3
:1013100065725F67702E6300040102087A67705F70
:10132000636F6D6D6F6E2E63007A67705F70726FA2
:1013300078795F7461626C652E63007A67705F73A1
:10134000656375722E63005A4750007A67705F7349
:101350007475622E6300647261676F6F6E2F6C69C3
:1013600062732F7363686564756C696E672F73723F
:10137000632F72656D5F68616C5F6576656E745F23
:1013800074696D65722E6300B0EA56C88D83335060
:1013900088D0EB895665696D3CB0CEB9000000007D
:1013A00004000020A53D0000AB3D0000D73D00003B
:1013B000AF3D0000E13D0000B53D0000ED3D000007
:1013C000BB3D0000BD3D0000BF3D0000CD3D000025
:1013D000D13D0000C33D0000C93D0000DD3D0000DF
:1013E000E73D000024ED04000105050065700400E0
:1013F0005CED0400B57504000000000000C20100AF
:10140000000103007800002000000000BA880020DE
:10141000B98800200000000000000000000000006B
:10142000BB88002020000000000000000000000039
:1014300000C2010000010300AC0000200000000019
:10144000DC880020DB880020000000000000000095
:1014500000000000DD8800202000000000000000E7
:10146000C0000020C00000200000000000000000BC
:10147000D20000000090D003000000000000000037
:10148000000000000000000000000000000000005C
:10149000000000000000000000000000000000004C
:1014A000000000000000000000000000000000003C
:1014B000000000000000000000000000000000002C
:1014C000000000000000000000000000000000001C
:1014D0000000000000000000000000000800000004
:1014E000FF000000000000000300000000000000FA
:1014F0003F900700200000008000000080000000F6
:10150000A0000000800000000C000000300000007F
:10151000120000000C000000300000007C010020E0
:101520007C01002098010020FF8000148020200210
:101530000C06020184010020F2E0A100000000007E
:10154000000000000000000002C5010020BB0100F7
:101550002000000000000000000000F2E0A1610097
:10156000000001210021000500E30100200100002E
:101570002539040021000900150200200200004561
:10158000390400FDFF2101FFFFF8F00400200018DE
:1015900003FFFF1C8400202100F103FFFF1D8400D6
:1015A000202200F103FFFF2D840020FFFF0000FF39
:1015B000FF00000000FDFF2101FFFFFAF004002002
:1015C000001803FFFF1C8400202100F103FFFF1D12
:1015D0008400202200F103FFFF2D84002010002052
:1015E00001FFFFD0F0040011004301FFFF6C8400F5
:1015F0002016001A01FFFFD4F0040017001A01FFA3
:10160000FFD8F00400FFFF0000FFFF00000000FF14
:101610003D820400158E040000000000A774040041
:1016200090EB0400A57F040000000000A7740400F4
:1016300000000000A774040000000000A77404006C
:10164000B90E0100158E040000000000A77404000C
:1016500000000000A774040000000000A77404004C
:1016600000000000A774040000000000A77404003C
:1016700000000000A7740400D8270020098600009D
:1016800000000000A774040000000000A77404001C
:1016900000000000A774040000000000C155000015
:1016A00000000000A774040000000000A7740400FC
:1016B00000000000A774040000000000A7740400EC
:1016C00000000000A774040000000000A7740400DC
:1016D00000000000A774040000000000099F000043
:1016E00000000000A774040000000000A7740400BC
:1016F00000000000A774040000000000A7740400AC
:1017000000000000A774040000000000A77404009B
:1017100000000000A774040000000000A77404008B
:1017200000000000A774040000000000A77404007B
:1017300000000000A774040000000000A77404006B
:1017400000000000A774040000000000A77404005B
:101750007CEB0400A57F040000000000A7740400D7
:1017600000000000A774040000000000A77404003B
:1017700000000000A774040000000000A77404002B
:1017800000000000A774040000000000A77404001B
:101790000000000000000000000000000000000049
:1017A00000000000FFFFFFFF00000000000000003D
:1017B00089CE0300000000000000000000000000CF
:1017C000200400202004002061AC00000000000084
:1017D0000000000000000000000000000000000009
:1017E000000000000000000089CE0300000000009F
:1017F00000000000000000005804002058040020F1
:10180000B1AB00000000000000000000000000007C
:101810000000000000000000780400207804002090
:10182000000000004028012000000000040000002B
:1018300050000000000000009804002098040020E0
:10184000000000000027012000000000040000004C
:10185000500000000000000000000000800B01208C
:101860000008000000000000000000000000000070
:10187000D0040020D0040020000000000000000080
:101880000E000000E4040020E4040020000000003A
:10189000000000000E000000F8040020F804002002
:1018A00000000000000000000E0000000C050020F9
:1018B0000C05002000000000180000000A000000D5
:1018C00080290120702A01208029012080290120FF
:1018D0000000000034050020340500200000000056
:1018E000400500204005002001000000010000002C
:1018F0005005002050050020580500205805002004
:1019000001000000010000006805002068050020BB
:101910000000000000000000000000007C05002026
:101920007C050020840500208405002000000000C4
:10193000100010000400000000000000D4ED0400BE
:101940004025012000000000000000000000000011
:10195000B0050020B0050020B8050020B805002023
:101960000000000010001000040000000000000053
:10197000C4ED0400801B01201406002000000000BC
:101980000000000000000000000000000000000057
:101990000000000000000000000000000000000047
:1019A0000000000000000000000000000000000037
:1019B00000000000CCEB040030060020642800206A
:1019C0000002000000000000000000007F00000096
:1019D00045A4000000000000000000003381040066
:0419E00015E015E019
:00000001FF
