:020000040000FA
:1000000000630020A12C00005BAB00008D2C0000E1
:100010008D2C00008D2C00008D2C000000000000B5
:10002000000000000000000000000000952E00000D
:100030008D2C000000000000292E00008D2C0000F7
:100040006931000069310000693100006931000048
:100050006931000069310000693100006931000038
:100060006931000069310000693100006931000028
:100070006931000069310000693100006931000018
:100080006931000069310000693100006931000008
:1000900069310000693100006931000069310000F8
:1000A00069310000693100006931000069310000E8
:1000B00069310000693100006931000069310000D8
:1000C00069310000693100006931000069310000C8
:1000D00069310000693100006931000069310000B8
:1000E00069310000693100006931000069310000A8
:1000F0006931000069310000693100006931000098
:1001000053B94AB9002908BF00281CBF4FF0FF317E
:100110004FF0FF3000F00CB8ADF1080C6DE904CEE3
:1001200000F008F8DDF804E0DDE9022304B07047D0
:10013000704700BF2DE9F04786468C460846089E6A
:10014000154674461946002B40F0C2808542B2FA2B
:1001500082F245D94AB1C2F1200300FA02FC2EFA1C
:1001600003F3954043EA0C0C94404FEA154EA8B2B5
:10017000BCFBFEF8230C0EFB18CC08FB00F943EA8D
:100180000C43994528D9EB1808F1FF3704D299455B
:1001900002D9A8F102072B44A3EB0903A4B2B3FBD5
:1001A000FEFC0EFB1C330CFB00F044EA0344A042AF
:1001B00014D92C190CF1FF3304D2A04202D9ACF1AE
:1001C00002032C44241A43EA07401EB1D440002302
:1001D00034607360BDE8F0874746DDE76346F1E7CA
:1001E00092BB431B01214FEA154EAFB2B3FBFEFC9D
:1001F000200C0EFB1C330CFB07F840EA0343984528
:1002000062D9EB180CF1FF3004D2984502D9ACF159
:1002100002002B44A3EB0803A4B2B3FBFEFC0EFBCD
:100220001C330CFB07F744EA0344A7424ED92C19B0
:100230000CF1FF3304D2A74202D9ACF102032C44E3
:10024000E41B43EA0040C0E7C2F1200320FA03F1B7
:10025000954090402EFA03F303434FEA154EAFB298
:10026000B1FBFEFC0EFB1C10190C0CFB07F841EA5D
:100270000041884504FA02F422D969180CF1FF30D4
:1002800004D2884502D9ACF102002944A1EB08014F
:100290009BB2B1FBFEFC0EFB1C110CFB07F743EA03
:1002A00001439F420ED9EB180CF1FF3104D29F425B
:1002B00002D9ACF102012B44DB1B41EA004192E779
:1002C0006046E3E76146F7E76046A3E76346B7E7C2
:1002D000834206D916B9002108467BE7C6E900E04B
:1002E000F9E7B3FA83F78FB9834201D3724508D88F
:1002F000BEEB020460EB030301209C461EB9002103
:1003000068E73846FAE7C6E9004CF8E7C7F1200C81
:10031000BB4022FA0CF41C432EFA0CF120FA0CF329
:10032000B84001434FEA14490EFA07F5B3FBF9F858
:100330001FFA84FE09FB18300B0C08FB0EFA43EA87
:1003400000439A4502FA07F240D9E31808F1FF305A
:1003500004D29A4502D9A8F102002344A3EB0A0370
:1003600089B2B3FBF9F809FB183308FB0EFE41EA2A
:1003700003418E452CD9611808F1FF3304D28E4514
:1003800002D9A8F10203214443EA0040A0FB0298ED
:10039000A1EB0E014145CE46434602D306D14D4561
:1003A00004D2B9EB020E68EB04030138002EA6D08C
:1003B000B5EB0E0261EB030101FA0CFC22FA07F324
:1003C0004CEA0303F940C6E9003198E74046C5E727
:1003D0004346D9E7F0B53E4B3E4AC3F8002685B008
:1003E000C3F804263C48C3F808264921C3F80C2664
:1003F000C3F81026C3F81426C3F81826C3F81C2621
:100400000AF0A5F900F07CF809F03AFB00F09EF83C
:1004100050B1012000F092F8002001F001FB78B10A
:100420002E4845210AF093F901A800F077FA2C4BE9
:100430001B68834211D02B4845210AF088F9FEE75A
:10044000294849210AF083F94FF0FF304FF0FF317E
:1004500002F070F925484921E4E7039A244849212C
:100460000AF075F9234849210AF071F94FF48031F7
:1004700000200AF094FF044620B11F4845210AF0ED
:1004800066F9FEE769469DF8080000F07FF8009BDA
:10049000039D1D44019B1E8905F0DCFCAF1901F092
:1004A000DBF900F0D3FA00F0A7FA02F023FCAB5915
:1004B00083F3088884F31488BFF36F8FBFF36F8FC3
:1004C0007B6898470D4845210AF041F9FEE700BFD7
:1004D000000001403546526E0CC6000025C60000E3
:1004E000880C002074C600003CC6000055C6000001
:1004F00097C60000C6C60000EBC600001EC700007D
:1005000008B50B480BF023F828B9BDE808400948A6
:1005100045210AF01CB908484FF4003109F099FA56
:10052000BDE80840024800220D2109F082BA00BF50
:100530000CC0000041C7000020C2000002460D218F
:10054000014809F076BA00BF0CC0000037B50D4C69
:1005500020460AF0FCFF98B10B484FF4803109F0B7
:1005600078FA2569A36801A95B682046984720B9F5
:100570002B6801985840C0F30040003818BF012094
:1005800003B030BD0CC0000018C2000008B5024620
:1005900038B10548002345210AF0D9F86FF015005D
:1005A00008BD0860FCE700BF78C700002DE9F04FE8
:1005B000DFF828B2DDB0DDE9688916461C466A9F7F
:1005C000DBF8005000F0E2F9804B0122C3F800256F
:1005D0003CA808F06DF9B8F1000F07D0B9F1000F91
:1005E00004DD4A4641463CA809F0ECFB3389728998
:1005F000D6F80CA013449A444FF00008C2455DD8C9
:100600000FA93CA808F0C6F9704B0022C3F80025DA
:10061000C3F8002527B120220FA938460AF0F2FAC4
:100620000023009331464FF6FF73224609A809F0D4
:1006300028FA0646002852D120460E9F09F002FBF8
:1006400087424CD8DFF898A1DFF880814FF0FF3760
:100650000DF11E0307AA08A909A809F060FA0028ED
:100660003DDB40F0AC80089909A809F0A4FA50B924
:10067000BDF81E00564A4FF6FF7132F8023B8B421E
:100680002DD09842F9D1BDF81E90B9F1100F30D19C
:10069000BDF81C60202E22D1089933463CAA204682
:1006A0000AF063F8D8B932463CA90FA809F0BDFAA0
:1006B000484B1B68834212D10126C9E7679B669AA3
:1006C000AAEB0809994528BF99464B464146204662
:1006D0000AF04BF830B13D4B0022C3F80025DBF89F
:1006E00000506EE066994A463CA809F06BFBC8448E
:1006F00084E7B9F1010F41D1BDF81C30202BEED8B1
:1007000008993CAA20460AF030F807460028E6D1AE
:100710009DF81C300393202B09D8DAF800202E4BCB
:100720000492049A974205DB0023C8F800354FF085
:10073000FF378DE7059300F029F9C8F800951FA849
:1007400008F0B6F8059B5A6853F8081B1268059321
:100750001FA809F037FB17A91FA808F01BF90022F2
:10076000C8F80025039A3CA917A80AF03BFA059B94
:1007700010B9C8F800056BE70137D2E7B9F1220FCD
:100780007FF466AF7B1C3FF463AFDAF80030BB4206
:10079000CDDDBDF81C30802BA1D808993CAA20469D
:1007A00009F0E3FF00289AD1FFB2BDF81C30009792
:1007B0003CAA20210FA800F015F80546B7E7002E47
:1007C0008DD028465DB0BDE8F08F00BF00A002507C
:1007D000F0C50000880C00202CC20000B0000020F2
:1007E00028C200002DE9F04796B016461D469DF838
:1007F0007820374BDFF8E88053F83210019103EB93
:10080000C20307465B68D8F80090186802AA014442
:10081000302301A809F064FA002851D1DDE9014331
:100820001C4403AA06AB214601A809F081FA00285E
:1008300046D1049A072A43D1264905980AF0D2F9ED
:1008400000283DD1079A082A3AD1234908980AF08E
:10085000C9F9A8BB02AA214601A809F055FA78BB3C
:10086000DDE901A30AEB0302944229D1412B27D1F0
:100870003544302303AA294602A8029609F030FA2B
:10088000E0B9DDE9023213449D4217D32A4602A99A
:1008900006A809F09EF988B92A4602A90EA809F00F
:1008A00098F958B99AF80030042B07D1202306AAEA
:1008B0000AF10101384600F081F828B1D8F800901B
:1008C000484616B0BDE8F087044BD3F80090F7E730
:1008D0002CC20000A7C700009EC70000880C0020A3
:1008E000B00000207FB50A46096911F00C0F18BF4F
:1008F00021F00C01034618BF11614FF480700021F4
:10090000019005480090CDE9031102910846FFF7D8
:100910004DFE07B05DF804FB74220020F8B5124CC0
:10092000124B134F1D6821460646022000F030FC92
:100930002068394605F0C4FA80B920683946FFF7C7
:10094000D1FF05460B4B1B68834207D1206809F095
:1009500095F8236830715B68B3603760206809F0F0
:1009600003FF2846F8BD00BF8C0C0020B00000201B
:1009700074230020880C00200A4619B1024B002184
:100980001B681847704700BFB400002070B5094DC0
:100990002B780BB1002070BD074C0126C4F8006510
:1009A00008F028F818B92E70C4F80005F2E74FF0E7
:1009B000FF30F0E79423002000A002502DE9F04121
:1009C000DFF83080ACB01F4606460C461546FFF7F0
:1009D000DDFF0123C8F800352A463346009721463B
:1009E00003A80BF087FA0023C8F800352CB0BDE847
:1009F000F08100BF00A00250BFF36F8F72B6124BA0
:100A00004FF0FF32C3F88020C3F88420C3F8882059
:100A1000C3F88C20C3F89020C3F89420C3F8982022
:100A2000C3F89C20C3F88021C3F88421C3F888212F
:100A3000C3F88C21C3F89021C3F89421C3F89821FE
:100A4000C3F89C21704700BF00E100E0F8B5254BDA
:100A5000254D4FF0FF3401275F60C3F84843C3F8CA
:100A6000084303F5C04300265F60C3F84843C3F85A
:100A7000084303F5983302205F60C3F84843C3F886
:100A80000843C5F8084302F023FA6F60C5F84C61CB
:100A9000D5F84C31C5F81061D5F81031C5F844616E
:100AA000D5F84431C5F8006505F518352820C5F896
:100AB000084302F00DFA6F60C5F84C61D5F84C316F
:100AC000C5F81061D5F81031C5F84461D5F8443146
:100AD000064BC5F80065C3F808454FF08043C3F8DE
:100AE0000843F8BD00B000400020004000F0014085
:100AF000014B1B68184700BFB800002007B50B4624
:100B0000002102460091034800F00CF803B05DF8A4
:100B100004FB00BFF10A0000014B1860704700BFE2
:100B2000B80000202DE9F04F8DB01D46531E8246BF
:100B3000019103934FF00009039B5878252803F196
:100B4000010419D11E4600204FF0FF38023603463B
:100B50000290444631780396392954D81F2914D875
:100B6000002900F0EE8101992520D04701993078C5
:100B7000D04709F10209DFE7002800F0E28101997E
:100B8000D04709F101090394D6E7A1F12002192AFF
:100B9000E9D801A757F822F0010C0000670B00000C
:100BA000670B0000010C0000670B0000810C0000C7
:100BB000670B0000670B0000670B0000670B00006D
:100BC000CD0C0000010C0000670B0000E10C0000E0
:100BD0008D0C0000670B00009B0C0000BB0C00009C
:100BE000BB0C0000BB0C0000BB0C0000BB0C0000E9
:100BF000BB0C0000BB0C0000BB0C0000BB0C0000D9
:100C000008460136A6E7582900F0EB80A1F16302FF
:100C1000D7B2172FA7D8172AA5D801A757F822F0BF
:100C2000890E0000070D0000670B0000670B000035
:100C3000670B0000E70C0000070D0000670B0000C9
:100C4000670B0000E70C0000670B0000670B00005B
:100C5000670B0000BD0D0000670B0000670B000074
:100C60005D0E0000670B0000070D0000670B000021
:100C7000670B0000BD0D0000670B0000E70C0000D3
:100C800001992520D04709F1010955E7029A02F0A0
:100C9000FE0202924FF00008B3E7002C0DDAB8F123
:100CA000000F0DDA029A002A00F0438124EAE4746E
:100CB0000A2202FB0414303CA3E7B8F1000FF5DB75
:100CC0000A2202FB0812A2F130089AE7B8F1000FDD
:100CD00055F8042B80F22F81002A80F22E81544295
:100CE000022202928DE7682903D1682B06D148239E
:100CF00087E76C2902D16C2B00F02181002B7FF457
:100D000032AF0B467DE77A2B06D1752955F8046B77
:100D100014D14FF0000B0CE06C2BF6D04C2BF4D11F
:100D2000073525F007037529D3E9006B03F10805A2
:100D300006D120283BD1854F013C09E04FEAE67BF4
:100D4000BBF1000FF5DA7642814F6BEB4B0B013CA8
:100D50000DF12D03059300230493304659460A22D2
:100D60000023FFF7CDF9059B303203F8012DB4467F
:100D70000593049B5A46BCF10A0F8B4672F10002A0
:100D800003F1FF3106460491E7D2C3F1010B303382
:100D90000DEB0306B8F1000FA6F104066DDA029B15
:100DA000D9077DD4A8EB0B03A4EB0B0413E02B288D
:100DB0000ABF684F684F04F1FF34C9E770290FD1AB
:100DC00055F8042B0023FAB9634F644E053C6FF0CD
:100DD00004034FF0050B029A920770D4A04666E018
:100DE00078216C2B03D155F8042B002308E04C2B01
:100DF000F9D1073525F007031D465B6855F8082B28
:100E0000232825D1880621D5554F023C01F06001E9
:100E1000A1F1390B0DF12D0E002602F00F01092969
:100E200088BF594430310EF8011D102A4FEA1211C3
:100E300041EA03714FEA131C73F1000306F1FF301E
:100E400008D2C6F1010B06F13003A1E7454FDCE7FC
:100E5000414FDBE706460A466346DEE755F8046B7A
:100E6000304609F0B8FEB8F1000F834602DB40457A
:100E7000A8BFC346384F4FF00008A8EB0B03002B68
:100E800092DDA4EB0804A6E755F8043B8DF8183072
:100E9000314F013C4FF0FF334FF0010B06AE9AE7A4
:100EA000A046EAE7029301992020D047029BB8F1BF
:100EB0000108F7D524EAE472013C9144A41AB8462B
:100EC00006E0049302920199D047029A049B90464F
:100ED000424612F8010B0028F3D11A46013A15D503
:100EE000002BACBFC7EB03077F425B46013B15D528
:100EF000BBF1000FA8BF5F444F442646013E14D506
:100F0000002CA8BF3F1907EB080915E604930292CD
:100F100001993020D047049B029ADFE702930199A0
:100F200016F8010BD047029BE0E701992020D0473B
:100F3000E4E70122D5E6904663E6144661E64C23D9
:100F40005FE648460DB0BDE8F08F00BF0CC800005A
:100F50000AC800000EC8000077C7000016C80000CD
:100F600010C8000013C800002DE9F047058B0446A7
:100F70002807904611D4022905F0070540F0CC80DF
:100F8000204609F015FA78B10138218B042811D8D0
:100F9000DFE800F0C2106D85950001290CBF45F017
:100FA000100545F02005258388F31188BFF36F8F66
:100FB000BDE8F08701F0070AAA4500F0A5800027E8
:100FC000B9463E46A368002B00F0BC8041F0080102
:100FD000218388F31188BFF36F8FA168002900F087
:100FE000BA800D68002900F0B680D1F8048033463D
:100FF00052462046C047002D76D02B6829461D4614
:10100000F0E701F007035A1F012A1BD8002221F044
:101010000701062B276889B2C4E9002209D13B46A3
:1010200003E0628B013262831B68002BF9D141F02F
:1010300002012183204609F0BBF900287AD041F053
:10104000200176E0042B0AD121F0070189B2218327
:10105000204609F0ADF910B141F020012183218B28
:1010600001F0070AAA454FD00027B946AAE723692D
:1010700021F0070141F00601062DD3F800902183ED
:101080002DD1B9F1000F3FD041F00801218388F341
:101090001188BFF36F8F3A492046C84729E021F0F5
:1010A0000701236941F0040189B2042DD3F80490AB
:1010B0002183E6D000273E464FF0040A82E721F064
:1010C0000701236941F0050189B2052DD3F8089085
:1010D0002183D6D000273E464FF0050A72E700274D
:1010E0003E464FF0060A6DE72B4687E7B9F1000F41
:1010F000D1D1EFF31188202383F31288BFF36F8FD0
:10110000238B23F008032383258BEA062ED525F0B5
:101110001003238305F007056669218B002EBFF6B7
:1011200070AF00232768C4E9003321F0070141F0C4
:1011300001012183218B01F0070AAA454FF0000924
:101140007FF440AF002F9CD041F00801218388F349
:101150001188BFF36F8F002FC8D03D6839463346E2
:101160005246204609F050F92F46F4E7AB067FF5CA
:101170001BAF25F02003238305F0070500E700BF20
:1011800035A40000014B03600020704738C2000006
:1011900070B5114B1C680D46DCB1104B196800236B
:1011A0008B4202DB6FF0010070BD224612F8106B1B
:1011B000864202D001331446F2E7E06810B96FF0BE
:1011C0001200F1E70AF0C3F90028F8D02C600020E3
:1011D000EAE76FF00C00E7E7540300207CC2000050
:1011E0002DE9F7430D46DDE90A8691461F46044680
:1011F00020B96FF00D0003B0BDE8F0830029F8D0EE
:10120000002AF6D0009308460023019309F0CBFA98
:10121000B7FBF0F303FB10700028EAD113496A46CC
:10122000284609F058FE019B002BE2D008EB06028D
:101230009342DED3284609F0B6FAB8FBF0F303FB7D
:1012400010800028D5D1C4E90097E5602061A06036
:10125000C4F8148016B9019EA6EB08060C9BE36146
:101260004FF0FF33A66123620020C4E7B3A700005C
:10127000F0B40C4B0C4E5F6A0C4BB34203D36FF0CF
:101280008500F0BC70475D68BD4209D31C693CB164
:1012900095F802C00579AC4502D12346F0BC184749
:1012A0002433EAE7900C0020080700209C06002069
:1012B0002DE9F047134CDFF85080DFF850900546D9
:1012C0000E461746444503D36FF08500BDE8F0870E
:1012D0006268D9F824309A4212D3A36983B1907816
:1012E0002979884205D13A4631462846BDE8F0477B
:1012F00018475279012A03D13A4631462846984781
:101300002434DFE79C06002008070020900C002012
:101310002DE9F0410B4CDFF8308005460E461746AC
:10132000444502D36FF0850009E063690BB92434AA
:10133000F6E73A463146284698470028F7D1BDE8F7
:10134000F08100BF9C0600200807002010B504466D
:1013500009F09FFC10F1780F00D050B9054A2046E3
:1013600009F0DEFAD2F8C43023EA0003C2F8C43030
:10137000002010BD900C002002480822002109F036
:101380004CBC00BF4B0D002070B50B4B0B4CA34267
:1013900001D3002070BD196A1E7F00220439D5B226
:1013A000AE4201D82433F2E7013211F832508542BF
:1013B000F5D10120EEE700BF9C06002008070020C1
:1013C00008B509480378C3F341130A3350F82330B2
:1013D0003BB100F1080200F110019847C043C00F73
:1013E00008BD1846FCE700BF900C002004282DE93A
:1013F000F14FDFF8A09004460F4616D001282DD1FA
:10140000DFF88C8098F8B93043B300F037FE1F4DF9
:101410004D4520D2D5F820B04FF0000A2B7F5FFA5F
:101420008AF6B34204D82435F2E7FFF7A5FFE7E7D1
:101430000BEBC6060AF1010A307909F02AFC0246D4
:10144000307909F06DFAD8F8C430002A23EA000395
:10145000C8F8C430E2DA002388F8B9300B4D4D45A6
:1014600008D30B4B1B6A6BB13946204601B0BDE86F
:10147000F04F1847EB681BB13A462146284698477B
:101480002435ECE701B0BDE8F08F00BF9C060020DA
:10149000900C00200807002073B5C4B263060D4607
:1014A0008DF8074007D02046FFF76EFF78B10D4B4F
:1014B00093F8BA0058B10B4E204655B102F0ECFB40
:1014C000F3691BB10DF1070108209847012002B014
:1014D00070BD02F009FCF369002BF7D00DF1070194
:1014E0000920F2E7900C002073B586788DF8006033
:1014F000037942791C4C43EA0223ADF80230C378E9
:10150000304603F003038DF8043009F009FAD4F8EB
:10151000C430184205460BD0304600F091FD3046ED
:10152000FFF714FF0AF0ABF910B9962006F0B0FBF4
:10153000684602F08DFB10F1780F03D010B1002047
:1015400002B070BD9DF8000002F00AFC10F1780FA7
:1015500001D00028F3D1D4F8C43001202B4384F803
:10156000B900C4F8C430EBE7900C00202DE9F04737
:10157000A34EB36904460F461546FBB9237803F022
:101580001F03012B00F09D80022B00F0048133BB70
:1015900094F900002A686178002834DA062912D00C
:1015A00008292BD0D9B901231370517096F8C33094
:1015B0005B0043F00103137002232AE198470028DF
:1015C000DCD100200DE06288100A011F0129844649
:1015D00005D9072803D8716AD2B20C781CB96FF00C
:1015E0001500BDE8F0874E78664503D19A4200F0B9
:1015F0000B8101332144F0E70B780AE196F8BA3009
:101600001370012305E101390829E8D801A353F833
:1016100021F000BFAD160000DF150000BB16000072
:10162000DF15000039160000DF150000DF1500008F
:10163000DF15000045160000A07802F0F7FA002838
:10164000BFD0CCE76388756A63BBFFF795FE6388FC
:1016500086F8BA30F369002BB3D06A490320984763
:10166000AFE76B78042B10D0052B11D0022B04D1DF
:101670006F796388BB4208BF01202B781D442B780B
:10168000002BEED10028AAD0DFE795F80380F4E71D
:101690006388BB42F1D1B8F1000FEED12846FFF7C5
:1016A00023FFEAE7FF270020B846E8E76388012B1D
:1016B00095D1002386F8C33083E76388012B8ED150
:1016C000F8E796F8BA30D5F800C0002B87D0756AD5
:1016D000A38894F804E02A46107800283FF47FAFEE
:1016E0005178022904D192F80480F04500F29380E9
:1016F0000244F1E78CF800208CF80120396060E7A3
:10170000154494E00B2A7FF46AAF00274FF0FF08DE
:10171000C146BA4606E06B78042B0FD0052B21D0CA
:101720002B781D442B78002BF5D1F36913B151466A
:1017300007209847002F7FF444AF50E795F80280C8
:10174000A38895F803909845EAD163889945E7D135
:10175000B8F1070F1CD806EB0803AA4683F8BB9024
:101760000127DDE7A3884345DAD1A3784B450AD0AA
:10177000AF78384600F064FC3846FFF7E7FDB0FA72
:1017800080F77F09CCE72846FFF7AEFE0746C7E79C
:10179000AA460027C4E794F900206378002A18DAE3
:1017A000002B7FF41CAF24792D6863060AD02046F5
:1017B000FFF7EAFD00283FF412AF96F8BA30002B8D
:1017C0003FF40DAF2946204602F0AEFA00236B70BD
:1017D000F2E6012B08D0032B7FF401AF6388002BC6
:1017E0007FF4FDAE012103E0618800297FF4F7AEAC
:1017F000A088FFF751FE00287FF4E3AEEFE600BFBC
:10180000900C00204A0D0020022829607FF4F4AEDD
:101810004B883B60D5E694F9000062780028BFF65B
:1018200071AF002A3FF466AF0A2A7FF4D8AE2A7857
:10183000002A3FF4D4AE697804297FF461AFA97817
:101840008B427FF45DAF072B96BF9B19002393F863
:10185000BB308CF80030D4E670B5164D95F8B83032
:10186000FBB102F0C3F9002822DB00F007FC0024E2
:10187000D5F8C430E340DA07E6B214D4D5F8C43062
:1018800004F11002D340DB0705D546F08000FFF7D6
:101890005DFD00280CDB0134102CE9D1002385F814
:1018A000B830002004E03046FFF750FD0028E5DAAC
:1018B00070BD00BF900C002013B5164C237DF3B90A
:1018C000E268A168019201AB802009F037F8019A23
:1018D000A3681344A360E3689B1AE3606BB962B129
:1018E0002369E2889A4208DD94F8C82093FBF2F15C
:1018F00002FB11330BB90123237502B010BD002385
:101900001A4619468020237502B0BDE8104002F047
:1019100051BA00BF900C002030B585B000230246BC
:101920000D460193002858D1002935D108220B46D5
:101930000DEB020109F0C6F9002804DA802002F05C
:10194000ABF905B030BD2A4C029A2260039A62605E
:1019500004F13802A2609DF90820BDF80E3025750B
:10196000002AC4E903550ADB802B04D9802002F049
:1019700093F90020E3E713B1C4E90333E1E7FFF78C
:101980001FFD0028DAD0E28823699A42D4BFE260C2
:10199000E360FFF791FFD4E7154CD4E90215002D61
:1019A00001AB04DC09F08EF90028CADAC6E72A4642
:1019B00009F088F90028D9DB019AA3681344A360D1
:1019C000E3689B1AE360002BBBD104F13803A360EA
:1019D000FFF7F6FC0028DCD1B0E78028B1D1044B3A
:1019E000DA68002AD5D11B7D002BD2D1A9E700BF30
:1019F000900C0020054B064A9A62064ADA62064AB3
:101A00001A63064A58629A6100207047900C0020C1
:101A10006D1500007112000011130000B1120000DA
:101A20002DE9F3410446474D47484FF0FF334FF04F
:101A3000FF3205F05DFB95F8B830002B7BD16B6A67
:101A400083B142482C62E8616E6A02F0CDFA02F07E
:101A50009BF8041E10DA3C4805F0C2FB204602B099
:101A6000BDE8F08100F0BEF8FFF7C4FF6B6A002B01
:101A7000E7D14FF0FF34EEE700F022FB041EEADB73
:101A80007378012B5AD1F379002B57D00026684682
:101A900085F8C830ADF802308DF804608DF800602C
:101AA00002F0D6F8041ED6DB802768468DF8007059
:101AB00002F0CEF8041ECEDB2549304602F080FA53
:101AC000041EC8DB2249384602F07AFA041EC2DB43
:101AD000204CDFF8848044451AD3002002F040F9FE
:101AE000041EB8DBD5F8C430802043F00103C5F8EC
:101AF000C43002F035F9041EADDBD5F8C43043F430
:101B00008033C5F8C430012385F8B8300024A2E73B
:101B1000276A0026227FF3B29A4201D82434DAE7FA
:101B200007EBC30257F83310107902F049FA013677
:101B30000028EFD09DE76FF077048CE76FF0150475
:101B400089E700BF900C002020050020ED13000065
:101B5000191900009C0600200807002030B51F4B13
:101B60008BB005AA03F1100518685968144603C420
:101B70000833AB422246F7D11B7823701022002194
:101B800001A809F04AF812220021154809F045F889
:101B9000102101A809F020FA00281BDD0828B8BF91
:101BA0000820093801AB0E491A18002012F8013F2D
:101BB0000AAC04EB131403F00F0328336B44013019
:101BC00014F8144C13F8143C0C7008284B7001F1F5
:101BD0000201EBD102480BB030BD00BF1CC80000B1
:101BE000962300202DE9F04F744B93F800B087B096
:101BF000BBF1000F03D0724807B0BDE8F08F704C06
:101C000000264FF0011AB0463546B14623783BB95D
:101C10006C4B02349C42F3D1684A01231370EAE70B
:101C20006378052B1BD8DFE803F08E03C68E1D39C1
:101C3000402304A88DF810B0ADF812308DF814B020
:101C400009F012F840B1082304A8ADF8123009F0E9
:101C50000BF808B1ADF812B0BDF81230E37123787B
:101C60001C44D3E7E378002BF9D1A37863B108F1E2
:101C700001085FFA88F8F2E76A68944207D02435D1
:101C80009D42F9D30020B7E74F4D504BF8E7AB68C2
:101C9000002BECD0414620469847E8E7002DF1D0D4
:101CA00000222B7F9A42EDD2296AA07801EBC20173
:101CB0000B79984201D00132F3E70127E07800F078
:101CC00003008DF81400207994F805C040EA0C2038
:101CD000ADF8120094F902000028FBB228DA07F1EF
:101CE00010004FF0010C0CFA00F010EA0A0F26D198
:101CF00043F080008DF8100004A8CDE90213019292
:101D000008F0B2FFDDE90121039BC0B99DF8102066
:101D1000A27012F0800F18BF10330A7118BFDBB227
:101D20004FF0010214BF9A40BA404AEA020A96E70D
:101D30000120B84010EA0A0F01D11846DAE701374E
:101D4000102FBBD1B7E7032E1DD1FFF707FF0746C2
:101D500068B108F040FF019048B11D4808F03BFF12
:101D6000019A824203D13946A01C08F04BFF237828
:101D70006FF00201E218091B04EB5303D14213D5A3
:101D80000136F6B26BE7002EF1D1B9F1000F3FF446
:101D900079AFA4EB090389F80230C3F3072389F86C
:101DA000033089F80480EBE702F801BC13F801095D
:101DB00002F8020DE2E7A14651E700BF952300209B
:101DC000640500209C0600209C06002008070020D7
:101DD0001CC8000010B5094B00211A461C7884422B
:101DE00005D15C681CB1482303FB012010BD013103
:101DF000042903F14803F1D10020F7E75C0D00202E
:101E00002DE9F34150F8303C10F8346C103304469F
:101E10000AD1036950F8282C980736D5D2B959074A
:101E200015D5002344F8303C54F8303C10330BD027
:101E300054E9097554F81C8C09F021FD00284FD095
:101E40002E48214609F0FFFC02B0BDE8F08143F0C6
:101E50000403236154F82C1C01AB304608F06EFDDE
:101E600010B16FF01503DDE7019A54F82C3C1344D0
:101E700044F82C3C54F8283C9B1A44F8283C54F86D
:101E8000243C134444F8243CCEE754F82C1C01AB0A
:101E9000304602F00BF80028E3D1019D54F82C3CA9
:101EA0002B4444F82C3C54F8283C5B1B44F8283C59
:101EB00054F8243C2B4444F8243C002DB1D0304647
:101EC00002F098F8B5FBF0F303FB1055002DA8D1F4
:101ED00054F8283C002BA4D0304602F02FF8A3E79A
:101EE00044F8200CA4F1180005F0E8F9002DABD05F
:101EF000424639463046A847A6E700BF38070020CB
:101F00004B1E012B73B506460D460FD8FFF762FF37
:101F1000044668B9012D09D101AB01220DF103017D
:101F2000304601F0C3FF019B002BF5D102B070BD1C
:101F300009F0A5FC04F1340108B1012D05D10846D2
:101F400002B0BDE87040FFF75BBF034802B0BDE8D8
:101F5000704009F078BC00BF380700202DE9F74F2A
:101F6000804600911746994608F030FD0446002847
:101F70005CD1EFF3118B202383F31288BFF36F8FB3
:101F80002C49002208460023019105F0BBF9019974
:101F900068B9DFF8A8A0482262430AEB02056E6820
:101FA00016F1100F12D1084605F088F906E0013449
:101FB000042C01F14801E4D16FF00B068BF311887A
:101FC000BFF36F8F304603B0BDE8F08F0AF8028090
:101FD0000C9A009B6A610D9A2861AA6140466FF0D5
:101FE0000F02C5E90237C5F844906A6002F002F8B2
:101FF00058B1404601F0FEFFB7FBF0F202FB10774C
:102000001FB16A6C42F004026A6419F0020F08D032
:10201000482202FB04A10848343109F014FC0026D0
:10202000CCE7404601F08AFF0646C7E76FF00F068F
:10203000C8E700BF780D0020380700205C0D0020A5
:1020400010B5EFF31184202383F31288BFF36F8F51
:10205000FFF7C0FE50B14368103307D16FF08B0318
:10206000436000F13401044809F0EDFB84F311886A
:10207000BFF36F8F10BD00BF38070020F8B50E4CBE
:1020800004252027EFF3118687F31288BFF36F8FA3
:102090006368103307D16FF08B030848636004F165
:1020A000340109F0D0FB86F31188BFF36F8F013D37
:1020B00004F14804E6D1F8BD5C0D0020380700208B
:1020C00070B50A4C0A4E00253146204609F09FFBA8
:1020D0000122A4F118001146013509F049FB042D35
:1020E00004F14804F0D1002070BD00BF900D002025
:1020F000011E000070B504460E46017912481546CF
:1021000008F040FCE8B194F900206378002A11DB64
:10211000202B04D0222B09D06FF0850005E0296820
:102120000722103808F06EFD002070BD638800F8AB
:10213000093CF9E7212BEFD11038072328603360E1
:10214000F2E76FF01200F0E77C0E002008B50146C0
:10215000034808F025FC10B1012300F8073C08BD36
:102160007C0E00200169012381F84B300B6833B1EC
:1021700091F849301BB10248083109F064BB70473F
:10218000380700200169012381F84A300B6833B118
:1021900091F848301BB10248083109F054BB704730
:1021A0003807002070B5012382F8483013680D46C7
:1021B00014463BB192F84A3023B10E4802F10801AF
:1021C00009F041FBD4F890309A681B699A4205D116
:1021D0007DB904F1180140F6CD4204E004F1180184
:1021E000002DF8D00022BDE870400248002305F021
:1021F000E3B970BD3807002038B5056995F89E0031
:1022000088B195F89F307BB985F84830D5F89000B3
:1022100008F028FA002204460023044805F11801BA
:1022200005F0CAF9204638BD0020FCE73807002039
:102230000D4A03460021A0F848101068C3F8940026
:1022400090889279A3F8980083F89A2083F89C10DC
:1022500083F89B10A3F89E1083F8A010402203F18E
:102260004C0008F0DABC00BF08C20000F0B5D0F89E
:102270008C305B681B6A1F7D85B00446384608F0C9
:10228000A5FB0646F8B994F88630E3B1A06F4FF489
:10229000806203A908F005FA0546A0B18306A4F1FF
:1022A000180308BF00F1FF3584F830600193074B35
:1022B000039900932A4602233846FFF74FFEA06F8A
:1022C000294608F00EFA05B0F0BD00BFA5210000B8
:1022D00010B504690023C4F8A8300C4BC4F8A4005E
:1022E000596804F1A80269B9C3E9002204F10800A1
:1022F000074909F08CFA04F11800064909F0B3FA0D
:10230000002010BD0A605A60F0E700BF7C0E00207C
:10231000F7A900006D22000013B504698DF80710BD
:10232000002384F84830D4F8900001220DF1070111
:1023300008F098F910B909F0A2FA40B1212200235F
:1023400004F11801064805F037F902B010BD94F801
:10235000A130002BF2D00021212005F07BFCE2E728
:102360003807002037B514460A1E054620DDD4F88C
:102370008C0004F14C0108F075F9012384F8493010
:1023800023683BB194F84B3023B1114804F10801A4
:1023900009F059FAD4F88C104B684A699A1ACB693B
:1023A0009B1A3F2B04D8012384F8A03003B030BD22
:1023B00094F89E30002BF9D0064B00930194012332
:1023C000402204F14C012846FFF7C8FDEEE700BFAC
:1023D0003807002065230000F7B50D4601461D486B
:1023E00008F0C4FA044610B30646691E56F8A4392C
:1023F0005F6805291BD8DFE801F01C1A031C2226A0
:1024000010F8061C99B9012300F8063C3B6A3246D5
:10241000187BFFF7A7FF14F85C2C42B93B6A187DC4
:102420000D4B0093019602231146FFF797FD03B071
:10243000F0BD304603B0BDE8F040FFF7F9BE012320
:1024400004F8053CF3E710F8053C002BEFD000231F
:10245000F6E700BF7C0E0020A5210000014B99701B
:10246000704700BFC105002037B590F90020037800
:10247000002A04461DDB03F01F03012B19D143780A
:102480000B2B0FD14388A3B90B4D022001A9287053
:10249000FEF77EFE50B9019883686B6008F064F91E
:1024A0006388EB606FF0150003B030BD6FF004007F
:1024B000FAE76FF08500F7E71401002010B5074C2C
:1024C000002304F11000A360A4F83A3208F037FBAF
:1024D00018B140F60A63A4F8383210BD1401002088
:1024E00010B50A4C94F83832012B0DD101F07EFB67
:1024F000022384F83832064B06481860FFF77AFA50
:10250000BDE8104001F040BB10BD00BF1401002029
:10251000C00600201906002037B50E490E4809F004
:1025200076F90E480E4D09F070FC0E490E4809F080
:102530009AF9287801A9FEF72BFE044638B90198CC
:1025400083686B6008F010F9204603B030BD6FF06F
:102550000404F9E76D250000840E0020940E00208D
:1025600014010020E12400000807002038B5184BB2
:1025700093F88020022A01D0052A0FD1B3F88250A7
:1025800013491448144CB5FA85F35B092A4608F040
:1025900095FA20B140F20A33A4F8383238BD95B923
:1025A000062384F83832FFF789FF284608F041FBFC
:1025B00018B140F20A33A4F838320848BDE8384070
:1025C000002105F0D3BD052384F83832E6E700BFCB
:1025D000F02100202401002014010020940E00208E
:1025E00070B5144690F900204378002A064633DA85
:1025F000032B0BD0052B28D0022B44D1474B40F6A0
:102600000A72A3F838226FF085001DE0434B93F85F
:10261000382293F83902062A04BF022283F83822AE
:1026200022681070B3F83C2220684270120A82704F
:1026300020680022C270206893F838320371236842
:102640005A7106230B60002070BD344A236892F84B
:1026500038221A700123F5E7062B14D8DFE803F0BF
:102660004D1F1313161304002C4C94F83832012B11
:1026700005D9FFF723FF0223A4F83832E3E7274BFD
:10268000002283F838226FF01500DDE7234B93F822
:102690003822012AF3D90222A3F83822D3E71F4DAA
:1026A00095F83832012BEAD9022B08D0052B13D02C
:1026B00040F60A63A5F83832FFF700FFE3E7FFF7BB
:1026C000FDFE174809F0A6FB2B78022B04D040F240
:1026D0000A33A5F83832B6E71248042285F83822C2
:1026E00080F88030F288A0F88220216808F08AFA09
:1026F0000D490E4809F0A7F8A5E7084B93F83822D2
:10270000002ABCD1012283F838220949074840F643
:10271000CD42002304F07AFF95E700BF14010020AA
:10272000940E0020F0210020840E002038070020A5
:102730000807002073B502460B46684609F0DAF92F
:10274000DDE90045134E22462B46684609F0F6F9AE
:10275000DDE90023134301D102B070BD96F8383291
:10276000043B012B05D9002140F2676005F072FAA5
:10277000E9E7094B09480022012109F01DFB074840
:102780004FF0FF324FF0FF33012102B0BDE870403F
:1027900005F094BC14010020940E0020A40E00202B
:1027A00037B5094D0949002400944FF0FF334FF429
:1027B0008862284604F0C2FE0549284609F065F8FB
:1027C000204603B030BD00BF38070020002800209D
:1027D0003BC8000008B5054807F0B8FD044807F0FD
:1027E000B5FDBDE80840034807F0B0BD44C800008F
:1027F00075C80000A8C80000014805F075BD00BFFD
:10280000E0C2000038B5044618B90F4B0F485B68AA
:1028100098476168B1F5683F10D0B1F5680F0DD0E9
:102820000B4DA9420AD011F46861206807D0014617
:10283000084808F0E2FE00232360656038BD1422DA
:1028400008F0EBF9F9E700BF48040020D6C8000003
:102850002C5F5CA9B813002008B520B34368B3F51A
:10286000683F10D101220368BFF35B8F53E8001F5C
:10287000002903D143E800200028F7D1BFF35B8F84
:102880000DD1002008BD094A93420AD000684FF0DC
:10289000FF324FF0FF3304F02BFC0028F1D0044846
:1028A000F0E70448EEE76FF4E040EBE72C5F5CA94B
:1028B000E98FFFFFEA8FFFFF08B5D8B14368B3F592
:1028C000683F10D100220368BFF35B8F53E8001FFD
:1028D000012903D143E800200028F7D1BFF35B8F23
:1028E0000BD1002008BD074A934208D0006804F0CD
:1028F00077FCF6E76FF4E040F4E70348F2E70348BB
:10290000F0E700BF2C5F5CA9E98FFFFFEA8FFFFFB4
:1029100010B5044618B91D4B1D485B68984763689D
:10292000B3F5683F2FD0B3F5680F2CD0194A934206
:1029300019D1236803BB18484FF0FF324FF0FF3323
:10294000214604F0A7FB08B923681BB90F4B1348B5
:102950005B68984720681422002108F05EF94FF464
:102960006863636008E0B3F5683F0DD83A2B03D085
:1029700040F6BA629342DED1206808F076FE6368C2
:1029800043F03A03636010BD054AF3E748040020B2
:10299000D6C800002C5F5CA9B8130020FCC800005A
:1029A0003A00003A08B5064906484023142208F0C8
:1029B00016FEBDE808400449044805F007BD00BF05
:1029C000B80E0020B8130020E8C20000FCC20000CE
:1029D00030BFFFF7FDBF00BF074A936893F90E10A1
:1029E000002907DB926993421FBF044A536843F0F2
:1029F00080535360704700BFD81F002000ED00E0F7
:102A000070B5264B15469A6A12F0100F9A6A14BFD9
:102A10001124102412F0080F9A6A18BF122492078A
:102A200006460AD5586B9A6A140634D519B19A6AC3
:102A300022F080029A62132401E06FF01500174B18
:102A40009A6A12F0010F9A6A18BF142412F0200F2C
:102A50009A6A18BF1524D20602D49B6A9B070AD52E
:102A60000E4B5B68190506D5314600F001FB10B12D
:102A700080F309880224094B9A6A920642BF5A6A77
:102A800022F400525A629A6A42F0FF029A620023CC
:102A90002B70204670BD6FF01500CCE700ED00E014
:102AA000134B9A6A12F0007F9A6A14BF1E201D20F1
:102AB00012F0807F9A6A18BF1F2012F4002F9A6AC2
:102AC00018BF212012F4802F9A6A18BF222012F416
:102AD000003F9A6A18BF232012F4803F9A6A6FEA77
:102AE00002426FEA12429A6218BF2420704700BF68
:102AF00000ED00E010B5194B0246986A9C6A10F48C
:102B0000805F14BF1720162014F4006F9C6A18BF52
:102B10001820A40509D5986B986A000404D51AB149
:102B20009A6A22F400429A6219200C4B9A6A12F4B3
:102B3000806F9A6A18BF1A20D2050CD49B6A13F4CE
:102B4000005F18BF1C20054A936A43F47F439362D9
:102B500000230B7010BD1B20F5E700BF00ED00E067
:102B600070B5454B5B689CB00546C3F3080300266F
:102B700086F31188BFF36F8F02F07F40B0F17F4F73
:102B800011D102F00C0008280DD010074CBF0D46E3
:102B900001260022033B8DF80720032B05D8DFE830
:102BA00003F01E5D615A3546F3E700249DF80730B7
:102BB0009BB96822294602A808F024F8099B002E38
:102BC00054D0C3F3080222B96FEA53236FEA4323B8
:102BD000099302A9204607F0B6FF1CB070BD264B32
:102BE000DA6A9107E1D4DA6A002ADEDBDA6A520097
:102BF000DBD55A69A96942F480725A61BFF34F8FDD
:102C0000BFF36F8F5A6931F8021C22F480725A6147
:102C1000BFF34F8FBFF36F8F4DF6027291420AD010
:102C20009A6AD2B24AB10DF1070201212846FFF794
:102C3000E7FE0446BAE72C68B8E79A6A12F47F4FB9
:102C400005D00DF107010120FFF754FFF1E79B6A62
:102C5000B3F5803FA9D3FFF723FFEAE70DF10702A1
:102C60000021E3E70DF107010020EDE723F4FF73F6
:102C700023F00103ACE700BF00ED00E0024A536916
:102C800043F010035361704700ED00E0EFF308805C
:102C9000EFF3098101B57246FFF762FF01BD00BF86
:102CA000002080F31488BFF36F8F03F055F90020E4
:102CB0000D490860BFF34F8F0C4880F3088800F07F
:102CC0002BF8202080F3118809484FF40461401844
:102CD00080F30988EFF314800221084380F31488FD
:102CE000BFF36F8F00F02EF994ED00E00063002039
:102CF000003100200749D1F890200023C2F30722B9
:102D00001846934200DB7047C1F89830C1F8A00024
:102D10000133F6E700ED00E008B572B6002383F357
:102D20001388FFF7E7FF144B4FF0FF32C3F8802002
:102D3000C3F88420C3F88820C3F88C20C3F89020FF
:102D4000C3F89420C3F89820C3F89C20C3F88021CE
:102D5000C3F88421C3F88821C3F88C21C3F89021DB
:102D6000C3F89421C3F89821C3F89C2162B6BFF33D
:102D70004F8FBFF36F8F08BD00E100E0084B9B68E9
:102D800083420BD1EFF3058343B1064B5A6842F0FF
:102D900080525A605A6A22F400425A6208F04DBECC
:102DA000D81F002000ED00E0094A93686FF00A0187
:102DB000D967084998674B6843F080534B600023FC
:102DC00083F31188BFF36F8F9368D86F704700BF8C
:102DD000D81F002000ED00E010B5114A91680346AD
:102DE00081F8C100EFF31181202181F31288BFF334
:102DF0006F8F906990600B4A4FF00061516090F8BE
:102E0000C14023F0FF0300221C43836F826783F3DA
:102E10001188BFF36F8F00F0C5F9204610BD00BFC9
:102E2000D81F002000ED00E019498A6882F8C1E04F
:102E30004FF030001044EFF3098C80E8F01F1EF0D3
:102E4000100F03D102F1800080EC108A74467046A6
:102E5000FFF7C2FFA6460E498A6886461EF0100F8D
:102E600003D00023E1EE103A03E002F1800090EC81
:102E7000108AEFF3148323F0040383F31488BFF361
:102E80006F8F02F1300090E8F01F8CF309887047D3
:102E9000D81F00201EF0040F0CBFEFF30880EFF3E3
:102EA0000980816911F8021C0229FFD001B507F0E1
:102EB00050FE01BD40B2002807DB044A410901234E
:102EC00000F01F00834042F82130704700E100E02D
:102ED00040B200280CDB4309064900F01F002033F4
:102EE0000122824041F82320BFF34F8FBFF36F8F41
:102EF000704700BF00E100E0054B420900F01F00F1
:102F000053F82220012303FA00F01040704700BF5D
:102F100000E100E040B20028A8BF00F1604001F1EC
:102F20000101B8BF064B4FEA4111ACBF00F561404B
:102F300000F00F00C9B2B4BF195480F800137047F5
:102F400014ED00E0144A08B5144B22F07F029A6099
:102F5000BFF34F8FBFF36F8FD3F8882022F4700236
:102F6000C3F88820D3F8882042F4A002C3F8882050
:102F70004FF04042C3F83422BFF34F8FBFF36F8F3F
:102F80000023E1EE103A03F0C1FF04F03DFF00F032
:102F9000DFF803F0FFFF00BF0000000000ED00E0DD
:102FA000017B890705D5816E40318166C16E40394C
:102FB000C16642F8203C009B42F81C3C0F49019B33
:102FC00042F8183C029B42F8143C21F001014FF0FA
:102FD000807342F8043C42F8081C00238367037B9B
:102FE00013F0020FA2F120024FF6085308BF4FF46E
:102FF0007D430265C0F8C030704700BF67A3000082
:10300000037B13F0020F194B03D190F8C120D206B5
:1030100017D45A6B42F080425A63D0F8C030190777
:1030200009D443F00803C0F8C030836E4033836690
:10303000C36E403BC366037B43F0020303738020EF
:1030400070475A6B22F080425A63D0F8C0301A079A
:1030500001D44020704723F00803C0F8C030836ECD
:10306000403B8366C36E4033C366F2E700EF00E087
:103070000C4A03469068A0B1D0F8C020806E12F0D0
:10308000080F0CBF4022802213F1160F04D0821AC1
:103090009A4205D8834203D2814228BF002070475C
:1030A00000207047D81F0020104B9B6883421AD124
:1030B000EFF30580B8B9EFF31181202282F3128873
:1030C000BFF36F8F1A7B22F002021A73EFF314839F
:1030D00023F0040383F31488BFF36F8F81F3118807
:1030E000BFF36F8F70476FF015007047D81F002037
:1030F00008B515460E460022E1EE102AEFF31482C1
:1031000022F0040282F31488BFF36F8FBFF36F8F36
:10311000094A906000F046F82C4686F309884FF083
:103120000000064B984720464FF000014FF0000288
:103130004FF00003024C2047D81F002071AB000065
:1031400067A30000014B10221A61704700ED00E0F8
:10315000044800232021C2180133302B82F80013C9
:10316000F9D1704700E100E008B5EFF30583064AA6
:10317000103B02EBC30152F8330049688847BDE8B1
:103180000840FFF729BC00BF5CC00000024B034AA7
:103190000348012100F07CB800000420000000205A
:1031A0000CC3000010B50446FFF72AFFA26E0346C9
:1031B0000548D21AC0E90023044B8360BDE81040E3
:1031C000012100F06FB800BFD413002000000B15E0
:1031D000084AC2F898000B6823F01F03034343F02A
:1031E0001003C2F89C308B6843F00103C2F8A03092
:1031F000704700BF00ED00E02DE9F043DFF860808C
:1032000085B00E461F4604464FF00009B14523DA4B
:103210006068D8B13FB1411E08421BD11F2819D99F
:103220002368194216D12368019307F0C4FCA368F0
:1032300003430393D8F89050C5F30725D0B2013D5E
:10324000A84207D801A9FFF7C3FF421C09F10109F1
:103250000C34DBE76FF01502104605B0BDE8F083D3
:1032600000ED00E0044B0522C3F89420BFF34F8F1C
:10327000BFF36F8F704700BF00ED00E0BFF35F8FBB
:10328000024B0022C3F89420704700BF00ED00E01D
:1032900010B5034C01232278FFF7AEFF207010BD5C
:1032A000A823002008B50B4A00231278FFF7A4FFDB
:1032B00010F1160F07D0084A0021D2F89030C3F35E
:1032C0000723984200DB08BDC2F89800C2F8A0109E
:1032D0000130F2E7A823002000ED00E02DE9F043E3
:1032E000534B544CD3F890302568C3F307239D42C9
:1032F00085B000F29A80FFF7C1FF00200C268542BE
:103300001AD14D4C4D4F25706846FDF73BFFDFF855
:103310002081DFF82C9106460025AE4213D1237898
:1033200043490020D1F89020C2F30722934276DB74
:10333000FFF798FF002042E0616806FB0011FFF7ED
:1033400047FF0130DBE7009800EB05114FEA051C51
:10335000CB683B40B3F5000F48D00AD8B3F5001F47
:1033600030D0B3F5800F36D0B3F5801F10D00135C3
:10337000D3E7B3F1807F42D0B3F1007FF7D150F8AB
:103380000C3088684A6807F016FC40F4802009E099
:1033900050F80C3088684A6807F00DFC40F08850FF
:1033A00040F43020CDE901230390D8F89030207804
:1033B000C3F30723013B98422AD96FF0150005B0EB
:1033C000BDE8F08350F80C3088684A6807F0F3FBDA
:1033D00040EA0900E6E750F80C3088684A6807F0D0
:1033E000EAFB40F0007040F40030DBE750F80C30AE
:1033F00088684A6807F0DFFB40F08270D2E750F837
:103400000C3088684A6807F0D6FB40F08870C9E73E
:1034100001A9FFF7DDFE237801332370A7E7C1F888
:103420009830C1F8A00001337CE74FF0FF30C6E7C9
:1034300000ED00E018C30000A82300200000F0FF0A
:1034400000000811014B1860704700BF780300208E
:103450000E4A0123C2F840354FF080424FF08051B0
:10346000C2F87835D1F83001082808D1D1F83411E4
:10347000052904D80648415C09B1C2F838364FF036
:1034800080430122C3F880250020704700E00140FE
:1034900038C9000020B1034B800143F001031847F5
:1034A000704700BF10C20000020600F07F0312D573
:1034B000082B05D1010700F00F0306D50E48704711
:1034C00010F0780F12D100F00F034C2000EB4310E6
:1034D0000A4B18447047082B05D1020700F00F0370
:1034E00006D50748704710F0780FF6D000207047D7
:1034F000044800EB431070472C150020E013002017
:103500004C1600204C1500200149024808F09BB9D8
:1035100008140020200800200146014808F01DB9C9
:103520004C05002002480022002303F095BE00BF96
:103530004C05002013B5124800F0D8FE114B9842FC
:103540001AD1114803F07AFB0024104803F0BCFBA9
:103550000F49104800944FF0FF334FF4886203F096
:10356000EDFF0D490B4808F090F90C480C4908F0A4
:103570004EF9204602B010BD6FF00400FAE700BF1C
:10358000893700000000AD0B4CC9000038C30000B3
:10359000802C0020200800203EC9000008140020D4
:1035A000A538000010B50E49BFF35B8F002351E82A
:1035B000002F012A03D141E800300028F7D1BFF3E2
:1035C0005B8F0CD151F8044C1439204606F0CEFF25
:1035D000783004D12046BDE8104006F0A3BF10BDEE
:1035E0000014002038B5002464F07F00C0B2FFF75B
:1035F0005BFF013407F021FB082CF5D10E4D0024B0
:10360000E0B2FFF751FF036903B90561013407F028
:1036100014FB082C05F14005F2D1084807F00DFB1A
:10362000074BD3F87C2212B9064AC3F87C2206481D
:1036300007F003FB002038BD701A00202C15002075
:10364000E0130020701600204C16002010B5054C29
:10365000FFF768FF20B14168204607F0CEFFF7E78B
:1036600010BD00BFB404002007B500230E4800229F
:1036700001A903F00FFD90B1FFF7E8FF0A4800220F
:10368000002301A903F006FD38B901980423406026
:103690000374FFF741FFFFF737FF002001E00198B7
:1036A000406003B05DF804FBB4040020022810B5AC
:1036B00011D8094B1C5CFFF7D7FF60B100220274E0
:1036C0000472FFF729FF054B93F824301BB1BDE8C6
:1036D0001040FFF719BF10BD49C90000E0130020DA
:1036E000F8B5877806463846FFF7DEFE3B06F578E4
:1036F000044612D5002D43D1FFF7B6FF034600283C
:103700003ED00122A5770274032202739C60FFF76A
:1037100003FFBDE8F840FFF7F7BE4DB1012D2FD1F3
:10372000FFF7A2FF034658B3657705740573EDE70D
:10373000FFF79AFF20B3B278124B12F0800F02F01D
:10374000080111D041B1D3F8A836E3600123037416
:10375000022303738460DAE702F00F02142101FBF5
:103760000233D3F80836F0E711B1D3F8A837ECE705
:1037700002F00F02142101FB0233D3F80837E4E70B
:10378000F8BD00BF00700240F0B5064689B01422B3
:10379000002103A807F041FA3378013B052B21D81B
:1037A000DFE803F07A0314146A1603238DF814304B
:1037B0000024FFF759FF0346A0B1047400F108028A
:1037C000DDE9050182E8030018461DE00423EDE76A
:1037D000B7783846FFF768FE837A044623B1013B89
:1037E000022B43D909B0F0BD3B06F57813D5002D67
:1037F000F8D1FFF739FF03460028F3D00122A5775F
:103800000274032202739C60FFF786FE09B0BDE8D4
:10381000F040FFF779BE55B1012DE3D1FFF724FF4A
:1038200003460028DED0657705740573EBE7FFF7E4
:103830001BFF07460028D5D001230374022303731E
:10384000846004F10C01B07807F058FA134AE1687B
:10385000B2F88C328B4206D95B1AA2F88C3201F096
:1038600099F83846D0E7A2F88C52FAE7304609B00A
:10387000BDE8F040FFF734BF01A801F065F89DF8FE
:103880000530052B04D19DF8043013F0600FA9D04A
:10389000034B059301248CE702248AE7E013002000
:1038A0004C1500202DE9F043A74CDFF8A09285B01D
:1038B0008046FFF737FE064610B905B0BDE8F08335
:1038C00094F82530327C3BB9002A00F0888071687A
:1038D0009E4807F092FEECE7042A44D8DFE812F095
:1038E0007F000500020118014201337BB568032BFC
:1038F00039D8DFE803F0023F5C616F6908220021DC
:10390000384607F08AF9924B9248D3F880243A70EF
:10391000D3F884247A70D3F88824D3F88C1442EA3C
:1039200001227A80D3F89024D3F8941442EA012239
:10393000BA80D3F89824D3F89C3442EA03230822AF
:10394000FB803946EA6007F05DF92B68687A002150
:10395000984797F90030002B08DBFB8833B1A4F8B7
:103960008C3201F017F871684846B2E70023A4F8DA
:103970008C32F8E76B7F002BF5D02B7F002BF2D039
:1039800000276F774FF0FF3273482F774FF0FF33E8
:1039900007F066F96B6901936B68CDE9023701A9FD
:1039A000687A00F0F9FC6C4807F05CF9DBE72B68FB
:1039B0000121687A9847D6E7AB7A6BB9EB7F5BB9A0
:1039C00065484FF0FF324FF0FF3307F049F900F040
:1039D000E7FF614807F046F92B680221E9E7327AF0
:1039E000042AC0D8DFE802F059032367730000F00F
:1039F0004BFC05460028B6D100F086FBBFF35B8F79
:103A00005649012351E8002F002A03D141E8003034
:103A10000028F7D1BFF35B8FA5D141F8085C41F8CE
:103A2000105CE0696361143906F025FD9BE7002511
:103A300065F07F00C0B2FFF737FD037A13B1407A1B
:103A400001F012F90135082DF2D194F854311BB16F
:103A500094F8550101F008F90025E8B2FFF724FDBC
:103A6000037A13B1407A01F0FFF80135082DF4D143
:103A700094F874321BB194F8750201F0F5F8002047
:103A800000F0E6FB012384F825302368002B3FF487
:103A90006AAF00210220984765E7002584F8255089
:103AA00001F048F8FFF77EFD2368002B3FF45BAF81
:103AB00029460420EFE7002B3FF455AF00F0EEFB62
:103AC0002368002B3FF44FAF00210520E3E7226875
:103AD000002A3FF448AF002B3FF445AF00210620F9
:103AE000904740E708F110054FF0FF334FF0FF32E9
:103AF000284607F0B5F8FFF775FD284607F0B2F83D
:103B000058F8283C002B3FF42EAF00210120C2E7DB
:103B100094F874327BB1012584F8895284F8885274
:103B2000FFF7A2FD38B10E4A057405738260FFF7F6
:103B3000F3FCFFF7E9FC58F8283C002B3FF413AFE7
:103B400000210A20A7E700BFE0130020B4040020F2
:103B500000700240E413002018140020001400201C
:103B60004C16002007F0D9FC00F0E4FF00F0C2FA88
:103B7000FFF76CFDFFF736FD07F0C8FC014800F0C9
:103B8000B5FBF0E68937000038B5164D95F82440AE
:103B90002CBB05F1380007F068FD204601F0BCF9A8
:103BA00022460121E8612720FFF7B4F907F0AEFCB7
:103BB000FFF718FD044610B9012385F824300A4B9D
:103BC0001B680BB1FFF7A0FC4FF08043D3F83834EB
:103BD000DB0702D50020FFF769FD204638BD002431
:103BE000FBE700BFE01300204C05002010B50D4896
:103BF0004FF0FF324FF0FF3307F032F8FFF726FDAA
:103C000000F042FB08B100F095FFFFF7CBFC07F096
:103C100084FC0548002480F82440383007F022F85E
:103C2000204610BD18140020E0130020074B93F825
:103C300024203AB193F82530002B14BF00206FF0F8
:103C4000120070476FF01200704700BFE0130020B1
:103C500038B5104B93F824300446C3B10578284694
:103C6000FFF722FC10B96FF0150038BD45722379BB
:103C70008372638843602078618810F0080F02D156
:103C80004B1E0B42EFD107F034F80020EDE76FF048
:103C90001200EAE7E013002038B5124B93F8242015
:103CA0000546CAB193F82530B3B1FFF7FDFB0446D2
:103CB000A8B1837A012B12D007D9023B012B07D977
:103CC0006369A3610020E06038BD00F06FFEF7E794
:103CD000284600F00DFEF3E76FF01200F4E76FF0F6
:103CE0001500F1E7E013002038B50E4B93F82420BF
:103CF000054682B193F825306BB1FFF7D5FB68B16B
:103D000015F008040AD1284600F014FE284600F0F9
:103D1000E3FF204638BD6FF01200FBE76FF015009F
:103D2000F8E700BFE013002038B50C4B93F82420CF
:103D300005460C4662B193F825304BB1FFF7B4FB52
:103D400048B144B1284600F0DBFD2070002038BDAA
:103D50006FF01200FBE76FF01500F8E7E0130020AA
:103D600070B5134E96F824300446C3B1FFF79CFBA0
:103D70000546B8B1230705D4204600F0DBFD2046F8
:103D800000F0AAFF2B7A83B901232B7296F8253015
:103D90000BB9002070BD204600F066FFF9E76FF018
:103DA0001200F7E76FF01500F4E76FF07700F1E726
:103DB000E01300202DE9F043DFF8EC801E4698F870
:103DC000243085B0074689461546002B61D098F807
:103DD0002530002B5DD003065ED5FFF765FB04465A
:103DE000002859D0037A002B56D04FF0FF334FF004
:103DF000FF3208F1380006F033FFA37F4BB108F122
:103E0000380006F02FFF6FF00A04204605B0BDE829
:103E1000F083A37AC5B13BB30123A3774FF0000829
:103E200001A93846CDE90195CDF80C8000F0B4FA2F
:103E30001B4B984229D084F81E801EBB6FF00404EF
:103E4000184806F00FFFE0E7E27F02B1E577002BAC
:103E5000E2D100F0B1FDB842DED000F0A1FD114882
:103E600006F000FF0024D0E7B8F80A30AB42F0D9E2
:103E70006268B5FBF2F302FB1353002BE9D1012377
:103E8000E377E6E7C6F80080D8E706B1356000249E
:103E9000D6E76FF01204B8E76FF01504B5E700BF7E
:103EA0000000AD0B18140020E01300202DE9F041B4
:103EB0001D46204B174693F824200E46002A33D087
:103EC00093F8253083B3030631D401B97FBBFFF7E4
:103ED000EBFA044658B3037A4BB34FF0FF3316485E
:103EE0004FF0FF3206F0BCFEE3689F42B84628BFA1
:103EF000984646B93FB905B12B600F4806F0B2FEAF
:103F00000020BDE8F081A1694246304606F07AFE05
:103F1000A3694344A361E368A3EB0803E360002DB6
:103F2000EBD0C5F80080E8E76FF01200E9E76FF02A
:103F30001500E6E7E01300201814002070B51E4DB0
:103F400095F82420034682B395F825206AB31B0612
:103F50002ED4FFF7A9FA044650B3037A43B34FF0C7
:103F6000FF334FF0FF3205F1380006F079FEE368C9
:103F7000B3B9012663692677A361637F83B1FFF735
:103F800073FB30B905F1380006F06CFE6FF00B00E2
:103F900070BD067484600673FFF7BEFAFFF7B4FACB
:103FA000064806F05FFE0020F2E76FF01200EFE730
:103FB0006FF01500ECE700BFE0130020181400209C
:103FC00010B5084B93F824300C462BB1FFF76CFA70
:103FD00028B10460002010BD6FF01200FBE76FF005
:103FE0001500F8E7E0130020014B1860704700BF90
:103FF000E013002008B5074B93F8243023B1FFF7F6
:1040000053FA20B1406808BD6FF01200FBE76FF073
:104010001500F8E7E01300204FF08053D3F830216B
:10402000082A06D1D3F83431052B04D8034AD05CD2
:104030007047002070470120704700BF4DC9000045
:10404000064B10F0800FA3F1D80208BF134600F012
:104050000F00182202FB0030704700BF881D0020AF
:10406000EFF31180202383F31288BFF36F8F0A4B85
:10407000D3F8001C032261B949F27531C3F8001C62
:10408000C3F8142DC3F8001C80F31188BFF36F8FA1
:104090007047C3F8142DF7E700E00640EFF31180F6
:1040A000202383F31288BFF36F8F0A4BD3F8001CD1
:1040B00061B949F27532C3F8002CC3F8141DC3F876
:1040C000002C80F31188BFF36F8F70470022C3F874
:1040D000142DF6E700E006404FF08053D3F830315E
:1040E000082B02BF024B0022C3F81C2C704700BFF4
:1040F00000700240024A00231360024A13707047A6
:10410000681E0020AD23002008B54A4B4FF4006222
:10411000C3F80024FFF780FF08B1FFF7A1FF4FF0BD
:104120008053D3F83031082B18D1EFF311802023BE
:1041300083F31288BFF36F8F3F4BD3F8001CC0226C
:1041400000296ED149F27531C3F8001CC3F8142C54
:10415000C3F8001C80F31188BFF36F8F354B012229
:10416000C3F80025D3F800241205FBD54FF40062F4
:10417000C3F800244FF08053D3F83031082B17D107
:10418000EFF31180202383F31288BFF36F8F2A4B44
:10419000D3F8001C002947D149F27532C3F8002C2E
:1041A000C3F8141CC3F8002C80F31188BFF36F8F81
:1041B000FFF732FF30B1FFF771FFFFF72DFF08B1B6
:1041C000FFF74EFF4FF08053D3F83031082B194BD7
:1041D0000AD140F2E372C3F800284022C3F8042851
:1041E000BFF36F8FBFF34F8F8022C3F81C250122CE
:1041F000C3F83025114B40F2FF121A60104B00211A
:104200001960104B1970FFF767FF0F4B19700F4BB8
:1042100002221A70FFF700FF50B1BDE80840FFF717
:104220003DBFC3F8142C95E70022C3F8142CBBE75C
:1042300008BD00BF0070024000E00640641E002080
:10424000601E0020A9230020AB230020AD23002006
:10425000094B002210B51A70084A094B094C002876
:1042600008BF1346C4F800332720FEF723FE0123BE
:10427000C4F8043510BD00BFAC230020FDFFDF01F2
:10428000FDFFFF0100700240034B1878012894BF26
:1042900000200120704700BFAD23002010B5EFF3D0
:1042A0001181202383F31288BFF36F8F0D4B1B788E
:1042B00003F0FF0083B10C4BD3F8002412F400721A
:1042C0000AD10124C3F82C45D3F82C45D3F8004477
:1042D000A40502D5C3F82C25002081F31188BFF373
:1042E0006F8F10BDAC23002000700240F8B51C4B4E
:1042F0001C7894BB1B4A106001221A7040F2FF1711
:10430000264664F07F0514F0080FEDB214BF39465D
:104310004021284606F0EDFC2846FFF791FE0134C7
:10432000092C867506730661EBD1002440F2FF1755
:10433000254614F0080FE6B214BF39464021304636
:1043400006F0D7FC3046FFF77BFE0134092C85755B
:1043500005730561EDD10448F8BD0448FCE700BFD2
:10436000AD230020681E00200000AD0B0500AD0B42
:10437000084B10F0800F00F00F0114BFD3F8102588
:10438000D3F8142501238B40134214BF01200020D1
:10439000704700BF007002402DE9F8430246EFF37A
:1043A0001187202383F31288BFF36F8F030703D194
:1043B000184B1B78834229D1174B184E1C6835685F
:1043C000104606F08EFCE443A4B24FF001092C43E2
:1043D00009FA00F814EA08041AD11046FFF730FE73
:1043E00080F80C90034607C91C6183E807009C75A0
:1043F0000B4B0C4845EA080580223560C3F80421C0
:1044000087F31188BFF36F8FBDE8F8830648F7E79D
:104410000648F5E7AB230020641E0020601E002044
:1044200000E100E00000AD0B0A00AD0B0B00AD0B8E
:1044300010F0080F074B06D0D3F8C00410F4803FEB
:1044400018BF0020704700F00F0000F5947053F87B
:1044500020007047007002402DE9F74FA84BD3F8B9
:10446000604134B10022C3F86021D3F86C44C3F832
:104470006C44D3F828214AB10022C3F82821A14B6B
:10448000187806F02EFC012383401C439E4F9F4E5C
:104490003D7897F9008015F0080143D1B8F1000F7D
:1044A00005F00F032EDA9A4A52F8230020B342F89F
:1044B00023101422534303F1804303F51C33D3F834
:1044C0000836944A117803F001034B401370FFF74C
:1044D00003FE914802F0F2FE2846FFF7B1FD837D0E
:1044E000032B37D1284606F0FCFB012303FA00F02A
:1044F000336823EA00033360DFF82C92DFF8208270
:1045000001255FE0854A52F823000028F4D042F8E4
:1045100023101422534303F1804303F51C33D3F8D3
:104520000837CEE7B8F1000F754B09DBD3F85021FF
:10453000002AE1D00022C3F85021D3F8A837C0E701
:10454000D3F82C21002AD7D00022C3F82C21D3F88D
:10455000A836B6E7037BDBB9284606F0C2FB012389
:1045600003FA00F03368B8F1000F23EA0003336068
:1045700001DA882DC0D106238DF8043000238DF890
:104580000730674B8DF806501B6801A89847B3E7C2
:10459000002DB1D15A4B0122DA64ADE794FAA4F0B0
:1045A000D9F80020B0FA80F005FA00F31A430F287A
:1045B000C9F8002024EA0304326840F3B7801342AC
:1045C00000F0C580002CE9D14D4BD3F800215AB141
:1045D000C3F80041534B1C704A4B1C7001230193DC
:1045E0004F4B01A81B689847454BD3F85421EAB1BB
:1045F0000022C3F85421D3F80413890216D58DF88C
:104600000420D3F82025ADF80620D3F8C034002BC1
:10461000D9F8003014BF4FF001224FF480721343D9
:10462000C9F800303E4B01A81B689847344BD3F8BB
:104630005821002A2ED00022C3F85821D3F8004474
:10464000C3F80044E30508D5364B01221A70022353
:104650000193334B01A81B689847A50508D5314B3A
:1046600000221A70032301932D4B01A81B68984761
:1046700060050FD52B4B1A7862B100221A70204BBF
:104680000122C3F808259A6504230193244B01A84D
:104690001B6898471A4BD3F85C310BB31E4B9B68D1
:1046A00013B93B7859061BD0154B0022C3F85C2187
:1046B000D3F88034134A23F07F031370336823F058
:1046C00001133360D9F8003023F4803343F0010341
:1046D000C9F8003005230193114B01A81B689847C6
:1046E0003268D9F800301A4207D00B480022002364
:1046F00002F008FE002800F09F8003B0BDE8F08FB4
:1047000000700240AB230020AA230020601E00207E
:1047100008710240A92300203405002030710240B6
:10472000681E0020AC230020641E002013407FF48C
:1047300049AF062260F07F018DF804208DF8061045
:104740008DF80730D8F8003001A898473AE70623DB
:10475000A0F110018DF804308DF806108DF8075087
:10476000F0E718F0012314BF93FAA3F898FAA8F819
:10477000B8FA88F8B8F10F0F18D9A8F11005EDB202
:104780002846FFF75DFC04462846FFF751FE6368A4
:10479000B4F814C02268984230D81B1A00EB020EFD
:1047A00011466360C4F800E082462AE048F08005C4
:1047B0002846FFF745FC4368B0F814A001689A4505
:1047C00028BF9A4601F06043B3F1005F044604D06D
:1047D0004348524606F016FA41492268636852443B
:1047E0002260A268A3EB0A03D20768B2636033D5E4
:1047F000BAF1000F32D1002323732FE011464FF09E
:10480000000A604525D1003B18BF01231AB350456B
:1048100021D9012303FA08F32BEA030333600623AB
:104820008DF804302F4B8DF8065002221B68A275BC
:104830008DF8072001A89847D6F800B0D9F80030C5
:104840001BEA03088DD1284803B0BDE8F04F02F001
:1048500035BD0023DAE768B2002BCCD04FF080538F
:10486000D3F83031082B02BF204B8222C3F81C2C16
:10487000D9F800303D70012202FA08F823EA080353
:10488000C9F80030236915F0080F53442361174B12
:1048900017D1002805F00F054FF0140000FB05307C
:1048A000B5BF03EB85030A35C0F80016C0F8001742
:1048B000B5BFC0F804A6C0F804A75A6043F8252085
:1048C0001BE70028B5BFC3F8A016C3F8A017C3F8AC
:1048D000A4A6C3F8A4A7B4BF5A629A640DE700BFA8
:1048E000701C0020681E002034050020007002406B
:1048F000024B40F48070C3F8180570470070024006
:10490000030713D400F00F0310F0800F084A0BBF09
:1049100003F5887303F5847302EB830252F82300D6
:1049200008BF5068003818BF01207047002070474A
:1049300000700240034BC3F80C0540F48070C3F8CC
:104940000C0570470070024010B508220021044693
:1049500006F063F90E4BD3F880242270D3F8842438
:104960006270D3F88824D3F88C1442EA0122628062
:10497000D3F89024D3F8941442EA0122A280D3F809
:104980009824D3F89C3442EA0323E38010BD00BF8F
:1049900000700240014B0122DA647047007002404F
:1049A000014B01221A65704700700240014B012241
:1049B0005A65704700700240014B1878704700BF7D
:1049C000AB23002010B50246EFF31184202383F3BC
:1049D0001288BFF36F8F06F084F90B49012303FAA5
:1049E00000F00B6823EA00030B6012F0080101BF1E
:1049F00002F00F02054B02F5947243F8221084F383
:104A00001188BFF36F8F10BD641E0020007002403C
:104A1000F7B50146EFF31185202383F31288BFF326
:104A20006F8FFFF70DFB0646084606F05AF9012284
:104A300011F0800F02FA00F22D4818D1036832EA13
:104A400003040AD00846FFF7BDFF0323B37585F3BF
:104A50001188BFF36F8F03B0F0BD2649347323EA8A
:104A6000020303600B6823EA02030B60EDE70B0708
:104A700015D48029204B2FD001F00F0404F2DA3432
:104A80006400C3F80048D3F80448D3F80478E4B2CB
:104A900044F002043C43C3F80448D3F80438154FEB
:104AA00004683B6864EA030C1CEA020FCFD013438E
:104AB0003B60002333730323B3758DF807300F4B2E
:104AC0008DF8061024EA0204062204601B688DF8A3
:104AD000042001A89847BAE740F2B474C3F800482C
:104AE000D3F80448D3F80478E4B244F00404D1E7DE
:104AF000601E0020641E002000700240681E00201E
:104B000038B50446094D4FF0FF324FF0FF332846C9
:104B100002F0F8FB2046FFF77BFF284602F0CEFBB1
:104B2000034B8022C3F8042138BD00BF34050020A8
:104B300000E100E0F8B54FF0FF324FF0FF332B48B3
:104B400002F0E0FB2A4B8022C3F884212720FEF7E5
:104B5000D3F998B1274E284B34681B68240C2404E1
:104B60001C43012764BB254D40F2FF13336027200F
:104B7000C5F80445FEF7ACF9C5F80043204A1378A0
:104B80008BB11E4B0021C3F808110121C3F8002688
:104B9000C3F804165960D3F808110029FBD000218E
:104BA000C3F808111170154B0022C3F80025FFF758
:104BB00093FA0E4802F082FB124B01221A70F8BDE4
:104BC00094FAA4F5B5FA85F50F2D2846C6BFA5F1D0
:104BD0001000C0B240F08000030701D4FFF718FFB7
:104BE00007FA05F524EA0504BCE700BF34050020F8
:104BF00000E100E0641E0020601E00200070024002
:104C0000A9230020AD23002010B504464FF0FF3249
:104C10004FF0FF33114802F075FB2046FFF7F8FE16
:104C200004F00F02012393400D4A14F0800F14BFCB
:104C3000D2F81015D2F814156FEA030315BF0B4014
:104C40000B40C2F81035C2F81435044802F036FBA8
:104C5000044B8022C3F8042110BD00BF340500209E
:104C60000070024000E100E070B50446FFF780FBF1
:104C700068B904F00F02012514F0800F144B05FAF7
:104C800002F205D0D3F810150A43C3F8102570BD01
:104C9000D3F814150A43C3F81425631E062BF6D85F
:104CA000EFF31186202383F31288BFF36F8F204622
:104CB000FFF788FE204606F014F8064A1368854080
:104CC00023EA0503136086F31188BFF36F8FDEE7D5
:104CD00000700240601E0020030610B5044605D493
:104CE000FFF70EFE10B12046FFF76CFE014BC3F834
:104CF000184510BD00700240084B70B5C31A0D4630
:104D000007499B10044659430648402206F015F80F
:104D10002B4601462046BDE870401847801E002003
:104D2000B76DDBB6E4BF000073B50C4C0C4A4023F2
:104D3000041B00930D460B460A49A4106143064626
:104D4000094806F025F8011E05DA30462B4602B068
:104D5000BDE87040184702B070BD00BF801E002043
:104D6000F9AD0000B76DDBB6E4BF000010B5EFF39E
:104D70001184202383F31288BFF36F8F074A1368CF
:104D800023F00201DB07116002D4012006F022FBB0
:104D900084F31188BFF36F8F10BD00BFD01E0020B9
:104DA000002270B5012104461046FEF7B3F80F4803
:104DB00001F06AFA0E4B984215D101F075FA266996
:104DC0000C49304605F044FB00280BDB0125356417
:104DD0002469084904F11C0005F03AFB002801DBB6
:104DE000E564002070BD6FF00400FBE7FD4E00009D
:104DF0000000AD0B3CC300007FB500220123CDE9CC
:104E0000022304ABCDE90433094ACDF800D06B4648
:104E1000CDF804D005F0E9FF002805DB4FF480420F
:104E20000023684602F06EFA07B05DF804FB00BF8D
:104E300019AE000030B4104B0C2202FB00330146C7
:104E40000020D3E90E529863EFF31180202484F3FD
:104E50001288BFF36F8F1C6C04F0C00444F002048E
:104E60001C6480F31188BFF36F8F1DB12B4603487C
:104E700030BC184730BC7047801E0020E4BF0000E3
:104E800010B4EFF31182202383F31288BFF36F8FE6
:104E90001848016841F002040460C80708D482F38E
:104EA0001188BFF36F8F01205DF8044B01F014BA35
:104EB0004FF08041D1F80C04D1F80C14C907EED59D
:104EC000EFF3118083F31288BFF36F8F0A490B6CE5
:104ED00003F0C00343F002030B6480F31188BFF3B7
:104EE0006F8F82F31188BFF36F8F00205DF8044B42
:104EF000FFF7A0BFD01E0020801E002010B10128A7
:104F000004D07047034B1B6C5B0701D1FFF792BFC6
:104F1000704700BF801E0020024AC3B21C2003FB62
:104F200000207047801E00202DE9F0413849BFF372
:104F30005B8F0746012251E8003F41E8002000282E
:104F4000F9D1BFF35B8F33B9324933484B60CB6043
:104F50008A6005F090FA7B1E012B2BD8012F07D118
:104F60004FF08043D3F81C3403F00303012B21D00E
:104F700006F085FC0546F8B9284B1B78E3B14FF0E5
:104F800080430222C3F808230646DFF894804FF0DE
:104F90008044D4F81824D4F81834D20315D503F07B
:104FA0000303012B01D0012F0FD155B386F31188D4
:104FB000BFF36F8FBDE8F081EFF31186202383F3F9
:104FC0001288BFF36F8F0125DFE7ADB1304605F0E2
:104FD000E3FDD4F81835002BDBD1D4F80421002AE6
:104FE000D7D0C4F80431D4F804310123C4F81835FB
:104FF000C8F88031A360CCE70021212002F02AFE0E
:10500000E7E74FF080430222C3F80423D2E700BF52
:105010007C1E00206C1E00209C1E0020E327002028
:1050200000E100E008B5074806F091FA38B10648FB
:10503000FEF708FA0448FBF76FFD002008BD6FF08B
:105040001200FBE734C000004D5000000A2838B5BC
:10505000074D044604D1AB680D215B68284698478C
:10506000AB6803485B68E1B29847204638BD00BF93
:1050700034C00000024B0B6001231360704700BF77
:10508000D41E00200048704790C3000010B50122D4
:1050900011460648064C06F06BFB06F027FA206026
:1050A00006F020FA6060002010BD00BFDC1E00206A
:1050B000D41E00204FF08042D2F81015D2F81035DF
:1050C00001F01E0123F01F030B4343F00103C2F85C
:1050D0001035024B00221A70704700BFAE2300202B
:1050E0004FF08053D3F83031082B20D14FF080425D
:1050F000D2F81015CB071AD5D2F8103501F01E01E1
:1051000023F01F030B43C2F81035D2F808315BB10E
:10511000D2F8103523F01F030B4343F00103C2F80C
:1051200010356FF08B007047024B01221A7000207F
:10513000704700BFAE2300202DE9F0410D46164612
:1051400006F0D0F931460746284605F068FE78B3E8
:10515000B5FBF7F307FB135353BBB6FBF7F407FBA1
:1051600014642CBBB7421DD84FF0FF324FF0FF3311
:105170001148DFF8488002F0C5F806F0B3F9074699
:10518000FFF7AEFF044680B9284601F029FD98F8E4
:1051900000300BB1FFF78EFFF61B3D44F0D10648FF
:1051A00002F08CF82046BDE8F0816FF08B04F6E742
:1051B0006FF01504F6E700BFDC1E0020AE230020D0
:1051C0002DE9F8430E463046194617461C4605F0B1
:1051D00026FE88B344EA060515F003052CD1BCB1C0
:1051E0001748DFF864904FF0FF324FF0FF3302F0C2
:1051F00089F824F00304AC4206EB05080BD1114AF0
:10520000D2F80034DB07FBD500240D4802F056F835
:105210002046BDE8F883FFF763FF50B9795940464F
:1052200001F0FEFC99F800300BB1FFF743FF0435A5
:10523000E1E76FF08B04E8E76FF01504E8E700BFE3
:10524000DC1E002000E00140AE230020F0B54068E5
:10525000057B01F01F0444EA4514056987B0002D61
:1052600064D0B2F5001F00F1100506D12146284692
:1052700006F030F9002007B0F0BD01AE0027B2F50E
:10528000800F0197776039D1B3F1007F14BF0523F8
:1052900004238DF804300023CDE90463039383686D
:1052A00023FA01F111F001011AD1B2F1A07F17D157
:1052B00004F01F03620903F5E0732AD0012A3BD1F1
:1052C0001F4A52F82330DB070AD40DF10306324699
:1052D0002146284601F0DEFA1A4B98421CD002966D
:1052E00003AA2146284601F097F9174B984220D18E
:1052F00001222146284601F031FBBBE7B3F1C06F24
:1053000005D0B3F1007F14BF01230223C1E70323BB
:10531000BFE74FF0A042D4E73146284601F018FB22
:10532000094B9842DBD06FF00B00A4E76FF08500CB
:10533000A1E76FF015009EE751F82330FFDE00BFB4
:10534000000300500400AD0B0000AD0B38B54568FC
:105350002B69B3B11035284601F0EAFA044680B94A
:105360000146284601F0B0FA084B98420BD1084993
:105370002246284601F088FA224605210620FDF73C
:10538000C9FD002038BD6FF00400FBE70000AD0B45
:1053900095530000420970B5034602D0012A17D088
:1053A00070BD0D4E326951680029F9D003F01F031A
:1053B00001250C689D400029F2D08A682A4002D05D
:1053C0004B68304698472CB1236821461C46F2E7CB
:1053D000024EE7E72346F8E70CC00000F8BF0000E4
:1053E0002DE9F043466840F20635D006337B87B09E
:1053F00002EA050554BFC2F34010032001F01F0765
:10540000B5F5837F144647EA43178DF8030044D06F
:105410000FD8062D18D007D8B5B1022D3FD06FF0A8
:10542000150007B0BDE8F083B5F5807FF7D1012501
:105430000AE040F20222954233D0B5F5407F32D0E7
:10544000B5F5007FEBD1022522032ED5726801232A
:105450008B40C2F80835326992BB07F01F037F0901
:105460002BD0012F79D13F4A02EB830284F48033A1
:10547000D2F80017C3F30043C4F3404444EA4304A2
:1054800021F4E16144EA800421F0070144EA0523A4
:105490000B43C2F800370020C3E70725D4E70425F3
:1054A000D2E70525D0E70325CEE7630341BF0123FB
:1054B00072688B40C2F80C35CDE74FF0A042D3E7BD
:1054C00010360DF102023946304601F0E3F914F4CA
:1054D000403F80460CD13946304605F0F9FF224B5B
:1054E0009845D8D19DF80210304601F02BFAD2E74A
:1054F00001AB4FF0000903AA39463046CDE9043923
:10550000CDE90199CDF80C9001F086F8164B984240
:1055100085D114F4003315D09DF803308DF80E308A
:1055200084F48034C4F300444B4603AA3946304621
:105530008DF80C508DF80D4001F028F90A4B984277
:10554000CDD06CE7CDE9043303AA0DF1030339464E
:105550003046039301F060F8F0E703F5E07352F88A
:105560002330FFDE000300500000AD0B036803F0A2
:105570001F025B09026004D0012B034818BF002002
:1055800070474FF0A0407047000300502DE9F04FE6
:10559000DFF89491DFF894A185B01546834600EBBF
:1055A000810140F2FF18594503D1002005B0BDE844
:1055B000F08FDBF800305E04C3F3C322C3F30804AA
:1055C00000F1AC805B0C19F80270444508BF4FF045
:1055D000FF34222B00F2A580DFE803F012191F220E
:1055E000252B22A3A3A3A33B68A3A3A3A3A3A3A3A5
:1055F000A3A36B818487A3A3A38A9194979A9D0008
:10560000C5F80C45601C5ED10BF1040BCBE7C5F867
:105610001445621CF8D000265FE0C5F80845F1E7A4
:10562000C5F81045F5E7631CC5F80845ECD0002621
:1056300004E0661CC5F80C45E6D0012603A80394D7
:10564000FFF794FF039B012202FA03F3C0F80C3525
:1056500008E0C5F80845002FDBD1631CD4D0002634
:1056600032460627DBF80030019303F4004000289F
:1056700018BF002203A8009218BF01260394FFF769
:1056800075FF039C019B009A00EB8400C3F3412C3F
:10569000D0F800473B0243EA8C03134304EA0A04B0
:1056A000234343EA4603C0F80037ADE7C5F80C458D
:1056B000D1E7C5F86045601CDBF80030A4D0C3F327
:1056C0000043002BB9D003A80394FFF74FFF039BBF
:1056D000012606FA03F3C0F808353246C2E7C5F8DA
:1056E0006445E8E7C5F86845E5E7C5F86C45E2E7D5
:1056F000C5F82445621C87D000220126B2E7C5F810
:1057000028457FE7C5F83045F4E7C5F83445F1E7AB
:10571000C5F83845EEE7C5F83C4573E76FF015006E
:1057200044E76FF0850041E7A4C90000F0F8FCFFF2
:105730002DE9F7430646002201210220FDF7EAFB8E
:105740000220FDF7B7FB776835693C684FF0000829
:10575000C4F800852E60D7F80C9001AA414648464F
:1057600005F04EFC002839DB019BD9F8002019799F
:105770001868FFF70BFF002830DB6B7AD6F810C0F3
:10578000012B03D0032B27D14FF01008AB7A032B4A
:1057900022D1E97A09B101291ED12A7A12B1022A4D
:1057A0001AD10E226B687068B3F5164F006800F0CE
:1057B000B28034D8B3F5165F00F0B0801AD8B3F5D4
:1057C000966F00F0AD800CD8B3F5967F00F0AB80FB
:1057D000B3F5167F00F0AA806FF0850003B0BDE836
:1057E000F083B3F5166F00F0A480B3F5965FF3D1A4
:1057F0005C4B43E0B3F5E14F00F09E8008D8B3F571
:10580000615F00F09B80B3F5964FE5D1564B35E0D4
:1058100047F6122E7345DFD14FF400032EE0B3F5A7
:10582000613F00F08D8015D8B3F5963F00F08B8076
:105830000AD84DF6C02E734500F08780B3F5614F4E
:10584000CAD14FF46B0319E0B3F5E13FC4D14FF077
:10585000EB7313E0B3F5612F7AD009D8DFF820E1BC
:10586000734578D0B3F5E12FB6D14FF0E86305E08A
:10587000DFF810E17345AFD14FF08053C0F8243505
:10588000736841EA08011B680A43C3F86C25D5E92F
:1058900001010CF1040383E803007B68990712D52A
:1058A00005F11C0001F06AFA304B984256D1287F6E
:1058B00004F10C0204F5907105F082FD2B7F0120AC
:1058C000984000F079FC0823C4F800353B7A53B9BE
:1058D000C4F81031D4F81031AB69C4F83435012361
:1058E000C4F8383523607B689A075CBF4FF4807337
:1058F000C4F804337B68DB0644BF4FF48003C4F86C
:1059000004336B69C4F8443500200123C4F848050A
:10591000A360E36062E74FF41D03AFE7144BADE70C
:105920004FF49E23AAE74FF4A033A7E74FF41C33AC
:10593000A4E74FF41D23A1E70E4B9FE70E4B9DE715
:105940004FF06C739AE70D4B98E74FF4650395E7BA
:105950004FF0706392E74FF080638FE76FF00400C1
:105960003CE700BF00B0130000A04E000000AD0BEC
:105970000050270000C0750000F03A0000903A0186
:1059800090D0030040420F002DE9F0410446076922
:105990000D4605F074FF4FF02008B0B91F4B1B787F
:1059A0009BB16426606805F004FCF0B9012005F0A5
:1059B00005FD013EF6D10021212002F04BF9F0E770
:1059C00081F31188BFF36F8FF5E7EFF311810E4676
:1059D00088F31288BFF36F8F606805F0EAFB80B927
:1059E00081F31188BFF36F8FEFE7EFF311810E465C
:1059F00088F31288BFF36F8F606805F0DAFB002828
:105A0000DED07B691D7079690122204605F012FB0A
:105A100086F31188BFF36F8FBDE8F081E327002084
:105A200070B5012383400E4ABFF35B8FDC4352E81D
:105A3000001F01EA040542E80056002EF7D1BFF32B
:105A40005B8F4FF4803282400648C0F80823BFF3D2
:105A50005F8FBFF36F8F0B4214BF0120002070BD1A
:105A6000101F00200010014070B40E49D1E900342D
:105A7000D01AC31844F1000422F07F46C1E9003473
:105A8000A6F50013B3F5400F09D2074B1B681A0A9D
:105A90001B069C19054B42F10005C3E9004570BC8B
:105AA00002F08CBA18090020141F002020090020E1
:105AB00011B3BFF35B8F0123104A834052E800CF3C
:105AC0004CEA030C42E800C10029F7D1BFF35B8F19
:105AD0000B4A4FF480338340C2F80433094BBFF3C1
:105AE0005B8F1B68BFF35B8FC340DB0742BF064B76
:105AF0004FF40032C3F80021704700BF101F002090
:105B0000001001400C1F002000E100E00D4B186860
:105B1000010A0006BFF35F8F0B4BD3F8043518184A
:105B200041F10001B3F5801F0AD2084BD3E90023ED
:105B3000904271EB030303D210F1807041F1000138
:105B4000704700BF141F00200010014020090020F2
:105B50002DE9F04F85B016461F469DF840A004463B
:105B6000FFF75EFF0190FFF7D1FFB04271EB070333
:105B700054D23E4B301A67EB0101984271F100019B
:105B80004FD23B4B03EB0413D3E902239F4208BFE0
:105B900096425ED037494FF4803804F1500508FA38
:105BA00004F8AD00C1F848832046ADB205F0ACFB67
:105BB00026F07F4B05F1804504F5A87305F588357F
:105BC000DC464FF003090293029A2CF07F4341F820
:105BD0002230C1F84483D1F80435274A6FF002001F
:105BE000C01A604420F07F40904232D9286868B1E2
:105BF000D1F804350393A3EB0B0020F07F40B0F500
:105C0000000F26D9204605F07FFB039BBAF1000F59
:105C100007D109EB030C09F10109D5E7BAF1000F2F
:105C200009D06FF0150520460199FFF741FF28467E
:105C300005B0BDE8F08F0123104ABFF35B8FA3408E
:105C400052E8000F184342E800010029F8D1BFF3E1
:105C50005B8F07490E98230101EB0412C8500F9B7C
:105C60005360C2E902670025DDE700BF0100800044
:105C70000809002000100140FDFF7F000C1F0020DC
:105C80007FB51C4C1C4BC4F80833C4F848331B4B7D
:105C900000254FF0FF304FF0FF31C4F80855C3E93D
:105CA00002014FF48033C4F80433154B02264FF43D
:105CB00000320121C4F804631120C3F880212A4670
:105CC000FDF728F91120FDF7F5F80E4A0123A3602E
:105CD000236013600C4B0D4A0093CDE9015500235E
:105CE0002846FFF735FF3046FFF71EF9284604B077
:105CF00070BD00BF0010014003000F000809002024
:105D000000E100E0101F0020695A0000FFFF7F0043
:105D10002DE9F7432F4CD4F8043399070BD5D4F869
:105D2000043143B12C4A0023C4F80431D4F80431BF
:105D3000136801331360D4F80433DA0329D5BFF3B1
:105D40005B8F264B53E8002F22F0010143E800103F
:105D50000028F7D1BFF35B8FD30702D4D4F84031CA
:105D6000BBB10025C4F84051D4F84031FFF7CEFE56
:105D7000EFF31182202383F31288BFF36F8F184B48
:105D8000D3E90267B042B94106D282F31188BFF36A
:105D90006F8F03B0BDE8F0834FF0FF384FF0FF394D
:105DA000C3E90289D3E900101D604FF48033C4F8C1
:105DB0004833C4F84051D4F8403182F31188BFF31E
:105DC0006F8F0029E5D0009032463B462846884731
:105DD000DFE700BF00100140141F00200C1F00204F
:105DE0000809002030B5431C124C85B005D0844210
:105DF000A8BF0446012CB8BF0124FFF787FE0E4B55
:105E00000C4DD3E90013401AB0F5000F10D2221840
:105E1000AA4228BF2A4652184FF0000007490091B5
:105E2000CDE9010043F10003FFF792FE05B030BD5C
:105E30002A46F0E7FFFF7F0018090020695A00009A
:105E400008B5FFF763FE024B1B68C01A08BD00BF10
:105E50001809002010B5084C012363601120FDF7DC
:105E600037F8064BC4F80833C4F84833044B4FF4F2
:105E70000032C3F8802110BD0010014003000F0064
:105E800000E100E030B50C490C4D0B6802460024DF
:105E900005EB0310D0F80808C0B218B904B10B60C4
:105EA000002007E00133072B4FF00104F0D90B600D
:105EB0006FF01B00136030BD181F002000E0014090
:105EC00038B50A460C4620230021054604F04DFC57
:105ED00028B11048452104F03AFC012038BD226861
:105EE0000D4B9A4205D00D48452104F030FC0320AB
:105EF000F4E72369DB0604D50948452104F027FCB3
:105F0000F5E7E26823899B18F1D2AA689342E5D3AA
:105F1000EDE700BFBAC900003DB8F396DBC9000049
:105F2000F6C900004FF08053D3F83021082A06D17B
:105F3000D3F83431052B02D8024AD05C70470020D8
:105F4000704700BF14CA0000024AD2F80034002B88
:105F5000FBD0704700E0014010B54FF08053D3F8FC
:105F60003021082A4ED14FF080420021C2F80C1196
:105F7000C2F81011C2F8381502F54042D3F80414E3
:105F8000C2F82015D3F80814C2F82415D3F80C145D
:105F9000C2F82815D3F81014C2F82C15D3F814142D
:105FA000C2F83015D3F81814C2F83415D3F81C14FD
:105FB000C2F84015D3F82014C2F84415D3F82414BD
:105FC000C2F84815D3F82814C2F84C15D3F82C148D
:105FD000C2F85015D3F83014C2F85415D3F834145D
:105FE000C2F86015D3F83814C2F86415D3F83C141D
:105FF000C2F86815D3F84014C2F86C15D3F84434CD
:10600000C2F87035FFF78EFF18B1414B414AC3F813
:106010008C26FFF787FF18B13F4BFB22C3F81825EA
:10602000FFF780FF70B14FF080414FF08053D1F8FF
:10603000E42ED3F8583222F00F0203F00F0313437B
:10604000C1F8E43EFFF76EFF20B1344B4FF400720D
:10605000C3F840264FF08053D3F83031082B09D1D4
:106060004FF08043D3F80024D20744BF6FF0010201
:10607000C3F800242A4AD2F8883043F47003C2F8E7
:106080008830BFF34F8FBFF36F8F4FF08053D3F83B
:106090003021082A0ED1D3F83431052B02D8214AF9
:1060A000D35C3BB14FF01023D3F808224FF080436C
:1060B000C3F858254FF01023D3F80022002A03DB41
:1060C000D3F80432002B22DA174901234FF01020B5
:1060D000C1F804351224FFF737FFC0F80042FFF77C
:1060E00033FFC0F80442FFF72FFF0023C1F8043547
:1060F000FFF72AFFBFF34F8F09490C4BCA6802F420
:10610000E0621343CB60BFF34F8F00BFFDE710BDCC
:10611000005000404881030000F000400090024021
:1061200000ED00E00ECA000000E001400400FA05A6
:1061300030B50468CCB1BFF35B8FB4FA84F3C3F11C
:106140001F03DBB201229A4024EA020250E8005FFA
:10615000A54204D140E8002CBCF1000FF6D1BFF3FA
:106160005B8FE6D102480B7030BD0248FCE700BFF0
:106170000000AD0B0200AD0B10B50368CB40DB0790
:1061800014D401238B400268BFF35B8F43EA020102
:1061900050E8004F944204D140E8001CBCF1000FCD
:1061A000F6D1BFF35B8FEED1014810BD0148FCE78B
:1061B0000000AD0B0400AD0B014BC3F804057047A4
:1061C00000F00140F7B5044618B1012823D003B010
:1061D000F0BD4FF080430222C3F808230122DA60A9
:1061E000C3F80401D3F80431064601238DF80730C3
:1061F00042F210754FF08047D4B1012CE7D1D7F8A7
:106200000C3403F48033AEBB83B3012005F0D6F821
:10621000013DF4D12AE04FF080430022C3F8080387
:106220005860C3F80021D3F800310DF10706DCE710
:10623000D7F8183403F480333EB9002BC7D00120BF
:1062400005F0BCF8013DF3D1C1E7D7F8182402F0FE
:1062500003023260002BBAD09DF80700012803D159
:1062600005F0ACF8013DC7D1012CB0D1054B00229F
:106270005A71ACE7D7F80C2402F001023270002BFF
:10628000EAD1F3E71C1F0020044B1A7922B901223E
:1062900018609A8002487047024870471C1F00200F
:1062A0000000AD0B0C00AD0B08B5094B1B682BB102
:1062B0000020FCF721FE08B9FCF7FCFD4FF08043FD
:1062C0000022C3F81825034B01221A7008BD00BF35
:1062D0001C1F0020D123002010B510B1012843D08D
:1062E00010BD4FF08043D3F81814D3F81824C80316
:1062F00021D502F00303012B04D013B10020FFF7D6
:1063000061FF00234FF080420220C2F818350822B6
:106310004FF4827303F180430021196002F180423F
:106320001C6801241460154A12680AB34FF08043B8
:10633000C3F80403D4E7D3F81424D107E1D5D3F884
:106340001C249207DAD40D4A12681AB10222C3F84B
:106350000423C5E7D3F80421002AFBD00022C3F8A8
:106360000421D3F80431BBE700224FF48073D1E756
:106370001A68002AFCD019601B68B1E71C1F0020B6
:1063800010B54FF08043D3F800216AB10022C3F862
:106390000021D3F800210122C3F80823114B5879BA
:1063A00010B95A711B6898474FF08043D3F8042105
:1063B00072B10022C3F80421D3F80421D3F81824C1
:1063C000D3F81824920704D10122C3F818259A6043
:1063D00010BD0222C3F80823024BBDE810401B6821
:1063E000012018471C1F0020036803F01F025B09EF
:1063F000026004D0012B034818BF002070474FF003
:10640000A040704700030050034A430900F01F00FA
:10641000D35C1844C0B270471ACA000070B5054674
:10642000FFF7F2FF0C4C08300E4634F81030DA0556
:1064300008D5C3F3432304EBC302284654F8333092
:1064400052689847A3682BB1E26831462846BDE8F8
:106450007040184770BD00BFB003002008B5FFF7BB
:10646000D3FF034B083033F81000400B08BD00BFCA
:10647000B003002008B5FFF7C7FF034B083033F81F
:106480001000C0F3400008BDB003002008B5FFF7BE
:10649000BBFF034B083033F81000C0F3401008BDB9
:1064A000B0030020034611F0010010B5CCB20DD1AD
:1064B000A207C4F3400012D5094AD2F8200558605B
:1064C000C2F82005003818BF012008E04FF0A041B5
:1064D000D1F820251A60C1F82025002AE8D010BD87
:1064E0000003005010B5FFF78FFF124A083032F852
:1064F0001030D9051CD5C3F3432123F4F85322F8F7
:10650000103002F10E04002034F8023F13F4807FB3
:1065100003D0C3F3432399420AD001303028F3D18A
:10652000002342F831300448BDE81040FFF724BE94
:1065300010BD00BFB003002028040020F0B50546C0
:1065400000200446012607468C420BD1114BD3F89C
:106550007C2132B10022C3F87C21D3F87C3140F099
:106560000040F0BDE3B29B0003F580729B0806FA81
:1065700003F31D420BD002F1804202F5C042D2F873
:1065800000C0BCF1000F02D017601268184301343C
:10659000DAE700BF00600040F7B506460846FFF79F
:1065A00033FF194F00F108050C4637F81530DB07AB
:1065B00027D5304604F068FF2046FFF767FF40B15B
:1065C0002046FFF74BFF316800F5A270002341F829
:1065D00020302046FFF786FF002301A827F815305A
:1065E0000194FFF701FF019B00EB8300074BD0F8FC
:1065F0000027134043F00203C0F80037044803B0FB
:10660000F0BD0448FBE700BFB0030020F0F8FCFF3A
:106610000000AD0B0400AD0B2DE9FF41164680468E
:106620000846FFF7F1FE0D463168044609B32846D7
:10663000FFF720FF18B12846FFF728FF10BB002303
:10664000CDE900338DF80E308DF80F300DF10F02CB
:106650000B4628460DF10E0104F0BEFE474A04F138
:10666000080132F8113023F0020343F0010322F84D
:106670001130736863B328461F785968FFF7FAFE34
:1066800010B1D1B13E4826E03C4A04F1080032F88E
:10669000103023F02003DB04DB0C22F8103061B152
:1066A000032FEFD87168496891F800C0D8F800103E
:1066B000A7B90CF5A27C41F82C70304A04F108010E
:1066C00032F8113023F01C0343EA870322F811301B
:1066D000B3684BBB2B4804B0BDE8F08101EB8C01E3
:1066E00043EA4C33D1F810E52EF0030EC1F810E563
:1066F000D8F8001001EB8C0E43F02003DEF81015E3
:1067000022F8103021F44F3121F44071CEF81015E9
:106710002902DEF8108501F47C5141EA074141EA83
:106720000801CEF81015C8E7D3E900672846FFF73F
:10673000D9FE002ECED0114DD5E90023964203D1CB
:106740009F4201D1002209E00F480DF10F01FFF730
:10675000EFFC0C4B9842BED19DF80F2045F83260FB
:1067600005EBC20308345F6035F8143043EA422376
:1067700043F4807325F81430ACE700BFB003002069
:106780000400AD0B0000AD0B280400202DE9F04300
:106790000C4685B08046204611461E46FFF734FE63
:1067A000054629B32046FFF765FE18B92046FFF7D6
:1067B0006DFE18BB314F05F1080937F8193013F099
:1067C0001C0F02D04B78012B18D001238DF80F300D
:1067D0000023CDE900134A1C8B1C20460DF10F014C
:1067E00004F0FAFD37F8193043F0030327F81930A5
:1067F000002E41D02046FFF73DFE18B9204805B0D5
:10680000BDE8F08396F800C0D8F800301B4F0CF5B7
:10681000A272002143F8221005F1080237F8121085
:1068200021F02001C904C90C27F8121075781DB396
:10683000D8F80000B67800EB8C002D04D0F81035A5
:1068400023F4991323F4F853C0F81035230203F40A
:106850007C5305F440353605D0F810E52B4306F49B
:10686000801641EA4C31334341F0200143EA0E03E4
:1068700027F81210C0F810350248C0E7B003002016
:106880000400AD0B0000AD0B014BC3E902127047D1
:10689000B003002010B508461446FFF7F7FD50B1CD
:1068A0000846FFF7B1FD054B083033F810300448B7
:1068B0005B0B237010BD0348FCE700BFB003002052
:1068C0000000AD0B0400AD0B70B5164D95F880407F
:1068D00006462CBB2146602205F1100004F09DF90C
:1068E00030682E6F21468E420ED10023C0F87C31D5
:1068F000D0F87C3140F30730FCF7DCFA01230A487A
:1069000085F88030AB6770BDCBB29B0003F5807219
:106910007C2B08BF845001F1010108BF8358E2E7D6
:106920000248F0E7B00300200000AD0B0C00AD0BF7
:10693000034B93F88000003818BF0120704700BF58
:10694000B00300200148FFF717BC00BF240400205B
:106950000148FFF7EDBB00BF2404002073B50368B6
:106960001646D3F80423002AA8BF4FF0004205467C
:10697000A8BFC3F8042308460C46FFF787FD00B301
:106980000846FFF777FD0146D8B92046FFF766FDB8
:1069900004B2A40004F58072034628688150296877
:1069A00082582144D1F8102542F00102C1F8102587
:1069B0002EB12968012202FA03F3C1F8043302B0B0
:1069C00070BD2046FFF720FD0F4B083033F8103024
:1069D000C3F38203042B12D0052B12D001A801941B
:1069E000FFF702FD019AD0F81035D34003F0010300
:1069F000991C204602B0BDE8704004F036BD03216A
:106A0000F7E70221F5E700BFB00300202DE9F04FC2
:106A1000694BDFF8B081D3F80403D8F87010C0B226
:106A200089B040F00040FFF789FD051E2FDAC2460D
:106A300000235AF87C1F06A8CDE90633FFF732FD84
:106A40005E4B01930DF118094FF0000B019A12F8FB
:106A5000013B0192DA0803F007031AF8022022FA38
:106A600003F3DA071CD409F10409BBF1000F14D0B9
:106A7000D8F870104FF00040FFF760FDD8F87C1098
:106A800006A8FFF70FFD0028DAD125F00045012404
:106A9000002D79D109B0BDE8F08F4FF0010BD5E79B
:106AA000474B5B440293D9F800100029DBD0029BCE
:106AB00091FAA1F11C78B1FA81F141EA441420461F
:106AC000FFF7A2FC0830059438F81070C808BB081E
:106AD00019F80020039301F00701012303FA01F1E3
:106AE00022EA010209F8002005A8FFF77DFC059ABB
:106AF000039B02F5E072C7F3820650F822205B0781
:106B00003746C2F3014224D520463946D6B2FFF7B4
:106B100085FC05A80594FFF767FC059B03F5E0736A
:106B200050F82330C3F301439E4207D10021204691
:106B300004F09BFC3146204604F097FC05A8059420
:106B4000FFF752FC059B012202FA03F3C0F820353F
:106B5000A9E7022A0CD10321204604F086FC06F0A6
:106B60000503012BEAD139462046FFF757FCE5E73C
:106B700002212046039204F078FC032EF3D0039AFE
:106B8000032ADBD1022EEDE795FAA5F3B3FA83F3DE
:106B900004FA03F29B0003F1804303F5C04325EAA6
:106BA0000205D3F81005D3F81015C0F30520C1F382
:106BB0000141FFF733FC6BE7006000402ACA000088
:106BC0002ACA0000B0030020044AD2F80034DB07D0
:106BD000FBD50160BFF35F8F704700BF00E001404D
:106BE0004FF080531A69B0FBF2F302FB130373B941
:106BF000084B0222C3F80425C3F80805D3F8002483
:106C0000D207FBD500220448C3F804257047034887
:106C1000704700BF00E001400000AD0B0A00AD0B63
:106C200010B5054C0123C4F80435FFF7CDFF002350
:106C3000C4F8043510BD00BF00E0014010B5184C89
:106C4000237853BB0278C2F34003920712D54FF06A
:106C50008053D3F83021082A0BD1D3F83431052BD7
:106C600007D8104AD35C23B14FF080430122C3F808
:106C7000382601234FF08042C2F88035037803F0B4
:106C80000103C2F878350020FCF736F908B9FCF7A3
:106C900011F901230448237010BD0448FCE700BF2C
:106CA000D22300202CCA00000000AD0B0C00AD0B5D
:106CB0004FF080434FF46072C3F80823014B002269
:106CC0001A607047241F002008B5FFF7F1FF036822
:106CD0000BB1014A136008BD241F002010B54FF00E
:106CE0008043D3F80443620707D54FF4847004F05F
:106CF00001FC10B11E4B1B689847A30608D54FF442
:106D00008A7004F0F7FB18B11A4B00201B689847F3
:106D1000600608D54FF48C7004F0ECFB18B1154BED
:106D200001201B689847210608D54FF48E7004F0A7
:106D3000E1FB18B1104B00201B689847E20508D50D
:106D40004FF4907004F0D6FB18B10B4B01201B6878
:106D50009847A3050AD54FF4927004F0CBFB28B1F5
:106D6000054BBDE810401B680220184710BD00BF4E
:106D70002C1F0020281F0020241F0020014601484E
:106D8000FFF7D6B93404002010B5144CA822002116
:106D9000204603F042FF03232361114A6361114B34
:106DA000A261E3614FF4806323620023A362636204
:106DB000E36222660C4A62661022A2662367E366DB
:106DC0006367BFF35F8F094A12F8011DE154013375
:106DD000102BF9D1BFF35F8F10BD00BF301F002013
:106DE00032CA0000E3230020D32300204BCA000056
:106DF00038B5EFF31185202383F31288BFF36F8F2B
:106E0000064B9C6804F0B6FB85F31188BFF36F8FC7
:106E10002046BDE83840FBF7B1BF00BFD81F0020B7
:106E200038B5094B53F82040013053F82050A542A3
:106E300000D838BD636823B1204604F09EFB0834B7
:106E4000F5E723689847FAE764C4000070B52A4B59
:106E50002A4C2B4D012286B003201A70FFF7E0FF69
:106E6000FBF7B8FC0420FFF7DBFF2646AE4204F137
:106E7000300410D300F030FE204C224EAC4226D31A
:106E800000F03EFEF9F7A6FA1F4A137B23F0010338
:106E9000137306B070BD54F80C3C059354F8103CC5
:106EA000049354F8143C039354F8183C029354F898
:106EB0001C3C019354F8203C009354E90A2354E904
:106EC0000C0100F0D1FB54F8303C5E65CDE7D4E90D
:106ED0000A23B3F1FF3F08BFB2F1FF3F05D052EAEA
:106EE0000301206803D104F0D3FC3034C6E73146F7
:106EF000183000F0E9FFF8E7E3270020DCC10000CC
:106F0000DCC10000AFB90000F009002008B503485B
:106F1000034A0021121A04F048FB08BD08070020AC
:106F2000E827002070B5164E164D1749C82386B0C5
:106F300003FB006601220023CDE904230F22CDE9E3
:106F400002320193182303FB005504464FF4C0702E
:106F500000FB04110D4B00954FF4A072304600F079
:106F600083FB737B0A4AEE6023F0040373734FF4D0
:106F7000086304FB033313442C746B6006B070BDCC
:106F800028090020D81F00208039002045B60000C5
:106F900000310020BFB50020FFF742FF2C4B83F3E8
:106FA00008882C4D2C4E6B692C4F43F400736B6199
:106FB0000024E02385F82230EC772C766C76AC76D2
:106FC00085F820406B6A43F4E0236B6285F8234028
:106FD000FBF754FEFCF7B6F84FF0FF33AB62EB6201
:106FE000FCF77CF9FCF7D2F81D4BB36040F20112BC
:106FF0009A81C3E91A445C6704F0A8FA0120FFF7FC
:107000000FFF0220174DFFF70BFF00F099FD164B05
:10701000B5610593012315490094CDE903434FF46D
:1070200020523B46CDE90144284600F01DFB6A7B17
:10703000064622F0040228466A7304F06EFC2046DD
:10704000FFF770FF3A4631462846FCF751F800BF7B
:107050008039002000ED00E0D81F00204D6E0000B8
:10706000B80A0020F00900204CCA0000003B0020B4
:1070700038B5064C064D0020AC4200D338BD204642
:1070800004F097FA0028F9DB1C34F5E7B40400207B
:10709000D004002073B50C46EFF31181202585F351
:1070A0001288BFF36F8FC5685DB125602B68C36020
:1070B000836901338361002081F31188BFF36F8FEF
:1070C00011E052EA030603D125606FF00B00F3E7ED
:1070D000CDE900230246083000F04AFC18B9034B02
:1070E0009B685B69236002B070BD00BFD81F0020A1
:1070F0002DE9F341044617461E46EFF3118820237D
:1071000083F31288BFF36F8FC368334A7BB1806803
:107110009168884219D057EA060318D188F311887C
:10712000BFF36F8F6FF00F0002B0BDE8F081916880
:1071300091F90E1021610133E3609368A36088F335
:107140001188BFF36F8F0020EEE72169F2E791F914
:107150000E1090F90E309942A8BF19466FF07E02CA
:107160009142B8BF11468B422DDD04F076FA0546F8
:10717000CDE9007619482246414600F0F9FB002887
:10718000E1D0EFF31186202383F31288BFF36F8FD2
:10719000A068D0B1236821699C420AD04BB193F911
:1071A0000E309942A8BF19466FF07E039942B8BFCE
:1071B000194604F052FA40B10848314600F048FC44
:1071C0006FF00A00B0E70025D2E7002DF4D186F376
:1071D0001188BFF36F8FF3E7D81F0020E42700204A
:1071E00038B58368044663B3194A926893422BD139
:1071F000C368012B03D9013BC360002038BDEFF306
:107200001185202383F31288BFF36F8F0169806893
:1072100004F023FA204604F0CEFBA06058B190F9A8
:107220000E2022610022C26704F077FB094829463C
:1072300000F00EFCE1E7E06085F31188BFF36F8F8B
:10724000DBE76FF01500D9E74FF0FF30D6E700BF5E
:10725000D81F0020E427002037B51146EFF3118531
:10726000202282F31288BFF36F8F04689CB12368D9
:10727000426823F003039442036008BF4360012186
:10728000204604F05EFA044685F31188BFF36F8F41
:10729000204603B030BD51EA0302F5D000F10802E8
:1072A000CDE900131046294600F062FB0028EFD11B
:1072B000014B9B685C69EBE7D81F002038B504469A
:1072C000EFF31185202383F31288BFF36F8F04F04F
:1072D00072FB48B10022C26704F01FFB2946084830
:1072E000BDE8384000F0B4BBD4E902329A4218BF7E
:1072F0000133A360022104F1100004F06CFDEDE7FE
:10730000E427002013B5EFF31181202484F31288C1
:10731000BFF36F8F846844B1013C846081F31188AE
:10732000BFF36F8F002002B010BD52EA030406D1F4
:1073300081F31188BFF36F8F6FF00F00F3E7CDE992
:1073400000230246014800F013FBECE7E42700208D
:107350002DE9F0434A4E85B005464FF0FF384FF017
:10736000FF39EFF31187202383F31288BFF36F8F68
:10737000D5F8C8408CB9022105F1E00004F008FA04
:1073800000285CD10023CDE90089029305F1D002E9
:1073900039463C4800F0A0FCE3E7D5F8CC20236850
:1073A000C5F8C830944208BFC5F8CC30D5F8E030F5
:1073B00043F00203C5F8E030E36823F0040343F030
:1073C0000103E360636887F31188BFF36F8F204682
:1073D0009847EFF31187202383F31288BFF36F8F51
:1073E000E368D90623F0010233D4E260E3689A0728
:1073F00016D5306823F00203E36088B103680022E9
:1074000070B141688C4232D1036852BB72683360FC
:10741000824200D17360002340F8083BFFF74EFF23
:10742000D5F8E03023F00203C5F8E03087F3118887
:10743000BFF36F8FDB0594D400F08AFB91E705F171
:10744000D80400220121204604F019FB0028F8D1BD
:1074500098E723F01103E36004F11000FFF72EFF1B
:10746000C4E713607368834208BF7260D3E723B137
:107470001968024618460B46C2E71946F9E700BFED
:1074800000200020E4270020F8B5C3689A070446CE
:107490000F46C3F340062CD45B071AD40B680BB914
:1074A00083680B60E368DD0744BFA3683B603D6809
:1074B0004CBF02260126002D3AD01F4B9B68AB42E1
:1074C0000AD0D5F8E030D807C3F3800214D46FF0A7
:1074D000120600233B6025E004F0D1F9D5F8E03036
:1074E0000028F0D1D907C3F3C002F0D552B15B0731
:1074F00008D46FF00F06ECE7002AFAD1C3F3C003FB
:10750000002BF6D100232360D5F8CC3063B9C5E950
:107510003244284604F056F9E36843F00403E3607C
:107520003B68A3603046F8BD1C60C5F8CC40F0E76E
:107530006FF01506CDE700BFD81F0020F0B589B069
:1075400004460020C4E932000E9D04F1D000C4E9D5
:10755000340004F1D800C4E936004DB3287900287E
:1075600040F2011008BF0120C4F8E00000204FF0F5
:10757000FF364FF0FF37CDE90330CDE90100CDE90B
:1075800006670C4B0094204600F0ACF855B1296812
:1075900011B1204604F079F96B791BB1237B43F0DC
:1075A00001032373204609B0BDE8F04004F070B930
:1075B0000120D9E75173000037B501900846EFF379
:1075C0001184202181F31288BFF36F8FC16811F0FD
:1075D0001E0F16D153EA020508D101A9FFF754FF87
:1075E00084F31188BFF36F8F03B030BD41F0080101
:1075F000C160019981621030034900F065FC0120EF
:10760000EEE70020ECE700BFD3B70000F7B50C466B
:10761000019016461D46EFF31187202383F312884D
:10762000BFF36F8F084604F0BEF855EA060309D190
:1076300001A92046FFF728FF87F31188BFF36F8F5A
:1076400003B0F0BDE368074943F00803E360019B22
:10765000A36204F1100032462B4600F035FC0120F5
:10766000EAE700BFD3B70000F0B5073285B022F0DB
:1076700007020446BF320E9D0D9E2573583022F03E
:107680007F02C4E91600042500203F2AA673C4E93E
:107690000600A0606573E07301F14007A2F14006A7
:1076A00005D880F31188BFF36F8F284602DFC4E945
:1076B0001A768D1800260C9A266702920B9A019270
:1076C0000A9A009220462A46FBF76AFC044B66653C
:1076D0009B6803B15B6F6367284605B0F0BD00BFD0
:1076E000D81F0020F0B587B000250595109D0495A2
:1076F0000F9D03950E9D0295DDE912760D9D019576
:107700000C9D00950446FFF7AFFFB6F1FF3F08BFA1
:10771000B7F1FF3F05D056EA070305D1204600F038
:10772000A9F9204607B0F0BD03493A46334604F1B3
:10773000180000F0C9FBF4E7AFB9000038B50D4DF3
:107740002B4653F81C4F9C4200D004B9EC68AB6840
:1077500038B95A7BD20604D1A26912B9DA897F2AD4
:1077600005D89C4202D0204600F0F6FA2346AB61D1
:1077700038BD00BFD81F002008B590F90D20437B0D
:10778000002A014604DA03F07F03437304F082F811
:10779000044B9868431A58425841BDE80840FFF727
:1077A000CDBF00BFD81F002070B490F90D30427BD0
:1077B000002B29DBD30627D183692BBB134962F049
:1077C0007F0242730A4652F81C4F944218BF234668
:1077D0000C6A23B9C0E90024206008620CE090F92B
:1077E0000E5093F90E60B5420AD0AE4208DD5A68D9
:1077F000C0E900321060586070BC0020FFF79EBFE7
:107800009C42E7D01B68E4E770BC7047D81F00209B
:107810002DE9F041002A427B0E460CBF10210821C1
:10782000114204460FD141EA0203D20918D1437331
:1078300008291BD00120FFF781FFBFF35F8F637B17
:1078400023F0600363732B4B9B68A3424BD1EFF390
:107850000583002B47D13046BDE8F041FBF7A4BAC1
:1078600003F07F03437304F015F8E1E7A36813B155
:10787000204604F017F804F1180004F022F904F18E
:1078800058074FF00008A56DBD4200D055B9194DFD
:10789000AB689C4213D00120FFF750FF2046FBF756
:1078A00003FCCAE7284603F0FDFF05F1180004F0C9
:1078B00008F9C5F87C802846FFF776FFE3E7EFF389
:1078C0000583002BE7D00120FFF738FF2046FBF7A8
:1078D000EBFB094BAB6040F201129A810022C3E935
:1078E0001A225A67A9E786F31188BFF36F8FBDE8A4
:1078F000F08100BFD81F0020B80A002070B590F9B1
:107900000D20437B002A014604DA03F07F03437312
:1079100003F0C0FF4B7B154A63F07F0310464B73A7
:1079200050F81C3F146A834208BF002323B9C1E901
:107930000004216011620CE091F90E5093F90E6081
:10794000B5420ED0AE420CDD5868C1E9003001608E
:1079500059609068431A5842BDE870405841FFF79B
:10796000EDBE9C42E3D01B68E0E700BFD81F0020BB
:10797000F8B5124B0C461146114A98681060DDE9C3
:107980000676EFF31182202282F31288BFF36F8F05
:107990009D68284603F090FFB6F1FF3F08BFB7F19E
:1079A000FF3F06D007493A46334605F1180000F07C
:1079B0008BFA2046BDE8F840FBF7F6B9D81F002047
:1079C00008200020AFB90000F8B50446EFF3118697
:1079D000202383F31288BFF36F8F437BDA0649B20B
:1079E00019D18569BDB903F07F03437303F052FFDA
:1079F000437B164A817363F07F034373134653F846
:107A00001C0F984218BF0546106A5DB9C4E90030E2
:107A10000460146211E0A173002086F31188BFF3A3
:107A20006F8FF8BD95F90E70B9420BD08F4209DD0A
:107A30006B68C4E900531C606C600120FFF77EFE98
:107A40000120EAE7A842E1D02D68DEE7D81F002038
:107A500049B9EFF3058030B9054B9A699B689A42A2
:107A600001D0FBF7A1B981F31188BFF36F8F704785
:107A7000D81F002010B5EFF31184202282F3128862
:107A8000BFF36F8F427B510704D484F31188BFF397
:107A90006F8F10BD22F004024273FFF785FE21466E
:107AA0000248BDE81040FFF7D3BF00BFE427002025
:107AB000034648B9EFF3058232B9064A91699268E4
:107AC000914201D0FBF770B983F31188BFF36F8F38
:107AD000704700BFD81F0020EFF31181202383F3EC
:107AE0001288BFF36F8F054B9A68D37B013BD3732A
:107AF00081F31188BFF36F8F704700BFD81F00203C
:107B000038B5EFF31185202484F31288BFF36F8F0B
:107B10000A4B9A68D37B0133D3730020FFF70EFE24
:107B200085F31188BFF36F8FEFF3118084F3128810
:107B3000BFF36F8FBDE83840FFF7BABFD81F0020F2
:107B4000024B03F11C02C3E907227047D81F002033
:107B5000F8B5EFF31185202383F31288BFF36F8FFD
:107B600019498868437B03F07F03437303F092FE57
:107B70008B685A7B084662F07F025A7350F81C2FBC
:107B80000C6A824208BF002222B9C3E900042360C4
:107B90000B620CE093F90E6092F90E70BE420ED0AB
:107BA000B7420CDD5168C3E900210B60536001202E
:107BB000FFF7C4FD2846BDE8F840FBF7F5B8A24240
:107BC000E3D01268E0E700BFD81F002050EA0103AD
:107BD0002DE9F04105460E4603D1FFF7B9FF00201D
:107BE0002BE0831C71F1FF3329DB03F07FFF2C189E
:107BF000EFF31188202383F31288BFF36F8F124FA6
:107C0000124BB8681860FFF7B7FDB86810492A46EC
:107C10003346183000F058F9BA68537B43F010032C
:107C200053734046FBF7C0F803F060FF201A63EB84
:107C30000303012873F10003D1DBBDE8F0816FF08D
:107C40000104241AD4E700BFD81F00200820002018
:107C5000AFB90000B1F1FF3F08BFB0F1FF3F08B579
:107C600006D10A4B986803F067FE4FF0FF3008BD5D
:107C7000FFF7ACFF4FF47A7147F6FF730022C0FBA9
:107C80000132D80B40EA4240F1E700BFD81F002084
:107C90000C490D4A38B500244FF400458C46214666
:107CA000C0FB05C100236046F8F72AFAC117FFF7A9
:107CB0008DFF054A47F6FF73C0FB0234DB0B43EA36
:107CC000444038BD3F420F0040420F00014B9868CE
:107CD000704700BFD81F0020D3B5DDE90667089CB8
:107CE000CDE90067FFF744FE1CB1034B9B685B695D
:107CF000236002B0D0BD00BFD81F0020044BC01AC3
:107D0000044BC0105843044B01221A54704700BF63
:107D1000800B0020ABAAAAAAE4270020C3897F2BEE
:107D200012D80A4B1B6863B1094B90F90E201B68EF
:107D30009A4209DB437BDB0606D1064BC31A18BF08
:107D4000012303F0010070470023FAE71020002010
:107D50000C2000202809002070B50E4B0E4C1E7C14
:107D600006EB460304EBC3040546204603F0A9FED8
:107D70000A4B002228469A55FFF7D0FF48B1084B1E
:107D800008491A68013A2046D317BDE8704000F050
:107D90009BB870BDD81F0020800B0020E427002076
:107DA00010200020FD7C000038B5EFF31185202362
:107DB00083F31288BFF36F8F104B114A9C681068D1
:107DC000A04206D1FFF7C8FF85F31188BFF36F8F7C
:107DD00038BD00211B7C11600A4AD35C002BF3D014
:107DE0002046FFF79BFF0028EED0637BDB0602D125
:107DF0002046FFF783FD2046E4E700BFD81F0020A0
:107E000008200020E427002008B50648064A074954
:107E1000121A03F0CCFBBDE80840054A05490648A4
:107E200003F0C5BB00000020080700205CCA00006A
:107E3000000000005CCA000000000020034B1B682B
:107E40000BB9FDF7FDBF0020704700BF14200020D4
:107E500030B570B10B4B5B6898420AD0036843B1F0
:107E6000D3E90421D0E90445121941EB0501C3E926
:107E70000421D0E9003213605A600023C0E90033C6
:107E800030BD00BF3804002010B50E4B1C689C426A
:107E900004D1FFF7D3FF6FF0004010BDFFF7CEFF16
:107EA000002CF8D0D4E904321B1A62EBE072B3F173
:107EB000004F72F10001EEDA002AACBF1846002034
:107EC000EBE700BF38040020B3F1FF3F08BFB2F179
:107ED000FF3FF8B504461D4616465ED08160EFF3BD
:107EE0001187202383F31288BFF36F8F013275F15E
:107EF000FF3324DA2E49D1E900206FF001039B1AE9
:107F00004FF0FF3262EB00009E1B60EB0500012E7C
:107F100070F1000301DA01260020C4E90460254E57
:107F2000D6F800C07568B44508BF4FF0000CBCF12E
:107F3000000F0DD1C4E900652C6074601CE0FFF7F0
:107F40007DFF013645F10005361845EBE070E4E7AA
:107F5000DCE90420D4E90431934271EB000E1DDA10
:107F6000D21ADCF8043060EB0100CCE90420C4E94B
:107F700000C31C60CCF804403368B34209D09C4273
:107F800007D10D4B1C6824B9FFF77EFF2146FDF792
:107F900029FF87F31188BFF36F8FF8BD9B1A61EB40
:107FA0000001AC45C4E90431C4D0DCF800C0BEE730
:107FB000980B002038040020142000202DE9F84FF1
:107FC000EFF31186202383F31288BFF36F8FDFF85E
:107FD000B8902B4D2B4C2860D9F800004FF0000AC8
:107FE000484508BF00204FF0000BD4E9001E2B6865
:107FF000374680B3D0E904864FEAE37C43457CEB07
:10800000060206DAB8EB030266EB0C06C0E90426AA
:1080100021E018EB01014EEBE873C0E904ABC4E9C1
:108020000013FFF715FF87F31188BFF36F8F836885
:108030009847EFF31187202383F31288BFF36F8FE4
:108040002B68D9F80000A3EB080348453E462B6097
:10805000CBD1D4E9001E59184EEBE373C4E90013E9
:1080600000242C60FFF710FF2146FDF7BBFE87F3CD
:108070001188BFF36F8FBDE8F84FFFF795BE00BFC3
:1080800014200020980B00203804002010B5EFF3D6
:108090001184202383F31288BFF36F8FFFF7CEFE86
:1080A000054A0346D2E90001181841EBE37184F355
:1080B0001188BFF36F8F10BD980B00202DE9F74F8B
:1080C0001D46274B9F68012387F8603087F8613091
:1080D00052EA050316460CBF0123002307F1600294
:1080E000804603F0ABFD8146EFF3118B4FF0200A81
:1080F0008AF31288BFF36F8F97F860404CB901463E
:108100005A46404603F03BFD8BF31188BFF36F8F57
:108110000BE0002387F8603056EA050309D18BF3A2
:108120001188BFF36F8F6FF00A04204603B0BDE8DB
:10813000F08FCDE900650B4A0B485946FFF718FC54
:108140000446EFF311858AF31288BFF36F8F2A4636
:108150004946404603F013FD85F31188D6E700BF7A
:10816000D81F002040040020E527002038B5034632
:10817000EFF31185202282F31288BFF36F8FC16065
:10818000012181600068834206D185F31188BFF325
:108190006F8F0024204638BDD0E9003213605A604A
:1081A0000023C0E9003303F0C1FD2946044602481C
:1081B000FFF74EFCEEE700BFE527002073B506464B
:1081C0000D4603F05CFB78B90B4B9B685C6F7CB190
:1081D0002A1D09D200200021CDE9000146F004014A
:1081E000204603F02AFE08B9002401E00460041DC3
:1081F000204602B070BD00BFD81F002038B5064C25
:10820000064DAC4201D3002038BDD4E9011220460E
:1082100003F00AFE1434F4E7D0040020D004002058
:108220001FB5094A92E8030002AB83E803004FF44C
:1082300088620093054906484FF0FF33FFF77EF947
:10824000002005B05DF804FBF0C100008063002051
:10825000A00B002010B50A4C23681BB1012323603A
:10826000002010BD00F0E8F80028F7D001380628FB
:1082700003D8044B53F8200010BD034810BD00BFC5
:10828000182000207CC40000FE8FFFFFBFF34F8F3B
:108290000549064BCA6802F4E0621343CB60BFF3A2
:1082A0004F8F00BFFDE700BF00ED00E00400FA05BE
:1082B00010B40A4B0A490B4C4FF0FE32C3F80024AD
:1082C0004968C3F80424C3F80824C3F80C24002325
:1082D000C4F800355DF8044B084700BF00B00250F9
:1082E0004804002000A00250D0E90012014BC3E96D
:1082F000001270474804002010B5044650B163686E
:1083000013F0685F05D0064A934202D00023236031
:10831000626010BD034B04485B689847EFE700BFFD
:108320002C5F5CA94804002098C40000C8B14368D1
:108330000D4A934213D013F0685F0ED0012350E82A
:10834000002F194640E8001C9CF0000FF7D1012ACD
:10835000F5D0BFF35F8F0020704704487047044892
:1083600070476FF4E04070472C5F5CA9E98FFFFF16
:10837000EA8FFFFF80B14368094A93420AD013F0A5
:10838000685F05D0BFF35F8F002303601846704716
:1083900004487047044870476FF4E040704700BFDE
:1083A0002C5F5CA9E98FFFFFEA8FFFFF10B5044641
:1083B00020B1044B63600022226010BD0248FFF729
:1083C00077FFF6E73A00003AC0C4000070B5D0E984
:1083D0000023154C154D6360D0E90230C4E902302A
:1083E000226048680E68124BC3E90060D5F8180196
:1083F0008E689E6010F0685FCE680969DE60196162
:1084000010D00C49C5F8BC110023C5E9453105F56C
:108410008A70C5F8B8319047236805F5DC70BDE86F
:108420007040184770BD00BF640400203020002059
:10843000500400202C5F5CA938B500F02FF820B163
:10844000032400F063F8204638BD00F031F898B9F5
:1084500000F0ACF898B90F4DD5F828391B0EF02B69
:1084600008D1D5F8242A0C4B9A420AD0072400F0F0
:1084700017F8E6E70624FAE70424204638BD00246E
:10848000F5E7012000F092F804460028F7D1C5F87E
:108490000C0AD8E700B002500000E020002070472E
:1084A00000207047014BC3F8040A704700B0025027
:1084B00010B5114800F048F800B110BD0F4800F0A9
:1084C00043F80028F9D10E4C204600F03DF8002872
:1084D000F3D10C4B0C481C6000F036F80146002824
:1084E000EBD100F02DF8044608B1204610BD00F095
:1084F0003FF82046FAE700BFA4040020A0040020B3
:108500009C040020940400209804002008B508482A
:1085100000F024F8074800F021F8074800F01EF8A2
:10852000064800F01BF8BDE8084000F00BB800BF9B
:10853000A4040020A00400209C0400209804002033
:1085400000207047704700BF08B5034B02681B68E6
:1085500010689847002008BD6404002008B5034B4C
:1085600002685B6810689847002008BD640400201A
:1085700070B5094C094D2069AB68984718B1084B94
:1085800008485B689847084AEB6820690021116039
:10859000BDE87040184700BF50040020640400206C
:1085A00048040020E4C400002C200020F8B51A4D37
:1085B0001A4E0446B26828699047E8B9184F3B68DC
:1085C0004CB1A3B1012B19D0013B3B602869F36882
:1085D00098470020F8BD43B9124A0121C2F800159E
:1085E0001149D1F81029002AFBD101333B60F3680F
:1085F000286998470020F8BD0C48F8BD0A4AD2F80F
:108600001039002BFBD1074A6FF07E40C2F80035CD
:10861000FFF748FF3B68D7E75004002064040020C0
:108620002C20002000A0025000B00250E98FFFFF74
:1086300030B10268034B04489A4208BF00207047DB
:1086400002487047DD55AABB8208F0007108F000AF
:1086500038B50D460446B0B1A0220021043003F025
:1086600062FC95B10822294604F1640003F061FC24
:10867000082205F1200104F1840003F05AFC044BA8
:108680002360002038BD0348FCE70348FAE700BF39
:10869000DD55AABB7108F0008308F0002DE9F7430F
:1086A00005460E4699461146FFF7C2FF04460028CC
:1086B00040F08480002E00F08580002900F0848046
:1086C000B9F1200F40F0828005F14404082205F141
:1086D0000408204603F02DFC05F12407082231464A
:1086E000404603F026FC06F120010822384603F03C
:1086F00020FC02A94FF4807041F8049D03F00DFCAA
:10870000002865D1334A4FF48073136001219360D0
:108710000823314A00F02EFB0121084605232F4A89
:1087200000F028FB0823424601211C2000F022FB18
:1087300008233A460121032000F01CFB22460823AF
:108740000121022000F016FB0823254A01211A20EE
:1087500000F010FB0523234A01211B2000F00AFB37
:108760000823214A0121142000F004FB08231F4A9A
:108770000121152000F0FEFA082305F16402012111
:10878000162000F0F7FA082305F1840201211720D2
:1087900000F0F0FA0823164A01210B2000F0EAFA53
:1087A00000F044FB0446019800F0D2FA114B002C73
:1087B00018BF1C46A421284603F0B7FB204603B08F
:1087C000BDE8F0830C4CF9E70C4CF7E70C4CF5E7EF
:1087D000084CEFE790B0025044C50000BCC5000053
:1087E00004C50000A8C5000068C5000088C50000D9
:1087F00024C500008408F0007608F0008008F0002E
:108800008108F0000C4BC2691A60826943F8042C9D
:10881000426943F8082C026943F80C2CC26843F8FB
:10882000102C826843F8142C426843F8182C026814
:1088300043F81C2C704700BF5CB602500C4B1B6801
:10884000C3610C4B1B6883610B4B1B6843610B4B73
:108850001B6803610A4B1B68C3600A4B1B6883607B
:10886000094B1B684360094B1B680360704700BFDE
:108870005CB6025058B6025054B6025050B6025080
:108880004CB6025048B6025044B6025040B60250B0
:1088900030B10268034B04489A4208BF0020704779
:1088A00002487047DD55AABB0202F0000002F0004A
:1088B00038B5044668B1051D7021284603F035FB24
:1088C00028462022044903F02CFB044B236000209F
:1088D00038BD0348FCE700BFD0C50000DD55AABB8A
:1088E0000002F0002DE9F043284B04460E461546E1
:1088F0000FCB85B06F4687E80F002DB94FF0000908
:10890000484605B0BDE8F0832046FFF7C1FF814629
:108910000028F5D1231D0193636AA3BB236F8BB19C
:10892000C3F14008A84528BFA84604F130003146ED
:108930001844424603F0F5FA236F43444644236744
:10894000A5EB0805226F402A06D104F13001384614
:1089500000F0AEFB0023236705F03F0835F03F052C
:1089600005D031462A46384600F0A2FB2E44B8F125
:10897000000FC3D04246314604F1300003F0D1FA73
:10898000C4F87080BCE7DFF80890B9E7F8C10000D0
:108990000C02F0002DE9FF41144B04460E460FCBAC
:1089A0006F4687E80F002046FFF772FF8046B0B998
:1089B000CEB1636A251D01953BB901236362226F25
:1089C00004F13001384600F073FB2B46043E24349A
:1089D00053F8042B12BAA34246F8042FF8D14046AC
:1089E00004B0BDE8F081DFF80880F8E7F8C10000C6
:1089F0000502F000084B1B681B0EF02B08D1074B3B
:108A00001A68074B9A4205D1064B00201860704740
:108A1000052070470620704728B9025024BA02503A
:108A20000000E0200CBA0250002230B54900134685
:108A3000023840F6FC7502F1A05404F52C44A40061
:108A4000904202F10102CABF236025605B181E2A12
:108A5000F1D1044A13600B445360034B034A1A607C
:108A600030BD00BF78B0025084B0025020F80F0033
:108A700030B51E4B85B01A46196800910099CC0795
:108A8000FAD500F1A05000F52C4080000168136871
:108A90000193019BD807FAD5154B164C1868164D53
:108AA0001F30202390FBF3F00138002810DA002358
:108AB0000130400153B1A0F120014FF000421342B8
:108AC00004D1013888424FEA5202F8D105B030BDD6
:108AD00013680393039BDB07FAD5431823602B68C5
:108AE0000293029B002BE3D10138DEE7B4B00250C1
:108AF000ACB00250E4B00250DCB00250F0B51D68DA
:108B000085B001F01F040DB91F2C25D1154D2E463F
:108B10002F680197019FFF07FAD500F1A05000F5DB
:108B20002C408000006835680395039DED07FAD559
:108B30000D4D00EB611028600C48006802901F2C5E
:108B400018BFC94302980FBF106001F01F0100FA5F
:108B500001F111600021196010684300C00F13601B
:108B600005B0F0BDB4B00250E4B00250DCB0025029
:108B70000C4B18603F3020F03F00890140305860B6
:108B80009960D9601961596199611C33064819606F
:108B900082B002680192019AD207FAD5196002B038
:108BA000704700BF90B00250B4B0025038B5A0F189
:108BB0002003B3F5426F05462CD88F2826D800F144
:108BC000470300F16604DB064FEA541400D0013479
:108BD00064013F34A409013411B1A1421AD30C46F7
:108BE000E3004FF48050B0FBF3F0202828BF202092
:108BF00002B11060084B01221A602146FFF714FFF2
:108C000028462146FFF7B4FF002038BD00F11F04BD
:108C10006409DDE70148F8E71CB802502221F000A2
:108C2000F0B5454B89B01D461C680194019CE407D2
:108C3000FAD5424BDFF80CE1DFF80CC113449B007E
:108C400000241A680B181E2B88BFC0F11E011F32AA
:108C50000B1852095343B3F5806F82BF4FF4806104
:108C6000B1FBF2F1091A00F1A05000F52C402746A3
:108C7000A14233DC2B680493049BDB07FAD5304B0D
:108C80001B68296805910599CF07FAD52D4C2E4907
:108C9000236000231E46934203F1010040D120F0DF
:108CA00001022948194600268A423CD829680691C3
:108CB0000699CE07FAD525490968286807900798CC
:108CC000C007FAD52160204800210C468B422DD1E7
:108CD0001D4900209A422CD809B0F0BD2B680293A0
:108CE000029BDB07FAD503199B001B682E680396CD
:108CF000039EF607FAD5CEF800300023934203F125
:108D0000010306D1164623F00103B34204D801340F
:108D1000AEE7CCF80070F1E7CCF800700136F4E76C
:108D20000E600346B7E706600131BDE7046001311C
:108D3000CCE708600133CDE7B4B0025024AC001496
:108D40007CB00250D4B00250D8B0025078B002507B
:108D500008B540B1202801464FF0070228BF202166
:108D60000020FFF75DFF024B00221A6008BD00BF24
:108D70001CB80250F0B5294D85B02C462E680096DF
:108D8000009EF607FAD500F1A05000F52C408000B7
:108D90000568206801900198C707FAD52048214F3F
:108DA000056002EB8306B24229D15A1C1D4E22F007
:108DB000010200279A4227D823680293029BDE070C
:108DC000FAD5194B0B449B001B681F335B099A4271
:108DD00013D2216803910399C907FAD515440021DC
:108DE0009B1A104A056008468B4210D85A1C0D4940
:108DF00022F0010200209A420CD805B0F0BD52F8D2
:108E000004CBC7F800C0CEE737600133D2E710606B
:108E10000131E9E708600133EDE700BFB4B002506B
:108E2000D4B00250D8B0025024AC00142DE9F04167
:108E3000814B1D6898682033A0B01E461A680192C5
:108E4000019AD707FAD57D4B7D4A1A6032680292A3
:108E5000029AD407FAD57B4A1A607B4A14461168F5
:108E600003910399C907FAD5784A1168C1F34021E3
:108E700037680497049FFF07FAD5754F1F6027686E
:108E80000597059FFF07FAD51768002900F0CF80E6
:108E9000B90540F1CC80316806910699CF07FAD523
:108EA0006C491960216807910799C907FAD51168BB
:108EB000C1F3402137680897089FFF07FAD5664F2E
:108EC0001F6027680997099FFF07FAD512680029D4
:108ED00000F0AF80910540F1AC8032680A920A9AA6
:108EE000D207FAD5564A1A6032680B920B9AD70706
:108EF000FAD55A4A1A6031680C910C99CC07FAD508
:108F00005749196031680D910D99C907FAD555492E
:108F1000196031680E910E99CF07FAD55249196040
:108F200031680F910F99CC07FAD550491960504B11
:108F30001E46196810911099C907FAD53F4C4D4B40
:108F4000236033681193119BDB07FAD54A4B2360EA
:108F500033681293129BDF07FAD5484B23603A4BD4
:108F60009846196813911399C907FAD5324F38609A
:108F700033681493149BDB07FAD52260336815938A
:108F8000159BD807FAD53E4B236033681693169B82
:108F9000D907FAD53B4B236033681793179BDA0741
:108FA000FAD5394B236033681893189BDB07FAD541
:108FB000364B236033681993199BD807FAD5344B85
:108FC000236033681A931A9BD907FAD5314B236073
:108FD00033681B931B9BDA07FAD52F4B236000F0F5
:108FE0001DFC08BBD8F800301C931C9BDB07F9D58F
:108FF0003D6033681D931D9BD907FAD5274B23602D
:1090000033681E931E9BDA07FAD5254B2360D8F8E8
:1090100000301F931F9BDB07F9D50C4B1B6813F423
:10902000805F204B08BF184620B0BDE8F0811E4885
:10903000FAE71E48F8E700BF90B0025080B0025037
:1090400000100251C01F7229B4B0025088B0025003
:10905000C0CF0129C01F0E29C03F0029400102498D
:10906000003184A800001649400108A18044088806
:10907000B0B00250C044708880077A41C0077E417A
:1090800000006A498006164940006E49000200212E
:1090900000822021408220218082242140A161A1E0
:1090A00000C861510308F1000108F1000208F10055
:1090B0002DE9F74F314B44688046924699461A682D
:1090C000002AFCD12E4B9B461A68002AFCD14FF097
:1090D000FF30019100F094FC802000F097FC294DB6
:1090E000294A2A4F2A4E012307202B60A2F59E729F
:1090F000C2F83C011360636A3B60A36A3360D8F82E
:10910000003042F8043CD8F80830204698470199CE
:10911000D9F80030002BFBD1BAF1000F20D11D4B44
:1091200004221A60D9F80030002BFBD1DBF800A034
:10913000BAF1000FFAD1D8F80C30204698473B68B6
:1091400063623368A362144BC3F800A0C3F844A160
:10915000D9F80030002BFBD12B6003B0BDE8F08FB5
:10916000236A012B04BF0C4A13600C4B402019608A
:10917000C3F804A000F050FCD4E700BF10B90250BF
:1091800020BC025018B8025000B90250CCB70250AF
:10919000D0B70250C8B7025084B6025028BC025063
:1091A00010B5544B98B019461A680192019AD2072B
:1091B000FAD5514B514A1A600A680292029AD407B2
:1091C000FAD54F4A1A600A680392039AD007FAD573
:1091D0004C4818600A680492049AD207FAD54A4AA1
:1091E0001A600A680592059AD407FAD5474A1A60A8
:1091F0000A680692069AD207FAD5454A1A600A68A2
:109200000792079AD407FAD5424A1A600A68089268
:10921000089AD207FAD5404A1A600A680992099A50
:10922000D407FAD53D4A1A600A680A920A9AD20708
:10923000FAD53B4A1A600A680B920B9AD407FAD502
:10924000384A1A600A680C920C9AD207FAD5364A44
:109250001A600A680D920D9AD407FAD5334A1A603B
:109260000A680E920E9AD207FAD5314A1A600A6835
:109270000F920F9AD407FAD52E4A1A600A681092F4
:10928000109AD207FAD52C4A1A601A4B19461C6854
:109290001194119CE407FAD5174B186008681290D6
:1092A0001298C407FAD51A600A681392139AD00765
:1092B000FAD5124A1A600A681492149AD207FAD59B
:1092C0001E4A1A600A681592159AD407FAD51C4AE4
:1092D0001A600A681692169AD007FAD5194A1A60C7
:1092E0000A681792179AD207FAD5174A1A6018B067
:1092F00010BD00BFB0B0025080B002500093652195
:1093000000043190409665900083612100C33021B4
:1093100000C36490008161900046102100811121FA
:109320000041442100C320290C4610C80086312189
:1093300000C3602140C12829409665210013319067
:1093400040962529594614C84004324910B5494B66
:1093500094B019461A680092009AD207FAD5464B83
:10936000464A1A600A680192019AD407FAD5444A1B
:109370001A600A680292029AD007FAD5414818602A
:109380000A680392039AD207FAD53F4A1A600A681C
:109390000492049AD407FAD53C4A1A600A680592E6
:1093A000059AD207FAD53A4A1A600A680692069ACE
:1093B000D407FAD5374A1A600A680792079AD20783
:1093C000FAD5354A1A600A680892089AD407FAD57D
:1093D000324A1A600A680992099AD207FAD5304AC5
:1093E0001A600A680A920A9AD407FAD52D4A1A60B6
:1093F0000A680B920B9AD207FAD52B4A1A600A68B0
:109400000C920C9AD407FAD5284A1A600A680D9271
:109410000D9AD207FAD5264A1A600A680E920E9A59
:10942000D407FAD5234A1A600A680F920F9AD20716
:10943000FAD5214A1A600F4B19461C681094109CEB
:10944000E407FAD50C4B1860086811901198C4070E
:10945000FAD51A600A681292129AD007FAD5174AFA
:109460001A600A681392139AD207FAD5144A1A603E
:1094700014B010BDB0B0025080B002508090652191
:109480000004099040966590808061218020082129
:10949000802064900081619000461021008111219C
:1094A0000041442180202029024610C8008609215D
:1094B0008020602140212829409665214096252959
:1094C000594614C810B5504B96B01C461A68019204
:1094D000019AD207FAD54D4B4D4A1A602268029282
:1094E000029AD207FAD54B4A1A604B4A42EA8040A8
:1094F00022680392039AD207FAD518602268049270
:10950000049AD007FAD5454A1A60A2F5800242EAC9
:10951000814122680592059AD207FAD5196022681E
:109520000692069AD007FAD53D4A1A602268079239
:10953000079AD107FAD53B4A1A6022680892089A1E
:10954000D207FAD5384A1A6022680992099AD007D8
:10955000FAD5364A1A6022680A920A9AD107FAD5D1
:10956000334A1A6022680B920B9AD207FAD5314A15
:109570001A6022680C920C9AD007FAD52E4A1A600B
:1095800022680D920D9AD107FAD52C4A1A602268EA
:109590000E920E9AD207FAD5294A1A6022680F92C3
:1095A0000F9AD007FAD5274A1A60216810911099AE
:1095B000C907FAD51A60144B1A4619681191119906
:1095C000C807FAD5114B20491960116812911299F8
:1095D000C907FAD51D491960116813911399CC0771
:1095E000FAD50B491960116814911499C807FAD576
:1095F00017491960116815911599C907FAD5154AC7
:109600001A6016B010BD00BFB0B0025080B002505A
:109610004004419000862929D81001C84014419087
:1096200040142129401465210034409000310C90F1
:10963000C0400C90C030202940960D9000416090B1
:10964000031645C80086112100416021594644C8CF
:109650004014459040142D9070B5264888B00546BA
:1096600004680094009CE607FAD52348234C046064
:10967000234C44EA83432C680194019CE407FAD507
:109680000360930143EA824242F0104444F4C04430
:109690002B680293029BDE07FAD504602B680393C4
:1096A000039BDB07FAD5174B03608B0143EA81412B
:1096B00041F0104343F4C0432E680496049EF6071D
:1096C000FAD503602B680593059BDE07FAD5046085
:1096D00041F058412B680693069BDC07FAD50160E0
:1096E00042F058422B680793079BDB07FAD50260CC
:1096F00008B070BDB0B0025080B00250C021022945
:109700008071009880611890354B8EB019461A68A8
:109710000092009AD207FAD5324B334A1A600A688F
:109720000192019AD007FAD5304A1A600A6802926B
:10973000029AD207FAD52E4A1A600A680392039A4F
:10974000D007FAD52B4A1A600A680492049AD20705
:10975000FAD5294A1A600A680592059AD007FAD5FF
:10976000264A1A600A680692069AD207FAD5244A4F
:109770001A600A680792079AD007FAD5214A1A6038
:109780000A680892089AD207FAD51F4A1A600A682E
:109790000992099AD007FAD51C4A1A600A680A92F7
:1097A0000A9AD207FAD51A4A1A6008680B900B98E1
:1097B000C007FAD51A600A680C920C9AD007FAD53D
:1097C000144A1A600A680D920D9AD207FAD5124A05
:1097D0001A600E210D230F2200200EB0FFF73CBFB0
:1097E000B0B0025080B0025080430129406339215B
:1097F000807001298020542100D13490C0403490E1
:10980000C0302029C0530D9000413890832308C8F0
:1098100080E3102100413821CF4308C82DE9F041F1
:10982000012392B0CDE90333624B1D461A680592BD
:10983000059AD207FAD5604C604B2360604B1946FD
:109840001A680692069AD707FAD55E4B1A68D604AC
:1098500000F1A8802A680792079AD007FAD55A4AD9
:1098600022600A680892089AD207FAD51E68C6F3E1
:109870000036002E40F098801220FFF7F9F80746D6
:109880001320FFF7F5F887428CBF12201320FFF753
:10989000EFF8471EFFF738FF03AB01AA3946122045
:1098A000FFF72CF904AB804602AA39461320FFF7D4
:1098B00025F900EB4800022832D003283ED00128C9
:1098C00074D12B680993099BDB07FAD53F4B2360C2
:1098D0002B680A930A9BD807FAD53D4B23602B6867
:1098E0000F930F9BD907FAD53A4B23602B6810933F
:1098F000109BDA07FAD5384B23602B681193119B24
:10990000DB07FAD5354B2360013F25D510231922FB
:1099100018210020FFF7A0FE304612B0BDE8F0810C
:109920002B680B930B9BD907FAD52D4B23602B6823
:109930000C930C9BDA07FAD52A4BCFE72B680D93D3
:109940000D9BDB07FAD5284B23602B680E930E9BEB
:10995000D807FAD5254BC1E703AB01AA3946122037
:10996000FFF7CCF804AB044602AA39461320FFF7F0
:10997000C5F810EB440402D1FFF712FCC4E7FFF76F
:10998000E5FC022C08D0032C09D0012C10D11721A2
:109990001620FFF797FDB7E715211420F9E70F21EF
:1099A0000E20F6E7124EB7E7124EB5E7124EB3E7B8
:1099B000124EB1E7B0B0025080B0025000084A51D8
:1099C000B4B0025088B0025000084E5100065A4907
:1099D00040065E49000442410014424940042E49B9
:1099E000000652494006564900063A4940063E499B
:1099F0000608F1000708F1000408F1000508F1006D
:109A0000014B1860704700BF08BA0250014B186044
:109A1000704700BF04BA0250034A13681842FCD0D2
:109A2000024A10601846704700BA025008BA025045
:109A30007047012303FA01F103691B68194203D03F
:109A400022B183681B6903E0002AFAD08368DB68CF
:109A5000184770B403460C46DA8800681979224327
:109A6000056986682B6801248C4012F0010F14BF31
:109A70002343A3432B60336870BC18470020704712
:109A800070472DE9F7430E4617469946044628B914
:109A90004FF0FF38404603B0BDE8F0830029F7D00F
:109AA000002AF5D0CB680D891D4404230DEB030279
:109AB0002946384600F059FE80460028E8D1BDF816
:109AC0000410738946F60812914225D1BDF806109C
:109AD0009942DDD104230DEB03022944384600F0FE
:109AE00044FE0028D4D1BDF8042046F607139A425C
:109AF000CED1C4E900679DF82830A4F80890A3727D
:109B00007389BDF806202B44E360738913442B440A
:109B1000043563612561BDE7002BE4D0B8E72DE98A
:109B2000F3410E4617461D46044620B94FF0FF305C
:109B300002B0BDE8F0810368002BF7D04368002B2A
:109B4000F4D04FF6FF78D4E904239A4216D2236862
:109B50005B8923B1E368934204BF04332361042388
:109B6000216960680DEB030200F0FFFD0028DDD1E4
:109B7000A37A2BB1D4E903329A4201D30120D7E76B
:109B80002389BDF80610434501F1040203D0BDF856
:109B900004C09C450BD115B1BDF804302B8023695E
:109BA000043333603980236913442361C0E7236998
:109BB00013442361C7E748B103683BB143682BB145
:109BC000C068884294BF0020012070474FF0FF30EA
:109BD000704773B50C4606461146022301AA20467B
:109BE00000F07EF80546E8B9019A1F2A0ED92368CD
:109BF000A2F1200119442022304601F003F8236825
:109C0000019A13442360284602B070BD0146C2F198
:109C10002002304601F001F8019A2168C2F12000CB
:109C20003044EAE76FF00205EDE700F0DBBF10B566
:109C3000044600F0AFFDA3684FF4C072303B02FB56
:109C4000103010BDFFF7F3BF70B50368CD1A002DBB
:109C500002DC6FF05F0070BD93F900601C78002E8D
:109C60000ADB5C1C04601B7813600368C91A136864
:109C70008B42EED80020EEE704F07F04013C032C79
:109C80002BD8DFE804F0020A1421012DE1D05B7823
:109C90001360036802330360E7E7022DD9DDB3F8F0
:109CA00001305BBA9BB2136003680333F3E7032D03
:109CB000CFDD9C785D78DB78240244EA05442343B9
:109CC000136003680433E6E7042DC2DDD3F80130E6
:109CD0001BBA136003680533DDE76FF06300BAE772
:109CE00070B404680E1B002E07DD26789E4208D152
:109CF0000134046070BCFFF7A7BF6FF05F0070BC59
:109D000070476FF06100FAE738B503230446FFF7A8
:109D1000E7FF18B9136813B96FF0670038BD013B4E
:109D2000136023681A78002AF6D101332360F5E71F
:109D30002DE9F34190461F4601AA302305460E4601
:109D4000FFF7CEFF0446F0B92B68F61A002E34DD7B
:109D500042461B7842F8043B019B2E681E44314664
:109D600006232846FFF7BCFF044660B92B68D8F8E5
:109D70000420C8F808309918B142296007D10C2195
:109D80003846F6F7F9FD204602B0BDE8F0819B5C4D
:109D90003A46314642F8043B2B6801332B60284693
:109DA000FFF752FF60B92B687A68BB601344B34277
:109DB0002B6018BF6FF06504E5E76FF05F04E2E722
:109DC0000446E0E7F8B5B1F1005F00AF0546144680
:109DD00010D2D31D23F007036E46ADEB030D68468A
:109DE00000F010FF694622462846FEF77BFDB54687
:109DF000BD46F8BDFEF776FDFAE7836800EBC101CA
:109E0000B3F5004F2CBF51F8220031F81200704713
:109E100000EBC1018068B0F5004F2CBF41F8223043
:109E200021F81230704708B50122FFF7E6FFD04055
:109E300008BD8368B3F5004F00EBC10108D34B6840
:109E40001AB143F001034B60704723F00103FAE7B6
:109E50004B881AB143F001034B80704723F0010394
:109E6000FAE753000122FFF7D3BF8368B3F5004F31
:109E700034BF04230823C91A081AC0087047B0F574
:109E8000004F34BF04230823481C0833A0EBD30041
:109E9000B0FA80F0C0F11F0070472DE9F04117467D
:109EA00003220E460446FFF7A8FF8642054607F147
:109EB00004080AD1E3680122BA4023EA0203E360FE
:109EC000002344F82830BDE8F081314602222046C4
:109ED000FFF793FF2B460646014644F828502046DC
:109EE0000322FFF795FF3346294620460222BDE8AC
:109EF000F041FFF78DBF70B50D4686680446FFF749
:109F000092FFB6F5004F014601D3012809D0304633
:109F1000FFF7B5FF294602462046BDE87040FFF72F
:109F2000BCBF70BD2DE9F04705468068FFF7A7FF6D
:109F300005EB800A8846DAF810900646B9F1000F62
:109F40001BD00327DAF8104028462146FFF76BFFA5
:109F5000404507D3324621462846FFF79EFF20465C
:109F6000BDE8F087032221462846FFF746FF013F60
:109F7000CAF8100001D08145E4D1EB6801364FF0FA
:109F8000FF34B4401C40EAD094FAA4F2B2FA82F250
:109F9000131D55F82340DEE72DE9F0411446054630
:109FA0000E46FFF740FFA4EB0608371B0744424666
:109FB00031462846FFF755FF3A4621462846FFF727
:109FC00050FF4346002221462846FFF721FF214645
:109FD0002846FFF728FF3B46211800222846BDE807
:109FE000F041FFF715BF2DE9F041164604460F4634
:109FF000FFF719FF314605462046FFF714FF0544D9
:10A000002A4639462046FFF72CFF31462046FFF707
:10A010000AFF2B46311800222046BDE8F041FFF729
:10A02000F7BE2DE9F0410D4686680446FFF7FBFEBA
:10A03000B6F5004F014601D3012832D03046FFF774
:10A040001EFF04EB80010E6996B9E368012282408D
:10A050001343E36002220D612B4629462046FFF799
:10A06000D7FE032229462046BDE8F041FFF7D0BEC7
:10A07000022231462046FFF7C0FE29460346074626
:10A080002046FFF7C5FE0322334629462046FFF748
:10A09000BFFE39462B462046FFF7BAFE0222314664
:10A0A000E1E7BDE8F081F8B50C460546FFF7BBFED9
:10A0B0002618012231462846FFF79FFEC3070CD41D
:10A0C00031462846FFF717FF21462846FFF7ABFE2B
:10A0D000214622182846FFF786FF002221462846FF
:10A0E000FFF78BFE271A012239462846FFF785FE27
:10A0F00010EA020613D139462846FFF7FCFE214636
:10A1000032462846FFF779FE2246211A2846FFF7F5
:10A110006AFF214632462846FFF76FFE241A214681
:10A120002846BDE8F840FFF77CBF38B571B1056837
:10A130002846FFF79AFE0022044601462846FFF70C
:10A1400078FE2146BDE83840FFF7ADBF38BD70B599
:10A15000066809B9002070BDB368B3EBD10FF9D917
:10A16000B3F5004F34BF04230823CC1D1C44E4087E
:10A1700021463046FFF7D6FE05460028EAD00146C4
:10A180003046FFF750FEA04209D92C4429463046FC
:10A190002246FFF701FF21463046FFF742FF3046D7
:10A1A00001222946FFF745FEB368B3F5004F34BFDF
:10A1B0000423082303EBC5031844CCE72DE9F84337
:10A1C00006681446B26801F1FF39B2F5004F34BF9A
:10A1D0000423082319EA01090F460BD049423940EC
:10A1E0008B424F4628BF0B46894654B90025284666
:10A1F000BDE8F8839942F8D82146BDE8F843FFF757
:10A20000A6BFB2EBD40FF1D9E11DB2F5004F39442E
:10A2100034BF04220822C91A1144C9083046FFF786
:10A2200081FE80460028E1D0B368B3F5004F34BF0B
:10A230000423082309EBC0051D4435447B1E1D443F
:10A24000B5FBF7F57D43A5EB090529463046FFF739
:10A250000CFE2C44073424F00704A41B8045074659
:10A260004FEAE40408D2024641463046FFF794FE26
:10A2700041463046FFF7D5FE39463046FFF7D3FD5D
:10A280003844844208D2394630462246FFF784FEDD
:10A2900021463046FFF7C5FE012239463046FFF71A
:10A2A000C8FDA4E7B2F5802FF8B52CBF082304231E
:10A2B000D21A8C18CE1D26F0070624F00704A41B22
:10A2C0003746E408002206602146B460204647F87D
:10A2D0000C2FFFF7D4FD85001B35ED08134698427F
:10A2E0002EDA2A4630460021FFF7BBFD00231A462E
:10A2F00019463046FFF78CFD671B19463046012290
:10A30000FFF797FD3A462946FFF7ABFD2B460022A3
:10A3100029463046FFF77CFD21463046FFF7A1FD78
:10A320003B46214630460022FFF772FD214630466B
:10A330000122FFF77EFD2946BDE8F840FFF771BE18
:10A3400047F8042F0133CAE7002070470FB407B560
:10A3500004A951F8040B0191F6F7D0FB03B05DF8A6
:10A3600004EB04B07047044608B5084611461A4687
:10A37000A047FDF7ABFCF8F701FD036800220BB91D
:10A38000184670478B4210D10B6842B9426803608F
:10A39000914200D1436000230B600120704713609D
:10A3A0004368994208BF4260F5E71A461B68E6E732
:10A3B000038B13F0070305D10368002B0CBF0020AB
:10A3C00003207047022B05D1408BB0FA80F0400982
:10A3D00080007047012B05D10368002B0CBF0020C3
:10A3E000052070470020704710B50C4600B111B928
:10A3F0006FF0150010BD081D00F0D3F80028F9D14A
:10A40000A368032BF6D9F3E72DE9F0410D46074683
:10A410001946281D90461E4600F0D7F8044638B16C
:10A420003346424629463846A446BDE8F0416047D7
:10A43000BDE8F08110B4EFF31182202484F3128878
:10A44000BFF36F8F41615DF8044B0121F6F78CBDBE
:10A4500038B50C46054658B151B10B6843B14B684D
:10A4600033B11C22002100F0D8FB2C61002038BD44
:10A470006FF01500FBE770B505460E46FFF7B4FF19
:10A48000041E14DBEFF31182202383F31288BFF341
:10A490006F8F6B8B2C8B4FF6FF718B4204F0070490
:10A4A00007D182F31188BFF36F8F6FF00A04204643
:10A4B00070BD022C0CD101336B8382F31188BFF382
:10A4C0006F8F0023224631462846FFF79DFFEEE7B7
:10A4D000062C14D8DFE804F004131313041A040044
:10A4E000002333606B683BB9C5E90066ACB9022153
:10A4F0002846F6F739FDDAE71E606E60F6E782F36C
:10A500001188BFF36F8F6FF00404D0E782F31188D6
:10A51000BFF36F8F6FF08504C9E782F31188BFF333
:10A520006F8FC4E710B5EFF31182202383F31288F5
:10A53000BFF36F8F048B04F00704022C0AD0012CA8
:10A540000CBF6FF004006FF0850082F31188BFF339
:10A550006F8F08E0438B013B9BB2438323B92146B5
:10A56000F6F702FD204610BD2046EEE738B5A8B14B
:10A57000A1B1EFF31185202282F31288BFF36F8F10
:10A58000048BFFF7FAFE30B104F0070085F3118861
:10A59000BFF36F8F38BD6FF07700F7E76FF01500EE
:10A5A000F8E7034640B1426802F00302022A06D0EF
:10A5B000032A04D0012A05D06FF0150070471A68ED
:10A5C000002AF9D000209860704710B54268816079
:10A5D00002F00302022A03464FF0000407D0032AC8
:10A5E00002D05C60002001E018685C6010BD186853
:10A5F0005C600028F6D0FDF7B9FDF3E7F0B5C6685A
:10A600004568C369AF1B04464069BB4298BFFF1A47
:10A61000A5EB0000944698BFF6181A1AD81B2368B9
:10A62000AD1B62452B4428BF62460B6063689042B5
:10A6300028BF104603446360F0BDD0E90123D21A5D
:10A640008A420CD31944C368C269C0E90111C91A0E
:10A650008A4201D9002070471344C360FAE76FF0C3
:10A66000150070472DE9F34180460E461546002738
:10A670002A4601A94046FFF7C1FF3146044602467B
:10A68000019800F0BFFA2D1B2744264401D0002C6E
:10A69000EED139464046FFF7D0FF384602B0BDE85C
:10A6A000F081F0B5044686690569C069A368AF1BEF
:10A6B000B842944698BF3618A3EB05022368A5EB71
:10A6C000060598BF3F1A2B446245A0EB070028BF40
:10A6D00062460B602369904228BF10460344236101
:10A6E000F0BDD0E90423D21A8A420CD31944D0E930
:10A6F0000632C0E90411C91A8A4201D90020704704
:10A7000013448361FAE76FF0150070472DE9F341B8
:10A7100080460D4616460027324601A94046FFF7FF
:10A72000C0FF04462DB102460199284600F06AFA9E
:10A730002544361B274401D0002CEDD13946404634
:10A74000FFF7CFFF384602B0BDE8F08170470FB485
:10A7500007B504A951F8040B0191F6F7CFF903B03E
:10A760005DF804EB04B070477047002930B404462C
:10A7700018460BDBA5680844A84207D8E06864685F
:10A78000214484682468A44630BC60476FF01500FB
:10A7900030BC704708B5C0688368DB6898470068BC
:10A7A00008BDC068704708B58368DB6898470068D3
:10A7B00008BD43680A689A4297BF4A6800239B18FD
:10A7C000012088BF18464B60704730B5044685B0FD
:10A7D000C06801AA00F07BFB054658B90199236ABD
:10A7E0008B4207D0E068029A83689B68984720B93B
:10A7F000019B2362284605B030BD0546FAE7F8B54F
:10A800008168044600292ED0D0E9043601391E445F
:10A810003144FFF7DAFF002826DBE068FFF7C3FFCB
:10A82000A568B5FBF0F300FB13555DB1451BE0686F
:10A830008368DB6898472768A36801792A46F81877
:10A8400000F0EBF9A368E06822682B4481684D684A
:10A850003146A84740B9E3695BB92369A26813444C
:10A8600023610023A3600020F8BD135CDB43135475
:10A870000130A36822689842F7D3E06881680D68C8
:10A880003146A8470028EFD1E369A1682068324625
:10A8900098470028E1D0E7E72DE9F04789461646BA
:10A8A0009846044698B38268036913448269334426
:10A8B000934230D80025D4E90170A6EB050A3F1A6F
:10A8C000BA4515D2B54209D223685246184409EB5D
:10A8D000050100F097F9A3685344A360B8F1000F95
:10A8E0001CD0A068A8B12046BDE8F047FFF787BF9D
:10A8F00023683A46184409EB050100F083F96368C0
:10A90000A3602046FFF77BFF18B93D44D3E76FF003
:10A910000D00BDE8F0876FF00B00FAE74046F8E75E
:10A9200010F0700F08D100F07F0310F0800F18BFF7
:10A930001033012098407047002070472DE9F843FC
:10A9400006460F469046994604254B4642463946F0
:10A950003046F9F72FFA10F10B0F044603D1FDF73B
:10A96000F7F8013DF1D12046BDE8F883006840B119
:10A9700050F8043C5B688B42A0F1040001D04068B1
:10A98000F5E77047006850B150F8043C5B685B68BD
:10A990009B788B42A0F1040001D04068F3E7704738
:10A9A00030B5006888B150F8043C5B681A6A1D7FB6
:10A9B00004380023043ADCB2A54201D84068F1E72C
:10A9C000013312F833408C42F5D130BD08B5F7F7AA
:10A9D00001FA28B1406810F1100F14BF00200120C7
:10A9E00008BD4B1CDBB28170817680F82530C376C0
:10A9F00000F8061C704750E90231D0F89C00184757
:10AA00000369002283F84A207047036993F84A00DB
:10AA100008B193F8480070470369002283F84B207F
:10AA20007047036993F849007047036993F8482019
:10AA300012B193F84A202AB993F8490018B193F853
:10AA40004B00704701207047012070470369C3E93C
:10AA50000012704770B504690546D4F88C00FFF702
:10AA600055FED4F88C309A681969914204BF0022CF
:10AA700084F8492094F8A02006469AB15A6859698A
:10AA8000DB69521A9B1A3F2B0CD994F89E3033B1D4
:10AA90006B681B6A2246187B0021F7F763FC0023D2
:10AAA00084F8A030304670BD08B50122FFF7D2FF10
:10AAB000013818BF4FF0FF3008BD7047F8B500F5FA
:10AAC0000177054638461E46FFF7E6FE04469EB16E
:10AAD000D5F80032986800F0AEF8D5F80032596821
:10AAE00001443846FFF771FE044628B9D5F8000244
:10AAF000FFF73AFEC5F800422046F8BD30B50546DE
:10AB000085B0084605F50071F6F742FB044698B992
:10AB1000D5F80002FFF745FED5F8003202949A6896
:10AB200001925B68009301464FF400732A4605F5D5
:10AB30000170F6F755FB0446204605B030BD0221F2
:10AB4000FFF7DCBFFEE7012801D1EFF30583FCF737
:10AB50004FB901460068FFF7F6BF08B5F7F738FFB1
:10AB6000BDE80840F7F738BF00210120FFF7EBBF31
:10AB700061B662B680F31188BFF36F8F704772B60B
:10AB8000002383F31188BFF36F8FBFF34F8F30BF64
:10AB900062B6BFF36F8F704772B6002383F31188DC
:10ABA000BFF36F8FBFF34F8F20BF80F31188BFF3C8
:10ABB0006F8F62B67047202809D9B0F1004F08D8CE
:10ABC0000138B0FA80F0C0F11F0040007047082043
:10ABD00070473E207047034600201A5C02B9704758
:10ABE0000130FAE710B55AB10139841810F8012B79
:10ABF00011F8013FA04201D09A42F7D0D01A10BDFF
:10AC00001046FCE710B5431E0A44914200D110BD26
:10AC100011F8014B03F8014FF7E7C9B202440346AC
:10AC2000934200D1704703F8011BF9E74FF0FF3062
:10AC30007047002070472038704710B50369C0E99D
:10AC400005330023C360837F044613B1407AF9F7CC
:10AC500057FF0123237700236377E377A37710BDA2
:10AC6000FCF746BAFCF7BCBA0378027903F00F018F
:10AC70001AB959B14FF0FF3070470829FAD8012AA4
:10AC800004D183F0080040F3C000704743F3C000D4
:10AC9000704738B50446F8F707FC054660B1037AFB
:10ACA0006BB120460024F9F7AFFF2846AC77FFF7D9
:10ACB000C4FF2C72204638BD6FF01500FBE76FF023
:10ACC0007700F8E770B504460E461546F9F7EEF83A
:10ACD00030B906B925B12046BDE87040F9F72EB964
:10ACE00070BDC343C3F3C01300F00F0000EB0310AB
:10ACF000704708B5F9F7A4F9818208BD08B5F9F7DE
:10AD00009FF9EFF31183202282F31288BFF36F8F34
:10AD100002690A60027B2AB9807D83F31188BFF340
:10AD20006F8F08BD0420F8E70369C9B20C2201FB4C
:10AD30000233186C00F00700704770B5C9B20369A0
:10AD4000EFF31185202484F31288BFF36F8F0C2654
:10AD500006FB0134246C14F0C00408D0A24206D0D3
:10AD600085F31188BFF36F8F4FF0FF3070BD7143D3
:10AD70000B4401221A6485F31188BFF36F8F436877
:10AD80000B445B6898470020F0E78022FFF7D5BFAF
:10AD9000F8B5069F0469C9B2EFF31186202585F343
:10ADA0001288BFF36F8F0C2569430C44256C05F0A6
:10ADB000070CBCF1010F0BD1276486F31188BFF398
:10ADC0006F8FC4E90E2343685B5898470020F8BD95
:10ADD00005F0C005AF4286F31188BFF36F8F0CBF3B
:10ADE0006FF077004FF0FF30F1E713B58024009447
:10ADF000FFF7CEFF02B010BD10B40069CBB21C2427
:10AE000003FB040000215DF8044B10470020FBF712
:10AE100063BA002000F0DEBA1046FCF74FBA38B52E
:10AE200005460C4600F058FB002D07DBA84205D96B
:10AE3000401B84428CBF0020012038BD0020FCE76D
:10AE400070B50D462846194616461C46FFF7E7FF23
:10AE500038B124B1224629463046FFF7D3FE002000
:10AE600070BD6FF01500FBE72DE9F3411C469046DD
:10AE7000002382682360A36013690D4601AA694616
:10AE80009847019B5A1E019223B96FF0150002B03A
:10AE9000BDE8F0810098A26847682168676085B9BD
:10AEA000A8EB02030668B34228BF33461A4403FBEB
:10AEB00007112160A26002689A4206D8083000900B
:10AEC000DFE76B1AB3FBF7F3ECE70020DFE713468D
:10AED0000022FFF7C9BF2DE9F047836886B01B69E0
:10AEE0008846914601A902AA98470024A246254611
:10AEF000029BAB4202D806B0BDE8F087019F07EB8A
:10AF0000C50700267B6804933A68B2420AEB060341
:10AF100002D801359A46EBE703940593494603A806
:10AF2000C0470028E7D0049B01361C44ECE7436887
:10AF30005B68D3F810350B600020704743685B688E
:10AF400002EA010021EA0201C3F80805C3F80C1562
:10AF50000020704743685B680020C3F808157047FD
:10AF600043685B680020C3F80C15704743685A6853
:10AF7000D2F8043521EA03000B40C2F80805C2F8F4
:10AF80000C350020704710B503695868F8B1884245
:10AF900019D19C6808685860A14200D198600020CF
:10AFA00008602AB15A680A609A68596002B99960C3
:10AFB000002010E0814206D1086820609868814234
:10AFC000EDD19C60EBE7044600680028F2D1002A2E
:10AFD000E8D16FF0150010BD13B54FF0805208296D
:10AFE000136E526E28BF082112BA00921BBA0C468B
:10AFF0000A4669460193FFF705FE204602B010BDE0
:10B0000030B543681360057A446804EBC504A34275
:10B0100002D36FF0010030BD5C798C4201D008335F
:10B02000F0E70020F7E743681B68D3F88004C3F813
:10B030008004704710B544682368C3F84415C3F80A
:10B0400048250022C3F82021D3F82011C3F8582145
:10B05000D3F858216268D20608D5426812680821E0
:10B06000C2F800154FF48002C3F8042301229A604D
:10B0700010BD436802691B68D3F8100150B1926992
:10B08000002012780A70C3F81001D3F810210122B1
:10B090001A6070474FF0FF307047002A10B5044621
:10B0A00010DD43681B68D3F8100150B122690020FD
:10B0B000C3F810019269D3F8100112780A700120C8
:10B0C000186010BD0020FCE7436801691A68EFF3BF
:10B0D0001183202080F31288BFF36F8FC96800208E
:10B0E00088734FF48001C2F8041383F31188BFF30F
:10B0F0006F8F70470369DB6801229A737047036999
:10B10000DB689A7B02F0FF0162B942681268D2F8EC
:10B11000580140B1D2F8040310F4800003D0196143
:10B12000012070470020704743681B68D3F8100166
:10B13000003818BF0120704743681B681022C3F80D
:10B140000423704743681B681022C3F80823704724
:10B1500043681B684FF40072C3F8042370474368C8
:10B160001B684FF40072C3F80823704738B5436872
:10B170001D68D5F804335B02044605D4D5F80403F2
:10B1800010F0100006D138BDFFF7B9FF0028F5D048
:10B190000120F8E72046FFF7C7FF003818BF01205D
:10B1A000F1E7012070470369D8680160DB685A60E5
:10B1B000704702680346D2F8580140B95B689B07A4
:10B1C00006D4D2F82001003818BF012070470120B2
:10B1D0007047F8B50669F3689C89BFF35B8F9442AA
:10B1E000A8BF144605461033012253E8000F00287B
:10B1F00003D143E80027002FF7D1BFF35B8F0CBFCB
:10B20000134600231ED1F36822469868FFF7FAFC24
:10B21000EFF31187202383F31288BFF36F8F6868E1
:10B22000FFF7C7FFF36838B91861044687F3118840
:10B23000BFF36F8F2046F8BD996822462846FFF776
:10B24000F9FEF3E71C46F5E710B442681368D3F83B
:10B250000413C90517D5D3F82011A1B1EFF311815B
:10B26000202484F31288BFF36F8FD3F8204134B1C8
:10B270000024C3F82041D3F820410124DC6081F38D
:10B280001188BFF36F8F5268D20619D5EFF3118181
:10B29000202282F31288BFF36F8FD3F8582112B1A6
:10B2A0000022C3F800250269D2680AB112691AB9EE
:10B2B0004FF48002C3F8082381F31188BFF36F8F26
:10B2C0000269D4686CB1D3F8581169B100212161C9
:10B2D000D468A47B44B14FF48000C3F80803D3685A
:10B2E00099735DF8044B7047D3F8241121B1002104
:10B2F000C3F82411D3F82431D2681368002BF0D09E
:10B3000051685DF8044B184700F150039B009BB255
:10B3100003F1804303F5883300221A601B687047ED
:10B3200073B5054601A80C461646FAF7ABFD70BB8F
:10B330004FF080531969B5FBF1F201FB125242BB89
:10B340001969B4FBF1F201FB124212BB1A695B6985
:10B350005343A3421DD3E4B1019B1B0103F1804180
:10B3600001F5F031C1F80058C1F80448C1F8086887
:10B37000D1F8002895420FD1D1F8042894420BD17E
:10B38000D1F80838DBB2B34218BF6FF00D0002B03D
:10B3900070BD6FF01500FAE76FF00D00F7E70222BD
:10B3A000FFF7BEBFFCF756BF08B5F7F725FAF7F76A
:10B3B000F9FABDE80840FCF74DBF004700F0C2B8FD
:10B3C000C00000F1804000F5F830C0F81015C0F85A
:10B3D00014257047FAF7F6BEF7B5019001A8DDE92C
:10B3E000084716461D46FAF7FFFF019BB6F1000C11
:10B3F00018BF4FF0010C00EB83000B1E18BF012398
:10B40000002D43EA4C0314BF4FF00C0C4FF0000C1E
:10B41000002C43EA0C0314BF4FF4E06C4FF0000C17
:10B42000002F43EA0C03D0F8002714BF4FF4403C30
:10B430004FF0000C43EA0C0322EA030301B1097840
:10B440000EB13678760019430DB12D78AD00314339
:10B450000CB12478240229430FB13F783F040C43F8
:10B460003C43C0F8004703B0F0BD1FB50DF10F031A
:10B47000019300238DF80F1000931A461946FFF729
:10B48000ABFF05B05DF804FB38B5054608460C4631
:10B49000FAF7FCFFB0B10846FAF7ECFF90B908469E
:10B4A000FAF7DCFF2A6801238340C2F808332A68D0
:10B4B00003B202EB8303D3F8102522F00302C3F892
:10B4C000102538BD20460021BDE83840FFF7CDBF2C
:10B4D000FBF762B8FFF7D8BF4FF080531A6958697D
:10B4E000504370474FF08053186970474FF08053B6
:10B4F0005869704700F180431A68002A1FBF002274
:10B500001A601B68012008BF002070474FF080437D
:10B510004FF46072C3F8042370474FF080434FF438
:10B520006072C3F80823704708B5FBF7D7FBBDE886
:10B530000840FAF725BFFBF727BC08B5FFF7FBFF6C
:10B54000002008BD08B1F7F7A5BF7047704740B1AC
:10B55000C368587810F001001EBF1878B0FA80F068
:10B5600040097047EFF31183202383F31288BFF360
:10B570006F8FFEE708B5FFF7F5FF10B5D0E900348F
:10B5800033B90020E268537843F00103537010BDD3
:10B59000204698470028F4D00028B8BF4042E3680E
:10B5A000FF28A8BFFF201870ECE7FFF736BBFFF7B6
:10B5B00029BB82684369134313F003030CD1C360B2
:10B5C0000169994201D800207047C1681160416942
:10B5D000C26001330A44F3E76FF01500704710B5FD
:10B5E000C0E904320023816083610446FFF7E1FF74
:10B5F0000028A8BFC4E9004410BDF8B504460D46B4
:10B60000EFF31186202383F31288BFF36F8FC7688F
:10B610006FB900F0D0F950B1C767456100F07DF90E
:10B62000314604F10800BDE8F840FCF711BAE368C0
:10B630002B60A369E560013BA36186F31188BFF32A
:10B640006F8FF8BD08B52024EFF3118384F31288BF
:10B65000BFF36F8FFFF793FAF6E790F90E308B4246
:10B6600001D0FCF7B1B90020704703460020C3E9C0
:10B670000200C3E9003370472DE9F84399460446B8
:10B680009DF820300D46904600F10806EFF3118733
:10B69000202282F31288BFF36F8F03B145683046D2
:10B6A00000F089F958B10023C367C0F8148000F096
:10B6B00034F930463946FCF7CBF900200CE0B9F1FB
:10B6C000000F1BD00821FCF779FD38B987F31188EA
:10B6D000BFF36F8F6FF00B00BDE8F8830122C0F855
:10B6E00004800260016801F003015DB922680A4329
:10B6F0000260626820606AB960600BE0C8F8009080
:10B700004046EFE72A68032A10D80160616839B91A
:10B71000C4E90000042104F1100000F05CFBC8E75C
:10B720000A6802F0030202430A60E5E722F003021E
:10B730000A4302602A6802F0030240EA02032B6017
:10B74000E8E710B5044630B10268930703D04468B7
:10B7500009B100F062FB204610BD07B5012300933C
:10B7600000230A461946FFF787FF03B05DF804FB84
:10B770005AB18A4209D300F11003C0E90212C0E9AC
:10B780000000C0E90433002070476FF015007047D7
:10B79000026801238B4022EA0303036022FA01F0CE
:10B7A00000F00100704710B5032104460C30FFF78C
:10B7B000EFFF30B104F1100000F083F9B0FA80F02F
:10B7C000400910BD20B100221146D03000F057B919
:10B7D000704773B50446EFF31185202383F3128875
:10B7E000BFF36F8F0023A0F11006032104380193EB
:10B7F000FFF7CEFF28B1A369019301A93046FBF7FB
:10B8000043FE85F31188BFF36F8F02B070BD38B56A
:10B8100004460D4610220021FFF7FFF9656038BD90
:10B8200013B501900846EFF31184202383F31288A7
:10B83000BFF36F8F01A9FBF727FE84F31188BFF3D5
:10B840006F8F02B010BD10B5FFF7EAFF041E08DDD0
:10B85000EFF31180202383F31288BFF36F8FFCF77F
:10B8600027F9204610BD38B5302204460D46002188
:10B87000FFF7D3F94FF480736560E36038BDEFF3F1
:10B880000580003818BF012070476FF057007047DF
:10B89000FCF7F0B8D0E9003213605A600023C0E929
:10B8A0000033704708B5FFF7F5FF437B23F0020331
:10B8B00043730023836008BD38B504460D46FBF78B
:10B8C0005BFF637B43F002036373E5B1A5602B6804
:10B8D0009D4209D16B68C4E900531C606C6012E0A2
:10B8E0006A689A42F6D01B68002BF3D094F90E20B8
:10B8F00093F90E108A42F3D09142F1DD5A68C4E9FF
:10B90000003214605C6038BD90F90E3091F90E0081
:10B91000834214BFC01A0020704710B5EFF31184A2
:10B92000202383F31288BFF36F8FFBF73DFF84F36F
:10B930001188BFF36F8F10BD10B50446183000F0AA
:10B94000C0F8EFF31181202383F31288BFF36F8FC8
:10B95000627B12F0100204D081F31188BFF36F8F65
:10B9600010BD2046BDE81040FBF752BF38B5044675
:10B97000EFF31185202383F31288BFF36F8F437B8E
:10B9800013F0280F0BD183680BB1FFF78BFF637B9C
:10B9900051B903F0FB0363732046FBF705FF85F302
:10B9A0001188BFF36F8F38BD03F0EB03F3E701217C
:10B9B0001838FFF7DBBF38B5EFF31185202383F389
:10B9C0001288BFF36F8F0468A0420DD034B12046B7
:10B9D000FFF768FF04F1180000F073F885F3118891
:10B9E000BFF36F8F204638BD0024F7E710B501463E
:10B9F000EFF31184202383F31288BFF36F8F8368E2
:10BA00000BB1FFF74FFF84F31188BFF36F8FBDE8D1
:10BA1000104001F1180000F054B838B50546002078
:10BA20002C68A54200D004B938BD2046FFF7DEFFE0
:10BA30002046FFF772FF0120F2E7EFF31181202289
:10BA400082F31288BFF36F8F027BD2070CD581F38C
:10BA50001188BFF36F8F002383F31188BFF36F8FBB
:10BA60000423184602DF7047437B1B0704D581F38C
:10BA70001188BFF36F8F70470122FBF7C9BE38B53D
:10BA8000EFF31185202383F31288BFF36F8F0468CF
:10BA9000A04212D09CB1E16762612046FFF702FF2D
:10BAA00004F1180000F00DF82046FBF77DFE0120A0
:10BAB00085F31188BFF36F8F38BD0020F8E720466B
:10BAC000F6E710B5EFF31184202282F31288BFF35A
:10BAD0006F8F03683BB1FCF7BBF9002084F311883A
:10BAE000BFF36F8F10BD6FF01500F7E708B5FCF7D7
:10BAF000CDFA08BDB3F1FF3F08BFB2F1FF3F70B50B
:10BB000004461D46164613D01A4315D06FF00102A5
:10BB1000921B4FF0FF3363EB0501002904DAFCF7B9
:10BB2000B5FA821941EB0501C4E90021204670BD38
:10BB30004FF0FF321146F7E70022FBE7B3F1FF3F7A
:10BB400008BFB2F1FF3FF8B5074616461C4610D0B5
:10BB500054EA020311D0FCF799FAB0420A46A14117
:10BB600003460AD2F31A64EB0204C7E900343846EC
:10BB7000F8BD4FF0FF331C46F7E70023FBE7142323
:10BB8000F0B503FB010000244FF48B76202701B9A8
:10BB9000F0BD10F8073C40F80C4C03F03F03082BB5
:10BBA000A0F1140C0CD826FA03F3DB0708D550F8E3
:10BBB000143C2BB150F8105C2B605D6040E90544EB
:10BBC00082F31188BFF36F8FEFF3118287F312882E
:10BBD000BFF36F8F01396046D9E7F8B50D46D0E95C
:10BBE00000138842044605D16368C5E900431D601F
:10BBF00065601DE0002BF7D0986800B16038A2F1B5
:10BC000060073946FFF780FE0028EDDC2668B44265
:10BC1000EAD0002EE8D0B16801B160393846FFF7AC
:10BC200073FE002805DD7368C5E900631D6075605B
:10BC3000F8BD63689E42D7D03668EAE72DE9F74F32
:10BC400000258B461446019382462E464FF020086D
:10BC50002F465D4503DB304603B0BDE8F08FEFF3C0
:10BC6000118988F31288BFF36F8F9AF80D3003F0B3
:10BC70003F03013B072B0FD8DFE803F01F040E0A38
:10BC80000E0E0E26DAF810309B682BB1022321E04D
:10BC9000DAF810301B688BBB019B3BBB23782BB3BE
:10BCA0009AF80D3003F03F03013B072B2FD8DFE854
:10BCB00003F032272E272E2E2E37DAF810309B680D
:10BCC000002BE9D0012305E0DAF810301B6A002BC5
:10BCD000E2D01023DAF80C20CAF80870C2F38631DB
:10BCE0000B4363F39432CAF80C20277089F3118850
:10BCF000BFF36F8F01350AF1140AAAE70423E9E7BD
:10BD0000DAF81000224651461030FFF766FFCAF8F5
:10BD100008400136EAE7DAF8100022465146F4E717
:10BD2000DAF81000224651462430EEE72DE9F041C2
:10BD3000846805460E46ECB16378012B25D114F8D2
:10BD4000533C9A0714D5A4F160073846FFF74EFE1E
:10BD5000082E0CBF6FF003030023E36114F8533C7B
:10BD6000DB0605D154F8483C13B93846FFF7D5FD3A
:10BD700000232370EB68C3F386321643002066F37A
:10BD80009433A860EB60BDE8F081022BF0D12378FA
:10BD9000002BEDD054F8048CB8F1000FE8D004F17A
:10BDA0001400FFF78EFEA4F114070023E362394666
:10BDB0004046FFF735FDDBE710B55205090201F4F7
:10BDC0007C5102F400120A43017B00240A43C0E9BB
:10BDD0000323846010BD10B50346EFF311842022C5
:10BDE00082F31288BFF36F8F0068834208D0D0E9D6
:10BDF000003213605A600023C0E90033FFF796FF5A
:10BE000084F31188BFF36F8F10BD0023C0E90000D9
:10BE10008360704700238360704720B1011F50F892
:10BE2000040C00F04BB8704710B400F10C04C0E9EA
:10BE300003445DF8044BFEF735BA2DE9F04F89B0A5
:10BE4000DDE9126705463B46914606A83246059154
:10BE5000FFF750FEDDE9063405F1140ACDE902349E
:10BE6000EFF311844FF0200888F31288BFF36F8F2F
:10BE700005F10C0B05994A462846FEF79FF930B1AB
:10BE800084F31188BFF36F8F09B0BDE8F08F3E4394
:10BE9000F6D0DDE9022306A8FFF750FEDDE90667CC
:10BEA0005A46CDE9006721465046FBF761FDEFF3A6
:10BEB000118488F31288BFF36F8FDBE738B504462F
:10BEC000EFF31185202383F31288BFF36F8FFEF702
:10BED0002CF904F10C00FFF7A0FD30B1294604F164
:10BEE0001400BDE83840FBF7B3BD85F31188BFF3FC
:10BEF0006F8F38BD2DE9F041069F044615461E465A
:10BF0000FCF7A6FB38B93B46324629462046BDE839
:10BF1000F041FCF7C3BBBDE8F0810A460021FCF705
:10BF200045BEFEF76FBEFEF778BE0A460021FEF75B
:10BF300074BE01EB820204388A4201D100207047AE
:10BF400052F8043D1BBA40F8043FF5E7E841FF7F93
:10BF5000010000005134000000000000A14D00006D
:10BF6000E4BF00003BB5000000000000717000005D
:10BF700000000000FD810000000000004D530000A3
:10BF80000CC000004D530000F8BF0000A5B3000036
:10BF9000000000003157000034C00000D122000032
:10BFA00020C000002550000000000000815C00005F
:10BFB00000000000A127000000000000A9B300005D
:10BFC0000000000021820000000000008D500000F1
:10BFD00048C00000353500000000000019250000B1
:10BFE0000000000053C9000048C3000060C3000007
:10BFF000AA040020801E002088C9000098C3000009
:10C00000C8C30000AE040020F41E002096C9000042
:10C01000B0C30000C8C30000B0040020001F00200F
:10C020002DC800009C06002038C20000A804002093
:10C0300000000020ACC90000ECC3000020C40000D8
:10C04000B20400207C0300206EC900000000000044
:10C050007CC30000AC0400200000000029B50000F3
:10C06000BBB300000000000069AB000034C000005A
:10C0700049B200000000000069AB000000000000B1
:10C0800069AB00000000000069AB00000D6A000011
:10C09000BBB300000000000069AB0000000000001E
:10C0A00069AB00000000000069AB00000000000068
:10C0B00069AB00000000000069AB00000000000058
:10C0C00069AB00000000000069AB00000000000048
:10C0D00069AB00000000000069AB00000000000038
:10C0E00069AB000000000000115D000000000000CE
:10C0F00069AB00000000000069AB00000000000018
:10C1000069AB00000000000069AB00000000000007
:10C1100069AB00000000000069AB000000000000F7
:10C1200069AB00000000000069AB000000000000E7
:10C1300069AB00000000000069AB000000000000D7
:10C1400069AB00000000000069AB000000000000C7
:10C1500069AB00000000000069AB000000000000B7
:10C1600069AB00000000000069AB000000000000A7
:10C1700069AB00000000000069AB00000000000097
:10C1800069AB00000000000069AB00000000000087
:10C1900069AB000059440000BBB300000000000080
:10C1A00069AB00000000000069AB00000000000067
:10C1B00069AB00000000000069AB00000000000057
:10C1C00069AB00000000000069AB00000000000047
:10C1D00069AB00000000000069AB000039C7000037
:10C1E00003000000FFFFFFFFFFFFFFFFFFFFFFFF58
:10C1F00051CA000000010000020000000000000021
:10C20000058800003D88000000C201000000080011
:10C210000338FDD8704700000CC00000100011006A
:10C220000CC000000D00010001000000AFC70000BD
:10C2300034C200005B000000A9AA0000192300001E
:10C2400000000000F921000055AA0000852100002F
:10C2500001AA00000BAA00006521000019AA000035
:10C260000000000023AA0000000000000000000001
:10C270002BAA000049AA00004DAA000006000000F9
:10C2800000000000000000000000010048C00000A5
:10C2900001000000000001000002000048C0000092
:10C2A000020000000000010000E00E0048C0000095
:10C2B000030000000002010000DE0E0048C0000084
:10C2C000040000000002010000DE0E0048C0000073
:10C2D0000500000000E00F000020000048C0000042
:10C2E0000000000045AB0000700300206803002040
:10C2F0006003002000000000580300201129000006
:10C300000528000059280000B9280000000000207E
:10C310000000000000000B060200000020C3000027
:10C320000000000029C900002600020200000020D1
:10C3300031C9000022000B11AD360000294D00006C
:10C34000F94C000000000000814E00006D4D00001F
:10C3500062C900000DAE000013AE000068C9000005
:10C36000F94D00008BAD0000EBAD000000000000B7
:10C3700029AD0000000000000000000041AE0000F8
:10C38000C151000039510000855000007550000077
:10C3900004000000FF000000FFFF00000003005049
:10C3A00000000000010000000060004000000000EC
:10C3B000BCF801FF00000050000000000000000079
:10C3C0000060004000000000E15300002FAF0000BB
:10C3D0003DAF000055AF000061AF00006DAF000041
:10C3E0004D52000087AF0000000000000020004018
:10C3F0000200000000000000FCC30000002000401C
:10C4000008C400000100000010C400000400000087
:10C4100006000000050004000806020007060600EA
:10C4200073B000008959000027B00000D3B10000AC
:10C430009BB00000C9B00000F5B00000FFB00000E4
:10C4400039B1000045B10000FFB0000029B1000083
:10C4500051B100005FB100006DB10000A3B1000058
:10C46000A7B1000054BF000054BF0000ACBF0000E3
:10C47000B4BF0000DCBF0000E4BF0000FF8FFFFF7F
:10C48000FF8FFFFFFE8FFFFFFE8FFFFFFD8FFFFF80
:10C49000FC8FFFFFFC8FFFFF6D757465785F667220
:10C4A00065652063616C6C65642077697468204EF3
:10C4B000554C4C20706172616D65746572000000AE
:10C4C00043616E277420696E697469616C697A656D
:10C4D000206D757465782C20776173204E554C4C17
:10C4E0000D0A0000436F756C64206E6F74206C6FD2
:10C4F000636B20706F7765722073617665206D7550
:10C5000074657800FFFFFFFFFFFFFFFFFFFFFFFFE6
:10C51000000000000000000000000000010000001A
:10C52000FFFFFFFFFCFFFFFFFFFFFFFFFFFFFFFF1E
:10C5300000000000000000000000000001000000FA
:10C54000FFFFFFFF512563FCC2CAB9F3849E17A702
:10C55000ADFAE6BCFFFFFFFFFFFFFFFF000000009A
:10C56000FFFFFFFF0000000096C298D84539A1F4F4
:10C57000A033EB2D817D0377F240A463E5E6BCF8A0
:10C5800047422CE1F2D1176BF551BF376840B6CB6B
:10C59000CE5E316B5733CE2B169E0F7C4AEBE78E67
:10C5A0009B7F1AFEE242E34FFFFFFFFF7F00000088
:10C5B000800000000000000000000000FFFFFFFFFF
:10C5C0007F0000008000000000000000000000006C
:10C5D00067E6096A85AE67BB72F36E3C3AF54FA514
:10C5E0007F520E518C68059BABD9831F19CDE05B40
:10C5F0000100020010001100200021002200230091
:10C6000024003000310032003300FFFF25633A2060
:10C610005374617274696E6720626F6F746C6F61BE
:10C620006465720A0025633A2043616E6E6F742060
:10C63000656E61626C65205553420A0025633A209D
:10C6400057616974696E6720666F72205553422086
:10C650004446550A0025633A205553422044465526
:10C6600020776169742074696D6520656C617073F1
:10C6700065640A0025633A20556E61626C6520741A
:10C680006F2066696E6420626F6F7461626C6520F2
:10C69000696D6167650A0025633A20426F6F746CAB
:10C6A0006F6164657220636861696E6C6F6164209C
:10C6B00061646472657373206F66667365743A2093
:10C6C000307825780A0025633A204A756D70696EC6
:10C6D0006720746F207468652066697273742069BE
:10C6E0006D61676520736C6F740A0025633A205092
:10C6F000726F74656374206D6375626F6F7420660A
:10C700006C617368206661696C65642C2063616E7E
:10C7100063656C20737461727475702E0A002563F2
:10C720003A204E657665722073686F756C64206779
:10C73000657420686572650A006D6375626F6F7459
:10C740000025633A204469646E27742066696E642C
:10C75000204C454420646576696365207265666592
:10C760007272656420627920746865204C4544309B
:10C770005F4E4F44450A0A0025633A20696E766190
:10C780006C696420666C6173682049442025643BB1
:10C790002065787065637465642025640A002A86C4
:10C7A00048CE3D030107002A8648CE3D02010030F5
:10C7B00059301306072A8648CE3D020106082A860C
:10C7C00048CE3D030107034200042ACB403CE8FE6B
:10C7D000ED5BA44995A1A91DAEE8DBBE1937CD14C8
:10C7E000FB2F245737E5953988D994B9D65AEBD71A
:10C7F000CDD5308AD6FE48B24A6A810EE5F07D8BEF
:10C800006834CC3A6AFC538EFAC12D0020002B000C
:10C81000307800305800286E696C2900303132338E
:10C820003435363738394142434445460063646302
:10C830005F61636D5F756172743000757362776FED
:10C84000726B71002A2A2A20426F6F74696E67200A
:10C850004D4355626F6F742076322E312E302D6429
:10C8600065762D6461663239343661306630372042
:10C870002A2A2A0A002A2A2A205573696E67206EFE
:10C88000524620436F6E6E6563742053444B20768E
:10C89000322E372E302D35636238353537306361AF
:10C8A0003433202A2A2A0A002A2A2A205573696E3C
:10C8B00067205A6570687972204F532076332E3680
:10C8C0002E39392D31303062656663373063373445
:10C8D000202A2A2A0A006D757465785F696E69746A
:10C8E0002063616C6C65642077697468204E554CD8
:10C8F0004C20706172616D6574657200436F756C78
:10C9000064206E6F7420616C6C6F63617465206D60
:10C9100075746578206265666F726520696E6974EA
:10C9200069616C697A696E6700464C4153485F30B3
:10C93000005352414D5F300000000100000075734C
:10C9400062645F776F726B71000100020300010186
:10C95000010101636C6F636B403430303030303034
:10C9600030006866636C6B006C66636C6B00666CB1
:10C970006173682D636F6E74726F6C6C6572403496
:10C9800030303165303030006770696F403530309D
:10C990003030333030006770696F403530303030C0
:10C9A000303030000001020304050607756172741F
:10C9B0004034303030323030300025633A20466128
:10C9C000696C65642072656164696E6720696D6178
:10C9D0006765206865616465720A0025633A2042D4
:10C9E000616420696D616765206D616769632030EE
:10C9F00078256C780A0025633A20496D61676520C7
:10CA00006E6F7420626F6F7461626C650A00000063
:10CA10000000000101000000000000203030303034
:10CA20003030303030303030303000010000010024
:10CA300000005465726D696E616C000000000000BA
:10CA40000054545220524547474553006D61696E6A
:10CA500000737973776F726B710000000000000043
:10CA600000000000000000000000000000000000C6
:10CA700000000000000000000000000000000000B6
:10CA800000000000000000000000000000000000A6
:10CA90000000000000000000000000000000000096
:10CAA0000000000000000000000000000000000086
:10CAB0000000000000000000000000000000000076
:10CAC0000000000000000000000000000000000066
:10CAD0000000000000000000000000000000000056
:10CAE0000000000000000000DC000020BC0000206E
:10CAF00000C201000000080000000000000000006B
:10CB0000000000000000000000000000FFFFFFFF29
:10CB10001BAC000049A30000806A00200000000058
:10CB20000000000000000000000000000000000005
:10CB30000000000000040000806E002000000000E3
:10CB400000000000000000000000000000000000E5
:10CB500000000000000400004D21000080000000E3
:10CB6000011F000000000000011F00008000000005
:10CB700002000000000000000000000000000000B3
:10CB800000000000000000000000000000000000A5
:10CB90000000000000000000000000000000000095
:10CBA0000000000000000000000000000000000085
:10CBB0000000000000000000000000000000000075
:10CBC0000000000000000000000000000000000065
:10CBD0000000000000000000000000000000000055
:10CBE0000000000000000000000000000000000045
:10CBF0000000000000000000000000000000000035
:10CC00000000000000000000000000000000000024
:10CC10000000000000000000000000000000000014
:10CC20000000000000000000000000000000000004
:10CC300000000000000000000000000000000000F4
:10CC400000000000000000000000000000000000E4
:10CC500000000000000000000000000000000000D4
:10CC600000000000000000000000000000000000C4
:10CC700000000000000000000000000000000000B4
:10CC800000000000000000000000000000000000A4
:10CC90000000000000000000000000000000000094
:10CCA0000000000000000000000000000000000084
:10CCB0000000000000000000000000000000000074
:10CCC0000000000000000000000000000000000064
:10CCD0000000000000000000000000000000000054
:10CCE0000000000000000000000000000000000044
:10CCF0000000000000000000000000000000000034
:10CD00000000000000000000000000000000000023
:10CD10000000000000000000000000000000000013
:10CD20000000000000000000000000000000000003
:10CD300000000000000000000000000000000000F3
:10CD400000000000000000000000000000000000E3
:10CD500000000000000000000000000000000000D3
:10CD600000000000000000000000000000000000C3
:10CD700000000000000000000000000000000000B3
:10CD800000000000000000000000000000000000A3
:10CD90000000000000000000000000000000000093
:10CDA000000000000000000000000000080000007B
:10CDB00080C20000E40400203A000000F8040020D3
:10CDC0003A000000D00400203A0000000C050020CA
:10CDD0003A0000002DAC00000000000000C201007D
:10CDE000000103009C03002000000000B02300208D
:10CDF000AF23002000000000000000000000000041
:10CE0000B12300202000000000000000000000000E
:10CE10000000000000000000000000000000000012
:10CE20000000000000000000000000000000000002
:10CE300000000000000000000000000000000000F2
:10CE400000000000000000000000000000000000E2
:10CE500000000000000000000000000000000000D2
:10CE600000000000000000000000000000000000C2
:10CE700000000000000000000000000008000000AA
:10CE8000FF000000000000000300000000000000A0
:10CE9000FFFF0F0038040020380400204004002069
:10CEA00040040020000000008D8200008C0400205F
:10CEB000840400207C040020000000007404002092
:10CEC000AD830000F98200002D830000758300000F
:10CED0001C2000203A00003A202000203A00003AAE
:10CEE000242000203A00003A282000203A00003A8E
:10CEF0009C040020600400205804002054040020FA
:10CF000050040020000000000000000000000000AD
:10CF1000B4040020B40400200068002000000000D9
:10CF2000200000001400000000000000D0040020D9
:10CF3000D004002000000000000000000E000000EF
:10CF4000E4040020E40400200000000000000000D1
:10CF50000E000000F8040020F8040020000000008B
:10CF6000000000000E0000000C0500200C05002051
:10CF700000000000000000000E000000200500205E
:10CF80002005002000000000000000000E0000004E
:10CF900034050020340500200100000001000000DD
:10CFA00044050020440500200000000000000000AF
:10CFB00054050020540500205C0500205C0500207D
:10CFC00012010002EF020140E32F000106030102FB
:10CFD000030109020000000100E032080B00020218
:10CFE00002000009040000010202000005240010F4
:10CFF00001052401020104240202052406000107A0
:10D0000005800310000A09040100020A000000075D
:10D0100005800240000007050002400000090400EE
:10D020000000FE01010009210D64008000100104D0
:10D030000309040E035A45504859520000000000ED
:10D040000010034D4355424F4F54000000000000B4
:10D0500000220330313233343536373839414243D8
:10D0600044454600000000000000000000000000F1
:10D0700000000000001201000200000040E32FFF4A
:10D08000FF06030102030109020000010100E03272
:10D090000904000000FE01020409210D6400800063
:10D0A0001001040309040E035A4550485952000068
:10D0B0000000000010034D4355424F4F5400000044
:10D0C000000000002203303132333435363738392E
:10D0D00041424344454600000000000000000000BB
:10D0E0000000000000001003696D6167655F30009B
:10D0F0000000000000000000000000008705002084
:10D10000E3A90000D9230000F52000000000000082
:10D110000000000003000000FC00002000000000F0
:10D12000C10500205D240000BBAA0000E12500002D
:10D130000000000069240000000000000000000062
:10D14000000000003406002000000000BBAA000020
:10D15000E12500000000000069240000000000003C
:08D160000000000015E015E0DD
:020000040001F9
:100000003DB8F3960000000000020000B0AC020012
:1000100000000000000000000000000000000000E0
:10002000FFFFFFFFFFFFFFFFFFFFFFFFFFFFFFFFE0
:10003000FFFFFFFFFFFFFFFFFFFFFFFFFFFFFFFFD0
:10004000FFFFFFFFFFFFFFFFFFFFFFFFFFFFFFFFC0
:10005000FFFFFFFFFFFFFFFFFFFFFFFFFFFFFFFFB0
:10006000FFFFFFFFFFFFFFFFFFFFFFFFFFFFFFFFA0
:10007000FFFFFFFFFFFFFFFFFFFFFFFFFFFFFFFF90
:10008000FFFFFFFFFFFFFFFFFFFFFFFFFFFFFFFF80
:10009000FFFFFFFFFFFFFFFFFFFFFFFFFFFFFFFF70
:1000A000FFFFFFFFFFFFFFFFFFFFFFFFFFFFFFFF60
:1000B000FFFFFFFFFFFFFFFFFFFFFFFFFFFFFFFF50
:1000C000FFFFFFFFFFFFFFFFFFFFFFFFFFFFFFFF40
:1000D000FFFFFFFFFFFFFFFFFFFFFFFFFFFFFFFF30
:1000E000FFFFFFFFFFFFFFFFFFFFFFFFFFFFFFFF20
:1000F000FFFFFFFFFFFFFFFFFFFFFFFFFFFFFFFF10
:10010000FFFFFFFFFFFFFFFFFFFFFFFFFFFFFFFFFF
:10011000FFFFFFFFFFFFFFFFFFFFFFFFFFFFFFFFEF
:10012000FFFFFFFFFFFFFFFFFFFFFFFFFFFFFFFFDF
:10013000FFFFFFFFFFFFFFFFFFFFFFFFFFFFFFFFCF
:10014000FFFFFFFFFFFFFFFFFFFFFFFFFFFFFFFFBF
:10015000FFFFFFFFFFFFFFFFFFFFFFFFFFFFFFFFAF
:10016000FFFFFFFFFFFFFFFFFFFFFFFFFFFFFFFF9F
:10017000FFFFFFFFFFFFFFFFFFFFFFFFFFFFFFFF8F
:10018000FFFFFFFFFFFFFFFFFFFFFFFFFFFFFFFF7F
:10019000FFFFFFFFFFFFFFFFFFFFFFFFFFFFFFFF6F
:1001A000FFFFFFFFFFFFFFFFFFFFFFFFFFFFFFFF5F
:1001B000FFFFFFFFFFFFFFFFFFFFFFFFFFFFFFFF4F
:1001C000FFFFFFFFFFFFFFFFFFFFFFFFFFFFFFFF3F
:1001D000FFFFFFFFFFFFFFFFFFFFFFFFFFFFFFFF2F
:1001E000FFFFFFFFFFFFFFFFFFFFFFFFFFFFFFFF1F
:1001F000FFFFFFFFFFFFFFFFFFFFFFFFFFFFFFFF0F
:1002000000C200204D8D01005FFD0200398D01000C
:10021000398D0100398D0100398D01000000000089
:100220000000000000000000000000002D8F010011
:10023000398D010000000000F98E0100398D0100A8
:10024000DD900100EF230300DD900100DD9001004F
:10025000DD900100DD900100DD900100DD900100E6
:10026000A5230300DD900100DD900100D9230300E8
:10027000DD900100DD900100DD900100DD900100C6
:10028000DD900100DD900100DD900100DD900100B6
:10029000DD900100DD900100DD900100DD900100A6
:1002A000DD900100DD900100DD900100DD90010096
:1002B000DD900100DD900100DD900100DD90010086
:1002C000DD900100DD900100DD900100DD90010076
:1002D000DD900100DD900100DD900100DD90010066
:1002E000DD900100DD900100DD900100DD90010056
:1002F000DD900100DD900100DD900100DD90010046
:1003000001F0FF01102A2BDB10F0070F08D010F8C6
:10031000013B013A8B422DD010F0070F42B3F6D1CA
:10032000F0B441EA012141EA014122F007047FF0E3
:1003300000070023F0E80256083C85EA010586EA3A
:10034000010685FA47F5A3FA87F586FA47F6A5FA76
:1003500087F68EB9EED1F0BC01F0FF0102F0070282
:1003600032B110F8013B013A83EA010313B1F8D12D
:100370000020704701387047002D06BF354603380E
:10038000073815F0010F07D1013015F4807F02BF47
:10039000013015F4C03F0130F0BC0138704700BF98
:1003A0007BB972B90029BEBF00204FF0004106E0C2
:1003B00008BF00281CBF6FF000414FF0FF3000F075
:1003C00057B8ADF1080C6DE904CE002909DB002B0C
:1003D0001ADB04F0E7F8DDF804E0DDE9022304B0FD
:1003E0007047404261EB4101002B1BDB04F0DAF85F
:1003F000DDF804E0DDE9022304B0404261EB410195
:10040000524263EB43037047524263EB430304F0F1
:10041000C9F8DDF804E0DDE9022304B0404261EBF5
:1004200041017047524263EB430304F0BBF8DDF82F
:1004300004E0DDE9022304B0524263EB430370475A
:1004400053B94AB9002908BF00281CBF4FF0FF313B
:100450004FF0FF3000F00CB8ADF1080C6DE904CEA0
:1004600004F0A0F8DDF804E0DDE9022304B07047F1
:10047000704700BF2DE9F14F03F11C0402EB840C1F
:100480004FEA930B8A68CB680868496800F046F920
:100490003CE9F0006040694072407B400BF1060E81
:1004A0004EE083EA134480EA134582EA134746BAD2
:1004B00096EA3444604000F00F1684EA063420F0D7
:1004C0000F1684EA161054BA94EA0106724002F03C
:1004D0000F1486EA043622F00F1486EA14124CBA7E
:1004E0006540694001F00F1485EA043521F00F14CE
:1004F00085EA14115CBA67407B4003F00F1487EA69
:10050000043723F00F1487EA141344BA44404DBA59
:100510004D4056BA56405FBA5F4087EA174886EAB0
:10052000174B84EA17464FEA38488BEA1B4485EAA2
:100530001B4788EA1B4580EA3440694072407B4093
:1005400000F0703400F0803500F00F3040EA4400D5
:1005500040EAD50080EA900404F0332480EA840065
:10056000604001F0703401F0803501F00F3141EA54
:10057000440141EAD50181EA910404F0332481EA7F
:100580008401614002F0703402F0803502F00F32D5
:1005900042EA440242EAD50282EA920404F0332499
:1005A00082EA8402624003F0703403F0803503F085
:1005B0000F3343EA440343EAD50383EA930404F088
:1005C000332483EA84036340C943DB4381EA0004A4
:1005D00083EA044686EA020183EA014382EA33455C
:1005E00083EA14435C4084EA00077FEA040A8AEA4B
:1005F000024A8AEA010B87EA11488AEA374A80EA06
:10060000060181EA1A418AEA030A04EA0A0045401F
:1006100088EA040707EA0B0041408AEA0B0608EA69
:10062000060084EA34428AEA3A4602EA060358405F
:100630004540414087EA37438BEA3B4003EA0009E3
:1006400085EA090582EA0309464006EA090671407F
:1006500085EA010005EA3546464006EA314181EA6D
:10066000304181EA364606EA304686EA354634406D
:100670000F4086EA010508EA050886EA364002408E
:1006800088EA020881EA314213405C4080EA0203B2
:1006900009EA030987EA0907674088EA040806EAC5
:1006A0000A0601EA0B018AEA0B0425408AEA3A4469
:1006B000204045408BEA3B4B02EA0B02564084EA5D
:1006C0000B04234059406E40694087EA364080EA77
:1006D000384080EA060380EA104481EA134585EA3F
:1006E000344585EA17427D4082EA354180EA05407B
:1006F0003CE9F0006040694072407B40BEF1010E71
:100700003FF6CFAE20BC00F05FF828606960AA60B9
:10071000EB60BDE8F08F00BF00F000BA80EA101473
:1007200004F0F01480EA0410604081EA111404F02F
:10073000F01481EA0411614082EA121404F0F0140A
:1007400082EA0412624083EA131404F0F01483EA8C
:100750000413634080EA102404F47F4480EA0420F8
:10076000604081EA112404F47F4481EA042161405D
:1007700082EA122404F47F4482EA0422624083EA7B
:10078000132404F47F4483EA0423634081EA500481
:1007900004F0553480EA4400614083EA520404F0D6
:1007A000553482EA4402634082EA900404F0333410
:1007B00080EA8400624083EA910404F0333481EAE1
:1007C00084016340704700BF82EA900404F0333430
:1007D00080EA8400624083EA910404F0333481EAC1
:1007E0008401634081EA500404F0553480EA4400F7
:1007F000614083EA520404F0553482EA44026340C3
:1008000080EA102404F47F4480EA0420604081EAF6
:10081000112404F47F4481EA0421614082EA122415
:1008200004F47F4482EA0422624083EA132404F43D
:100830007F4483EA0423634080EA101404F0F01438
:1008400080EA0410604081EA111404F0F01481EA97
:100850000411614082EA121404F0F01482EA0412D6
:10086000624083EA131404F0F01483EA0413634033
:10087000704700BF2DE9F14F94464FEA930B8A6809
:10088000CB6808684968FFF749FF0BF1060E33E0B3
:1008900083EA134480EA134582EA134746BA96EA8C
:1008A0003444604000F00F1684EA063420F00F163E
:1008B00084EA161054BA94EA0106724002F00F144A
:1008C00086EA043622F00F1486EA14124CBA654008
:1008D000694001F00F1485EA043521F00F1485EA10
:1008E00014115CBA67407B4003F00F1487EA0437A9
:1008F00023F00F1487EA1413BCE8F000604069404D
:1009000072407B4000F0E03400F0103500F00F3012
:1009100040EA540040EAC50080EA900404F0332421
:1009200080EA8400604001F0E03401F0103501F00D
:100930000F3141EA540141EAC50181EA910404F012
:10094000332481EA8401614002F0E03402F0103582
:1009500002F00F3242EA540242EAC50282EA9204ED
:1009600004F0332482EA8402624003F0E03403F0AE
:10097000103503F00F3343EA540343EAC50383EA17
:10098000930404F0332483EA8403634081EA32470A
:1009900087EA134581EA354690EA060484EA034B68
:1009A00082EA1B4280EA044484EA054483EA144A4A
:1009B00085EA14448BEA044B84EA374481EA0B410C
:1009C00081EA164104EA0A00454082EA04082BEA5B
:1009D000080041408AEA0B0602EA060084EA344332
:1009E0008AEA3A4603EA060778404540414088EAE9
:1009F00038478BEA3B4007EA000985EA090583EAA4
:100A00000709464006EA0906714085EA010005EA41
:100A10003546464006EA314181EA304181EA3646B0
:100A200006EA304686EA3546344008EA010886EA96
:100A300001052A4086EA364003405A4081EA3143A4
:100A40001F407C4080EA030709EA070988EA090891
:100A5000544088EA020806EA0A0601EA0B018AEA1B
:100A60000B0215408AEA3A42104045408BEA3B406F
:100A700003405E404240174079404D404E40E443C1
:100A8000F64386EA18435D4085EA054083EA13434E
:100A900086EA034183EA384284EA114383EA044345
:100AA0005FEA3343BEF1010E3FF6F2AE1ED4BCE85E
:100AB000F0006040694072407B4020BCFFF784FE3C
:100AC00028606960AA60EB60BDE8F08F2DE9E04125
:100AD0004FF2F00280EA1031114080EA01304840C4
:100AE00041088208C3084FF0000E4FE700F01130B4
:100AF00001F0113102F0113203F0113340EA4100EC
:100B000040EA820040EAC3004FF2F00280EA10316E
:100B1000114080EA01304840BDE8E0812DE9F04F06
:100B200002F11C050646074600EB850851F8040B48
:100B3000043A46F8040BF9D14FF0010CFFF7C6FF59
:100B40005FEA302080EA0C001ECF41404A4053400B
:100B50005C401EC62000464517D04FEA4C0C1CF4E2
:100B6000807F18BFACF1E50C2C2DE7D03C2D06D1D1
:100B7000FFF7ACFF06CF41404A4006C6100006CF43
:100B800041404A4006C61000D8E736E90F00FFF79B
:100B9000C5FD043D86E80F00F7D1BDE8F08F00BF2A
:100BA00030B44FF0000310F8014B11F8015B013A2B
:100BB00084EA050443EA0403F5D1A3F101034FEAF3
:100BC000D37030BC704700BF4FF0000310F8012B0A
:100BD000013943EA0203F9D1A3F101034FEAD370CB
:100BE000704700BF30B411F8014B12F8015B6C4044
:100BF00000F8014B013BF6D130BC7047014B1B683C
:100C00005B68184700000020014B1B68DB68184731
:100C100000000020014B1B681B69184700000020E2
:100C2000014B1B685B69184700000020014B1B68E3
:100C30009B69184700000020014B1B68DB691847BF
:100C400000000020014B1B689B6A18470000002031
:100C5000014B1B681B6B184700000020014B1B68F1
:100C6000DB6B18470000002010B4034C2468A46814
:100C7000A44610BC604700BF00000020014B18785C
:100C8000704700BF44100020042810B511D883B16C
:100C900004280CBF10242824A1420AD2064C54F880
:100CA000200018B141568A42A8BF0A461A70002097
:100CB00010BD6FF01500FBE7000A002030B50346B9
:100CC000114890F91C209A4219DD90F924209A428B
:100CD00017DA9A1A846AA05C0C4A15569D420DD008
:100CE0000E32002918BF01309442C0B206D129B19A
:100CF000013BDBB2012B01D80130C0B230BD0D2069
:100D0000FCE70020FAE700BF000A0020F87C03009F
:100D100008B5054B93F91C30984203DAFFF7CEFF74
:100D2000024B1B56184608BD000A0020F87C030041
:100D300010B51C4C94F82C3073B9012384F82C3076
:100D400004F0EAF848B1184BA362D823236284F870
:100D500024300823A361237710BD04F0F2F80028A3
:100D6000F1D104F0F7F80028EDD104F0BAF838B169
:100D70000E4BA362D823236284F824300423E9E7CE
:100D800004F0B8F80028F3D104F0BDF80028EFD142
:100D900004F0CBF80028EBD140F2BB11742002F034
:100DA000A1FF00BF000A0020337D0300067D030081
:100DB000034610B3007888B91A79012A1ED85A79E7
:100DC000012A1BD89A680E49643A8A4216D8D86814
:100DD0000C4B98422CBF00200120704701280CD1F9
:100DE0001A79012A09D85A79012A06D8DA680449F9
:100DF000643A8A4201D89868EAE70020704700BF49
:100E00003C8601000040420F10B5054C236813B129
:100E1000984700232360BDE8104001F06DBE00BF7D
:100E2000300A00202DE9F8438846074680B300F0D9
:100E300037F84FF0000905465FFA89F6AE420AD24C
:100E4000304600F033F890F8264009F10109002CF3
:100E5000F2D1FF2E03D16FF00B00BDE8F8833046CE
:100E600000F024F80546848480F8264080F8286045
:100E700001460A4801F0E6FF202885F827000AD03D
:100E800001232F6285F82630204688F80060E4E7C9
:100E90006FF01500E1E76FF02200DEE77F4A010006
:100EA000014B1879704700BF340A0020054B1A79AE
:100EB000824283BF1B6800EB400003EB0010002060
:100EC000704700BF340A002010B510F003040A4632
:100ED0000BD107490A71086030B102EB42021201DE
:100EE000214603F097F8204610BD6FF00D00FBE798
:100EF000340A002043F60952C0F3080302FB03F34F
:100F0000400A03F5807302FB00F000EB53207047AA
:100F100043F6095CC0F3080210B50CFB02F2C0F303
:100F20004E24030E43EA01230CFB04F0090E02F5E4
:100F300080724FEA411C00EB52205A01B2EB030EC3
:100F40004CEAD36C6CEB01044FEA841C4FEA8E121E
:100F5000B2EB0E024CEA9E6C6CEB040C4FEACC0C2C
:100F60004CEA527CD200D31841EB0C01DA03C903DE
:100F7000801841EA534141F1000110BD430B48F292
:100F8000376C0CFB03F34FEA134C00B5104B43F6E0
:100F9000095E0EFB1C0000FB03F35B0D0EFB03FE62
:100FA00003EB4C230EF5745C0CF1080CB0EB5C2FDA
:100FB00008D80EF5807EA0EB5E20C0B20B601070EA
:100FC0005DF804FB013300200B6010705DF804FB3A
:100FD0006F0C0100F8B5274DA94246D8264E274F81
:100FE000450F45EAC105A6FB0514C0F34F31A40B1C
:100FF00001EB054107FB1411A6FB0151890B41EAE6
:1010000004411F4C04FB110448F2376C600B0CFBCD
:1010100000F04FEA104C43F6095E1A480EFB1C45DF
:1010200005FB00F0400D0EFB00FE00EB4C200EF522
:10103000745C0CF1080CB5EB5C2F12D80EF5807EB9
:10104000A5EB5E2E5FFA8EFE069D85F800E00D068C
:1010500028184FEA112141F100011860596014600D
:10106000F8BD01304FF0000EEEE796219B2002F014
:1010700039FE00BFFF7F841E83DE1B43000024F483
:101080000080841E6F0C0100420B48F2376303FBA3
:1010900002F2120C43F6095C074B0CFB120101FB38
:1010A0000333013B5B0D0CFB03FC5002B1EB5C2FE7
:1010B00088BF0130184470476F0C010010B5094A11
:1010C00092F80034202B03D15021022002F00AFEB6
:1010D000590102EB4313BDE81040525858680421EF
:1010E000104700BF400A002008B501B3F0B14FF02F
:1010F000FF331A46E0FB01320E498A4203D97121BF
:101100006D2002F0EFFD180D40EA0230C3F30F131B
:101110004FF22441B0FBF1F203EB0040064B03FB1E
:101120001200B0FBF1F040EA0240013008BD084671
:10113000FCE700BF3F420F00000024F4014B588839
:10114000704700BF7C0E002010B5EFF3108472B61C
:10115000064A93790133DBB293719379012B01D164
:1011600003F062FE04B962B610BD00BF7C0E002021
:1011700070B50C4C267866B90125A0602570FFF784
:10118000E3FF00F04BFA30B94FF080432573C3F80A
:101190000453002070BDA368002BFAD09847A660C6
:1011A000F7E700BF7C0E002038B5FFF7CDFF00F059
:1011B00035FA094C4FF0804540B103F022FE01237F
:1011C0002B61042363730023A37338BD032363736C
:1011D0000123C5F80433F6E77C0E002010B5EFF3C9
:1011E000108472B60A4B9A7922B94FF496716D2029
:1011F00002F078FD9A79013AD2B29A719A791AB9C5
:10120000DB7B0BB900F0F8F904B962B610BD00BF82
:101210007C0E002008B5054B1A7822B100221A7303
:101220001A70FFF7DBFF002008BD00BF7C0E002016
:1012300073B51B4D2B7F63B9286A00F0030003F0E0
:101240000DFE30B1EFF3108372B66A7B1AB103B9A9
:1012500062B602B070BD01226A7303B962B64FF084
:1012600080430822C3F808234FF42073ADF80630FA
:10127000BDF80640A4B2631E9BB2ADF80630002C48
:10128000F6D14FF080460748C6F80C4103F00BFE3C
:1012900085F82540FFF788FF0823C6F80433D8E710
:1012A0007C0E0020A00E00202DE9F041384C94F86F
:1012B0002630002B69D04FF08043D3F80071D3F86B
:1012C000046157B10122C3F80823237B2BB1A36823
:1012D000002525730BB19847A5604EB14FF08043B0
:1012E0000022C3F804210222C3F80823FFF7A0FF5D
:1012F0004FF080462748D6F80C8194F82550EDB27F
:1013000003F0D5FD20B140F2C5116D2002F0EAFCDA
:1013100047B1637B032B05D10423637303F071FD95
:1013200001233361B8F1000F16D04FF08043002243
:10133000C3F80C21637B042B02D040F2D711E4E701
:1013400003F011FEC0B14FF080430022C3F8342CEB
:1013500002236373FFF742FF4DB1002384F8253069
:10136000637B022B01D1FFF71FFFFFF737FFBDE8BB
:10137000F041084803F0AABD03F0D7FD0028E2D1F0
:1013800003F0E8FD0028DED1E2E7BDE8F08100BF10
:101390007C0E0020A00E002010B5044C206A00F046
:1013A000030003F05BFD0028F8D010BD7C0E002088
:1013B000F8B5054650B10278042A07D8437842B9F7
:1013C000013B1F2B02D88378212B07D96FF0150022
:1013D00076E0002BFAD18378002BF7D1814B0127DF
:1013E000C3F88070BFF34F8FBFF36F8F4FF080460D
:1013F000C3F880717C4C4FF0FF33C6F808330023EC
:10140000C6F80031C6F80431C6F80C31A371AB88B8
:10141000A38003F00EFD08B12770A771D6F80C2445
:10142000D6F80C34D20303D5DF0701D500F0F0F86D
:1014300040F2F55363802B78A9782377002222624B
:101440002174A273042B4ED8DFE803F005033B4957
:101450004B000123236203F0F3FC00284ED003F07D
:10146000F6FC236A03F00303984247D1AB79002BC3
:101470003ED1FFF791FF237C6BB12B785BB900F075
:10148000CDF8054602F0E4FC6FF00043002D00F0BB
:10149000A580C4E905034FF08043D3F80C24D3F8AA
:1014A0000C34D20303D5DB0701D500F0B1F84D4A67
:1014B00001230020607384F82630C2F88031136065
:1014C000F8BDFFF741FE4FF08043D3F80C14D3F87A
:1014D0000C24CE03F9D5D007F7D50223BAE7434B46
:1014E000B8E7434BB6E740F216316D2002F0FAFB45
:1014F0004FF080430222C3F80423BCE74FF080433F
:101500000122DA600022C3F80421226AC3F81825F8
:1015100003F0E7FC10B34FF080534FF08042D3F854
:101520004432C3F34233C2F83C3503F0DAFC10B363
:101530004FF080430122C3F84C254FF08043012235
:101540009A600222C3F80423AA79002A93D1D3F81F
:10155000042391071CD440F2CD21C6E703F0CAFC56
:101560000028D8D103F0CFFC0028D4D103F0DDFC53
:101570000028D0D1D9E703F0BDFC0028D8D103F072
:10158000C2FC0028D4D103F0D0FC0028D0D1D4E78D
:10159000184A1669116941F010011161D3F804313C
:1015A00006F010060BB903F0ECFC4FF08047D7F8BB
:1015B000043183B1FFF7F0FE26B90E4A136923F018
:1015C000100313614FF080430222C3F80823002266
:1015D000C3F804214FE703F0D2FCE8E7C4E9053083
:1015E00059E700BF00E100E07C0E0020010002008E
:1015F0000100030000ED00E04FF080420123536042
:101600000023C2F80031014A13707047A30E002076
:10161000014B01221A707047A30E00204FF0804347
:10162000D3F8003123B9034B187800F0010070475C
:101630000120FAE7A30E0020094B4FF0FF32C3F858
:1016400008230022C3F84025C3F84021C3F84425ED
:10165000C3F84421C3F84825C3F84821704700BFA8
:1016600000800040084B094A1B78012B16BF4FF43D
:1016700040314FF400310023C2F84813C2F8081378
:101680000BB9C2F840317047A80E002000B00040EE
:1016900070B5EFF3108472B6094A0A4B0025D2F8F0
:1016A0000415D2F804612EB1596801315960C2F8AD
:1016B0000451F4E75B6804B962B6C0E9001370BD79
:1016C00000B00040A80E0020094BD3F80435C01A22
:1016D00020F07F4323F001033BB120F07F40B0F5C1
:1016E000000F8CBF0220002070470120704700BF10
:1016F00000B00040104B4FF40062C3F88020BFF3ED
:101700004F8FBFF36F8FC3F880210C4B01225A60BB
:101710009A60D3F80425002AFBD10949C3F80813BD
:101720004FF44031C3F84813C3F84021C3F84421B3
:10173000C3F80421704700BF00E100E000B00040A2
:101740000200030008B5144BD3F8042522F003026D
:10175000C3F80425D3F8082542F00302C3F808258E
:10176000102292FAA2F2B2FA82F2092A04DD0B48A0
:1017700040F2913102F0ACFAC3F810250122DA6090
:10178000074A9268C3F80022064B4FF48072C3F8F0
:1017900080211A6008BD00BF008000409EA40300A5
:1017A000A80E002000E100E008B50A4B4FF480725B
:1017B000C3F88020BFF34F8FBFF36F8F0649C3F884
:1017C000802101204860FFF737FF044B08610022A9
:1017D0001A7308BD00E100E000800040A80E002060
:1017E00010B5234C0023FF224FF0FF314FF0FF30A4
:1017F000C4E90401237062736360FFF7D5FFFFF74C
:1018000079FF1C4B4FF400621A60A1691A4A31B982
:1018100001231360184B0222C3F8042310BD174B99
:101820001748C3F8A805C3F8AC15C3F85C294FF4F2
:101830000022C3F80425134A0521C2F840150121EE
:101840001160D2F840110029FBD04FF40021C3F8F9
:10185000081501215160D1600021C2F84011C2F881
:101860004015C3F8A815C3F8AC15C3F8AC15D1E7FB
:10187000A80E002000E100E000B0004000F00140B0
:101880004081004000800040014BD3E904017047D3
:10189000A80E0020014BD3F80405704700B00040AB
:1018A00013B56846FFF7F4FEDDE90004FFF722FBFD
:1018B000024B0021E4FB030102B010BD0080841E36
:1018C000B1F1FF3F08BFB0F1FF3F2DE9F041424CBD
:1018D00005460E463AD1414DD5F800318BB3404E06
:1018E000404BC6F80835FFF7BDFE4FF00008012356
:1018F000A36084F80D80FFF757FFFFF723FF3A4BF3
:10190000C5F80081394FC6F8A8354FF40023C6F852
:10191000AC75C6F8043503F0B1FAD5F800312BB137
:101920000123C5F800817B60FB60F4E7013041F1E1
:1019300000010223C4E904012370FF236370BDE8A2
:10194000F08103F09BFAC51C41F10006D4E9047351
:10195000B34208BFAF42F2D0214B224AC3F8082558
:10196000FFF780FE1D4A4FF4803125F07F480023A9
:10197000C2F808134046C2F84813C2F84031FFF7D6
:10198000A3FE20B140F226316C2002F0ABF9C2F880
:101990004085C2F844132378012B06D127F07F47F6
:1019A0003846FFF791FE0128FAD000230127637320
:1019B000A760FFF7F9FEFFF7C5FE094B27704FF050
:1019C0000042C3F8042504236370044BC4E90456A1
:1019D000C3F84873B3E700BFA80E002000B0004072
:1019E00000F001400000088000B10040008000408D
:1019F000032870B52D4B06D9011FC9B201292FD973
:101A000040F276310BE0D3E90441B1F1FF3F08BF6A
:101A1000B4F1FF3F06D11B7B23B940F255316C2056
:101A200002F060F92249234D00F1100401238000E7
:101A300003FA04F4C5F808430B5000F1804101F5A6
:101A40000041D1F84005101A022805DDC1F84025F3
:101A5000C5F80443012002E00020C1F8400570BD34
:101A60001C782CB15B78834202D140F27231D6E708
:101A7000114B124E22F07F458A0013444FF48034FC
:101A80008C400022C6F808432846C6F848431A602E
:101A9000FFF71AFE40B901F5A87146F82150C6F8C3
:101AA0000443C6F84443D5E71046D8E7A80E002003
:101AB000408000400080004040B1004000B0004045
:101AC00008B520B14FF461716C2002F00BF90148A8
:101AD00008BD00BF40810040032837B508D9041F66
:101AE000E4B2012C19D940F2CA316C2002F0FAF8A4
:101AF000234900F1100201239340C1F8083300F597
:101B0000A873002241F823201E4B81005A5053F83D
:101B100020300093009B03B030BD1B4D2B7893B158
:101B20006A7882420FD1194A1949C2F80815012B67
:101B300001D1FFF739FE00232B704FF0FF324FF039
:101B4000FF33C5E90423134A4FF48033A340C2F89E
:101B50000833C2F8483304F5A87352F82300FFF79E
:101B6000B3FD012818BF0C4B22B24FEA84041CBFFE
:101B700000211951084B53F822300193019BCAE709
:101B80000080004040810040A80E002000F001408D
:101B90000000088000B0004040B1004010B50A4B82
:101BA0000446012210B1C3F8442310BDC3F84823F2
:101BB000FFF7FAFD054B4FF0FF304FF0FF31C3E95F
:101BC00004011C70F1E700BF00B00040A80E002027
:101BD0001F4A08B5D2F80433D90311D5D2F84031E1
:101BE00073B10023C2F84031D2F84005FFF76CFD15
:101BF00030B14FF48033C2F80833042001F08EFC7A
:101C0000134AD2F804339B0311D5D2F8443173B18F
:101C10000023C2F84431D2F84405FFF755FD30B136
:101C20004FF40033C2F80833052001F077FC084B6D
:101C3000D3F8042132B10022C3F80421054A5368C5
:101C400001335360044B4FF40062C3F8802108BD98
:101C500000B00040A80E002000E100E038B5364C8E
:101C6000637BFF2B64D0237883B10122022B227384
:101C700019D1324B4FF40022C3F8082500232370FA
:101C80004FF0FF324FF0FF33C4E904232C4BD3F85D
:101C9000042310030DD5D3F84C2152B140F20F416B
:101CA0006C2002F01FF8022360782370FFF714FF06
:101CB000ECE7D3F8042351030DD5D3F8483153B1E1
:101CC0000220FFF709FF1F4B4FF48072C3F88021F9
:101CD000022001F023FC1A4BD3F8042392030DD504
:101CE000D3F8443153B10120FFF7F6FE154B4FF402
:101CF0008072C3F88021012001F010FC104DD5F84E
:101D00000433DB0316D5D5F840319BB10020FFF733
:101D1000E3FE0C4B4FF48072C3F880210020FF23B8
:101D20006373A060C5F80002BDE8384001F0F6BB5F
:101D30000620F9E738BD00BFA80E002000F00140E2
:101D40000080004000E100E02DE9F04F97B01C4614
:101D5000CDE90212DFF8FCA28046FFF795FD4FF0B7
:101D600080420123C2F80835DAF800200F461360DC
:101D7000B949082202EB441253185558B3F80E9093
:101D8000CDF81090D3E901B201EB441C06921C7B04
:101D90005A7BDB6800920CF1080C07930646BCE8FE
:101DA0000F000DF1380EAEE80F009CE803008EE83E
:101DB000030025F07F40FFF79DF84B4601331C449C
:101DC000A64B9842044400F237829C4200F3E48020
:101DD000002CC0F2C180FFF721FC009B012B0246C2
:101DE00008D0DAE90613B3F1FF3F08BFB1F1FF3FB6
:101DF00000F0B7800192FFF7A1F940F25633984204
:101E0000019A00F0D78040F2F553984200F0CF805D
:101E1000B0F5C67F00F0C5800023019300210320A8
:101E20000591B7F1FF3F08BFB6F1FF3F1FD0AE42AB
:101E300077EB0B03C0F08280B6EB050C67EB0B036E
:101E4000BCF5000F73F1000380F00082A5EB060CD7
:101E5000BCF1000F33460ADD0598002800F0AD8084
:101E60009AF8200000280CBF0846002000E04346F6
:101E700015F1FF39A9EB030C4BF1FF3184454B46BB
:101E800057DB002A41D00993029B0891B9EB08085F
:101E900061EB03020292FFF751F940F2563C6045B4
:101EA000DDE90813029A00F0DD8040F2F55C604540
:101EB00000F0BE80B0F5C67F14BF09201620804513
:101EC00072F1000280F0BA80039A012A00F0CC80FF
:101ED000059A002A73D1B7F1FF3F08BFB6F1FF3F63
:101EE0006DD0B6EB090C67EB0102BCF1050F72F186
:101EF000000080F28481BCF1010F72F1000318DA56
:101F000039463346059FB14668E0DAE90620B0F16C
:101F1000FF3F08BFB2F1FF3FB5D0DDF804C0AA1AF9
:101F20006BEB0000624570F10002ACD2009A012A0E
:101F3000A9D00026304617B0BDE8F08FB5EB060CEF
:101F40006BEB0703BCF5000F73F1000380D340F285
:101F50003171702001F0C6FE04F1F45404F59024B0
:101F600039E700287FF446AF0190FFF7E7F840F229
:101F700056339842019A00F04B8140F2F553984253
:101F800000F01D81B0F5C67F00F01F810123032002
:101F900011460192059344E704F1614404F5F70406
:101FA00019E700210D2303200193059139E732231E
:101FB000019333E71C23019330E7084658E748466E
:101FC00005930291FFF77CFC0299059B0027B1F174
:101FD000FF3F08BFB9F1FF3F00F0338123F07F409E
:101FE0002A1A22F07F42013AB2F5000FA1D2069BD5
:101FF0005B191B1A23F07F43B3F5000F99D80291A8
:10200000FEF778FF164B0299A4EB000898453BD3E6
:10201000041B9C42C0F0DF80104B984530D89C4296
:1020200040F22881C4F1614404F5F704A0462CE095
:102030003B20804572F10002FFF446AF0593009B00
:1020400002915F1E484618BF0127FFF739FC059B28
:102050000299BCE7C80E0020400A0020FF7F841EC2
:102060000040420F25202AE7B7F1FF3F08BFB6F135
:10207000FF3F00F0F58039463346B1460027ADE713
:1020800008F1F45808F5902844467D4B93F8283021
:1020900023B9049B1E33A34280F2A580039B012B2E
:1020A00004D001200291FFF717FD0299049B4BB168
:1020B000A8EB0302012000230291FFF799FC02998B
:1020C000002854D00023424618460291FFF790FCA6
:1020D0000299064600284AD0009BDAF81820012B06
:1020E000DAF81C3000F08480002F44D1B3F1FF3FB8
:1020F00008BFB2F1FF3F00F098800120FFF74EFDCE
:102100009AF82030002B40F08980049A1932A242BC
:1021100080F2A1800024A8EB020223460220FFF7F0
:1021200067FC30B1DAF800301C604FF08043C3F830
:102130000845069B1093079B119300238DF85030A0
:102140000A934FF0FF324FF0FF33CDE90E5BCDE93C
:102150000C230AAD0FCD4A4C0FC40FCD0FC495E828
:102160000F0084E80F00304617B0BDE8F08F012063
:10217000FFF7B2FCDDE6B3F1FF3F08BFB2F1FF3F6E
:102180000BD00091FFF72AF84FF0FF324FF0FF33EA
:10219000CAE906230099002FB2D0019BB9EB0302D4
:1021A00061F100030520FFF723FC00285DD09AF8B9
:1021B0002030002BA9D101238AF82030A5E7322155
:1021C00001233520019105932BE60D2101231020D9
:1021D0000191059325E62A4B93F828306442A046E6
:1021E000002B7FF45BAF4FF4F261702001F07AFDB9
:1021F000B3F1FF3F08BFB2F1FF3FCCD0C1E7484683
:1022000008930291059FFFF75BFB0299089BDEE6AE
:102210001C2101231F200191059302E60520FFF7F1
:102220005BFC00238AF820306FE7FEF78DFF02F099
:1022300025FECAE9060160E740F22141702001F065
:1022400051FD40F27C71702001F04CFD40F235717F
:10225000702001F047FD40F2BA71702001F042FD9C
:1022600040F2A361702001F03DFD40F22621702074
:1022700001F038FD40F65801702001F033FD00BF39
:10228000480E00202DE9F04F8F4F97F8214004EBC6
:1022900044033B4483B05E7A202E48D08B4BE5B29A
:1022A0006400002B00F08980894BDFF82892002B16
:1022B0005FD006EB451207EB420A4FEA45189AF841
:1022C0002830013BDBB2052B34D8834A12F803B027
:1022D000BBF1090F2ED0AFF30080EFF3108372B67D
:1022E0002C443C449AF829206272A27AB24204BF7C
:1022F0002022A27213B9AFF3008062B6B04473011A
:1023000007EB480809EB4616012259F803307068BC
:1023100088F828205946984797F8214004EB440351
:102320003B44E5B25E7A202E4FEA4404C1D103B0AB
:10233000BDE8F08F40F26E61702001F0D3FC62B610
:10234000B044730107EB480809EB4616012259F81F
:102350000330706888F828205946984797F821403C
:1023600004EB44033B44E5B25E7A202E4FEA44047A
:10237000DDD006EB451207EB420A4FEA45189AF802
:102380002830013BDBB2052BD4D8534A12F803B0F6
:10239000BBF1090FCED0AFF30080EFF3108372B61C
:1023A0002C443C449AF829206272A27A964204BFD7
:1023B0002022A272002BC3D1C1E7454BDFF818B130
:1023C000DFF810A14FF02009002B51D006EB451289
:1023D00007EB42024FEA451892F82830013BDBB286
:1023E000052BA7D81BF803100929A3D0EFF31083FE
:1023F00072B62C443C4492F829206272A27A96422A
:1024000008BF84F80A90002B54D0B04407EB48086A
:1024100073010AEB461601225AF80330706888F8F7
:102420002820984797F8214004EB44033B44E5B249
:102430005E7A202E4FEA4404C8D178E762B6B044F1
:10244000730107EB48080AEB461601225AF80330DD
:10245000706888F82820984797F8214004EB4403D7
:102460003B44E5B25E7A202E4FEA44043FF45FAF6E
:1024700006EB451207EB42024FEA451892F8283066
:10248000013BDBB2052B3FF655AF1BF803100929C2
:102490003FF450AFEFF3108372B62C443C4492F8F3
:1024A00029206272A27A964208BF84F80A90002B13
:1024B000C5D1C3E70191AFF3008062B6B044019982
:1024C00007EB4808A4E700BFC80E0020000000008A
:1024D00000000000400A0020647D03002DE9F04F59
:1024E00085B00D4614461F469DF838B0FEF7CCFD6A
:1024F0002E686968031947F10002B342019372EB39
:1025000001030292C0F0CA80DFF8A891DFF8A88129
:102510000BEB4B034B440393DA46039B1C7A202CB2
:102520003BD040F2F5578C460FE06B7B012B02D07D
:10253000537D012B56D004EB4A1409EB440494F864
:102540002940202C29D0D5E9006C08EB44124FEA31
:10255000441B91681369D0685B1840F100009E42EB
:102560007CEB0003E1D240F2563740F2F55608EB1F
:102570000B0C2968AB68DCF808006A685B1842F14C
:1025800000029842DCF80C3093411AD39CF81530C5
:10259000012B02D06B7B012B03D0012005B0BDE8DD
:1025A000F08F411A0091FEF7C9FDB84200993FD063
:1025B000B04228D0B0F5C67F14BF01230E23994244
:1025C000EBDA08EB0B032A7C197E91421FD904EB4E
:1025D0004A1409EB440494F82940202CDDD04FEA3A
:1025E000441BC4E7761AFEF7A9FD40F25633984221
:1025F00020D0B84209D0B0F5C67F14BF01230E2306
:102600009E42B0DB97E73323D9E73323F8E7D3E9DA
:1026100002611C695B7DA61941F10001012B0BD001
:10262000019BB342029B8B4138D3C5E9006174E73B
:102630001D23C4E71D23E3E76B7B012BF0D0009142
:10264000FEF77CFD40F25633984200992CD040F2C0
:10265000F553984226D0B0F5C67F14BF01230E2350
:102660009C42DDDAFEF76AFD40F2563398421FD0F5
:1026700040F2F553984219D0B0F5C67F14BF012639
:102680000E26C344DBF80830DBF80C10F618019B6B
:1026900041F10001B342029B8B41C6D2002005B03C
:1026A000BDE8F08F3323DBE71D23D9E73326E8E7C6
:1026B0001D26E6E7C80E0020400A00202DE9F0475D
:1026C000154692F8008092F80BC0AF7A12891C462A
:1026D00086B00023E3602361C4E9003327749DF8CA
:1026E000389084F80DC00646A3606361E28184F8E7
:1026F00011800F46B8F1000F42D1FEF709FCD5E971
:1027000004C24C4BC31841F1000E9C4572EB0E0302
:102710000AD3013E47F1FF37C4E900674FF47A73EB
:10272000A36006B0BDE8F087263041F10001844582
:1027300072EB0103EDD3288901300021844572EB4F
:1027400001036AD3BCEB000062EB010104F10C034E
:10275000009303AA04ABFEF73DFC039B6A6828893B
:10276000473313441844FEF78FFCDDE90432C01AE6
:1027700020F07F40C4E90032A06006B0BDE8F087D9
:102780002D4804A9801A04F10C02FEF7F7FB2B4B2D
:102790001B78202B24D02A490B69D1E90521053368
:1027A00042F1000A13EB01084AF1000A6B68227B30
:1027B000E089473310441844C4E9008AFEF764FCFA
:1027C0003246A0603B462869CDF800902146FFF7CD
:1027D00085FE0028A5D1C4E9006706B0BDE8F087F2
:1027E000637B16F1090847F1000A012BDED0FEF7E2
:1027F00015FF0028DAD1FEF7A1FC40F256339842CB
:102800000ED040F2F55398420FD0B0F5C67FCDD12F
:1028100016F1160847F1000AC8E74046414695E719
:1028200016F1250847F1000AC0E716F13B0847F109
:10283000000ABBE70040420FFF7F841E400E0020CD
:10284000480E00202DE9F047374DDFF8E08000EB1F
:1028500040032B4406461C7A4700FFF71BF84FF055
:10286000200C4FEA461E08EB44110EEB0403D1F88E
:1028700008A00A69AAEB000929F07F49B9F5000F01
:1028800005EB43030DD812EB0A02121A22F07F4225
:10289000B2F5000F05D8BCF1200F0BD12046BDE8E2
:1028A000F08793F82930202BA4461C46DBD1BCF1DD
:1028B000200FF3D0BB192B440CEB461205EB420260
:1028C00093F8088092F829201A72710144464FF05B
:1028D000040E0B1905EB430322469445204683F86A
:1028E00028E093F82940F4D1BB192B440A4493F80B
:1028F0000AE0BEF1200F5FFA8EFC18BF8C443E4404
:1029000018BF05EB4C0C05EB4202354408BF83F8B9
:1029100009804FF0200318BF8CF82980A87282F834
:1029200029302046BDE8F087C80E0020400A00206C
:102930002DE9F0414E4D01EB41032B440C461E7A2C
:10294000202E80464FEA410741D14A4B0BB1AFF3ED
:10295000008002F093FA95F82230202B0AD0464BE3
:10296000D3E904E210F1020C41F10003E64572EBF9
:10297000030331D3202E0AD042463346FFF7E4F951
:1029800000283FD085F822600220BDE8F081D5E91B
:102990000623B3F1FF3F08BFB2F1FF3F1FD195F807
:1029A000203043BB0420FFF797F802F075FA0020AF
:1029B000FFF7F4F829684FF08042202085F82200C4
:1029C00000230B600120C2F80835BDE8F0810846FD
:1029D000FFF738FF8642B8D00020BDE8F081FEF74F
:1029E000FDFB4FF0FF334FF0FF32C5E9062395F8AA
:1029F0002030002BD6D00520FFF76EF8002385F895
:102A00002030CFE73B192B4406EB441205EB420282
:102A100093F808E092F829201A72610173460420A5
:102A2000CA189C4605EB4202664592F8293082F8A6
:102A30002800F5D13B192B443C44987A2028C2B297
:102A400018BF5218614418BF05EB420205EB410163
:102A5000254408BF83F809E04FF0200318BF82F82F
:102A600029E085F80AC081F829300020BDE8F0810E
:102A7000C80E002000000000480E0020F8B5194ADA
:102A8000194D002342F2200020214FF0FF364FF075
:102A9000FF37A972288185F82130136082F8283029
:102AA000C2E90267AB73C5E906671C4685F82210C8
:102AB00085F8203005F1280202F814300134202C6A
:102AC000FAD101260948EE7301F000FA084B18709C
:102AD000084B1C7001F05AFA2860FEF781FE85F859
:102AE0002360F8BD480E0020C80E0020852201009A
:102AF000780E0020400E00202DE9F04F85B002F046
:102B0000BDF9C04E0746884602F0C6F9D6E9022351
:102B1000B3F1FF3F08BFB2F1FF3F05D04FF0FF32E6
:102B20004FF0FF33C6E9022396F82830ABB94FF4D3
:102B30000C71B069FEF7D8FA33697269B169023372
:102B400042F100025B1842F100021B1842F1000240
:102B50009F4278EB020380F06181AB4C4FF0FF3075
:102B60004FF0FF31FEF7ACFEE37B002B40F04581D8
:102B7000A64991F800B00122BBF1200FE27300F0EA
:102B8000378120220A7084F82220A373336094F8DE
:102B9000213003EB430AA2445FFA83F99AF8085004
:102BA0005B009542009307D0994B03EB45102A46F2
:102BB000407E012800F0C580009BDFF858A203EB9F
:102BC0000908202DA0444FEA491708D04846FFF7CE
:102BD00039FE854203D098F80850202DF6D1BAF17D
:102BE000000F01D0AFF3008002F048F994F82230D2
:102BF000202B09D0D6E9042310F1020E41F1000C7C
:102C0000724573EB0C03E6D3202D38D02B460122FE
:102C1000FFF79AF8002859D084F8225007EB0B03ED
:102C200004EB430393F82820022A1DD1009A4A445A
:102C30002244062183F82810917ACBB220291CBFA8
:102C4000DB1904EB43035F4418BF83F829B0009BF2
:102C500008BF82F809B04B44234404EB470783F8CC
:102C60000AB0202387F82930FF232374009B4B44AC
:102C70001C44637A202B5DD105B0BDE8F08FD4E908
:102C80000623B3F1FF3F08BFB2F1FF3F07D0FEF7C5
:102C9000A5FA4FF0FF324FF0FF33C4E9062394F852
:102CA0002030002B3FD10420FEF716FF02F0F4F88D
:102CB0000020FEF773FF21684FF0804200232020A0
:102CC00084F822000B60C2F80835A7E77B1904EBF3
:102CD000430398F8080093F8293088F80830024632
:102CE00004211346BA1804EB42029D4282F82810D0
:102CF00092F82920F5D198F80A1088F80A30CAB25B
:102D000020291CBFD21904EB42023B4404EB4303CD
:102D100018BF82F829004FF0200208BF88F8090088
:102D200083F8292057E70520FEF7D6FE002384F814
:102D30002030B8E7384B187805B0BDE8F04F01F007
:102D4000E1B80978202914D0316970694F1DB16943
:102D500040F10000791840F10000019003EB4213AC
:102D6000D3E9020288420198824128BFC3E90210D8
:102D700022E701FB0531487D17F1090148F1000CFC
:102D80000128CDF804C0E9D0CDE90251FEF746FC98
:102D9000DDE902211E4B10B19AF80850DEE7CDE9BB
:102DA0000221FEF7CBF940F25635A842029A184BA1
:102DB0000CD040F2F555A84214D0B0F5C67F039967
:102DC0000AD0009848442044057AC7E717F1250146
:102DD00048F100000190F4E717F1160148F10000F6
:102DE0000190EEE717F13B0148F100000190E8E7A0
:102DF0004FF43171702000F075FF40F2C121702056
:102E000000F070FF480E0020C80E0020400E002089
:102E1000400A002000000000780E0020074B084AFE
:102E20001B78580102EB4313082112585868904749
:102E300040F2B621702000F055FF00BF400E002088
:102E4000400A002070B5134C0D460646FEF7A4FA62
:102E500094F8213004F1280CD9B20CEB831C002328
:102E600002E00133202B12D01CF81320D8B2002A24
:102E7000F7D103EB4111084A04EB4104590102EB7D
:102E800043135650012284F828205D6070BD184617
:102E900070BD00BFC80E0020400A00201F280AD8BD
:102EA0000C4991F8213000EB431301EB430393F8F5
:102EB0002820012A01D00020704791F8213000EB32
:102EC000431301EB43034FF0000C104683F828C076
:102ED000704700BFC80E002010B5094C04EB401429
:102EE000D4E90201FEF714F8227DE38A9B1803F16E
:102EF00001034FF000025241181842EB010110BDCE
:102F0000400A00202DE9F04FB14A536891B0C3F355
:102F1000080303900791002B40F03D82082306939D
:102F2000079B1B78012B00F2E882DFF8A8B2BBF107
:102F3000000F04D0002140F24350AFF30080002383
:102F4000DFF894A2DFF8948204930124BBF1000F10
:102F500004D000214FF4AA60AFF3008024B9A04B45
:102F60000BB1AFF3008062B69AF821305FFA83F9B3
:102F7000CDF814904FF000038AF81030069B002B18
:102F800040F0AB80BBF1000F04D0002140F2645050
:102F9000AFF3008001F072FF059B0093079A0AAB24
:102FA0000446FFF78BFBBBF1000F04D0002140F279
:102FB0006C50AFF30080039B03EB49130AEB430310
:102FC0004FEA491693F82830013B012B00F2CB80E1
:102FD000DDE90A3224F07F441D1B25F07F4121F0FA
:102FE0000101002940F0D680039A09EB49035344BC
:102FF000B218997A0AEB4202042082F828002029AC
:103000004FEA49020992CAB200F015823244039B8A
:103010000AEB420282F829301A464FEA49034B4430
:10302000534416440AEB46069A72202386F8293048
:10303000002304930125BBF1000F04D0002140F2CE
:103040007150AFF30080674B0BB1AFF30080EFF32B
:103050001086344672B69AF81030002B7FF476AFA3
:10306000039B0AAF08EB43140FCF08340FC497E853
:10307000030084E80300A5B1069B002B00F0B28199
:10308000049B23B1584B1B78202B00F0FC819AF84D
:103090002130DB4303F001038AF82130FF238AF853
:1030A000103026B94E4B0BB1AFF3008062B6BBF1C6
:1030B000000F04D000214FF4B560AFF30080002D65
:1030C00053D1BBF1000F04D0002140F2B450AFF354
:1030D0000080284611B0BDE8F08F059A434B551C7F
:1030E00005F0010503EB821E03EB851C17B2BEE859
:1030F0000F00ACE80F00BEE80F00ACE80F00BEE820
:103100000F00ACE80F009EE80F00A9468CE80F0006
:103110002EB2BBF1000F04D0002140F2DE30AFF33D
:103120000080334B07EB470706EB4606DA19D95BFD
:103130009278995333449A70BBF1000F0CD0002160
:1031400040F2E230AFF30080BBF1000F04D0002169
:1031500040F25A50AFF300809AF81030002B7FF401
:10316000F5AE05950EE7002565E79AF8213003EBEB
:10317000430353445B7A202BA3D0BBF1000F04D050
:10318000002140F2AF50AFF300801A4B187800F0E6
:10319000B9FE96E725F07F45B5F5000F3FF624AF61
:1031A0000C99C9180C1B24F07F44B4F5000F3FF6AE
:1031B0001BAF09EB490151440C7A4FEA4901202C1D
:1031C000099100F045812021944604911A4627E098
:1031D00000ED00E000000000C80E0020400A0020C2
:1031E0000000000000000000400E0020F00E002053
:1031F000D00E0020780E00209DF83510012903D054
:10320000417D012900F0B18033190AEB430393F8A3
:103210002930202B00F02B81DDE90A2C04941C4678
:1032200008EB4410650187680169C368C91943F157
:10323000000E8A427CEB0E03DED213466246049FE8
:103240000C9908EB0500C918D0F808C042F100023B
:103250008C45C16871EB020275D3427D012A03D00F
:103260009DF83520012A59D0049B9F4200F0EA8046
:10327000202F00F04781049B202B06EB07030AEB6D
:10328000430393F8292000F02F81049BF3180AEBE5
:10329000430393F8294083F8292022460520B318D8
:1032A0000AEB430311468F4293F8292083F8280044
:1032B000F5D1099B4B445344987A202808BF5C728F
:1032C000099B4B44C1B253441CBF89190AEB41010D
:1032D0009F72039B18BF81F82940F318F1190AEB7C
:1032E00043030AEB4101202081F8290083F82920BB
:1032F000049B834200F0B2801C4634440AEB440431
:10330000039B84F8293000230493039B1E440AEB9B
:103310004606032386F8283001258CE6ACEB030330
:103320000893FDF70BFF40F256339842089B55D0A7
:1033300040F2F55290424DD0B0F5C67F14BF012245
:103340000E229A4290DD45449DF838302A7E9A42FA
:103350004FD933190AEB4303274693F82940202C11
:103360006CD0DDE90A3265016AE7D71BFDF7E6FE9E
:1033700040F25633984233D040F2F55398422BD066
:10338000B0F5C67F14BF01220E22BA427FF73CAFD0
:10339000DDE90A3253E7103B59B2002943DB01F162
:1033A000604101F5614191F800335B090693002B00
:1033B0007FF4B6AD584B1B78202B00F0A880079BFC
:1033C0001B780693002B3FF4B0AD40F23C517020C7
:1033D00000F088FC3322B4E73322D6E71D22B0E7A1
:1033E0001D22D2E7FF238AF81030002E7FF45FAE53
:1033F00058E6099B039A4B445344B218997A0AEB56
:1034000042020420202982F82800CAB208D032449F
:10341000039B0AEB420282F829301A46099BFEE51B
:10342000039A5A72FAE703F00F03043B13441B7E1E
:103430005B090693BBE7039A5A72EEE5049B9F4231
:103440007FF419AF202B11D1099B4B4453441C7AB4
:10345000039BF3180AEB430383F82940099B039A63
:103460004B4453441A72012304934EE71C4633190C
:103470000AEB430393F82920039BF3180AEB430359
:1034800083F8292039E705990220FFF751FA00282F
:103490007FF4FDAD9AF82130039F03EB43015144C3
:1034A00007EB43128C7A0AEB42020420202C82F8AC
:1034B0002800DDB24FEA4312E0B24FEA430319D0CD
:1034C00011180AEB410181F8297039462B44534405
:1034D0000A440AEB420299722023049D82F82930A3
:1034E000002E7FF4E4ADDDE5099B4B4453441C7A88
:1034F0001A72D2E64F723946E8E74FF4A86170209D
:1035000000F0F0FB4FF4E871702000F0EBFB40F2AC
:103510003951702000F0E6FB400E002070B50628FF
:103520000DD8DFE800F01C52040C0C740D00B14AF9
:103530004FF0804112680123C1F80835136070BD57
:10354000AD4D2B78202B00F09180AC4C5A0104EB50
:103550004313A2585868BDE8704005211047A54C98
:10356000D4E90623B3F1FF3F08BFB2F1FF3F00F0FB
:10357000D080A34E0120FEF711FB737F012B04D0F6
:10358000FEF74CF8002800F030819B4D2B78202B63
:1035900000F09B80FF23A373D6E90223B3F1FF3F22
:1035A00008BFB2F1FF3F05D00520FEF721FA002841
:1035B00000F016812B78914A590102EB4313BDE8C4
:1035C000704052585868012110478B4D2B78202BA2
:1035D00000F0A6808A4E737F012B04D0FEF71EF800
:1035E000002800F0F380834CD4E90623B3F1FF3FB9
:1035F00008BFB2F1FF3F61D02B78804A590102EB3E
:103600004313BDE870405258586800211047794C68
:1036100094F820307BB1D4E90623B3F1FF3F08BF13
:10362000B2F1FF3F00F0A2800120FEF7B7FA0023BD
:1036300084F8203070BD704D2A78202A00F09D80DB
:103640006F4E4FF0FF324FF0FF33C6E90223A37BEA
:10365000002B00F0B6802B78684A590102EB431327
:10366000BDE870405258586806211047614890F8EC
:10367000213003EB43010144DAB20B7A202B00F036
:10368000AA8003EB421200EB420292F829400C722E
:10369000FF210174022182F82810584C58492B70E0
:1036A0000022C27381F8282004EB4312127E002A04
:1036B0007FF44CAF00F070FF2B7847E7FDF744FD37
:1036C00001F0DCFBC4E9060196E794F82130DAB298
:1036D00003EB43032344197A20297CD001EB4212E7
:1036E00004EB420292F829001872FF232374434B23
:1036F000297003EB41110023097EE37386F828301B
:10370000022382F8283000297FF444AF00F044FF00
:1037100040E7FDF719FD01F0B1FBC4E9060128E718
:10372000344A92F8213003EB43001044DBB2017AB3
:10373000202950D001EB431302EB430393F82940B7
:103740000472FF201074022083F828002B4B29708C
:1037500003EB41112A4E097E0023D37386F82830EB
:1037600000297FF438AF00F017FF34E7FDF7ECFCD9
:1037700001F084FBC4E9060156E794F82120D1B298
:1037800002EB42022244107A202824D000EB41119F
:1037900004EB410191F829601672FF222274174A46
:1037A000287002EB4010164E027EE37386F8283034
:1037B000022381F82830002A7FF443AF00F0ECFEAA
:1037C0003FE740F24361702000F08CFA40F2516113
:1037D000702000F087FA40F24721702000F082FA52
:1037E00040F22F61702000F07DFA40F229617020D4
:1037F00000F078FAC80E0020400E0020400A002099
:10380000480E002070B5274B1A78202A86B044D085
:10381000254CD4E90213B3F1FF3F08BFB1F1FF3FDC
:1038200036D1224D05EB42150646D5E90201FDF7DA
:103830006FFBEA8A2B7DD31803F101034FF00002DE
:1038400052419B1942F1000218180DF10B0342EB93
:103850000101009303AA04ABFDF7BCFB9DF80B200C
:10386000DDE904310F2A94BF002201229B1841F1A7
:103870000001C4E902310E4B9B7B13B9012006B055
:1038800070BDD4E902230520FEF7B2F806B070BD82
:1038900040F62F01702000F025FA40F62E0170202E
:1038A00000F020FA400E0020480E0020400A0020C0
:1038B000C80E002038B5234B93F800E0BEF1200F6E
:1038C0003AD0214D95F8213095F821C003EB430300
:1038D0002B445FFA8CFC1B7A202B1FD01B4C4FEA29
:1038E0004C1C06E0634405EB430393F82930202B7E
:1038F00014D004EB4312117E8142F3D804EB4E1432
:10390000D4E9021320694018D2E9021243F10003FE
:10391000814272EB030304D2002038BD4FF0FF3028
:1039200038BD0B4B081A1C68FDF7E4FA04F13203AA
:103930008342F1D8001B38BD40F66801702000F0CA
:10394000D1F900BF400E0020C80E0020400A002020
:10395000480E00202DE9F04F8D4B1E7887B0202EA9
:10396000019000F010818B4F8B4D97F8213003EBC5
:1039700043033B44804628681C7A2B6903930DF16E
:103980001302AB6902938946404405A9FDF7F6FA94
:10399000824BA8F132029A4261D8DFF80482059B7B
:1039A000696908EB4616B2689B1832699B182A6948
:1039B0009B1A23F07F40B0F5000F50D897F821A054
:1039C000AB61202C85F820905FFA8AFA18BF4FF07F
:1039D000200B00F0CB8008EB441C9B18DCF808009F
:1039E00041F100019842DCF80C308B414FEA44165B
:1039F0004ED39CF81530012B02D06B7F012B32D0B7
:103A00000520FEF769F897F821104FF0FF324FF0CC
:103A1000FF33BBF1200FC5E90223C9B240F0A480F7
:103A200001EB4101394420240B7A594A97F82110BF
:103A3000127802EB411207EB420282F829302B6820
:103A4000019A13442B60FF233B74202C40D0554B2C
:103A5000187800F057FA002007B0BDE8F08F012079
:103A600007B0BDE8F08FA0EB0209FDF767FB40F25D
:103A70005633984220D040F2F55398421AD0B0F510
:103A8000C67F14BF01230E234B45B9DD95F8209066
:103A90004644337E4B4511D904EB4A1307EB4303ED
:103AA00093F82930202B17D0A346D5E904211C46D2
:103AB000AB6990E73323E7E71D23E5E7DDE9023152
:103AC0002A695B189B1A0220AB6107B0BDE8F08F32
:103AD000002007B0BDE8F08F0520FDF7FDFF4FF097
:103AE000FF324FF0FF3397F82110C5E90223C9B226
:103AF00001EB41033B4404EB411207EB420293F814
:103B000008A092F829201A724FEA410C4801534646
:103B10004FF0050800EB030E07EB4E0E1A469442D9
:103B20001E468EF828809EF82930F3D10CEB010E4A
:103B3000BE4461449EF80A90B9F1200F5FFA89F8FB
:103B400018BF80443944024418BF07EB480807EB0C
:103B500042028E724FF0200114BF88F829A08EF81F
:103B600009A082F8291060E75C46C1E70520FDF74F
:103B7000B3FF97F821104FF0FF324FF0FF33C5E944
:103B80000223C9B24CE74FF40961702000F0AAF893
:103B9000400E0020C80E0020480E0020CE3F420FED
:103BA000400A0020780E0020BFF34F8F0549064BD6
:103BB000CA6802F4E0621343CB60BFF34F8F00BFCB
:103BC000FDE700BF00ED00E00400FA05094B01220B
:103BD0005A604FF0FF32C3F80823074B4FF480427E
:103BE000C3F88020BFF34F8FBFF36F8FC3F88021DE
:103BF000704700BF00E0004000E100E0094B0122F7
:103C00005A604FF0FF32C3F80823074B4FF480523D
:103C1000C3F88020BFF34F8FBFF36F8FC3F88021AD
:103C2000704700BF00C0004000E100E0084B0022E8
:103C3000C3F8FC2F0122C3F8FC2F064B0222C3F865
:103C40008020BFF34F8FBFF36F8FC3F88021704781
:103C50000010004000E100E0F8B51B4E3378054647
:103C60000C4617466BBBFDF763F8184B7760002DC9
:103C700008BF1D4628463472FFF7D8FFFFF7BEFF86
:103C8000FFF7A4FFFDF794FB0546C0B9FEF7F6FE6B
:103C9000FDF782FBFDF7CCFA00F0F9FF002C0CDBFE
:103CA00004F01F026409A40004F1604404F56144B7
:103CB00001239340C4F880312360012333702846E8
:103CC000F8BD4FF0FF35FAE7700F00206A7D030062
:103CD00008B572B6024B5B6803B19847FFF764FF03
:103CE000700F00201FB572B6134B5D688DB9FFF7DA
:103CF0005BFFB2FBF6F2DCB20133002AF9D104F12A
:103D000010036B4403F80C2C0A2234B901A8A8470D
:103D1000EDE7024600230A26EDE7631E04AEDCB29F
:103D200056FA83F3B0FBF2F602FB1600303003F8CC
:103D30000C0C3046E9E700BF700F0020074B93F9E9
:103D40000830002B09DB5A09012103F01F0301FA97
:103D500003F34032024941F822307047700F0020CF
:103D600000E100E0014B1878704700BF700F0020A1
:103D70002DE9F84FDFF8C4A0314C324DDFF8C89080
:103D8000074601269AF800805FFA88F8FF238AF830
:103D90000030B8F1000F01D08AF80130EFF3108243
:103DA00072B600236660C4F80031C4F80431C4F868
:103DB000047526603AB962B605E0D4F8043133B927
:103DC0002B69DB0620D4D4F80031002BF5D0D4F8D1
:103DD0000431002BE2D1B8F1000F13D19AF8013071
:103DE000DBB28AF8018003214FF48042C4F8081343
:103DF000C4F80481C4F80081C9F880218AF80080E1
:103E0000002BBFD1BDE8F88F4FF48043C9F8803153
:103E1000EFF3108B72B60323C4F80433D4F80031E7
:103E200013B9D4F804311BB1BBF1000FCBD1C2E7F9
:103E300001F0A5F8BBF1000FC5D1BCE77C0F002055
:103E400000E0004000ED00E000E100E0FFF790BF7F
:103E50001B4B4FF4805270B5C3F88020BFF34F8FD7
:103E6000BFF36F8F174D184C0021C5F80011C3F830
:103E700080212669236943F0100323610123C5F8DB
:103E8000043306F010062B60D5F80031A3B11EB93B
:103E9000236923F0100323610A4B0122D3F808059C
:103EA0005A60C3F808230022C3F80021044B4FF4E2
:103EB0008052C3F8802170BD01F061F8E4E700BFD3
:103EC00000E100E000C0004000ED00E038B50C4922
:103ED000024605200138C0B2FF2803D148216920DD
:103EE000FFF700FF01EBC0031D7905F0FF04002D73
:103EF000F0D141F8302001225C719C711A7138BDFB
:103F0000800F0020042808B503D958216920FFF745
:103F1000E9FE094B03EBC0000379012B01D05921C5
:103F2000F4E7437982790133DBB29A4218BF4371D7
:103F3000BDE80840FFF702BF800F002070B5124CAB
:103F400006250026013D15F0FF0500D170BD94F84F
:103F5000281004EBC1031A79012A09D158799A79FA
:103F6000904205D05A79D2B29A7154F831309847BC
:103F700094F828300133DBB2042B94BF84F8283046
:103F800084F82860DEE700BF800F002008B500F04D
:103F9000A8FF70B900F0AEFF58B900F0B4FF40B907
:103FA00000F0C3FF044A054B002808BF134618461B
:103FB00008BD024BFBE700BF00E701400C050040D5
:103FC00008B500F0B2FF08B3EFF3108072B6104AE4
:103FD0001369116941F010011161A2F5406203F00B
:103FE0001003D2F80011D2F804210A4300D040BFD8
:103FF00020BF00BF00BF00BF00BF23B9044A136940
:1040000023F01003136100B962B608BD20BFFCE7BE
:1040100000ED00E02DE9F04184075FFA81FE5FD0FA
:10402000002A59D0034601E0002A55D003F801EBDD
:10403000990702F1FF32F7D14EEA0E24032A44EA2F
:1040400004443ED9151FAE08172D06F10106C3F32F
:10405000800147D99846002940D048F8044B771A88
:1040600003EB810C79080CEBC101CCE900440CF1A5
:10407000080C6145F9D127F0010C08EB8C0167456C
:10408000CCEB8C7805EB880517D02F1F032F0C6025
:1040900013D9A5F10807032F4C600ED9A5F10C0721
:1040A000032F8C6009D9A5F11007032FCC6004D928
:1040B000143D032D0C6188BF4C6102F0030203EB39
:1040C00086034AB1013A83F800E005D0012A83F85B
:1040D00001E018BF83F802E0BDE8F0811546BEE7B5
:1040E0000346A9E719461546CFE700BF014B1B68F9
:1040F0001B68184744000020014B1B685B68184789
:1041000044000020014B1B689B68184744000020B6
:10411000014B1B681B6918474400002038B5042078
:104120001E4CFFF7C7FB2568854228BF05460421C2
:104130002846FFF70FFC20B1012820D040F245119E
:1041400008E02368E068AB420DD1FFF75BFB20B9C4
:1041500040F225116B20FFF7C5FDE268236822615C
:104160001344E36038BD05446089E5600123281AE3
:104170002375FFF747FB60B940F22F11EAE7638927
:104180002075E068C01AFFF73DFB10B94FF49E712F
:10419000E0E76289E3689B1A2361E3E7B00F002040
:1041A00008B50C4B1A7802F0FF0312B15A1E1A42DE
:1041B00003D0E0216B20FFF795FD19B1034207D131
:1041C000E521F7E723EA00039B0601D1E921F1E7A6
:1041D00008BD00BF4800002008B50D4B01221A762B
:1041E0004FF082721A621A68DA615A689A62094A52
:1041F00093F830000221117003F11801FEF782FEDE
:1042000020B94FF483716B20FFF76CFD08BD00BF30
:10421000B00F00204800002070B5EFF3108572B693
:10422000264C94F831600023012E84F8313006D0FA
:10423000022E1DD0002E3BD185F3108870BD85F372
:10424000108894F8323003F0FF0123B14FF4A971C4
:104250006B20FFF747FD1420FFF7A2FF184B84F8EF
:1042600032601B78012BE9D1BDE87040FFF7B4BF85
:1042700094F8322012B940F26311E9E7104984F84A
:1042800032300B78023BDBB21E2B0ED8012202FA31
:1042900003F30C4A1342CFD144F20402134204D078
:1042A00020230B70FEF728FCC6E740F27F11CFE712
:1042B00085F3108840F2A511CAE700BFB00F0020B7
:1042C000480000204100004070B5144C94F8335071
:1042D00025B14FF422716B20FFF704FD104B84F8D9
:1042E000325001261E700F4B0F484FF4C852C4E9DC
:1042F00000230E4BA360FFF7E9FD294684F8340044
:104300000B48FEF79FFD202884F8300002D140F2D0
:104310009721E0E784F8336070BD00BFB00F002044
:1043200048000020FF3F420F194201000500B7007E
:10433000A544010008B5104B93F8332022B940F290
:10434000F7216B20FFF7CEFCEFF3108172B693F8E4
:10435000312022B1012A0DD040F20731F1E70222CB
:1043600083F8312001B962B693F83400BDE8084003
:10437000FFF7C8BD0022F3E7B00F00200B4B93F806
:10438000333010B523B940F216316B20FFF7AAFC89
:10439000EFF3108472B6064B1A78102A03D1082264
:1043A0001A70FEF7A9FB04B962B610BDB00F002069
:1043B0004800002070B5174B1B78042B27D1164DF1
:1043C0002B7D1BB96B892868C01A70BD00F00EFDEB
:1043D00010F11E0495F8300041F10006FEF77CFD57
:1043E0002B691B1841F100019C4276EB01004FF054
:1043F00000020CD2181B4FF0FF3361EB0601834221
:1044000072EB0103E1D2A7216B20FFF76BFC0020C8
:10441000DBE700BF48000020B00F002038B5144C87
:1044200094F8333023B94FF433716B20FFF75AFC03
:10443000EFF3108572B694F8313023B1022B0DD012
:1044400040F2DF21F1E7012384F8313005B962B68B
:1044500094F83400BDE83840FFF754BD054B1B7895
:104460000022042B84F83120F0D114F085F9EDE717
:10447000B00F00204800002008B5094B197810291A
:10448000CAB207D0202A05D0042A04D110221A70FB
:1044900014F082F908BD4FF4E2716B20FFF722FCA3
:1044A0004800002070B50C46FDF7F4F9611E06299E
:1044B0004AD8DFE801F00453532823665F00012146
:1044C0000220FFF76DFE314B314A93F8321079B17B
:1044D000042111701A68DA6000221A7593F83130DD
:1044E000022B01D014F048F9BDE87040FFF716BE6A
:1044F00020231370BDE87040FEF7FEBA4FF404713C
:104500006B20FFF7EFFB214C94F83230E3B1204BE6
:104510001B78042B19D100F069FC064694F8300092
:104520000D46FEF7D9FC237D012B0BD12269121811
:1045300041F10003964275EB030303D3BDE87040DD
:10454000FFF79ABF0EF0A8FB70BD124B0222C3F812
:104550008020BFF34F8FBFF36F8FF5E7012102205B
:10456000FFF71EFE094B93F8323033B1BDE87040BF
:10457000FFF732BE01212820F2E7054B01221A7015
:10458000E2E7024B1B7D012BAED1D7E7B00F002035
:104590004800002000E100E0014B01229A777047BB
:1045A000E80F00202DE9F04786468C460846089E15
:1045B000154674461946002B40F0C2808542B2FA77
:1045C00082F245D94AB1C2F1200300FA02FC2EFA68
:1045D00003F3954043EA0C0C94404FEA154EA8B201
:1045E000BCFBFEF8230C0EFB18CC08FB00F943EAD9
:1045F0000C43994528D9EB1808F1FF3704D29945A7
:1046000002D9A8F102072B44A3EB0903A4B2B3FB20
:10461000FEFC0EFB1C330CFB00F044EA0344A042FA
:1046200014D92C190CF1FF3304D2A04202D9ACF1F9
:1046300002032C44241A43EA07401EB1D44000234D
:1046400034607360BDE8F0874746DDE76346F1E715
:1046500092BB431B01214FEA154EAFB2B3FBFEFCE8
:10466000200C0EFB1C330CFB07F840EA0343984573
:1046700062D9EB180CF1FF3004D2984502D9ACF1A5
:1046800002002B44A3EB0803A4B2B3FBFEFC0EFB19
:104690001C330CFB07F744EA0344A7424ED92C19FC
:1046A0000CF1FF3304D2A74202D9ACF102032C442F
:1046B000E41B43EA0040C0E7C2F1200320FA03F103
:1046C000954090402EFA03F303434FEA154EAFB2E4
:1046D000B1FBFEFC0EFB1C10190C0CFB07F841EAA9
:1046E0000041884504FA02F422D969180CF1FF3020
:1046F00004D2884502D9ACF102002944A1EB08019B
:104700009BB2B1FBFEFC0EFB1C110CFB07F743EA4E
:1047100001439F420ED9EB180CF1FF3104D29F42A6
:1047200002D9ACF102012B44DB1B41EA004192E7C4
:104730006046E3E76146F7E76046A3E76346B7E70D
:10474000834206D916B9002108467BE7C6E900E096
:10475000F9E7B3FA83F78FB9834201D3724508D8DA
:10476000BEEB020460EB030301209C461EB900214E
:1047700068E73846FAE7C6E9004CF8E7C7F1200CCD
:10478000BB4022FA0CF41C432EFA0CF120FA0CF375
:10479000B84001434FEA14490EFA07F5B3FBF9F8A4
:1047A0001FFA84FE09FB18300B0C08FB0EFA43EAD3
:1047B00000439A4502FA07F240D9E31808F1FF30A6
:1047C00004D29A4502D9A8F102002344A3EB0A03BC
:1047D00089B2B3FBF9F809FB183308FB0EFE41EA76
:1047E00003418E452CD9611808F1FF3304D28E4560
:1047F00002D9A8F10203214443EA0040A0FB029839
:10480000A1EB0E014145CE46434602D306D14D45AC
:1048100004D2B9EB020E68EB04030138002EA6D0D7
:10482000B5EB0E0261EB030101FA0CFC22FA07F36F
:104830004CEA0303F940C6E9003198E74046C5E772
:104840004346D9E710F8012B11F8013B012A28BF94
:104850009A42F7D0D01A7047034613F8012B002A6A
:10486000FBD1181A01387047FCF762BA801A00F3BE
:10487000070038B540B20D4659B21446FCF748FA65
:104880000023287020446B7040B238BD73B5A0F18E
:104890000B040E46E1B20F29154603D94F216420BF
:1048A000FFF720FA0DF1030332460420FCF7ECF980
:1048B000034608B15821F2E704EB840404F66514BA
:1048C0009DF90300A2B201A9FCF7CEF99DF80430CE
:1048D0002B709DF805306B7002B070BD0023036033
:1048E0007047002070474FF0FF3070474FF0FF30A7
:1048F000704770477047002070474FF0FF30704797
:10490000002070470020704700230370704700228A
:10491000FFF7ACBF002070474FF0FF3070474FF0FB
:10492000FF3070474FF0FF307047C0B2704738B566
:10493000054691F827000C46FEF7B0FA18B9D321C6
:104940006A20FFF7CFF90023A38484F826300921D9
:10495000236A2846984718B103780BB1D721EFE7AF
:1049600038BD426808B5034611441A785960012AD7
:10497000A1F1500006D1FEF745FF40B9B7216A20EA
:10498000FFF7B0F9FEF73EFF08B9BC21F7E708BD15
:10499000F8B504460E4619B9012384F829303CE0E5
:1049A0000D78032DF8D8DFE805F03A0212154868B3
:1049B000C72802D800252846F8BD0421FEF7CAFF03
:1049C0000028F7D171682046FFF7CBFFF3E7FCF72B
:1049D0001BFAF0E790F82470FFB94D682846FCF701
:1049E000E7F90028D8D02978D9B9012222702B798B
:1049F0002181003B18BF0123E3726B79002B0CBFB0
:104A000002230423A372AB6860336360EB68236105
:104A1000032384F8263084F82520FCF7F5F90225D5
:104A2000C9E794F82630052B04D040F277116A20AC
:104A3000FFF758F927702B7994F827002781003B5E
:104A400018BF0123E3726B79002B0CBF02230423F0
:104A5000A372EB68A96860336360D4E906325B181F
:104A600042EBE172C4E90432042384F82630214683
:104A7000FEF748FA0028D0D140F27911D7E770B597
:104A80000D46044620B940F291116A20FFF72AF939
:104A900090F82860082900F2F080DFE811F0EB00C0
:104AA0000900410041007C0086009000A9009700A9
:104AB00090F82630033B012B02D94FF4CE71E4E786
:104AC000052390F8241080F82630002380F8293040
:104AD00011BBFFF746FF2378012B18D194F827006C
:104AE000FEF7FAF9C4E90601236A00213046984727
:104AF00001462046FFF74CFF022820D0002800F096
:104B0000BF80012840F0BF80236A0421EEE7D4E98A
:104B10000423C4E90623E7E7BDE87040FCF774B955
:104B200090F82630DA1E012A02D94FF4DD71ACE785
:104B300090F8242072B101463046FFF7F8FE002DB0
:104B400040F0A48000F054F9002800F09F8040F26B
:104B50002E219AE7042B0CBF02230123022980F89F
:104B60002630036A0CD1052130469847002800F012
:104B70008D800378002B00F0898040F2CF1184E70C
:104B80000621304698470028D9D00378002BD6D08C
:104B90004FF4EA7179E790F82630052B02D040F205
:104BA000DB1172E7036A0221A0E790F82630052B9B
:104BB00002D040F2E11168E7036A012196E790F81C
:104BC0002630052BA8D040F2E7115EE790F826309A
:104BD000052B02D04FF4F67157E7036A0A213046DD
:104BE000984701462046FFF7D3FE40F2EF114CE70D
:104BF00090F82630052B07D090F825200AB1032B1A
:104C000002D040F2F31140E794F824202AB1214663
:104C10003046BDE87040FFF78ABE94F8293073B182
:104C2000022384F8263084F82920236A082130469C
:104C3000984758B303784BB340F2FF1125E794F837
:104C4000252052B194F8270084F825302146FEF73C
:104C500059F9D8B94FF4017117E7022384F82630C7
:104C60000721236A3046984780B1037873B140F238
:104C70000B210AE74FF4047107E74FF4057104E7CD
:104C8000236A032132E740F22521FEE670BD70B5AC
:104C9000FCF706F9002405462646E0B2854200D816
:104CA00070BDFCF703F90134868480F82660F4E7D0
:104CB000F8B504460D46FCF7F3F800270646F8B2AF
:104CC000864204D8082D0CD96FF0150008E0FCF7D7
:104CD000EDF890F826300137002BF0D04FF0FF3080
:104CE000F8BD2CB129462046BDE8F840FCF7ECB8E9
:104CF00021462046F8E738B50546FCF7D7F80146C7
:104D000088B190F824408CB990F8263073B1013BFB
:104D1000012B04D82846FFF70AFE204638BD0123A0
:104D200080F82430F9E76FF00100F7E76FF0220018
:104D3000F4E770B50D46FCF7B9F8044600284AD0F0
:104D400090F82660731E012B4BD8002D46D02846C4
:104D5000FCF72EF8002841D02A7802BB01232370EB
:104D60002B792281003B18BF0123E3726B79002B62
:104D70000CBF02230423A372AB6860336360EB684B
:104D80002361032394F8270084F826302146FEF798
:104D9000B9F848BB4FF42B716A20FEF7A3FF022E2F
:104DA0001FD1002222702B7922819B1A18BF012368
:104DB000E3726B79934218BF0426A672EB68A96868
:104DC00060336360D4E906325B1842EBE172C4E9F8
:104DD00004320423D6E76FF0010070BD6FF01500B8
:104DE000FBE76FF02200F8E70020F6E7FCF758BD7C
:104DF00008B50020FCF764FE0068003818BF0120E9
:104E000008BD08B500F0AFF828B14FF0804302228A
:104E1000C3F8342C08BD00F088F80028F5D100F064
:104E200099F80028F1D1F5E74FF0804301221A608C
:104E300070474FF08043D3F8080400F0010070473A
:104E40004FF08043D3F8140400F0010070474FF096
:104E50008043D3F81C0400F0030070474FF08041FA
:104E60000246D1F81804D1F8181410F4803004D098
:104E700001F00300831A58425841704707B568464D
:104E8000FCF706FCDDE900024FF080730021E2FB35
:104E9000030103B05DF804FB08B5FCF7E3FBBDE8D4
:104EA0000840FCF7C9BB0346002018707047EFF3B9
:104EB000108272B603780121DBB2017002B962B6CA
:104EC000012B0CBF6FF0220000207047EFF310831E
:104ED00072B60022027003B962B600207047FFF775
:104EE0002DB84FF08053D3F83001A0F10F03584292
:104EF000584170474FF08053D3F83001A0F10A03B6
:104F00005842584170474FF08053D3F83001A0F118
:104F10000E035842584170474FF08053D3F8300188
:104F2000A0F110035842584170474FF08053D3F816
:104F30003001062803D0431C5842584170470120D5
:104F400070474FF08053D3F83001A0F10D03584261
:104F5000584170474FF08053D3F83001A0F1080357
:104F600058425841704708B5FFF7C4FF30B14FF0C1
:104F70008053D3F83401B0FA80F0400908BDFFF740
:104F80001FB8FFF71DB800280CBF6FF015000020F8
:104F900070470020704707230370002070470020EF
:104FA00070470020704710B50446FFF703FAA0428F
:104FB00094BF0020012010BD2DE9F04F1F7C046933
:104FC00087B098467D2FDB68039381460E461546D1
:104FD0000BD9AD4AAD483B4601211AF0DCFC6FF01D
:104FE0007905284607B0BDE8F08FBB1C04F2196AAA
:104FF000039984F818363A4650461FF06BF904F5C9
:10500000C06B584611F072FF022E34D00BD9F31E3C
:10501000012B4BD99E4A9D48334601211AF0BBFC17
:105020006FF08505DDE70023ADF8153095F85B30AE
:10503000C3F34002C3F380038DF8113001238DF8D0
:105040001330944B8DF8102093F8C4368DF814303B
:1050500006F0010604A904F5C3608DF812600BF098
:10506000B9F8002866D18C4A884801211AF08AFCD8
:105070006FF00405B5E70023ADF8143095F85B3008
:10508000C3F34002C3F380038DF8113001238DF880
:105090001230804B8DF8102093F8C4368DF8133001
:1050A00004A904F5C3600BF0C7F8DAE70023CDF8D4
:1050B000133095F85B30C3F34002C3F380038DF8DF
:1050C0001130331F5E425E418DF810208DF8126062
:1050D0001DF0B2FA01238DF814306E4B8DF81300D9
:1050E00093F8C4368DF81530D5E908026B4B83422E
:1050F0004FF00203934118D3694BA0FB030103FB5C
:105100000211AB6AC01841F100014FF47A7200231A
:10511000FBF746F91EF0D1FE0B4604A902460091AA
:1051200004F5C3601DF0ACFA9BE74FF0FF306FF061
:105130000041EAE7574BD3F8BC361BB14246002189
:10514000484698474FF0FF334FF0FF32584611F072
:10515000A7FE3A46039851461FF0BCF894F8C226C1
:1051600095F85B3062F3410385F85B3094F8C32611
:10517000DBB262F3820385F85B3094F89836052B36
:105180003FF676AF01A252F823F000BFAB51010009
:105190007B52010075520100A551010071500100C0
:1051A000755201006FF068051BE7D4F8A456002D76
:1051B0003FF417AF04F5D66757E90232134356D0D0
:1051C0002D78206800220023CDE9002300231A4611
:1051D000294605F00FF9064670B9324A2B480121DD
:1051E0001AF0D0FB6FF00B05D4F8A4061DF074FA8A
:1051F0000023C4F8A436F4E6D4F8A4162A460131F4
:105200001CF0EAF800280ADA274A204801211AF09F
:10521000B9FB6FF00B0530461BF054FEE4E794F841
:10522000B03686F8593094F9B136AE339BB2FE2BC6
:1052300028BFFE2386F85A3057F8080C57F804CCDC
:105240004FF47A75A0FB050105FB0C110CA3D3E903
:105250000023FBF7A5F8C6E90801B26230461BF04F
:1052600084FE2068314609F091FD0025D3E76FF0F8
:105270002205B9E76FF02205B3E66FF00F05B0E63F
:1052800000CA9A3B00000000A99A0300F07B0300CB
:10529000BF9A030080100020D89A0300037DC12527
:1052A00000CA9A3BEA9A0300049B03000000000036
:1052B0002DE9F74F0FF2D80BDBE900AB06464FF0B4
:1052C000FF384FF0FF394FF0FF324FF0FF3306F554
:1052D000886011F08FFD43681F78044600231A464A
:1052E0003946CDE90089306805F084F861683A46AE
:1052F000013105461CF070F80746002834D1237CA4
:1053000085F8593094F91130AE339BB2FE2B28BF8B
:10531000FE2385F85A30A27C95F85B3062F30003D7
:1053200085F85B30A068D4F80CE04FF47A71A0FBEC
:10533000010C01FB0EC152465B46FBF731F8C5E993
:105340000801AA62E27C95F85B3062F3C30385F83A
:105350005B30306829461AF02FFF00280DDA0A4A20
:105360000A4801211AF00EFB0023606863601DF0FB
:10537000B3F928461BF0A6FDA5E7606867601DF03D
:10538000ABF9A0E7AFF30080219B0300F07B0300A3
:1053900000CA9A3B000000002DE9F041464F474EFD
:1053A000BB883268464C474DB97947482980023B53
:1053B00013822368DB68984723682878D3F8148021
:1053C000424D09F053FC01463F48C047FB7E296827
:1053D0003D48C3F30002C3F300135B0043EA8203BA
:1053E00091F85B2022F00602134381F85B302368BA
:1053F0005B689847C00531D5786978B33F69D5F8BF
:10540000008007440AF05EF93B1A002B21DB87423B
:1054100000D201314FF47A7CA7FB0C0724A3D3E917
:1054200000230CFB0171FAF7BBFFC8E908012368F0
:10543000C8F828209C692A68336804212248A047BC
:10544000431D21D008B310F1230F0CBF0E200F20F5
:105450001BE0874228BF01F1FF31DBE7F97E2368BB
:1054600011F004011ED05B6817489847C1062368F5
:1054700004D59C692A6833680221DFE79B681248DB
:10548000984748B1421DDED10B20114B1870BDE882
:10549000F041042009F034BC23682A689C69336811
:1054A0000146CBE79C692A683368C7E7AFF3008001
:1054B00000CA9A3B00000000402D0020E06A002056
:1054C000DC6A0020507B00208C7B0300E46A002013
:1054D0003D7C002038B5044C044DAC4200D338BDAF
:1054E00054F8043B9847F8E7C07B0300C07B0300F7
:1054F00038B5054C256804EB850405B938BD54F86A
:105500000439013D9847F8E7B47B03002DE9F04FDB
:1055100091B08407009302F004030293C2F3C20324
:1055200003F10103DDF86890039205460E460593EA
:1055300040F0BA81041D30B1072909D86FF01B0073
:1055400011B0BDE8F08F01F00706341DC6F1080662
:10555000009B4FF00008591E4FF0040A4FF0FF3334
:105560000193CDF810804746C34653460DB1009ACB
:1055700022600598002800F3E8809848009A82424B
:1055800003D397488242C0F0E080039AA4EB050E53
:1055900092074FEA9E0000F103810F2F00F2B180C5
:1055A000002D00F0058107F140020DEB020C019A7D
:1055B0000CF8200C0CF8102C049801300490E7E053
:1055C0007A285DD84B280ED8472859D829282DD8B5
:1055D000252852D054D820287AD02338D0F1000B77
:1055E0004BEB000B74E04C382E2849D8DFE800F074
:1055F0007048484848484848484848484B48484800
:10560000484848484859484B4B595959704B6D4880
:105610007048184B184848827F4B48484B487F00D9
:1056200000204FF0000B4FF0040A38E02A38C0B2D7
:10563000012202FA00F010EA0E0F49D110F0625C6C
:105640002FD110EA020B43D06046013C5444B4FB16
:10565000FAF40AFB04F4002D61D0A3EB050CA4447A
:10566000B4453FF66BAF002868D1042B47D159F8F9
:10567000043B2360043404232AE0019A013A019296
:105680004FF0000B24E011F8010C6C2834D111F814
:10569000023C00206C2B8346C5D14FF0080A5346CC
:1056A000D3E709F1070929F007090734F9E802AB44
:1056B00024F0070435B106982044B0423FF63EAFCF
:1056C000C4E900AB08344FF0000B4FF0080A534612
:1056D00011F8010F002878D0BBF1000F7FF470AFF4
:1056E0002528F5D1019B013301934FF0010B4FF0B9
:1056F000040AECE7584694E700208346A5E7082B08
:1057000002D06FF015001BE709F1070929F007091E
:10571000F9E80223C4E9002308340823D8E768B96C
:10572000042B02D109F10409A4E7082BE9D109F1FE
:10573000070929F0070909F10809EDE7059A013A77
:10574000059259F8042B009210E7039A900720D590
:10575000A4EB050E4FEA9E004FF0010CBEF5007F52
:10576000CFD20F2FCDD8F5B107F140020DEB020ECD
:10577000C0B2019A0EF8200C0EF8102CBCF1000FEC
:105780003FF41AAF60F07F000EF8200C08F101081A
:105790000137C5F10802043406924FF6DA7E97E726
:1057A0004FF0000CDAE7BCF1000F01D00136EFE753
:1057B000029802360028EBD10098CDE90631FFF7B8
:1057C0004BF8DDE906310644E2E7631BB3F5806F71
:1057D00097D23DB9A6F10804E018B1E6B07903000C
:1057E000E8A40300029A28609B082B709DF81030F3
:1057F000C2B1EB7085F80280B8F1000F05D008A89F
:105800000022C5F1010C97420ED1C5F101030DF143
:1058100020094FF0000A01930DF1300B574512D1CA
:10582000601B8DE66B70E5E710F8013B190608D5A3
:1058300004EB0C0EB64503F07F033FF67FAE04F891
:10584000013B0132DFE7B8F1000F03D099F90020E6
:10585000002A17DB029BD3B11AF80B2004F8012BA6
:105860000022019B98182044B0423FF667AE99F899
:10587000000004F8010B0099039220461EF02AFD57
:10588000039A14440AF1010A09F10109C6E799F8DB
:10589000002055F822300093029B45F822300098F2
:1058A000FEF7DAFF421CDCE76FF00D0048E600BFB0
:1058B0002DE9F04F95B090F802A0DDF878B0029392
:1058C000CBF3C003044616460593894641B9457893
:1058D00000780AEB800020444D4516D8A0EB04095F
:1058E000E3780493BAF1000F02D01BF0010F15D139
:1058F000049B002B39D11EB1029A49462046B0477D
:105900004D46284615B0BDE8F08F471C3846FEF7D7
:10591000A3FF0130384409F10109DDE7227863680B
:1059200000920393009B9200069204EB8301002EE9
:1059300040F0D6804D460F4601EB0A080026B845D8
:1059400022D017F8013B009154F82300FEF784FFA2
:105950001F9B0099013033B1209BB34282BF1F9B34
:1059600023F8160001360544E9E71BF0020FC2D008
:10597000237800931F469B0006936368039304EB10
:105980008701002E44D14D46049B01EB0A071BF012
:10599000050F07EB43090BF002030CBF4FF0020A9F
:1059A0004FF0010A00934F45ABD017F8021B17F8D0
:1059B000013C54F823808D4B984502D38C4B98457D
:1059C00007D3059B93B1039819F092FA70B1023D89
:1059D000E9E7059B23B1039819F08AFA0028F6D16C
:1059E0001BF0010F05D1A5EB0A05DCE7009B002B9E
:1059F000D9D04046FEF730FF1F9B3BB1209BB342FE
:105A000081BF1F9A431C22F8163001360544CAE7AD
:105A1000BAF1000F69D01BF0040769D0D046002707
:105A200010A8524601911EF055FC0199049A01EB11
:105A30000A030193049B5B000893019B03EB420361
:105A400007930BF002030993079B019A934251D1EC
:105A500063781BF0020F07EB03020CBF4FEA5801FB
:105A600000211BF0010FD2B240F090801BF0040F18
:105A700014BF404600206270A070E170029A06993F
:105A800003932046B047051EFFF63BAF009B2370F3
:105A9000039B6370049B029A84F802A04146E37062
:105AA00010A8B047B0F10008C0F29B80069B029A94
:105AB0000198A9EB0A01C91A089BC91AB047002826
:105AC000C0F29180A84400EB08054FF000090DF1E9
:105AD000300BB9455CD30021029A0846B04710E765
:105AE00057460CA84FF000089BE75746D0469DE765
:105AF000B8469BE7019B13F8021B019313F8015C66
:105B00003A4B54F825209A4202D3394B9A421AD381
:105B1000059B23B1039819F0EBF9002894D1099B58
:105B2000E3B908F1500308F101020DEB030014ABD7
:105B300053FA82F208F1020800F8101C5FFA88F8A4
:105B400002F8105C80E7059B2BB1039819F0D0F99F
:105B500000287FF479AF1BF0010F08D007F1500344
:105B60007A1C0DEB030707F8205CD7B26CE71BF03B
:105B7000040F3FF469AF08F1500308F101020DEB87
:105B8000030808F8105C5FFA82F85DE7002072E70E
:105B900019F80B308DF82F3054F823A01F9BEBB170
:105BA00033F81980029A01210DF12F00B047002827
:105BB00019DB0544B8F1000F06D15046FEF74CFE44
:105BC00000F101081FFA88F8029A41465046B04792
:105BD000002808DB054409F101097AE7DDF87C803B
:105BE000E0E745468DE605468BE600BFB079030049
:105BF000E8A40300014B1860704700BF00010020BB
:105C000030B587B00025CDE903010446009503A90E
:105C10000548059500F06CF8DDE904309842B8BFFE
:105C2000255407B030BD00BF3FEF0200F0B5094E6C
:105C3000016802460A2700200B4601311C78355DB9
:105C40006D0701D41360F0BD07FB0043A3F13000E2
:105C5000F2E700BF639F03002DE9F84F15469A460F
:105C6000D378224A12F803B06F2B80460F460BF010
:105C7000030B29D024D8582B0CBF10260A26DDF898
:105C800028903246002340463946FAF7D9FB092AC4
:105C9000D4B21ED83034B045E4B277F1000709F829
:105CA000014D01D3D14511D82B789B0605D5082E7F
:105CB00015D1AB7843F00803AB704846BDE8F88FC8
:105CC00003F0F703702BD7E70826D8E780460F4686
:105CD000D7E7BBF1010F0CBF37345734DBE7102E89
:105CE000EBD1AB7843F01003E6E700BF639F0300FE
:105CF0002DE9F04F97B08A46039016461C460025C2
:105D0000307808B928464BE3731C2528049307D044
:105D1000039B514698470028C0F242830135F0E1C9
:105D20001822002110A81EF0FDFA7378252B00F030
:105D3000A3800023711C98469E469C4618460F4639
:105D400011F8012B2B2A00F0C68000F2BD80202A1A
:105D500000F0C480232A00F0C4802BB19DF84830A5
:105D600043F040038DF84830B8F1000F05D09DF89E
:105D7000483043F020038DF84830BEF1000F05D0C5
:105D80009DF8483043F010038DF84830BCF1000F07
:105D900005D09DF8483043F008038DF8483028B10D
:105DA0009DF8483043F004038DF848309DF84830A2
:105DB00003F04401442903D16FF386138DF8483072
:105DC0009DF84830099743F080032A2A8DF848301F
:105DD00040F08C809DF8493043F001038DF8493044
:105DE0007B1C1A782E2A9DF849200CBF0121002126
:105DF00061F341028DF849200CD15A1C09925A785E
:105E00002A2A40F083809DF8492042F004028DF850
:105E1000492002331A786C2A00F0A48000F28680B0
:105E2000682A00F08C806A2A00F0A5804C2A00F0D5
:105E3000AA801A4612F8013B0492782B9DF849205B
:105E40008DF84B3000F217816D2B00F2A980692B81
:105E500000F21181572B00F2BE80412B03D0453B4D
:105E6000022B00F208819DF84A30042262F30203FB
:105E70008DF84A300123CAE0B21C04928DF84B30F1
:105E80009DF84930D90740F1FD8054F8048BB8F1F2
:105E9000000F07DA9DF8482042F004028DF84820F0
:105EA000C8F100085A0740F1F68054F804BBBBF172
:105EB000000F80F2F5809DF849306FF341038DF8B3
:105EC00049304FF0FF3BEBE02D2A0DD0302A7FF414
:105ED00044AF012333E74FF0010C30E74FF0010EE0
:105EE0002DE74FF001082AE7012028E709A8FFF76E
:105EF0009DFE099BBB423FF474AF9DF84820139070
:105F0000C00F60F341028DF848206AE709A8FFF747
:105F10008DFE9DF848301490C3F3400242EAD072DF
:105F200062F341038DF84830099B73E7742A26D049
:105F30007A2A7FF47EAF9DF8492006210CE05A783A
:105F4000682A9DF8492006D1012161F3C6028DF827
:105F5000492002336DE7022161F3C6028DF8492022
:105F6000013366E75A786C2A9DF8492001D1042153
:105F7000EBE70321F0E79DF849200521ECE79DF8C8
:105F800049200721E8E7BDF8482022F4F04222F03A
:105F9000020242F4804242F00202ADF84820DFE7FC
:105FA0006E3BD9B201238B4040F282410B4238D183
:105FB00013F0240F52D1DF075DD59DF84A3003213D
:105FC00061F302038DF84A3002F07803A3F1400038
:105FD000434243411BE0A3F15801C9B2012000FA3A
:105FE00001F111F4624F7FF43EAF40F601073942F0
:105FF0001DD111F4043F3ED09DF84A3060F30203F6
:1060000002F07802402A8DF84A3034D000239DF8FF
:106010004820C2F340010B4363F341028DF848204E
:106020002EE79DF84A30022161F30203E8E79DF86C
:106030004A10022002F0780260F30201402A8DF833
:106040004A1002BF9DF8481041F001018DF8481038
:10605000632BDBD1131E18BF0123D8E79DF84A300C
:10606000032161F3020312F0780F8DF84A3014BF58
:1060700001230023CBE79DF8483043F001038DF85E
:106080004830C3E79DF94820002AB4BFDDF84C80B2
:106090004FF0FF3806E79F077FF513AFDDF850B0EC
:1060A0009DF849100023CDE913339DF84A3003F0E1
:1060B0000703012BC1F3C30133D1CB1E042B04D83A
:1060C000DFE803F0214646212100236801294FEA39
:1060D000E372CDE910321CD19DF94030DA17CDE9D9
:1060E000103204349DF8483013F0030750D0049B5D
:1060F00003983246514618F059FF0028C0F25081EB
:106100000544049EFCE554F8043BDA17CDE910324F
:10611000E8E70229E5D11AB243F3C033CDE91023F1
:10612000DFE7022B24D1CB1E042B04D8DFE803F0D9
:10613000181010181800012954F8043B4FF0000201
:1061400014D00229CDE91032CCD19BB21093C9E70B
:10615000073424F00704F4E80223CDE91023C1E753
:1061600054F8043B109300231193BBE7DBB2CDE757
:10617000042B08D1073424F00704D4E900230834A1
:10618000CDE91023AEE7032BACD154F8043BDDE797
:106190009DF84B007828B4D862281DD825283FF4F4
:1061A000B7AD5828ADD10DF13E030093DDE91001E4
:1061B0000AAB12AAFFF750FDBBF1000F814680F237
:1061C0009980B9F1000F9CD00DF13E06A6EB0903B2
:1061D000002F50D001334EE06338152891D801A22A
:1061E00052F820F065620100C962010003610100FC
:1061F000036101000361010003610100C962010044
:1062000003610100036101000361010003610100FA
:1062100055630100EF620100176301000361010093
:10622000036101003D62010003610100EF620100B2
:106230000361010003610100EF620100BBF1000F87
:10624000DDF840900ADB594648461EF007F9B9F1DF
:10625000000F3FF456AF09EB000677E04846FEF723
:10626000FBFAF8E7109B8DF8283000270DF129067E
:106270000DF1280901239DF84A1011F01002069231
:1062800000F082800233139A059213444A0644BFF9
:1062900014995B18B8F1000F40F38F80A8EB030846
:1062A0009DF848305807C3F3800B00F186805906EB
:1062B00079D53FB1039B51463846984700286FDB9C
:1062C00001355F4630236FE01E075CBFC3F3001348
:1062D0005F01DDE9102348BF2B27002BBFF663AF1A
:1062E000524263EB4303CDE910232D275BE70027E0
:1062F00059E700279DF848100DF13E03A3EB090371
:106300006FF386119B458DF848107FF65AAFABEBC3
:106310000303139355E7109880B30DF13E060AABC3
:10632000009612AA0021FFF797FCBDF84A3003F04F
:10633000EF0343F4F04343F01003BBF1000F814639
:10634000ADF84A30D5DA00283FF4DBAEA6EB0903FE
:10635000002790E7109B07293FF6D3AEDFE801F056
:106360000C04060C08080C0C1D70CAE61D80C8E65B
:10637000EA17C3E90052C4E61D60C2E6304E074684
:10638000A6F10509052376E7080748BF01337AE738
:10639000184607935146039B98470028079B04DA49
:1063A00017B0BDE8F08F2023C346594600290BF1F2
:1063B000FF3BEDDC45446D1AD84637B1039B51468F
:1063C000384698470028EBDB01359DF84A30DA065D
:1063D00001D41B0706D5039B51463020984700285F
:1063E000DEDB0135069B3BB19DF84B00039B51461C
:1063F00098470028D4DB0135059F2F4406E0039B16
:106400005146302098470028CADB01357B1B002B02
:10641000F5DC039833464A46514618F0C7FD00287C
:10642000BEDB0544A844A8EB0503002B7FF769AE4B
:10643000039B5146202098470028B1DB0135F2E745
:10644000D68B030008B50446EFF31183402383F392
:106450001288BFF36F8F08F0B5F9204602F0A8FC50
:10646000024818F07FFD19F09EFCFCE7D78B030073
:106470002DE9F047858B04462807904611D4022960
:1064800005F0070540F0CC80204619F013F878B1EC
:106490000138A18B042811D8DFE800F0C2106D8507
:1064A000950001290CBF45F0100545F02005A58396
:1064B00088F31188BFF36F8FBDE8F08701F0070AFA
:1064C000AA4500F0A5800027B9463E46A368002BE8
:1064D00000F0BC8041F00801A18388F31188BFF36C
:1064E0006F8FA168002900F0BA800D68002900F0C4
:1064F000B680D1F80480334652462046C047002D6E
:1065000076D02B6829461D46F0E701F007035A1F95
:10651000012A1BD8002221F00701062B276889B227
:10652000C4E9002209D13B4603E0E28B0132E28359
:106530001B68002BF9D141F00201A183204618F01D
:10654000B9FF00287AD041F0200176E0042B0AD16F
:1065500021F0070189B2A183204618F0ABFF10B1EA
:1065600041F02001A183A18B01F0070AAA454FD079
:106570000027B946AAE7236921F0070141F0060187
:10658000062DD3F80090A1832DD1B9F1000F3FD093
:1065900041F00801A18388F31188BFF36F8F3A4956
:1065A0002046C84729E021F00701236941F0040192
:1065B00089B2042DD3F80490A183E6D000273E468B
:1065C0004FF0040A82E721F00701236941F0050139
:1065D00089B2052DD3F80890A183D6D000273E4676
:1065E0004FF0050A72E700273E464FF0060A6DE7B6
:1065F0002B4687E7B9F1000FD1D1EFF31188402383
:1066000083F31288BFF36F8FA38B23F00803A38358
:10661000A58BEA062ED525F01003A38305F0070508
:10662000A669A18B002EBFF670AF00232768C4E9CE
:10663000003321F0070141F00101A183A18B01F09A
:10664000070AAA454FF000097FF440AF002F9CD005
:1066500041F00801A18388F31188BFF36F8F002FE9
:10666000C8D03D68394633465246204618F04EFFA2
:106670002F46F4E7AB067FF51BAF25F02003A3837D
:1066800005F0070500E700BF39F502002DE9F047E6
:10669000DFF85880044607464FF0010914B9384620
:1066A000BDE8F08794FAA4F5B5FA85F509FA05F383
:1066B0002E0108EB05156FEA030A24EA03042B7B7D
:1066C000002BEBD058F806301B694BB94644012229
:1066D00073682846196807EA0A0700F059FADDE7E7
:1066E000284698470028D9D1F0E700BFA07C0300D6
:1066F00030B51049104889B000221DF049FB0F4DFC
:106700000F4900220023CDE9062300240E23CDE902
:106710000334CDE901440B4B00944FF4006228464A
:1067200010F00AFE084928461DF096F9204609B0E7
:1067300030BD00BF4D670100D82700208017002022
:10674000008B00203D6A0100078C0300014810F017
:1067500083BB00BF840700202DE9F04780461F4817
:106760000F4619F089F80646002830D00025284643
:10677000BDE8F087237B6BB12368DB680BB1204653
:10678000984723681B69D3B96368012219682046BA
:1067900000F0FEF9013610344C45EBD3B8F1000F90
:1067A000E5D0002DE2D02846FFF770FF0546002F08
:1067B000F7D000214FF4A47011F09AF8F1E72046C9
:1067C00098470028E0D00AFA06F31D43E2E7044C9C
:1067D000DFF8109005464FF0010ADDE7104C00206D
:1067E000A07C0300C07C0300014B53F820007047DD
:1067F000CC7D030008B5034608462BB1044A13605C
:1068000000F044FC002008BD6FF01500FBE700BF5E
:106810000401002010B5044C237813B9034810F08C
:106820001BFB0123237010BD587B00208407002030
:1068300010B50446084819F01FF85CB1BFF35B8F30
:10684000064B53E8001F013943E80012002AF8D133
:10685000BFF35B8F10BD00BF084C00200C4C002024
:106860000020064BBFF35B8F014653E8000F43E85F
:106870000012002AF9D1BFF35B8F7047084C00204B
:1068800070B5FFF7EDFF084C084E0546B44200D343
:1068900070BD63685B792BB123685B6813B12946CF
:1068A000204698471034F1E7A07C0300C07C030029
:1068B00010B5044C0449204618F089FC034B1C60B9
:1068C00010BD00BF88050020B87D0300004C0020EB
:1068D000084A094808B500231370084A1360084A9B
:1068E0004FF400411360FFF785FFBDE80840FFF754
:1068F000DFBF00BF597B002075F80200084C002064
:106900000C4C0020014600220148002318F080BCF6
:1069100088050020014818F016BD00BF880500203A
:10692000024B0146186818F062BD00BF004C002001
:10693000014818F097BD00BF8805002070B5284BAE
:10694000187800284BD0FFF7E5FF054690B1BFF35C
:106950005B8F244B53E8001F013943E80012002AE3
:10696000F8D1BFF35B8F204C204EB4422DD3284684
:10697000FFF7D6FF1E4B1F4C1B68002B19DD1DF0C7
:10698000C0F94FF47A72A0FB020302FB0131C30B82
:10699000D4E9002043EA41439B1A4FEAD13140F247
:1069A000E93261EB0001934271F1000101D3FFF77D
:1069B00067FFD4E9003213F57A7342F10002C4E9AB
:1069C0000032BDE87040FFF7B3BF63685B7923B165
:1069D000236829461B68204698471034C5E770BDD8
:1069E000587B00200C4C0020A07C0300C07C0300DE
:1069F000084C0020D027002070B50D4D297861B9D2
:106A00000120FFF7A9FE0B4C0B4EB44206D3FFF753
:106A100095FF0028FBD101232B7070BD63685B7963
:106A20001BB1236820469B6898471034EDE700BFF0
:106A3000597B0020A07C0300C07C030000212DE9CD
:106A4000F0470846FFF788FE044648B340F26768FF
:106A50004FF0000910F088FF1A4B186030B11A4B44
:106A60001B68092B02DD194810F0F6F9184FDFF802
:106A70005CA0002544B12046FFF708FE044618B983
:106A80004FF0FF384FF0FF39FFF758FF064628B99F
:106A9000B5B942464B46504610F002FA3546E9E792
:106AA0004FF0FF384FF0FF39D4E72B689B691BB1DB
:106AB00000221146284698471035BD42F5D3E8E735
:106AC000044DFAE7044C00200C4C00208407002001
:106AD000C07C0300A07C030013B5184818F0CCFE5E
:106AE000174B1B7873B1EFF31184402383F31288A3
:106AF000BFF36F8FFFF722FF84F31188BFF36F8F0F
:106B000002B010BD0F4B1B68002BF9D050B900220A
:106B10000023CDE900230C484FF40042002311F07C
:106B20008BF9EDE70928EBD107481DF03DF907483F
:106B300002B0BDE8104010F08FB900BF0C4C00202F
:106B4000597B0020044C0020D82700208407002017
:106B500010B5064B1B68044698472146A0600448C0
:106B600018F0D2FBBDE81040FFF7B6BF04010020CB
:106B700088050020044A054B9B1AB1EBD30F34BFA4
:106B800052F8310000207047C07B0300A07C030056
:106B9000084BC31A10B41B114468013323714368B6
:106BA0009A7143681960436801225A7110BCFFF75B
:106BB00031BE00BFA07C03002DE9F04F8FB0C1F3C0
:106BC0004A2605900D46904606930C0D002E43D0A4
:106BD000002709AB4FF0040B4FF00A0A0193CDF8E0
:106BE00008B00BABCDF800A03A4631464046CDE99F
:106BF0000B770D97FEF75CFEB0F5006FB1460346CC
:106C000033D2C0F30A0604F11700184420F007003D
:106C100080080793FFF776FE66F35325044680B19C
:106C2000079B134ACDF808B000F11001CDE90C37ED
:106C300009ABCDE900A30B910BAB49464046FEF7EB
:106C400037FE66F35325069B05992A4620460FB06A
:106C5000BDE8F04F18F046BE04F1170020F0070021
:106C60008008FFF74FFE0446EBE70FB0BDE8F08F5A
:106C7000B9F802002DE9F04F87B0DDE91269DDE9CE
:106C8000105A04460F4693469846A6B31021CDF8F5
:106C90000090334652460020CDF81490FEF736FCA3
:106CA000014605F117000844144B039104F0070452
:106CB0000BF0070BE40020F0070003EA412344EA4D
:106CC0008B1480081C43FFF71DFE44EA055405465B
:106CD00040B13EB10399CDF8009033465246103092
:106CE000FEF714FC434622463946284607B0BDE865
:106CF000F04F18F0F7BD3146D3E700BF00FE0F009C
:106D0000406820B1034BC01A40F3CF0070474FF0EA
:106D1000FF307047C07B03000EB403B503AB0146E0
:106D200053F8042B0448019318F059FE02B05DF8A3
:106D300004EB03B0704700BF07FA0200CA0605D48F
:106D40008B064CBF02490349FFF7E6BF704700BFFF
:106D500041A2030040A203002DE9F04F89B09A46FA
:106D6000149B06939DF84CB0159B0593169B179E9C
:106D7000049304460D469046BBF1000F00F09D8041
:106D800006F48073079318F095FD06F00209024699
:106D900000283ED092492046FFF7BEFF0746B9F1D2
:106DA000000F08D016F0440F35D18E492A462046F0
:106DB000FFF7B2FF074406F0010353B18A4B8B493A
:106DC00053F82B208A4B2046002A08BF1A46FFF7AB
:106DD000A3FF06F48073002B49D006F00803002BB4
:106DE00063D1B8F1000F66D0824942462046FFF7D2
:106DF00093FF0546069B3D44002B6DD1049B002B61
:106E000073D1F30700F1E58031462046FFF796FF86
:106E1000D9E00746C3E7784B18680028CAD0774BFB
:106E20004FF47A791B68B5FBF3F54FF46161B5FB5C
:106E3000F0F300FB135509FB05F54FF03C0CB3FBD9
:106E4000F1F201FB1231B5FBF0FEB1FBFCF300FBEC
:106E50001E550CFB131109FB05F50091B5FBF0F570
:106E60006749CDE901E52046FFF756FFA2E706F0A6
:106E70000803EBB1634B644953F82B202046FFF71E
:106E80004BFF0546B8F1000F05D05A49424620464F
:106E9000FFF742FF0544BAF1000FABD05B49524601
:106EA0002046FFF739FF0544A4E74FF0000AE1E769
:106EB00006F00805E6E745469CE7BAF1010F069B98
:106EC00006D1002B65D1049B002B7CD000250CE063
:106ED000002BF8D04E485DE04E48069B4E492246B6
:106EE00017F0D5FF049B002B69D0DFF83081DFF865
:106EF0003091049F3146102F204628BF1027FFF7FE
:106F00001DFF4FF0000A554546DC059B49461A789F
:106F10002046FFF701FF4FF0010A1AF0070F03D1D7
:106F200041462046FFF7F8FE57453CD9059B4946A8
:106F300013F80A202046FFF7EFFE0AF1010ABAF122
:106F4000100FEAD1374920464FF0000AFFF7E4FE60
:106F50005246059B9A5C344B995C11F0970F08BF21
:106F60002E2232492046FFF7D7FE0AF1010ABAF174
:106F7000100F1DD01AF0070F03D141462046FFF72E
:106F8000CBFE57455246E4D841462046FFF7C4FEA3
:106F9000EBE720485D46A0E741462046FFF7BCFEF0
:106FA0000AF1010AAFE722492046FFF7B5FEC4E720
:106FB000059B3B440593049BDB1B049399D1BBF1D8
:106FC000000F7FF41EAF204609B0BDE8F04F18F067
:106FD0000DBD074A05492046FFF79EFE14E700BF96
:106FE000218C0300258C0300DC7D03004A8C030008
:106FF0001C8C03004D8C0300184C0020144C002006
:107000002E8C0300F07D0300518C0300578C03008D
:107010003DFA020007FA0200DFF90200648C030067
:107020005C8C0300668C0300639F0300688C030084
:10703000628C030073B542F20F738B4228BF0B467C
:1070400005680F4A04460521684617F098FF6368F3
:107050000C495B6806460B22284618F0B2FC6368B0
:107060003246694628465B6818F0ABFC63680649FF
:107070005B681B22284618F0A4FC02B070BD00BF5C
:10708000BC9B0300878C03006B8C0300074A002124
:107090000123904206D8064A01B901231360054B2B
:1070A0001860704740085B000121F2E740420F0082
:1070B000144C0020184C0020014B01221A7070471C
:1070C0005A7B0020014B002019607047304C002093
:1070D000024B034801221A7018F088BC5B7B002029
:1070E000207E03000148FFF7A5BF00BF207E0300FC
:1070F00010B5064B18680C46FFF776FB2146034691
:10710000BDE8104002480F22184700BF304C002055
:10711000207E030010B9074B18707047064B1B7890
:107120001BB141F288301CF024BAA420002110F0D9
:10713000DFBB00BF5A7B00205B7B00202DE9F843BA
:10714000DFF874901D4F80460E46042499F80050D5
:1071500095B90FF085FB2846324641460FF032FBC9
:1071600005460FF087FBE5B101233B7099F800302D
:1071700073B93046BDE8F8833246414600200FF02F
:1071800021FB0546EFE72046FFF7C4FF651E2C46AE
:1071900000200FF05BFB0028EBD03B78002BF2D1F6
:1071A000E7E73B78002BE4D0013C2046FFF7B2FF35
:1071B0003B78002BCAD1DCE75B7B00205A7B0020A8
:1071C000014B002019607047484C0020014B012200
:1071D0001A7070476C7B00200248402200211DF08D
:1071E000A1B800BF6D7B002038B50C4B0546187860
:1071F0000C4660B108F084FCA1B2284608F050FCAF
:107200002246002106481DF08DF8204638BD054A6B
:107210002B460D2112F022FEF2E700BF6C7B00200E
:107220006D7B00204A8C03000148FFF703BF00BFBD
:107230004C7E030010B5064B18680C46FFF7D4FAD5
:1072400021460346BDE8104002481F22184700BFF0
:10725000484C00204C7E0300014B03600020704727
:107260005C7E0300F0B40C4B0C4E5F6A0C4BB342D7
:1072700003D36FF08500F0BC70475D68BD4209D351
:107280001C693CB195F802C00579AC4502D1234692
:10729000F0BC18472433EAE74C4C0020C409002016
:1072A000A00900202DE9F047134CDFF85080DFF8EB
:1072B000509005460E461746444503D36FF08500AF
:1072C000BDE8F0876268D9F824309A4212D3A369E6
:1072D00083B190782979884205D13A4631462846CB
:1072E000BDE8F04718475279012A03D13A463146A2
:1072F000284698472434DFE7A0090020C40900206D
:107300004C4C00202DE9F0410B4CDFF83080054655
:107310000E461746444502D36FF0850009E06369C5
:107320000BB92434F6E73A463146284698470028F8
:10733000F7D1BDE8F08100BFA0090020C4090020FA
:10734000024B00221A605A60704700BF8754002029
:1073500070B50B4B0B4CA34201D3002070BD196AD2
:107360001E7F00220439D5B2AE4201D82433F2E7A1
:10737000013211F832508542F5D10120EEE700BF0D
:10738000A0090020C409002008B509480378C3F308
:1073900041130A3350F823303BB100F1080200F1E9
:1073A00010019847C043C00F08BD1846FCE700BF56
:1073B0004C4C002073B5C4B263060D468DF80740EF
:1073C00007D02046FFF7C4FF78B10D4B93F83A0879
:1073D00058B10B4E204655B104F014F8F3691BB1B7
:1073E0000DF1070108209847012002B070BD04F09C
:1073F0003BF8F369002BF7D00DF107010920F2E704
:107400004C4C002008B50346034A0448012118F0FB
:10741000C2FA002008BD00BFD68C0300887C0300A0
:1074200004282DE9F74FDFF89C9004460F4615D04D
:1074300001282FD1DFF8908098F8393853B300F045
:1074400091FE224D4D4522D22A6A4FF0000A2B7F31
:107450005FFA8AF6B34204D82435F3E7FFF770FFEA
:10746000E8E702EBC606019230791AF045FB834645
:10747000307918F026FBD8F84438019A23EA000343
:10748000BBF1000FC8F844380AF1010ADFDA002323
:1074900088F839380D4D4D4508D30B4B1B6A6BB13D
:1074A0003946204603B0BDE8F04F1847EB681BB1E2
:1074B0003A462146284698472435ECE703B0BDE814
:1074C000F08F00BFC40900204C4C0020A009002010
:1074D00038B505461AF010FB10F1780F044608D0B5
:1074E00038B10A4A0A482B46012118F054FA2046BE
:1074F00038BD284618F0E5FA064AD2F8443823EA9F
:107500000003C2F844380024F1E700BFF18C030007
:10751000887C03004C4C002073B5044680788DF8BD
:10752000000023796279214D43EA0223ADF802304D
:10753000E37803F003038DF8043018F0C2FAD5F8AD
:107540004438184206460CD0A478204600F0ECFDE2
:107550002046FFF7BDFF1CF079FA10B9962010F015
:10756000E5F9684603F022FF10F1780F9DF800302E
:1075700008D038B10E4A0F48012118F00CFA00204B
:1075800002B070BD184603F0ABFF10F1780F04D0C5
:1075900018B19DF80030084AEDE7D5F844380120CD
:1075A000334385F83908C5F84438E9E74C4C0020E6
:1075B000138D0300887C0300378D03002DE9F0470D
:1075C000A34EB36904460F461546FBB9237803F072
:1075D0001F03012B00F09D80022B00F0048133BBC0
:1075E00094F900002A686178002834DA062912D05C
:1075F00008292BD0D9B901231370517096F843385C
:107600005B0043F00103137002232AE1984700282E
:10761000DCD100200DE06288100A011F0129844698
:1076200005D9072803D8716AD2B20C781CB96FF05B
:107630001500BDE8F0874E78664503D19A4200F008
:107640000B8101332144F0E70B780AE196F83A38D0
:107650001370012305E101390829E8D801A353F883
:1076600021F000BFFD7601002F7601000B770100AD
:107670002F760100897601002F7601002F76010018
:107680002F76010095760100A07803F05BFE0028BC
:10769000BFD0CCE76388756A63BBFFF751FE638890
:1076A00086F83A38F369002BB3D06A49032098472B
:1076B000AFE76B78042B10D0052B11D0022B04D12F
:1076C0006F796388BB4208BF01202B781D442B785B
:1076D000002BEED10028AAD0DFE795F80380F4E76D
:1076E0006388BB42F1D1B8F1000FEED12846FFF715
:1076F00013FFEAE7FF270020B846E8E76388012B7D
:1077000095D1002386F8433883E76388012B8ED117
:10771000F8E796F83A38D5F800C0002B87D0756A9C
:10772000A38894F804E02A46107800283FF47FAF3D
:107730005178022904D192F80480F04500F2938038
:107740000244F1E78CF800208CF80120396060E7F2
:10775000154494E00B2A7FF46AAF00274FF0FF082E
:10776000C146BA4606E06B78042B0FD0052B21D01A
:107770002B781D442B78002BF5D1F36913B15146BA
:1077800007209847002F7FF444AF50E795F8028018
:10779000A38895F803909845EAD163889945E7D185
:1077A000B8F1070F1CD806EB0803AA4683F83B98EC
:1077B0000127DDE7A3884345DAD1A3784B450AD0FA
:1077C000AF78384600F0B0FC3846FFF781FEB0FADB
:1077D00080F77F09CCE72846FFF79EFE0746C7E7FC
:1077E000AA460027C4E794F900206378002A18DA33
:1077F000002B7FF41CAF24792D6863060AD0204645
:10780000FFF7A6FD00283FF412AF96F83A38002B98
:107810003FF40DAF2946204603F046FE00236B706F
:10782000F2E6012B08D0032B7FF401AF6388002B15
:107830007FF4FDAE012103E0618800297FF4F7AEFB
:10784000A088FFF7B7FD00287FF4E3AEEFE600BFA6
:107850004C4C002086540020022829607FF4F4AEAE
:107860004B883B60D5E694F9000062780028BFF6AB
:1078700071AF002A3FF466AF0A2A7FF4D8AE2A78A7
:10788000002A3FF4D4AE697804297FF461AFA97867
:107890008B427FF45DAF072B96BF9B19002393F8B3
:1078A0003B388CF80030D4E613B5164C237DF3B981
:1078B000E268A168019201AB802018F010F9019AEA
:1078C000A3681344A360E3689B1AE3606BB962B1D9
:1078D0002369E2889A4208DD94F8482893FBF2F184
:1078E00002FB11330BB90123237502B010BD002335
:1078F0001A4619468020237502B0BDE8104003F0F7
:1079000019BE00BF4C4C00207FB500230D460193EB
:107910000646002863D100293BD108220B460DEB17
:1079200002011AF002F9002804DA802003F06AFD4F
:1079300004B070BD2F4C029A2260039A626004F179
:107940003802A2609DF90820BDF80E302575002A86
:10795000C4E9035510DBB3F5006F09D9264A27485F
:10796000012118F00FF8802003F04CFD2846DDE7D8
:1079700013B1C4E90333DBE7FFF706FD0028D4D0D9
:10798000E28823699A42D4BFE260E360FFF78CFF8C
:10799000CEE7184CD4E90212002A01AB05DC0246FE
:1079A0001AF0C3F80028C3DABFE71AF0BEF80028BF
:1079B00004DA802003F026FD3046B7E7019AA36879
:1079C0001344A360E3689B1AE360002BB0D104F179
:1079D0003803A360FFF7D8FC0028D7D1A5E780289B
:1079E000A6D1044BDA68002AD0D11B7D002BCDD163
:1079F0009EE700BF4C4C0020588D0300887C03009C
:107A0000054B064A9A62064ADA62064A1A63064A31
:107A100058629A61002070474C4C0020BD750100EF
:107A20006572010005730100A57201002DE9F341A3
:107A300004464B4D4B484FF0FF334FF0FF320FF0F1
:107A400025F995F83838002B40F086806B6A9BB991
:107A500000F0DCF8FFF7D4FF6B6A6BB9424A434889
:107A6000012117F08FFF4FF0FF343E480FF086F9E9
:107A7000204602B0BDE8F0813D482C62E8616E6AA4
:107A800003F09AFE03F02CFC041EEEDB00F08CFBEE
:107A9000041EEADB7378012B01D1F3793BB9354A37
:107AA0003248012117F06EFF6FF01504DDE7002664
:107AB000684685F84838ADF802308DF804608DF8D6
:107AC000006003F073FC041ECFDB802768468DF84E
:107AD000007003F06BFC041EC7DB2749304603F03F
:107AE00057FE041EC1DB2449384603F051FE041E34
:107AF000BBDB224CDFF8888044451AD3002003F01A
:107B0000EFFC041EB1DBD5F84438802043F00103BC
:107B1000C5F8443803F0E4FC041EA6DBD5F844386D
:107B200043F48033C5F84438012385F838380024FD
:107B30009BE7276A0026227FF3B29A4201D82434B9
:107B4000DAE707EBC30257F83310107903F020FE91
:107B500001360028EFD086E76FF0770485E700BF95
:107B60004C4C002058070020718D0300887C0300D6
:107B700021740100968D030009790100A0090020FD
:107B8000C409002030B51F4B8BB005AA03F11005C6
:107B900018685968144603C40833AB422246F7D12B
:107BA0001B7823701022002101A81CF0BBFB1222BD
:107BB000002115481CF0B6FB102101A81AF095F918
:107BC00000281BDD0828B8BF0820093801AB0E4982
:107BD0001A18002012F8013F0AAC04EB131403F04A
:107BE0000F0328336B44013014F8144C13F8143C81
:107BF0000C7008284B7001F10201EBD102480BB068
:107C000030BD00BFD08D0300AE7B00202DE9F04FCA
:107C1000884B87B093F800B000AFBBF1000F04D0E1
:107C200085481C37BD46BDE8F08F834C00264FF0D9
:107C3000011AB0463546B14623783BB97F4B023432
:107C40009C42F3D17B4A01231370E9E76378052B4B
:107C50001DD8DFE813F0AC000600ED00AC001F00FB
:107C60005000402387F810B07B8287F814B007F1EA
:107C7000100003F079FB40B108237B8207F110006C
:107C800003F072FB08B1A7F812B07B8AE371237886
:107C90001C44D1E7E378002BF9D1A37813B308F1A2
:107CA00001085FFA88F8F2E76B689C421CD0243523
:107CB000634B9D42F8D36D4688B06A46614BC2E97A
:107CC0000534032342F8103F5F4800234FF4C251AC
:107CD000FEF772FFAD465C485C4A012117F052FE88
:107CE00000209EE75A4DE3E7AB68002BD7D0414612
:107CF00020469847D3E7002D57D1564A52480121D4
:107D000017F040FEE7E72B6AA27803EBC103FB60A4
:107D10001B799A4205D001312B7F9942F3D34E4A09
:107D2000ECE70123E07800F003003875207994F83F
:107D300005C040EA0C20788294F902000028DAB2EB
:107D400028DA03F110004FF0010C0CFA00F010EAF1
:107D50000A0F26D142F08000387407F11000C7E9FD
:107D60000032B96003F000FBD7E901213B68C0B9DC
:107D7000397CF868A17011F0800F18BF10320171C2
:107D800018BFD2B24FF0010114BF914099404AEAA6
:107D9000010A7CE70120984010EA0A0F01D1104641
:107DA000DAE70133102BBDD1B5E70021B4E7032E8C
:107DB00025D1FFF7E7FEF86050B1FCF74DFD38B173
:107DC0001028FB6810D0254A1F48012117F0DAFD62
:107DD00023786FF00201E218091B04EB5303D14230
:107DE00014D50136F6B252E7184600F11002A31C72
:107DF00050F8041B43F8041B9042F9D1E8E7002E29
:107E0000E6D1B9F1000F08D1154A77E702F801BCB5
:107E100013F8010902F8020DE1E7A4EB090389F860
:107E20000230C3F3072389F8033089F80480D8E7C8
:107E3000A1462CE7AD7B0020D40800209D0900203E
:107E4000C4090020E18D0300807C0300C78E03007D
:107E5000A0090020018E0300428E03005F8E030004
:107E6000AA8E030010B5094B00211A461C788442E3
:107E700005D15C681CB1482303FB012010BD013112
:107E8000042903F14803F1D10020F7E798540020BA
:107E90002DE9FF4150F8303C10F8346C10330446A3
:107EA0000AD1036950F8282C98073DD5D2B9590753
:107EB00015D5002344F8303C54F8303C10330BD037
:107EC00054E9097554F81C8C1BF0C0FD002857D0EC
:107ED000324821461BF08BFD04B0BDE8F08143F031
:107EE0000403236103AB54F82C1C304617F0F7FD54
:107EF000034640B12A4A2B480096012117F055FD50
:107F00006FF01503D6E7039A54F82C3C134444F859
:107F10002C3C54F8283C9B1A44F8283C54F8243C48
:107F2000134444F8243CC7E703AB54F82C1C3046F8
:107F300003F08AFB03460028DCD1039D54F82C3C57
:107F40002B4444F82C3C54F8283C5B1B44F8283C58
:107F500054F8243C2B4444F8243C002DA9D030464E
:107F600003F030FCB5FBF0F303FB1055002DA0D15E
:107F700054F8283C002B9CD0304603F0BBFB9BE719
:107F800044F8200CA4F118000EF066FF002DA3D0D9
:107F9000424639463046A8479EE700BF10280020D9
:107FA000F58E0300987C03004B1E012B73B506462B
:107FB0000D4614D8FFF756FF044690B9012D0ED197
:107FC00001AB01220DF10301304603F03DFB019BA3
:107FD000002BF5D10C4A0D48012117F0D3FC02B05B
:107FE00070BD1BF033FD04F1340108B1012D05D142
:107FF000084602B0BDE87040FFF74ABF044802B02F
:10800000BDE870401BF0F3BC128F0300987C0300A6
:10801000102800202DE9F74F064601911746984693
:1080200017F0A5FD044600286FD1EFF311830093EC
:10803000402383F31288BFF36F8FDFF8D4900022C0
:10804000002348460EF02CFFA0B9DFF8C8A0482254
:1080500062430AEB020BDBF8045015F1100F1ED13E
:108060002D4A2E483346012117F095FC48460EF064
:10807000F3FE0BE00134042C09F14809DFD1284A52
:108080002648012117F07EFC6FF00B05009B83F35F
:108090001188BFF36F8F284603B0BDE8F08F0AF850
:1080A00002600C9A019BCBF814200D9ACBF81000BB
:1080B000CBF8182030466FF00F02CBE90237CBF82F
:1080C0004480CBF8042003F07DFB68B1304603F018
:1080D00079FBB7FBF0F202FB10772FB1DBF84420FD
:1080E00042F00402CBF8442018F0020F08D04823D5
:1080F00003FB04A10B4834311BF079FC0025C5E7D4
:10810000304603F0F7FA0546C0E76FF00F05C2E707
:10811000B454002098540020478F0300987C03003B
:108120002C8F03001028002010B5EFF3118440239A
:1081300083F31288BFF36F8FFFF794FE50B143684B
:10814000103307D16FF08B03436000F13401044812
:108150001BF04DFC84F31188BFF36F8F10BD00BF7F
:1081600010280020F8B50E4C04254027EFF31186A7
:1081700087F31288BFF36F8F6368103307D16FF0F6
:108180008B030848636004F134011BF030FC86F374
:108190001188BFF36F8F013D04F14804E6D1F8BDAB
:1081A000985400201028002070B50A4C0A4E002573
:1081B000314620461BF0F0FB0122A4F118001146C5
:1081C00001351BF067FB042D04F14804F0D10020B9
:1081D00070BD00BFCC540020917E010070B50446F4
:1081E0000E4601791548154617F09DFC10B394F919
:1081F00000206378002A16DB202B04D0222B0ED01F
:108200006FF085000AE02B681A6840F8102C9A88F5
:1082100020F80C2C9B7900F80A3C002070BD638884
:1082200000F8093CF9E7212BEAD110380723286030
:108230003360F2E76FF01200F0E700BFB85500209E
:1082400008B50146034817F07CFC10B1012300F883
:10825000073C08BDB85500200169012381F84B3067
:108260000B6833B191F849301BB1024808311BF05B
:10827000BEBB7047102800200169012381F84A30F5
:108280000B6833B191F848301BB1024808311BF03C
:10829000AEBB70471028002070B5012382F848302B
:1082A00013680D4614463BB192F84A3023B10E488C
:1082B00002F108011BF09BFBD4F890309A681B690F
:1082C0009A4205D17DB904F1180140F6CD4204E08F
:1082D00004F11801002DF8D00022BDE870400248DA
:1082E00000230EF079BF70BD1028002038B5056955
:1082F00095F89E0088B195F89F307BB985F8483095
:10830000D5F8900017F02FFA002204460023044805
:1083100005F118010EF060FF204638BD0020FCE793
:10832000102800200D4A03460021A0F848101068CC
:10833000C3F8940090889279A3F8980083F89A2063
:1083400083F89C1083F89B10A3F89E1083F8A0106C
:10835000402203F14C001BF0E5BF00BF887D030005
:10836000F0B5D0F88C305B681B6A1F7D85B0044681
:10837000384617F0FCFB0646F8B994F88630E3B1AE
:10838000A06F4FF4806203A917F00CFA0546A0B164
:108390008306A4F1180308BF00F1FF3584F83060AC
:1083A0000193074B039900932A4602233846FFF7AF
:1083B00031FEA06F294617F015FA05B0F0BD00BFD9
:1083C0009982010073B50D1E0646144629DDD4F8C6
:1083D0008C002A4604F14C0117F0C5F9854205D9F5
:1083E000174A2B1A0121174817F0D5FA012384F8F0
:1083F000493023683BB194F84B3023B1124804F163
:1084000008011BF0F4FAD4F88C104B684A699A1AE8
:10841000CB699B1A3F2B04D8012384F8A03002B00B
:1084200070BD94F89E30002BF9D0084B0093019456
:108430000123402204F14C013046FFF7EBFDEEE74B
:108440007D8F0300787C030010280020C583010085
:10845000F7B50D4601461D4817F059FB044610B309
:108460000646691E56F8A4395F6805291BD8DFE85F
:1084700001F01C1A031C222610F8061C99B90123CE
:1084800000F8063C3B6A3246187BFFF79BFF14F866
:108490005C2C42B93B6A187D0D4B00930196022378
:1084A0001146FFF7B7FD03B0F0BD304603B0BDE89D
:1084B000F040FFF737BF012304F8053CF3E710F85D
:1084C000053C002BEFD00023F6E700BFB855002095
:1084D0009982010010B504690023C4F8A8300C4B40
:1084E000C4F8A400596804F1A80269B9C3E90022DC
:1084F00004F1080007491BF04FFA04F1180006497F
:108500001BF085FA002010BD0A605A60F0E700BF3A
:10851000B855002099FB02006183010030B54FF48B
:108520000033426805690D4C85B042F2A100CDE9E7
:108530000103002385F89D30106AADF80C10007916
:108540000A2201A917F0CBFA95F89D3023B9012032
:108550001BF00FF8013CF7D105B030BDA18601003A
:1085600013B504698DF80710002384F84830D4F857
:10857000900001220DF1070117F0F5F810B91BF07A
:1085800065FA40B12122002304F1180106480EF0DB
:1085900023FE02B010BD94F8A130002BF2D00021D0
:1085A00021200FF0A5F9E2E71028002037B5094D8A
:1085B0000949002400944FF0FF334FF480622846AD
:1085C0000EF0CCFD054928461BF046FA204603B0C4
:1085D00030BD00BF1028002040930020B88F03005A
:1085E00008B5044816F0BEFCBDE80840024816F085
:1085F000B9BC00BFC18F0300F68F0300014813F020
:10860000C5B900BFA87E030038B5044618B90F4BA2
:108610000F485B6898476168B1F5683F10D0B1F5C5
:10862000680F0DD00B4DA9420AD011F46861206883
:1086300007D0014608481BF05AF800232360656004
:1086400038BD14221BF06EFEF9E700BF780300204E
:10865000249003002C5F5CA9C05A002008B520B309
:108660004368B3F5683F10D101220368BFF35B8F05
:1086700053E8001F002903D143E800200028F7D168
:10868000BFF35B8F0DD1002008BD094A93420AD089
:1086900000684FF0FF324FF0FF330EF0F7FA00287A
:1086A000F1D00448F0E70448EEE76FF4E040EBE770
:1086B0002C5F5CA9E98FFFFFEA8FFFFF08B5D8B1F7
:1086C0004368B3F5683F10D100220368BFF35B8FA6
:1086D00053E8001F012903D143E800200028F7D107
:1086E000BFF35B8F0BD1002008BD074A934208D02F
:1086F00000680EF043FBF6E76FF4E040F4E7034850
:10870000F2E70348F0E700BF2C5F5CA9E98FFFFFA9
:10871000EA8FFFFF10B5044618B91D4B1D485B6872
:1087200098476368B3F5683F2FD0B3F5680F2CD036
:10873000194A934219D1236803BB18484FF0FF32FE
:108740004FF0FF3321460EF073FA08B923681BB9C6
:108750000F4B13485B6898472068142200211BF0D8
:10876000E1FD4FF46863636008E0B3F5683F0DD83E
:108770003A2B03D040F6BA629342DED120681AF059
:10878000EEFF636843F03A03636010BD054AF3E708
:1087900078030020249003002C5F5CA9C05A0020BD
:1087A0004A9003003A00003A08B5064906484023BB
:1087B00014221AF08DFFBDE808400449044813F064
:1087C000A9B900BFC0550020C05A0020B07E0300E8
:1087D000C47E030038B50C46154617F0BBFA034BB0
:1087E00043F8305003EBC0035C6038BDEC0300205D
:1087F0002DE9F047064600AF0C46002936D0E94681
:108800008AB0D1E90012A3686D462148A8464FF00E
:10881000050AC5E90501C5E9072348F810AF1D4859
:10882000424600234FF42151FEF7C6F9CD46D4E964
:1088300003126369AD461848C5F810A0C5E90501E3
:10884000C5E907231348002342464FF42151FEF7A0
:10885000B3F9CD46E369114A0E48012117F09BF8A0
:10886000A3690F4A0B48012117F095F8012E07D193
:10887000EFF305830B4A0748103B314617F08BF89E
:10888000214630460EF012F8BD46BDE8F08700BF25
:1088900077900300407C0300A6900300D59003006E
:1088A000E49003001291030030BFFFF7FDBF00BF4B
:1088B000074A936893F90E10002907DB92699342E7
:1088C0001FBF044A536843F080535360704700BF92
:1088D000C46F002000ED00E070B5294C06460D463F
:1088E0002848294917F042FAA36AD9043CD52548FB
:1088F000264917F03BFA1720A36A1A0504D5214828
:10890000234917F033FA18201D4CA36A9B0512D592
:108910001C48204917F02AFAA36BA26A100409D553
:108920001D4A1848012117F036F81EB1A36A23F436
:108930000043A3621920124CA36A590504D51148BB
:10894000164917F013FA1A20A36ADA050ED50D4856
:10895000134917F00BFA1B20094A936A43F47F432B
:10896000936200232B7070BD1620C5E7A36A9B0499
:10897000F2D504480B4917F0F9F91C20ECE700BFC9
:1089800000ED00E0407C0300259103003B910300D3
:108990004C9103005F910300789103008D910300D7
:1089A000A8910300C091030010B5204C2049214834
:1089B00017F0DCF9A36A990136D51E481E4917F055
:1089C000D5F91E20A36ADA0104D51A481B4917F00D
:1089D000CDF91F20154CA36A1B0304D5154818496F
:1089E00017F0C4F92120A36A590304D51148154989
:1089F00017F0BCF922200D4CA36A9A0304D50D4848
:108A0000114917F0B3F92320A36ADB0304D5094801
:108A10000E4917F0ABF92420044A936A6FEA034326
:108A20006FEA1343936210BD1D20CBE700ED00E019
:108A3000EF910300407C0300079203001A920300A9
:108A40003492030052920300779203009192030044
:108A50002DE9F843364D8046894636483649174653
:108A600017F084F9AB6ADE0627D53449314817F090
:108A70007DF91124AB6A1D0704D531492D4817F043
:108A800075F912242A4DAB6A980718D52D49294843
:108A900017F06CF96E6BAB6A190646D52A4A254861
:108AA0003346012116F077FFB9F1000F03D0AB6A0E
:108AB00023F08003AB62132403E01024DAE76FF0A5
:108AC00015061B4DAB6ADA0704D52049194817F083
:108AD0004DF91424AB6A9B0604D51D49154817F0BF
:108AE00045F91524124B9A6AD50602D49A6A900762
:108AF0000AD55B68190507D54146304600F0A8FA4B
:108B000010B180F309880224094B9A6A920642BF89
:108B10005A6A22F400525A629A6A42F0FF029A623A
:108B200000233B702046BDE8F8836FF01506C2E7CE
:108B300000ED00E0407C0300BC920300D2920300F1
:108B40004C910300059303001D930300339303002E
:108B5000C09103002DE9F041664B8AB0D3F8048040
:108B600000AF0446C8F30805002686F31188BFF35A
:108B70006F8F02F07F43B3F17F4F07D102F00C03F8
:108B8000082B12D15C495D4817F0F0F800263446F6
:108B90000023FB71EB1E092B00F28A80DFE803F053
:108BA0000A80837D88888888888610074CBF0C4699
:108BB0000126EDE7524951484E4D17F0D7F80023F2
:108BC000FB71EB6A9A0705D54E494C4817F0CEF871
:108BD000002333E0EB6A002B01DA4B49F5E7EB6A3F
:108BE0005B00F5D54949454817F0C0F86B69A269A3
:108BF00043F480736B61BFF34F8FBFF36F8F6B696B
:108C000032F8022C23F480736B61BFF34F8FBFF3F4
:108C10006F8F4DF602739A4209D0AB6ADBB27BB319
:108C2000FA1D01212046FFF713FF034606E02368E3
:108C3000374A3248012116F0AEFE2368FA79DAB9D4
:108C400007F1080504F1200C206861682A4603C278
:108C5000083464451546F7D17A6A002E44D0C2F331
:108C6000080121B96FEA52226FEA42227A6207F1C3
:108C700008011846FFF7BCFD2837BD46BDE8F08166
:108C8000AB6A13F47F4F04D0F91D0120FFF724FED7
:108C9000CBE7AB6AB3F5803F9AD3FFF785FEC4E715
:108CA000FA1D0021BEE7F91D0020EFE719498CE706
:108CB000194A1A4B18F4F87FE8468AB018BF1346D1
:108CC0006A461749C2E905134FF400731384103D37
:108CD000144BD56142F8103F084800234FF411515E
:108CE000FDF76AFFC54673E722F4FF7222F0010226
:108CF000BCE700BF00ED00E080930300407C030070
:108D0000AB930300C2930300E3930300F1930300CA
:108D1000109403002C940300679303005293030004
:108D20005094030004000001024A536943F0100309
:108D30005361704700ED00E0EFF30880EFF3098125
:108D400001B57246FFF706FF01BD00BF002080F3AA
:108D50001488BFF36F8F0CF091FB0020114908605D
:108D6000BFF34F8F104880F3088800F045F840208B
:108D700080F311880D484FF0AA014FF482521AF087
:108D800028FC0A484FF48251401880F30988EFF319
:108D900014800221084380F31488BFF36F8F00F022
:108DA0001FF9000094ED00E000C2002000A70020A1
:108DB000BFF34F8F0549064BCA6802F4E0621343C4
:108DC000CB60BFF34F8F00BFFDE700BF00ED00E0B9
:108DD0000400FA050749D1F890200023C2F30722C6
:108DE0001846934200DB7047C1F89830C1F8A000E4
:108DF0000133F6E700ED00E008B572B6002383F317
:108E00001388FFF7E7FF144B4FF0FF32C3F88020C1
:108E1000C3F88420C3F88820C3F88C20C3F89020BE
:108E2000C3F89420C3F89820C3F89C20C3F880218D
:108E3000C3F88421C3F88821C3F88C21C3F890219A
:108E4000C3F89421C3F89821C3F89C2162B6BFF3FC
:108E50004F8FBFF36F8F08BD00E100E0084B9B68A8
:108E600083420BD1EFF3058343B1064B5A6842F0BE
:108E700080525A605A6A22F400425A621AF0E4BEE2
:108E8000C46F002000ED00E0094A93686FF00A010A
:108E9000D967084998674B6843F080534B600023BB
:108EA00083F31188BFF36F8F9368D86F704700BF4B
:108EB000C46F002000ED00E010B50446EFF311830D
:108EC000402383F31288BFF36F8F094B9869986032
:108ED000084B4FF000625A600022836F826783F371
:108EE0001188BFF36F8F00F017F9204610BD00BF47
:108EF000C46F002000ED00E00B498A684FF030009D
:108F00001044EFF3098C80E8F01F74467046FFF7B9
:108F1000D3FFA64604498A6802F1300090E8F01FAA
:108F20008CF3098870470000C46F00201EF0040F06
:108F30000CBFEFF30880EFF30980816911F8021C80
:108F40000229FFD001B516F006FF01BD40B200288E
:108F500007DB044A4109012300F01F00834042F867
:108F60002130704700E100E040B200280CDB4309EB
:108F7000064900F01F0020330122824041F82320DF
:108F8000BFF34F8FBFF36F8F704700BF00E100E06A
:108F9000054B420900F01F0053F82220012303FA79
:108FA00000F01040704700BF00E100E040B2D3077E
:108FB00054BF023100210028ACBF00F16040074AD5
:108FC0004FEA4113ACBF00F5614000F00F00DBB287
:108FD000B4BF135480F80033704700BF14ED00E0B5
:108FE0000B4A08B50B4B22F07F029A60BFF34F8FFC
:108FF000BFF36F8FD3F8882022F47002C3F8882063
:109000000DF040FD0EF04EFD00F05CF80DF07CFD23
:109010000002010000ED00E042F8203C009B42F815
:109020001C3C0A49019B42F8183C029B42F8143C44
:1090300021F001014FF0807342F8043C42F8081C13
:109040000023203A02658367704700BF99EF020052
:10905000094A0346906870B113F1160F806E05D06F
:10906000A0F140029A4205D8834203D2814228BF30
:109070000020704700207047C46F002008B50B4BDC
:109080000E461546986000F047F82C4686F309888E
:109090004FF00000064B984720464FF000014FF07C
:1090A00000024FF00003034C204700BFC46F0020B4
:1090B00099FD020099EF0200014B10221A617047DE
:1090C00000ED00E0044800234021C2180133302B9A
:1090D00082F80013F9D1704700E100E008B5EFF322
:1090E0000583064A103B02EBC30152F8330049687E
:1090F0008847BDE80840FFF7DBBB00BFEC0300205A
:10910000024B034A0348012100F08AB80000042002
:1091100000000020D47E0300826E054B403A1A60A6
:10912000044A4021C3E901121846012100F082B827
:10913000E05A002000000B1508B503461048D0F88F
:109140009020C2F30722013A934207D90D480E4AF4
:10915000012116F020FC6FF0150008BDC0F8983012
:109160000A6822F01F021A4342F01002C0F89C2045
:109170008A6842F00102C0F8A0201846EDE700BF5F
:1091800000ED00E0107C030067940300F0B50E468C
:1091900085B01F4604460025B5420DDA606810B35D
:1091A00097B1431E18420AD0104A11482B4601219C
:1091B00016F0F1FB6FF01502104605B0F0BD1F2848
:1091C000F2D921680B42EFD12368019316F007FE14
:1091D000A36801A90343D0B20393FFF7ADFF10F1D9
:1091E000160FE7D0421C01350C34D5E78D940300EF
:1091F000107C0300044B0522C3F89420BFF34F8F6B
:10920000BFF36F8F704700BF00ED00E0BFF35F8FCB
:10921000024B0022C3F89420704700BF00ED00E02D
:1092200010B5034C01232278FFF7B0FF207010BD6A
:10923000C07B002008B50B4A00231278FFF7A6FF79
:1092400010F1160F07D0084A0021D2F89030C3F36E
:109250000723984200DB08BDC2F89800C2F8A010AE
:109260000130F2E7C07B002000ED00E02DE9F04383
:1092700057485849D0F890300D68C3F307239D42F2
:1092800085B000F2A180FFF7C1FF49680022954236
:1092900001F10C011AD1504C504F25706846FDF772
:1092A000DBFFDFF83C81DFF83C9106460025AE424B
:1092B0001FD1237846490020D1F89020C2F307221D
:1092C00093427BDBFFF796FF00204CE0C0F898202C
:1092D00051F80C3C23F01F03134343F01003C0F874
:1092E0009C3051F8043C43F00103C0F8A030013237
:1092F000CDE7009800EB05114FEA051CCB683B4019
:10930000B3F5000F44D00AD8B3F5001F2ED0B3F543
:10931000800F34D0B3F5801F10D00135C7E7B3F10B
:10932000807F3ED0B3F1007FF7D150F80C308868D1
:109330004A6816F054FD40F4802009E050F80C30E3
:1093400088684A6816F04BFD40F0885040F43020A1
:10935000039001A92078CDE90123FFF7EDFE002855
:1093600028DA6FF0150005B0BDE8F08350F80C3036
:1093700088684A6816F033FD40EA0800E8E750F8CC
:109380000C3088684A6816F02AFD40EA0900DFE7D9
:1093900050F80C3088684A6816F021FD40F0827061
:1093A000D6E750F80C3088684A6816F018FD40F08F
:1093B0008870CDE7237801332370AEE7C1F8983089
:1093C000C1F8A000013377E74FF0FF30CBE700BFD3
:1093D00000ED00E0E07E0300C07B00200000F0FF15
:1093E0000000081100000202014B1860704700BF26
:1093F00084010020F8B5084F06460D460024AC4213
:1094000008DA3B6898470A28305504F1010401D076
:109410000D28F4D12046F8BD80010020F8B50A4F90
:109420000D46461EC0F10104A3199D4201DC2846E9
:10943000F8BD73780A2B02D13B680D2098473B6832
:1094400016F8010F9847EFE78401002010B5074C8C
:109450002368C2180648C0F1005101F580218A42F4
:109460003ABF2260C0184FF0FF3010BDEC5A002008
:10947000C0EF002008B5054815F074FD002383F304
:109480001188BFF36F8F0423184602DFBF940300D7
:109490000E4A0123C2F840354FF080424FF0805110
:1094A000C2F87835D1F83001082808D1D1F8341144
:1094B000052904D80648415C09B1C2F838364FF096
:1094C00080430122C3F880250020704700E001405E
:1094D000C894030020B1034B800143F001031847F7
:1094E000704700BFA07D0300F7B506460D460D4846
:1094F00083688AB21B6831469847002810DA002436
:109500000CE02F1B042F28BF042718F047FF3A4612
:10951000019001A930191AF0DDFE3C44A542F0D8B3
:1095200003B0F0BD147B030010B503460548826804
:1095300014688AB21946A0470028B4BF6FF004002F
:10954000002010BD147B030070B54169857A0C4E74
:10955000044659B1437ADB0706D4302303FB056385
:109560009B6A1B689B6898470023636105EB450570
:10957000214606EB0510BDE870401AF081B900BF26
:1095800008080020827A074B302101FB0233DA6A97
:1095900093F822301B33801A23F00303B0FBF3F05F
:1095A000704700BF0808002038B5074B827A302486
:1095B00004FB02339B6AD3E901240C601568FFF7B2
:1095C000E1FF04FB005038BD080800202DE9F04FF2
:1095D00085B005466846039190461C4691469B46D9
:1095E0001AF091FBDDE90067EFF3118A402383F362
:1095F0001288BFF36F8F2B8C002B44D0EA8B9A42DA
:1096000026D90022002328460DF0F4FB0446F8B1C9
:109610008AF31188BFF36F8F039B002B50D0324623
:109620003B4668461AF093FBA27A2B4B302101FB94
:10963000023320469B6A1B6803A91D68DDE90023ED
:10964000A847606100283CD12046FFF77DFF2CE051
:10965000298C4B1E2B848AF31188BFF36F8F95F8EA
:109660002230EA8BEC6A1B3323F00303521A02FB0D
:109670000344194B194AEB1A1B115343A37295F873
:109680002230E372C8E78AF31188BFF36F8F54EA80
:1096900008040FD14FF00009CB464A465B462846E6
:1096A0000DF0A8FB04460028B6D10024204605B0E2
:1096B000BDE8F08F0EF058F9094B8342EDD1E9E790
:1096C000636100230122636022812382039A63691C
:1096D0006282E360EAE700BF08080020ABAAAAAAFA
:1096E000E834002070B50C4C302500B970BD037A09
:1096F0004668013BDBB20372002BF7D1C3604360C5
:10970000837A05FB03435B6A13B198473046ECE765
:10971000FFF71AFFFAE700BF08080020034B1B6899
:1097200008461A7919681AF0D5BD00BFF05A002012
:1097300008B5034800F0C0F908B10368986808BD8F
:10974000C4080020F0B50546006885B00B210C3038
:1097500016F0E9FB28680C21084416F0E4FB2B689E
:109760009C681C4B02930123039304F1380704F116
:10977000F006384619F0F3FF174930461AF00CF995
:109780002B68164A10332046136016F0EEFB0021BA
:10979000084618F090FE1CF0A1FAC4E9000506F096
:1097A00025F954F8500B0E4910F06EFC384616F0AF
:1097B000B8FB02AB00934FF4A0626FF007032046A2
:1097C00008490DF0CBFC314620461AF010F905B0DF
:1097D000F0BD00BFE994030079FF0200F05A0020B9
:1097E000C1FE02008097002038B54FF0FF324FF0E5
:1097F000FF3305461D4816F0B2FD1D4B1B687BB1BB
:109800001A684FF0FF344FF47A705BB9631C1BD1B8
:1098100018481AF008F9BDE83840144816F0C2BDDF
:109820001A46EEE7D9691B8C491B00FB0313002B7A
:1098300009DD9C4228BF1C461AB1116813460A462E
:10984000E3E71146FAE700244FF4004540F2E73021
:1098500000214FF47A720023E4FB0501F6F7F0FDD6
:1098600002460B4603480DF015FDD4E7CC06002058
:109870003C5D0020102900202DE9F04F87B01F46E5
:1098800003908B46049216F06CFD039B5B68002BE3
:1098900000F0A380109A002402F00102191D019427
:1098A000A046A2462646204605922C2202FB043200
:1098B0004B4D926A22F07F4222F47D0222F0FF0299
:1098C000AA4244D131F8042C022A40D18E4648F2F3
:1098D000FE023EF80459954239D00BF1FF32029254
:1098E0004A1E94460022029D15F8019F02951CF81D
:1098F000015FA94545D10832D2B2802AF3D1049D37
:10990000AA4228BF2A463D78954220D82C2505FB3F
:10991000043595F82A506D0709D53F2A07D89BF8DA
:109920000050FF2D13D19BF80150032D0FD12C2592
:1099300005FB0435059E95F82A50C5F3C0059EBB6E
:10994000002D08BF92463A700E4608BF704601349B
:10995000062C01F12C01A8D1109B990729D540B103
:10996000041D3146204616F0D1FC10B987F800A03E
:1099700026460398143016F015FD304607B0BDE8B2
:10998000F08F89EA050515F0800FB8D102F10809BA
:109990005FFA89F90132D2B26D009145EDB2AED0D5
:1099A00015F0800FF6D0AAE73A70019288460E466D
:1099B000CDE7109BDA070CD5B8F1000FD9D03146AE
:1099C000404616F0A3FC0028D3D1019B3B704646CD
:1099D000CFE7109BDB05CCD5C1E71E46C9E700BF2A
:1099E00000010200F8B516F099FC4FF0FF3306466F
:1099F0004FF0FF321C4816F0B2FC1C490B682BB12B
:109A000000221C684FF47A7E17463BB93046FFF7B8
:109A1000EBFEBDE8F840144816F0C4BCDD69188CB4
:109A2000AD1B0EFB0055002D9C460EDC186892B94C
:109A30004D680860AB4200D1486093F822001F6077
:109A400067F3000083F82200944654B1206823464F
:109A500062460446D9E710604868834208BF4A60FE
:109A6000EBE72046F3E700BFCC0600203C5D00207A
:109A7000002808DD431E054800EB8310044B984284
:109A800028BF002070470020704700BF68080020F2
:109A9000A8080020054B064A934205D0054A1068E5
:109AA000002808BF1846704700207047680800204B
:109AB000A8080020445D002008B50749074B02466E
:109AC0008B4202D30023184608BD184616F0E0FB6F
:109AD0008242F8D04033F3E7A8080020680800204D
:109AE00038B504460D4616F03CFC0721204616F01A
:109AF0003FFC20B3636843B105B12B60002504F13E
:109B0000140016F04FFC284638BD4FF0FF324FF0DE
:109B1000FF330C4816F023FC0B4BD3F8282242B934
:109B20006360C3F8284205B12B60064816F03AFC82
:109B3000E4E7044816F036FC6FF00205DFE76FF04B
:109B40008505DCE7CC060020005B00202DE9F74FFF
:109B50001D4DDFF878A080460F464FF02C0B554581
:109B600001D3002426E0284616F0FBFB6C6805F1C3
:109B7000140924B9484616F015FC4035EFE7211DBD
:109B800000260BFB064393F82A309B0716D531F8C5
:109B9000043C022B12D180224046019116F094FB26
:109BA000019958B107B13D602C23484603FB064498
:109BB00016F0F8FB204603B0BDE8F08F0136062E04
:109BC00001F12C01DDD1D5E768080020A8080020AC
:109BD0002DE9F74F234CDFF890A080460D464FF05B
:109BE000180B544507D245B12B6833B1A34204D0BA
:109BF00040345445F8D3002429E0204616F0B1FB48
:109C0000676804F1140927B9484616F0CBFB4034C5
:109C1000E7E707F5867100260BFB067393F81C3106
:109C2000DB0718D531F8043C022B14D180224046C2
:109C3000019116F049FB019968B105B12C60182417
:109C400004FB0674484604F5847416F0ABFB20460A
:109C500003B0BDE8F08F0136082E01F11801DBD109
:109C6000D2E700BF68080020A80800202DE9F043D3
:109C700085B0002317460A888DF80F3048F2FE039E
:109C80009A4204460D4631D00B78FF2B02D14B7817
:109C9000022B2BD02946204616F02EFC60B190F8FE
:109CA0002480FCB100970DF10F034246294620465F
:109CB000FFF7E2FD044610E04FF08008F1E7304680
:109CC00000970DF10F0342462946FFF7D5FD4036B8
:109CD000002818BF04464E45F1D3CCB1204605B04C
:109CE000BDE8F083114EDFF84890F4E724B101217C
:109CF000204616F069FCDDE7FFF7CCFE012116F0E7
:109D000063FC04460028E9D1084D094EB54204D34E
:109D100005B0BDE8F04300F0B3BA0121284616F0C3
:109D200053FC04460028D9D14035EFE768080020ED
:109D3000A8080020F0B587B00023019301AB0546C9
:109D40000F46164616F030FB044618B96FF01500A2
:109D500007B0F0BDBFF35B8F6369BFF35B8F04F1A6
:109D60001402002BF2D0BFF35B8F581E52E8001F85
:109D7000994204D142E8000CBCF1000FF6D1BFF3C8
:109D80005B8FE7D1012BE3DC94F82A30022F6FF3CD
:109D9000410384F82A302CD15EB32846019F16F087
:109DA000E0FA6B680BB394F82A30DB0714D4124E38
:109DB00012484FF0FF334FF0FF3216F0D0FA04F1A3
:109DC0001801304616F038FA336813B90C4819F008
:109DD0002AFE0A4816F0E6FA012F06D1201D02A934
:109DE00016F045FA284616F045FB05F1140016F06A
:109DF000D9FA0020ACE700BF345D0020CC0600207B
:109E0000E02800202DE9FF4116F088FA0023CDE973
:109E1000023307464FF0FF332F484FF0FF3216F062
:109E20009EFA2E4B1C68B4B12568DFF8B0804FF065
:109E3000FF36BCB13946204616F0CDFD68B9214643
:109E4000404616F0F9F902A816F0ECF92DB32B688C
:109E50002C461D46EDE72546E7E7864228BF064625
:109E6000AC42F3D1731C10D04FF4004440F2E73001
:109E700000214FF47A720023E6FB0401F6F7E0FAC2
:109E800002460B4616480DF005FA134816F08AFAFA
:109E9000029C24B904B0BDE8F0812B46D8E7206AC3
:109EA00016F05FFA94F82530206A6FF3410384F8C6
:109EB000253001A9FFF714FE00280BDB206A94F877
:109EC0002430019904F1100216F0D2FB206A1430FC
:109ED00016F068FA2468DCE7CC0600202C5D002030
:109EE000B02800202DE9F04716F018FA4FF0FF33A4
:109EF00080464FF0FF322D4816F031FA2C4B1C688B
:109F0000002C4DD054F8185905B1183D4FF0FF36CC
:109F10004FF02C090EE009FB0317BC4223D109FBCB
:109F20000311043116F096FB3DB3AB6903B1183B46
:109F30002C461D4604F1180A4146504616F04BFDCA
:109F40000746A8B951461A4816F076F93A465046DF
:109F5000394616F021FD1748174A9042E4D241686D
:109F60000023A142DAE70133062BD4D14030F4E7D5
:109F7000864228BF0646AC42D6D1731C10D04FF49F
:109F8000004440F2E73000214FF47A720023E6FBF0
:109F90000401F6F755FA02460B4608480DF07AF927
:109FA000BDE8F047014816F0FDB900BFCC0600201F
:109FB000345D002068080020A8080020E028002068
:109FC000F8B54FF0FF33054617460E484FF0FF3205
:109FD0000E4616F0C4F90C4B1B680BB11C6823B974
:109FE000BDE8F840074816F0DDB95B683A463146EF
:109FF000284698471CB1226823461446EFE72246BC
:10A00000FAE700BFCC060020F85A0020F0B5002384
:10A0100085B0CDE9003304460D4600294CD0294BCC
:10A020001B68A3B1C96B95F8406081B1062E0ED8AC
:10A030000DF10A03184632468DF809601AF04AF904
:10A0400095F8413000908DF804608DF805300921B5
:10A0500020466F6916F08CF980B30D21204616F06A
:10A0600087F938B94FF0FF324FF0FF3304F1280081
:10A0700016F075F9204616F00BF92946436820467C
:10A0800098470D210646204616F072F918B904F1DA
:10A09000280016F087F9002E02DA284616F012FF83
:10A0A0001FB13146384616F0F8F8009B23B132460E
:10A0B00069462046FFF784FF05B0F0BD6FF07206D9
:10A0C000EBE700BFF85A00202DE9F0410D460646A7
:10A0D000F8B1F1B10846FAF7BFFB08281CD8114FB8
:10A0E000DFF84480441C474508D32246294606F140
:10A0F00008001AF0EFF80020BDE8F081B74206D062
:10A100002246294607F108001AF0D4F838B1403742
:10A11000E9E76FF01500EFE76FF05A00ECE76FF03A
:10A120007700E9E768080020A80800202DE9F0433F
:10A130003A483B4C3B4D3C4EDFF8F08085B04FF049
:10A14000FF324FF0FF3316F00AF917F093F9274664
:10A15000AC422BD3364B374ADB1B9B09AA4288BF44
:10A160000023EBB134493548354C19F050FC3549E2
:10A17000354819F04CFC4FF4A073A4F82432204663
:10A1800047F23053C4F8183216F04FFA2F49C4F88A
:10A190001C022F4819F03BFC2E4B0022C3E9002281
:10A1A0001E4805B0BDE8F04316F0FCB80022C4E933
:10A1B0000222206822740368D3F80890B9F1000FD6
:10A1C00017D0D9F80030A3B1072116F0DCF804F15C
:10A1D000140019F0C4FA04F1280019F0C0FAD9F8F3
:10A1E00000302046984794F83C3023F0030384F86D
:10A1F0003C30237A7BB9CDE901338DF80C303368DC
:10A200005A1C32600821424601A814F0B8FE01A988
:10A210002046FFF759FF40349AE700BFCC060020E4
:10A2200068080020A8080020F45A0020F4940300D5
:10A23000E708002029080020E59E0100E028002012
:10A24000005B0020059E0100B0280020E599010078
:10A25000102900203C5D002038B5074C074DAC426A
:10A2600000D338BD0321204616F082F810B92046ED
:10A2700016F061FB4034F2E768080020A8080020CF
:10A28000004870470C7F030002484FF0FF32012165
:10A2900019F000BB485D00200146014816F0F7BDEB
:10A2A0003808002073B5054616461C4619F0CEFB4B
:10A2B00008B10026344601A93246234628460CF050
:10A2C000B7FC0146A8B9019C602220461AF02AF882
:10A2D000FF2284F84F20084A6560012395422363DA
:10A2E00008BF84F85C30204616F03FFE204602B0DE
:10A2F00070BD0024FAE700BF4806002002460B4666
:10A300000148FFF7CFBF00BF480600202DE9F0410C
:10A31000DDE9064507461646884629B922B990F870
:10A32000473013F0700F3AD019F090FB08B10024B9
:10A330000025384616F0EDFD97F84720002837D164
:10A3400012F0700FC2F3021334D0022B0CBF28237B
:10A350000023112E26D1083308EB0301BB69C2F399
:10A3600002120BB11B681B8B022A25D1B3F5A06F1B
:10A3700038BF4FF4A063181A814228BF01467E6897
:10A38000104822462B46104C104DAE4208BF2046C6
:10A3900016F0A9FC014688B1384616F0FAFD0020F7
:10A3A000BDE8F081012E01D03A2ED5D10433D3E798
:10A3B0000023D1E70346CFE70B46DCE76FF00B0045
:10A3C000EEE700BF080800203808002048060020FB
:10A3D00030B585B0DDE908450093CDE90245134667
:10A3E0000A460146024816F0E5FD05B030BD00BF43
:10A3F0004806002030B585B0DDE908450093CDE979
:10A40000024513460A460146024816F0D3FD05B040
:10A4100030BD00BF28060020024BA82200FB0230FE
:10A4200019F023BA402900200828024B28BF002039
:10A43000185C7047FA94030010B588B00F4C2046A2
:10A4400019F006FA4FF0FF324FF0FF33CDE9062343
:10A450000023CDE90323CDE901330949094B0094D9
:10A460004FF4A07204F120000CF066FF20B108B098
:10A47000BDE8104019F0F5BA08B010BD4029002021
:10A48000C09C0020551403002DE9F341074688467F
:10A4900016464FF0FF3315484FF0FF320CF0F6FB35
:10A4A000134B1C686FF0010534B910480CF066FCC2
:10A4B000284602B0BDE8F081227C33789A4213D15D
:10A4C000637C72789A4200D073B9A36813B1BA69F9
:10A4D000934209D1E36800936568334642463946A2
:10A4E0002046A847051EE0DB2468DDE7E0060020E3
:10A4F000605D0020F8B50F4616461D460446D0B1F3
:10A50000CBB11422002119F00DFF65602774667429
:10A510004FF0FF324FF0FF3308480CF0B7FB084B09
:10A520001A6822605A681C6002B95C6003480CF02B
:10A5300025FC0020F8BD6FF01500FBE7E0060020C9
:10A54000605D002002460B4601480CF09FBB00BF37
:10A55000B806002001480CF011BC00BFB80600206E
:10A560002DE9F04F89B0CDE9052390F84730C3F3CA
:10A5700002130393013B012B05460E4600F2A08017
:10A58000112A134601BF069B1B681A88049208BF54
:10A59000B3F802A0039B1CBF4FF0000ACDF810A037
:10A5A000022B3AD1086800210830FFF7CFFA34684F
:10A5B0000746102204F1180104F1080019F07AFE90
:10A5C00000B117B1049B9A457AD094F81880A8F18D
:10A5D000FF04D4F1000848EB04084FF0FF304FF0BF
:10A5E000FF31FFF7AFFF544B4FF0000B1C684FF0EB
:10A5F000FF330793D9469CB9B9F1000F74D1FFF727
:10A60000A9FFB8F1000F00F08A80BBF1000F57D00E
:10A61000284616F057FC002053E04FF00008DCE716
:10A62000A36B93BB94F84230002B3BD1B4F840307D
:10A63000059A934234D1E38813B1049A93422FD1FF
:10A64000E38B0BB153452BD194F84370B90706D572
:10A650000123221D3146284616F028FF00B37A0751
:10A6600007D5002304F11C023146284616F01EFFD0
:10A67000B0B1079B07F07807BB4211DAB8F1000FC1
:10A6800014D13BB20793A1460AE0B3F87420100539
:10A69000C8D5AF6993F97600FFF7EAF98742C1D0D0
:10A6A0002468A8E7039A9342C0D0F9E740F6CD4268
:10A6B0000023284616F06DFE074628B9FFF74AFF2B
:10A6C000022009B0BDE8F08FE36B00930146069BC2
:10A6D000D4F834C032462046E047022802D138463A
:10A6E00016F0F0FBC346DBE7D9F83440D9F83C70EC
:10A6F000FFF730FFB8F1000F0FD0BBF1000F87D18B
:10A70000002CDDD0069B0097324629464846A047DC
:10A71000831E584258414000D3E7002CF2D195F8EF
:10A720004730C3F30213022BCAD1002304220121B4
:10A73000284616F08DFFC3E7685D00200B4A002312
:10A7400010B5C2E900330A4A1846114614460133CF
:10A75000042B086002F1480202D008461146F6E7D1
:10A76000044B054AC3E9002410BD00BF685D00200A
:10A77000785D0020705D0020505E0020024B034891
:10A7800000228021FFF7B6BE6D150300985E002001
:10A790002DE9F04F28238DB00026CDE9066308ABE4
:10A7A0000A9308230B9383690393836804468846BE
:10A7B0004BB906A9204616F02AFE054638B90220F4
:10A7C0000DB0BDE8F08F1A8A5B681644F0E7878801
:10A7D0007FBABFB22837BE42F1DB03DD39462046DF
:10A7E00016F050FDAB6833B9EB6823B92B6913B988
:10A7F0006B69002BE3D02B7AFF2BE0D0297EFF2959
:10A8000005F1180602D16B7E002BD8D0B8F1000FED
:10A810007BD02B786A781B0143EA1213DAB2C3F3B8
:10A82000850343EA821384F85030AB7984F84F30C3
:10A83000282384F846300021A368A4F84A10DB6876
:10A84000DB7984F8493094F84730022262F306132A
:10A8500084F847302B7EFF2B07D03046FFF776F980
:10A860000028ACD02B7EFF2B03D16B7E012B40F058
:10A8700086800799204616F0D3FB95F80690B9F12B
:10A880002C0F00F0918072D8B9F1000F00F08E808B
:10A89000A9F12B08D8F1000646EB0806B6004FF0E8
:10A8A00006084FF0000AB9F13A0FA4F84C8000F006
:10A8B0001181B9F1110F00F00D81B9F1060F00F00F
:10A8C0000981B9F13B0F3FF47AAF204616F0EBFC5B
:10A8D000012280460DF10B01204616F079FC00287C
:10A8E0007FF46DAF9DF80B302C2B00F0BD805FD84E
:10A8F0002BB12B2B03D0112B60D0062B5ED0204622
:10A9000016F0D1FC0122431EDFE0304616F093FF23
:10A9100000287FF454AF05F10808404616F08BFF7D
:10A9200000287FF44CAFFF2903D16B7E012B3FF44D
:10A9300046AFFFF7A5FC0146304616F08DFF48B143
:10A940002B7EFF2B06D16B7E052B3FF438AF082BF7
:10A950003FF435AF00214046FFF7F8F800283FF4F8
:10A9600058AF90F92930002B3FF453AF27E7A9F1F6
:10A970003C0CDCF1000646EB0C0676008FE7022B60
:10A9800006D16349304616F067FF00287FF471AFA7
:10A9900003A93046FFF71CF900283FF410AF037DF0
:10A9A00098073FF566AF0AE7082678E7012676E7BD
:10A9B0003C2B5FD1B10751D446F00206B9F1000F2C
:10A9C00002D0B9F13C0F9AD10023012205A92046FB
:10A9D0001FFA87FB8DF8143016F0FAFB00287FF47D
:10A9E000EEAE9DF814300133BBEBC30F4FEAC30941
:10A9F000FFF4E5AEA9F103034FF0020B01932046EB
:10AA000016F051FC0122009004A9204616F0E0FB4C
:10AA100000287FF4D4AE9DF810208ABB9DF810204A
:10AA2000B2B3012A9DF8141037D0019B8B427FF7F7
:10AA3000C6AE02F0C002802A45D0C02A3FD0002A0C
:10AA40007FF4BDAE204616F0EBFA00287FF4B7AED7
:10AA50009DF8142002320BEB02031BE072063FF557
:10AA60004EAF46F04006A9E733073FF548AF46F042
:10AA70000806A3E7A3F13B02012A9FD93A2B3DE741
:10AA8000012205A9204616F0A3FB0028C6D096E6B1
:10AA90000BF101031FFA83FB07E08A1C0BEB020397
:10AAA00020461FFA83FB16F0BBFAD945A7D8D1443C
:10AAB0001FFA89FA5FFA88F89DF80B90F3E62B7E6F
:10AAC000FF2B3FF47CAE009B02220421204616F0AF
:10AAD000BFFD74E6B9F1110FA4F84AA008D0B9F18E
:10AAE0003A0F7FF46CAE2946204616F07CFE67E6EE
:10AAF0000AA9204616F0B4FF049000283FF45FAE88
:10AB000004AB4A4605A920460595FFF729FD57E6FF
:10AB10003C7F0300020600F07F0312D5082B05D10D
:10AB2000010700F00F0306D50E48704710F0780FAC
:10AB300012D100F00F034C2000EB43100A4B1844D5
:10AB40007047082B05D1020700F00F0306D5074810
:10AB5000704710F0780FF6D000207047044800EBE3
:10AB600043107047F85F0020AC5E002018610020A1
:10AB7000186000200149024818F039BFD45E002057
:10AB8000E82900200146014818F06FBEEC070020BC
:10AB90000248002200230CF02DB900BFEC07002072
:10ABA00013B5124800F08AFF114B98421AD1114890
:10ABB0000BF0C6F9002410480BF008FA0F491048B2
:10ABC00000944FF0FF334FF480620CF0C7FA0D4948
:10ABD0000B4818F041FF0C480C4918F0DDFE2046E8
:10ABE00002B010BD6FF00400FAE700BF95B101009C
:10ABF0000000AD0B009703004C7F0300409E002037
:10AC0000E829002002950300D45E002089AD0100F0
:10AC100010B50E49BFF35B8F002351E8002F012AC6
:10AC200003D141E800300028F7D1BFF35B8F0CD18E
:10AC300051F8044C1439204614F019FD783004D131
:10AC40002046BDE8104014F0EEBC10BDCC5E0020E4
:10AC500038B5002464F07F00C0B2FFF75BFF013419
:10AC600016F02FFF082CF5D10E4D0024E0B2FFF7AF
:10AC700051FF036903B90561013416F022FF082C66
:10AC800005F14005F2D1084816F01BFF074BD3F839
:10AC90007C2212B9064AC3F87C22064816F011FF3E
:10ACA000002038BD3C650020F85F0020AC5E00202D
:10ACB0003C6100201861002010B5054CFFF768FFCB
:10ACC00020B14168204618F012FDF7E710BD00BF23
:10ACD0000806002007B500231348002201A90BF045
:10ACE000A7FFD8B11149124816F0FEFEFFF7E4FFA6
:10ACF0000D480022002301A90BF09AFF28B10D494D
:10AD00000B4816F0F1FE00200AE001980423406091
:10AD10000374FFF737FFFFF72DFFF4E7019840605A
:10AD200003B05DF804FB00BF080600200D9503008A
:10AD3000907C03002B9503000346024A0248012140
:10AD400014F029BE47950300907C0300022810B53B
:10AD500011D80B4A145CFFF7BDFF80B100220274CA
:10AD60000472FFF70FFF074B93F824303BB1BDE8A7
:10AD70001040FFF7FFBEBDE81040FFF7DDBF10BD7C
:10AD8000FD960300AC5E00202DE9F043A24CDFF8F5
:10AD90008C9285B08046FFF7FBFE074610B905B0E0
:10ADA000BDE8F08394F825203B7C3AB9002B00F0F5
:10ADB0009A807968994818F09AFCECE7042B00F225
:10ADC0007381DFE813F09000050012013D015D0181
:10ADD00018F8043C33B9BB685B7A914A9148012169
:10ADE00014F0D9FD3B7BBD68032B37D8DFE803F0B7
:10ADF000023D63686E698C4B002232607260D3F84A
:10AE000080143170D3F884147170D3F88814D3F897
:10AE10008C0441EA00217180D3F89014D3F8940493
:10AE200041EA0021B180D3F89814D3F89C3441EA68
:10AE30000323F3800823EB60306871687B4B03C306
:10AE400011462B68687A984796F90030002B08DB8A
:10AE5000F38833B1A4F88C3201F080F97968484660
:10AE6000A9E70023A4F88C32F8E76B7F002BF5D01C
:10AE70002B7F002BF2D000264FF0FF326C486E770C
:10AE80004FF0FF332E7716F033FE6B6901936B683A
:10AE9000CDE9023601A9687A00F066FE654A904263
:10AEA000034604D0644A5F48012114F074FD6048F1
:10AEB00016F020FED2E72B680121687A9847CDE78B
:10AEC000AB7A6BB9EB7F5BB959484FF0FF324FF06B
:10AED000FF3316F00DFE01F047F9554816F00AFE53
:10AEE0002B680221E9E73B7A042BB7D8DFE803F0AF
:10AEF00059032367730000F0AFFD05460028ADD16C
:10AF000000F0EAFCBFF35B8F4C49012351E8002FAE
:10AF1000002A03D141E800300028F7D1BFF35B8F4E
:10AF20009CD141F8085C41F8105CE0696361143918
:10AF300014F022FB92E7002565F07F00C0B2FFF716
:10AF4000E9FD037A13B1407A01F072FA0135082D58
:10AF5000F2D194F854311BB194F8550101F068FA1C
:10AF60000025E8B2FFF7D6FD037A13B1407A01F06D
:10AF70005FFA0135082DF4D194F874321BB194F8BE
:10AF8000750201F055FA002000F04AFD012384F813
:10AF900025302368002B3FF461AF00210220984741
:10AFA0005CE7002584F8255001F0A8F9FFF730FE92
:10AFB0002368002B3FF452AF29460420EFE7002A14
:10AFC0003FF44CAF00F052FD2368002B3FF446AF36
:10AFD00000210520E3E72368002B3FF43FAF002A60
:10AFE0003FF43CAF00210620D9E708F110054FF0EF
:10AFF000FF334FF0FF32284616F07AFDFFF728FEA8
:10B00000284616F077FD58F8283C002B3FF426AF71
:10B0100000210120C3E700BFAC5E0020080600202D
:10B0200062950300907C030000700240B05E002037
:10B03000E45E00200000AD0B88950300CC5E00208C
:10B0400094F874325BB1012584F8895284F88852EF
:10B05000FFF740FE58B91749174816F045FD58F854
:10B06000283C002B3FF4FAAE00210A2097E7134A50
:10B07000057405738260FFF785FDFFF77BFDEEE742
:10B080000F490D4816F030FD18F054FA01F036F96A
:10B0900000F018FCFFF710FEFFF7DAFD18F043FA96
:10B0A000084800F00BFDD9E6074A0348012114F0D7
:10B0B00072FCD3E6AE950300907C0300186100207B
:10B0C000C295030095B10100D9950300F7B58778C3
:10B0D00006463846FFF71EFD3B06F47805461DD5AB
:10B0E00054B1032C06D0284A284800972346012152
:10B0F00014F05BFC03B0F0BDFFF7ECFD0346002845
:10B10000F8D00122AC770274032202739D60FFF72E
:10B1100039FD03B0BDE8F040FFF72CBD54B1012C60
:10B12000E1D1FFF7D7FD03460028E3D06C77047424
:10B130000473EBE7FFF7CEFD0028DBD0B278144BA9
:10B1400012F0800F02F0080111D041B1D3F8A836F7
:10B15000EB6001230374022303738560D7E702F0D9
:10B160000F02142101FB0233D3F80836F0E711B1C6
:10B17000D3F8A837ECE702F00F02142101FB0233E9
:10B18000D3F80837E4E700BFF1950300907C030093
:10B1900000700240F0B514228BB0064600210DEB82
:10B1A000020019F0BFF83378013B052B21D8DFE806
:10B1B00003F08B0314147B1603238DF81C3000243A
:10B1C000FFF788FD0346A0B1047400F10802DDE931
:10B1D000070182E80300184626E00423EDE7B7786C
:10B1E0003846FFF797FC837A054623B1013B022BD3
:10B1F00054D90BB0F0BD3B06F4781CD54CB1032CF0
:10B20000F7D0324A324800972346012114F0CDFB93
:10B21000EFE7FFF75FFD03460028EAD00122AC7795
:10B220000274032202739D60FFF7ACFC0BB0BDE813
:10B23000F040FFF79FBC54B1012CE2D1FFF74AFD6B
:10B2400003460028D5D06C7704740473EBE7FFF74E
:10B2500041FD04460028CCD0022301270373077464
:10B260008560B07805F10C0116F07BFC034620B137
:10B27000184A1748394614F08EFB174AE968B2F8A5
:10B280008C328B4206D95B1AA2F88C3200F066FF32
:10B290002046C9E70023A2F88C32F9E730460BB00C
:10B2A000BDE8F040FFF712BF03A800F035FF9DF89E
:10B2B0000D30052B04D19DF80C3013F0600F98D0A1
:10B2C000064B079301247BE7022479E7F1950300FD
:10B2D000907C03001D960300AC5E002018600020E7
:10B2E00038B5164D95F824402CBB05F1380018F000
:10B2F00036FA204601F0EAF922460121E8612720CA
:10B30000FDF754FE18F00FF9FFF7A2FC044610B940
:10B31000012385F824300A4B1B680BB1FFF72AFC88
:10B320004FF08043D3F83834DB0702D50020FFF715
:10B330000DFD204638BD0024FBE700BFAC5E0020B9
:10B34000EC070020074B93F824203AB193F82530FE
:10B35000002B14BF00206FF0120070476FF0120036
:10B36000704700BFAC5E002008B50378027903F097
:10B370000F013AB989B10A490A4816F0B5FB4FF0F6
:10B38000FF3008BD082901D90749F5E7012A04D192
:10B3900083F0080040F3C000F3E743F3C000F0E798
:10B3A0003D960300907C03005C96030038B5124B79
:10B3B00093F824300446E3B105782846FFF7AAFB4A
:10B3C00080B14572237983726388436020786188F5
:10B3D00010F0080F09D14B1E0B4206D00749084850
:10B3E00016F082FB6FF0150038BD16F0B5FB00209B
:10B3F000FAE76FF01200F7E7AC5E00207B960300DF
:10B40000907C030038B5154B93F8242005460AB309
:10B4100093F82530F3B1FFF77DFB044610B96FF0C8
:10B42000150038BD837A012B0FD007D9023B012BC1
:10B4300007D96369A3610020E060F2E700F09AFE9B
:10B44000F7E7284600F03CFEF3E70549054816F00B
:10B450004BFBE4E76FF01200E3E700BFAC5E0020B7
:10B46000A3960300907C030038B50E4B93F824207C
:10B47000054682B193F825306BB1FFF74BFB68B1FD
:10B4800015F008040AD1284600F03CFE284601F0D9
:10B4900007F8204638BD6FF01200FBE76FF015008B
:10B4A000F8E700BFAC5E002038B50C4B93F82420C1
:10B4B00005460C4662B193F825304BB1FFF72AFBE5
:10B4C00048B144B1284600F003FE2070002038BD8A
:10B4D0006FF01200FBE76FF01500F8E7AC5E00209C
:10B4E00070B5134E96F824300446C3B1FFF712FB33
:10B4F0000546B8B1230705D4204600F003FE2046D8
:10B5000000F0CEFF2B7A83B901232B7296F82530F9
:10B510000BB9002070BD204600F08AFFF9E76FF0FC
:10B520001200F7E76FF01500F4E76FF07700F1E72E
:10B53000AC5E00202DE9F043DFF8F4801E4698F859
:10B54000243085B0074689461546002B6DD098F803
:10B550002530002B69D003060BD5FFF7DBFA044634
:10B5600038B1037A5BB9334A33483B46012114F0C2
:10B5700012FA6FF01504204605B0BDE8F0834FF0D5
:10B58000FF334FF0FF3208F1380016F0B1FAA37F15
:10B5900033B108F1380016F0ADFA6FF00A04EAE7AB
:10B5A000A37A05B37BB30123A3774FF0000801A969
:10B5B0003846CDE90195CDF80C8000F0D5FA1F4A48
:10B5C000904203462DD084F81E800EB1C6F800804C
:10B5D0001B4A1948012114F0DEF96FF004041948E0
:10B5E00016F088FAC7E7E27F02B1E577002BDAD1DF
:10B5F00000F0C6FD8742D6D000F0B6FD114816F027
:10B6000079FA0024B7E7B8F80A309D42F0D26268B0
:10B61000B5FBF2F302FB1353002BE9D10123E377CF
:10B62000E6E706B135600024D9E76FF01204A2E71F
:10B63000AC5E0020C5960300907C03000000AD0BBB
:10B64000E4960300E45E00202DE9F0411D46254B01
:10B65000174693F8242080460E46002A3FD093F8E0
:10B660002530002B3BD010F0800F0ED101B967B907
:10B670004046FFF74FFA044638B1037A43B91A4AF5
:10B680001A484346012114F086F96FF0150013E0C3
:10B690004FF0FF3316484FF0FF3216F029FAE368F7
:10B6A0009F42B84628BF984646B93FB905B12B60BE
:10B6B0000F4816F01FFA0020BDE8F081A16942464C
:10B6C000304618F007FEA3694344A361E368A3EB87
:10B6D0000803E360002DEBD0C5F80080E8E76FF0C9
:10B6E0001200E9E7AC5E0020C5960300907C0300E1
:10B6F000E45E002070B5224D95F824300646002BFC
:10B700003AD095F82530002B36D003060BD4FFF73E
:10B7100001FA044638B1037A43B91A4A1A48334643
:10B72000012114F038F96FF0150070BD4FF0FF33B0
:10B730004FF0FF3205F1380016F0DAF9E368B3B9DB
:10B74000012663692677A361637F83B1FFF7C2FA9D
:10B7500030B905F1380016F0CDF96FF00B00E4E7D1
:10B76000067484600673FFF70DFAFFF703FA0748C3
:10B7700016F0C0F90020D8E76FF01200D5E700BF3F
:10B78000AC5E0020C5960300907C0300E45E0020C0
:10B7900010B5084B93F824300C462BB1FFF7BAF9DB
:10B7A00028B10460002010BD6FF01200FBE76FF0BD
:10B7B0001500F8E7AC5E0020014B1860704700BF31
:10B7C000AC5E002008B5074B93F8243023B1FFF797
:10B7D000A1F920B1406808BD6FF01200FBE76FF0DF
:10B7E0001500F8E7AC5E00204FF08053D3F830210D
:10B7F000082A06D1D3F83431052B04D8034AD05C8B
:10B800007047002070470120704700BF0A9703006F
:10B81000064B10F0800FA3F1D80208BF134600F0CA
:10B820000F00182202FB0030704700BF5468002050
:10B83000EFF31180402383F31288BFF36F8F0A4B1D
:10B84000D3F8001C032261B949F27531C3F8001C1A
:10B85000C3F8142DC3F8001C80F31188BFF36F8F59
:10B860007047C3F8142DF7E700E00640EFF31180AE
:10B87000402383F31288BFF36F8F0A4BD3F8001C69
:10B8800061B949F27532C3F8002CC3F8141DC3F82E
:10B89000002C80F31188BFF36F8F70470022C3F82C
:10B8A000142DF6E700E006404FF08053D3F8303116
:10B8B000082B02BF024B0022C3F81C2C704700BFAC
:10B8C00000700240024A00231360024A137070475E
:10B8D00034690020C57B002008B54A4B4FF4006254
:10B8E000C3F80024FFF780FF08B1FFF7A1FF4FF076
:10B8F0008053D3F83031082B18D1EFF31180402357
:10B9000083F31288BFF36F8F3F4BD3F8001CC02224
:10B9100000296ED149F27531C3F8001CC3F8142C0C
:10B92000C3F8001C80F31188BFF36F8F354B0122E1
:10B93000C3F80025D3F800241205FBD54FF40062AC
:10B94000C3F800244FF08053D3F83031082B17D1BF
:10B95000EFF31180402383F31288BFF36F8F2A4BDC
:10B96000D3F8001C002947D149F27532C3F8002CE6
:10B97000C3F8141CC3F8002C80F31188BFF36F8F39
:10B98000FFF732FF30B1FFF771FFFFF72DFF08B16E
:10B99000FFF74EFF4FF08053D3F83031082B194B8F
:10B9A0000AD140F2E372C3F800284022C3F8042809
:10B9B000BFF36F8FBFF34F8F8022C3F81C25012286
:10B9C000C3F83025114B40F2FF121A60104B0021D2
:10B9D0001960104B1970FFF767FF0F4B19700F4B71
:10B9E00002221A70FFF700FF50B1BDE80840FFF7D0
:10B9F0003DBFC3F8142C95E70022C3F8142CBBE715
:10BA000008BD00BF0070024000E006403069002021
:10BA10002C690020C17B0020C37B0020C57B002057
:10BA2000094B002210B51A70084A094B094C00282E
:10BA300008BF1346C4F800332720FDF787FA012317
:10BA4000C4F8043510BD00BFC47B0020FDFFDF013A
:10BA5000FDFFFF0100700240034B1878012894BFDE
:10BA600000200120704700BFC57B002010B5EFF318
:10BA70001181402383F31288BFF36F8F0D4B1B7826
:10BA800003F0FF0083B10C4BD3F8002412F40072D2
:10BA90000AD10124C3F82C45D3F82C45D3F800442F
:10BAA000A40502D5C3F82C25002081F31188BFF32B
:10BAB0006F8F10BDC47B002000700240F8B51C4B96
:10BAC0001C7894BB1B4A106001221A7040F2FF17C9
:10BAD000264664F07F0514F0080FEDB214BF394616
:10BAE0004021284616F038F82846FFF791FE013429
:10BAF000092C867506730661EBD1002440F2FF170E
:10BB0000254614F0080FE6B214BF394640213046EE
:10BB100016F022F83046FFF77BFE0134092C8575BC
:10BB200005730561EDD10448F8BD0448FCE700BF8A
:10BB3000C57B0020346900200000AD0B0500AD0B73
:10BB4000084B10F0800F00F00F0114BFD3F8102540
:10BB5000D3F8142501238B40134214BF0120002089
:10BB6000704700BF007002402DE9F8430246EFF332
:10BB70001187402383F31288BFF36F8F030703D12C
:10BB8000184B1B78834229D1174B184E1C68356817
:10BB9000104615F0D9FFE443A4B24FF001092C433D
:10BBA00009FA00F814EA08041AD11046FFF730FE2B
:10BBB00080F80C90034607C91C6183E807009C7558
:10BBC0000B4B0C4845EA080580223560C3F8042178
:10BBD00087F31188BFF36F8FBDE8F8830648F7E756
:10BBE0000648F5E7C37B0020306900202C6900205F
:10BBF00000E100E00000AD0B0A00AD0B0B00AD0B47
:10BC000010F0080F074B06D0D3F8C00410F4803FA3
:10BC100018BF0020704700F00F0000F5947053F833
:10BC200020007047007002402DE9F74FA84BD3F871
:10BC3000604134B10022C3F86021D3F86C44C3F8EA
:10BC40006C44D3F828214AB10022C3F82821A14B23
:10BC5000187815F079FF012383401C439E4F9F4EB7
:10BC60003D7897F9008015F0080143D1B8F1000F35
:10BC700005F00F032EDA9A4A52F8230020B342F857
:10BC800023101422534303F1804303F51C33D3F8EC
:10BC90000836944A117803F001034B401370FFF704
:10BCA00003FE91480BF0D8F82846FFF7B1FD837DDD
:10BCB000032B37D1284615F047FF012303FA00F084
:10BCC000336823EA00033360DFF82092DFF8208234
:10BCD00001255FE0874A52F823000028F4D042F89B
:10BCE00023101422534303F1804303F51C33D3F88C
:10BCF0000837CEE7B8F1000F754B09DBD3F85021B8
:10BD0000002AE1D00022C3F85021D3F8A837C0E7B9
:10BD1000D3F82C21002AD7D00022C3F82C21D3F845
:10BD2000A836B6E7037BDBB9284615F00DFF0123E3
:10BD300003FA00F03368B8F1000F23EA0003336020
:10BD400001DA882DC0D106238DF8043000238DF848
:10BD50000730674B8DF806501B6801A89847B3E77A
:10BD6000002DB1D15A4B0122DA64ADE794FAA4F068
:10BD7000D9F80020B0FA80F005FA00F31A430F2832
:10BD8000C9F8002024EA0304326840F3B780134264
:10BD900000F0C580002CE9D14D4BD3F800215AB1F9
:10BDA000C3F80041544B1C704A4B1C700123019393
:10BDB0004F4B01A81B689847454BD3F85421EAB173
:10BDC0000022C3F85421D3F80413890216D58DF844
:10BDD0000420D3F82025ADF80620D3F8C034002B7A
:10BDE000D9F8003014BF4FF001224FF48072134392
:10BDF000C9F800303E4B01A81B689847344BD3F874
:10BE00005821002A2ED00022C3F85821D3F800442C
:10BE1000C3F80044E30508D5374B01221A7002230A
:10BE20000193334B01A81B689847A50508D5324BF1
:10BE300000221A70032301932D4B01A81B68984719
:10BE400060050FD52C4B1A7862B100221A70204B76
:10BE50000122C3F808259A6504230193244B01A805
:10BE60001B6898471A4BD3F85C310BB31E4B9B6889
:10BE700013B93B7859061BD0154B0022C3F85C213F
:10BE8000D3F88034134A23F07F031370336823F010
:10BE900001133360D9F8003023F4803343F00103F9
:10BEA000C9F8003005230193114B01A81B6898477E
:10BEB0003268D9F800301A4207D00B48002200231C
:10BEC0000AF0EEFF002800F09F8003B0BDE8F08F7D
:10BED00000700240C37B0020C27B00202C69002040
:10BEE00008710240C17B00206C07002030690020EF
:10BEF0003469002030710240C47B002013407FF47D
:10BF000049AF062260F07F018DF804208DF80610FD
:10BF10008DF80730D8F8003001A898473AE7062393
:10BF2000A0F110018DF804308DF806108DF807503F
:10BF3000F0E718F0012314BF93FAA3F898FAA8F8D1
:10BF4000B8FA88F8B8F10F0F18D9A8F11005EDB2BA
:10BF50002846FFF75DFC04462846FFF751FE63685C
:10BF6000B4F814C02268984230D81B1A00EB020EB5
:10BF700011466360C4F800E082462AE048F080057C
:10BF80002846FFF745FC4368B0F814A001689A45BD
:10BF900028BF9A4601F06043B3F1005F044604D025
:10BFA0004348524618F096F9414922686368524462
:10BFB0002260A268A3EB0A03D20768B2636033D59C
:10BFC000BAF1000F32D1002323732FE011464FF056
:10BFD000000A604525D1003B18BF01231AB3504524
:10BFE00021D9012303FA08F32BEA03033360062364
:10BFF0008DF804302F4B8DF8065002221B68A27575
:10C000008DF8072001A89847D6F800B0D9F800307D
:10C010001BEA03088DD1284803B0BDE8F04F0AF0B1
:10C020001BBF0023DAE768B2002BCCD04FF080535F
:10C03000D3F83031082B02BF204B8222C3F81C2CCE
:10C04000D9F800303D70012202FA08F823EA08030B
:10C05000C9F80030236915F0080F53442361174BCA
:10C0600017D1002805F00F054FF0140000FB053034
:10C07000B5BF03EB85030A35C0F80016C0F80017FA
:10C08000B5BFC0F804A6C0F804A75A6043F825203D
:10C090001BE70028B5BFC3F8A016C3F8A017C3F864
:10C0A000A4A6C3F8A4A7B4BF5A629A640DE700BF60
:10C0B0003C670020346900206C07002000700240BB
:10C0C000024B40F48070C3F81805704700700240BE
:10C0D000030713D400F00F0310F0800F084A0BBFC2
:10C0E00003F5887303F5847302EB830252F823008F
:10C0F00008BF5068003818BF012070470020704703
:10C1000000700240034BC3F80C0540F48070C3F884
:10C110000C057047007002400023036043600E4B23
:10C12000D3F880240270D3F884244270D3F8882492
:10C13000D3F88C1442EA01224280D3F89024D3F839
:10C14000941442EA01228280D3F89824D3F89C34D4
:10C1500042EA0323C380704700700240014B012272
:10C16000DA64704700700240014B01221A65704783
:10C1700000700240014B01225A6570470070024076
:10C18000014B1878704700BFC37B002010B50246F2
:10C19000EFF31184402383F31288BFF36F8F15F000
:10C1A000D3FC0B49012303FA00F00B6823EA0003D8
:10C1B0000B6012F0080101BF02F00F02054B02F5FF
:10C1C000947243F8221084F31188BFF36F8F10BD6F
:10C1D0003069002000700240F7B50146EFF3118589
:10C1E000402383F31288BFF36F8FFFF711FB0646DE
:10C1F000084615F0A9FC012211F0800F02FA00F2A6
:10C200002D4818D1036832EA03040AD00846FFF724
:10C21000BDFF0323B37585F31188BFF36F8F03B0A0
:10C22000F0BD2649347323EA020303600B6823EA56
:10C2300002030B60EDE70B0715D48029204B2FD0AC
:10C2400001F00F0404F2DA346400C3F80048D3F8B4
:10C250000448D3F80478E4B244F002043C43C3F841
:10C260000448D3F80438154F04683B6864EA030CAB
:10C270001CEA020FCFD013433B6000233373032328
:10C28000B3758DF807300F4B8DF8061024EA0204C1
:10C29000062204601B688DF8042001A89847BAE7BD
:10C2A00040F2B474C3F80048D3F80448D3F80478D3
:10C2B000E4B244F00404D1E72C6900203069002086
:10C2C000007002403469002038B50446094D4FF033
:10C2D000FF324FF0FF3328460AF0E2FD2046FFF719
:10C2E0007BFF28460AF0B8FD034B8022C3F80421E7
:10C2F00038BD00BF6C07002000E100E0F8B54FF04A
:10C30000FF324FF0FF332B480AF0CAFD2A4B802240
:10C31000C3F884212720FCF73BFE98B1274E284B19
:10C3200034681B68240C24041C43012764BB254D7E
:10C3300040F2FF1333602720C5F80445FCF714FED4
:10C34000C5F80043204A13788BB11E4B0021C3F877
:10C3500008110121C3F80026C3F804165960D3F868
:10C3600008110029FBD00021C3F808111170154BEA
:10C370000022C3F80025FFF797FA0E480AF06CFD7B
:10C38000124B01221A70F8BD94FAA4F5B5FA85F59E
:10C390000F2D2846C6BFA5F11000C0B240F08000A6
:10C3A000030701D4FFF718FF07FA05F524EA05048F
:10C3B000BCE700BF6C07002000E100E0306900200E
:10C3C0002C69002000700240C17B0020C57B00204A
:10C3D00010B504464FF0FF324FF0FF3311480AF01A
:10C3E0005FFD2046FFF7F8FE04F00F0201239340A3
:10C3F0000D4A14F0800F14BFD2F81015D2F814159E
:10C400006FEA030315BF0B400B40C2F81035C2F8AA
:10C41000143504480AF020FD044B8022C3F804219F
:10C4200010BD00BF6C0700200070024000E100E07A
:10C4300070B50446FFF784FB68B904F00F020125CC
:10C4400014F0800F144B05FA02F205D0D3F8101542
:10C450000A43C3F8102570BDD3F814150A43C3F876
:10C460001425631E062BF6D8EFF31186402383F3C1
:10C470001288BFF36F8F2046FFF788FE204615F025
:10C4800063FB064A1368854023EA0503136086F3BD
:10C490001188BFF36F8FDEE7007002402C69002027
:10C4A000030610B5044605D4FFF712FE10B120466E
:10C4B000FFF76CFE014BC3F8184510BD0070024039
:10C4C00070B50D460649411A0446491105484022F7
:10C4D00015F066FB2B4601462046BDE87040184724
:10C4E0004C690020B07A030037B50C460A490B4A64
:10C4F000411A40230093491105462346084815F088
:10C500007AFB011E05DA2846234603B0BDE8304019
:10C51000184703B030BD00BF4C6900205F1C03000A
:10C52000B07A030010B5EFF31184402383F312882F
:10C53000BFF36F8F074A136823F00201DB07116016
:10C5400002D4012015F075FF84F31188BFF36F8FBB
:10C5500010BD00BFA4690020002270B5012104466F
:10C560001046FCF723FD0F4802F0ECF90E4B984201
:10C5700015D115F063FF26690C49304612F0E9FF2A
:10C5800000280BDB0125B5642469084904F120006B
:10C5900012F0DFFF002801DB6565002070BD6FF041
:10C5A0000400FBE7B1C601000000AD0B507F0300A3
:10C5B0007FB500220123CDE9022304ABCDE904338A
:10C5C000094ACDF800D06B46CDF804D015F040FBF9
:10C5D000002805DB4FF48042002368460AF060FC27
:10C5E00007B05DF804FB00BF771C030030B4104BAC
:10C5F0000C2202FB003301460020D3E910521864DC
:10C60000EFF31180402484F31288BFF36F8F9C6C8A
:10C6100004F0C00444F002049C6480F31188BFF36A
:10C620006F8F1DB12B46034830BC184730BC704794
:10C630004C690020B07A030010B4EFF3118240235C
:10C6400083F31288BFF36F8F1748016841F002042B
:10C650000460C80707D482F31188BFF36F8F0120ED
:10C6600010BC02F05FB94FF08041D1F80C04D1F852
:10C670000C14C907EFD5EFF3118083F31288BFF3D1
:10C680006F8F0A498B6C03F0C00343F002038B6485
:10C6900080F31188BFF36F8F82F31188BFF36F8F20
:10C6A000002010BCFFF7A2BFA46900204C69002045
:10C6B00010B1012804D07047034B9B6C5B0701D17C
:10C6C000FFF794BF704700BF4C690020024BC0B217
:10C6D00003EB4010704700BF4C6900202DE9F0418A
:10C6E0003849BFF35B8F0746012251E8003F41E81C
:10C6F00000200028F9D1BFF35B8F33B932493348AA
:10C700004B60CB608A6012F037FF7B1E012B2BD869
:10C71000012F07D14FF08043D3F81C3403F00303FB
:10C72000012B21D017F092F90546F8B9284B1B7858
:10C73000E3B14FF080430222C3F808230646DFF836
:10C7400094804FF08044D4F81824D4F81834D203DD
:10C7500015D503F00303012B01D0012F0FD155B3E1
:10C7600086F31188BFF36F8FBDE8F081EFF3118678
:10C77000402383F31288BFF36F8F0125DFE7ADB14C
:10C78000304613F01DFBD4F81835002BDBD1D4F85C
:10C790000421002AD7D0C4F80431D4F8043101238D
:10C7A000C4F81835C8F88031A360CCE700212120F7
:10C7B0000BF09EF8E7E74FF080430222C3F8042312
:10C7C000D2E700BF48690020386900206C6900206A
:10C7D000AF8A002000E100E008B5074816F0CEFE61
:10C7E00038B10648FCF700FE0448F9F703FA0020C8
:10C7F00008BD6FF01200FBE7287B030001C80100B1
:10C800000A2838B5074D044604D1AB680D215B6892
:10C8100028469847AB6803485B68E1B298472046D2
:10C8200038BD00BF287B0300034B044A0020C2F838
:10C83000043583F830007047C67B002000E00040DC
:10C84000024B002083F83000704700BFC67B0020F9
:10C85000012A084608B519460BD1C38B9B0608D59B
:10C86000838B102B05D19DF80830012B01D10129B4
:10C8700007D0154A0121154813F084F86FF0150010
:10C8800008BD83680BB9124AF5E7124A92F83030B6
:10C8900033B10E48104A13F075F86FF00F00EFE750
:10C8A00082F830100D4B436083680170934201D1D0
:10C8B0000020E5E703F1100153F8040B42F8040BE4
:10C8C0008B42F9D1F4E700BF49970300D07B030006
:10C8D00092970300C67B0020A2970300E1C80100E5
:10C8E00010B54B68102B07D0234A2448012113F0C0
:10C8F00049F86FF0150010BDCB680F2B01DC204A02
:10C90000F3E70B681F4A934207D003F1100053F876
:10C91000044B42F8044B8342F9D11B4B0022C3F86D
:10C920000021D3F80001C3F80421D3F80421012227
:10C930001A60D3F800211AB9D3F80421002AF8D0DC
:10C94000D3F804313BB10D48104A012113F01AF815
:10C950006FF00400CFE78A680D4B9A4207D003F1CD
:10C96000100053F8044B42F8044B8342F9D14B6852
:10C970000B610020BFE700BFB4970300D07B03002A
:10C98000D6970300D67B002000E00040EE9703001E
:10C99000E67B0020EFF31182402383F31288BFF37C
:10C9A0006F8F0A4BD3F8001161B10021D3F808054D
:10C9B000C3F80011D3F80031C0B282F31188BFF37D
:10C9C0006F8F70476FF00A00F7E700BF00D000409C
:10C9D000F0B5034610469C7893F803C0EFF311823C
:10C9E000402585F31288BFF36F8F1F7893F801E01D
:10C9F000E41B04EA0C04A04288BFA0B23E180CEA73
:10CA000006063D461E7082F31188BFF36F8F0A1829
:10CA10008A4216D177450CD1EFF31182402181F380
:10CA20001288BFF36F8F1978597082F31188BFF3A2
:10CA30006F8F1B79241AA34222BF064B01221A6072
:10CA4000F0BD5E190135767901F8016B05EA0C0538
:10CA5000DEE700BF00D00040DB432DE9F04713F0D4
:10CA600001050E46144604D02248FFF7B1FFBDE889
:10CA7000F0879AB3EFF31188402383F31288BFF352
:10CA80006F8F0D20FCF784FA07460D20FCF76CFA37
:10CA900088F31188BFF36F8FDFF85CA0DFF85C804C
:10CAA000CAF80051DAF800314FF400590123CAF8EE
:10CAB00000302546C8F88091DAF8003183B1FFF7DD
:10CAC00069FF031EC8F88091F6DB013DADB27355D6
:10CAD000002DF1D117B10D20FCF738FA2046C6E73A
:10CAE000EFF31180402383F31288BFF36F8F13F0AD
:10CAF00067F9E1E7D869002000D0004000E100E0DC
:10CB00002DE9F041124F0D46144607F1450814B9BE
:10CB10002046BDE8F0814FF0FF334FF0FF3238463A
:10CB20000AF0BEF9224629464046FFF751FF064665
:10CB300038460AF091F93EB94FF0FF324FF0FF331B
:10CB400004480AF0ADF9E6E7A41BA4B23544DEE7D9
:10CB5000A8690020C069002038B5194C012211468F
:10CB6000204616F097FE0122002104F1180016F06D
:10CB700091FE40F20743A4F848304FF070632363FE
:10CB80000C2384F8343000250E4B84F84550A4F86B
:10CB90004650D3F8042522F00102C3F804250121F0
:10CBA000C3F80051D3F80021C3F804132A461960D2
:10CBB0000D20FCF7FBF90D20FCF7C8F9284638BD1D
:10CBC000A869002000D0004010B5FFF7E3FE002860
:10CBD00020DB174B93F8322093F8314093F8331051
:10CBE000141B31EA0404C0B20DD193F8472093F826
:10CBF000464093F84810141B31EA04040BD10D4B46
:10CC000001225A600EE09C180132114084F8350070
:10CC100083F8321010BD9C180132114084F84A008C
:10CC200083F847100448BDE810400AF015B900BF6A
:10CC3000A869002000D00040C069002000F17440C5
:10CC400000F5A6000A289ABF024B33F910006FF0D6
:10CC50000F007047A4890300024B0B60012313608F
:10CC6000704700BF3C80030000487047BC7F030052
:10CC70000268154BFF2A08BF4FF0FF32C3F8242586
:10CC80004268FF2A08BF4FF0FF32C3F828258268A8
:10CC9000FF2A08BF4FF0FF32C3F83025C268FF2AD1
:10CCA00008BF4FF0FF32C3F834250269FF2A08BFDE
:10CCB0004FF0FF32C3F838254269FF2A08BF4FF012
:10CCC000FF32C3F83C257047009002402DE9F04F39
:10CCD00091B043685D6B00AF804607F128020021E8
:10CCE000284615F093F9041E73DBBB6A2A6819798C
:10CCF000186801F08DF8041E6BDB00220121292049
:10CD0000FCF754F9D8F80490D8F81020794948462F
:10CD100009F0F2FBFFF792FF041E55DB764D0FCDB5
:10CD200007F128040FC495E8030007F1040A002561
:10CD300084E803007D60AB23CAE901553B716F4B6A
:10CD4000D3F82425D2B23A61D3F82825D2B27A6139
:10CD5000D3F83025D2B2BA61D3F83425D2B2FA6111
:10CD6000D3F83825D2B23A62D3F83C35DBB27B62D5
:10CD700007F12800FFF77CFF012009F033FC07F1E1
:10CD8000100601463046FFF773FF5D4B994225D1EF
:10CD90002946504614F0A7FF041E15DB232016F089
:10CDA000E8FB4FF0030B9F23C7E90A55C7F810A013
:10CDB000C7F814B087F828303E63294607F12800E9
:10CDC00014F091FF041E0CDA09F02AFC08B109F0F6
:10CDD00015FC20464437BD46BDE8F08F6FF00404D3
:10CDE000F2E75A46514609F1300017F063FA04465B
:10CDF00018B36C468CB097F804E097F805C0BE797C
:10CE000099F8300099F8311099F832306A46DFF815
:10CE1000F480D3620823C2E9058EC2E907C6C2E9DD
:10CE2000090142F8103F38482B4644F24001F9F717
:10CE3000C3FEA5466FF01204C6E7D8F80420537F5E
:10CE4000023B012B16D992F81C80A8F10208B8F118
:10CE5000020F8CBF4FF000084FF0010814F074FF70
:10CE6000051E0ADA294A28482B46012112F093FDB3
:10CE70002C46A9E74FF00108F0E7EAB2C5F38015A8
:10CE8000A845A1D00023012182F04002BB623F618E
:10CE900079613B6387F82810FE6207F128003B8028
:10CEA0003A7014F020FF041E07D114F04DFF041E49
:10CEB00004DB14F00104F8D186E785DA144A154B37
:10CEC0006D468AB0B8F1000F18BF13466A46124982
:10CED000D461C2E905134FF4007313840F4B42F879
:10CEE000103F094800234FF41151F9F765FEAD4694
:10CEF0006AE700BFDB1C0300C07C03000090024017
:10CF00000000AD0B48980300507C03007A980300A2
:10CF10003E980300429803008A9803000400000131
:10CF2000054B994206D14FF0FF324FF0FF333030BE
:10CF300009F0B6BF704700BF0000AD0B2DE9F74FF9
:10CF40000B460F4646688046C1F30B0114462AB9CA
:10CF50006FF01506304603B0BDE8F08FC2F30B0248
:10CF600052EA0105F4D1002B03DBF16A1A198A4257
:10CF700006D9314A31480094012112F016FDE7E745
:10CF800014F027FF2846D8F8049014F0F8FE06465F
:10CF9000D0B9DFF8ACA0D9F82C309C4218D116F0EB
:10CFA000DDFAA3460546D8F810002946FFF7B8FF7A
:10CFB000554534D1B4EB0B045F44ECD1012014F09F
:10CFC000DEFE002E08BF0646404614F0EDFEC1E727
:10CFD000B4F5803F09D3BBB253B93946012009F0FB
:10CFE00029FB4FF4803B0546DDE7B4F5805F09D3AC
:10CFF000C7F30B0030B9394609F01CFB4FF4805BD6
:10D000000546D0E70F4A0D4800943B46012112F037
:10D01000CCFC0D49D8F810000B4DFFF781FF0748F5
:10D020000A4A00943B46012112F0BFFC2846FFF754
:10D0300005FE0646C2E700BF9B980300507C030034
:10D040000000AD0BE59803000400AD0B039903004D
:10D050002DE9FF470E46074641681D469046A2B19E
:10D060009BB1042B01D9AB070FD116F003040CD1EF
:10D07000002E03DBCA6A731993420CD9394A3A4825
:10D0800000953346012112F090FC6FF01504204604
:10D0900004B0BDE8F087384614F09BFE204614F03B
:10D0A0006EFE044630B1012014F069FE384614F0DB
:10D0B0007BFEECE7032D1CD83246042103A816F0B2
:10D0C0004AFA044601463869FFF72AFF274B9C427B
:10D0D00034D12A46414603A817F0FCF83246042111
:10D0E00003A816F035FA044601463869FFF718FF21
:10D0F00024E008F06043B3F1005F02D118F0030FA1
:10D100002BD0DFF868A0042DA94628BF4FF00409F2
:10D110004A46414603A817F0DDF83246494603A8BF
:10D1200016F016FA044601463869FFF7F9FE544531
:10D1300004D1B5EB0905C8444E44E4D12046FFF7BD
:10D140007DFD0446012014F01AFE0546384614F011
:10D150002BFE002C08BF2C4699E732462946404654
:10D16000BFE700BF21990300507C03000000AD0B16
:10D170002DE9F04F824687B00E461C46904682B19C
:10D18000002B00F08F800029426803DBD26A0B4439
:10D1900093420BD9444A454800943346012112F08A
:10D1A00004FC6FF0150007B0BDE8F08F754205F084
:10D1B000030514F00EFEA54228BF2546D8F1000352
:10D1C00003F0030308F0030758BF5F427F4207F0F4
:10D1D0000307A74228BF2746631BE41B24F0030470
:10D1E00023F00309A145C8BFA14603F0030BC8BF44
:10D1F000A3EB040BB9F1000F19D008EB0703721968
:10D2000049461846039316F0A6F904460146DAF893
:10D210001000FFF785FE264A944238D1BD4206D061
:10D22000039B4A46194608EB050017F061F8ADB1BB
:10D23000C5F10407F21B042104A816F08CF904467A
:10D240000146DAF81000FFF76BFE194B9C421ED125
:10D2500004AB2A46D919404617F03CF8BBF1000F41
:10D260001ED072194A44082104A816F074F9044625
:10D270000146DAF81000FFF753FE0D4B9C4206D131
:10D2800009EB05005A4604A9404417F023F850461C
:10D2900014F08AFD204607B0BDE8F04FFFF7CEBC82
:10D2A000034CF4E718467EE76B990300507C0300BB
:10D2B0000000AD0B024B0B6001231360704700BFF1
:10D2C000FC690020004870475880030007B50346FA
:10D2D000054A00910548012112F067FB6FF0150027
:10D2E00003B05DF804FB00BFCA990300D87B0300BC
:10D2F00010B5012211460748074C16F0CBFA01F091
:10D300006BFB16F000F9206016F0F9F86060002061
:10D3100010BD00BF046A0020FC6900204FF080426D
:10D32000D2F81015D2F8103501F01E0123F01F03BA
:10D330000B4343F00103C2F81035024B00221A7070
:10D34000704700BFF77B00204FF08053D3F8303197
:10D35000082B20D14FF08042D2F81015CB071AD5F8
:10D36000D2F8103501F01E0123F01F030B43C2F861
:10D370001035D2F808315BB1D2F8103523F01F0315
:10D380000B4343F00103C2F810356FF08B00704778
:10D39000024B01221A700020704700BFF77B00206B
:10D3A000F8B5044616F0ABF8237B05460BB115F033
:10D3B00054F8134F0026FFF7C7FFE8B9606808F07C
:10D3C00091FDA3685B1BA36063682B4463603B789B
:10D3D0000BB1FFF7A3FF237B01363BB9A368002BFA
:10D3E000E9D1A068003818BF0120F8BD304601F02F
:10D3F00081FB0028F2D0F4E76FF08B00F5E700BF67
:10D40000F77B002070B5037B04460BB115F025F8BF
:10D41000194E0125A368032B06D8184AD2F8003408
:10D42000DB07FBD5002070BDFFF78EFF08BB23682C
:10D430006068196808F076FD33780BB1FFF76EFF6E
:10D44000636804336360236804332360A368043B88
:10D45000A360237B0135002BDCD0284601F04AFB7A
:10D460000028D7D0054AD2F80034D907FBD50120CF
:10D47000D9E76FF08B00D6E7F77B002000E0014092
:10D48000F0B589B00E46154616F039F8294607461C
:10D49000304614F0ADFC60B3B6FBF7F307FB136343
:10D4A00023B9B5FBF7F407FB14545CB11F4A009590
:10D4B00033461F48012112F078FA6FF01504204618
:10D4C00009B0F0BDAF42FAD84FF0FF334FF0FF3252
:10D4D000184809F0E5FC14F0B4FF04AB014660B94C
:10D4E0001022184616F01EFFCDE90565FFF758FF1C
:10D4F00016E0114A00953346DBE710222146184614
:10D5000016F010FF01228DF81C200C4ACDE90220F4
:10D510000B48CDE9056501F067FA02A801F06AFA47
:10D520000446044809F098FCC9E700BFE7990300E6
:10D53000D87B0300046A0020CA990300A1D301002C
:10D54000645E010070B50D4688B01946284616463F
:10D550001C4614F04DFC58B91D4A00942B461D483A
:10D56000012112F022FA6FF01504204608B070BDB8
:10D5700045EA04039B0703D0174A00942B46EEE7C5
:10D58000002CF2D04FF0FF334FF0FF32134809F078
:10D5900087FC14F056FF0346CDE9046504A8069401
:10D5A0008BB101238DF81C300D4BCDE9023041F6D3
:10D5B0004C5001F019FA02A801F01CFA0446074881
:10D5C00009F04AFCD1E78DF81C30FFF71BFFF5E7A7
:10D5D000CA990300D87B0300069A0300046A00205E
:10D5E00005D40100F0B54068057B01F01F0444EA52
:10D5F0004514056987B0002D64D0B2F5001F00F115
:10D60000100506D12146284615F071FF002007B00D
:10D61000F0BD01AE0027B2F5800F0197776039D1D8
:10D62000B3F1007F14BF052304238DF804300023D9
:10D63000CDE904630393836823FA01F111F001013A
:10D640001AD1B2F1A07F17D104F01F03620903F5CC
:10D65000E0732AD0012A3BD11F4A52F82330DB075E
:10D660000AD40DF1030632462146284608F094FA02
:10D670001A4B98421CD0029603AA2146284608F06D
:10D680004DF9174B984220D101222146284608F037
:10D69000E7FABBE7B3F1C06F05D0B3F1007F14BF69
:10D6A00001230223C1E70323BFE74FF0A042D4E7E1
:10D6B0003146284608F0CEFA094B9842DBD06FF08D
:10D6C0000B00A4E76FF08500A1E76FF015009EE75F
:10D6D00051F82330FFDE00BF000300500400AD0B03
:10D6E0000000AD0B38B545682B69B3B1103528463D
:10D6F00008F0A0FA044680B90146284608F066FA08
:10D70000084B98420BD108492246284608F03EFAB9
:10D71000224605210620FBF749FC002038BD6FF0AA
:10D720000400FBE70000AD0B2DD70100420970B5E6
:10D73000034602D0012A17D070BD0D4E32695168E0
:10D740000029F9D003F01F0301250C689D40002932
:10D75000F2D08A682A4002D04B68304698472CB1F4
:10D76000236821461C46F2E7024EE7E72346F8E726
:10D77000D87A0300C47A03002DE9F043466840F2EA
:10D780000635D006337B87B002EA050554BFC2F3E5
:10D790004010032001F01F07B5F5837F144647EAC8
:10D7A00043178DF8030044D00FD8062D18D007D8A2
:10D7B000B5B1022D3FD06FF0150007B0BDE8F08382
:10D7C000B5F5807FF7D101250AE040F202229542AB
:10D7D00033D0B5F5407F32D0B5F5007FEBD10225CF
:10D7E00022032ED5726801238B40C2F808353269B6
:10D7F00092BB07F01F037F092BD0012F79D13F4A3D
:10D8000002EB830284F48033D2F80017C3F30043A1
:10D81000C4F3404444EA430421F4E16144EA80044F
:10D8200021F0070144EA05230B43C2F8003700202A
:10D83000C3E70725D4E70425D2E70525D0E703256C
:10D84000CEE7630341BF012372688B40C2F80C35F9
:10D85000CDE74FF0A042D3E710360DF10202394672
:10D86000304608F099F914F4403F80460CD139460F
:10D87000304615F03AFE224B9845D8D19DF802105B
:10D88000304608F0E1F9D2E701AB4FF0000903AAF6
:10D8900039463046CDE90439CDE90199CDF80C90EF
:10D8A00008F03CF8164B984285D114F4003315D09B
:10D8B0009DF803308DF80E3084F48034C4F30044B6
:10D8C0004B4603AA394630468DF80C508DF80D4072
:10D8D00008F0DEF80A4B9842CDD06CE7CDE904336E
:10D8E00003AA0DF1030339463046039308F016F8F6
:10D8F000F0E703F5E07352F82330FFDE0003005039
:10D900000000AD0B014BB3F8C0067047801000203B
:10D91000024B002083F8C416704700BF801000201F
:10D9200038B50B4DD5F8B84664B94FF47A70484312
:10D93000C5F8B82614F0C9FE38B9C5F8B8066FF0B6
:10D940000F0038BD6FF07700FBE72046F9E700BF16
:10D950008010002021B1012906D06FF0010070472E
:10D960000123136000207047004BFAE7F8800300A2
:10D97000F0B514468BB00C290ED8DFE801F007187B
:10D980002F33373C5E620D0D0D66C200137843B134
:10D99000507820B1012802D06FF0150005E014F096
:10D9A000B1FE207814F0BEFE00200BB0F0BD53791C
:10D9B0001179106833B114F0B7FE0028F4D16FF07C
:10D9C0000B00F2E730B114F0B8FE0028ECD16FF094
:10D9D0000100EAE7084614F0B3FEE5E7107814F01A
:10D9E0008FFEE1E7107814F087FEDDE74B4B1268FD
:10D9F000C3F8BC26D8E7156814F0C2FE05F1100480
:10DA00000026503554F8103C002BCDD01034AC42D9
:10DA1000CAD0049314F8173C8DF8143054F8143C11
:10DA20000896CDE9063614F8183C04A883F00103E3
:10DA30008DF8243014F0A2FEE4E7106814F09AFE8A
:10DA4000B2E7106814F098FEAEE7937A43B1012173
:10DA5000002014F065FE0121084614F061FEA3E7E2
:10DA600012894FF6FF739A4231D063687BB304A9E1
:10DA7000ADF808200F4603F1080212F8010D01F875
:10DA8000010B9A42F9D1266816B135786B060AD196
:10DA90000122002102A814F041FE0122114638465D
:10DAA00014F03CFE80E772781D4B02F07F025200BA
:10DAB00019889B78ADF80C1052EAD5128DF80E300B
:10DAC00008D1032203A9B01C16F0F4FB20B16FF0BB
:10DAD00085006AE71A2AFAD105F07F03012532464C
:10DAE00000950233002102A814F00EFE226813787C
:10DAF000009503F07F0302332946384614F004FEF4
:10DB000052E7107814F0FAFD2378044A82F8C536FB
:10DB1000002B7FF449AF14F09EFD45E780100020F4
:10DB2000649A030070B5054688B04668046904F538
:10DB3000886015F08DFE0122002104F5C06015F00B
:10DB4000A9FE0122002104F2E45015F0A3FE02F028
:10DB500015FB14F001FE82B2D301110101F4016141
:10DB600003F4807312020B4302F48062134343F404
:10DB70009553144A43F00F03A2F8C036012384F8EA
:10DB8000C53633682846984704F57076002200238E
:10DB9000CDE9062300256FF00D03CDE90335CDE96E
:10DBA0000155094B00944FF4487204F1400130468E
:10DBB00009F0C2FB0549304615F04EFF284608B073
:10DBC00070BD00BF80100020B1520100689A0300B0
:10DBD00008B5044A0448012111F0D4FE6FF0040096
:10DBE00008BD00BF709A0300F07B030008B5044A2B
:10DBF0000448012111F0C6FE6FF0040008BD00BF0B
:10DC00008B9A0300F07B030008B5074B93F9C40619
:10DC100014F014FD14F027FD18B9BDE80840FFF713
:10DC2000E5BF002008BD00BF801000202DE9F041B5
:10DC30008C46184C0746DDE9060100232646D4F839
:10DC40006484B8F1000F06D00133102B04F11804DE
:10DC5000F5D1BDE8F08118245C433519C5F864742A
:10DC600085F871C485F870243A7816F020F905F526
:10DC70008D63C3E90001B6F8E035A5F8723404F508
:10DC80008C61A6F8E08531440348BDE8F04115F009
:10DC9000ECBD00BF80100020C014002007B5124A60
:10DCA000116803460968013B0868072B17D8DFE8AD
:10DCB00003F0180414161616161801238DF80730F1
:10DCC0000023A2F8E035D2F8BC361BB10DF10702F3
:10DCD0000121984703B05DF804FB0223EEE703231C
:10DCE000ECE70023EAE700BF801000204378054AF4
:10DCF000C3F3001382F8E0354378C3F3C00382F81E
:10DD0000E13570478010002010B5154B002283F8D4
:10DD100098260A7883F8C2264A7883F8C3268A6848
:10DD2000C3F8A4268AB191F90D0083F8B106887B67
:10DD300083F8B006D1E9040150EA010403F5D66482
:10DD400008D10022002344E902230648BDE8104020
:10DD500009F082B8127816F0AAF844E90201F4E753
:10DD60008010002080160020064880F8981613784E
:10DD700080F8C236537880F8C33600F5C06009F0E9
:10DD80006BB800BF80100020034B83F8FC0503F242
:10DD9000E45009F061B800BF801000200348002360
:10DDA00080F8FC3500F2E45009F056B880100020ED
:10DDB000064BD3F8B82642B10021C3F8B8161B6849
:10DDC00090F900101B6818681047704780100020F9
:10DDD000064BD3F8B82642B10021C3F8B8161B6829
:10DDE0001B6847F6FF7118681047704780100020C5
:10DDF000036803F01F025B09026004D0012B034893
:10DE000018BF002070474FF0A0407047000300503B
:10DE10002DE9F04FDFF89491DFF894A185B0154615
:10DE2000834600EB810140F2FF18594503D10020E1
:10DE300005B0BDE8F08FDBF800305E04C3F3C32209
:10DE4000C3F3080400F1AC805B0C19F80270444580
:10DE500008BF4FF0FF34222B00F2A580DFE803F06B
:10DE600012191F22252B22A3A3A3A33B68A3A3A3BC
:10DE7000A3A3A3A3A3A36B818487A3A3A38A919441
:10DE8000979A9D00C5F80C45601C5ED10BF1040B00
:10DE9000CBE7C5F81445621CF8D000265FE0C5F852
:10DEA0000845F1E7C5F81045F5E7631CC5F80845D6
:10DEB000ECD0002604E0661CC5F80C45E6D001262F
:10DEC00003A80394FFF794FF039B012202FA03F3D4
:10DED000C0F80C3508E0C5F80845002FDBD1631CFD
:10DEE000D4D0002632460627DBF80030019303F435
:10DEF0000040002818BF002203A8009218BF012686
:10DF00000394FFF775FF039C019B009A00EB8400CC
:10DF1000C3F3412CD0F800473B0243EA8C03134380
:10DF200004EA0A04234343EA4603C0F80037ADE796
:10DF3000C5F80C45D1E7C5F86045601CDBF800303A
:10DF4000A4D0C3F30043002BB9D003A80394FFF778
:10DF50004FFF039B012606FA03F3C0F8083532464B
:10DF6000C2E7C5F86445E8E7C5F86845E5E7C5F8E0
:10DF70006C45E2E7C5F82445621C87D000220126E3
:10DF8000B2E7C5F828457FE7C5F83045F4E7C5F89E
:10DF90003445F1E7C5F83845EEE7C5F83C4573E789
:10DFA0006FF0150044E76FF0850041E7589B0300D0
:10DFB000F0F8FCFF2DE9F743476805693C684FF02E
:10DFC0000008C4F800852860D7F80C90064601AA1E
:10DFD0004146484614F01AF8002837DB019BD9F86F
:10DFE000002019791868FFF713FF00282EDB6B7AE1
:10DFF0003169012B03D0032B26D14FF01008AB7AE7
:10E00000032B21D195F80BC0BCF1000F02D0BCF15D
:10E01000010F19D12A7A12B1022A15D10E226B688A
:10E020007068B3F5164F00687BD02DD8B3F5165F36
:10E030007AD016D8B3F5966F78D00AD8B3F5967F14
:10E0400077D0B3F5167F77D06FF0850003B0BDE8C9
:10E05000F083B3F5166F72D0B3F5965FF4D15C4BD5
:10E060003EE0B3F5E14F6DD007D8B3F5615F6BD0FB
:10E07000B3F5964FE8D1574B32E047F6122E734571
:10E08000E2D14FF400032BE0B3F5613F5ED013D82B
:10E09000B3F5963F5DD009D84DF6C02E73455AD0E2
:10E0A000B3F5614FD0D14FF46B0319E0B3F5E13F05
:10E0B000CAD14FF0EB7313E0B3F5612F4ED009D8FE
:10E0C000DFF814E173454CD0B3F5E12FBCD14FF02C
:10E0D000E86305E0DFF804E17345B5D14FF0805304
:10E0E000C0F82435736848EA0C081B6842EA080245
:10E0F000C3F86C250B1DD5E9010183E803007B689B
:10E1000099073DD505F11C0007F0BAFF344B984242
:10E110002AD03448344A012111F034FC6FF0040055
:10E1200094E74FF41D03DBE7304BD9E74FF49E2310
:10E13000D6E74FF4A033D3E74FF41C33D0E74FF4C6
:10E140001D23CDE72A4BCBE72A4BC9E74FF06C7371
:10E15000C6E7294BC4E74FF46503C1E74FF070638E
:10E16000BEE74FF08063BBE7287F04F10C0204F5A3
:10E17000907115F034F92B7F0120984007F0A0FA38
:10E180000823C4F800353B7A53B9C4F81031D4F8E9
:10E190001031AB69C4F834350123C4F83835236035
:10E1A0007B689A075CBF4FF48073C4F804337B68C4
:10E1B000DB0644BF4FF48003C4F804336B69C4F832
:10E1C000443500200123C4F84805A360E3603DE71F
:10E1D00000B0130000A04E0090D0030040420F009A
:10E1E0000000AD0B707C0300609B03000050270013
:10E1F00000C0750000F03A0000903A012DE9F041AE
:10E20000044607690D4615F021FC4FF04008B0B9EF
:10E210001F4B1B789BB16426606813F0D0FFF0B9E8
:10E22000012015F0DAF8013EF6D10021212009F095
:10E230005FFBF0E781F31188BFF36F8FF5E7EFF332
:10E2400011810E4688F31288BFF36F8F606813F058
:10E25000B6FF80B981F31188BFF36F8FEFE7EFF35B
:10E2600011810E4688F31288BFF36F8F606813F038
:10E27000A6FF0028DED07B691D7079690122204647
:10E2800013F0DEFE86F31188BFF36F8FBDE8F081D7
:10E29000AF8A002070B5012383400E4ABFF35B8F25
:10E2A000DC4352E8001F01EA040542E80056002E54
:10E2B000F7D1BFF35B8F4FF4803282400648C0F83D
:10E2C0000823BFF35F8FBFF36F8F0B4214BF012092
:10E2D000002070BD3C6A00200010014070B40E495F
:10E2E000D1E90034D01AC31844F1000422F07F466B
:10E2F000C1E90034A6F50013B3F5400F09D2074B6E
:10E300001B681A0A1B069C19054B42F10005C3E95C
:10E31000004570BC09F0A0BCD02B0020406A002052
:10E32000D82B002011B3BFF35B8F0123104A834029
:10E3300052E800CF4CEA030C42E800C10029F7D1B3
:10E34000BFF35B8F0B4A4FF480338340C2F8043332
:10E35000094BBFF35B8F1B68BFF35B8FC340DB07C9
:10E3600042BF064B4FF40032C3F80021704700BF94
:10E370003C6A002000100140346A002000E100E007
:10E38000C3B202489B001844704700BF40110140CF
:10E39000D0B50446FFF77EFF124B014603EB041392
:10E3A0004FF0FF364FF0FF372046C3E9026713F006
:10E3B000CDFF0D4A4FF48033A340C2F84833012308
:10E3C000A3400A4ABFF35B8FDB4352E8006F1E4055
:10E3D00042E80064002CF8D1BFF35B8FBDE8D04069
:10E3E000FFF7A0BF902B002000100140346A0020EE
:10E3F0000D4B1868010A0006BFF35F8F0B4BD3F873
:10E400000435181841F10001B3F5801F0AD2084BFA
:10E41000D3E90023904271EB030303D210F1807023
:10E4200041F10001704700BF406A00200010014028
:10E43000D82B00202DE9F04F85B016461F469DF8D9
:10E4400040A00446FFF726FF0190FFF7D1FFB0423E
:10E4500071EB070354D23E4B301A67EB010198422F
:10E4600071F100014FD23B4B03EB0413D3E90223BC
:10E470009F4208BF96425ED037494FF4803804F17E
:10E48000500508FA04F8AD00C1F848832046ADB243
:10E4900013F05CFF26F07F4B05F1804504F5A8736F
:10E4A00005F58835DC464FF003090293029A2CF0FB
:10E4B0007F4341F82230C1F84483D1F80435274A1C
:10E4C0006FF00200C01A604420F07F40904232D9C1
:10E4D000286868B1D1F804350393A3EB0B0020F052
:10E4E0007F40B0F5000F26D9204613F02FFF039B85
:10E4F000BAF1000F07D109EB030C09F10109D5E7C7
:10E50000BAF1000F09D06FF0150520460199FFF709
:10E5100009FF284605B0BDE8F08F0123104ABFF37C
:10E520005B8FA34052E8000F184342E80001002926
:10E53000F8D1BFF35B8F07490E98230101EB04125A
:10E54000C8500F9B5360C2E902670025DDE700BF9A
:10E5500001008000902B002000100140FDFF7F0093
:10E56000346A00207FB5264C264BC4F80833C4F823
:10E570004833254B00254FF0FF304FF0FF314FF46B
:10E580008032C4F808554FF48026C3E90201C4F86C
:10E5900004234FF40032C3E90601C4F80423C3E99D
:10E5A0000A01C4F80463C3E90E014FF40023C4F860
:10E5B0000433164B02260121C4F804631120C3F86A
:10E5C00080212A46FAF7F2FC1120FAF7BFFC01235A
:10E5D000A36023600E4B0F221A600E4B0E221A60AE
:10E5E0000D4B0E4A0093CDE9015500232846FFF755
:10E5F00021FF3046FEF772F8284604B070BD00BF18
:10E600000010014003000F00902B002000E100E00B
:10E610003C6A0020386A0020DDE20100FFFF7F0035
:10E620002DE9F04F354ED6F804339A0787B00BD555
:10E63000D6F8043143B1324A0023C6F80431D6F883
:10E6400004311368013313602E4DDFF8BCA00024A1
:10E65000A9464FF48038D6F8042308FA04F7174285
:10E6600028D0BFF35B8F0122A240284BD24353E84E
:10E67000001F01EA020043E8000CBCF1000FF6D1D4
:10E68000BFF35B8F21FA04F2D30702D45AF8242097
:10E6900082B1204613F05AFEFFF7AAFEEFF3108B6B
:10E6A00072B609EB041CDCE902239042994109D2BD
:10E6B0008BF310880134042C05F11005CBD107B081
:10E6C000BDE8F08FCDE90423D5E900134FF0FF3208
:10E6D000039300204FF0FF332860CCE9022320464B
:10E6E000C6F8487313F032FE8BF310880029E1D08E
:10E6F000039B0093DDE904238847DBE7001001401A
:10E70000406A0020902B002040110140346A002014
:10E710000F4B70B501241868B0B1BFF35B8FB0FA2E
:10E7200080F0C0F11F0004FA00F1C94353E8002F44
:10E7300002EA010543E80056002EF7D1BFF35B8FD4
:10E74000C240D207E7D570BD6FF00B00FBE700BFFA
:10E75000386A002030B5431C124C85B005D0844285
:10E76000A8BF0446012CB8BF0124FFF741FE0E4BA1
:10E770000C4DD3E90013401AB0F5000F10D2221847
:10E78000AA4228BF2A4652184FF0000007490091BC
:10E79000CDE9010043F10003FFF74CFE05B030BDA9
:10E7A0002A46F0E7FFFF7F00D02B0020DDE20100CA
:10E7B00008B5FFF71DFE024B1B68C01A08BD00BF5D
:10E7C000D02B002010B5084C012363601120FAF70C
:10E7D000CBFB064BC4F80833C4F84833044B4FF462
:10E7E0000032C3F8802110BD0010014003000F006B
:10E7F00000E100E002460B46014808F047BA00BFBE
:10E80000F4060020014808F0B9BA00BFF406002061
:10E8100037B53223ADF80430134A002301251921FE
:10E8200068468DF80630ADF800508DF80230F5F7E7
:10E8300013FA0446A0B90D482946F6F739FA0446FA
:10E8400070B901462A460820FAF7B0FB2A4621464D
:10E850000B20FAF7ABFB2A4621462846FAF7A6FB1F
:10E86000204603B030BD00BF81E80100446A0020AB
:10E870000149024815F0BBB8746A0020E02B002063
:10E8800098B500AF6C468AB06A460D4BD161C2E9BB
:10E8900005304FF4007313840A4B42F8103F0A48C6
:10E8A00000234FF41151F8F787F90023A54683F3AD
:10E8B0001188BFF36F8F0323184602DFBD4698BD52
:10E8C000AB9B030004000001087C030037B50D4D2D
:10E8D0000D49002400946FF00F034FF40072284696
:10E8E00008F03CFC0949284615F0B6F808490948E3
:10E8F00015F052F8224604211920FAF757FB20465A
:10E9000003B030BDE02B002080A20020BF9B03009D
:10E91000BF230300746A0020014B00201B681847C6
:10E92000846A002020B1012806D10448F2F720BCF7
:10E93000034B01201B681847704700BF19E901000D
:10E94000846A0020014B186001487047846A0020E7
:10E950000000AD0B10B51D48BFF35B8F0368BFF31C
:10E960005B8F23B9062904D8042923D839B10020A4
:10E9700010BD0729FBD1403808F06EFAF7E750F8D0
:10E98000203CA0F14004D3E900209047012805D0A5
:10E990000223E06384F834300D48E9E747F230534E
:10E9A0002363032384F8343004F1240384F829001A
:10E9B000A363F1E700F8173C064B40F8103CA0F1C8
:10E9C0001C014038007EF6F7B4F9D0E7C86A002091
:10E9D000BC6A0020FF3F420F02480122002114F0D0
:10E9E00059BF00BF886A0020014BD861704700BF43
:10E9F000886A002038B54FF0FF3105464FF0FF30F0
:10EA0000FFF7F8FE34493548F2F70CFA0446FFF7F1
:10EA1000F9FE002C08DA3248324A2346012110F070
:10EA2000BAFF6FF00B0038BD2F4C40F20113238565
:10EA3000E36925626433E36247F2305323630022C3
:10EA40006FF0730384F82420E36304F14005BFF3FF
:10EA50005B8F55E8003F45E800210029F9D1BFF35D
:10EA60005B8F4FF0FF314FF0FF30FFF7C3FE04F133
:10EA70002401207EF6F75DF9FFF7C4FE1B4A002350
:10EA8000204608F00DFA00280FDA194A144801212F
:10EA900010F078FFBFF35B8F012355E8002F45E8A6
:10EAA00000310029F9D1BFF35B8F4FF0FF314FF0F8
:10EAB000FF30FFF79FFE207EF6F71DF9FFF7A2FE5D
:10EAC000BFF35B8F236CBFF35B8F13B1064808F075
:10EAD0000DFAE06BA7E700BFA06A002055E901002E
:10EAE000E07B0300E89B0300886A0020447B0B0066
:10EAF0000E9C0300074B01221A64D3F84035B3FB88
:10EB0000F0F01844044BDB69984234BF0020012028
:10EB1000704700BF00800040886A002010B50C29B3
:10EB2000036912D118680A4C80EAE073A3EBE07322
:10EB3000990803F00303002804FB03F3BCBF494218
:10EB40005B42C2E90013002010BD6FF08500FBE7B7
:10EB500090D00300024B01221A7011F003BA00BFDB
:10EB60003C7C002010B50A4B1A78044672B1002292
:10EB70001A7000F073FE20B12046BDE8104017F077
:10EB80001ABA2046BDE810400BF042BC10BD00BFD1
:10EB90003C7C002008B515F0B4F84FF47A72A0FB65
:10EBA000020302FB0133C00B40EA4340014B1B68E8
:10EBB000C01A08BDD06A002037B58C18FFF7EAFFED
:10EBC000241A002C16DD4FF4004540F2E7300021F6
:10EBD0004FF47A720023E4FB0501F1F731FC0246A1
:10EBE0000B4600210020CDE90001064809F024F978
:10EBF00003B030BD044B01221A7003B0BDE83040B1
:10EC000011F0B0B9D00500203C7C0020014815F07F
:10EC1000CBB800BFD005002008B515F072F8064A41
:10EC2000A0FB020302FB0133C00B40EA4340034B4D
:10EC30001B68C01A08BD00BF40420F00D46A002004
:10EC400010B5FFF7E9FF0446002013F04EFC054B1A
:10EC5000201A18604FF47A7390FBF3F0024B18609F
:10EC600010BD00BFD46A0020D06A00200D4BA0F177
:10EC70000B020F2A93F9003003D97F2B0BD1002010
:10EC80007047094A02447F2B12F90B0C04D17F28EC
:10EC900008BF002070477F209842A8BF184640B2A6
:10ECA000704700BF517C00203F7C0020024B198040
:10ECB000024808F0D1B800BF4C7B00209C07002020
:10ECC000054BBFF35B8F1B68BFF35B8F43FA00F00C
:10ECD00000F00100704700BFD86A00200123834084
:10ECE000064ABFF35B8FDB4352E8000F184042E84F
:10ECF00000010029F8D1BFF35B8F7047D86A00206C
:10ED00000123074ABFF35B8F834052E8000F18438B
:10ED100042E800010029F8D1BFF35B8F11F022B95E
:10ED2000D86A0020044B834204D1044B062019808A
:10ED3000FFF7E6BF704700BF8C7B03004C7B0020D1
:10ED4000012908D002291AD0D9B90E4B1878032806
:10ED500017D1FFF7D5BF0B4B1B78022B11D11378BE
:10ED6000012B08D0022B08D0002B08BF1221064B24
:10ED700002201970EDE71121F9E71621F7E70720C6
:10ED8000E7E77047D17C00203E7C00202DE9F04170
:10ED90008B680C461D46002725B97F2F06D9012018
:10EDA000BDE8F0812A8A6D681744F5E7DB681B78B7
:10EDB00003F00703022BF2D1DFF86C803A4641469C
:10EDC000204612F005FA0028E9DB184E94F8593075
:10EDD000B37594F85A30C6F80080FF2B18BFAE3BCD
:10EDE000D4E9080218BF5DB2114BB78083424FF0DF
:10EDF00002039341757511D30E4BA0FB030103FB76
:10EE00000211A36AC01841F100014FF47A72002385
:10EE1000F1F7C6FAC6E902010020C1E74FF0FF3062
:10EE20006FF00041F1E700BF527C0020202D002050
:10EE3000037DC12500CA9A3B30B5002189B000206E
:10EE4000FBF75CFA204D214C2860002200237F2034
:10EE5000FBF722FA0146206028681D4D12F099F850
:10EE600023681C48DA681C4B1C4C1A607F21102256
:10EE700015F058FAAB6823601BB3002300931849C0
:10EE800018486FF007034FF4007208F067F916494D
:10EE9000144814F0E1FD236828465B68984710F099
:10EEA000200006D180F31188BFF36F8F042318462A
:10EEB00002DF0E4B0293236805489B6A02AA0421D5
:10EEC000984709B030BD00BFE46A0020E06A002026
:10EED0008C7B03003F7C0020402D0020DC6A00205A
:10EEE000C0A40020802C0020439C030041ED0100C1
:10EEF00008B50146034814F0B8FC0120FFF700FFF5
:10EF0000002008BDB407002008B50146034814F0EE
:10EF1000ACFC0020FFF7F4FE002008BDD007002065
:10EF200013B5064BADF806101B6805481C69022294
:10EF30000DF106030121A04702B010BDDC6A0020DC
:10EF40008C7B030013B5054B01911B6804481C69B9
:10EF5000002201AB0121A04702B010BDDC6A0020F5
:10EF60008C7B030013B5064BADF806101B680548F3
:10EF70001C6901220DF106031146A04702B010BD25
:10EF8000DC6A00208C7B0300024B1878003818BF25
:10EF900001207047D17C0020034B1A780AB9012266
:10EFA0001A700020704700BFD17C0020034B1A78F4
:10EFB0000AB100221A700020704700BFD17C0020E7
:10EFC00010B5084C2378013B022B08D8064B0748A4
:10EFD0001B681B6A984701232370002010BD0D2079
:10EFE000FCE700BFD17C0020DC6A00208C7B0300A2
:10EFF0002DE9F043054689B00020FFF761FE0028A7
:10F000005ED10120FFF75CFE78B10120FFF766FEBC
:10F01000DFF86082DFF86092984F002200234046BC
:10F0200007F0E8FE0446002858D10220FFF748FE0A
:10F0300070B10220FFF752FE00F010FC904B014629
:10F040001A78002800F0B0800021284617F081FCD3
:10F050000320FFF735FE30B10320FFF73FFE89495B
:10F06000284617F05EFC0420FFF72AFE864E002893
:10F0700000F0A6800420FFF731FE3378032B40F028
:10F08000978002233370814B7E4F1B6893F85B306F
:10F09000C3F34002C3F3800343EA0213FA7E22F073
:10F0A00011021343FB7600F0D9FB794B044600288C
:10F0B00000F0A8801A783946284617F04DFC7FE00A
:10F0C0000020FFF70BFE734C00220023204607F0C0
:10F0D00091FE002895D011F0F5FEF5E720220021E1
:10F0E000684615F01FF9A06810F0C0FEC3680093D1
:10F0F000A3680022002B49D1ADF80420664A94F899
:10F100005B6012888DF8062094F859208DF816203F
:10F1100094F85A20FF2A1CBFAE3A53B28DF815302E
:10F120009DF8173066F300038DF81730D4E9080313
:10F13000022281459A412DD3A0FB070107FB031151
:10F14000A36AC01841F100014FF47A720023F1F76D
:10F1500027F99DF81730C6F3C00666F341038DF812
:10F160001730636D049394F858308DF81430CDE95E
:10F17000020100F073FB024688B10022694628466E
:10F1800017F0E7FB204611F09DFE46E7198A5B6801
:10F190000A44AFE74FF0FF306FF00041D4E7694613
:10F1A000284617F0B7FBEDE7284617F0B3FB4FE70B
:10F1B0003A4B3B481B685B68984783053FF561AF56
:10F1C0000720FFF77DFD28B10720FFF787FD2846C0
:10F1D000FFF7F6FE3378032B49D00520FFF770FDCB
:10F1E00000BB0620FFF76CFD002840D02D4B2846C1
:10F1F00093F9001017F0A6FB062009B0BDE8F04314
:10F20000FFF76CBDDFF8A0801B78B8F80420002A57
:10F2100014BF424600223946284617F089FBA8F859
:10F220000440CDE71D4C214A23681178DB681C4857
:10F23000984723681E49DB6A1E4A09881848984780
:10F2400088B10620FFF73CFD40B1164B284693F9E4
:10F25000001017F077FB0620FFF740FD09B0BDE86E
:10F26000F04310F07FBE0520FFF738FDB9E709B085
:10F27000BDE8F083B4070020037DC12500CA9A3B96
:10F280003E7C0020402D0020D17C0020E46A00203C
:10F290003D7C0020D0070020507B0020DC6A00204D
:10F2A0008C7B03004C7B0020202D00204F7C002015
:10F2B0004E7B002025ED0100F8B50C4D0C4C2B6861
:10F2C0000C4EDB683180204698472B6830785F69A8
:10F2D000FFF7CCFC01462046B8472B682046DB6987
:10F2E0009847054B02221A700020F8BDDC6A002006
:10F2F0008C7B0300507B0020D17C002070B5134D27
:10F300002A68536AE3B1124C237889B1022B1BD1CE
:10F31000104B56691878FFF7A9FC01460E48B04714
:10F320002B680D485B6A984760B90323237070BD52
:10F33000032B09D1074BBDE870401978FFF7BCBF1C
:10F340000C20F4E70120F2E70D20F0E7DC6A002052
:10F35000D17C0020507B00208C7B030038B50D4B06
:10F360000D4D1B680D485B6898472B78022B03D026
:10F37000830501D40D2038BD094814F016FB04465E
:10F380000028F7D10323064906482B7014F02FFB01
:10F390002046F0E7DC6A0020D17C00208C7B030053
:10F3A0003C020020802C002000487047402D0020A7
:10F3B00010B50E4C0E4823685B68984710F00100AA
:10F3C00010D023680B4ADB6A09480121984750B9DD
:10F3D0004FF0FF3308484FF0FF3207F061FD074B55
:10F3E00093F9000010BD7F20FCE700BFDC6A00201D
:10F3F0008C7B0300ADEC01009C0700204C7B0020BF
:10F4000008B5134B13481B685B689847024600F029
:10F4100001035800D30648BF40F00800910648BFDA
:10F4200040F00100930548BF40F01000110548BFAF
:10F4300040F02000D30548BF40F04000510548BFD0
:10F4400040F08000D30448BF40F4807008BD00BF86
:10F45000DC6A00208C7B030010B586B00C461822B5
:10F460000021684614F05EFF054B8DF800401B68D4
:10F4700004489B6A6A460C21984706B010BD00BF3D
:10F48000DC6A00208C7B0300014B1878704700BFBA
:10F49000507C002010B586B00C461822002168462A
:10F4A00014F040FF064B8DF800401C70054B0648D9
:10F4B0001B686A469B6A0321984706B010BD00BFCF
:10F4C000507C0020DC6A00208C7B0300F8B5114ED4
:10F4D000114B3768114D1970FB6A2A800C46B3B185
:10F4E0000520FFF7FBFB0620FFF7F8FBFB680C4845
:10F4F0002146984733680B4ADB6A298808489847B1
:10F5000008B90020F8BD0520FFF7FAFBF9E70C2049
:10F51000F8E700BFDC6A00204F7C00204E7B002013
:10F520008C7B030025ED010010B586B00C46182237
:10F530000021684614F0F6FE054B8DF800401B686C
:10F5400004489B6A6A460021984706B010BD00BF78
:10F55000DC6A00208C7B030010B588B00C461422B6
:10F56000002103A814F0DEFE01AB0293084BADF8B6
:10F5700004401B6807489B6A01218DF80D1002AA00
:10F580009847002814BF0320002008B010BD00BF1A
:10F59000DC6A00208C7B030010B586B00C4612227A
:10F5A00000210DF1060014F0BDFE094B00941B680C
:10F5B00008489B6A01218DF804108DF805106A46F1
:10F5C0009847002814BF0320002006B010BD00BFDC
:10F5D000DC6A00208C7B030010B588B00C46142236
:10F5E000002103A814F09EFE01AB0293074BADF877
:10F5F00004401B6806489B6A02AA0121984700281C
:10F6000014BF0320002008B010BD00BFDC6A00203A
:10F610008C7B030010B586B00C46132200210DF13F
:10F62000050014F07FFE084B00941B6807489B6A96
:10F6300001218DF804106A469847002814BF032062
:10F64000002006B010BD00BFDC6A00208C7B0300E8
:10F650007FB518220021684614F064FE044B05486B
:10F660001B686A469B6A0121984707B05DF804FB56
:10F67000DC6A00208C7B03007FB5182200216846DD
:10F6800014F050FE054B06481B6801219B6A8DF85B
:10F6900004106A46984707B05DF804FBDC6A002056
:10F6A0008C7B030021B1034B1B780B70002070474B
:10F6B00007207047517C0020014B002019707047D3
:10F6C000517C002008B50C4B1B680BB11B6B5BB960
:10F6D00014F017FB094AA0FB020302FB0131C00B27
:10F6E00040EA4140C90B08BD054898474FF47A727B
:10F6F0000023F0F755FEF6E7DC6A002040420F00D9
:10F700008C7B0300F0B59FB00EADCC088DF80720C0
:10F7100000214022284604AF1E4614F003FE1022AA
:10F72000002138468DF841408DF851408DF86140F8
:10F7300014F0F8FD012C08AC0BD10DF10F0311935F
:10F740000DF107031593249B1293259B0E96199494
:10F7500016931422002109A814F0E4FD9DF8073047
:10F760000648002B08BF3D46054B08951B682246FE
:10F770009B6A052198471FB0F0BD00BF8C7B03003A
:10F78000DC6A002010B586B00C461422002101A8C6
:10F7900014F0C8FD044B00941B6804489B6A6A4639
:10F7A0000621984706B010BDDC6A00208C7B030060
:10F7B00010B586B00C461422002101A814F0B2FD49
:10F7C000044B00941B6804489B6A6A4607219847CB
:10F7D00006B010BDDC6A00208C7B0300024B03489E
:10F7E0001B685B6B184700BFDC6A00208C7B030042
:10F7F000A1F10B030F2B10B512D80A4B0B4403F8E1
:10F800000B2C094B1888884201D0002010BD074BF3
:10F810001B685C69FFF72AFA01460548A047F4E730
:10F820000720F3E73F7C0020507B0020DC6A0020AB
:10F830008C7B030008B5029918461368024A0FF042
:10F840009EFB0C2008BD00BF529C0300024A1070B2
:10F8500008B9FFF7B5BB7047D27C0020014B187880
:10F86000704700BFD27C0020034B1B780BB1FFF721
:10F8700045BD0D20704700BFD27C00202DE9F74325
:10F88000484E0446A368DB6B002B7DD1A3689B6BBD
:10F89000002B40F08180A368DB6AFBB94FF00008C1
:10F8A000306801A9C2690FF02AFFA3680746002843
:10F8B0004AD01B690199002B3BD00246204698474D
:10F8C0000546002838D0306829460FF037FFBD4282
:10F8D0004FF00108E4D010F045FB03E020469847C4
:10F8E0000028DBD1A368DB691BB1204698470028BC
:10F8F000C8D02D4DBFF35B8FD5F80090BFF35B8F61
:10F90000B9F1010FBED1DFF8A480B8F800703FB3A1
:10F91000A368274DDB682968FBB13A462046984723
:10F920002B6803442B60B8F800301B1AA8F800308D
:10F93000A8E76FF05705C6E7014630680FF0FEFEF6
:10F94000B8F1000FCED0C6E71B69002BF8D001221A
:10F950000DF1030120469847F2E76FF05700DFE70B
:10F96000204612F0CEFD2B4643F808790C33BFF346
:10F970005B8F53E8002F43E800910029F9D1BFF3D2
:10F980005B8F10F0EFFA7DE72046984700287FF460
:10F990007DAF03B0BDE8F0832046984700287FF490
:10F9A0007AAFF6E74C02002054020020527B002080
:10F9B000E86A002037B50C4D286801A9C2690FF02C
:10F9C000F1FE044630B9EB6813B116F04DF9EC6066
:10F9D00003B030BD0198A1B216F04FF92868214656
:10F9E0000FF000FFE8E700BF4C02002010B5124CFA
:10F9F0001248606013F0C2FD08B9012010BD6068B4
:10FA0000836823B11B6C13B10D492246984700202F
:10FA1000F8F70CF808B17830EFD16068082112F0DF
:10FA200075FD6068102112F071FD606883681B6AC3
:10FA300003B198470020E1E74C020020EC7A030074
:10FA40007DF80100F8B5124E124D3388E3B9002459
:10FA5000114BAC600122BFF35B8F53E8001F43E8FA
:10FA600000200028F9D1BFF35B8F10F07BFA20460D
:10FA7000F8BD3B686868195D83685B689847013426
:10FA80003388A342F5D8E2E7044F0024F8E700BF2B
:10FA9000527B00204C02002058020020E86A00201F
:10FAA000034610B50120C3B1BFF35B8F104A52E883
:10FAB000004F002C04D142E8000CBCF1000FF6D13D
:10FAC000BFF35B8F12D10B4803600B4B19800B4BBC
:10FAD0001B781BB1FFF7B6FF002010BD52F8040CD5
:10FAE00083685B69002BF7D09847F5E70520F4E7BA
:10FAF00054020020E86A0020527B0020D37C0020C2
:10FB000010B5064C064B606801221A7012F0F9FC21
:10FB10006068BDE8104012F0EFBC00BF4C0200204E
:10FB2000D37C002030B5144687B005460A4699B10B
:10FB300094B1042112F0FCFC70B105AB286802936B
:10FB40001023CDE90043064900680BF0A5FD07B07E
:10FB5000BDE8304012F0E0BC072007B030BD00BF68
:10FB60000044400438B5064B064C9D6805492B6897
:10FB70000348042298472368002BF7D038BD00BF04
:10FB8000147B0300EC6A0020044B186880EA4030C4
:10FB900080EA504080EA401018607047EC6A00200C
:10FBA000024B01221A7008F003BE00BFD47C002073
:10FBB00008B50020FCF78AFD05490023CB60054B02
:10FBC0004B6003238B60BDE808400FF0D5BC00BF3D
:10FBD000F06A0020A1FB010010B50020FCF776FDC3
:10FBE000064904460FF043FD783002D120460FF05D
:10FBF0001AFD034B00221A7010BD00BFF06A0020EE
:10FC0000D47C002040B2002808DB4309044900F0FE
:10FC10001F0001224033824041F82320704700BF7B
:10FC200000E100E040B2002808DB4309044900F08D
:10FC30001F0001226033824041F82320704700BF3B
:10FC400000E100E040B20028A7BF00F1604000F5ED
:10FC5000614000F00F00034BACBF90F80003185C4C
:10FC60004009704714ED00E010B5064C06492046E7
:10FC700013F0CDFE00220023204607F0D7FA002023
:10FC800010BD00BF602D00208DFC010037B50F4C6A
:10FC9000A5683B21EB682046984770B90C212B6979
:10FCA0006A462046984740B9094B009A93F90010DC
:10FCB000914202D01A7012F0C3FC4FF4F0120023EC
:10FCC000044807F0E7FA03B030BD00BFA07B030093
:10FCD000E8030020602D0020014B93F900007047DD
:10FCE000E8030020084BD3F8082542F00302C3F8CC
:10FCF00008250422C3F81025D3F8042522F00302B6
:10FD0000C3F80425704700BF00900040014B01225A
:10FD10001A60704700900040014B01221A61704741
:10FD2000009000400048704748900040054A06494E
:10FD300001235364D2F84435013B0B60C2F84835C7
:10FD4000704700BF00900040006B002008B5094BD1
:10FD5000D3F8483528B9084B084A09485D2109F00D
:10FD600033F8084A12689A4216BF03600020012047
:10FD700008BD00BF009000408E9C0300EF9C030074
:10FD8000A29C0300006B0020004870474C9000408C
:10FD9000014BD3F84C0570470090004008B5084B64
:10FDA0001B69834205D0074B074A0848462109F0E2
:10FDB0000BF8FEF71DFBBDE8084008F0DFBD00BFF3
:10FDC000C02D0020119D0300D99D0300249D030038
:10FDD00010B508490C69844205D0074B074A08480A
:10FDE000542108F0F1FFC1E90223BDE8104008F0FA
:10FDF000E7BE00BFA82D0020839D0300C69D030021
:10FE0000249D030038B5174A174C00231370236054
:10FE1000FEF77EFC0028606006DA144B144A40F2BC
:10FE20000311144808F0D0FF134D4FF0FF33A360C7
:10FE3000124B134C2B60134B2360FEF769FC002818
:10FE4000286104DA094B0A4A40F20D11E9E7FEF78E
:10FE50005FFC0028206104DA044B054A40F21311CC
:10FE6000DFE738BDD57C0020902D00209B9D03004E
:10FE7000A19D0300249D0300C02D00209DFD0100D5
:10FE8000A82D0020D1FD010002460B46014812F0CA
:10FE900099BB00BFC02D0020014B1869FEF778BA4E
:10FEA000C02D002070B5EFF3108672B6084C237891
:10FEB0005BB9084D286912F055FA6861064D28694A
:10FEC00012F050FA01236861237086F3108870BD28
:10FED000D57C0020C02D0020A82D002010B5EFF308
:10FEE000108472B60A4B00221A700A4B59691869BD
:10FEF000891A18BF012112F037FA074B596918699E
:10FF0000003918BF012112F02FFA84F3108810BDB8
:10FF1000D57C0020C02D0020A82D002010B5FEF7B4
:10FF200067FAC21CBDE81040024841F1000312F01C
:10FF300049BB00BFA82D002002460B46014812F025
:10FF400041BB00BFA82D0020014B1869FEF720BA65
:10FF5000A82D0020014B1869FEF712BAA82D002029
:10FF6000014BD3E902017047A82D00202DE9F74F7E
:10FF7000464CBFF35B8F05460E461746012354E8F7
:10FF8000002F002A03D144E800310029F7D1BFF344
:10FF90005B8F0CBF98464FF00008A14673D14FF01D
:10FFA000000ACDE900AA2A466068334612F0EAF951
:10FFB000E0B1BFF35B8F54E8003F012B03D144E86D
:10FFC00000A2002AF7D1BFF35B8FFEF711FAA84217
:10FFD00071EB060338D22E4B281A66EB01019842CA
:10FFE00071F1000130D34FF002082DE06068FEF798
:10FFF000C7F98246EFF3108B72B6FEF7F9F90230BB
:020000040002F8
:1000000041F10001854276EB010121D28BF310888A
:100010007A1C06D06068FEF7B3F90146F8B205F025
:100020005DFB4FF0FF336068A360FEF7B1F9BFF3EB
:100030005B8F002359E8002F012A03D149E80031E2
:100040000029F7D1BFF35B8F404603B0BDE8F08FC6
:100050007B1C03D05146F8B205F038FBA760C4E919
:1000600004568BF31088BFF35B8F022359E8002FEF
:10007000012A03D149E800310029F7D1BFF35B8F92
:100080004FF00008E0E74FF00308DDE7902D002077
:100090000100400070B5174CBFF35B8F042054E89B
:1000A000003F022B03D144E80002002AF7D1BFF33E
:1000B0005B8F25461CD16068FEF76AF9A668731C41
:1000C00006D06068FEF75CF90146F0B205F006FB69
:1000D0004FF0FF33A3600020BFF35B8F55E8003F74
:1000E000042B03D145E80002002AF7D1BFF35B8F50
:1000F00070BD00BF902D0020F8B51F4CBFF35B8F83
:100100000546032354E8002F022A03D144E80031B6
:100110000029F7D1BFF35B8F26462AD1EFF3108772
:1001200072B66068FEF72CF90146E8B205F0CEFA27
:100130006068A560FEF724F90568FEF759F9D4E96F
:1001400004239042994112D2281E18BF012087F340
:1001500010880223BFF35B8F56E8002F032A03D1D8
:1001600046E800310029F7D1BFF35B8FF8BD0120CD
:10017000EDE70420FAE700BF902D002008B504F059
:1001800007FB01F015FB12F0FBF901F053FD1048DD
:1001900008F0AAF812F0BFFB05F006F801F002FE25
:1001A00004F058F808F08AFBFFF7DCFC05F0A0F833
:1001B00008F022FB08F068F901F0D0FE12F0F8F91F
:1001C00008F034FC04F008FABDE8084003F0C6BBB0
:1001D000C88103007FB505460C4631B34B792BB37C
:1001E00088792388ADF808300026A378CDF80A6016
:1001F00021798DF80D30E378ADF80E6043EA0121E6
:100200000DF10A028DF80C0012F073FD9DF8090043
:100210009DF8083000B933B90021009602AB2A4698
:10022000084612F0ACFF04B070BD024C01F012FEA3
:10023000D7E700BFED9D0300064B002918BF0B4612
:100240005A78197802B911B9194613F0A4B81046B2
:10025000704700BFE79D030037B5EFF3108372B618
:10026000054CD4E9124583F31088CDE90045FDF72C
:10027000DDFC03B030BD00BF382E002010B5094AA8
:10028000094C53780949013353702046102212F06B
:100290007BFA94E80F0004E90F00054B01221A7065
:1002A00010BD00BFE77C0020246B0020097D0020EA
:1002B000D67C002070B50F4E96F8243004460D46CB
:1002C0000BB9002070BD10220021284614F02AF836
:1002D00096F824202301DBB29342F2D2D21A102ADC
:1002E000316AA8BF1022D2B21944284613F0F2FF97
:1002F0000120E7E7D82D002030B5124B124958787D
:100300000B46012203F8012B104A02F10C0452F8AB
:10031000045B43F8045BA242F9D112781A700023FF
:100320008B73094B0A4CC87303F1100518685968A0
:10033000224603C20833AB421446F7D1054B0122D3
:100340001A7030BDE77C0020E97C0020FD2D0020E4
:10035000146B0020D67C002070B5144C14496078D2
:10036000FFF7A8FF054618B1BDE87040FFF786BF4C
:10037000104B114A93F832301049D65C104832467F
:1003800013F0A8FF02230F49657028462370FFF77A
:1003900091FF28B101236370BDE87040FFF7ACBF47
:1003A0001EB1FFF7A9FF0323237070BDE77C002077
:1003B000097D0020D82D0020F49D0300246B00202F
:1003C000D77C0020F97C0020014B00225A63704743
:1003D000D82D002070B50446406B00283DD0D4E9EC
:1003E0000632134302D02069002836D094F8243016
:1003F0000BB1206A88B394F83230032B30D8194DF2
:10040000234604F13806186859682A4603C208339F
:10041000B3421546F7D1636B256A1A78F5B9551CB6
:10042000802D01D912F0C5F8E8B202F0C3FF606B6D
:1004300002F072FF0C4B616B186006460B4B2E44AA
:100440002A461E6013F046FF636B1A780132521B76
:100450000021304613F066FF012070BDED1ADFE782
:100460000020FAE7D82D0020346B0020386B0020E4
:100470002DE9F74F7A4C636B8342014626465DD1E6
:1004800000285BD0D4E90632DFF8D891134394F802
:10049000323019F8037014BF01250025AD0117B1E2
:1004A000023FC7F34707DFF8C0A1DFF8C0B1DAF8B1
:1004B0000000DBF80020DFF8B881121A13F00AFF01
:1004C000102200216B4813F02DFF45EAC705434673
:1004D000694A45F0010503F8015B02F10C0152F88D
:1004E000040B43F8040B8A42F9D112781A7094F87D
:1004F00024305F495F4888F80F301022002388F8C5
:100500000E3012F041F996E80F005C4D85E80F00BF
:10051000584B103503F11006186859682A4603C273
:100520000833B3421546F7D1554F564A00237B7026
:100530003B7001231370534B1B7813B903B0BDE814
:10054000F08F504A4D4800231370F3F77FFC3B783F
:10055000032BF0D8DFE803F0023B3E6BD4E90653EF
:1005600055EA03027E7801932DD0414810220021E4
:1005700013F0D8FE019B96B90F2D4FEA152273F1A7
:1005800000032169404888F8002088F801502A4675
:1005900028BF0E2213F09EFEFFF770FECBE7360158
:1005A000023EF6B2AE424FF000029A410BD2AA1BB5
:1005B00063F1000321692E48112A73F1000328BF5B
:1005C00010223144E6E700237B7001233B70FFF7E4
:1005D000C3FEB0E72D492E48102212F0D5F87D78E1
:1005E00094F82420DBF8000029496B1E1B01DBB2C4
:1005F000D21A102AA8BF1022D2B2184413F06AFEF1
:1006000023492846FFF756FE20B101357D70FFF7DC
:1006100073FE90E794F8323019F803501DB10323AC
:1006200078703B70F3E702F0B9FE656383E794F8F6
:100630003230164919F8035016482A4612F0A4F829
:10064000DAF8000013490278EB43134418442A46B1
:1006500013F040FE02F0A2FE002363636BE700BFCD
:10066000D82D0020F49D0300346B0020386B00204F
:10067000097D0020197D0020FD2D0020046B002045
:10068000E77C0020D67C00200B7D0020246B00201E
:10069000F97C0020D77C0020034B5A6B824204BFB8
:1006A00000225A63704700BFD82D0020034B186802
:1006B00008B190F8800000F001007047646B0020E2
:1006C00008B5FFF7F3FF08B1014B186808BD00BF7C
:1006D000646B002008B5082811D8DFE800F0120587
:1006E0000507090714141400012008BD0420FCE7C5
:1006F000064B1B7813F0100F18BF0120F5E711F01F
:1007000058FF0020F1E70220EFE700BF2F7D002017
:1007100010B5064B1C78064B1878FFF7DBFFE4B2E8
:10072000844234BF0020012010BD00BF2D7D002079
:10073000307D002010B5044601F01CFB044B204620
:100740001968012212F07AFCBDE8104001F0A8BA45
:100750003C6B002010B5044601F00CFB054B1A78E9
:10076000054B204693F9001012F05FFCBDE81040E5
:1007700001F096BA357D0020317D0020014A1070CD
:1007800012F01FB8307D002038B504460D4601F048
:10079000F1FA054B2A461868214612F019F8BDE80F
:1007A000384001F07DBA00BF5C6B00200348044B69
:1007B00000680022114612F08FBB00BF646B00205E
:1007C000406B0020F7B5244B1B7807460E461546B4
:1007D000002B37D0047812F00AF8631C5B01002864
:1007E00034D103F1CE000DB1A83080B213F029FC52
:1007F00040B3FFF78DFF044620B355B302F04CFC25
:1008000008F06CF9154B187812F060FA144B291E99
:100810001A7818BF012161F3C30238461A7002F03A
:1008200083FD104B1B7800932A460F4B314601F095
:10083000BDFF012E07D112F04DFA07F07DFF10B970
:1008400002F00AF90024204603B0F0BD03F22E4066
:10085000C9E702F029FCD3E72E7D0020327D00207D
:100860002F7D00202B7D0020337D002008B5064B16
:100870001B7833B113F031FC3B2894BF00200120DA
:1008800008BD0120FCE700BF2E7D002010B5114CF3
:1008900012F037F807F092FC2378012B17D913F0E8
:1008A0003DFC0D4BD3E90423904299410FD2012323
:1008B000237007F033FC01F033FB012803D1074B11
:1008C000187811F07EFFBDE8104001F0BFB9002399
:1008D0002370F0E72A7D0020102E0020307D0020BC
:1008E000F0B5144B87B004460E4615460021182279
:1008F00068461F6813F016FD02948DF80D608DF8A0
:100900000E504CB1EFF3108372B60B4AD2E91001CE
:10091000CDE9040183F3108801F02CFA384611F078
:10092000DCFF6946384612F08BFB01F0B9F907B0DD
:10093000F0BD00BF5C6B0020382E002073B5234B48
:100940001B7805460C46002B3ED0FFF7E1FE002841
:100950003AD01F4A137823F007031370FFF7A6FE5F
:100960000646FFF7ADFE01F0C1FD002301A8ADF87A
:10097000043012F0D2F901F06DFA12F0A7F9154A1D
:1009800001AB12782946032001F0E4FD012D09D1C5
:1009900012F0A0F907F0D0FE20B90CB911F009FE51
:1009A0000123237002F07CFB08F098F83EB901F0B7
:1009B000E3FA094B1860FFF783FE01F097FDFFF79C
:1009C000F5FE064B00221A6002B070BD2E7D00209D
:1009D0002F7D00202C7D0020646B0020606B0020A8
:1009E00008B5074B1B7853B1AE2013F02AFB30B18A
:1009F000FFF78EFE18B1BDE8084002F0E9B808BD67
:100A00002E7D00207FB511F02DFF182200216846B1
:100A100013F088FC054B6946186802F091FC6946A2
:100A20000220FFF7B1FE07B05DF804FB5C6B00200D
:100A300010B5114B1B78EBB1FFF76AFED0B10F4C2C
:100A4000204607F0DFFB13F048FBB0F5C07F11D361
:100A50002268C009831EB3EBD21F4FEAD21094BFA5
:100A6000A2EBC31200222260BDE8104098BF1846D6
:100A700002F0DEB810BD00BF2E7D0020586B0020B4
:100A800010B5044601F0E8FF082C1ED8DFE804F09A
:100A9000211D051D0B131D1519000021BDE8104077
:100AA0000846FFF74BBF01220A4BBDE8104018680B
:100AB0000021FFF787BE0022F6E7BDE81040FFF7F0
:100AC000B7BFBDE81040FFF78BBFBDE8104011F085
:100AD00070BD10BD5C6B002010B586B008284FD8E3
:100AE000DFE800F03333050F24243542480061B3BA
:100AF000264B19680122062006B0BDE8104012F00E
:100B00009DBA234C2368002283F88020214B0621C4
:100B1000186811F0E4FE204B20681A781F4B93F9F7
:100B2000001006B0BDE8104012F07FBA1C4C18222D
:100B30000021684613F0F6FB6946206802F000FCCD
:100B40006A460621206811F043FE06B010BD144C21
:100B500018220021684613F0E5FB6946206802F080
:100B6000EFFB6A460521EDE7012006B0BDE8104025
:100B700012F087BA012006B0BDE8104012F093BA17
:100B800006B0BDE8104011F014BD00BF3C6B002062
:100B9000646B0020606B0020357D0020317D0020DB
:100BA0005C6B00202DE9F0410646174600F0F0FF8F
:100BB000054680B11F4C2378022B10D02278022AE0
:100BC000D3B216D04FF00008022B17D9033B052BE8
:100BD00012D911F0EEFC00252846BDE8F08101F0A5
:100BE0006BFC2278022A8046D3B2EDD136B90028B8
:100BF000F1D14FF0000801E0002EECD001F02CFF05
:100C00002378022B0AD10C4B0C4800221A7007F0F3
:100C10009DFE07F061FA207811F0D3FD2378072BB1
:100C200001D107F023FB002FD6D020784146FFF7F3
:100C300053FFD1E7307D00202A7D0020102E0020B8
:100C400010B5FFF7AFFF044658B1074B1B782BB127
:100C50000120FFF793FD01F095FF10B90020FFF789
:100C60008DFD204610BD00BF2E7D002073B50D46C2
:100C70001E46FFF797FF044628B313F075FA38B104
:100C800001F04EF9421ED2B2022A01D911F091FCB4
:100C90000E4B03221A700E4B02201E60FFF76EFDF2
:100CA0006B1F5842584100260DF107018DF807606F
:100CB000FFF744FE9DF807302BB101F0CDFE314621
:100CC0003046FFF73BFE204602B070BD2C7D002071
:100CD0003C6B00202DE9F041674A1378107086B014
:100CE000044603F0FF0773BB002800F08A8001F080
:100CF000C3FA624B01221A7007F0B2FE604E3578DB
:100D0000EDB22846FFF7E6FC80462846FFF7E2FCF6
:100D1000474579D384426CD2357802210120EDB267
:100D200000F036FF08B911F044FC022D7CD101F02F
:100D3000C3FB074601F090FE002F00F088800620DC
:100D4000FFF7F8FC84E00028D8D14C4B1A78002A31
:100D50004FD04B4D18702B78022B02D101F0ACFB19
:100D6000044601F0FBFA07F09DFE07F0EDFB0221BF
:100D7000012000F00DFF08B911F01BFC2B78082BA7
:100D80003AD8DFE803F036050B1225252536360064
:100D9000002006B0BDE8F041FFF7F0BC4CB30520E1
:100DA00006B0BDE8F041FFF7C5BC364C0220FFF7A6
:100DB000E5FC2368002283F88020334B0421186867
:100DC00011F08DFD206806B0BDE8F041FFF7C2BC10
:100DD0000220FFF7D3FC18220021684613F0A2FA84
:100DE0002A4B6946186802F0ABFA69460420FFF7FF
:100DF000CBFC06B0BDE8F08106B0BDE8F04111F0D3
:100E0000D8BB07F0A1FB79E78442F2D33378204ABC
:100E1000022F1278DBB205D1042C03D1042B01D1AF
:100E2000032AE6D030781FE001F016FE082D20D806
:100E3000DFE805F00D0D1F0A050A0A0D0D00154B20
:100E40001A786FF304121A700220FFF797FC00273C
:100E500028463946FFF740FE3578EDB22846FFF7C1
:100E600039FC8442C5D3284606B0BDE8F041FFF7FF
:100E700007BE11F09EFBEAE72D7D00202E7D0020AD
:100E8000307D0020646B0020606B00205C6B0020D4
:100E9000297D00202F7D002008B5054B1B78062BEF
:100EA00001D011F086FBBDE8084011F01CBD00BF69
:100EB000307D002070B5002007F0FAF9224B1B7836
:100EC00003F001031843C0B208B911F072FB1F4BC5
:100ED0001B78022B01D011F06CFBEFF3108172B67E
:100EE0001B4A93680133936081F3108807F016F969
:100EF000002007F0DDF9044601F012F8012820D1A6
:100F0000022013F0ECF813F009F9124D04462846BC
:100F10000E4607F01BFDA0344FF0010346F100061A
:100F20002B7728460C4B2B62C5E9044607F0D6FC0C
:100F300008B111F03EFB094A13780133DBB213709C
:100F400001E0002CDFD170BD2C7D0020307D002021
:100F5000382E0020102E00208D0802002A7D00204F
:100F600008B51A4B1B78022B01D011F022FB184B4D
:100F70001B789B0701D411F01CFBEFF3108172B6B4
:100F8000144AD3680133D36081F3108800F0C8FF9E
:100F900001280FD0022813D0002007F089F998B15A
:100FA0000D4B0E4800221A7007F0D0FCBDE8084037
:100FB00007F0C8B8084B094800221A7007F0C6FCB1
:100FC000022013F08CF8E7E708BD00BF307D002059
:100FD0002C7D0020382E00202A7D0020102E00209D
:100FE0002DE9F843DFF85891564D99F800302C79E7
:100FF000022B804601D011F0DCFA042C55D8DFE832
:1010000004F003250754230001240126274601E0AC
:10101000042400264B482246414611F076FF10B3C7
:101020003EB14848394602F0DBFD064628BB022F98
:101030000ED000F0DBFE022C3FD0042C6FD0012C30
:101040006FD1EC7C01343AE00524E2E70224DCE7CE
:101050003D4A1378384643F00103137013F03FF80C
:1010600011F0A2FFE5E700F0C1FE20B12B6893F973
:101070000030002BDFDC012607E000F0B7FE20B1D6
:101080002B6893F90030002BD5DC01F0E5FC002142
:101090000846FFF753FC99F8000011F092FB2B680B
:1010A0005B7803F00703022B03D100242046BDE840
:1010B000F8833046FFF73EFBF7E72C7D0234E4B2BD
:1010C000214E3378580719D4DFF88080D8F80030E3
:1010D00018782B685B7801304001990654BFA03026
:1010E00000F5307012F0ADFF0746E0B13378D8F864
:1010F000000043F00403337011F0F3FB3378DA0798
:10110000D4D52B685B789B06D0D500F08BFE0028E9
:10111000CCD00C4811F04FFF0D4B1860C6E76C7D2A
:1011200090E70024CCE701F097FC39463846FFF7FA
:1011300005FC084B01221968052011F07FFFDDE74F
:10114000307D0020406B00202F7D0020646B00204C
:10115000606B00203C6B002013B5114C2378022BF0
:1011600001D011F026FA0F4A137823F00703137009
:10117000FFF71CFB207811F024FB002401A8ADF838
:10118000044011F0CAFD084A01AB12782146032041
:1011900001F0E0F90220FFF7CDFA02B010BD00BF68
:1011A000307D00202F7D00202C7D002008B5054BD0
:1011B0001B78062B01D011F0FCF9BDE80840FFF7C1
:1011C00021BC00BF307D00202DE9F047644EDFF8E0
:1011D00094813568644F11F01AFB644B18702B78BA
:1011E0002B4413F8010C11F036FD00B28000FF28EB
:1011F0005F4B28BFFF201870D8F8003019780131F4
:101200000622C9B2404611F080FE8146002846D031
:101210003B78D80743D40321404602F0E1FC044662
:1012200080B94FF4087012F00CFF002839D03B78D9
:1012300023F0050343F005033B7011F0B5FE306861
:1012400011F04FFB3B78D9072DD5EFF3108272B622
:10125000484C63680133636082F3108811F0DFFA51
:1012600002460B46EFF3108172B6C4E9122381F3F4
:10127000108806F087FF3B78DA0726D43E4B1878B3
:1012800011F09FFA6B7803F00703022B5DD03368EF
:10129000002283F8802000F06FFE30603CE00424E0
:1012A000D0E70524CEE700F0A1FD82460028CCD18E
:1012B000314B187811F085FA50465146FFF73EFB46
:1012C0002046BDE8F047FFF735BAB9F1000FD5D099
:1012D000D8F800305B789B06D0D500F0A3FD00283D
:1012E000CCD02648264F01F0FFFF1E4811F063FEC8
:1012F00038600028C2D00320FFF740FA214B1B784A
:10130000032B10D9386802F00FF8C02101F020FB40
:1013100020BB336883F8800011F0A4FA2846BDE8AA
:10132000F047FFF717BA0421022007F01BFA38B97B
:10133000EFF3108272B6A3690133A36182F31088C0
:101340003368002283F88020E6E700F04FFD014675
:1013500000289CD1BDE8F047FFF7F0BABDE8F08760
:10136000646B0020406B00202F7D0020317D002029
:10137000357D0020382E0020307D0020F89D0300B0
:10138000606B00202D7D002030B51A4B1A78052A9D
:1013900087B004D01B78042B01D011F00AF9164D48
:1013A0002B685A7812070AD42C68204600F030FCCB
:1013B000F0B1204607B0BDE8304011F0E4B91C7828
:1013C00012F08BFE013424018442EDD901F044FB7C
:1013D00011F048FA18220021684612F0A3FF28688D
:1013E000694601F0ADFF28686A46042111F0F0F962
:1013F00007B030BD307D00205C6B002070B5164B0F
:101400001B78032B01D011F0D4F8144D2B685A78B7
:10141000120707D4286811F068FA2868BDE8704000
:10142000FCF764BC1C7812F058FE0134240184429D
:10143000F0D90B4C266801F00FFB236828680022C6
:1014400083F88020052111F04AFA11F00BFA30469A
:10145000BDE87040FFF77EB9307D0020606B002052
:10146000646B002010B5094B1B78032B01D011F0E1
:10147000A0F8074B1C68002384F8803011F0F2F9C3
:101480002046BDE81040FFF765B900BF307D002061
:10149000646B002070B511F0C2F902460B46EFF301
:1014A000108172B6224EC6E90E2381F31088214CBA
:1014B0002148217811F0080F10D06FF3041121702A
:1014C000016809784901D431541A63F10005EFF33A
:1014D000108372B6C6E90C4583F31088006811F0DA
:1014E00086F90446D0B10620FFF748F9FFF7DEF889
:1014F0000446FFF7E5F800F0F9FF01F0D1FD07F031
:10150000EDFA01F0D3F894B900F036FD0B4B1860FA
:10151000FFF7D6F8BDE8704000F0E8BF11F0A2F97F
:10152000224621462046BDE87040FFF7D9B970BD7C
:10153000382E00202F7D00205C6B0020646B002083
:10154000F0B54B4E4B4D30682C688DB0002838D02C
:10155000BCB3637803F00703022B32D1837803F026
:101560003003202B32D1017801316B460322C9B2FE
:1015700011F0B2FC28B32178013106AB0322C9B2C5
:10158000204611F0A9FCDDF818C09CF8023003F0E9
:101590003003202B15D19DF80970FF2F11D09DF835
:1015A0001F10009BFF290CD09DF812209DF829E008
:1015B00038B1D81905D0724503D1614412F07AFED2
:1015C00070B10DB0BDE8F040FFF71CBA2378052BD1
:1015D000F7D1A3789A06F4D4E278C3789A42F0D18E
:1015E00011F01DF902460B46EFF3108172B6224846
:1015F000C0E9102381F310882D683068002785F832
:1016000080700178013106AB0622C9B211F064FC8A
:1016100058B3069A537803F00703032B25D19DF89E
:101620002830FF2B21D0D35C042B1ED16378DB063E
:101630001BD50220FFF7A2F839463846FFF77EF99E
:1016400011F0E5F82B782B44044613F8010C11F047
:1016500002FB02B29200FF2A28BFFF22D2B221462B
:101660002846FFF73DF90DB0F0BD11F0FBF8E7E7B4
:101670005C6B0020646B0020382E002038B5144BC2
:101680001B78042B01D010F094FF124B1B789B07A2
:1016900001D410F08EFF11F0C2F80D46044601F09F
:1016A00003FD07F01BFAEFF3108372B60A4AC2E992
:1016B0000A4583F31088094B1B78032B07D10420BC
:1016C00012F00DFD064B1A786FF304121A7038BD34
:1016D000307D00202B7D0020382E0020297D002029
:1016E0002F7D00207FB5EFF3108172B60C4A13688E
:1016F0000133136081F3108811F0B4F8182200212F
:10170000684612F00FFE074B6946186801F018FE94
:1017100069460120FFF738F807B05DF804FB00BF09
:10172000382E00205C6B002037B51F4D1F4C2B78E6
:101730008342236838BF28707F2B16D912F0CDFC66
:10174000B0F5C07F2ED32268C009831EB3EBD21F31
:101750004FEAD21096BFA2EBC312002218462260B5
:1017600003B0BDE8304001F063BA06F077FD0446EF
:1017700020B103B0BDE83040FFF75AB900F06AFB72
:1017800011F0A4FA11F06EF828788DF8044011F0E9
:1017900073FA8DF8040000F0EDFA01A811F068FC6E
:1017A00000F07EFA03B030BD367D0020586B00207B
:1017B000084A094808B500231370084A1370084AFC
:1017C000137012F0B2FC11F07AFABDE8084011F083
:1017D000E4BB00BF307D0020102E00202E7D0020B5
:1017E0002A7D002038B5054611F088F8044668B116
:1017F000074B1A7842B11B78012B05D00122114604
:101800002846FFF71DFA044600F020FA204638BDAE
:10181000307D00202DE9F04106460F4615469846DA
:1018200011F06CF80446C8B10E4B1A78022A0DD09C
:101830001B78032B0AD0FFF719F8044630B1069B3A
:10184000424639463046FFF711FA04460DB12046AC
:10185000A84700F0FBF92046BDE8F081002DFAD042
:10186000A847F8E7307D00202DE9F047089F814622
:10187000884616461C4610F0EAFF054600286DD043
:10188000384A2146304611F026F8002852D001226D
:1018900041464846FFF786F900284AD0204601F025
:1018A00023FD304A2146304600F086F900283ED01C
:1018B00000F03CFBDFF8B0A094F805908AF8000037
:1018C00012F052FC40B100F031FB03283FD039D870
:1018D0000138C0B2012837D84FEA49095FFA89F9BF
:1018E000224B234A83F800909AF80030D91E4B42CD
:1018F0004B41117863F3041111706079C0F1050058
:10190000C0B2FEF73BFF1B4B62881E601A4B1A8069
:101910001A4B22791A706279E2B9A8F1050359428B
:1019200059413046FEF74EFFA3791BB110B910F0B4
:1019300099FF00250FB12846B84700F087F92846DF
:10194000BDE8F0870428C7D010F033FEC4E74FF09D
:101950000209C5E7E279531CDAB2DEE7002FEED0C8
:10196000B847ECE7D1270300297D00202B7D00201C
:101970002F7D00205C6B0020337D0020327D002015
:1019800030B587B0044610F062FF054618B3174B18
:101990001B78062B1DD1164B22681B689A4218D162
:1019A00000F034FA0246C8B904210120FFF748F9D3
:1019B00008B910F0FEFD18220021684612F0B2FCB2
:1019C0002068694601F0BCFC20686A46052111F0D8
:1019D00046FB00F03BF9284607B030BD6FF001032D
:1019E000002204210120FFF741F9E1E7307D0020CA
:1019F0005C6B002070B506460D4610F028FF0446CB
:101A0000A8B1012211463046FFF7CCF8044660B178
:101A1000084B802D38BF80251D60074B0022072012
:101A20001A70FEF7ABFEFFF703F800F00FF920463F
:101A300070BD00BF586B0020367D002010B50446F5
:101A400010F005FF012384F8803068B1074B1B7844
:101A500043B100F037FD28B1054B1C60FEF730FEA6
:101A600000F044FD00F0F2F8012010BD2E7D0020B2
:101A7000646B002038B5054610F0E9FE0446B0B1AD
:101A80000C4B1B781BB100F0E5F911F01FF90A4B64
:101A90001B78022B09D1012229461046FFF782F854
:101AA00018B100210846FEF749FF00F0CFF82046A4
:101AB00038BD00BF2E7D0020307D002010B510F015
:101AC000C6FE044630B1044B1B780BB111F000F98F
:101AD00000F0BCF8204610BD2E7D002010B510F09F
:101AE000B6FE044668B1094B1B7803F0FF0433B11E
:101AF000074B1B78022B06D100F016FE044600F0BF
:101B0000A5F8204610BD0024F9E700BF2E7D002077
:101B1000307D002038B5054600F030FE10B90024B5
:101B2000204638BD10F093FE0028F8D0094B1B78F2
:101B30001BB9002400F08AF8F2E700F01FFE00282D
:101B4000F7D000F029FE04460028FAD010F05FFE1E
:101B50002870EFE72E7D0020014B93F900007047BD
:101B6000317D0020014B1878704700BF357D002083
:101B700010B510F06CFE044630B1044B1B780BB16D
:101B800000F052FC00F062F8204610BD2E7D0020CF
:101B9000F8B5084F05460E46002457F8043B33B10C
:101BA00031462846984718B10134042CF5D101205C
:101BB000F8BD00BF088203002DE9F041094C05463D
:101BC0000E46174604F1100854F8043B33B13A4668
:101BD00031462846984710B14445F5D10120BDE86B
:101BE000F08100BFF8810300F8B5084F05460E46A6
:101BF000002457F8043B33B131462846984718B1C2
:101C00000134042CF5D10120F8BD00BFE8810300A8
:101C100070B5074E0546002456F8043B2BB1284604
:101C2000984718B10134062CF6D1012070BD00BFD1
:101C3000D0810300034B00221A70034BFF221A705D
:101C4000704700BF387D0020377D002070B5134EEF
:101C5000EFF3108572B6337803F0FF0433B910F058
:101C6000A8FCFF24347085F3108870BD013C14F08B
:101C7000FF04F7D106F0FEFD20B185F3108806F0D1
:101C8000E9FDE5E70121084606F06CFD10B10120F1
:101C900010F083FCFEF722F9E4E700BF387D002056
:101CA00010B5074C23781B0601D510F082FC054BBC
:101CB0001B780BB910F07DFCFF23237010BD00BF13
:101CC000377D0020387D002010B5104B5C68C4F3D0
:101CD0000804BCB1E4B2A4F11002D3B252B2511D57
:101CE00006DA10F066FC0A4B04F00F04185D07E0FA
:101CF000002AF8DB03F1604303F5614393F8000326
:101D0000400910BD4FF0FF30FBE700BF00ED00E0E1
:101D100014ED00E038B50446FFF7D6FF431C08BFBA
:101D20007F20EFF3108572B6104A3CB913782BB1BF
:101D30000F4B197843B249B2994206D11478013455
:101D4000E4B2012C147004D0012485F310882046DD
:101D500038BDFEF7A7F82146204606F003FD00280F
:101D6000F2D0204610F01BFCEEE700BF387D0020CB
:101D7000377D002010B5094C2378FF2B01D010F0DF
:101D800018FC074B1B780BB910F013FCFFF79CFFF6
:101D9000431C08BF7F2040B2207010BD377D00205B
:101DA000387D002010490B464FF6FF7223F80129B9
:101DB000FE22DA70FF221A710022C3F805208A6021
:101DC0005A732D229A73DA7302221A745A2203214B
:101DD0005A7401229A74D9740422597505211A750E
:101DE0009975DA75704700BF3A7D0020024B587C28
:101DF00000F00100704700BF397D0020024B5A7C83
:101E000060F300025A747047397D0020014B987CC2
:101E1000704700BF397D0020014B9874704700BFA8
:101E2000397D0020024B587CC0F34000704700BF52
:101E3000397D0020024B587CC0F38000704700BF02
:101E4000397D0020024B5A7C60F382025A7470473D
:101E5000397D0020014B587CC0087047397D002037
:101E6000024B5A7C60F3C7025A747047397D0020D8
:101E7000014B93F900007047397D0020014B187029
:101E8000704700BF397D0020004870473A7D002030
:101E9000024B0288A3F80120704700BF397D002063
:101EA000004870473E7D0020034A0368C2F80530B1
:101EB0004368C2F809307047397D002000487047F8
:101EC0003C7D0020024B0288A3F80320704700BF2E
:101ED000397D00200378012B0BD004D9023B012B64
:101EE0000ED910F066BB094B00225A7342789A73E0
:101EF0007047064A53738378D373C378137470475B
:101F0000024B0268C3F80D20704700BF397D0020E6
:101F1000024BD3F80D300360704700BF397D0020BD
:101F2000014BD87C704700BF397D0020014B187DE4
:101F3000704700BF397D0020014B587D704700BFBE
:101F4000397D0020014B987D704700BF397D00200E
:101F5000014BD87D704700BF397D0020054A002322
:101F600001210133102B82F8801002F18102F8D197
:101F7000704700BF517D0020074A0023114692F8A8
:101F8000800018B103EBC313C81870470133102B3E
:101F900002F18102F3D17047517D002010B5074C4A
:101FA00023784BB9064A0121172010F0EAFA1720CE
:101FB00010F0F3FA0123237010BD00BF61850020EB
:101FC000852C030008B5EEF731FE064B01221A619D
:101FD000D3F8002222F48072C3F80022BDE8084042
:101FE00001F052B90080004010B5094CD4F800321D
:101FF00023F48073C4F8003208B1EEF717FEEEF751
:102000000FFE01F041F910F06DFE0123236110BDB8
:102010000080004010B5094C207810F045FE207873
:10202000FFF7E2FF064A074BC2F808330023C2F865
:102030000032054A1371537010BD00BF6385002044
:10204000001000401300060864850020074BD3F8F9
:10205000502502F0F702042A06D00022C3F810210E
:10206000D3F8102101221A61704700BF0010004010
:1020700010B50021094C042001F082F80023C4F8B7
:102080000032FFF79FFF4FF4C023C4F80833012349
:102090002363BDE81040FFF7D9BF00BF0010004028
:1020A00008B50021042001F06BF8FFF78BFF074B08
:1020B0004FF40042C3F808230022C3F80022012293
:1020C0009A62BDE80840FFF7C1BF00BF00100040A2
:1020D00008B501F091F830B9034B01221A61C3F839
:1020E0001001D3F8103108BD0010004008B50848B1
:1020F0000021EEF78FFD50B9064AD2F8003243F4C2
:102100008073C2F80032BDE8084001F0ABB808BDEA
:10211000548203000080004013B501A8FFF7F8FEC9
:102120009DF805009DF8044010F0A4FD9DF80730CF
:102130009DF806201B0643EA02432343034A43EA71
:102140000023C2F86C3602B010BD00BF0010004082
:1021500010B500EB80040B380F2804F62E140CD9B0
:1021600010F027FAB4F5166F07D2A4F6381444F429
:102170008074034BC3F8084510BDA4F51664F8E756
:102180000010004010B5184B184A1B681848B3FBE4
:10219000F2F33222534300229A421ED110F009FA80
:1021A00010F0A0FD10F076FDEEF740FD114A104949
:1021B000D2F8003223F48073C2F800320E4A0023B2
:1021C00043F213401370C1F808030C480824C0F808
:1021D0000843C1F80032537010BDD0F85015C9B291
:1021E0000029DDD00132D7E78002002040420F00F5
:1021F0000010004000800040648500200070014015
:1022000010B500210D4C042000F0BAFF43F2020388
:10221000C4F80833EEF70AFD01F036F8084BD3F89E
:10222000002222F48072C3F8002201221A61054ABA
:102230000023C4F80032537010BD00BF00100040EE
:102240000080004064850020064A00231370064A7F
:102250001360064A1370064A1360064A1360C2F8F8
:10226000033070476B8500206C6B00206385002075
:10227000686B00206485002070B5324D2B780BB15F
:1022800010F097F9304B314C01211961D3F8042536
:1022900022F00302C3F80425D3F8082542F0030214
:1022A000C3F808250422C3F810250023C4F8FC3F16
:1022B000C4F8FC1FEEF7E2FCA0B14FF08053D3F856
:1022C0003003D3F83413D3F83823204B461C18BFFF
:1022D000C4F84C07481C18BFC3F88415511C18BF1C
:1022E000C3F88825194C0F23C4F81035184BC4F8CF
:1022F00014357F23C4F81835012640F20223C4F8B0
:102300005066C4F83435134BC4F8383510F0E6FC89
:10231000FFF702FFFFF79EFDFFF71AFF10F032FAFA
:10232000304610F03AF9D4F800320BB110F041F910
:1023300001210948EEF78CFC0320EEF77DFC012318
:102340002B7070BD6B8500200080004000100040A5
:1023500008000006211001001011004010B52C4C9F
:102360002378002B41D02B4B0022C3F8FC2F23787D
:10237000013B0B2B49D8DFE803F008080608394079
:1023800045394848390810F085FC10F0A8FC0120B8
:10239000FDF748FC204B0822C3F808230022C3F8AD
:1023A0000C21D3F80C311D4BD3F8002222F44072DB
:1023B000C3F8002201221A61A3F5E043C3F8FC2F01
:1023C000EEF734FCEEF72CFCEEF748FC2378012BFB
:1023D00004D00320EEF730FCEEF710FC104A002387
:1023E0001370537053711371237010BD00210420BA
:1023F00000F0C6FE00F048FFC7E70A4B187810F05F
:1024000053FCF7E700F020FFBFE710F0D2F8BCE77D
:102410006B850020001000400070014000800040EB
:10242000648500206385002010B5224C23780BB909
:1024300010F0BFF82378033BDBB2082B09D801204A
:1024400000FA03F340F21312134203D113F02C0FDE
:1024500028D110BD002005F02BFF012807D002284D
:102460000DD00028F5D0BDE8104010F0A2B8002033
:1024700005F02CFF11F039FD0028EAD1F3E72278AE
:10248000072AD3B20AD006D8033B012BEBD8BDE80C
:10249000104005F00DBE0B2BDBD0E4E7BDE810408B
:1024A00005F0EABE05F004FF0028D2D00128DAD1F9
:1024B000DEE700BF6B850020014B1878704700BF36
:1024C0006485002008B5074B07491B784878032B23
:1024D000DAB203D0052A01D008B9002008BD10F0F7
:1024E00068F8FAE76B85002064850020134B70B50F
:1024F0000446186000B3124E7578BDB1114B1B78BD
:10250000032BDAB214D0052A14D010F052F80022AE
:10251000002373700C4BC3F80445C3F80022D3F8B2
:102520005025D2B2022A01D101229A60284670BDFC
:10253000064AEDE7064AEBE70546F7E7686B002039
:10254000648500206B8500200010004052000800C8
:10255000120008002DE9F04798464B4B4B4C4FF0CA
:10256000010AC3F810A04A4B154603221A704FF017
:102570000009C5F34003A37084F8019084F800902B
:1025800084F8059084F80690064698F900000F46F6
:10259000F2F7CBF93F4B404AC0B2C3F80C051168C3
:1025A000002961D0126884F80190C3F804253B4AE1
:1025B000C3F800220EB90FF0FCFF364C0023F600E2
:1025C000C4F86065C4F83431D4F83421C4F8283133
:1025D000D4F82821C4F83031D4F83021C4F80431BB
:1025E000012FD4F8042105BFC4F80031D4F800311C
:1025F00043F2024443F2134415F0010038D00C209A
:1026000000F050FE234B0022C3F86821D3F8683154
:10261000234BC3F80C21D3F80C210822C3F8042360
:102620001C4B2048C3F804430021EEF7F3FA164B85
:1026300018BBD3F8404598F80100EEF703FB1A4B9E
:102640001C60FFF7F1FE104AD2F8003243F48073A9
:10265000C2F8003239460122042000F029FD87B972
:10266000BDE8F047FFF734BD84F801A052229FE790
:1026700005F01EFE0028C2D1D2E70124C3F8404570
:10268000D9E7BDE8F08700BF0080004064850020E6
:102690006B85002000100040686B0020520008008D
:1026A00000700140548203006C6B002010B5194B80
:1026B000194905221A700868184A194B28B30020D6
:1026C00050700A68C3F80425164AC3F80022002493
:1026D000C3F80441D3F80421C3F83041D3F83021C2
:1026E000C3F83441D3F8342143F20202C3F804237F
:1026F000FFF7FCFCFFF798FE22462146042000F07D
:10270000D7FCBDE81040FFF7E3BC01215170122255
:10271000DBE700BF6B850020686B0020648500202C
:10272000001000401200080038B5104B1B78032B36
:102730001AD10F4CD4F85035023BDBB2012B13D821
:102740000C4DAB793BB90C4B4FF4707043F0010367
:1027500098470123AB710023C4F81C310120D4F841
:102760001C316061687138BD0020FCE76B8500207A
:102770000010004064850020B07D0300014B5879B3
:10278000704700BF64850020024BD3F8480500F075
:102790007F00704700100040034BD3F81C01003845
:1027A00018BF0120704700BF001000402DE9F84F0E
:1027B00098465B4B9DF82890DFF868A15A4C0E466E
:1027C00001211961594B062119701546584B003AE1
:1027D00018BF012200271A708AF80370554B8346F0
:1027E00098F900001D70F2F7A0F8012DC0B2C4F8EE
:1027F0000C05C4F804B531D94F4BC4F8003200F0D1
:1028000095FCC4F86C71012ED4F86C3105D1C4F874
:102810000071D4F80031494C01E04FF00064424BA4
:10282000002219F0020FC3F84821D3F848111BBF4A
:10283000C3F84421D3F8442144F4802444F4C02450
:1028400019F0040F1ED00022C3F80021D3F8003184
:10285000012344F001048AF8033013E003D1384B1C
:10286000C4F80032CDE74FF4A013C4F80032012EB3
:10287000C4F86C71D4F86C3128D1C4F80071D4F864
:1028800000312E4C284B0027C3F8047144F0020499
:10289000D3F804218AF80470C3F8044398F80100BF
:1028A000EEF7D0F945B327492748EEF7B3F90146CB
:1028B00078B92448EEF7A8F9194AD2F8003243F45F
:1028C0008073C2F8003200F0CDFC08E04FF00064E5
:1028D000D8E71C483946EEF797F90028ECD0FFF707
:1028E000A3FD042500223146284600F0E1FBAEB9E5
:1028F000BDE8F84FFFF7ECBB14482946EEF784F922
:1029000010B1FFF791FDEDE7054AD2F8003243F42C
:102910008073C2F8003200F0A5FCF2E7BDE8F88F42
:102920000080004064850020001000406B8500207E
:102930006385002062850020001814001100000843
:102940000038140024820300548203003C820300F8
:102950002DE9F0413A4D2B78042B07460C4601D067
:102960000FF027FE0FB90FF024FE07233F2C2B702A
:10297000344D04D801232B610020BDE8F081324B97
:102980001E682644314CA6F13F08C5F844854FF433
:10299000A013C4F804750027C4F80032C4F85471B9
:1029A000D4F854312A4B18221846394611F0BAFC93
:1029B000173E0522394645600274C660EEF724F9D9
:1029C000D5F8003298BB43F48073C5F80032FFF7A6
:1029D0002BFD0023C4F86C31D4F86C21C4F8043109
:1029E000D4F80431194C00F01DFC164B0122DA64B6
:1029F000D3F84C25D3F84035904503D9984519D9DB
:102A0000934217D310F06EF9D4F85035DBB2092B8E
:102A100010D0D4F854316BB900F016FCEEF700F981
:102A20000120EEF709F9074B01221A61A4E743F4EC
:102A30000073CAE7074BC4F8043301209DE700BFC9
:102A40006B850020008000406C6B0020001000406F
:102A5000706B002012000008F8B5424C23780C2B54
:102A60007CD8DFE803F00D0D070E2D314A60757B31
:102A70007B780D003C4B1022C3F808230C232370F5
:102A8000F8BD10F007F9EEF7D1F838493648D1F81B
:102A90000032374A23F48073C1F8003243F2134501
:102AA00000231370C0F80853324D0826C5F8086398
:102AB000C0F800325370FFF7C9FA01230B61DDE75C
:102AC0002A4B01221A61D9E70021274D042000F08A
:102AD00057FB43F20203C5F80833EEF7A7F800F0FE
:102AE000D3FB2249224AD1F8003223F48073C1F883
:102AF00000320023C5F80032DCE71F4F1A4D38784A
:102B0000002610F0D1F8C5F800623878FFF76CFAAB
:102B10001A4BC5F80833164B1E715E7001232B63E8
:102B2000FFF794FAAAE7104D00F08EFB0023C5F8DA
:102B30000032EEF775F80D4BD3F8002222F4407204
:102B4000C3F8002201221A610D4BC5F80833E7E7EC
:102B5000FFF78EFA92E7FFF7A3FA8FE7BDE8F84098
:102B60000FF027BD6B850020001000400080004062
:102B70006485002000700140638500201300060872
:102B80000200000808B50F4A1378013B0B2B07D849
:102B9000DFE803F00815060A060606060606060D17
:102BA0000FF007FD00200BE0074B01211961022304
:102BB0001370FFF74BFA054B1022C3F804230120D2
:102BC00008BD00BF6B850020008000400010004061
:102BD00010B5154C2378012B04D023780C2B01D091
:102BE0000FF0E7FC08232370104B00244FF4205211
:102BF000C3F80022C3F84841D3F84821C3F8444140
:102C0000D3F844214FF4C022C3F80423FFF76EFA2F
:102C1000FFF70AFC22462146042000F049FABDE8ED
:102C20001040FFF755BA00BF6B8500200010004030
:102C300038B5174D2B780C2B044604D02B78012B7C
:102C400001D00FF0B6FC013C0B23B4F5001F2B7034
:102C500001D30FF0AEFC0F4BC4F31404C3F8644669
:102C60004FF400420024C3F80022C3F83C41D3F8DB
:102C70003C11C3F80423FFF739FAFFF7D5FB2246CE
:102C80002146042000F014FABDE83840FFF720BACE
:102C90006B8500200010004070B50FF032FE994B9C
:102CA000D3F80423150714D5974AD2F8681181B1D7
:102CB0000021C2F86811D2F86821C3F80C11D3F8CA
:102CC0000C31924B1B78032B01D00FF072FCFEF7F6
:102CD000F1F88D4BD3F80423D40718D5D3F800218D
:102CE000AAB10022C3F80021D3F800210122C3F8C1
:102CF000082300F02DFA854B1B78032BDAB206D09F
:102D0000062A1ED1824BDB780BB10FF0CCFD7E4B37
:102D1000D3F8042390071CD5D3F80421CAB10022AC
:102D2000C3F80421D3F804211022C3F80823774AFA
:102D30001278033A042A5FD8DFE802F0065E494FB2
:102D400058000FF036FCE2E7714B9B780BB1FEF7B1
:102D500007F96D4BD3F80423510521D5D3F8282169
:102D6000F2B10022C3F82821D3F82831674B1B7831
:102D7000032B01D00FF01DFC654B634D01221A702F
:102D8000D5F8343163B9D5F86045C4F3C70420469B
:102D9000FEF726F984423EBF00B2C000C5F86005C8
:102DA000594BD3F80423920432D5D3F834217AB3A3
:102DB0000022564CC3F83421D3F834312378032B46
:102DC000DAB21CD0052A3AD00FF0F3FB20E0504BCA
:102DD00001225A71FEF760F8BBE70222C3F808230C
:102DE0004B4B01221A71FEF7CFFAB2E70222C3F869
:102DF0000823FEF703FBACE70FF0DBFBA9E7FFF7C7
:102E0000C1F9444B01221A610C232370FEF7A4F987
:102E10003D4BD3F80423D60421D5D3F83021F2B1A9
:102E200000223A4CC3F83021D3F830312378032BF9
:102E3000DAB20BD0052A29D00FF0BBFB0FE0FFF769
:102E4000DFF90C232370FEF7B1F9E1E7304B0122E3
:102E50005A71FFF797F904232370FEF7B5F92A4C4E
:102E6000D4F804331D011ED5D4F86C31DBB1274DE5
:102E70000026C4F86C61D4F86C312B78062BDAB2DA
:102E80000BD0072A27D00FF094FB0CE0FFF7B8F91E
:102E90000C232370FEF754FBE1E7FFF7BBF80C238C
:102EA0002B70FEF7F7FA184BD3F80423D40638D565
:102EB000D3F81021AAB30022144CC3F81021D3F880
:102EC000102121780329CAB22BD027D8022A5BD03F
:102ED0000FF06FFB25E000F0B7F9C4F80062EDF7E2
:102EE0009FFE0C4BD3F8002222F44072C3F800225C
:102EF00001221A61084BC4F808330C232B70FEF72B
:102F0000B1FAD0E700700140001000406B8500204E
:102F1000648500200080004012000008063A012A63
:102F2000D6D84B4BD3F80423900315D5D3F84421BE
:102F300092B10022474CC3F84421D3F8443123789E
:102F4000062BDAB22DD0082A2ED1FFF791F80C23E8
:102F5000012023700FF09AFC3D4BD3F8042351035A
:102F60004DD5D3F84821002A49D03A4C0025C3F862
:102F70004851D3F848312378062BDAB217D0082A03
:102F80005ED00FF016FB3AE01022C3F808230320AE
:102F9000EDF752FEEDF732FE012323700FF073FCC4
:102FA000BFE7FEF76BFBD7E70FF003FBD4E72A4B35
:102FB0001B780BB90FF0FDFA284A1378012B18D9AA
:102FC0001378013BDBB213701378012BDDB216D1FD
:102FD00000F004F91E49224BC1F80032D1F8483103
:102FE0006BB10D63FFF732F80023C1F84831D1F817
:102FF0004831FFF70FF80C232370FEF773FB144BD7
:10300000D3F80423120417D5D3F83C21A2B1114CF4
:103010000022C3F83C21D3F83C3123780B2B01D09C
:103020000FF0C7FA0A4BD3F86856FFF739F80C23AC
:10303000E8B22370FEF778FBBDE87040FEF706BEED
:10304000FFF716F80C23284623700FF01FFCD6E775
:10305000001000406B850020638500206285002001
:103060000038140010B5EFF3108472B6094BD3F892
:10307000042312070AD5D3F80C213AB10022C3F871
:103080000C210120D3F80C31FCF7BCFD84F310882F
:1030900010BD00BF0070014000487047208203004F
:1030A000004870471C8203000048704718820300E4
:1030B00010B5174B0024C3F83C41D3F83C31154BF5
:1030C000154CC3F8484500F1804000F58050C3F826
:1030D0004C051248C3F82C09BAB1114AC3F850453F
:1030E0004FF4E070C3F854250E4A11B90E49C3F8E5
:1030F0004015C3F84425074BD3F8002842F080025E
:10310000C3F80028C3F8040510BDC020ECE700BFD9
:103110000070014000F001403C71014004F00140AA
:10312000008000403C70014010110040064B074AEF
:10313000C3F86025A2F58E72C3F864254FF480624F
:10314000C3F80425704700BF00F00140481100405B
:10315000084B0022C3F83C21D3F83C31064A074B08
:10316000C3F8402502F5AF3202F59672C3F8442544
:10317000704700BF007001401011004000F0014096
:10318000154BA1B9C022C3F80825C3F84815C3F8E8
:103190004C15C3F82C19C3F84015C3F844150E4A52
:1031A000D2F8003823F08003C2F8003870474FF49B
:1031B000E072C3F808250022C3F84825C3F84C255F
:1031C000C3F82C29C3F84025C3F84425C3F850257B
:1031D000C3F85425E3E700BF00F00140054B4FF46E
:1031E0008062C3F808250022C3F86025C3F864256F
:1031F000704700BF00F0014008B5084BD3F85035C8
:10320000DBB243B9064B0FF06DFDD3F83C0100383B
:1032100018BF012008BD0120FCE700BF00100040DE
:1032200000700140054B064AC3F85825054AC3F80B
:103230005C254FF40072C3F80425704700F001408C
:103240004481004000100040054B4FF40072C3F869
:1032500008250022C3F85825C3F85C25704700BF35
:1032600000F00140054B064AC3F85025054AC3F853
:1032700054254FF48072C3F80425704700F00140D4
:103280003C71014000800040054B4FF48072C3F850
:1032900008250022C3F85025C3F85425704700BF05
:1032A00000F00140074B084AC3F8682500F1804050
:1032B00000F5B8304FF40062C3F86C05C3F804257C
:1032C000704700BF00F0014068110040054B4FF40B
:1032D0000062C3F808250022C3F86825C3F86C25EE
:1032E000704700BF00F00140074A00231360074AFF
:1032F0001370074B18B91870064B18707047027896
:103300001A704078F8E700BF886B00206E850020B7
:103310006D8500206C850020014B186001487047C6
:10332000886B00206F850020034B1A68034B002A2E
:1033300018BF1846704700BF886B00206F850020BB
:1033400038B504460D4609B90FF033F90E4A0F4B54
:1033500010780F4A1B7812682B70687092B10D4973
:103360000A780132D2B240B123B12046BDE83840DC
:1033700010F0B0BF084B1A78F7E71BB1064B1B786B
:10338000D21AF2E738BD00BF6C8500206D850020A1
:10339000886B00206F8500206E850020014B012284
:1033A0001A7070476D850020014B01221A7070471A
:1033B0006C850020014B1870704700BF6E8500209F
:1033C00010B586B0044618220021684610F0AAFF06
:1033D000054B1B88ADF80030044B6A46186821463F
:1033E0000FF03DFE06B010BDF38500208C6B002071
:1033F00030B589B0FCF7C8FB204B1C78012505FAD5
:1034000004F4013C04404FF4A07320220021E4B2F4
:1034100068465C4310F086FF10F080FE022300191E
:103420008DF81130164B059341F100016FF0020346
:10343000CDE900010693FEF779FD022817D004D8E4
:10344000A84209D00FF0B5F809E00338C0B201284E
:10345000F8D88DF8105002E004238DF8103068463B
:1034600005F0D8F808B90FF0A4F809B030BD054B45
:103470001B78002B14BF04230123EEE7F585002001
:1034800041350200F685002010B5012104466FF099
:10349000020010F0D8FD54B9FEF75AFD044B1B781A
:1034A000834204D3BDE810400120FFF789BF10BD5F
:1034B000F6850020BFF35F8F084AD2E84F3FDBB2AA
:1034C000834203D0BFF32F8F00207047C2E8431F11
:1034D000002BF2D1BFF35F8F01207047EF850020F2
:1034E00010B501210220FFF7E5FF08B9012010BD4A
:1034F000104C237801332370FEF724FD0E4A137815
:10350000984284BF01331370FEF722FD2378834273
:103510004FF000040AD9094B214601201C60FFF737
:10352000C9FF0028E2D10FF044F8DFE7FFF760FFA2
:103530002046DCE7F6850020F58500208C6B002016
:103540001FB5C31C044601D00FF033F8022101203F
:10355000FFF7B0FF68B31A4B1C78FEF7E7FC4CB9D5
:10356000022807D104216FF0020010F08AFD08B98B
:103570000FF01FF8134B144A1B88ADF80830134B9B
:103580001B88ADF80A30124B1B788DF80C300123E4
:103590008DF80D300F4B009300201268ADF80E002F
:1035A00002AB03210FF0EBFD08B9FFF799FF04B060
:1035B00010BD0121204604B0BDE8104010F043BD0D
:1035C000F6850020F38500208C6B0020F18500201B
:1035D000F08500208934020070B506460C4610F0D4
:1035E0009DFD02460B46EFF3108172B61648C0E906
:1035F000082381F3108801210020FFF75BFF08B941
:103600000EF0D7FF2379D3B16579104B22881E6065
:103610000F4B1A800F4B00221A70FEF78DFC0E4BD9
:10362000E17818700D4B0E4A1D70A378284643EAC6
:1036300001210FF05EFBFFF7DBFE012070BDFEF7FE
:1036400009FC0546E1E700BF382E00208C6B002006
:10365000F3850020F6850020F5850020F085002008
:10366000F1850020012908B501D9012008BDBFF36B
:103670005F8F0A4B1A78BFF35F8F002AF5D00028BE
:10368000F4D0BFF35F8F03221A70BFF35F8F002166
:103690006FF0020010F0D7FCE7E700BFEF850020D5
:1036A00070B5124AA1F10803012B166804460D46B5
:1036B0000BD8B04207D100231360BFF35F8F0C4AD1
:1036C0001370BFF35F8F012070BD00210320FFF74F
:1036D000F1FE28B1B442F6D02846FFF771FEF2E7BA
:1036E000B442F0D1BDE87040FFF7FABE8C6B002009
:1036F000EF850020064A1368834207D10023136038
:10370000BFF35F8F034A1370BFF35F8F01207047D1
:103710008C6B0020EF85002008B5024607484368FF
:10372000C16D9A4205D18A4201D10EF042FF034891
:1037300003E058308A4218BF002008BDE02E002068
:1037400030B50C4C6368043387B0054602D00EF0E8
:1037500030FF002465B918222946684610F0E2FDC2
:10376000A38A2069ADF800306A4607210FF077FC84
:1037700007B030BD882E002013B5184C63689842FE
:1037800002D00EF016FF00240422022120460FF082
:10379000D2FA08B90EF00DFF114B009305212269F2
:1037A00004F1140301200FF0EAFC6068012110F01D
:1037B0004AFC60B90EF0FDFE0122042120460FF004
:1037C000BAFA40B902B0BDE810400EF0F2BE4FF0B8
:1037D000FF336360F0E702B010BD00BF882E002009
:1037E0004137020070B50F4C00254FF0FF3604F151
:1037F000100005F0ABF8024678B961680A200FF0B6
:103800001DFC08B90EF0D5FE666001220421204699
:103810000FF091FA08B90EF0CCFE583405B170BD26
:103820000125E4E7E02E002070B50546EFF3108691
:1038300072B61B480FF0C7F9044619480FF0C9F9D2
:1038400086F3108824681CB9BDE870400EF0B1BE44
:10385000EDB1FFF7C7FF10F061FC0B46A16BA4624E
:103860000246891843F100050020C4E9081501212A
:10387000C4E9102384F82C1084F8480084F8490027
:1038800004F1100005F02AF80028DDD170BD616850
:103890002A4607200FF0D2FB0028F7D1D4E700BF5B
:1038A000986B002073B50546FFF736FF04460028E5
:1038B00043D0042202210FF03EFAA0B9012128468C
:1038C00010F0C1FB08B90EF074FE4FF0FF336360D7
:1038D0000122042120460FF02EFA70BB02B0BDE891
:1038E00070400EF066BEEFF3108672B619480FF006
:1038F00079F908B10EF05DFE16480FF055F9046035
:1039000014480FF057F986F31088FEF7A3FA94F8DD
:103910005030984213D163680093012305210E4A69
:1039200018460FF0FDFB01210646284610F08BFBE0
:1039300008B90EF03EFE002EC7D002B070BD18468A
:10394000FEF78EFA05200FF0C4FC0028E3D1FFF744
:103950006BFFB3E7986B00202938020070B50D4C5F
:103960000D490E48042308220FF000F901264FF0FC
:10397000FF3504F110002670656010F0D6FB04F1ED
:10398000680084F85860E56510F0CFFB044B1E70AA
:103990005D6070BDE02E0020906B0020986B0020D1
:1039A000882E00202DE9F04188B08046012125486D
:1039B0000E9D16461F460FF0D8F9044600283FD04A
:1039C000AB78002B39D1B6F59B764FF0000323720C
:1039D000C4F810802B88A3822B796979E87843EAB0
:1039E000012104F1160247F1FF370FF082F9AB789D
:1039F00063760123A376AA79E276EA7822766FF0DD
:103A0000030262604FF487718DF808308DF8123030
:103A10000D4B039168460421CDE90067CDE90532DD
:103A2000ADF8101004F0F6FD054610B920460FF071
:103A3000F0F9284608B0BDE8F081B6F5E576C4E7B0
:103A40000546F6E7882E0020793702002DE9F0437D
:103A500089B00546DDF8408040460E461746994637
:103A6000FFF75AFE20B10025284609B0BDE8F083D3
:103A7000174802210FF079F904460028F3D0154BBE
:103A8000036301224FF487730272C0F8048003932A
:103A900040F20113B5F59B75ADF8103007F59B7733
:103AA0000D4B876380F8509046F1FF366846CDE9AC
:103AB0000056CDE905388DF808208DF8122004F065
:103AC000A9FD05460028CFD120460FF0A2F9CBE78B
:103AD000E02E0020932D0300A538020010B5094CFC
:103AE0000021606810F0AFFA50B14FF0FF330122AF
:103AF0000221204663600FF01EF910B90EF059FD47
:103B0000002010BD882E002008B5064B1A78042A24
:103B100003D093F85830042B02D110B1FFF762FEA6
:103B2000012008BDE02E002030B5134B01781A7833
:103B3000042A08BF1C4613F8582F87B018BF00246A
:103B40000131042A08BF1C46C9B26B460122054652
:103B50000FF0C2F968B164B110F0E0FAC4E91001E5
:103B60002B7884F84830009B5B78C3F3401384F8CB
:103B7000493007B030BD00BFE02E00202DE9F341F1
:103B80004FF0FF320023CDE900230027134D0646F6
:103B90004FF0FF3838462B78022B16D168686946FB
:103BA00010F07CFA009B019A13F59B7342F100021E
:103BB000CDE9003248B14345AC6B72F1000238BF29
:103BC0009846A4F59B7408EB5404583527B100B10E
:103BD000346002B0BDE8F0810127DCE7E02E002070
:103BE0002DE9F34103680446C8075D789E7893F891
:103BF00000800F462FD523790BB90EF0DAFCA8F11F
:103C00000508B8F17A0F00F28F8005F00705052D41
:103C100006F0300614D01ED8042D13D0302E11D04B
:103C2000202E30D00ED823689B78190703F00C02A1
:103C300011D43AB9FEF7FEF840B93DB1032002E0D5
:103C4000002EF0D0012002B0BDE8F081236893F986
:103C50000230002BF6DABB0753D52379012B01D8AC
:103C60000EF0A7FC2668A2797778E579FF2A07F09D
:103C700007070CD1FF2D2FD1FEF7DCF8002840D12B
:103C8000002F3ED0DAE7E37CFF2BE4D1DAE7FF2D0B
:103C90002DD035441644FEF7F7F80222014630468F
:103CA00010F008FBB0B1214B0222B3F80080ADF850
:103CB000048001A9304610F0FDFA58B1002FBDD1A3
:103CC000FEF7E2F802226946ADF8008010F0F2FA41
:103CD0000028B3D10DB9CFE73544647C022C08D05D
:103CE000082C1CD0002CC7D00EF063FCAAE70025DE
:103CF000D0E7FEF7E3F822460146284610F0DAFA4C
:103D000008B900209FE7094B1B88ADF80430224614
:103D100001A9284610F0CEFA00288FD1F1E7FEF76E
:103D2000BFF822460146F4E709208CE78F7D0300A7
:103D30002DE9F04704460E462779062F00F20E8142
:103D4000DFE817F007007D0087008D00BB00C10091
:103D50001301002E78D06379022B75D922689078F0
:103D6000517800F00105C5F1040310F0200FDBB21B
:103D700000F00C0C1DD1BCF1000F29D191787C48CA
:103D800011F00C0F18BFE371917801F00C01415C48
:103D9000FF2959D00B44DBB26174E37491785078F9
:103DA0008D06C0F3801020D43F2926D980F0010170
:103DB0003BE0BCF10C0FC1F380110ED100F0C00C40
:103DC000BCF1C00F02D181F001010BE03F28FAD90C
:103DD000C5F10605A371EBB2D0E73F28CBD8BCF103
:103DE000000FF0D10029F3D1C8E701F00C050C2D2C
:103DF00015D101F0C005C02DD6D191783F2988BFDB
:103E00006372927802F0C002802A14D0C02A14D0C3
:103E1000D2B913442375A274012323718CE73F297F
:103E2000EBD980F00101002DC0D10029E5D023722B
:103E30000233DBB2E1E70222EBE70822E9E762792D
:103E4000E37C9A4280F08F80BE428CBF002001202C
:103E500087E06279237D9A42F6D30323DDE7032EC0
:103E6000F2D92268237D51780D0702D463750423AB
:103E7000D3E761799942E7D9A372D118D25C5D1C6E
:103E80009006EDB25EBFE5720533DDB20B7813F03C
:103E9000180FC3F3C1000AD00FF015F8257310B145
:103EA00065730544EDB2A5730135A075EDB22046EA
:103EB0000EF0EDFF2B46E075D8E76279637D9A42FC
:103EC000C2D30523A9E7052EBED9D4F800906279A4
:103ED00099F8003094F81580591C9142B4D11A0613
:103EE000B2D499F802309B0721D584F80F8099F855
:103EF0000050013DEDB2FF2D204614BF4D4400257A
:103F00000EF0C5FF09EB080A2D1A294650460EF09F
:103F1000ACFF60B99AF8003003F07F0302339A4493
:103F2000554591D30BD1A5EB09055FFA85F899F8B2
:103F30000030013BDBB243450DD106236DE750460F
:103F40000EF093FF0028E0D00AF10208A8EB090860
:103F50005FFA88F8EBE784F81080EEE70EF029FBB3
:103F60000020BDE8F087022357E70120F9E700BFF2
:103F7000FA9D03002DE9F341494D2B78012B0446AE
:103F800001D00EF016FB474F02232B703B68002B2D
:103F90004CD0454E3368002B48D0444B1B78002B47
:103FA0003FD0DFF80C81B8F80030002B3ED010F085
:103FB000B5F8B8F80080A02303FB08F83D4B10F1DA
:103FC0004005D3E9000C41F10001854271EB0C037F
:103FD0004FF000031ED3281A61EB0C014246ECF7A8
:103FE0002FFAA8EB02020192019B50339F2B50D86D
:103FF0002F4B1B883F689DB20FB90EF0DAFA3D8057
:104000002B4B35681F880DB90EF0D3FA01232F8092
:1040100023700BE0401B42466CEB0101ECF710FAF9
:10402000E1E701A8FFF7AAFD0028DDD1224D234ECC
:104030002B680BB933680BB3FDF78EFD2A685AB1B4
:1040400000EAE07382339BB2C3EB03238221B3FB0C
:10405000F1F313700123237032687AB100F15C032D
:104060001BB223EAE373822BA8BF8223C3EB032393
:104070008221B3FBF1F3137001232370104B1D68F1
:1040800025B1FDF76FFD01232870237002B0BDE854
:10409000F081B3F5200FC9D2A022B3FBF2F3A9E758
:1040A000F8850020B06B0020AC6B0020F785002065
:1040B000547B0020902F0020A86B0020A46B0020D0
:1040C000A06B0020064A00231370064A1360064ABC
:1040D0001360064A1360064A1360064A136070476D
:1040E000F8850020B06B0020AC6B0020A86B00208E
:1040F000A46B0020A06B0020F7B50D46044608B95C
:104100000EF057FAAC4201D30EF053FA2F4E33782B
:104110000BB10EF04EFA0123DFF8B4C02D4F33700F
:1041200021786278CB0943EA420311F07F02DBB2C7
:1041300029D1A3F17E00012846D9A54244D9002BFC
:104140003FD01A2B3DD111F07C0F05D0A31CCCF829
:104150000030231D3B6034E003B0BDE8F040FFF7C2
:10416000B1BF187802280AD003280AD00128F3D159
:1041700019480668002EEFD1036001331FE017488D
:10418000F7E71748F5E7A5421ED9002BD9D1022A37
:1041900017D90193608823798DF80630ADF80400B3
:1041A0000198104B98420CD111F07C0F09D0637923
:1041B0003BB9531F012BCFD8911CA31D21448B4227
:1041C000CFD102321444ABE703B0F0BDF885002034
:1041D000B06B0020AC6B0020A86B0020A46B00200B
:1041E000A06B00209BB8EA0007B50B4B1B78012B96
:1041F0000DD100230DF107008DF80730FFF7BAFE4F
:10420000FFF760FF9DF807300BB1FFF7CDF80120F5
:1042100003B05DF804FB00BFF885002007B50C4B28
:104220001B78012B10D100230DF107008DF807300A
:10423000FFF7A0FEFFF746FF9DF8073023B103B05C
:104240005DF804EBFFF7B0B803B05DF804FB00BF06
:10425000F8850020044B002083F8210083F84500F6
:1042600083F86900704700BFB86B00202DE9F84360
:10427000044608B90EF09DF9E568002D54D1237964
:10428000032B53D82C4F04F10409A8463E46494657
:1042900038460EF064FE00284AD108F10108B8F152
:1042A000030F07F12407F2D196F8213043B196F8B5
:1042B0004530002B36D096F86930002B3AD10225D4
:1042C000226824236B4306EB030C02F1100E1068E6
:1042D0005168674603C708327245BC46F7D1277953
:1042E000242202FB056203F110007B1E022B57768D
:1042F0009ABF6FF0020202EB87020022A1683044ED
:104300000FF0E8FF242303FB05632269DA61227DB5
:1043100083F82020BFF35F8F012283F82120002043
:10432000BDE8F8830125CBE70420F9E70520F7E78E
:104330000320F5E70120F3E7B86B0020044B0022CF
:1043400083F8212083F8452083F86920704700BF57
:10435000B86B0020F8B506460D4609B90EF029F9EC
:104360000EB90EF026F90E4C0027314620460EF00D
:10437000F6FD68B12B4604F11005224603CAAA4295
:1043800018605960144603F10803F6D10020F8BD07
:104390000137032F04F12404E7D10220F7E700BF1F
:1043A000B86B0020014B1860704700BFB46B002051
:1043B000094B1A6882420ED2BFF35F8F53E8001F89
:1043C0008A4202D0BFF32F8FF3E743E800010029B0
:1043D000F4D1BFF35F8F7047B46B00202DE9F0413B
:1043E0008846064608B90EF0E4F8B8F1000F01D18E
:1043F0000EF0DFF8154F00243D46414638460EF0DA
:10440000AEFD78B124235C432B1993F820308BB98F
:104410001C342C4454E8002F531C0DD1BFF32F8FB4
:10442000062005E00134032C07F12407E5D1022022
:10443000BDE8F081064CEDE7013244E80020002899
:10444000E8D12368013B3360F2E700BFB86B00207E
:10445000B46B00202DE9F047DFF8E49091F801807B
:104460008EB0002305460E461746019389F80030AA
:10447000B8F1000F4BD10178013108AB0522C9B268
:104480000EF02AFD08B90EF094F89DF82A20FF2AB4
:104490003DD0089BD3423AD09A5C510737D0C2F343
:1044A000C1028DF80020013A022A06D89DF82C207E
:1044B000FF2A14BFD218002201929DF82B206946D2
:1044C000FF2A02A814BF03EB020A4FF0000AFFF70D
:1044D00085FF00F0FB03022B04460ED1022C1CD0FA
:1044E000062C2AD11822002102A80FF01BFF3388C6
:1044F000ADF8083002AA092119E058B9BAF1000F45
:1045000002D0029BCAF80030012389F800304FF036
:1045100001080EE00EF04DF8E0E71822002102A895
:104520000FF000FF3388ADF8083002AA08212846B2
:10453000B84740460EB0BDE8F0870EF03AF8F8E70D
:10454000F985002008B5034B1B780BB1FEF72CFF53
:10455000012008BDF9850020034B00221A70BFF32B
:104560005F8F024804F0F2B9FA850020982F0020EE
:1045700013B5144C237843B1134B01A81B68019366
:104580000EF02CFE18B10023237002B010BD0F4AAC
:10459000136803F5FA7313600D4A934201D90EF0C4
:1045A00008F80C48D0E9043213F5FA7342F100021E
:1045B000C0E9043204F092F90028E6D00DF0F9FFCA
:1045C000E3E700BFFA850020246C0020286C00205F
:1045D00040420F00982F0020064B0748D2221A6055
:1045E000064A00231360064A1370064A13600FF050
:1045F0009CBD00BF7C020020982F0020286C00206A
:10460000FA850020246C002038B5114C114D206033
:104610000FF084FD23681A780F4B1B6803EB4213DD
:104620000E4A03F5C07313601B180D4A41F10001D7
:10463000C2E904310B4B15620124104614771C703B
:1046400004F04CF908B10DF0B4FF012038BD00BFF3
:10465000246C0020714502007C020020286C0020A0
:10466000982F0020FA85002008B5054B1B7823B150
:10467000042902D010B1FFF76FFF012008BD00BF71
:10468000FA85002008B5064B1B68834204D0054B11
:104690001B780BB10DF08DFFBDE80840FFF75CBF44
:1046A000246C0020FA85002008B5044B1B780BB958
:1046B0000DF07FFFBDE80840FFF74EBFFA850020F0
:1046C00008B5064B1B68834204D0054B1B780BB121
:1046D0000DF06FFFFFF740FF012008BD246C0020A4
:1046E000FA8500202DE9F84332B1012A15D00DF0EA
:1046F00060FF0020BDE8F883234ACBB9D2F8A4704C
:10470000022401320025BC462E46B44515DA6B1C46
:10471000B34208BF35460D60EBE71C4A1BB9D2F81F
:10472000C0710B24EEE7D2F8C4711124B032E9E76E
:10473000D2F8A87008242132E4E7ACEB060506EBBA
:104740006505AF42E3D905FB04FE02EB0E0883B119
:1047500052F80EE0D0F80090CE450FD811D3D8F81B
:1047600004E0D0F80480F04508D30AD80D60012099
:10477000C0E7B0F8008032F80EE0F4E705F1FF3C46
:10478000C3E76E1CC1E700BFF46D00202C6C002055
:1047900010B5094CAC22002120460FF0C3FD4FF4A8
:1047A000E472064800210FF0BDFD01232370044B85
:1047B00000221A7010BD00BFF46D00202C6C002088
:1047C000FB850020014B1870704700BFF46D00207E
:1047D0002DE9F04F85B0984600230D4603930B4614
:1047E00003A99DF8387001909246FFF77BFF78BBD4
:1047F0000399BAF1000F09D0BAF1010F3CD0019032
:104800000DF0D7FE019805B0BDE8F08F002D39D02E
:10481000274C082604F18709D9F80020102AF2D085
:1048200001FB0660831B04EB030B521A72435946CB
:1048300020440FF05DFD002D019914BF08220222D3
:1048400058460FF047FDD9F800300133C9F8003061
:10485000BAF1010F0ED1039C164EEDB104EB041416
:1048600004F1B8003A46414630440FF033FD3219A6
:1048700082F8C0700120C6E74DB90E4C0B2604F536
:10488000E079C9E70C4C022604F1A309C4E70B4CFC
:10489000112604F58A79BFE70B235C43A01C304442
:1048A00026443A4641460FF015FDB772E2E700BFD5
:1048B000156E00202C6C0020F56D0020DC6C0020B3
:1048C00073B5002301930C460B4601A91546FFF76B
:1048D00009FF064628B1019A3DB1012D1BD00DF00C
:1048E00068FE0026304602B070BDD4B1124B0825D8
:1048F00003F1870421680029F3D005FB02F0891A2F
:104900004A1E2918194418446A430FF0F1FC236821
:10491000013B2360E6E74CB9084B0B2503F5E07437
:10492000E8E7074B022503F1A304E3E7054B112554
:1049300003F58A74DEE700BF156E00202C6C0020A2
:10494000F56D0020DC6C002011B1012908D0704702
:10495000084B10B1C3F8A8107047C3F8A400704703
:10496000054B18B10022C3F8C4217047C3F8C00139
:10497000704700BFF46D00202C6C0020022802D884
:10498000024B187070470DF014BE00BFFB8500206D
:1049900013B5234A1278012A034618D0022A3DD0C3
:1049A000002A37D1407AFF2838D01E4909780029DB
:1049B00034D01C68A37803F0C003A3F1C0014B42BC
:1049C0004B41204401A9FFF78DFE02B010BD1549EF
:1049D000087818B31A685C7A5178FF2C01F0070147
:1049E00014BFA4180024032916D11B7CFF2B13D05D
:1049F000D35C042B10D1937803F0C003802BE4D157
:104A000000231A4601A92046FFF76CFE80F0010042
:104A1000C0B2DAE70DF0CDFD0020D6E70120D4E7E3
:104A2000FB850020F46D002073B50E461546D0B10D
:104A30000B46012201A9FFF755FE98B1019C0B48D6
:104A40004EB104EB04140319B83493F8C0302B7042
:104A5000204402B070BD0B235C43031902349B7ADF
:104A60002B70F5E728700020F3E700BF2C6C0020C6
:104A700008B5FFF78DFF20B1024A537843F01003C9
:104A8000537008BDFD85002010B50A4C802200211E
:104A900020460FF047FC0022074B114620460EF03F
:104AA0001BFA064A00231360054A1370054A137067
:104AB00010BD00BFFD850020A46E0020A06E002068
:104AC000FC8500207D8600202DE9F04FDFF8348240
:104AD00098F8003087B00446032B00F20B82DFE821
:104AE00013F004000D0009000C02FFF7EBFA02239B
:104AF00088F80030844D26792B791EB9002007B044
:104B0000BDE8F08F002B4AD1804F7B7843F0020242
:104B10007A7022685278110744BF43F00A037B7011
:104B200023685B785A0642BF7B7843F040037B7072
:104B300023689B78DB0742BFBB7843F00103BB705F
:104B400023689A78BB7802F0C002C02A22D143F0D1
:104B50000C03BB70BB78052E43F02003BB7002D959
:104B60002046FFF785FF397867488B1C0331012207
:104B7000C9B23B700EF0C9F908B90DF01AFD022E4A
:104B8000BCD92368DFF884919A7812F0010F1DD008
:104B900000231FE0802ADDD143F00803D9E7022E6D
:104BA000ACD9022BEDD9042EA8D9042B69D9062E35
:104BB000A4D12046FFF75CFF0DF08FFF2A685378E1
:104BC000190700F189815148032376E1DB7889F8E0
:104BD0000330012399F80020A17C0191134489F846
:104BE0000030AB79FF2B1CBF2F68FF18EB7908BF93
:104BF0000027FF2B1CBF2A6802EB030A227A08BF9A
:104C00004FF0000AFF2A1CBF23689B18A27908BF37
:104C10000023FF2A1CBF20688018627A08BF00208A
:104C2000FF2A33D1002F5ED199F80030384A1F4453
:104C3000637A89F80070FF2B1CBF2068C0182368B6
:104C4000997801F0C001A1F1C00708BF00207942A6
:104C50007941FFF7E9FE2F4B186028B199F802302F
:104C600043F0020389F8023099F800102648013118
:104C70000322C9B20EF049F9002840D0042E7FF675
:104C80003DAF297DFF2947D1002177E0216801EB65
:104C9000020B57BBBAF1000FC6D0BBF1000FC3D057
:104CA00023689A782B689B7802F0C00203F00C030B
:104CB000A2F1C00CDCF10002A3F10C0E42EB0C02DD
:104CC000DEF1000343EB0E039A4201D00DF071FCBC
:104CD0005946019A50460FF0FDFADDF804B0BB4486
:104CE0005FFA8BF7A0E74FF0000B33B908B9FDF777
:104CF000CBF803883B800227CCE71846F9E70DF094
:104D000058FCBBE77D860020A46E0020FD850020B6
:104D1000FC850020A06E0020A37A2A68FF2B02EBFE
:104D2000010AB1D02068C718BAF1000FACD0002F2B
:104D300000F0CE80C35C5354013171480422C9B2E3
:104D40000EF0E3F808B90DF034FCA37AFF2B03D082
:104D50002168CA5C520766D194F81590A9EB030943
:104D60005FFA89F909F1FF32791CD2B20AF1010028
:104D70000FF0B0FAEB7D99445FFA89F1614F60481A
:104D80003B781944C9B2397001310522C9B20EF01D
:104D9000BCF808B90DF00DFC5B4B6A7D19682B68F7
:104DA000DFF868A103EB020989B19AF800B0B9F104
:104DB000000F03D101910DF0FCFB01995A464846C2
:104DC0000FF088FA09EB0B014846FFF795F93B789D
:104DD0009AF8002013443B704B4B196891B12B6833
:104DE0005878C0F3C00100070CD5A97AFF2971D00B
:104DF000595C11F0070105D0697D13444FF47E52D0
:104E00005A5202213B783E4802331944C9B23970E4
:104E100001310622C9B20EF078F800287FF4C7AE3F
:104E20000DF0C7FBC3E6237B2A7BFF2B14BFC918F9
:104E30000021FF2AAB7A21D1FF2B25D000202A6840
:104E4000D75CC7F3C1077B1E022B1BD8BF00033FF3
:104E5000FFB218B111B13A460FF03CFA95F80BA029
:104E60000137BAF1FF0FFFB204D0D5F8009019EB6B
:104E70000A0F0BD1EB7D3B44D9B27FE72868FF2BAB
:104E80001044DCD10027E4E70027E7E7AB7AFF2BEB
:104E900016BF19F803300023C3F3C1038DF8103097
:104EA0002B7BFF2B14BF4B44002304A903A80593BD
:104EB000FFF794FA20B10020012388F800301EE6A5
:104EC000039B49F80A30EB7D0433F918C9B255E762
:104ED000394653E7002195E7AB7AFF2B3FF473AED9
:104EE000D35C5B073FF46FAE05480DF0DBFD002897
:104EF000E1D068E60DF05DFB00E60248FFE500BF8B
:104F0000A46E0020FD850020A06E0020FC850020FE
:104F1000064B82B018689B88ADF80430BDF80420B9
:104F2000034B18609A8002B0704700BF917D030068
:104F30007E86002038B50546FFF7C4F82B79052B8F
:104F400010D92B689A78D2070CD4074CDB78E37021
:104F50002846FFF71DFD00280CBF022312236370B3
:104F6000204638BD0020FCE77E86002038B5044688
:104F7000EFF310830B4D2B6072B60B480DF032FE31
:104F800008B10DF016FB08480DF00EFE047006483F
:104F90000DF010FE054B01221A602B6883F3108878
:104FA00038BD00BFBC6E0020C06E00200070014004
:104FB000F8B50D4C07460E462046152115460EF055
:104FC00019F8FF2803464FF000000CD0282202FBFE
:104FD0000344607063F07F00C0B2A76026736573FE
:104FE000FFF7C4FF0120F8BD60300020F8B5114B79
:104FF000114C002A18BF1C460D46064614BF04215A
:105000001521204614BF002780270DF0F3FFFF284D
:105010000ED003B203EB830304EBC3033843012434
:10502000C0B25C701E72DD60FFF7A0FF2046F8BDC5
:105030000020FCE7C02F002060300020F8B5104CA5
:1050400007460D46204615210DF0D4FFFF280646E1
:1050500013D0282303FB004402236370A7600FCD05
:1050600010340FC495E8030084E8030066F07F0065
:10507000C0B2FFF77BFF0120F8BD0020FCE700BFB6
:10508000603000202DE9F041114C80460F4620464B
:10509000152115460DF0AEFFFF28064616D0282331
:1050A00003FB004403236370C4F8088027730FCD0B
:1050B00010340FC495E8030084E8030066F07F0015
:1050C000C0B2FFF753FF0120BDE8F0810020FBE7ED
:1050D0006030002038B50C4C0546152120460DF0F7
:1050E00089FFFF280DD0282303FB004404236370AD
:1050F00060F07F002B782372C0B2FFF737FF0120EA
:1051000038BD0020FCE700BF6030002038B50B4CF4
:105110000546152120460DF06DFFFF280CD02823F1
:1051200003FB004460F07F000523C0B2637025726A
:10513000FFF71CFF012038BD0020FCE76030002095
:1051400038B50B4C0546152120460DF053FFFF28BE
:105150000CD0282303FB004460F07F000623C0B27C
:1051600063702572FFF702FF012038BD0020FCE7C5
:105170006030002038B50B4C0546152120460DF057
:1051800039FFFF280CD0282303FB004460F07F0088
:105190000723C0B263702572FFF7E8FE012038BD17
:1051A0000020FCE76030002008B51A2201230649E0
:1051B00006480DF0DBFC064B0122C3F80423BDE8D2
:1051C0000840FCF7EBBE00BF84860020C06E0020C4
:1051D00000700140F8B52E4BD3F800215AB10022DF
:1051E000C3F80021D3F800312A4D2B4E2B4FAA795A
:1051F000EB799A4200D1F8BD28460DF0E4FC047822
:1052000014F0800F04F07F0404EB840414BF07EB58
:10521000C40406EBC4046378072B36D8DFE803F038
:105220000412171D24292D31627B94F90C10A068FB
:105230000DF0BFFA28460DF0CCFCBFF35F8F0023C2
:105240002370D4E7E168207A0DF0B5FAF2E7A068A0
:1052500004F110010DF0B1FAECE7217BA06804F134
:1052600010020DF0ACFAE5E704F108000DF09DFA2C
:10527000E0E7207A0DF09BFADCE7207A0DF091FA56
:10528000D8E7207A0DF08FFAD4E70DF092F9D1E744
:1052900000700140C06E0020C02F00206030002050
:1052A00008B5EFF31082074B1A6072B606480DF08E
:1052B00099FC08B10DF07DF9BDE8084002480DF0F9
:1052C00073BC00BFC86E0020CC6E002008B5054836
:1052D0000DF070FC044B01229A60044B1B6883F3B1
:1052E000108808BDCC6E002000700140C86E002000
:1052F00008B540222023064906480DF037FC064B2E
:105300000422C3F80423BDE80840FCF747BE00BFF1
:10531000A8330020CC6E00200070014073B5484BCC
:10532000D3F808214AB10022C3F80821D3F8083184
:10533000444DAA79EB799A4201D102B070BD28465A
:105340000DF041FC03780446122B76D8DFE803F019
:105350000A131D272C327575373C41464A4F535C62
:10536000606A6F00C668007AFCF73CFA3070284625
:105370000DF02FFCDDE722694669837B417B007BD2
:105380000092A268FCF746FAF0E7A3688669417BC1
:10539000007B0093D4E90423FCF766FAE6E7D0E942
:1053A0000206FCF7EDFAE1E7D0E90361007AFCF7C9
:1053B00021FBDBE7C668007A0DF077FAD6E7D0E983
:1053C0000206FCF73BFBD1E7C668007AFCF752FB0C
:1053D000CCE78468FCF772FB2070C8E78468FCF7B0
:1053E0007DFBF9E7D0E90206FCF794FBBEE7846891
:1053F000FCF7BEFBF0E7D0E906360093D0E90423C2
:105400008068FEF7CFFAB1E78468FEF767FBE3E751
:105410008269C669037D00920269D0E90201FEF744
:1054200015FBA3E7D0E902060DF001FD9EE7D0E9E8
:1054300003168068FEF7D0F898E70DF0BAF896E703
:1054400000700140CC6E00204FF08053D3F8302123
:10545000082A06D1D3F83431052B02D8024AD05C91
:1054600070470020704700BF0D9E0300024AD2F82B
:105470000034002BFBD0704700E0014010B54FF026
:105480008053D3F83021082A4ED14FF080420021BA
:10549000C2F80C11C2F81011C2F8381502F54042DA
:1054A000D3F80414C2F82015D3F80814C2F8241550
:1054B000D3F80C14C2F82815D3F81014C2F82C1520
:1054C000D3F81414C2F83015D3F81814C2F83415F0
:1054D000D3F81C14C2F84015D3F82014C2F84415B0
:1054E000D3F82414C2F84815D3F82814C2F84C1580
:1054F000D3F82C14C2F85015D3F83014C2F8541550
:10550000D3F83414C2F86015D3F83814C2F864150F
:10551000D3F83C14C2F86815D3F84014C2F86C15DF
:10552000D3F84434C2F87035FFF78EFF18B13A4B08
:105530003A4AC3F88C26FFF787FF18B1384BFB2295
:10554000C3F81825FFF780FF70B14FF080414FF08E
:105550008053D1F8E42ED3F8583222F00F0203F032
:105560000F031343C1F8E43EFFF76EFF20B12D4B4C
:105570004FF40072C3F840264FF08053D3F8303117
:10558000082B1AD14FF08043D3F80024D20744BF30
:105590006FF00102C3F800244FF08053D3F8343188
:1055A000052B02D8204AD35C3BB14FF01023D3F82F
:1055B00008224FF08043C3F858254FF01023D3F84A
:1055C0000022002A03DBD3F80432002B22DA174929
:1055D00001234FF01020C1F804351224FFF746FFD5
:1055E000C0F80042FFF742FFC0F80442FFF73EFF59
:1055F0000023C1F80435FFF739FFBFF34F8F0C4983
:105600000C4BCA6802F4E0621343CB60BFF34F8FC8
:1056100000BFFDE710BD00BF0050004048810300FF
:1056200000F0004000900240079E030000E00140AF
:1056300000ED00E00400FA0530B50468CCB1BFF31A
:105640005B8FB4FA84F3C3F11F03DBB201229A40EB
:1056500024EA020250E8005FA54204D140E8002C91
:10566000BCF1000FF6D1BFF35B8FE6D102480B709F
:1056700030BD0248FCE700BF0000AD0B0200AD0BDF
:1056800010B50368CB40DB0714D401238B400268BC
:10569000BFF35B8F43EA020150E8004F944204D10C
:1056A00040E8001CBCF1000FF6D1BFF35B8FEED1D8
:1056B000014810BD0148FCE70000AD0B0400AD0B34
:1056C000014BC3F80405704700F00140024BA230C3
:1056D00043F83010704700BF00F00140024BA23089
:1056E000002243F83020704700F00140036803F0C7
:1056F0001F025B09026004D0012B034818BF002081
:1057000070474FF0A040704700030050034A430920
:1057100000F01F00D35C1844C0B27047139E030012
:1057200070B50546FFF7F2FF0C4C08300E4634F812
:105730001030DA0508D5C3F3432304EBC30228462F
:1057400054F8333052689847A3682BB1E268314669
:105750002846BDE87040184770BD00BF8402002095
:1057600008B5FFF7D3FF034B083033F81000400BA8
:1057700008BD00BF8402002008B5FFF7C7FF034B38
:10578000083033F81000C0F3400008BD8402002048
:1057900008B5FFF7BBFF034B083033F81000C0F328
:1057A000401008BD84020020034611F0010010B52E
:1057B000CCB20DD1A207C4F3400012D5094AD2F8E9
:1057C00020055860C2F82005003818BF012008E005
:1057D0004FF0A041D1F820251A60C1F82025002AF9
:1057E000E8D010BD0003005010B5FFF78FFF124A3C
:1057F000083032F81030D9051CD5C3F3432123F407
:10580000F85322F8103002F10E04002034F8023F61
:1058100013F4807F03D0C3F3432399420AD00130AD
:105820003028F3D1002342F831300448BDE810405D
:10583000FFF726BF10BD00BF84020020FC0200203D
:10584000F0B5054600200446012607468C420BD1E0
:10585000114BD3F87C2132B10022C3F87C21D3F85C
:105860007C3140F00040F0BDE3B29B0003F5807254
:105870009B0806FA03F31D420BD002F1804202F5A9
:10588000C042D2F800C0BCF1000F02D0176012680D
:1058900018430134DAE700BF00600040F7B5064660
:1058A0000846FFF733FF194F00F108050C4637F89B
:1058B0001530DB0727D530460DF0F3FD2046FFF706
:1058C00067FF40B12046FFF74BFF316800F5A2703B
:1058D000002341F820302046FFF786FF002301A86F
:1058E00027F815300194FFF701FF019B00EB8300BF
:1058F000074BD0F80027134043F00203C0F80037ED
:10590000044803B0F0BD0448FBE700BF8402002058
:10591000F0F8FCFF0000AD0B0400AD0B2DE9FF41DA
:10592000164680460846FFF7F1FE0D4631680446EC
:1059300009B32846FFF720FF18B12846FFF728FFD4
:1059400010BB0023CDE900338DF80E308DF80F30F9
:105950000DF10F020B4628460DF10E010DF049FD29
:10596000474A04F1080132F8113023F0020343F0F2
:10597000010322F81130736863B328461F78596811
:10598000FFF7FAFE10B1D1B13E4826E03C4A04F1DF
:10599000080032F8103023F02003DB04DB0C22F87F
:1059A000103061B1032FEFD87168496891F800C0D9
:1059B000D8F80010A7B90CF5A27C41F82C70304A39
:1059C00004F1080132F8113023F01C0343EA870385
:1059D00022F81130B3684BBB2B4804B0BDE8F0810E
:1059E00001EB8C0143EA4C33D1F810E52EF0030EA5
:1059F000C1F810E5D8F8001001EB8C0E43F020033D
:105A0000DEF8101522F8103021F44F3121F44071E6
:105A1000CEF810152902DEF8108501F47C5141EA18
:105A2000074141EA0801CEF81015C8E7D3E900673D
:105A30002846FFF7D9FE002ECED0114DD5E9002320
:105A4000964203D19F4201D1002209E00F480DF197
:105A50000F01FFF7F1FD0C4B9842BED19DF80F20CE
:105A600045F8326005EBC20308345F6035F8143046
:105A700043EA422343F4807325F81430ACE700BFB7
:105A8000840200200400AD0B0000AD0BFC020020DE
:105A90002DE9F0430C4685B08046204611461E464F
:105AA000FFF734FE054629B32046FFF765FE18B917
:105AB0002046FFF76DFE18BB314F05F1080937F896
:105AC000193013F01C0F02D04B78012B18D0012392
:105AD0008DF80F300023CDE900134A1C8B1C2046A3
:105AE0000DF10F010DF085FC37F8193043F0030379
:105AF00027F81930002E41D02046FFF73DFE18B997
:105B0000204805B0BDE8F08396F800C0D8F8003012
:105B10001B4F0CF5A272002143F8221005F1080278
:105B200037F8121021F02001C904C90C27F812100F
:105B300075781DB3D8F80000B67800EB8C002D0402
:105B4000D0F8103523F4991323F4F853C0F8103526
:105B5000230203F47C5305F440353605D0F810E5F4
:105B60002B4306F4801641EA4C31334341F02001C7
:105B700043EA0E0327F81210C0F810350248C0E7B8
:105B8000840200200400AD0B0000AD0B014BC3E903
:105B9000021270478402002010B508461446FFF731
:105BA000F7FD50B10846FFF7B1FD054B083033F85B
:105BB000103004485B0B237010BD0348FCE700BFA6
:105BC000840200200000AD0B0400AD0B70B5164D33
:105BD00095F8804006462CBB2146602205F1100056
:105BE0000EF0A0FB30682E6F21468E420ED10023AE
:105BF000C0F87C31D0F87C3140F30730F3F7A6F9D8
:105C000001230A4885F88030AB6770BDCBB29B009A
:105C100003F580727C2B08BF845001F1010108BF9D
:105C20008358E2E70248F0E7840200200000AD0B51
:105C30000C00AD0B034B93F88000003818BF012017
:105C4000704700BF840200200148FFF719BD00BF64
:105C5000F80200200148FFF7EFBC00BFF802002067
:105C600073B503681646D3F80423002AA8BF4FF083
:105C700000420546A8BFC3F8042308460C46FFF7B8
:105C800087FD00B30846FFF777FD0146D8B92046E7
:105C9000FFF766FD04B2A40004F58072034628688D
:105CA0008150296882582144D1F8102542F0010220
:105CB000C1F810252EB12968012202FA03F3C1F8B8
:105CC000043302B070BD2046FFF720FD0F4B0830B3
:105CD00033F81030C3F38203042B12D0052B12D0FB
:105CE00001A80194FFF702FD019AD0F81035D340C6
:105CF00003F00103991C204602B0BDE870400DF08E
:105D0000C1BB0321F7E70221F5E700BF84020020B1
:105D10002DE9F04F694BDFF8A881D3F80403D8F8D8
:105D20007010C0B289B040F00040FFF789FD051E39
:105D30002FDAC24600235AF87C1F06A8CDE90633A5
:105D4000FFF732FD5F4B01930DF118094FF0000B87
:105D5000019A12F8013B0192DA0803F007031AF8DE
:105D6000022022FA03F3DA071CD409F10409BBF17B
:105D7000000F14D0D8F870104FF00040FFF760FD0E
:105D8000D8F87C1006A8FFF70FFD0028DAD125F01F
:105D900000450124002D79D109B0BDE8F08F4FF006
:105DA000010BD5E7484B5B440293D9F8001000295A
:105DB000DBD0029B91FAA1F11C78B1FA81F141EAA2
:105DC00044142046FFF7A2FC0830059438F8107000
:105DD000C808BB0819F80020039301F0070101234C
:105DE00003FA01F122EA010209F8002005A8FFF7F1
:105DF0007DFC059A039B02F5E072C7F3820650F81A
:105E000022205B073746C2F3014224D5204639469B
:105E1000D6B2FFF785FC05A80594FFF767FC059B44
:105E200003F5E07350F82330C3F301439E4207D1DA
:105E3000002120460DF026FB314620460DF022FBC6
:105E400005A80594FFF752FC059B012202FA03F313
:105E5000C0F82035A9E7022A0CD1032120460DF015
:105E600011FB06F00503012BEAD139462046FFF766
:105E700057FCE5E70221204603920DF003FB032EB9
:105E8000F3D0039A032ADBD1022EEDE795FAA5F3AE
:105E9000B3FA83F304FA03F29B0003F1804303F5A2
:105EA000C04325EA0205D3F81005D3F81015C0F356
:105EB0000520C1F30141FFF733FC6BE700600040B0
:105EC00084020020239E0300239E0300044AD2F88C
:105ED0000034DB07FBD50160BFF35F8F704700BF65
:105EE00000E001404FF080531A69B0FBF2F302FB6F
:105EF000130373B9084B0222C3F80425C3F808053D
:105F0000D3F80024D207FBD500220448C3F80425A7
:105F100070470348704700BF00E001400000AD0B30
:105F20000A00AD0B10B5054C0123C4F80435FFF78A
:105F3000CDFF0023C4F8043510BD00BF00E00140D0
:105F400010B5184C237853BB0278C2F34003920774
:105F500012D54FF08053D3F83021082A0BD1D3F853
:105F60003431052B07D8104AD35C23B14FF080435E
:105F70000122C3F8382601234FF08042C2F8803551
:105F8000037803F00103C2F878350020F3F700F836
:105F900008B9F2F7DBFF01230448237010BD044861
:105FA000FCE700BF9E860020259E03000000AD0B8D
:105FB0000C00AD0B4FF080434FF46072C3F8082320
:105FC000014B00221A607047D46E002008B5FFF71D
:105FD000F1FF03680BB1014A136008BDD46E0020C5
:105FE00010B54FF08043D3F80443620707D54FF450
:105FF00084700DF08CFA10B11E4B1B689847A306F5
:1060000008D54FF48A700DF082FA18B11A4B0020AF
:106010001B689847600608D54FF48C700DF077FA2E
:1060200018B1154B01201B689847210608D54FF47D
:106030008E700DF06CFA18B1104B00201B68984759
:10604000E20508D54FF490700DF061FA18B10B4BD2
:1060500001201B689847A3050AD54FF492700DF0F4
:1060600056FA28B1054BBDE810401B6802201847BE
:1060700010BD00BFDC6E0020D86E0020D46E002062
:1060800001460148FFF7D8BA0803002070B5104D4B
:106090006C6B9CB14FF47A735C430A23B4FBF3F44A
:1060A0000C4ED6F8003163B995F839304BB90A2057
:1060B0000DF093F9013CF4D1074870BD4CF2503417
:1060C000EEE795F83930002BF6D10448F5E700BF2C
:1060D000E06E0020009002400700AD0B0000AD0B09
:1060E000094B10B500220124C3F80045C3F8002174
:1060F0001C6038B1FFF7CAFF044B984203D1044B30
:1061000083F83840014810BD009002400000AD0BFC
:10611000E06E002070B500F06044B4F1005F5DD126
:1061200084075BD12F4C94F83050012D05D09D424F
:1061300056D194F83850002D52D02B4D022B0BBF66
:10614000C5F81025C5F80425C5F81405C5F80805D7
:106150000CBFC5F81815C5F80C154FF0000684F8EB
:10616000396026680CBF08250425BEB994F838307C
:106170006BB11D4B05F1804505F524350022C3F8B0
:10618000002101232B60BDE87040FFF77FBF012095
:10619000FFF7A6FF154B9842EBD170BDA66826B15C
:1061A000E0606161E2611248F7E7A2610E4A84F89B
:1061B00030300123A0602161C2F80061C2F80433CD
:1061C00094F8382002F0FF0012B9FFF789FFEAE7E0
:1061D00005F1804505F524352B60E4E70548DCE74B
:1061E0000548DAE7E06E0020009002400700AD0BA2
:1061F0000000AD0B0A00AD0B0B00AD0B084B9A680D
:106200005A621A699A629A69DA62DA689A6032B1F5
:106210005A691A61DA699A610022DA607047704738
:10622000E06E002000F01F0340090FD0012810D1BC
:106230000B4A02EB83020B4BD2F80007034043EA00
:10624000012343F00203C2F8003770474FF0A04229
:10625000EFE7002203F5E07352F82330FFDE00BFC2
:1062600000030050F0F8FCFF10B50E4B0238D3F8D5
:106270003C26D3F83836072813D8DFE800F0110F92
:106280000D0B0A080604100EC871100C8871100A54
:1062900048710A711A0ECA701A0C8A701A0A4A706A
:1062A0000B7010BD00900240023807281FD8DFE8AD
:1062B00000F02927251123211F04CB791B068A7999
:1062C00043EA02434A7943EA02230A7913430E4A16
:1062D000C2F83C36CB781B068A7843EA02434A78F8
:1062E00043EA02230A781343074AC2F83836704754
:1062F0000023E4E70023E5E70023E6E70023EBE7DC
:106300000023ECE70023EDE7009002400268154B04
:10631000FF2A08BF4FF0FF32C3F824254268FF2A46
:1063200008BF4FF0FF32C3F828258268FF2A08BF54
:106330004FF0FF32C3F83025C268FF2A08BF4FF084
:10634000FF32C3F834250269FF2A08BF4FF0FF323D
:10635000C3F838254269FF2A08BF4FF0FF32C3F85F
:106360003C257047009002400A4B002283F83820F9
:10637000094B01214FF08050C3F808131961D0F880
:106380003001082808BF5965C3F80025C3F800216B
:10639000704700BFE06E00200090024030B5194DFC
:1063A0000FCD8DB006AC0FC495E8030084E8030060
:1063B0001549D1F82435DBB20093D1F82835DBB28A
:1063C0000193D1F83035DBB20293D1F83435DBB22A
:1063D0000393D1F83835DBB20493D1F83C3506A8E5
:1063E000DBB20593FFF792FF0023C1F800310123D0
:1063F0000B60D1F80031002BFBD06846FFF786FF19
:106400000DB030BDD87C03000090024070B590F80C
:106410002930044613B190F82A204ABB6068FF284F
:1064200060D0A268FF2A5DD0E268FF2A5AD02269B4
:10643000FF2A57D0B3B90321FFF7F4FEA068FFF796
:10644000F1FEE068FFF7EEFE2069FFF7EBFE606902
:10645000FF2801D0FFF7E6FEA069FF2802D0032144
:10646000FFF7E0FE94F82A3013B9201DFFF74EFF26
:106470001D4E636A73631D4D94F8293086F83A30D7
:106480000123C5F80833FFF789FF2368C5F84035B5
:10649000A37F617F227F9B0143EAC1031343E27F15
:1064A00043EAC213C5F84435D5F8002694F82030E5
:1064B00022F07F4222F0FF02134394F8212043EAA6
:1064C000026394F8222043EA426394F8232043EACB
:1064D0000273C5F80036336813B12920F2F736FD90
:1064E000034870BD0348FCE7E06E002000900240C6
:1064F0000000AD0B0400AD0B38B50C4C94F83050D7
:1065000095B9C4E9001248B90023C4E90233012255
:10651000074884F8302084F8383038BDFFF776FF1C
:10652000034B9842F9D1EFE70248F6E7E06E00200E
:106530000000AD0B0C00AD0B2DE9F843DFF8909097
:10654000074699F830000128884614463DD199F84D
:106550003830204E6BB3204D0123C5F80833FFF7C8
:106560001DFFB8F1000F2BD14FF0000889F83980DA
:10657000C5F80081BB787A781B0343EA02233A7896
:106580001343FA7843EA42333A7943EA82337A7919
:1065900043EAC233C5F83436FFF778FDB0420CD079
:1065A000C5F800811CB178782146FFF75DFE0B48E5
:1065B00004E0FFF795FDB042CDD10648BDE8F88371
:1065C00078784146FFF770FECEE70548F6E700BF52
:1065D000E06E00200700AD0B009002400000AD0B04
:1065E0000B00AD0B034B93F838300BB9FFF778BDB8
:1065F00001487047E06E00200C00AD0B08B5054B5C
:1066000093F83030012B03D1FFF7AEFE024808BDEE
:106610000248FCE7E06E00200000AD0B0B00AD0B64
:10662000034B93F83000003818BF0120704700BFBB
:10663000E06E002038B511F0030539D11E4B1A6801
:10664000D2B193F83040012C34D11C4AC2F81C1549
:106650000421C2F8200583F8395083F83010C2F8BD
:106660000051C2F8044393F8383003F0FF00EBB94F
:10667000FFF736FD124818E0104CC4F81C15C4F89A
:10668000200583F8392093F8383043B10023C4F84B
:1066900000310123E360BDE83840FFF7F7BC01207B
:1066A000FFF71EFD074B9842F0D138BDD460E1E7FB
:1066B0000548FAE70548F8E7E06E00200090024040
:1066C0000000AD0B0700AD0B0A00AD0B0B00AD0BCE
:1066D00010B5224BD3F8002192B1214C0022C3F80F
:1066E000002194F8381094F8302071B90121032A60
:1066F00084F8381005D0042A05D0022A00D1996008
:1067000010BD5960FCE7D960FAE7032A19D0042AC2
:1067100019D0022A04D1012384F82030FFF76EFD3E
:10672000A36813B9012384F8303094F8393003F0AA
:10673000FF0013B9D4E900319847002384F82030D2
:10674000DEE70223E8E7032284F82020D3F81C25A3
:106750006262D3F8203584F82830E1E700900240E7
:10676000E06E002008B5124BA822002118460DF05B
:10677000D9FD032202610F4942610F4A8161C26162
:106780004FF480620262002282624262C26201664B
:106790000A49416610218166094902670346C266BB
:1067A000426711F8010D98540132102AF9D108BD41
:1067B0001C6F00202B9E0300AF8600209F860020C8
:1067C000449E03002DE9F84FDFF87C80182606FB75
:1067D000008E00FB06664644DEF82440DEF828C042
:1067E0007368A44507468946154603EB040022D882
:1067F000DEF820B0ABEB040A0AF1FF339A4203D86B
:106800000DF068FD2C440FE063449A4219D85246BB
:106810002C440DF05FFDB4EB0B0405D070682246EC
:1068200009EB0A010DF056FD182303FB0783012035
:106830005C62BDE8F88F0CF1FF3CACEB040C9445B6
:10684000DED20020F5E700BF1C6F0020034B1822AA
:1068500002FB00339A6A586A801A70471C6F002046
:1068600003484FF0FF324FF0FF3300F00FBA00BF84
:1068700030070020014800F081BA00BF3007002037
:10688000014B986864307047C46F002010B504460F
:10689000F0F7B2F80348044A012109F073F82046E2
:1068A0000CF077FE407C0300459E03002DE9F84381
:1068B000044600AF0D46EFF31188402383F312889E
:1068C000BFF36F8F0428294A98BF294B9668117D22
:1068D00094BF53F82030274BE9468AB06A462648D1
:1068E000C2E9073140F201339384244BC2E9050425
:1068F00042F8103F224800234FF43151F0F75CF981
:10690000CD4645B1EB69C3F3080323B11D4A1C48CA
:10691000012109F037F82EB130460DF0A0F808B18A
:10692000037803B91848E9468AB06A46174BD06124
:10693000C2E9053640F201331384154B42F8103F8B
:1069400000230F484FF41151F0F736F92946CD4690
:106950002046FFF79BFF88F31188BFF36F8F304607
:10696000F2F77CFABD46BDE8F88300BFC46F002093
:106970006C820300549E03006A9E03000500000120
:10698000407C0300929E0300629E0300B39E0300BE
:106990000400000138B5094B53F82040013053F88A
:1069A0002050A54200D838BD636823B120460CF0C2
:1069B000F8FD0834F5E723689847FAE7808203007A
:1069C00070B52B4B2B4C2C4D012286B003201A7036
:1069D000FFF7E0FFF1F704FE07F0A5FF0420FFF743
:1069E000D9FF2646AE4204F1300410D300F0C2FEB7
:1069F000204C224EAC4226D300F0D0FE07F091FF8F
:106A00001F4A137B23F00103137306B070BD54F8C3
:106A10000C3C059354F8103C049354F8143C039335
:106A200054F8183C029354F81C3C019354F8203C51
:106A3000009354E90A2354E90C0100F031FC54F8A6
:106A4000303C5E65CDE7D4E90A23B3F1FF3F08BFD0
:106A5000B2F1FF3F05D052EA0301206803D10DF0E7
:106A600000F83034C6E73146183001F07BF8F8E71B
:106A7000AF8A0020B47B0300B47B0300913B03008A
:106A80006834002008B50348034A0021121A0CF0AC
:106A9000A0FD08BD000A0020CC8A002070B50023AC
:106AA00086B00122CDE90423124E134D01930F222B
:106AB000CDE902321149182303FB005506EBC0163D
:106AC0000446C02000FB04110D4B00958022304687
:106AD00000F0E6FB737B0B4AEE6023F00403737354
:106AE0004FF4825304FB033313442C756B6006B0E0
:106AF00070BD00BFE8330020C46F002040B7002005
:106B00003937030000A70020BFB50020FFF742FF80
:106B10002D4B83F308882D4D2D4E6B692D4F43F47B
:106B200000736B61E02385F8223000242023EB778B
:106B30002C766C76AC7685F820406B6A43F4E023C3
:106B40006B6285F82340F2F7EFF8F2F7B5FA4FF0F1
:106B5000FF33AB62EB62F2F789FBF2F7D1FAEFF7A2
:106B6000B7FE1D4BB36040F201129A81C3E91A448B
:106B70005C670CF002FD0120FFF70CFF0220174DAF
:106B8000FFF708FF00F02AFE154BB56105930123BE
:106B900014490094CDE903434FF420623B46CDE90C
:106BA0000144284600F07CFB6A7B064622F0040282
:106BB00028466A730CF091FF2046FFF76FFF3A46B4
:106BC00031462846F2F75AFA40B7002000ED00E0BF
:106BD000C46F0020C169020088350020683400209D
:106BE000159F030000B8002038B5064C064DAC4296
:106BF00001D3002038BDD4E9011220460CF0EDFC91
:106C00001834F4E7680600206806002038B5064C02
:106C1000064D0020AC4200D338BD20460CF042FDAA
:106C20000028F9DB2034F5E708060020680600207C
:106C300073B50C46EFF31181402585F31288BFF33D
:106C40006F8F05695DB125602B680361C3690133EE
:106C5000C361002081F31188BFF36F8F11E052EA06
:106C6000030603D125606FF00B00F3E7CDE90023A5
:106C70000246083000F0CAFC18B9034B9B685B69F8
:106C8000236002B070BD00BFC46F00202DE9F34146
:106C9000044617461E46EFF31188402383F31288FB
:106CA000BFF36F8FC368334A7BB1806891688842B5
:106CB00019D057EA060318D188F31188BFF36F8FF4
:106CC0006FF00F0002B0BDE8F081916891F90E10ED
:106CD00021610133E3609368A36088F31188BFF3F7
:106CE0006F8F0020EEE72169F2E791F90E1090F91D
:106CF0000E309942A8BF19466FF07E029142B8BF8C
:106D000011468B422DDD0CF022FD0546CDE90076C3
:106D100019482246414600F079FC0028E1D0EFF303
:106D20001186402383F31288BFF36F8FA068D0B120
:106D3000236821699C420AD04BB193F90E309942E5
:106D4000A8BF19466FF07E039942B8BF19460CF0F0
:106D5000FEFC40B10848314600F0C8FC6FF00A0064
:106D6000B0E70025D2E7002DF4D186F31188BFF3F8
:106D70006F8FF3E7C46F0020B08A002038B58368B6
:106D8000044663B3194A926893422BD1C368012B1E
:106D900003D9013BC360002038BDEFF311854023C8
:106DA00083F31288BFF36F8F016980680CF0CFFC0A
:106DB00020460CF007FFA06058B190F90E20226128
:106DC0000022C2670CF089FE0948294600F08EFCBB
:106DD000E1E7E06085F31188BFF36F8FDBE76FF0C9
:106DE0001500D9E74FF0FF30D6E700BFC46F002091
:106DF000B08A002037B5EFF31185402181F3128866
:106E0000BFF36F8F04689CB12368426823F00303CB
:106E10009442036008BF4360012120460CF00CFD42
:106E2000044685F31188BFF36F8F204603B030BD51
:106E300052EA0301F5D0CDE90023294600F10C0206
:106E4000083000F0E3FB0028EFD1024B9B685C693F
:106E5000EBE700BFC46F002038B50446EFF311859F
:106E6000402383F31288BFF36F8F0CF0ABFE48B161
:106E70000022C2670CF031FE29460848BDE83840C0
:106E800000F034BCD4E902329A4218BF0133A36047
:106E9000022104F110000CF0E9FFEDE7B18A0020B7
:106EA00013B5EFF31181402484F31288BFF36F8F81
:106EB000846844B1013C846081F31188BFF36F8F13
:106EC000002002B010BD52EA030406D181F31188FC
:106ED000BFF36F8F6FF00F00F3E7CDE90023024699
:106EE000014800F093FBECE7B18A002070B504463E
:106EF000EFF31185402383F31288BFF36F8F6FF098
:106F00000A0620460CF05EFE18B1C6670CF0E5FDDF
:106F1000F7E7A060022104F110000CF0A7FF29465A
:106F20000248BDE8704000F0E1BB00BFB18A00201C
:106F30001FB5094A92E8030002AB83E803004FF44F
:106F4000A0720093054906484FF0FF3300F006F9A0
:106F5000002005B05DF804FBF07C030040C2002077
:106F6000E83400202DE9F043DFF8348185B0054690
:106F70004FF0FF364FF0FF37EFF31189402383F3D3
:106F80001288BFF36F8FD5F880408CB9022105F1CC
:106F900098000CF08FFC002860D10023CDE9006739
:106FA000029305F1880249463E4800F0E3FCE3E71E
:106FB000D5F884202368C5F88030944208BFC5F80E
:106FC0008430D5F8983043F00203C5F89830E36870
:106FD00023F0040343F00103E360636889F311883D
:106FE000BFF36F8F20469847EFF31189402383F357
:106FF0001288BFF36F8FE368D90623F0010237D4FC
:10700000E260E3689A071AD5D8F8000023F002037B
:10701000E360A0B10268002188B143689C4237D187
:10702000036869BBD8F80420C8F80030824201D157
:10703000C8F80430002340F8083BFFF70DFFD5F8EF
:10704000983023F00203C5F8983089F31188BFF314
:107050006F8FDB0590D400F0C9FB8DE705F190043C
:107060000022012120460CF011FE0028F8D194E7FF
:1070700023F01103E36004F11000FFF7EDFEC0E719
:107080000B60D8F80430834208BFC8F80410D1E779
:1070900022B11368014610461A46BDE71346F9E7C8
:1070A000E86F0020B28A0020F8B5C3689A0704464A
:1070B0000F46C3F340062CD45B071AD40B680BB9F8
:1070C00083680B60E368DD0744BFA3683B603D68ED
:1070D0004CBF02260126002D3AD01F4B9B68AB42C5
:1070E0000AD0D5F89830D807C3F3800214D46FF0D3
:1070F000120600233B6025E00CF0A8FCD5F8983080
:107100000028F0D1D907C3F3C002F0D552B15B0714
:1071100008D46FF00F06ECE7002AFAD1C3F3C003DE
:10712000002BF6D100232360D5F8843063B9C5E97C
:10713000204428460CF0D8FBE36843F00403E360E6
:107140003B68A3603046F8BD1C60C5F88440F0E79A
:107150006FF01506CDE700BFC46F0020F0B589B011
:1071600004460020C4E920000E9D04F18800C4E913
:10717000220004F19000C4E924004DB328790028CE
:1071800040F2011008BF0120C4F8980000204FF021
:10719000FF364FF0FF37CDE90330CDE90100CDE9EF
:1071A00006670C4B0094204600F0C6F855B12968DC
:1071B00011B120460CF050FC6B791BB1237B43F0DE
:1071C00001032373204609B0BDE8F0400CF049BC30
:1071D0000120D9E7656F020037B501900846EFF34B
:1071E0001184402181F31288BFF36F8FC16811F0C1
:1071F0001E0F16D153EA020508D101A9FFF754FF6B
:1072000084F31188BFF36F8F03B030BD41F00801E4
:10721000C160019981621030034900F0A3FC012094
:10722000EEE70020ECE700BF5D39030001460148AE
:10723000FFF7D2BFE8340020F7B50C4601901646A0
:107240001D46EFF31187402383F31288BFF36F8F3E
:1072500008460CF03AFB55EA060309D101A920467D
:10726000FFF722FF87F31188BFF36F8F03B0F0BDE4
:10727000E368074943F00803E360019BA36204F15C
:10728000100032462B4600F06DFC0120EAE700BFFB
:107290005D39030001460148FFF7CEBFE834002006
:1072A0002DE9F043D51D85B025F007050E461F4694
:1072B0001099017300F158037F35C0E91633044675
:1072C000002325F03F050421836041733F2D0F9873
:1072D000A073C4E90633E37306F14009A5F1400841
:1072E00005D883F31188BFF36F8F084602DF42464B
:1072F000AA2148460DF016F8C4E91A980E9B4FF0E3
:107300000008C4F8708002930D9B019335440C9BD8
:1073100000932A463B4631462046F1F77DFE054B59
:10732000C4F854809B6803B15B6F6367284605B05F
:10733000BDE8F083C46F0020F0B587B00025059547
:10734000109D04950F9D03950E9D0295DDE9127623
:107350000D9D01950C9D00950446FFF7A1FFB6F128
:10736000FF3F08BFB7F1FF3F05D056EA070305D13D
:10737000204600F0CDF9204607B0F0BD03493A465B
:10738000334604F1180000F0EDFBF4E7913B0300F5
:1073900038B5234DEB692C6905F11C02934202D1EB
:1073A0004CBBEC6803E02CBB002BFAD01C46AB684E
:1073B00058B95A7BD20608D1A26932B9DA897F2A34
:1073C00003D994F90E200F3212DA9C4202D02046E3
:1073D00000F010FB94F90E300F331CDAAB6893F910
:1073E0000E200F3203DBDA897F2A00D92B61234676
:1073F000AB6138BD2BB9637BDB06D8D000232B6192
:10740000CFE793F90E200F32D0DB627BD106CED0CE
:1074100000222A61CAE7034B9C42E8D00023E5E73B
:10742000C46F0020E833002008B590F90D20437B9D
:10743000002A014604DA03F07F0343730CF013FBC8
:10744000044B9868431A58425841BDE80840FFF77A
:107450009FBF00BFC46F002070B490F90D30427B15
:10746000002B29DBD30627D183692BBB134962F09C
:107470007F0242730A4652F81C4F944218BF2346BB
:107480000C6A23B9C0E90024206008620CE090F97E
:107490000E5093F90E60B5420AD0AE4208DD5A682C
:1074A000C0E900321060586070BC0020FFF770BF68
:1074B0009C42E7D01B68E4E770BC7047C46F0020B3
:1074C0002DE9F041002A427B0E460CBF1021082115
:1074D000114204460FD141EA0203D20918D1437385
:1074E00008291BD00120FFF753FFBFF35F8F637B99
:1074F00023F060036373264B9B68A34241D1EFF3F3
:107500000583002B3DD13046BDE8F041F1F7BCBC0E
:1075100003F07F0343730CF0A6FAE1E7A36813B10D
:1075200020460CF0A8FA04F118000CF0D1FB04F18D
:1075300058074FF00008A56DBD4200D0A5B9144D05
:10754000AB689C42CED1EFF30583002BCAD001205B
:10755000FFF71EFF0F4BAB6040F201129A81002231
:10756000C3E91A225A67C0E728460CF084FA05F1ED
:1075700018000CF0ADFBC5F87C802846FFF76CFFC7
:10758000D9E786F31188BFF36F8FBDE8F08100BFA4
:10759000C46F00208835002070B590F90D20437B22
:1075A000002A014604DA03F07F0343730CF05BFA10
:1075B0004B7B154A63F07F0310464B7350F81C3F1A
:1075C000146A834208BF002323B9C1E90004216083
:1075D00011620CE091F90E5093F90E60B5420ED095
:1075E000AE420CDD5868C1E9003001605960906816
:1075F000431A5842BDE870405841FFF7C9BE9C424B
:10760000E3D01B68E0E700BFC46F0020F8B5124B61
:107610000C461146114A98681060DDE90676EFF3D2
:107620001182402282F31288BFF36F8F9D68284633
:107630000CF02BFAB6F1FF3F08BFB7F1FF3F06D0C1
:1076400007493A46334605F1180000F08BFA204608
:10765000BDE8F840F1F718BCC46F0020F06F0020BF
:10766000913B0300F8B50446EFF31186402383F302
:107670001288BFF36F8F437BDA0649B219D185694F
:10768000BDB903F07F0343730CF0EDF9437B164A59
:10769000817363F07F034373134653F81C0F9842C2
:1076A00018BF0546106A5DB9C4E900300460146271
:1076B00011E0A173002086F31188BFF36F8FF8BD2E
:1076C00095F90E70B9420BD08F4209DD6B68C4E9A1
:1076D00000531C606C600120FFF75AFE0120EAE7AE
:1076E000A842E1D02D68DEE7C46F002049B9EFF36E
:1076F000058030B9054B9A699B689A4201D0F1F731
:10770000C3BB81F31188BFF36F8F7047C46F002034
:1077100010B5EFF31184402282F31288BFF36F8F0C
:10772000427B510704D484F31188BFF36F8F10BDDF
:1077300022F004024273FFF78FFE21460248BDE8A3
:107740001040FFF7D3BF00BFB38A0020034648B9FB
:10775000EFF3058232B9064A91699268914201D0ED
:10776000F1F792BB83F31188BFF36F8F704700BFAF
:10777000C46F0020EFF31181402383F31288BFF31D
:107780006F8F054B9A68D37B013BD37381F31188CC
:10779000BFF36F8F704700BFC46F002038B5EFF3A1
:1077A0001185402484F31288BFF36F8F0A4B9A68C7
:1077B000D37B0133D3730020FFF7EAFD85F31188F3
:1077C000BFF36F8FEFF3118084F31288BFF36F8FD5
:1077D000BDE83840FFF7BABFC46F0020024B03F189
:1077E0001C02C3E907227047C46F0020F8B5EFF30D
:1077F0001185402383F31288BFF36F8F194988687E
:10780000437B03F07F0343730CF02DF98B685A7BA5
:10781000084662F07F025A7350F81C2F0C6A8242AD
:1078200008BF002222B9C3E9000423600B620CE008
:1078300093F90E6092F90E70BE420ED0B7420CDD85
:107840005168C3E900210B6053600120FFF7A0FDE0
:107850002846BDE8F840F1F717BBA242E3D0126812
:10786000E0E700BFC46F002050EA01032DE9F041BA
:1078700005460E4603D1FFF7B9FF00202BE0831C1D
:1078800071F1FF3329DB0CF038FA2C18EFF3118873
:10789000402383F31288BFF36F8F124F124BB868E7
:1078A0001860FFF7C1FDB86810492A463346183002
:1078B00000F058F9BA68537B43F010035373404605
:1078C000F1F7E2FA0CF019FA201A63EB030301282E
:1078D00073F10003D1DBBDE8F0816FF00104241ADD
:1078E000D4E700BFC46F0020F06F0020913B03007D
:1078F000B1F1FF3F08BFB0F1FF3F08B506D10A4B19
:1079000098680CF0F9F84FF0FF3008BDFFF7ACFFB6
:107910004FF47A7147F6FF730022C0FB0132D80B97
:1079200040EA4240F1E700BFC46F00200C490D4A15
:1079300038B500244FF400458C462146C0FB05C1F4
:1079400000236046E8F77CFDC117FFF78DFF054A6D
:1079500047F6FF73C0FB0234DB0B43EA444038BDFB
:107960003F420F0040420F00014B9868704700BF34
:10797000C46F0020D3B5DDE90667089CCDE9006738
:10798000FFF744FE1CB1034B9B685B69236002B0A8
:10799000D0BD00BFC46F0020044BC01A044BC01000
:1079A0005843044B01221A54704700BF0836002088
:1079B000ABAAAAAAB48A0020C3897F2B12D80A4B8B
:1079C0001B6863B1094B90F90E201B689A4209DBD2
:1079D000437BDB0606D1064BC31A18BF012303F015
:1079E000010070470023FAE7F86F0020F46F0020D1
:1079F000E833002070B50E4B0E4C1E7D06EB46039F
:107A000004EBC304054620460CF062F90A4B002241
:107A100028469A55FFF7D0FF48B1084B08491A6825
:107A2000013A2046D317BDE8704000F09BB870BD06
:107A3000C46F002008360020B48A0020F86F0020B0
:107A40009979020038B5EFF31185402383F312884A
:107A5000BFF36F8F104B114A9C681068A04206D18B
:107A6000FFF7C8FF85F31188BFF36F8F38BD002182
:107A70001B7D11600A4AD35C002BF3D02046FFF730
:107A80009BFF0028EED0637BDB0602D12046FFF788
:107A900083FD2046E4E700BFC46F0020F06F0020A4
:107AA000B48A002008B50648064A0749121A0BF0A6
:107AB00092FDBDE80840054A054906480BF08BBD1C
:107AC00000000020C4090020E8A40300000000001A
:107AD000E8A4030000000020034B1B680BB9F6F775
:107AE00067BE0020704700BFFC6F002030B570B14A
:107AF0000B4B5B6898420AD0036843B1D3E9042179
:107B0000D0E90445121941EB0501C3E90421D0E98C
:107B1000003213605A600023C0E9003330BD00BF5B
:107B20000C03002010B50E4B1C689C4204D1FFF7DB
:107B3000D3FF6FF0004010BDFFF7CEFF002CF8D050
:107B4000D4E904321B1A62EBE072B3F1004F72F118
:107B50000001EEDA002AACBF18460020EBE700BFB8
:107B60000C030020B3F1FF3F08BFB2F1FF3FF8B5AF
:107B700004461D4616465ED08160EFF31187402310
:107B800083F31288BFF36F8F013275F1FF3324DA6C
:107B90002E49D1E900206FF001039B1A4FF0FF320C
:107BA00062EB00009E1B60EB0500012E70F10003EC
:107BB00001DA01260020C4E90460254ED6F800C091
:107BC0007568B44508BF4FF0000CBCF1000F0DD133
:107BD000C4E900652C6074601CE0FFF77DFF01368E
:107BE00045F10005361845EBE070E4E7DCE90420D8
:107BF000D4E90431934271EB000E1DDAD21ADCF89D
:107C0000043060EB0100CCE90420C4E900C31C602F
:107C1000CCF804403368B34209D09C4207D10D4BE5
:107C20001C6824B9FFF77EFF2146F6F793FD87F322
:107C30001188BFF36F8FF8BD9B1A61EB0001AC4553
:107C4000C4E90431C4D0DCF800C0BEE7203600200F
:107C50000C030020FC6F00202DE9F84FEFF3118C8E
:107C6000402383F31288BFF36F8FDFF8B0A0DFF8F3
:107C7000B0902C4FC9F80000DAF8000000245045FD
:107C800008BF00200025D7E90021D9F80030E046E0
:107C900078B3D0E9046C4FEAE37EB3427EEB0C0B81
:107CA00005DAF61A6CEB0E04C0E9046421E0B218A0
:107CB00041EBE671C0E90445C7E90021FFF716FF73
:107CC00088F31188BFF36F8F83689847EFF31188AB
:107CD000402383F31288BFF36F8FD9F80030DAF8AE
:107CE00000009B1B5045C446C9F80030CBD1D7E9F2
:107CF00000219A1841EBE3730024C7E90023C9F877
:107D00000040FFF70FFF2146F6F724FD88F31188A6
:107D1000BFF36F8FBDE8F84FFFF794BE0C03002050
:107D2000FC6F00202036002010B5EFF311844023B3
:107D300083F31288BFF36F8FFFF7CEFE054A034629
:107D4000D2E90001181841EBE37184F31188BFF305
:107D50006F8F10BD20360020F8B50446EFF3118771
:107D6000402383F31288BFF36F8F026822B187F339
:107D70001188BFF36F8FF8BDD0E90A36581C46F161
:107D80000001022871F1000127D3012B76F10001D7
:107D9000BCBF012316465D1E46F1FF360BF0B1FF56
:107DA000013041F10001401946EB0101012871F158
:107DB000000139DB0BF0A5FF013041F100016FF04C
:107DC0000102401946EB0103121A4FF0FF3161EB3B
:107DD000030318492046FFF7C5FE236B01332363D5
:107DE000236A6BB187F31188BFF36F8F236A204634
:107DF0009847EFF31187402383F31288BFF36F8F07
:107E000054F8185FA542B2D0002DB0D028460BF030
:107E10008DFE0023EB6787F31188BFF36F8F284631
:107E2000BDE8F8400BF059BE6FF001024FF0FF3390
:107E3000CFE700BF597D02002DE9F04105461C4601
:107E400090461F46EFF31186402383F31288BFF359
:107E50006F8FB4F1FF3F08BFB2F1FF3F05D186F34A
:107E60001188BFF36F8FBDE8F081531C74F1FF33AD
:107E700009DB012A74F10003BCBF0122002412F1C6
:107E8000FF3844F1FF3728460BF022FFDDE90601F9
:107E90000023C5E90A012B63034942463B462846B5
:107EA000FFF760FEDBE700BF597D020038B50346EF
:107EB000EFF31185402282F31288BFF36F8FC16008
:107EC000012181600068834206D185F31188BFF3E8
:107ED0006F8F0024204638BDD0E9003213605A600D
:107EE0000023C0E900330BF07BFF2946044602481B
:107EF000FFF7FCFBEEE700BFB58A002073B506462E
:107F00000D460BF0A3FD78B90B4B9B685C6F7CB101
:107F10002A1D09D200200021CDE9000146F004010C
:107F200020460BF062FB08B9002401E00460041D48
:107F3000204602B070BD00BFC46F0020036803F08C
:107F40001F025B09026004D0012B034818BF002008
:107F500070474FF0A04070470003005010B4094C28
:107F6000236833B10B6000232360007810BC0BF052
:107F7000A8BF0B68C3F30F22D2019B1A22600B60CB
:107F800010BC70470070002042684378D2F810158A
:107F90001B01CB40D2F8001241F00101C2F80012DF
:107FA000C2F84035C3789B0003F1804303F5C0431A
:107FB000D3F8101541F00301C3F810158178044877
:107FC000012303FA01F1C0F80415D3601360704770
:107FD00000F00140D0F8003223F00103C0F8003275
:107FE0004FF48033C0F8083301230361024B93F947
:107FF00000000AF0D4BA00BFB68A00204368D3F864
:108000001015D3F8002242F0010210B5C3F8002287
:10801000F022CA40C3F840254FF48032C3F804234D
:10802000054B044693F900000AF0B7FA6368012291
:10803000DA601A6010BD00BFB68A0020436873B5CD
:10804000D3F8002222F00102C3F8002201254FF4E8
:108050008032C3F808231D61067804460BF064FFE4
:108060000196D8B901A8FFF769FF019B05FA03F350
:10807000C0F80C35E3789B0003F1804303F5C0435F
:10808000D3F8102522F00302C3F81025A2780123AB
:108090009340064AC2F8083502B070BD01A8FFF748
:1080A0004DFF019B9D40C0F80855E3E700F00140FB
:1080B00010B500F0F1F850B1054C2378012B06D132
:1080C000044B00221A70FFF75FFF0223237010BDDC
:1080D000B88A0020B78A002010B500F0DDF830B172
:1080E0000C4C2378022B0FD002D8012B08D010BDE6
:1080F000033B012BFBD84068FFF76CFF0123237083
:10810000054B00221A70F2E7FFF798FF0123237056
:10811000EDE700BFB88A0020B78A002038B500F02C
:10812000BBF8044650B1064D2B78022B06D1FFF761
:1081300085FF2046FFF762FF03232B7038BD00BF89
:10814000B88A002010B500F0A7F830B10B4C2378A6
:10815000022B0ED003D8012B08D0002010BD033B0A
:10816000012BFAD84068FFF735FF04E0044B18787C
:10817000F4E7FFF763FF01232370EEE7B88A0020DE
:10818000B78A002010B50A4B1B7813B1012B04D01D
:1081900010BD084B02221A70FAE7074B054C1B78FA
:1081A0001BB10BF0C1FE2070F2E702232370EFE752
:1081B000B88A0020E9030020B78A002038B500F013
:1081C0006BF8044688B10D4D2B78012B0ED0033B84
:1081D000012B0AD84068FFF7FDFE094B00221A70F8
:1081E0002046FFF7D1FE02232B7038BD044B1A78CE
:1081F000002AFAD000221A70F3E700BFB88A0020E4
:10820000B78A002070B5054600F046F8044630B144
:10821000104E3378022B19D002D8012B0ED070BD2E
:10822000033B012BFBD84068FFF7D4FE0A4B00222A
:108230001A70012333702946204603E0064B0022C2
:108240001A702946BDE87040FFF788BEFFF7F6FEBA
:10825000EFE700BFB88A0020B78A0020024B1868F9
:10826000003818BF0120704700700020014B002229
:108270001A60704700700020054B1B78012B05D158
:10828000044B1878022801D00BF02FBE704700BFB6
:10829000B88A0020E9030020034B04481B78002B18
:1082A00008BF0020704700BFB98A0020047000207A
:1082B00018B1012804D000207047024B187870478D
:1082C000014BFBE7BD8A0020BC8A002018B10128C1
:1082D00004D002207047024B18787047014BFBE72F
:1082E000BB8A0020BA8A0020014B1860704700BF8B
:1082F0000C70002010B506490246002351F8040B0B
:10830000046C944203D00133042BF7D1002010BD3C
:1083100010700020EFF3108272B6054B996981420C
:1083200000D008B90021996182F31088704700BF1E
:108330002836002010B50346EFF3108272B61048BD
:1083400084691CB182F31088002010BD836182F320
:108350001088022202774FF0FF32596B4262D3E954
:108360000A23521843F10003C0E9042300F0B6FACF
:1083700018B12046FFF7CEFFE6E70120E5E700BF92
:10838000283600202DE9F8432A4D2B4E28460BF0C5
:1083900069FF002845D03778DFF8A0800BF0BEFEDB
:1083A0000022944658F8049BD9E90A3499F838E039
:1083B00099F83A90B9F1010F09D1B3F5F07344F18E
:1083C000FF34984271EB040438BF4FF0000E724541
:1083D0000CF1010C38BF7246BCF1040FE2D1184B0E
:1083E000DFF860801C78944238BF1446E4B2A7429C
:1083F0000CD03470BCB9F7F7EFFB204688F800408A
:1084000000F0AEFCEBF796FF88F8014098F80130D9
:1084100013B1204600F0A4FC28460BF032FF0028E0
:10842000B4D1BDE8F883002FF0D1F7F7C1FBEBF72B
:10843000F5FFEBE720700020C18A002010700020BB
:10844000C08A0020C28A002010B58469FFF79AFF15
:10845000D4E90A23C4E904230A4A226294F83020AA
:10846000A4610123237742B184F849302046FFF705
:1084700061FF10B9042384F849302046BDE810405C
:1084800000F02CBAFF3F0300F8B5EBF71DFF2348BF
:10849000234D244E0BF0E3FE23480BF0E0FE234B6C
:1084A0002348306000241C70224B80F838401C7038
:1084B000214B80F848401C70204B02224FF0FF37C0
:1084C0001C7007645C709A700BF02FFE284685F8CC
:1084D00038402F6485F8484075600BF026FE05F1A2
:1084E0005000B06085F88840C5F8907085F89840D5
:1084F0000BF01BFE1248F06080F83840076480F8EB
:1085000048400BF012FE0F480BF00FFE2046FFF71D
:1085100001FFBDE8F84000F017BC00BF2470002048
:10852000A03600201070002020700020C58A002096
:1085300040370020C08A0020C18A0020C28A002063
:108540005036002028360020074B10B500241C7040
:108550000BF00CFE054B1A7822B11C70BDE81040E0
:10856000EBF70CBF10BD00BFBE8A0020BF8A002001
:1085700038B51C4D1C4C28460BF074FE18B32378FC
:10858000032B98BF207863788CBF0420C0B2984238
:1085900088BF6078A37888BFC0B28342134B38BFCE
:1085A000A0781A7838BFC0B282420DD01870104A35
:1085B000B0FA80F35B09137000F024F928460BF041
:1085C00060FE0028D7D138BD1B78002BF6D1084BB0
:1085D0001B78002BF2D1074B1B78002BEED0FFF756
:1085E000B3FFEBE724700020C28A0020C58A002078
:1085F000BE8A0020BF8A002008B5054B1870BFF363
:108600005F8FFFF7BFFEBDE80840FFF7B1BF00BFB7
:10861000C08A00202DE9F041437C012B074638D069
:10862000022B39D0002B63D13D4801210BF0A9FC6E
:10863000044600285CD0002380F8493097F8128067
:10864000B8F1000F56D0B8F1010F4DD10BF066FD17
:10865000D7E90032B3F5F07E42F1FF3C704571EB93
:108660000C051CD23E460FCE04F128050FC596E836
:108670000F0085E80F00C4E904EC2A4BA46184F8DC
:108680001C802362204600F029F968BB0120BDE868
:10869000F08125480221C9E724480121C6E7244D7D
:1086A0002D780DB3984291411ED23E460FCE04F173
:1086B00028050FC596E80F0085E80F00D7E90023CD
:1086C000C4E904231B4B2362A46184F81C80FFF7D8
:1086D00059FE94F83030002BD4D084F849802046DD
:1086E000FFF728FE0028CDD1012120460BF064FCC5
:1086F0000020CCE73E4600F128050FCE0FC596E8D6
:108700000F0085E80F00D7E90023C4E90423012303
:108710002377084BA4612362FFF734FEB2E700BF62
:108720004037002049840200A03600205036002047
:10873000C18A0020FF3F03000146094810B5846943
:108740004CB194F84930022B05D10BF0F5FC20B167
:10875000052384F84930002010BD0120FCE700BF4C
:1087600028360020034B185C884234BF00200120CB
:10877000704700BFC28A002008B500F019FB054B06
:1087800004225A70FFF7FEFDFFF7F2FEBDE8084035
:10879000FFF7F8BDC28A0020034B01221A70034B79
:1087A00000225A70FFF7E4BEBF8A0020C28A002070
:1087B00008B5044B04221A70FFF7E4FDBDE8084039
:1087C000FFF7D6BEC28A002008B5044B04229A7077
:1087D000FFF7D8FDBDE80840FFF7CABEC28A0020F7
:1087E00008B5044B02229A70FFF7CCFDBDE80840A3
:1087F000FFF7BEBEC28A0020014BFF221A707047ED
:10880000C68A002037B5114D2B681B68044698476F
:108810000F4B58B11A78FF2A08D12046F8F75AFAB8
:108820002B685B6803B0BDE830401847D3E84F2F92
:10883000D2B28DF807209DF80720C3E8424F002AE6
:10884000F4D10028ECD103B030BD00BF0C70002083
:10885000C68A0020064AFF23D2E84F0FC2E8413FF4
:108860000029F9D1C0B2FF2801D0F8F733BA704718
:10887000C68A0020024B1878FF3818BF01207047C5
:10888000C68A002038B50C4CA4F1080520460BF030
:10889000E9FC60B128460BF0E0FC48B1D0E90001EA
:1088A000F7F7F2FA20460BF0ECFC0028EED138BDC9
:1088B000F7F7F2FAF6E700BF3070002010B5064C6B
:1088C00020460BF05BFC04F108000BF0C8FCBDE88F
:1088D0001040F7F797BA00BF2870002010B5044683
:1088E00040B3037FDA0701D5036A1BB3BFF35F8F81
:1088F00000232372BFF35F8F0122D4E9040109F042
:1089000077FE0B460246C4E90023237F9B0707D569
:10891000626AF7F72BFB01280ED002280ED078B937
:108920000848094B0C2221460BF02CFCFFF7AAFF4C
:10893000002010BD0120FCE70220FAE70320F8E741
:108940000420F6E728700020E340030010B5044639
:1089500070B101460C2208480BF03CFC50B1237F5B
:108960009B0701D5F7F796FBFFF78CFF002010BDA2
:108970000120FCE70520FAE72870002037B50F4AF0
:10898000CDE900016B460E480C210BF043FC044678
:10899000FFF778FF7CB1257FAA0707D5BFF35F8F6C
:1089A00001232372BFF35F8FF7F774FBEB0702D548
:1089B000236A2046984703B030BD00BF074103003B
:1089C00028700020F0B5430B164D43EAC1434E0B0F
:1089D000A3FB053405FB06441B0F43EA0413240FD5
:1089E000650243F6095C45EAD3555E02A3FB0C37EA
:1089F000C01A0CFB04740C4B61EB040440F23141CF
:108A0000414303FB0411A0FB03030B4422B10138D3
:108A100047F6FF7243EB0203DB0B981945F10001A7
:108A2000F0BD00BFD07B63087B2DE8BD084A08B5C8
:108A300000231370074A1360074A1370F7F752F9BF
:108A4000064AD2F8083843F48043C2F8083808BD13
:108A5000C98A002034700020C78A002000F001403D
:108A600010B5F7F777FA0446F7F75CF90A4B4FF4BD
:108A70000052C3F87845C3F87C05C3F80425074BBA
:108A800000221A70F7F742F9F7F750F9F7F746FAAC
:108A9000034B01221A7010BD00F00140C88A00206B
:108AA000C98A002010B50B4B00241C70F7F734F96D
:108AB000F7F74AFA084B4FF40052C3F88045C3F861
:108AC0008445C3F84849C3F80825C3F87845C3F876
:108AD0007C4510BDC98A002000F0014038B50A4C21
:108AE0000023C4F88035C4F88435C4F848390568D3
:108AF000F7F74AF9054BC4F88055C4F88405C4F863
:108B000048390123236138BD00F0014014F00140D1
:108B1000274B1B782DE9F041064603F0FF08002B98
:108B200037D0244FF7F734F9BB68C51A224B1878B1
:108B300028B3224B1968CB1711F58002A5FB01EC75
:108B400005FB03CC43F1000311F5800FACBF0021FE
:108B50000121B1EBDC7F4FEAD3741DD0A41843F19F
:108B60000001640844EAC17464424FEA610161EBA8
:108B7000410114EB0E004CEB0101E7F711FCD7E9C2
:108B80000023AD1843F100032D1A63EBE073C6E92F
:108B900000534046BDE8F081A41843F10001640889
:108BA00044EAC17414EB0E004CEB6101E5E700BF31
:108BB000C88A002090370020C78A00203470002027
:108BC0002DE9FF476D461022002128460BF0AAFB35
:108BD000404B1B78002B77D002A8F7F7B7F8002896
:108BE00075D03D4E3D4C3378002B0CBF4FF48007C1
:108BF0004FF08077F7F7B4F909F0FCFCDFF8E0C03C
:108C00009CF80030CDE900012BB32268A168C2F5C1
:108C1000001E521A02990A448644101A90EA9E5283
:108C20004FEA9E534FEADE5E4BBFA0EB0E00864438
:108C300090FBF3F09EFBF3F033782A4A43B11368BC
:108C4000C3EBC30318182BD5031F48BFC31CD81090
:108C50000123106033704FF000088CF80080BFF3E0
:108C60005F8F95E80F0084E80F00BFF35F8F4FF030
:108C700001098CF80090F7F759F80BF04FFAD4E996
:108C80000032B0EB030A61EB020509F0C3FCA7EB6D
:108C90004007574578EB050505D2F7F73FF913E094
:108CA0000430C010D4E73378D4E90001002B0CBFA6
:108CB0004FF480034FF08073C0184A4641F1000121
:108CC00009F096FCF7F738F904B0BDE8F087F7F73C
:108CD0002DF8E2E7C98A0020C78A002090370020DB
:108CE000C88A00203470002073B50023134D144C43
:108CF000144E8DF8073028460BF0B4FAA0B10DF1F0
:108D00000700EBF7FFF99DF8073013F004030DD0CF
:108D1000237823B9012330782370FFF755FD2846C7
:108D20000BF0AFFA0028E6D102B070BD2278002A1D
:108D3000F5D030782370FFF753FDF0E7387000204E
:108D4000CA8A0020CB8A002008B503480BF087FAB6
:108D5000024B00221A7008BD38700020CA8A002019
:108D6000032807B5114A09D801280BD81BD00023C6
:108D7000137003B05DF804EBEBF7BEB90428F6D12D
:108D8000022301E001230220137001238DF8040067
:108D90008DF8053001A800238DF80630EBF7A6F911
:108DA00003B05DF804FB0346EEE700BFCB8A00206A
:108DB00008B50448EBF7ACF9BDE808400020FFF720
:108DC00093BF00BFE98C02001FB514461A46094B39
:108DD0001B680546D86854B9074B1C46CDE90134D9
:108DE00000912B46054900F00DF8F0F743FB044BCA
:108DF000F4E700BF1403002042A20300339F0300E6
:108E0000269F03000EB403B5014603AB054853F893
:108E1000042B0068019300F0B3F802B05DF804EB96
:108E200003B0704714030020024B0146186800F09D
:108E30004DB800BF1403002038B50546002941D0C5
:108E400051F8043C0C1F002BB8BFE41800F084FD5F
:108E50001D4A136833B9636014602846BDE8384082
:108E600000F080BDA34208D9206821188B4201BFC1
:108E700019685B6809182160EDE71A465B680BB159
:108E8000A342FAD911685018A0420BD120680144BE
:108E9000501883421160E0D118685B685360084441
:108EA0001060DAE702D90C232B60D6E7206821187E
:108EB0008B4204BF19685B68636004BF09182160B6
:108EC0005460CAE738BD00BF40700020F8B5CD1C23
:108ED00025F0030508350C2D38BF0C25002D06465E
:108EE00001DBA94203D90C2333600020F8BD00F058
:108EF00033FD21490A6814469CB9204F3B6823B9C9
:108F00002146304600F096FA38602946304600F097
:108F100091FA431C23D10C233360304600F022FD2C
:108F2000E3E723685B1B17D40B2B03D923601C4496
:108F3000256004E06368A2420CBF0B6053603046BA
:108F400000F010FD04F10B00231D20F00700C21AF1
:108F50001CBF1B1AA350C9E722466468CCE7C41C97
:108F600024F00304A042E3D0211A304600F062FA54
:108F70000130DDD1CFE700BF407000203C70002001
:108F80002DE9F04F0D469DB014469846064618B19F
:108F900083690BB900F022FC874B9D421BD1756899
:108FA0006B6ED90705D4AB899A0502D4A86D06F07B
:108FB0004EFFAB891B0701D52B69EBB9294630461B
:108FC00000F022FBC0B16B6EDC070ED54FF0FF3016
:108FD0001DB0BDE8F08F794B9D4201D1B568DFE748
:108FE000774B9D4208BFF568DAE7AB899805EDD469
:108FF000A86D06F032FFE9E70023099320238DF8DE
:109000002930CDF80C803023DFF8B8818DF82A3074
:109010004FF0010923469A4613F8012B0AB1252A7D
:10902000F9D1BAEB040B0BD05B46224629463046F9
:109030000BF095F9013000F0A680099A5A44099284
:109040009AF80030002B00F09E8000234FF0FF3292
:10905000CDE905230AF1010A049307938DF85330F3
:109060001A935446574814F8011B0522E7F748F9AC
:10907000049BD0B9D90644BF20228DF853201A078B
:1090800044BF2B228DF853209AF800202A2A14D0AE
:10909000079A544600204FF00A0C214611F8013B74
:1090A000303B092B4AD970B914E0A0EB080009FA4B
:1090B00000F018430490A246D3E7039A111D1268EA
:1090C0000391002A01DB079204E0524243F00203BD
:1090D0000792049323782E2B0AD163782A2B32D15E
:1090E000039B1A1D1B68039243EAE3730234059342
:1090F000DFF8D4A0217803225046E7F701F938B110
:10910000049BA0EB0A0040228240134301340493E5
:1091100014F8011B2D488DF828100622E7F7F0F807
:1091200000283FD02A4B1BBB039B073323F00703C8
:1091300008330393099B3B4409936BE70CFB023212
:109140000C460120A9E700230134059319464FF08E
:109150000A0C204610F8012B303A092A03D9002BBB
:10916000C6D00591C4E70CFB012104460123F0E7BA
:1091700003AB00932A46174B04A93046AFF3008097
:109180000746781CD6D16B6ED90705D4AB899A05F2
:1091900002D4A86D06F061FEAB895B063FF516AF01
:1091A000099815E703AB00932A460A4B04A93046F9
:1091B00000F012F8E4E700BFDC820300BC82030089
:1091C0009C82030063A0030069A003006DA003005C
:1091D000000000005F4303002DE9FF470F7E0C9D58
:1091E000782F914680460C469A4601F1430207D8F3
:1091F000622F0AD8002F00F0E080582F00F0BB80CB
:1092000004F1420684F842703AE0A7F16303152B9B
:10921000F6D801A151F823F0719202008592020064
:1092200001920200019202000192020001920200EA
:109230008592020001920200019202000192020056
:1092400001920200A19302001593020057930200BD
:109250000192020001920200C393020001920200F7
:109260001593020001920200019202005F93020036
:109270002B681A1D1B682A6004F1420684F84230EC
:109280000123ABE0236829681F0601F10400286070
:1092900001D50D6803E05E06FBD5B1F900506168A9
:1092A000002D7ADA2D20002984F84300A1602DDA00
:1092B0005E486D420A231646B5FBF3F103FB1157D6
:1092C000C75D06F8017D2F46BB420D46F4D9082B39
:1092D0000BD12368DF0708D5236961689942DEBF97
:1092E000302306F8013C06F1FF36921B2261CDF8CF
:1092F00000A04B4603AA214640460BF042F801303D
:1093000071D14FF0FF3004B0BDE8F08723F00403C3
:109310002360CDE72B682068191D2960050601D55B
:109320001D6802E04106FBD51D8840486F2F14BF21
:109330000A230823002184F843106668A660002EE3
:10934000B9DB216821F004012160002DB3D1002E8A
:10935000B1D11646BBE7236843F0200323603448AD
:10936000782784F84570296823680E1D2E601E0634
:1093700003D50D6804E02D48F3E75D06F9D50D88A7
:10938000D90744BF43F0200323600DB11023D1E778
:10939000236823F020032360F8E724480A23CCE75E
:1093A0002B6826686169181D286035061B6801D581
:1093B000196002E07006FBD5198000232361164670
:1093C00095E72B681A1D2A601E68626800213046E6
:1093D000E6F796FF08B1801B606063682361002395
:1093E00084F8433083E72369324649464046D047F4
:1093F000013086D023689B0714D4E068039B984211
:10940000B8BF18467FE70123324649464046D04759
:1094100001303FF476AF0135E36803995B1AAB4244
:10942000F1DCEAE7002504F11906F5E7D08D030029
:1094300074A0030038B5064D0023044608462B608F
:10944000F0F704F8431C02D12B6803B1236038BD48
:1094500044700020242B2DE9F0478646904601D821
:10946000012B06D106F0FBFC162303600020BDE8AB
:10947000F08736480D462A4615F8014B065D16F072
:109480000806F8D12D2C24D12C780126951C2BBB55
:10949000302C30D00A2306F1004C0CF1FF3C0022A6
:1094A000BCFBF3F9104603FB19CAA4F13007092FDE
:1094B00028D83C46A34234DD571C07D081452DD324
:1094C00001D1A2452ADB00FB0340012215F8014B24
:1094D000EBE72B2C04BF2C78951CD8E7102BDAD1A6
:1094E000302CD8D12A7802F0DF02582AD3D16C78F8
:1094F00010230235CFE72B7803F0DF03582BF6D08B
:109500000823C8E7A4F14107192F01D8373CD1E758
:10951000A4F16107192F04D8573CCBE74FF0FF3275
:10952000D4E7531C08D12223CEF800306046B8F1AE
:10953000000F9CD0691E06E006B14042B8F1000F52
:1095400095D0002AF6D1C8F8001090E7639F030079
:1095500013460A46014602480068FFF77BBF00BF7A
:1095600014030020F8B50E461446054618B1836969
:109570000BB900F033F9214B9C4210D16C68A36900
:10958000A360A3891A0701D5236993B92146284608
:1095900000F03AF868B14FF0FF373846F8BD184B85
:1095A0009C4201D1AC68EAE7164B9C4208BFEC68CC
:1095B000E5E723692068C01A6369F6B2834237463B
:1095C00005DC2146284600F08BF80028E3D1A3688B
:1095D000013BA36023685A1C22601E70636901303E
:1095E000834204D0A389DB07D7D50A2ED5D12146E3
:1095F000284600F075F80028CFD0CCE7DC820300C5
:10960000BC8203009C820300314B70B51D68064686
:109610000C4625B1AB6913B9284600F0DFF82D4B95
:109620009C420ED16C68B4F90C301A072CD4DD06BC
:1096300011D40922326043F04003A3814FF0FF3080
:109640003DE0254B9C4201D1AC68ECE7234B9C42AA
:1096500008BFEC68E7E7580712D5616B41B104F128
:109660004403994202D03046FFF7E6FB00236363D0
:10967000A38923F02403A38100236360236923606B
:10968000A38943F00803A38123694BB9A38903F499
:109690002073B3F5007F03D02146304600F01CF95B
:1096A000B4F90C3013F001020AD00022A260626902
:1096B0005242A261226942B913F08000BBD170BD51
:1096C000990758BF6269A260F4E70020F7E700BF7E
:1096D00014030020DC820300BC8203009C82030090
:1096E00038B50B6905460C4613B90025284638BD28
:1096F00018B183690BB900F071F8144B9C421BD16F
:109700006C68B4F90C30002BEFD0626ED00704D433
:10971000990502D4A06D06F09AFB284621460AF06E
:10972000A9FE636EDA070546E0D4A3899B05DDD464
:10973000A06D06F092FBD9E7054B9C4201D1AC68C5
:10974000DFE7044B9C4208BFEC68DAE7DC820300E9
:10975000BC8203009C820300002310B50446C0E9CC
:109760000033C0E90433836081814366C281836131
:10977000194608225C300AF0D5FD054B6362054BA3
:10978000A362054BE362054B2462236310BD00BF57
:109790007546030097460300CF460300F3460300D7
:1097A00001490AF0FDBE00BFE1960200014806F043
:1097B0004EBB00BF7C060020014806F04EBB00BF38
:1097C0007C060020014806F042BB00BF9006002046
:1097D000014806F042BB00BF9006002010B50446C9
:1097E000FFF7F0FFA3691BB1BDE81040FFF7F0BF22
:1097F000C4E912332365134B134A1B68A262A342C8
:1098000004BF0123A361204600F020F860602046D9
:1098100000F01CF8A060204600F018F80022E0607C
:1098200004216068FFF798FFA06801220921FFF773
:1098300093FFE06802221221FFF78EFF0123A3614C
:10984000D2E700BF98820300A1970200F8B507464F
:10985000FFF7ACFF1E4B1E68B36913B93046FFF724
:10986000BDFF4836D6E90134013B03D533680BB35D
:109870003668F7E7B4F90C50D5B9164BE36004F13C
:109880005800656606F0D9FAFFF796FFC4E901555E
:10989000C4E904552560A5610822294604F15C004D
:1098A0000AF040FDC4E90D55C4E912552046F8BD43
:1098B0006834D9E7042138460AF05CFE044630607B
:1098C0000028D5D1FFF778FF0C233B60EEE700BFFF
:1098D000988203000100FFFF8B89F7B59D070646BC
:1098E0000C4607D504F1470323602361012363611C
:1098F00003B0F0BD01AB6A460AF071FE009F054659
:1099000039463046FFF7E2FA48B9B4F90C309A0507
:10991000EED423F0030343F00203A381E2E70D4BEF
:10992000B362A389206043F08003A381019BC4E953
:1099300004075BB1B4F90E10304600F04DF828B1C1
:10994000A38923F0030343F00103A381A3891D43EB
:10995000A581CDE7A1970200014806F078BA00BFC3
:1099600068060020014806F078BA00BF68060020AB
:1099700038B5074D04460846114600222A601A46AB
:1099800006F048FA431C02D12B6803B1236038BDAE
:109990004470002038B5064D0023044608462B606D
:1099A00006F03CFA431C02D12B6803B1236038BD9A
:1099B0004470002038B5074D002304460846114680
:1099C0002B6006F035FA431C02D12B6803B12360EB
:1099D00038BD00BF4470002038B5064D0023044652
:1099E00008462B6006F01FFA431C02D12B6803B116
:1099F000236038BD4470002038B5074D0446084642
:109A0000114600222A601A4606F00BFA431C02D1C6
:109A10002B6803B1236038BD4470002038B5074D72
:109A200004460846114600222A601A4606F0EEF95E
:109A3000431C02D12B6803B1236038BD4470002061
:109A400070B50646044646F8041B4FF4006200F168
:109A5000D10130460DF030FA0025266504F154039B
:109A600004F17402C3E9005508339342FAD1C4E902
:109A70001E55A4F8745004F180000DF022FC374A02
:109A800084F89850C8230421C4E9282384F8C81016
:109A90004FF6FF733249A4F8A830324B0968C4F876
:109AA000CC10C4E92B350022002304F51761C4E96A
:109AB0002E23C4E93023C4F89C50C4F8B45084F871
:109AC000D050A4F8D258A4F84C5984F84F59C4F88F
:109AD0005059C4F85859C4F85C59C4F86059C4F8CE
:109AE000645984F86859C1E900231F4B1F491C6061
:109AF000224630460DF0F0F97822002104F6D40019
:109B00000AF010FC0122002104F654100AF00AFCAD
:109B10000122002104F656100AF004FC01224FF045
:109B2000FF3104F655100AF0FDFB0122002104F676
:109B30004E100AF0F7FB0122002104F6D1000AF0D2
:109B4000F1FB7722002104F1B80000F0EFFA04F1F4
:109B5000AC0000F025FC204670BD00BF00F8FF07F8
:109B6000A0890300559C020048700020574B030059
:109B7000014B1868704700BF487000200138042866
:109B80009ABF024B185C0020704700BF85A00300FD
:109B90002DE9F84FD0E92E321343044604D10123B6
:109BA00084F86839BDE8F88FB8300CF092F8284F87
:109BB000804600254FF00109EBB24345EFD2D4E9CE
:109BC0002E30C5F12001A5F12002EB4000FA01F191
:109BD0000B4320FA02F2134313F0010FC5F1200AE0
:109BE000A5F1200602D10C370135E5E73A682ABB1A
:109BF000D7F804B0BBF1770F06D1206808F058FC05
:109C0000082898BF00F1700B5A46802120460AF0C0
:109C1000D8FE0028C3D1D4E92E3209FA06F629FA73
:109C20000AFA46EA0A0609FA05F123EA010322EADA
:109C30000602C4E92E321343D5D1B0E794F868394F
:109C4000002BE8D00123802120460AF0D4FEE0E773
:109C500050860300014B1868FFF79ABF4870002038
:109C600037B50223B0F888208DF80730B0F8863079
:109C70009A42044624D120680CF036F894F853290F
:109C800022440023FF2182F84E3982F8543982F8A9
:109C9000551982F8563904F15000C4F85839C4F8FF
:109CA0005C39C4F86039C4F864390DF05DFD702288
:109CB000802120460AF085FE0546284603B030BDC7
:109CC0000DF1070180300DF014FB9DF80730022BD9
:109CD0000546D0D020680CF005F8024B00221A602F
:109CE000EBE700BF4870002037B5002305460DF1B3
:109CF000070180308DF807300DF0FBFA044620BBD9
:109D00009DF807300BB3022B22D128680BF0F1FF2E
:109D1000D8B195F85309284490F95539013319D130
:109D2000D5F8A030C3B15A1E1A4015D15B081146B0
:109D300002F10102FAD180F85519084BB5F8A420B8
:109D40002868C9B20BF0E8FF0446204603B030BDD6
:109D50000C24FAE70D24F8E70724F6E7519F0200E8
:109D600073B504460E4680300DF107010DF0C1FABF
:109D7000054690BB9DF80730022B1FD003D9DA1E91
:109D8000012A88BF032384F8C830002384F8D03028
:109D90000C220123314620460AF02DFE94F8C830EB
:109DA000042B17D060B9201D0DF06EF90123C4F803
:109DB000CC0084F89830284602B070BD0123E2E759
:109DC0000A4B1B68C4F8CC30012384F8983084F81F
:109DD000D060F0E70028EED0F9E70AF09CFC3146AD
:109DE000024620460AF0EDFD0546E4E7A08903009F
:109DF00010B5044600680BF09FFFB8B10A280DD8D3
:109E00004FF4FA6303FB00F101F55C2101F53461C5
:109E100004F15000BDE810400DF075BB192807D8BB
:109E2000044941F2883303FB0011F1E70249EFE7EF
:109E30000021EDE7B0DB2300CC3F0D0010B413464A
:109E4000054A0446106820B10A46214610BC0AF0B3
:109E5000B2BC0D2010BC7047487000200CB470B527
:109E6000A8B02CAB0D460C4953F8042B0E68019397
:109E70000446962102A804F049FC002806DD2EB114
:109E800002AB2A46214630460AF0D4FC28B0BDE891
:109E9000704002B0704700BF4870002010B50B46FC
:109EA000044603492A220BF022FB204610BD00BFC6
:109EB0005884030010B50B460446034917220BF0E3
:109EC00016FB204610BD00BF4483030010B50B46AF
:109ED0000446034903220BF00AFB204610BD00BFD5
:109EE0002083030010B50B460446034903220BF000
:109EF000FEFA204610BD00BFFC82030070B5084B7F
:109F00001E680C460146304615460AF000FC2B46FA
:109F1000014622463046BDE870400BF09ABB00BFB8
:109F200048700020F7B51E46084B1F680C460146D6
:109F3000384615460AF0EBFB009601462B462246B2
:109F400038460BF0A3FB03B0F0BD00BF4870002003
:109F500038B5074B1D680C46014628460AF0D7FB6A
:109F6000224601462846BDE838400BF0FDBB00BF45
:109F70004870002013B500230DF10701044680301E
:109F80008DF807300DF0C5F9014630B99DF807305E
:109F900020682BB90BF0AAFE0146084602B010BD9E
:109FA0000049F7E7FD9E020038B5044600680D46FB
:109FB0000BF09FFEB8B120680BF0A6FE0146E8B199
:109FC00020460BF0D4FC034670B90D4920680BF015
:109FD0009DFE034640B9C5F30113234405F00F0568
:109FE00083F8545938BD0D2318460AF094FB2946CE
:109FF00002462046BDE838400AF0E3BC0323F3E7FD
:10A00000259F020038B504461546FFF719FD04F6F2
:10A010008213C4F87859C4F87C3904F58C504FF495
:10A02000006304F58C55A4F8803904F67C110C35D6
:10A0300004300DF0ECFB28460DF01CFC04F58D51AE
:10A0400004F580530431881DC3F8A4014FF4007057
:10A05000A3F8A80109480022C3E9EC02A3F8A02153
:10A0600083F8AC2328462346054A0DF00AFC201D40
:10A07000044922460CF02DFF204638BD415C030008
:10A08000CF5C0300635B030008B50A460146034842
:10A09000FFF7B8FFBDE80840FFF76ABDA037002012
:10A0A0002DE9F0410C46A0B016461F460AF07DFB94
:10A0B00023461B4ADFF86C808021684604F0F2FAE0
:10A0C0006846EAF7C9FB694602460020FFF7B6FE7C
:10A0D0006D460024BC4215D1A4B204EB4404C4F183
:10A0E0008001114A0DEB040004F0DCFA6846EAF73F
:10A0F000B3FB0DF10101421E0020FFF79FFE20B0CF
:10A10000BDE8F081292CE8D0A4EB8401335D28461A
:10A110004246803104F0C6FA01340335DAE700BF65
:10A120008AA003009EA00300A4A0030030B5184C31
:10A13000002325688D4224D16568954221D1D0E95C
:10A140000225C3F1200405FA04F4A3F12001DA404A
:10A15000224325FA01F10A4312F0010FC3F1200452
:10A16000A3F120020CD1012121FA04F401FA02F238
:10A1700022439940D0E900430C431343C0E9004314
:10A1800030BD0133DBB21B2B04F10C04D1D1F7E756
:10A19000508603002DE9F04700241F4D26464FF05E
:10A1A000010C95F808E0BEF1000F22D02B688B421D
:10A1B0001FD1A4F12003C4F120062CFA06F60CFAF4
:10A1C00003F333430CFA04F7D0E902A96FEA070856
:10A1D000DE43BAB14AEA070749EA0303C0E902735A
:10A1E000D0E9007307EA08073340C0E9007331B9CA
:10A1F000764601341B2C05F10C05D2D14EB100205E
:10A20000BDE8F08708EA0A0306EA0906C0E9023653
:10A21000EDE70720F4E700BF5086030030B5104B90
:10A2200000221C7A9CB11C688C4210D1D0E9023506
:10A23000C2F12004A2F1200123FA02F005FA04F48D
:10A24000204325FA01F1084300F0010030BD01323E
:10A25000D2B21B2A03F10C03E3D10020F6E700BFC2
:10A260005086030000487047A7A003000148F5F797
:10A270000BB900BF584B002008B5836A23B10348CF
:10A28000F5F708F9002008BD0D20FCE7584B002029
:10A29000836A13B10248F4F793BE0D20704700BFE4
:10A2A000584B002008B5836A23B10348F5F73CF901
:10A2B000002008BD0D20FCE7584B0020836A13B135
:10A2C0000248F5F749B90D20704700BF584B0020F0
:10A2D00007B5836A53B1684601220CF0E3F90448DC
:10A2E0006946F5F759F903B05DF804FB0D20FAE76C
:10A2F000584B0020836A13B10248F5F76DB90D2061
:10A30000704700BF584B002007B5836A53B16846B9
:10A3100001220CF0C7F904486946F5F77BF903B050
:10A320005DF804FB0D20FAE7584B002008B5836A5E
:10A3300023B10348F5F78CF9002008BD0D20FCE798
:10A34000584B002008B5836A23B10348F5F794F908
:10A35000002008BD0D20FCE7584B0020F8B5074F42
:10A3600005460C468E18B44201D12846F8BD14F8B3
:10A37000012B394628460BF058FDF4E7A995030058
:10A38000036823B901600548496005F0DFBD5B68DB
:10A390004B60036859600160704700BF584B002054
:10A3A0004368014613B90248FFF7EABF704700BF90
:10A3B0005C4B002070B505680C4625B9BDE87040BF
:10A3C0004B68084818478B6898476A68831A002BBF
:10A3D00001462368B8BF121ABDE870400148A8BF03
:10A3E00000221847584B00200146024A02480BF051
:10A3F0004ABD00BF94870300604B00204160024AC1
:10A40000014602480BF065BD94870300604B0020B5
:10A4100010B504460BF064FC30B104F108000349A8
:10A42000BDE810400BF093BD10BD00BF9487030042
:10A4300010B50446F4F7AEFB0023206063600146CC
:10A44000054BA36004F10800206101F18041FFF792
:10A45000D5FF204610BD00BF5DA4020001480BF0EF
:10A4600091BD00BF684B002003460846114613B15A
:10A47000014A04F017B97047D8A0030073B5012949
:10A48000069E14461D4607D113681A4A31462846CF
:10A4900004F008F9002402E0022908D0072420462D
:10A4A00032462946FFF7E0FF204602B070BD124950
:10A4B0001068EAF7C7F90028F0D1606801A90BF02D
:10A4C0007CFD04460028EAD1019BF21E9A4228BF77
:10A4D0001A460A21944205D1084A311B281904F072
:10A4E000E1F8D7E7B4FBF1F301FB134330332B550D
:10A4F0000134EFE7ADA20300EDA0030040A203008A
:10A500002DE9F347DDF82880814615461F460C46A5
:10A5100081B9F5F7A3F92A4A2A4B4146002818BF0A
:10A520001346294A384604F0BDF80026304602B0EA
:10A53000BDE8F08725491068EAF784F928B9013C9D
:10A5400014F0FF0405F10405E3D00023204E3B7016
:10A550004FF00B0ABAF1010A08D1CDF800803B4652
:10A560002A4621461B48F5F765F91AE03168286844
:10A57000EAF768F908BBB36876685A1009EB63001C
:10A58000DB0748BF59F8023004F1FF3148BF9E593C
:10A59000CDF80080012CC9B214BF2A1D00223B4611
:10A5A000B04723280646C1D1012CBFD02B680A4AE8
:10A5B0004146384604F076F8B8E70C36CAE700BFE3
:10A5C000DC960300F0A00300FDA00300F9A0030047
:10A5D000A0870300584B0020529C0300F0B50C46A6
:10A5E000E5B007461E464FF480710023204615460D
:10A5F0008DF80F300BF0CBFBFF281DD8214624A887
:10A600000DF043F904AB0DF10F0224A938460BF00D
:10A6100026FD032804460FD0072814D0C8B9287097
:10A620009DF80F1000962B4604AA3846FFF768FFE6
:10A630000446204665B0F0BD074A3146284604F07E
:10A6400031F80324F5E7054A3146284604F02AF894
:10A65000EFE7034AF8E700BF16A1030038A10300A3
:10A660006DA103002DE9F74302290A9E884617468B
:10A670001D461BD140491068EAF7E4F800283ED196
:10A68000786801A90BF099FC044678BB01980DF19C
:10A6900002010BF0FCFC044640BB9DF80230374A37
:10A6A0003146284603F0FEFF00241FE003291AD19B
:10A6B00033491068EAF7C6F808BB786801A90BF0BF
:10A6C0007CFC044690B9B868DDF804800DF1020105
:10A6D0000BF0B6FC044648B99DF8021040460BF05A
:10A6E000D4FC044602E0012909D80724204632465A
:10A6F0002946FFF7B9FE204603B0BDE8F0832149A3
:10A700003868EAF79FF80028EFD1786801A90BF0C4
:10A7100054FC04460028E9D1B8F1020FDDF804909A
:10A7200014D10DF1030148460BF0B5FC0446002896
:10A73000DCD19DF803302BB9134A3146284603F08B
:10A74000B1FFB1E7012BAFD1104AF6E7B8F1030F23
:10A75000AAD10F49B868EAF775F838B10D49B86859
:10A76000EAF770F800289FD1012100E02146484611
:10A770000BF08FFCB5E700BF8EA1030092A1030090
:10A780003E9803008D97030097A103009CA103004E
:10A79000179F0300129C030008B50A46102322F8F5
:10A7A000103F02480BF07BFC08BD00BF584B002057
:10A7B0002DE9F04190B00746169E884614461D4686
:10A7C000F5F74CF8002847D0B8F1000F1FD16946C3
:10A7D0003846FFF7E1FF044680B9212207A905A802
:10A7E0000BF0FEFABDF81020694605A8FFF7B6FD8C
:10A7F0001A4A07AB3146284603F054FF204632463A
:10A800002946FFF731FE204610B0BDE8F08114491B
:10A810002068EAF717F828B9012112480BF041FC2B
:10A820000446EBE710492068EAF70CF801460028D7
:10A83000F3D010232068ADF810306A460DEB030109
:10A840000CF00DF904460028D8D1BDF810200548B9
:10A8500069460BF022FCE3E70D24CFE7ADA203002D
:10A86000A2A10300584B0020A9A1030070B50E4619
:10A8700014461D46F4F7F2FFD8B13EB9072420462E
:10A88000049A2946FFF7F0FD204670BD0A4920686A
:10A89000E9F7D8FF28B901210848F4F7E5FF044695
:10A8A000EDE707492068E9F7CDFF01460028E5D12B
:10A8B000F2E70D24E3E700BFB1A10300584B0020ED
:10A8C000B7A1030070B50E4614461D46F4F7C6FF47
:10A8D000D8B13EB907242046049A2946FFF7C4FDA3
:10A8E000204670BD0A492068E9F7ACFF28B901216C
:10A8F00008480BF0D8FB0446EDE707492068E9F764
:10A90000A1FF01460028E5D1F2E70D24E3E700BFEF
:10A91000B1A10300584B0020B7A1030007B51020D8
:10A92000908202F1140013460190101D0090023332
:10A9300002480BF0BAFB03B05DF804FB584B002053
:10A940002DE9F04F9FB08346289D0E4690461C4649
:10A95000F4F784FF0746002800F0C680002E40F080
:10A960008E80624A2946204603F09CFE002847DD7F
:10A97000854245DD04442D1A0B21B1461B298DF873
:10A980001B1009D9002630462A462146FFF76CFDE8
:10A9900030461FB0BDE8F08F34D1B9F1000F3AD086
:10A9A0004FF01708BDF91C10BDF93420BDF9363041
:10A9B000914233D0BDF9343004930DF1540ABDF9FE
:10A9C000363005932122514613A89DF81B900BF0B9
:10A9D00007FABDF848200EA913A8FFF7BFFC059B96
:10A9E0000293049B424ACDF80CA009F1FF39CDE94E
:10A9F000009329463346204603F054FE002826DC07
:10AA00000326C0E707AA5846FFF788FF8046B9F13A
:10AA1000000FC7D110B34FF0000913E0BDF91E209D
:10AA20009A42C7D1BDF83030BDF848209A42C1D112
:10AA30000EA908A809F03EFC0028BBD1B8F1000F10
:10AA4000B8D1B9469DF81B100131C9B296E78542CD
:10AA5000D6DD04442D1AB8F1000FDCD10DF11C0E27
:10AA6000BEE80F000DF1340CACE80F009EE80300C7
:10AA70004CF8040B9DF81B60ACF80010E1E7012EC8
:10AA800001D007267FE7D8F800000DF11B010BF07D
:10AA9000D5FF064600287FF476AF9DF81B10A1F184
:10AAA0000B030F2BEDD807AA5846FFF737FF0646D2
:10AAB00000287FF468AF15AFBDF91C80BDF91E906A
:10AAC0003946212213A80BF08BF9BDF8302008A9D4
:10AAD00013A8FFF743FCCDE90097064A43462946F1
:10AAE000204603F0DFFD4EE70D264CE7BCA1030036
:10AAF00043A2030068A2030010B5064C94F8A130ED
:10AB00002BB920460BF0D3FA012384F8A130014879
:10AB100010BD00BF584B002010B4446824B11AB9CE
:10AB20002346024810BC184710BC7047584B002001
:10AB300038B5856804461DB10248A8470023A360C4
:10AB400038BD00BF584B002010B5436804462BB1F8
:10AB5000C3681BB1024898470023E36010BD00BFE3
:10AB6000584B0020430708D000F01803083BDBB225
:10AB7000102B04D8034AD05C7047FF207047052093
:10AB8000704700BFF2A2030070B5174E044630466E
:10AB90000D46F4F735FC20803046F4F705FC2946D5
:10ABA000A061002504F11C000BF0B0FE2946C4E9A9
:10ABB0000855102204F1280009F0B4FB29461022A0
:10ABC00004F1380009F0AEFB2946102204F14800D8
:10ABD00009F0A8FB2346054A43F8602F2046A366E8
:10ABE0000BF08BFD204670BD584B002059B0020081
:10ABF0000148F4F795B900BF584B0020C1800148C7
:10AC000000F0B8BA654B002013B500F108030C46FC
:10AC100008684968012203C3214668460BF042FDDB
:10AC20000248694600F0A0FA02B010BD654B002052
:10AC300010B58378044663B90748F4F7ADF948B90D
:10AC40000548F4F7BDF928B9A378012B1CBF0123EF
:10AC5000A370002010BD00BF584B002010B5044663
:10AC60006030FFF7C1FB0648F4F7AAF930B9044891
:10AC7000F4F79CF910B9A37803B1A07010BD00BF20
:10AC8000584B002010B504460448F4F715FB20B9D2
:10AC9000A378022B1CBF0223A37010BD584B0020C9
:10ACA00038B50123044603FA01F100200BF00DFF33
:10ACB0004FF4A07303FB00F5237CDB070ED5A369DB
:10ACC00008489979F4F7F8FA4FF47A7104F16000C2
:10ACD000B5FBF1F1BDE838400BF02DB90148F4F7B0
:10ACE0006FF9F1E7584B002010B5837803F0FB03B0
:10ACF000032B044625D10388DB0604D4836911485D
:10AD00009979F4F7D9FAA378042B1CBF0423A37014
:10AD1000236A1BB1626AA06901219847A1690A48A8
:10AD200000F02EFA0D280CD1A26953694BB1002313
:10AD30005361A26904481361A169BDE8104000F0A5
:10AD40001FBA10BD584B0020654B002010B583780A
:10AD5000044683B1033B042B0DD903889B070CD514
:10AD60000748F4F7B3FBA378052B01D1002010BDF1
:10AD70000523A370FAE70D20F9E70C20F7E700BFE1
:10AD8000584B002010B504461048F4F711FB7F28FB
:10AD900006D094F911307F2B01D0834200DA607421
:10ADA000F3F7F8FE6369C01A002807DA616E04F150
:10ADB00060000122BDE810400BF0BAB894F9111000
:10ADC0002046BDE810400BF0D5BC00BF584B00201A
:10ADD00010B58269C178526983780446F2B1072BB5
:10ADE0001CBF072383700BF0E0FC90B1144807F000
:10ADF0007CFBA369D3E904128B18C3F5A473C34287
:10AE000007D504F16000A1F5A471BDE810400BF076
:10AE10008FB82046BDE81040FFF766BF032B1CBF6C
:10AE2000032383700BF0B4FC0028F2D00331C9B2C5
:10AE30000529204628BF0521BDE81040FFF730BF97
:10AE4000584B00202DE9FF470829DDE90C7805461D
:10AE5000894692461C4612D180F85C2000F12806F3
:10AE60000FCB86E80F0097E80F0005F1380686E85B
:10AE70000F0098E80F0005F1480686E80F00284605
:10AE80000BF080FC40B9CDE90180009704482346CF
:10AE900052464946F4F736FC04B0BDE8F08700BFDF
:10AEA000584B00202DE9F7431E46044660300D46FE
:10AEB0009046FFF799FA0E2E72D006D8002E48D091
:10AEC0000B2E12D003B0BDE8F0830F2EFAD1EB7E2B
:10AED000590772D4204629460BF0C8FC20460BF0D7
:10AEE00057FC002879D1E07005E0294620460BF098
:10AEF000BDFC0023E37020460BF051FC0246237991
:10AF000004F11C007AB36A7E9A422CD90122009285
:10AF1000294632460BF0FCFC237901332371EB7E8A
:10AF20000E2E43F00203EB765DD1A37894F85D100A
:10AF3000062B1CBF0623A3702046FFF7B1FE94F832
:10AF40005D300133DBB2052B28BF052384F85D306B
:10AF5000B8E7EB7E5A07C3F380072FD42946204673
:10AF60000BF084FCE6700023009304F11C072379A6
:10AF70003246294638460BF0CBFCA378022B3DD154
:10AF8000A97EAB798B4202D01E48F4F795F933467F
:10AF900042462946384603B0BDE8F04300F084B885
:10AFA000EB7EC3F380095B074F4607D42946204652
:10AFB0000BF05CFC84F803909DE70027394604F110
:10AFC0001C00AA790BF0A3FC294620460BF04EFC8E
:10AFD0007FB920460BF0DCFB58B1E3782A7E9A4219
:10AFE00007D90133E370204603B0BDE8F043FFF713
:10AFF000EFBE0023E370002EB5D07CE70223A370E0
:10B00000BEE700BF584B002010B58378033B0446D1
:10B01000042B1DD8DFE803F0030718140300BDE874
:10B020001040FFF761BE83690A489979F4F744F943
:10B03000A16920460E23BDE810400022FFF732BF71
:10B04000BDE81040FFF7C4BEBDE81040FFF79ABE50
:10B0500010BD00BF584B00200148FFF7D5BF00BF0F
:10B060008C4B002010B504463AB1826D8A4238BF3D
:10B0700081650BF087FB50B110BDA1650BF082FB21
:10B080000028F9D1BDE810400348F4F77BBBBDE8C8
:10B0900010400148F4F78CBB584B00200148FFF7E3
:10B0A0003BBD00BF7C4B00200148FFF741BD00BF06
:10B0B0007C4B00200148FFF747BD00BF7C4B0020C0
:10B0C00070B5002190B02748F4F72EFA2548F4F720
:10B0D000BFFA2448F4F7D0FA2248F3F755FF28B115
:10B0E0002048F3F76DFF1F48F3F760FF0CAD1D48D4
:10B0F0004FF6FF710024F3F713FF29461948CDE9F5
:10B100000C44F3F71FFF17484FF6FE71F3F72AFFC1
:10B11000102221460DEB020008AE09F003F921468A
:10B120001022304609F0FEF821461022284609F088
:10B13000F9F804AB22462146CDE9015409480096AE
:10B14000F4F7E0FA21460748F4F71CFB21460548CE
:10B15000F4F7A0F90348012110B0BDE87040F4F7FE
:10B160007BB900BF584B00200148F3F7EBBE00BF8E
:10B17000584B00200148F3F7F5BE00BF584B0020A4
:10B180000148F4F7EBB800BF584B00200048704767
:10B1900000F8FF072DE9F84F0024DFF898800D46EE
:10B1A00016468346A14602F1FF3A5F461BF8010BA3
:10B1B00018B905EB8405002336E05C2825D19BF8FF
:10B1C0000020A2F10903DBB2172B0CD828FA03F3F5
:10B1D000DA070AD53846E9F73FFB594602463846B2
:10B1E00009F086F801E05C2AF4D01BF8013C002B42
:10B1F000DBD01CB11BF8023C002BD6D1544517D034
:10B20000631C45F82470DCB2CFE70938C3B2172BB2
:10B21000EBD828FA03F3DB0748BF0BF8019CE4E7FF
:10B22000013445F8043BE4B2B442F9D3BDE8F88FE9
:10B230000720BEE7130080002DE9F3470E460546C0
:10B2400038B30378302B19D1437803F0DF03582B40
:10B2500014D102354FF0010A0024DFF88080A146A6
:10B260004FF0993728780DF10701BAF1000F08D097
:10B270000AF0A1FD78B102B0BDE8F0874FF0000AF6
:10B28000EAE70AF090FD0028F5D1A74278EB090320
:10B290001DD20720EFE7B9F1805FFAD24FEA091318
:10B2A00043EA147324019DF80720121953F1000397
:10B2B0004FF0000128BF0121144699460029E8D12A
:10B2C00015F8010F0028CDD1C6E90023D3E70A22E3
:10B2D000A4FB024302FB0933E5E700BF99999919E2
:10B2E00037B5094D2B88044643B904210DEB010005
:10B2F00007F0CFF8019905480BF0CFFB2B882046CB
:10B3000001332B8003B030BD567B00204C700020F1
:10B3100001480BF0CCBB00BF4C70002001480BF083
:10B32000CFBA00BF8C4B002001480BF017BA00BF0A
:10B330008C4B00200148FFF7B5BD00BF8C4B0020AF
:10B3400001480BF017BA00BF8C4B002001480BF0EE
:10B35000B7BA00BF8C4B0020134602480022FFF70B
:10B36000A1BD00BF8C4B00200E4B0340B3F1607FAA
:10B3700006D1B1F5885F14BF6FF0860000207047DA
:10B38000B3F1707F0BD101F4E043B3F5005F06D158
:10B3900011F4E06F0CBF6FF08600002070476FF073
:10B3A000860070470000C07F8A42F8B506460C460A
:10B3B00000F0DB806F4922F4FF7323F001038B421E
:10B3C0000ED06D4B22F0FF01994209D06B4822F458
:10B3D0007F7323F00303834202D0694B994228D143
:10B3E000684B24F0FF0199420FD114F0FF000BD0FD
:10B3F000654B40F00070984240F0B98082EA04004A
:10B40000FF288CBF00200120F8BD5B4B9942ECD097
:10B41000A3F588539942E8D024F4FF7323F0010385
:10B42000B3F1062FE1D056488142DED053498B421A
:10B43000DBD004F0FE43B3F1A06F14D102F0FE4361
:10B44000B3F1A06F40F0938082EA040333F47E13DB
:10B4500040F08D8014F40040D6D0C4F30540C2F310
:10B4600005429042CDE7B3F1407F6AD102F0FE433E
:10B47000B3F1407F7BD182EA040535F47E1576D1A5
:10B4800031462046FFF770FF002870D13F4B12F481
:10B490007C1703EA02031BD0B3F1607FC2F30547B8
:10B4A0003FD13B49D3B243F000738B423DD003F10F
:10B4B0007E43043B112B01D83649CD5C14F47C1F2C
:10B4C000C4F3054333D1BD4214BF002001209BE7E4
:10B4D000B3F1607F0DD12E49D3B243F000738B429C
:10B4E0001DD003F17E43043B112BDAD82A49CF5CEF
:10B4F000D7E7B3F1707FE1D106F4E043B3F5005F25
:10B5000003D1C6F3022301279F4006F4E043B3F5BD
:10B51000005FD3D1C6F3022101258D40CEE710276D
:10B52000BFE7B3F1707FC9D1EFE71025C6E712F48A
:10B530007C1F01D1AB4218D022047FF565AFBB421E
:10B540005FE7B3F1106F12D124F01F6020F4702078
:10B5500068B902F0FE43B3F1106F7FF455AF0F48A6
:10B56000104040F01060A042AEE701204CE7002000
:10B570004AE700BF000200060013000600040006B0
:10B580000009000600030006FF0000020000C07F63
:10B590000300000203A3030003A303000000FFF65F
:10B5A0002DE9F843884617461C4600F055F9054634
:10B5B00088BBD8F80060B6F8009009F4E043B3F512
:10B5C000804FF36808BF27F0010737EA03031AD159
:10B5D0000CB3254B24F0FF029A421FD114F0FF0355
:10B5E00004D0224A43F00073934232D0316922469C
:10B5F0004846FFF7D9FE074668B9716922464846B2
:10B60000FFF7D2FE70BB6FF084050023C8F800304E
:10B6100030460BF00CFC2846BDE8F883144B9A42E8
:10B62000DCD0A3F588539A42D8D024F4FF7323F0DA
:10B630000103B3F1062FD1D00E498A42CED00E4A73
:10B640009342CBD004F0FE43B3F1407F04D12304F6
:10B65000CCD56FF08605D8E7B3F1A06FF7D0034BD8
:10B660009C42C2E73D46D6E700030006FF00000209
:10B67000001300060009000600040006054B0A46F8
:10B68000197819B10146181D0BF0E6BB6FF0880060
:10B69000704700BF507000202DE9F04F92469DB0DA
:10B6A00001F0FE429B46B2F1806F4FF00003DDE9EE
:10B6B0002678DDF8A09009930E4606D018460BF0C8
:10B6C000B6FB6FF08605002489E00B464FF48072CC
:10B6D00009A9FFF765FF054618B109980BF0A7FB0C
:10B6E000F1E7DDF824C065460FCD15AC0FC495E831
:10B6F00007000DF1540E84E80700BEE80F000EAD00
:10B700000FC594E8070085E80700BCF8003003F493
:10B71000E042B2F5005F1ED113F4E06FC3F30221E3
:10B7200019D0354826F4807282420AD000F50070A4
:10B73000864206D03148864203D0A0F53F4082427F
:10B7400009D101248C40102C10D960460BF06FFBFE
:10B750006FF08305B7E742F20402934202D1284B0F
:10B760009E420BD0274B9E423FD10D24A04507D2CD
:10B7700060460BF05CFB6FF08905A4E70C24F5E74D
:10B7800021460AA8FFF77AFF05460028A5D1099BA4
:10B79000D3E908125FB33819A8EB04030DF12808A8
:10B7A000CDE90403CDE902AB3346CDF818900194FE
:10B7B000CDF800800EA80BF044FB064609980BF06C
:10B7C00036FB0546AEB900287FF47DAF24B1224692
:10B7D0004146384608F07EFDD9F800301C44284622
:10B7E000C9F800401DB0BDE8F08F0024CFE738460F
:10B7F000D2E7354667E700BF0010C00400FF4004F1
:10B80000000180040013C00438B56FF00043984273
:10B8100004460D460CD10F4B9B68834213D10D4A51
:10B82000D369591C12D00133D36100202A6038BD7E
:10B8300001210BF0EBFA18B1064B9B689C42EDE737
:10B840006FF08700F3E76FF08B00F0E76FF0960082
:10B85000EDE700BF5870002008B50022074B0A60D2
:10B8600093F828303BB1FFF7CFFF10F18C0F08BFE2
:10B870006FF0870008BD6FF08800FBE7587000206C
:10B8800070B50088C8B0B0F5105F4D9E4F9D22D1B5
:10B89000A2F11000102821D8134C24FA00F0C007A0
:10B8A0001CD51248834216D105F00F00064315D16E
:10B8B000519B9D4215D8529B03A81D6033460096AC
:10B8C00002F066FC03A84E9A50992B4602F080FCC9
:10B8D000304648B070BD6FF08500FAE76FF0860023
:10B8E000F7E76FF08900F4E701010100004440042C
:10B8F00010B50C4C236813B10B4B1B682BB900F02F
:10B9000029FE30B9084B01221A6001232360002070
:10B9100010BD0138062801D9044810BD044B53F866
:10B92000200010BD8870002084700020FE8FFFFF73
:10B9300018880300BFF34F8F0549064BCA6802F40D
:10B94000E0621343CB60BFF34F8F00BFFDE700BF42
:10B9500000ED00E00400FA0510B4094B09490A4C57
:10B960004FF0FE32C3F800244968C3F80424C3F83A
:10B970000824C3F80C240023C4F8003510BC084781
:10B9800000B002507803002000A00250D0E900125D
:10B99000014BC3E900127047780300202DE9F04302
:10B9A000134B144E002814BF04461C4683B0236872
:10B9B000B34219D00D4620464FF4E07104F104095A
:10B9C000174604F58E7800F0E9F8484600F0ACFC24
:10B9D000404600F0DBFA084900972B464A464046AD
:10B9E00000F0EAFA08B92660002003B0BDE8F08351
:10B9F0008C700020A5BCC95AB1C3020070B51D46A9
:10BA00000C4B002818BF03460B481E68864282B0C4
:10BA10000DD1002603F58E7000963346144600F0D3
:10BA200017FB002818BF34462C6002B070BD0348D5
:10BA3000FBE700BF8C700020A5BCC95AE88FFFFF50
:10BA400010B5044650B1636813F0685F05D0064A2C
:10BA5000934202D000232360626010BD034B044870
:10BA60005B689847EFE700BF2C5F5CA97803002074
:10BA700034880300C8B143680D4A934213D013F0D1
:10BA8000685F0ED0012350E8002F194640E8001CE3
:10BA90009CF0000FF7D1012AF5D0BFF35F8F002093
:10BAA000704704487047044870476FF4E04070479F
:10BAB0002C5F5CA9E98FFFFFEA8FFFFF80B143682D
:10BAC000094A93420AD013F0685F05D0BFF35F8F35
:10BAD00000230360184670470448704704487047C5
:10BAE0006FF4E040704700BF2C5F5CA9E98FFFFF57
:10BAF000EA8FFFFF10B5044620B1044B63600022BB
:10BB0000226010BD0248FFF727FFF6E73A00003A2F
:10BB10005C88030070B5D0E90023174C174D6360B3
:10BB2000D0E90230C4E9023022604868D1F800C090
:10BB3000134BC3E900C0D5F81801D1F808C0C3F809
:10BB400008C010F0685FD1F80CC00969C3F80CC0D8
:10BB5000196110D00B49C5F8BC110023C5E9453166
:10BB600005F58A70C5F8B8319047236805F5DC7093
:10BB7000BDE87040184770BD940300208C70002011
:10BB8000800300202C5F5CA938B131B10144002250
:10BB90000346013081421A70FAD1704738B131B191
:10BBA000014400220346013088421A70FAD17047DE
:10BBB0002DE9F04FB2F5C07FB5B000F2D780DFF8C5
:10BBC000B49114460D464FF4D07200210DF15C087B
:10BBD0000746484608F0A6FB404601F051F900230D
:10BBE00009F11806A9F8103063BA29462246A9F8C7
:10BBF00012303046202389F8173008F06BFB5E4B7B
:10BC0000079303F104338022089303F1043309936B
:10BC1000325503F1043307A940460A9301F046F96F
:10BC2000824600287FD104F119030BAE0FAC0293BA
:10BC30000397019604940198DFF840B11022002187
:10BC400008F070FBDDF808A005940E9B5BF8044C2F
:10BC50005BF80C7C0B995BF8100C5BF8085CDDE979
:10BC60000C625C40019B7E40554081EA00071A4609
:10BC700001214046CDE90B76CDE90D5401F030F9B4
:10BC8000BAF1100F94BFAAEB0A0AAAF1100A0BF13D
:10BC9000100B002865D1BAF1000FD6D1059C01998F
:10BCA0002046102208F016FB99F8033010340133B7
:10BCB000A04589F80330BED1049C039F019E8022D9
:10BCC0002146404601F0F2F8824670BB07F1200998
:10BCD0003D4613AB1A460121404601F001F91022FE
:10BCE000824613A928461544BAF1000F1DD108F069
:10BCF000F1FA4D45EDD1404601F0D2F81D484FF420
:10BD0000D071FFF74BFF20462021FFF747FF07A820
:10BD10001021FFF743FF30461021FFF73FFF504649
:10BD200035B0BDE8F08F0FAC0BAE404601F0B8F86F
:10BD300010484FF4D071FFF731FF20462021FFF764
:10BD40002DFF07A81021FFF729FF10213046FFF72C
:10BD500025FF20213846FFF721FF504635B0BDE8CA
:10BD6000F08F039F019E049C8246DEE76FF0370A46
:10BD7000F3E700BF5C720020000102036C72002038
:10BD80002DE9F04188B004460D4620220021684686
:10BD900008F0C8FA04F120066F46E27B0132D2B205
:10BDA000E273002A4DD1A27B0132D2B2A273002AE3
:10BDB00047D1637B0133DBB26373002B41D1237B1B
:10BDC0000133DBB22373002B3BD1E37A0133DBB2C7
:10BDD000E372002B35D1A37A0133DBB2A372002BBF
:10BDE0002FD1637A0133DBB2637253BB237A013301
:10BDF000DBB223722BBBE3790133DBB2E37103BB0C
:10BE0000A3790133DBB2A371DBB963790133DBB210
:10BE10006371B3B923790133DBB223718BB9E37852
:10BE20000133DBB2E37063B9A3780133DBB2A370F3
:10BE30003BB963780133DBB2637013B92378013304
:10BE400023703B4622460121304601F049F88046E6
:10BE500050BB103708AB9F429FD1029AAB68039F3B
:10BE60000799534002933046EE68009B7E4003964C
:10BE7000049F2E697E4004966E69059F7E4005965C
:10BE8000069FAE697E400696EE697140079129686B
:10BE90004B40009301996B6880224B4069460193A7
:10BEA00001F004F8804638B168462021FFF776FE9D
:10BEB000404608B0BDE8F08110220DEB020120469B
:10BEC00008F008FAF0E700BF2DE9F843044680695E
:10BED000B0F5C07F52D81D46C0F5C073AB424DD3FC
:10BEE000C5F5C0731B1A9342164647D3DFF89890E6
:10BEF0004FF4C0720F464846002108F013FAD4F8F8
:10BF00009430A269D4F8980049469847002838D15F
:10BF1000D4F818803DB1D4E925302A4609EB080150
:10BF2000984770BBA84407B1C6B9174942460846AE
:10BF3000FFF73EFE054638B113484FF4C071FFF7D6
:10BF40002DFE2846BDE8F8830F492046FFF718FF6D
:10BF500005460028F0D101232361EDE709EB080035
:10BF60003946324608F0B6F90749B0444246084619
:10BF7000FFF71EFE05460028DED1E5E76FF0370526
:10BF8000DFE76FF03305DCE7FC73002010B5A42277
:10BF90000446002108F0C6F9064B4FF0FF314FF67A
:10BFA000F0722161E26104F19C001B68BDE8104061
:10BFB000184700BFE40300202DE9F04385B0054693
:10BFC0000F461646002110226846994608F0AAF945
:10BFD0001D4B05F19C081B684046984720B104465C
:10BFE000204605B0BDE8F08305F12004204600F0AE
:10BFF00047FFAA69C5E925762E69E2B92022002EFD
:10C00000AA611FDB20466946802200F04FFF0446EC
:10C0100030B90C9A334649462846FFF755FF044687
:10C020000A4B40461B689847002818BF0446204624
:10C0300005B0BDE8F083002EE4DA172A02D80132F9
:10C040005608DFE70026DDE7E0030020DC030020E0
:10C050002DE9F04F8DB0B2F5806F169F00F2E380AE
:10C06000B7F5807F00F2DC80044615460E4620229C
:10C07000002104A8984608F055F96C4B04F19C097E
:10C080001B68484698478346002840F09280226902
:10C09000E3699A4200F391806369002B40F08D8040
:10C0A000002F40F0A980DFF888A16F46002D00F036
:10C0B000988004F120086F460EE0102DAB4628BF93
:10C0C0004FF0100B30465A46394608F003F9B5EBED
:10C0D0000B055E4400F08580E37B0133DBB2E37344
:10C0E000002B4DD1A37B0133DBB2A373002B47D1CF
:10C0F000637B0133DBB26373002B41D1237B0133BC
:10C10000DBB22373002B3BD1E37A0133DBB2E37262
:10C11000002B35D1A37A0133DBB2A372002B2FD1D0
:10C12000637A0133DBB2637253BB237A0133DBB230
:10C1300023722BBBE3790133DBB2E37103BBA37939
:10C140000133DBB2A371DBB963790133DBB2637115
:10C15000B3B923790133DBB223718BB9E3780133AF
:10C16000DBB2E37063B9A3780133DBB2A3703BB9F0
:10C1700063780133DBB2637013B923780133237022
:10C180003B4622460121404600F0AAFE8346002895
:10C1900093D0DAF80030484698472021034604A897
:10C1A000002B18BF9B46FFF7F9FC10213846FFF71C
:10C1B000F5FC58460DB0BDE8F08F3A4641460023E5
:10C1C0002046FFF781FEDFF868A000283FF46DAF3E
:10C1D000DAF8003048469847834600283FF465AFB8
:10C1E000E7E704A92046FFF7CBFD83460028D0D11E
:10C1F000236901332361CCE73A46414604A8FFF79F
:10C20000D7FC834618B1DFF828A06F46C1E704A920
:10C210002046FFF7B5FD834600283FF444AFF2E720
:10C220006FF0370BC5E76FF0350BC2E7E003002076
:10C23000DC0300202DE9F043202B8BB01D46064681
:10C240008846914626D8DBB202AF8DF80480B0460E
:10C250008DF8053058F8041B21B9404600F084FEE3
:10C26000044640B901233360022201A9404600F090
:10C270008FFE044638B138462021FFF78FFC204658
:10C280000BB0BDE8F0832A464946404600F080FEE8
:10C290000446F0E702AF1946104600233A4600F084
:10C2A000FDFF04460028E6D12023B9461D46CCE711
:10C2B000F0B5D0F8F830A7B0002BD8BF02AE2CDD17
:10C2C000D0F80C410546002302AE0193A4F101070A
:10C2D000D0F80001D5F8FC4001AB90223146A047D0
:10C2E000B7FA87F77F09044610B9019B3BB9A7B19C
:10C2F00030469021FFF752FC204627B0F0BD0146A2
:10C3000032462846FFF796FF50B9D5F80431019A16
:10C310001344C5F80431002FEAD16FF03C04E7E77D
:10C320000446204627B0F0BD70B50025044604F54C
:10C33000887614222946C0F8F850FC3007F0F2FF46
:10C3400008222946304607F0EDFF154B30461B68A2
:10C350009847204640F8045B00F0ECFD114B304656
:10C360001B689847D8B9D4F8F830AB4211DC03EB1E
:10C37000830204EB82022021C2F808110121C2F8D5
:10C380000C1101330849C2F80001C2F8FC10C4F8CE
:10C39000F830064B30461B68BDE87040184770BD4A
:10C3A000E4030020E003002085CD0200DC03002030
:10C3B0002DE9F047202A88B079D83E4B00F58879DE
:10C3C0001B68044648461746884698470546F8B90C
:10C3D000D4F8F83040F20116002B64D02046FFF765
:10C3E00067FF054638B9D4F8F830002B14DC013E5D
:10C3F000F2D16FF03B056E4620213046FFF7CEFBB1
:10C400002D4B48461B689847002818BF6FF01D0544
:10C41000284608B0BDE8F087D4E94132934203D3FF
:10C42000D4F80C21012A02D0013ED7D1E1E71F2B1D
:10C43000FAD96E4601462022304604F1040A07F07C
:10C4400071FF3146504600F0CDFD05460028D3D19E
:10C45000504600F083FD504600F06CFD29465046E2
:10C4600000F082FD05460028C6D150462022314604
:10C4700000F08EFD05460028BED10346324620213D
:10C48000304600F00BFF05460028B5D1D4F8F8304F
:10C49000002BC4BF0023C4F804313A46404631465D
:10C4A00007F018FFA8E76FF03F056E46A4E76FF0AE
:10C4B0003B05ADE7E0030020DC03002030B58DB084
:10C4C0000021282202A8019107F02CFF02A800F009
:10C4D0000DFF044610B120460DB030BD174D4FF092
:10C4E000FF31286800F044F9044620B11448FFF7F2
:10C4F00033FA012C18D0002000F06AF9D0B9114AA3
:10C5000002A901A800F030FC0446012000F060F907
:10C5100060B9286800F034F90028DCD00A48FFF739
:10C520001BFA20460DB030BD0524F2E70748FFF79F
:10C5300013FAEEE70648FFF70FFAE0E7C80300201A
:10C54000808803007C750020D8880300B888030029
:10C550009888030030B583B000F05CF828B100F093
:10C56000ABF80324204603B030BD00F077F8D8B90B
:10C5700000F02EF9E0B9224CD4F828391B0EF02B2C
:10C580000AD1D4F8242A1F4B9A4231D000F044F843
:10C59000072400F091F8E5E700F03EF800F08CF891
:10C5A0000624204603B030BD0424204603B030BD2D
:10C5B00000F032F800F080F8FFF780FF044698B9E9
:10C5C000114D2B68002BCDD102460146FFF7E6F94D
:10C5D00050B90E4901AB6822FFF710FA20B90C4B95
:10C5E0002B60204603B030BD0524204603B030BD8B
:10C5F000012000F0EDF80028DAD1C4F80C0ADBE7DE
:10C6000000B002500000E0209C770020A0770020BE
:10C610005AEA5A5A0020704700207047430504D553
:10C62000044B4FF0FF32C3F80821024BC3F8080A4D
:10C63000704700BF00B00250014BC3F8040A7047B6
:10C6400000B0025008B100F06BB84FF475007047AD
:10C6500008B100F04FB84FF47500704710B511489D
:10C6600000F072F800B110BD0F4800F06DF800281E
:10C67000F9D10E4C204600F067F80028F3D10C4B9E
:10C680000C481C6000F060F801460028EBD100F077
:10C690002DF8044608B1204610BD00F07BF8204676
:10C6A000FAE700BFD8030020D4030020D003002005
:10C6B000C8030020CC03002008B5084800F04EF85D
:10C6C000074800F04BF8074800F048F8064800F02B
:10C6D00045F8BDE8084000F00BB800BFD8030020C3
:10C6E000D4030020D0030020CC030020002070479A
:10C6F000704700BF10B4094C0246D4F8003A134208
:10C70000FBD021B1D4F804310B60C4F80831034BDD
:10C71000C3F8082A002010BC704700BF00B00250C8
:10C72000044AD2F8003A1842FBD0C2F8080A0020A6
:10C73000704700BF00B0025007F0DABD07F0F2BD4D
:10C740000A46002107F0EEBD08B5034B02681B68DE
:10C7500010689847002008BD9403002008B5034BDB
:10C7600002685B6810689847002008BD94030020A9
:10C77000024B02689B681068184700BF94030020B2
:10C7800008B5034B0268DB6810689847002008BDB5
:10C790009403002070B5094C094D2069AB68984797
:10C7A00018B1084B08485B689847084AEB6820694D
:10C7B00000211160BDE87040184700BF80030020D1
:10C7C0009403002078030020F088030008780020FC
:10C7D000F8B51A4D1A4E0446B26828699047E8B970
:10C7E000184F3B684CB1A3B1012B19D0013B3B6002
:10C7F0002869F36898470020F8BD43B9124A01211F
:10C80000C2F800151149D1F81029002AFBD10133D3
:10C810003B60F368286998470020F8BD0C48F8BDD4
:10C820000A4AD2F81039002BFBD1074A6FF07E403C
:10C83000C2F80035FFF700FF3B68D7E78003002010
:10C84000940300200878002000A0025000B002509D
:10C85000E98FFFFF014B1B68184700BF94030020BE
:10C86000014B9B68184700BF94030020014BDB6815
:10C87000184700BF940300202DE9F047002878D026
:10C880000C46002975D01D46002B72D007461AB100
:10C89000012200232A6003602B68002B64D0294604
:10C8A000204600F0DBFD804600285FD12868214645
:10C8B00000F0BAFD8046002858D12B68082B6CD0B8
:10C8C000042B6DD0A3F10209B9FA89F94FEA59197D
:10C8D000354E0121C6F8C411C6F84011C6F8C4117E
:10C8E000636AC6F83031D6F830219342F6D14FF062
:10C8F000000A4FF0FF30C6F82CA1FFF78FFE6FF053
:10C900001B03C6F800315046FFF796FEC6F80C919F
:10C91000D6F8040A40F48060FFF78EFE0A23C6F8BA
:10C920003831089B012B29D02369204AA2FB03231D
:10C930001B09626A02FB03F303EB43031A4ADB039E
:10C940009B09C2F8D8310123C2F82C313B682A6810
:10C9500023F07F4343EA02633B602A6843EA0223F1
:10C960003B604046BDE8F087DFF844804046BDE8C4
:10C97000F087DFF840804046BDE8F0874FF08053F5
:10C98000D3F80C2C013206D0D3F80C3C074AA2FB9A
:10C9900003231B09CDE71623CBE74FF0030997E7E5
:10C9A0004FF0020994E700BF00B00250ABAAAAAA58
:10C9B000310CF100350CF10050B34B1EB3F5047F80
:10C9C00026D24FF0000C30B5CD00E6466446630930
:10C9D00004F01F0150F823301F2923FA01F306D079
:10C9E00003F001031CB901249E46A446EFE79E45CF
:10C9F00004F1010406D09E464FF0010CAC42E6D192
:10CA0000002030BD0CF1010C9445F7D1014830BD38
:10CA100000487047360CF100C8B32DE9F0434C1EB6
:10CA2000B4F5047F1CD2DBB1D2B14FF0000ECF00C1
:10CA30007646F046754603F1FF396C0905F01F0193
:10CA400050F824401F2924FA01FC0CD00CF0010CF2
:10CA50004DB90126E0463546B646EEE7964218D96E
:10CA60000D48BDE8F08373450CD0C44508BF0136BE
:10CA7000F145F3D00EF1010E0135BD42DDD10020AC
:10CA8000BDE8F0834FF0010EE0467646F4E7024839
:10CA900070479E46F0E700BF370CF1002DE9F04FDC
:10CAA00091B00D46DDE91B41824600296ED128690F
:10CAB00006901A981C6000230360002A00F02E8163
:10CAC0009C4B6A6AD3F83811D3F830319A4269D155
:10CAD0000A2967D19AF80330089304F108030699EC
:10CAE0000793954B934CA3FB01239B0803EB430354
:10CAF000A1EB43030393042305931A9B069E1E6038
:10CB0000002E00F0E980002700F0B8FC0997BAF188
:10CB1000000F00F0D580DDF81C804FF00109002DDA
:10CB200000F0CE80089B002B3ED008A9284600F0DC
:10CB300095FC00283AD0814B984220D0089B082BC6
:10CB400000F0E4805B0000220893009208AB2946C5
:10CB50005046FFF791FE7A4B984200F0D38070B9AF
:10CB6000DAF80020130A03F47F03134323F07F4312
:10CB7000CAF80030059B013B0593BED1002003900D
:10CB800000F07CFC039811B0BDE8F08F4FF08050AE
:10CB9000D0F80C6C013614BFD0F80C0C4FF40470B4
:10CBA000069086E76748EAE76548C4E7089829469B
:10CBB00000F03AFC0028BED1089B082B00F0A880AA
:10CBC000042B00F0A880A3F10203B3FA83F35B09FE
:10CBD0000493C4F8C491C4F84091C4F8C4916B6A3A
:10CBE000C4F83031D4F830219342F6D14FF0000B25
:10CBF000C4F82CB14FF0FF30FFF710FD6FF01B03AE
:10CC00005846C4F80031FFF717FD049BC4F80C31F7
:10CC1000D4F8040A40F48060FFF70EFD0A23C4F83C
:10CC200038312B69ABF1553BABFB03236A6A1B0917
:10CC300002FB03F303EB4303DB039B09C4F8D83186
:10CC4000C4F82C91DAF80030089923F07F420B02E7
:10CC500043EA01631343CAF8003009A800F0D4FB8B
:10CC6000099B03F01A0303437FF468AFABFB063B59
:10CC7000D4F814310A93D4F818310B93D4F81C313A
:10CC80000C93D4F820310D93D4F824310E93D4F8BA
:10CC900028310F93B7EB9B0F01D1039B93B940460B
:10CCA00018220AA9183EFFF747FD08F118080137B6
:10CCB00096B100F0E3FB00230993002D7FF432AF1F
:10CCC000214838E74046F61A1A460AA9984401371F
:10CCD000FFF732FD002EECD1069F079E6A693946A8
:10CCE0003046FFF769FEAA6940B94FF480633946C0
:10CCF0003046FFF791FE00283FF440AF1A9A002318
:10CD0000136018E72B6A002B3FF439AF0F4836E762
:10CD1000032304935DE7022304935AE7009108ABD1
:10CD2000012229465046FFF7A7FD00283FF4D5AE63
:10CD300025E700BF00B00250ABAAAAAA020CF1007E
:10CD4000310CF100300CF100350CF100320CF10027
:10CD500010B4DDE901340194039C0294002403948F
:10CD600010BCFFF79BBE00BF10B586B005AB012419
:10CD7000CDE901240093002204ABFFF78FFE06B03B
:10CD800010BD00BFF0B587B0002966D01E46002B4D
:10CD900063D01446002A60D0314F0D4638684FF0FA
:10CDA000FF31FFF7E5FC00284DD10020FFF710FD13
:10CDB000002844D12B4800F099FA0346D8B101204D
:10CDC0004FF0FF35FFF704FD002834D126484FF41B
:10CDD0000871FEF7D9FE25480421FEF7D5FE21484B
:10CDE0002821FEF7D1FE3868FFF7CAFC00282ED1B3
:10CDF000284607B0F0BD1C4A029205AA019204AA77
:10CE000003900092174919481A46FFF7A1FF0346FD
:10CE10000028D4D128461D46059B04999C422246F1
:10CE200028BF1A4632600831FFF786FC0120FFF761
:10CE3000CFFC0028CAD00E48FEF78EFDC6E70D488D
:10CE4000FEF78AFDB6E70C48FEF786FDADE70B4816
:10CE5000FEF782FD284607B0F0BD4FF0FF35C7E76B
:10CE6000C803002010780020387800200C780020BB
:10CE7000B8880300988803008088030010890300A5
:10CE800010B5044630B1002201236265A265E36556
:10CE9000236610BD0148FEF75FFDF4E72889030013
:10CEA00018B174220021FFF749BC704790B1A1B1BD
:10CEB00010B5802A4FF00004846380F83C4006D10E
:10CEC000102204631044FFF737FC204610BD6FF0BA
:10CED0001F0010BD6FF0210070476FF01F007047FA
:10CEE00028B322B31BB3012921D870B50446816B46
:10CEF00086B017D0012917D1102500210DEB0506AA
:10CF0000616310460095019602AA294600F0C2FA14
:10CF100050B92B46324602A9204600F043FD18B90D
:10CF200006B070BD0029E7D06FF02100F8E76FF080
:10CF30002100704710B5044628B12046F421BDE811
:10CF40001040FFF7FDBB0448FEF706FD2046F42124
:10CF5000BDE81040FFF7F4BB3C89030010B1F42199
:10CF6000FEF712BE704700BF08B521B1012908D0F5
:10CF70006FF0360008BD012100F058F80028F7D105
:10CF800008BD022100F052F80028F9D0F0E700BFF8
:10CF900030B505468818B0F5801FA1B00B46144681
:10CFA00001D8802A0CD9B3F5801F17D9224619461B
:10CFB000284600F07DF8044684B9204621B030BDF3
:10CFC0006846FFF7B9FB22466946284600F070F82C
:10CFD000802104466846FFF7B3FBEDE76FF03604A7
:10CFE000EBE700BF70B5E8B10E46D9B1044600F0DA
:10CFF00031F80546B0B92368012B0BD0022B01D0C4
:10D00000284670BD1C2204F108013046FFF794FB4E
:10D01000284670BD202204F108013046FFF78CFB42
:10D02000284670BD6FF03605EAE700BF78B138B525
:10D0300004460D46F021FFF783FB40232560E3659E
:10D04000204600F05BFA003818BF012038BD0120EF
:10D05000704700BF70B5056EA4B0044604AEE5B9D4
:10D060000122002362603046CDE9003302AA29463E
:10D0700000F010FA10B1012024B070BD2A4602A9B8
:10D08000204600F063FA0028F5D1204600F074FB3A
:10D090000028F0D1206624B070BD802D2A4600F112
:10D0A000640128BF80223046FFF746FB256ED7E794
:10D0B000002800F0AE802DE9F04F1446A5B0002AFC
:10D0C0003DD00F46002949D0B2F5803F0546006E9D
:10D0D00020D34FF6FF7805F1640AEB6D1A1AB2FB04
:10D0E000F3F103FB1122002A65D18342B9464FF6C2
:10D0F000FF7672D0B6FBF3FB03FB0BFBBBF1000F1B
:10D1000030D1002E45D1A4F57F44FF3CB4F5803FDB
:10D110004744E2D2EA6D161AB6FBF2F302FB13663D
:10D12000A64228BF2646002E75D1824200F08D808F
:10D13000B4FBF2F602FB06F62EB9002C79D10020E2
:10D1400025B0BDE8F08F0023CDE9003302AA3146B7
:10D15000384600F09FF9002800F09580012025B0A6
:10D16000BDE8F08F0023CDE9003302AA59464846B6
:10D1700000F090F90028F1D102A95A46284600F0A3
:10D18000E5F90028EAD1A6EB0B06286ED944002E5B
:10D19000B9D01930494605EB80003246FFF7CCFA8A
:10D1A000A4F57F44286EFF3C3044B4F5803F4744EB
:10D1B000286692D2AEE7424528BF424650443946DF
:10D1C0001646FFF7B9FA286EEB6D3044834207EB41
:10D1D00006092866A8EB06068CD1802B28BF802381
:10D1E0001A46514604A8FFF7A7FA0023CDE90033F9
:10D1F00002AAE96D04A800F04DF90028AED1EA6D4D
:10D2000002A9284600F0A2F90028A7D1EB6D2866F4
:10D2100070E70120704705F164033946324618442F
:10D22000FFF78AFA286EEA6D3044A41B374428665B
:10D230007BE72B6E193305EB830022463946FFF757
:10D240007BFA2B6E23442B6679E7802A28BF802245
:10D2500005F1640104A8FFF76FFA0023CDE900335C
:10D2600004A8E96D02AA00F015F900287FF476AF52
:10D27000EA6D02A9284600F069F900287FF46EAF34
:10D28000EA6D286654E702A93246284600F05EF9A6
:10D2900000287FF463AF3744A41B4EE7F8B51C4663
:10D2A000054611480E461746FFF744FE21460E4834
:10D2B000FFF75AFE044620B10B48FFF74FFE204609
:10D2C000F8BD094832462946FFF762FE04460028A9
:10D2D000F2D139460448FFF785FE04460248FFF7BD
:10D2E0003DFE2046F8BD00BF587A002030B583B01F
:10D2F0001C2301A90546019300F032F8044638B911
:10D30000019B1C2B07D0144C1C212846FFF718FA50
:10D31000204603B030BDD5E90112131E18BF01230A
:10D3200000392A6818BF01219B0043EA4103002A03
:10D3300018BF43F00103EA680120E8612AB9C5E992
:10D340000834002BE4D1054CDEE743F00803204607
:10D35000C5E9083403B030BD370CF0000E0CF00006
:10D3600018B111B10B681C2B01D0012070474FF090
:10D370008053D3F8102C013214BFD3F8102C41F293
:10D380005C224FF080530260D3F8142C013214BF9A
:10D39000D3F8142C41F664124FF080534260D3F856
:10D3A000182C013214BFD3F8182C40F6D8624FF075
:10D3B00080538260D3F81C2C013214BFD3F81C2C8C
:10D3C00041F288324FF08053C260D3F8002C013212
:10D3D00014BFD3F8002C90224FF080530261D3F891
:10D3E000042C013214BFD3F8042C51224FF0805387
:10D3F0004261D3F8082C013214BFD3F8083C40F244
:10D40000373383610020704708B501464FF48060D0
:10D41000FFF71EF9034B0022C3F8C821C3F82C21E3
:10D4200008BD00BF00B002500138072805D8DFE86A
:10D4300000F0100E040A0404040607487047CB6885
:10D440004B62002070478B684B62002070474B682E
:10D45000F6E70B68F4E700BF310CF1000B6802E05F
:10D46000082B0B6006D8026A13424FEA4303F7D039
:10D470000020704700487047310CF100044B002237
:10D48000C3F82C214FF48060C3F8C421FFF7C6B85D
:10D4900000B00250F0B583B01D46B0F1005F4FF010
:10D4A00000038DF8073024D38C468444BCF1804FB0
:10D4B00004461ED817460DF10703012200F064FE52
:10D4C0000646B0B9099A9DF807303C603B7192B1AD
:10D4D0004DB1024608990DF10703284600F054FEAD
:10D4E00038B99DF80730099A30461560137103B0BA
:10D4F000F0BD4FF47506304603B0F0BDD8B108B5A5
:10D500000368012B04D0022B0FD043B10B4808BD98
:10D510000B4920220830FFF70FF9002008BD094908
:10D5200014220830FFF708F9F7E7074920220830EE
:10D53000FFF702F9F1E74FF4730070470100F300C1
:10D540004C8903008C8903006C8903002DE9F843A2
:10D55000002900F0F9800446002800F0F9800368F3
:10D5600090460F46002B00F0C380013B012B00F2D8
:10D57000D78079484FF0FF314FF00209FFF7F8F8F4
:10D58000002840F0BF800020FFF722F9064600285F
:10D5900040F0C280714AD2F81C39002BFBD16F4D8C
:10D5A000D5F8203C002BFBD14FF0FF30FFF736F8C9
:10D5B000D5F8040A20F04000FFF73EF801230722C7
:10D5C000C5F81838C5F80029C5F8C437A36CC5F8E4
:10D5D000CC37E36CC5F8D037C5F8C09723685BB18A
:10D5E000013B012B18D8636AC5F85C36236AC5F87D
:10D5F0005836E369C5F85436584BA269C3F850262B
:10D600006269C3F84C262269C3F84826E268C3F869
:10D610004426A268C3F84026504AD2F81039002B9D
:10D62000FBD1B8F1000F5FD06368012B08BFC2F8CF
:10D6300084364A4B3A68C3F8282C4020C3F82C8C17
:10D64000FFF700F80646454AD2F81039002BFBD107
:10D65000424AD2F8203C002BFBD123685BB1013B4E
:10D66000012B18D8D2F85C366362D2F858362362A0
:10D67000D2F85436E361394BD3F85026A261D3F87F
:10D680004C266261D3F848262261D3F84426E26032
:10D69000D3F84036A360314AD2F8CC17A164D2F84F
:10D6A000D017E16400230121C2F8C417C2F8843600
:10D6B000C2F8C837D2F81039002BFBD1C2F818389D
:10D6C000002E3BD1254BD3F8040A40F04000FEF772
:10D6D000B3FF0120FFF77CF860BB1F48FFF750F84D
:10D6E00010BB3046BDE8F8830423C2F8C837AAE768
:10D6F00019484FF0FF314FF00109FFF739F80028C2
:10D700003FF441AF1648FEF727F90020FFF760F815
:10D71000064600283FF43EAF1248FEF71DF939E7F0
:10D72000114E3046BDE8F8831048FEF715F9304633
:10D73000BDE8F8830E48FEF70FF9CEE7102104F19B
:10D740000800FEF7FDFFBDE70A4E3046BDE8F8834E
:10D750004FF47306C5E700BFD803002000B00250A5
:10D7600080880300988803000100F300D888030034
:10D77000B88803000300F30098B370B4D0E9024105
:10D78000D0E9042326BA0DBA14BA19BAD0E906238F
:10D7900012BAC0E904418261D0E90842C0E90265D9
:10D7A0001BBA25BAC0E9073514BAD0E90B23816A40
:10D7B00012BA09BAC0E90941C262D0E90D421BBAE6
:10D7C00025BAC0E90C3514BAD0E91023C16B12BADE
:10D7D00009BA1BBAC0E90E41C0E91023002070BC91
:10D7E00070474FF473007047002847D090F83C30E2
:10D7F000002B34D0032B10B513D02248224C2268C2
:10D80000224B1268C3F8002422685268C3F804242B
:10D8100022689268C3F808242268D268C3F80C24EE
:10D8200010BD016B006C184C00F0A8FB0028E6D17D
:10D830002268164B1268C3F8002422685268C3F8A5
:10D84000042422689268C3F808242268D268C3F8C6
:10D850000C2400F0A1FB0028D1D1002010BD0B4BFF
:10D860000269C3F800244269C3F804248269C3F83A
:10D870000824C269C3F80C24002070474FF47100DB
:10D88000704700BF0900F100C403002000B002503F
:10D89000374A38B50446D2F81039002BFBD1344A48
:10D8A000D2F87034002BFBD1314AD2F8203D002B46
:10D8B000FBD12F4AD2F8203C002BFBD12C4AD2F8C6
:10D8C000383D002BFBD12A4DD5F8383C002BFBD13D
:10D8D0004FF0FF30FEF7A2FE636BD5F8040A23F089
:10D8E0000403032BE36D39D0012B0CBF20F0800023
:10D8F00020F02000FEF7A0FE1D4A0123C2F80039E7
:10D90000D2F81039002BFBD1194AD2F87034002B11
:10D91000FBD11749C2F8BC34D1F81039002BFBD128
:10D92000134AD2F87034002BFBD1626B22F0040151
:10D93000032918BFA36B0E494FEA820218BF03F0F8
:10D94000010302F01C021A43C1F8C024636B072BC9
:10D9500004BF0123C1F87C34002038BD012B0CBF6B
:10D9600020F0400020F01000FEF766FEC4E700BF84
:10D9700000B00250094A0A4B11680968C3F8001444
:10D9800011684968C3F8041411688968C3F8081459
:10D990001268D268C3F80C24704700BFC40300208B
:10D9A00000B002502DE9F04F85B0002900F0EC8066
:10D9B0009046002A00F0E8800546002800F0298102
:10D9C0009946C36D0E46002B52D1B9F5805F54D2F3
:10D9D00095F83C30042B00F0FF800027AD484FF055
:10D9E000FF31FEF7C5FE002840F0D5800020FEF78D
:10D9F000EFFE002840F0D880A7480123C0F8103877
:10DA0000D0F81049002CFBD16B6B032B3ADC002BB8
:10DA10003BDAA24CA04AD2F81039002BFBD1002FE0
:10DA200040F0D1806B6BEA6D23F00403032B9A4B1B
:10DA3000D3F8040A00F09F80012A0CBF40F0800058
:10DA400040F02000FEF7F8FD934B0022C3F81028A9
:10DA50000120FEF7BDFE002840F0B1808D48FEF7A2
:10DA60008FFE002840F0A480204605B0BDE8F08F6E
:10DA7000012BADD1B9F5803FAAD3894C204605B022
:10DA8000BDE8F08F063B012BC3D8AB6B012B00F236
:10DA9000BE80EB6D012B7CD82B6E012B00F2E88051
:10DAA0002846FFF7F5FE04460028B3D12846FFF7C5
:10DAB0009BFE04460028ADD16B6B072BA9D8012231
:10DAC0009A4012F08A0F40F0D58012F0440F40F0D7
:10DAD000BA80D2079DD523F00403032B32680DD002
:10DAE0002B6ED8F80010012B6B4B0BBFC3F8281D11
:10DAF000C3F8301DC3F82C9DC3F8349DEB6D012B8A
:10DB0000654B0BBFC3F8282CC3F8302CC3F82C9CF2
:10DB1000C3F8349C6B6B23F00403032B00F0A2804A
:10DB20002B6E012B14BF20208020FEF78BFD0446B6
:10DB300000287FF46FAF584BD3F81049002CFBD16D
:10DB4000696B072914D801228A4012F08A0F40F02D
:10DB5000BB8012F0440F0BD0D3F860242A60D3F8B6
:10DB600064246A60D3F86824AA60D3F86C34EB604C
:10DB70000123AB654EE7012A0CBF40F0400040F0A6
:10DB80001000FEF759FD5FE7464C204605B0BDE8A2
:10DB9000F08F454C3EE74548FDF7DEFE0020FEF7DE
:10DBA00017FE00283FF428AF4148FDF7D5FE23E7D4
:10DBB0004048FDF7D1FE204605B0BDE8F08F3E4855
:10DBC000FDF7CAFE4AE7042385F83C30202105F121
:10DBD0001000FEF7B5FD25E7296B286C00F0C0F9B1
:10DBE00098B9364F2C4C3B681B68C4F800343B682E
:10DBF0005B68C4F804343B689B68C4F808343B682D
:10DC0000DB68C4F80C34296B31B10127E6E62C4CF3
:10DC100000E74FF4710427E72B6D0193EB6C009341
:10DC200005F1100A4FF0100BCDF808A0CDF80CB09C
:10DC3000D5E91123286C00F0B9F9002851D100234F
:10DC400085F83C30E1E7144B2A68C3F860246A6821
:10DC5000C3F86424AA68C3F86824EA68C3F86C248B
:10DC60006B6B38E7EB6D012B14BF102040205CE795
:10DC7000144CCFE6084B2A68C3F840246A68C3F8FE
:10DC80004424AA68C3F84824EA68C3F84C246B6BA0
:10DC900021E700BFD803002000B002500100F100CE
:10DCA0000500F1000B00F1000300F1008088030083
:10DCB00098880300D8880300B8880300C4030020B4
:10DCC0000200F1000400F100D3F840242A60D3F8E8
:10DCD00044246A60D3F84824AA60D3F84C34EB603B
:10DCE00046E73B681B68C4F800343B685B68C4F8CF
:10DCF00004343B689B68C4F808343B68DB68C4F8AC
:10DD00000C3459465046FEF71BFD98E72DE9F041CB
:10DD100009B302B30446002800F0AF801D46436BF0
:10DD2000072B0E461BD05DB9032B10D1836D73B941
:10DD300000F1640345668566C56605670B601025BE
:10DD40002B4631462046BDE8F041FFF72BBE2F465B
:10DD50003846BDE8F081764F3846BDE8F081C36DA6
:10DD6000002B40F08D80B5F5805F80F090801DB96C
:10DD7000A36D002B40F08B806E484FF0FF31FEF713
:10DD8000F7FC002840F08F800020FEF721FD0028DE
:10DD900040F08580684A0123C2F81038D2F8103963
:10DDA000002BFBD1636B032B4FDD063B012B4ED8C1
:10DDB000A36B012B6DD8E36D012B78D8236E012B5B
:10DDC00077D82046FFF764FD0746002840D120465B
:10DDD000FFF70AFD074600283AD1626B072A36D8BA
:10DDE0000123934013F08A0F40F0818013F0440F19
:10DDF0006FD1DB072BD5504B0122C3F87C24C3F82D
:10DE0000BC543168002D56D1A16D09B9C3F8242541
:10DE1000494BD3F81079002FFBD1616B072917D834
:10DE200001228A4012F08A0F6FD112F0440F0FD0F6
:10DE3000D3F860242260D3F864246260D3F86824A5
:10DE4000A260D3F86C34E36002E0002BB0DA3B4F01
:10DE5000394AD2F81039002BFBD1C2F81038012012
:10DE6000FEF7B6FCB8B93348FEF78AFC00283FF449
:10DE70006FAF3348FDF770FD6AE74FF4710767E74E
:10DE8000012B7FF474AFB5F5803FFFF470AF2D4FD9
:10DE90005EE72D4FDCE72D48FDF75EFDE3E72C48FC
:10DEA000FDF75AFD76E72B48FDF756FD6CE72A4F44
:10DEB000CEE72A4FCCE7E26D012A33D0C3F8301CFD
:10DEC0001020C3F8345CFEF7BDFB074600289FD046
:10DED000BEE7194B2268C3F860246268C3F8642463
:10DEE000A268C3F86824E268C3F86C2483E7124B85
:10DEF0002268C3F840246268C3F84424A268C3F8C7
:10DF00004824E268C3F84C2475E7D3F84024226023
:10DF1000D3F844246260D3F84824A260D3F84C3488
:10DF2000E36095E7C3F8281C4020C3F82C5CCAE7DF
:10DF30000B00F100D803002000B002500100F100F6
:10DF4000D88803000500F1000200F100B888030042
:10DF500098880300808803000300F1000400F100AA
:10DF600029B9044B002814BF184600207047024806
:10DF7000704700BF0100F7000300F70029B9044B08
:10DF8000002814BF1846002070470248704700BFA1
:10DF90000100F7000300F700034B00200122C3F843
:10DFA000380AC3F87824704700B002502DE9F047D2
:10DFB000CCB00024579DDDF858818246894616462C
:10DFC000214674220EA81F4606F0ACF98022214695
:10DFD0002CA82B9406F0A6F98423B5F57F6FCDE924
:10DFE0000A44CDE90C44059363D8FFF7C3FC05ABA5
:10DFF00030462BAE01930295DDE954233946009655
:10E0000000F062F800284FD103238DF813309DF8FB
:10E0100013308DF87430072300221C9010210EA8B5
:10E020001B9301240123CDE92423CDF86890CDF87A
:10E0300078A026940DF12009FEF782FB10220092B1
:10E040000599CDF804900AAB304606AAFFF722FAEC
:10E05000074670B11DE00EA908EB0700FEF76CFB48
:10E0600010210EA8FEF76CFB0134AD1B3744E4B25F
:10E0700024D0102D4A46059B8DF8AC4006A90EA869
:10E080002E4628BF1026FFF741FE32460028E2D078
:10E0900007460EA874220021FEF750FBFFF76AFC2A
:10E0A00038464CB0BDE8F087054F38464CB0BDE867
:10E0B000F087044F38464CB0BDE8F0872F46E8E7BC
:10E0C0000E00F1000F00F1002DE9F04182B01E4674
:10E0D0000A9D0023B5F57F6F01933ED8ED00B5F59D
:10E0E000807F174601F1FF3234BF032304233F2A08
:10E0F0000C46009331D880B366BB089A6AB3099A7C
:10E10000116851B3A2191344994226D3089B0146C2
:10E110002246581CFEF710FB089B04F102081C4421
:10E120000023637026BB089B0095FF2D03EB0800BE
:10E1300017D92B029BB243EA1523022201A90193AE
:10E14000FEF7FAFA08F10203099A0020136002B000
:10E15000BDE8F0810FB1402ECFD90A4802B0BDE82A
:10E16000F08101226946FEF7E7FA08F10103EBE7C7
:10E17000089B324603EB08003946FEF7DDFAB0444F
:10E18000D1E700BF0600008000201870704700BF74
:10E19000F8B5069F04461D4661B11646AFB9E2F7D1
:10E1A000BDFC002384F8116184F8103184F81271E9
:10E1B00084F8133145B11022294604F1F00006F02D
:10E1C00089F8012384F81331F8BDE2F7A5FAE8E7EE
:10E1D0002DE9F04F044687B090F8120194F81091A1
:10E1E0000090002B55D0924600F00108C9F11002B2
:10E1F0001E4608EB0203B34204F5807700F2C480A8
:10E200000D46002A40F0B380009B002B6AD194F8A1
:10E21000133104F1F009C846002B40F0C18094F896
:10E220001131224639464846E2F724FB0F2E40F2D0
:10E23000CE80A6F1100323F00F031033019305EBFA
:10E24000030BD04694F813C1102341464A46384682
:10E25000BCF1000F20D0E2F7C5FC10224946284649
:10E2600006F038F8103594F8113122463946484600
:10E27000E2F700FB5D4508F11008E3D116F00F0648
:10E2800021D184F81061C84610224146584606F054
:10E2900021F807B0BDE8F08F102206F01BF810221D
:10E2A0004946284606F016F8103594F811312246F2
:10E2B00039464846E2F7DEFAAB4508F11008C1D10D
:10E2C00016F00F06DDD0019B9A445146384632467F
:10E2D00006F000F8009B84F81061002B7DD00DF152
:10E2E0000808D1E794F811312246394602A8E2F72E
:10E2F000C1F894F81331002B5BD1B8F1000F0CBFBB
:10E300004FF010094FF011094E4529D304F1F008E0
:10E3100001E04E4524D3514610223846924405F080
:10E32000D9FF102202A9284605F0D4FF94F8113134
:10E330002246394602A8E2F79DF894F81331103EC0
:10E340001035002BE5D002A9084642461023E2F71B
:10E3500049FC10223946404605F0BCFF4E45DAD252
:10E360002EBB84F81061AB460DF108088CE75146CE
:10E3700007EB0900924405F0ADFF009B103E4E44B0
:10E38000002B3FF444AFADE707EB0900514632469E
:10E3900005F0A0FFB14484F8109107B0BDE8F08FFC
:10E3A00010234A4639463846E2F71CFC37E7AB46AD
:10E3B0008BE702A904F1F0094A4608461023E2F768
:10E3C00011FC48461022394605F084FF95E7002EDF
:10E3D000EDD184F81061AB4656E704F1F00952E73D
:10E3E000012B10B5044608460AD0022B0FD01BB9EA
:10E3F00063681044834200D910BD2289801AF9E76E
:10E400002368881A8342F7D922891044FAE7034B1C
:10E41000034A04489C21FAF7D7FC00BF9B9D0300E8
:10E4200015A3030068A30300012B08B50DD0022B30
:10E4300015D0D3B98A423FBF43685B1A0168521AAC
:10E440002CBF511AD11888B208BD8A4281BF4368D7
:10E450009B1A0268891A94BF891AC918F3E7044BFA
:10E46000044A0548C721FAF7AFFC0021EBE700BFDB
:10E470009B9D0300ACA3030068A30300F8B5047FD1
:10E48000022C05460E4605D10E4B0F4A0F48E621D9
:10E49000FAF79AFC2346C76AB4FA84F464090122A5
:10E4A00039460834FFF79CFF55F82430834203D0E7
:10E4B0003E70E8620020F8BD284608F087FE032081
:10E4C000F9E700BF06A4030022A4030068A3030029
:10E4D0002DE9F047044608F0D9FD002841D1204637
:10E4E00008F0E0FD94F8347004EB87090B26D9F8A6
:10E4F0003880D9F820A04546AA4508D03A46294692
:10E50000204608F0F5FC030411D545450FD0C9F8A5
:10E510003850204608F039FE0023656984F835300C
:10E520004FF6FF73E386B5B90020BDE8F087C0F36E
:10E530000D00821C29463B462046FFF751FF013E55
:10E5400016F0FF060546D7D1074B084A084840F2A7
:10E550004331FAF739FCA06923463A464146A847B9
:10E56000E2E71720E1E700BF55A4030071A4030010
:10E5700068A3030038B57E2905460C4600680AD812
:10E580007C2903D801F0FD03112B06D18388012BD0
:10E5900008D8032005E0F829F7E7214609F02AF911
:10E5A00040B138BD7D2109F025F9286884F02001AB
:10E5B00009F020F9AA88054B5440E4B2002033F852
:10E5C000143083EA1223AB80EBE700BFBA89030063
:10E5D000F8B504460D468E18AE4200D1F8BD23783A
:10E5E00015F8011B012B0BD0022B3CD0002BF3D1D3
:10E5F0007E29F1D1012323704FF6FF732361EBE7EE
:10E600007D2915D07E2916D060688788002F40D0DC
:10E61000228A234F82EA0103DBB237F8133083EA00
:10E620001223238209F0E6F8638A01336382D3E779
:10E6300002232370D0E7638A002BDDD0012B10D09A
:10E64000228A4FF2B8039A420BD163681A68023AE1
:10E650001A609A8802329A800021D4E902309847E1
:10E66000CAE70621F9E76068878897B1228A0C4FCC
:10E6700081F0200182EA0103DBB237F8133083EA2C
:10E680001223238209F0B6F8638A013363820123DF
:10E69000CFE7A368E0680321984727709CE700BF95
:10E6A000BA8903000CB430B5174B0C1E1D689DB021
:10E6B00008DA8B232B604FF0FF301DB0BDE83040EF
:10E6C00002B070474FF40273ADF8143014BF04F178
:10E6D000FF332346049307934FF6FF73029006908F
:10E6E000ADF81630209A21AB02A92846019300F01C
:10E6F0001BF8431CBCBF8B232B60002CDDD0029B7E
:10E7000000221A70D9E700BF1403002007B5009358
:10E7100013460A4601460348006809F0BEF803B0F4
:10E720005DF804FB140300202DE9F04F98468B8917
:10E730001B069DB007460D46144610D50B6973B9EC
:10E740004021FAF7C3FB2860286130B90C233B60F5
:10E750004FF0FF301DB0BDE8F08F40236B61002308
:10E76000099320238DF82930CDF80C803023DFF871
:10E770009C818DF82A304FF0010923469A4613F800
:10E78000012B0AB1252AF9D1BAEB040B0BD05B4659
:10E7900022462946384609F0ABF8013000F0A78040
:10E7A000099A5A4409929AF80030002B00F09F8091
:10E7B00000234FF0FF32CDE905230AF1010A04934B
:10E7C00007938DF853301A935446052214F8011B11
:10E7D0004E48E1F795FD049AD8B9D00644BF2023EE
:10E7E0008DF85330110744BF2B238DF853309AF81E
:10E7F00000302A2B15D0079A544600204FF00A0CFF
:10E80000214611F8013B303B092B4BD9B0B107929F
:10E8100014E0A0EB080309FA03F313430493A246A0
:10E82000D2E7039B191D1B680391002BBBBF5B4202
:10E8300042F0020207930793B8BF049223782E2B6D
:10E840000AD163782A2B32D1039B1A1D1B680392CD
:10E8500043EAE37302340593DFF8B4A0217803227E
:10E860005046E1F74DFD38B1049BA0EB0A00402271
:10E87000824013430134049314F8011B25488DF89A
:10E8800028100622E1F73CFD002836D0224B1BBBA6
:10E89000039B073323F0070308330393099B334497
:10E8A00009936AE70CFB02320C460120A8E700231B
:10E8B0000134059319464FF00A0C204610F8012B3D
:10E8C000303A092A03D9002BC6D00591C4E70CFBC6
:10E8D000012104460123F0E703AB00932A460F4BC6
:10E8E00004A93846AFF30080421C0646D6D1AB8956
:10E8F0005B063FF52DAF09982CE703AB00932A4642
:10E90000064B04A93846FAF767FCEDE763A003005D
:10E9100069A003006DA0030000000000F17803006F
:10E9200070470020704708B5E6F7E2FDBDE80840F3
:10E93000E6F7D0BD836800EBC101B3F5004F2CBFF3
:10E9400051F8220031F81200704700EBC1018068D5
:10E95000B0F5004F2CBF41F8223021F8123070473B
:10E9600008B50122FFF7E6FFD04008BD8368B3F584
:10E97000004F00EBC10108D34B681AB143F001030B
:10E980004B60704723F00103FAE74B881AB143F05C
:10E9900001034B80704723F00103FAE75300012283
:10E9A000FFF7D3BF8368B3F5004F34BF04230823B8
:10E9B000C91A081AC0087047B0F5004F34BF0423C5
:10E9C0000823481C0833A0EBD300B0FA80F0C0F154
:10E9D0001F0070472DE9F041174603220E460446FA
:10E9E000FFF7A8FF8642054607F104080AD1E3684D
:10E9F0000122BA4023EA0203E360002344F82830EE
:10EA0000BDE8F081314602222046FFF793FF2B46F6
:10EA10000646014644F8285020460322FFF795FF9A
:10EA20003346294620460222BDE8F041FFF78DBF5C
:10EA300070B50D4686680446FFF792FFB6F5004FA5
:10EA4000014601D3012809D03046FFF7B5FF29461A
:10EA500002462046BDE87040FFF7BCBF70BD2DE9FF
:10EA6000F04705468068FFF7A7FF05EB800A884658
:10EA7000DAF810900646B9F1000F1BD00327DAF838
:10EA8000104028462146FFF76BFF404507D332462A
:10EA900021462846FFF79EFF2046BDE8F087032267
:10EAA00021462846FFF746FF013FCAF8100001D073
:10EAB0008145E4D1EB6801364FF0FF34B4401C408F
:10EAC000EAD094FAA4F2B2FA82F2131D55F8234068
:10EAD000DEE72DE9F041144605460E46FFF740FFFC
:10EAE000A4EB0608371B0744424631462846FFF789
:10EAF00055FF3A4621462846FFF750FF434600227D
:10EB000021462846FFF721FF21462846FFF728FF28
:10EB10003B46211800222846BDE8F041FFF715BF0B
:10EB20002DE9F041164604460F46FFF719FF31461E
:10EB300005462046FFF714FF05442A46394620467D
:10EB4000FFF72CFF31462046FFF70AFF2B4631180E
:10EB500000222046BDE8F041FFF7F7BE2DE9F04165
:10EB60000D4686680446FFF7FBFEB6F5004F0146EA
:10EB700001D3012832D03046FFF71EFF04EB80019D
:10EB80000E6996B9E368012282401343E3600222D2
:10EB90000D612B4629462046FFF7D7FE0322294662
:10EBA0002046BDE8F041FFF7D0BE022231462046A4
:10EBB000FFF7C0FE2946034607462046FFF7C5FE7D
:10EBC0000322334629462046FFF7BFFE39462B462F
:10EBD0002046FFF7BAFE02223146E1E7BDE8F081A8
:10EBE000F8B50C460546FFF7BBFE26180122314654
:10EBF0002846FFF79FFEC3070CD431462846FFF78F
:10EC000017FF21462846FFF7ABFE2146221828466B
:10EC1000FFF786FF002221462846FFF78BFE271AC2
:10EC2000012239462846FFF785FE10EA020613D175
:10EC300039462846FFF7FCFE214632462846FFF7B4
:10EC400079FE2246211A2846FFF76AFF21463246FE
:10EC50002846FFF76FFE241A21462846BDE8F840F3
:10EC6000FFF77CBF38B571B105682846FFF79AFEFB
:10EC70000022044601462846FFF778FE2146BDE8FB
:10EC80003840FFF7ADBF38BD70B5066809B9002040
:10EC900070BDB368B3EBD10FF9D9B3F5004F34BFF2
:10ECA00004230823CC1D1C44E40821463046FFF70A
:10ECB000D6FE05460028EAD001463046FFF750FE52
:10ECC000A04209D92C44294630462246FFF701FFCD
:10ECD00021463046FFF742FF304601222946FFF722
:10ECE00045FEB368B3F5004F34BF0423082303EB9C
:10ECF000C5031844CCE72DE9F84306681446B2680A
:10ED000001F1FF39B2F5004F34BF0423082319EA9B
:10ED100001090F460BD0494239408B424F4628BF6C
:10ED20000B46894654B900252846BDE8F883994228
:10ED3000F8D82146BDE8F843FFF7A6BFB2EBD40FE1
:10ED4000F1D9E11DB2F5004F394434BF0422082245
:10ED5000C91A1144C9083046FFF781FE80460028D1
:10ED6000E1D0B368B3F5004F34BF0423082309EBA7
:10ED7000C0051D4435447B1E1D44B5FBF7F57D439E
:10ED8000A5EB090529463046FFF70CFE2C44073455
:10ED900024F00704A41B804507464FEAE40408D288
:10EDA000024641463046FFF794FE41463046FFF7A3
:10EDB000D5FE39463046FFF7D3FD3844844208D2A9
:10EDC000394630462246FFF784FE21463046FFF79B
:10EDD000C5FE012239463046FFF7C8FDA4E7B2F56B
:10EDE000802F2CBF08230423D21A2DE9F0418C1860
:10EDF000CD1D25F0070524F00704641B0026E40858
:10EE000005602146AC60EE602046FFF7D5FD421D4F
:10EE10009200013002F107074FEAD707A2F1100272
:10EE20003146B8BF324605F1100005F07BFA3A468C
:10EE300031462846FFF7B2FD334632463146284672
:10EE4000FFF783FDA4EB0708284631460122FFF7B0
:10EE50008DFD42463946FFF7A1FD3B463246394615
:10EE60002846FFF772FD21462846FFF797FD4346E7
:10EE7000324621462846FFF768FD214628460122F2
:10EE8000FFF774FD3946BDE8F041FFF767BE2DE995
:10EE9000F04706460D46174698462BB398F80040B3
:10EEA00093F80190DB78A40004EB430498F8023057
:10EEB0001C4444444FF0000ACA4509D3D8F8042042
:10EEC00008F1080339463046AC46BDE8F0476047D4
:10EED00014F8013B48F823402046E5F7BDFC01301B
:10EEE00004440AF1010AE7E76FF01500BDE8F08776
:10EEF00070B5002502462846144614F8013B0BB9AC
:10EF0000184609E098B18D4207D1702B04D0A3F1C7
:10EF100040023A2A0BD8002070BDA3F140063A2ED9
:10EF200005D853780135941C002BE9D00020252BFF
:10EF300008BF80F001002246DEE70020704730B5B0
:10EF40008A680C68551C14B14B68934201DC8D60D3
:10EF500030BD013B934208BF00228D600CBFE254DC
:10EF6000A054F5E70FB407B504A951F8040B0191BB
:10EF700000F08FFC03B05DF804EB04B070470CB4F4
:10EF800007B504AB53F8042B0193E6F739FE03B041
:10EF90005DF804EB02B07047044608B50846114618
:10EFA0001A46A047F8F7E0FCE9F758FF2DE9F041D1
:10EFB0000746884615461E461446B44205D30EB190
:10EFC000601B08E02378002BFAD014F8010B4146AF
:10EFD000B8470028F1DABDE8F08110B503690246B0
:10EFE00013F0080009D11368D4689C4297BF526A95
:10EFF000E31AD31A01200B6010BD00231846FAE76C
:10F0000013B501A90446FFF7E8FF20B1019BE268B0
:10F01000013B13440193606A019BC01A013802B09E
:10F0200010BD10B5044650182269636AD20702D594
:10F03000013B184010BD984228BFC01AFAE710B52E
:10F0400004460A46C168FFF7ECFF2369E06023F03D
:10F050000803236110BD38B50D46026A8B000168B4
:10F0600043F0020342F82130044601682A46FFF7C4
:10F07000D8FFE36861682060984202BF236943F0CB
:10F08000080323612A462046FFF7CBFF606038BDA6
:10F090002DE9F74FC768066A9B4616F8273003F03C
:10F0A0000303022B04468846914606EB870A4FF07D
:10F0B000000309D01360CBF800302369990710D4FE
:10F0C000002003B0BDE8F08F56F8271013608908C0
:10F0D000CBF80030F1D0FFF7B2FFE368A360012066
:10F0E000EFE7E3695046984716F82730DA070546F8
:10F0F000E6D513F002031DD0B8F1000F03D041464E
:10F100002046FFF7A8FF61682A462046FFF789FFDF
:10F11000D4E902319942606004D12A462046FFF7C3
:10F1200080FFA060A3682360E360236943F00803C5
:10F130002361D4E7014620460193FFF780FFE26890
:10F14000A260B8F1000F04D02168226A019B42F846
:10F15000213005EB0802CBF8002021682046FFF79C
:10F1600060FF2369206043F00803236116F827300D
:10F170006FF3000306F82730C9F800A0AFE770B5B9
:10F1800004461546FFF74DFF2368834205D12369E6
:10F19000216023F00803236170BD226AAB0043F0B5
:10F1A000020342F82130204661682A46FFF739FF02
:10F1B0006060F1E738B503695B07044606D5856AE8
:10F1C000FFF71EFF85422CBFA562A06238BD38B58F
:10F1D0000D4604462022002105F0A4F8EB68E36107
:10F1E000AB68A3612B6823626B6863620022A26232
:10F1F0002A6923B1591E194208BF42F00102226157
:10F20000012204F12C000021BDE8384004F042BB8B
:10F210002DE9F04F87B000250093436A03958B4298
:10F2200004460E4692460595A94639D3EFF3118B55
:10F23000402383F31288BFF36F8F059AD8462AB113
:10F2400029462046FFF79BFF0023059304A920468B
:10F25000FFF7C3FE0499B14207462AD32268236A06
:10F2600013F8221021F0030103F8221003EB8209A6
:10F27000216832462046FFF7D4FEE36820609842BA
:10F2800012D0002788F31188BFF36F8F039929B13B
:10F29000A2690AB12046904700230393002FC5D1ED
:10F2A000484607B0BDE8F08F236943F008032361A7
:10F2B000E7E718B12046FFF7CEFEE3E7009B5AEAE6
:10F2C000030319D0019104F0C1FB0199A0B98BF39C
:10F2D0001188BFF36F8F009B524604F12C00F7F7A3
:10F2E000DFFDEFF31188402383F31288BFF36F8FA4
:10F2F000B0FA80F77F09C5E705AB03AA2046256869
:10F30000FFF7C6FE0746BDE770B50446C369084669
:10F310000D4698470246EFF31186402383F3128887
:10F32000BFF36F8F2B7843F001032B706168204689
:10F33000FFF777FE60602046FFF73CFF86F31188F9
:10F34000BFF36F8F70BD2DE9F04104464027EFF306
:10F35000118687F31288BFF36F8F236913F0080FAC
:10F36000A36802D16268934200D9626A216AD21A04
:10F3700032B986F31188BFF36F8F4FF0000833E086
:10F3800011F8232012F0030001EB8308F1D00228CA
:10F3900003D151F82350AD0805D1D00712D4E36949
:10F3A000404698470546A1682A462046FFF739FEA1
:10F3B0002946A0602046FFF742FE86F31188BFF37E
:10F3C0006F8FC4E742F0020201F823204046E36950
:10F3D000A5689847294602462046FFF722FEA0600E
:10F3E00086F31188BFF36F8F4046BDE8F081F8B512
:10F3F0000446C36908460D4698470646EFF3118751
:10F40000402383F31288BFF36F8F2B786FF30003D1
:10F410002B7023699B0705D5E268236A03EB8203FF
:10F420009D421AD12B786FF341032B70D4E902313E
:10F43000994204D132462046FFF7F3FDA0603146E1
:10F440002046FFF7FCFD87F31188BFF36F8F04F1AF
:10F450002C00BDE8F840F7F7FFBC2B6860F39F0372
:10F460002B60F0E702698368120702D442689A426F
:10F4700000D2426AD31A181E18BF012070470368D1
:10F4800000220BB9184670478B4210D10B6842B965
:10F4900042680360914200D1436000230B60012069
:10F4A000704713604368994208BF4260F5E71A4607
:10F4B0001B68E6E7838B13F0070305D10368002B75
:10F4C0000CBF002003207047022B05D1C08BB0FA7F
:10F4D00080F0400980007047012B05D10368002BA4
:10F4E0000CBF0020052070470020704710B50C4667
:10F4F00000B111B96FF0150010BD081D00F0D2F871
:10F500000028F9D1A368032BF6D9F3E72DE9F041E0
:10F510000D4607461946281D90461E4600F0D6F8AF
:10F52000044638B13346424629463846A446BDE82B
:10F53000F0416047BDE8F08110B4EFF31182402440
:10F5400084F31288BFF36F8F816110BC0121E6F74D
:10F550008FBF38B50C46054658B151B10B6843B161
:10F560004B6833B12022002104F0DCFE2C61002026
:10F5700038BD6FF01500FBE770B505460E46FFF786
:10F58000B5FF041E14DBEFF31182402383F31288CE
:10F59000BFF36F8FEB8BAC8B4FF6FF718B4204F098
:10F5A000070407D182F31188BFF36F8F6FF00A044D
:10F5B000204670BD022C0CD10133EB8382F31188FD
:10F5C000BFF36F8F0023224631462846FFF79EFF88
:10F5D000EEE7062C14D8DFE804F004131313041A22
:10F5E0000400002333606B683BB9C5E90066ACB921
:10F5F00002212846E6F73CFFDAE71E606E60F6E778
:10F6000082F31188BFF36F8F6FF00404D0E782F3A9
:10F610001188BFF36F8F6FF08504C9E782F31188FB
:10F62000BFF36F8FC4E710B5EFF31182402383F36C
:10F630001288BFF36F8F848B04F00704022C0AD06A
:10F64000012C0CBF6FF004006FF0850082F311886D
:10F65000BFF36F8F08E0C38B013B9BB2C38323B919
:10F660002146E6F705FF204610BD2046EEE738B5F7
:10F67000A8B1A1B1EFF31185402282F31288BFF344
:10F680006F8F848BFFF7FBFE30B104F0070085F32A
:10F690001188BFF36F8F38BD6FF07700F7E76FF019
:10F6A0001500F8E7034640B1426802F00302022A5F
:10F6B00006D0032A04D0012A05D06FF01500704748
:10F6C0001A68002AF9D000209860704710B5426887
:10F6D000816002F00302022A03464FF0000407D0C3
:10F6E000032A02D05C60002001E018685C6010BD55
:10F6F00018685C600028F6D0F8F7D8FBF3E7F0B59F
:10F70000C6684568C369AF1B04464069BB4298BFE1
:10F71000FF1AA5EB0000944698BFF6181A1AD81BDA
:10F720002368AD1B62452B4428BF62460B606368AB
:10F73000904228BF104603446360F0BDD0E9012326
:10F74000D21A8A420CD31944C368C269C0E90111B4
:10F75000C91A8A4201D9002070471344C360FAE7EE
:10F760006FF0150070472DE9F34180460E461546AF
:10F7700000272A4601A94046FFF7C1FF314604464B
:10F780000246019804F0A6FD2D1B2744264401D013
:10F79000002CEED139464046FFF7D0FF384602B084
:10F7A000BDE8F081F0B5044686690569C069A368C3
:10F7B000AF1BB842944698BF3618A3EB05022368E6
:10F7C000A5EB060598BF3F1A2B446245A0EB070046
:10F7D00028BF62460B602369904228BF104603444D
:10F7E0002361F0BDD0E90423D21A8A420CD3194414
:10F7F000D0E90632C0E90411C91A8A4201D90020B1
:10F80000704713448361FAE76FF0150070472DE9E4
:10F81000F34180460D4616460027324601A9404670
:10F82000FFF7C0FF04462DB102460199284604F0B7
:10F8300051FD2544361B274401D0002CEDD139461B
:10F840004046FFF7CFFF384602B0BDE8F081704771
:10F8500003785B075FBF03684288C3F34A2303EB67
:10F8600012105DBF173020F007008008002070479D
:10F870000020704702F092BD0346BFF35B8F53E850
:10F88000000F421C43E800210029F8D1BFF35B8F31
:10F8900070471FB50023CDE90201CDE900331A46B8
:10F8A00019461846E7F7E6F905B05DF804FB0120B4
:10F8B000E6F7BEBF0020704770B5D2E901369B1B4A
:10F8C0008B420C4615460AD313680A46014698191E
:10F8D00004F000FDAB682344AB60204670BD6FF0C0
:10F8E0001B00FBE770B50E4615461946044618B9CD
:10F8F000BDE87040E6F79CBF33B1C2F34A23103035
:10F90000120D184404F0E6FCC4E900562046BDE898
:10F910007040E7F71DB92DE9F3415F1C4FEA8708F6
:10F92000064608F1170020F0070080080C4615462F
:10F93000E6F7E8FF0023ADF805308DF807308DF8C5
:10F94000047068B10346019A43F8102FA8F104012E
:10F950002A46294452F8045B43F8045F8A42F9D1ED
:10F96000A20102F4E07242EA482222F07F4222F42D
:10F970007002002322F03F02314602B0BDE8F041A0
:10F98000FFF7B0BF07B50123019201AAFFF7C3FF3C
:10F9900003B05DF804FB07B5CDE9002302236A46F6
:10F9A000FFF7B9FF03B05DF804FB1FB5CDE90123F4
:10F9B000069B039301AA0323FFF7ADFF05B05DF893
:10F9C00004FBF8B506460D4614461F4604B9F8BDBB
:10F9D000214628463A46B047241A0544F6E713B5AF
:10F9E00000240094E6F784F902B010BD10B5426817
:10F9F00081680446D2E900230068FFF7E2FF6368EC
:10FA000000221A6010BD38B54B681A68CB689A425C
:10FA100005460C4602D10846FFF7E8FF6368BFF3CE
:10FA20005B8F53E8002F511C43E800100028F8D1E9
:10FA3000BFF35B8FA3689D54002038BD0A2838B5FA
:10FA400004460D4602D10D20FFF7DDFF2946204672
:10FA5000FFF7D9FF002038BD2DE9F043054687B0F8
:10FA600008460E8891F80090D1F808800C46174699
:10FA7000E7F746F9011EC6F38216C9F3C2091EDB79
:10FA80004846E7F777F803462146608851F8102B7F
:10FA90000196C2F34A22002A01EB0204C0F30B10C4
:10FAA00008BF00210022CDE90407CDE9021400922D
:10FAB00041462846E7F750F907B0BDE8F083002338
:10FAC000E2E710F0700F00F07F0201D0E7F79ABC78
:10FAD00010F0800F18BF10320120904070472DE9C0
:10FAE000F84306460F469046994604254B46424643
:10FAF00039463046EBF71EFD10F10B0F044603D1DB
:10FB0000F7F774FE013DF1D12046BDE8F8830068A7
:10FB100040B150F8043C5B688B42A0F1040001D076
:10FB20004068F5E77047006850B150F8043C5B68E6
:10FB30005B689B788B42A0F1040001D04068F3E73A
:10FB4000704730B5006888B150F8043C5B681A6AA9
:10FB50001D7F04380023043ADCB2A54201D8406876
:10FB6000F1E7013312F833408C42F5D130BD08B5CE
:10FB7000E8F778F928B1406810F1100F14BF0020A1
:10FB8000012008BD4B1CDBB28170817680F82530E6
:10FB9000C37600F8061C704750E90231D0F89C008B
:10FBA00018470369002283F84A207047036993F8D5
:10FBB0004A0008B193F8480070470369002283F8AF
:10FBC0004B207047036993F849007047036993F825
:10FBD000482012B193F84A202AB993F8490018B185
:10FBE00093F84B007047012070470120704703696C
:10FBF000C3E9001270470229036908D004290BD019
:10FC000001290ED1D3F8943013600020704793F887
:10FC10009B30C3F34003F7E793F89B3003F00103F5
:10FC2000F2E76FF08500704708B5402903693FD0BF
:10FC300013D8102932D006D801291ED0082920D087
:10FC40006FF0120008BD2029FAD193F89C1001F042
:10FC5000FB0152B341F0040127E0B1F5807F30D0C1
:10FC6000B1F5007F36D08029EAD193F89C1001F0DD
:10FC7000EF01D2B141F0100117E0C3F89420002049
:10FC8000E0E793F89C1001F0FE010AB141F0010198
:10FC900083F89C100121E8F741FCF0E793F89C10F1
:10FCA00001F0FD010AB141F0020183F89C10F2E776
:10FCB00093F89C1001F0F701002AF6D041F00801FA
:10FCC000F3E793F89C1001F0DF01002AEDD041F03A
:10FCD0002001EAE793F89C1001F0BF01002AE4D06C
:10FCE00041F04001E1E770B504690546D4F88C00A5
:10FCF000FFF78DFDD4F88C309A681969914204BFE2
:10FD0000002284F8492094F8A02006469AB15A6847
:10FD10005969DB69521A9B1A3F2B0CD994F89E3013
:10FD200033B16B681B6A2246187B0021E8F74AFB57
:10FD3000002384F8A030304670BD08B50122FFF7DB
:10FD4000D2FF013818BF4FF0FF3008BD08B50020C2
:10FD5000E6F778FB704701460068E8F749BD08B54B
:10FD6000E8F7A2FDBDE80840E8F7A2BD0A46012178
:10FD7000FFF708BE00210120E8F73ABD38B5044678
:10FD80000D4611461A46E8F725FD2046049A2946F5
:10FD9000E9F70CF9204638BD61B662B680F31188E8
:10FDA000BFF36F8F704772B6002383F31188BFF3E0
:10FDB0006F8FBFF34F8F30BF62B6BFF36F8F704747
:10FDC00072B6002383F31188BFF36F8FBFF34F8F99
:10FDD00020BF80F31188BFF36F8F62B67047202871
:10FDE00009D9B0F1004F08D80138B0FA80F0C0F15D
:10FDF0001F0040007047082070473E2070470020D9
:10FE000070474FF0FF30704700207047084611469A
:10FE1000E9F7F0BA08461146E9F700BB4FF0FF30AA
:10FE20007047002070470228CCBF00200120704797
:10FE30004FF400534B600020704710B50446142067
:10FE4000F8F7F2FF2060BDE8104003F088BC4FF0E7
:10FE5000FF324FF0FF33F6F719BFF6F78FBFF6F713
:10FE60000FBD7047816A8968E9F7B0BB0346184641
:10FE70005B68002BFBD17047426810B52AB10B4676
:10FE80001C465B68002BFBD16260416010BD83881B
:10FE9000026819448180D0187047034600689A8828
:10FEA000521A01449A801960704703688268C088BA
:10FEB0009B1AC01A80B27047032070470020704719
:10FEC00010B50C46EFF7ECFD00280CBF20460020D3
:10FED00010BD38B503689D6828460C4600F065F8EB
:10FEE000844204D1284600F06CF8012038BD204639
:10FEF000EEF7FEFF003818BF01204000F6E738B5E6
:10FF00008B680C46002543B92046EEF7FDFF10B183
:10FF1000204600F0D7FF284638BD1A8A5B68154492
:10FF2000F1E7F6F72BBF4A09012301F01F018B40CF
:10FF300000EB8200BFF35B8F50E8002F1A4340E8CC
:10FF400000210029F8D1BFF35B8F704708B5E9F7AE
:10FF5000EFFB30B100F1F001BDE80840503003F094
:10FF600046BD08BD0020FFF7F1BF4FF0FF324FF054
:10FF7000FF333830F6F78ABE10B50446F038FFF785
:10FF8000F4FF54F8F00C05F0F8FE48B954F8F00C02
:10FF900002F098FAA4F1B800BDE81040FFF7C1BF25
:10FFA00054F8F00C05F0DEFEEBE74289038993423A
:10FFB00001D1037B1BB1043250F822007047184670
:10FFC0007047438902899A4201D1027B3AB10133D9
:10FFD0009BB20A2B08BF00234381002303737047A1
:10FFE000026803464AB9406848B99A6842B9D86875
:10FFF00000F17F4358425841704700207047104637
:020000040003F7
:10000000704738B590F848306FF3820380F8483075
:10001000836804460D467BB199B194F8483043F0AB
:10002000040384F84830204600F09FFF94F84730DE
:10003000C3F30213032B0DD92046BDE8384000F06E
:1000400041BF0146806900F027FC0128E5D0002867
:10005000F2D138BDA368DB681B7803F0F003602B96
:10006000EAD129462046EAF793FBF0E708B501F00C
:10007000F0F9EAF709F9EAF781FB01F0B4FCEAF7D5
:100080005DFBEAF753F8EAF7D7F9EAF7E5F800205D
:1000900008BDF0B5044685B0002800F08180836873
:1000A000002B7DD08369002B7DD000F044FF2046DB
:1000B00000F05BFF94F84730C3F30213022B66D1C4
:1000C000A368DD68EB79002B4DD0EAF7D9F8102250
:1000D000014605F1180004F0EDF818B96FF07C0046
:1000E00005B0F0BDA368DD6818352846FFF778FF36
:1000F0000146002839D0A368DA6802F108052B46CA
:100100006F4602F1180C186859683E4603C608335A
:1001100063453746F7D1283253F8041B45F8041BD2
:100120009342F9D1A368DB686A46183304AE1546DA
:1001300003CDB542186059602A4603F10803F6D191
:10014000A26948F2DD63A4F8443011680B69636367
:100150004B69A36312681369E36353692364012144
:100160002046FFF74EFF0020BAE72846E9F7EEFCED
:100170000028C0D1A368D868037EFF2B02D1437E3C
:10018000012BECD00830FFF72BFF0028A6D1A06987
:10019000214600F096FB0228E5D16FF004009FE7AE
:1001A0006FF03C009CE76FF0150099E7816809B992
:1001B000FFF727BF4968FAE738B505460C4641B353
:1001C00038B38B6843B3DA6832B31B8A23B303684E
:1001D000BFF35B8FDB68BFF35B8FDB071FD591F845
:1001E000473043F0010381F84730084600F0BDFE78
:1001F000A5612B6894F85C005B7D84F8393084F845
:100200004130EAF711F92146C0B2EAF705F90020BA
:1002100038BD6FF01500FBE76FF03C00F8E76FF0BA
:100220007200F5E700230B60436813B9C0E90011C1
:100230007047196041607047036800220BB9184687
:1002400070478B4210D10B6842B9426803609142FB
:1002500000D1436000230B600120704713604368A6
:10026000994208BF4260F5E71A461B68E6E740F28C
:10027000FF230B6000238B80CB800B814FF48073B6
:100280004B81FF230B73437B4B73C389CB81704737
:1002900010B1006800B14068704710B428B1C46C58
:1002A0001CB12346426810BC184710BC704710B5FB
:1002B0000346FFF7EDFF28B1C2681AB1BDE8104050
:1002C00018461047002010BD802AF8B507460E4694
:1002D000144617D8D5082A4603F0ECFF90B96442BB
:1002E00014F0070410D07B5D725DC4F108015A4020
:1002F000FF238B40DB43DBB2A3401A420CBF01203B
:100300000020F8BD0020FCE70120FAE708B5102224
:1003100003F0D0FFB0FA80F0400908BD08B503F043
:10032000F0FC4FF47A72A0FB020302FB0133C00B16
:1003300040EA434008BD4A09012301F01F018B40F8
:10034000DB4300EB8200BFF35B8F50E8002F1A40C5
:1003500040E800210029F8D1BFF35B8F7047F6F722
:1003600095BC4FF0FF324FF0FF331430FFF7F7BF6B
:1003700040B10368BFF35B8FD868BFF35B8F084160
:1003800000F00100704701238B400C30BFF35B8FFE
:1003900050E8002F1A4340E800210029F8D1BFF3AC
:1003A0005B8F7047F6F7EABC2DE9F04F0C4689B039
:1003B000064692469846FFF7D4FF022C39D169468B
:1003C00050467468FFF753FF002504F104094FF00D
:1003D000FF37AB462C2303FB054292F82A209207F5
:1003E00010D5484604A9FFF742FF6846FFF78EFF85
:1003F00008B10BF1010B51464846FFF787FF002873
:1004000018BF2F460135062D09F12C09E2D17B1CBE
:100410000FD0B8F1000F01D0C8F800B02C2303FBB7
:10042000074406F11400FFF7BDFF204609B0BDE800
:10043000F08F0024F5E72DE9F041054688461E4679
:100440001746FFF78EFF08212846FFF791FF044665
:1004500068B92B68C3F810802B681F752B685E7510
:1004600005F11400FFF79EFF2046BDE8F0814FF034
:10047000FF34F5E72DE9F74F06460191FFF771FFCD
:10048000776847B307F586794FF000084FF0180AF0
:100490000AFB087202F58C7B92F81C51EB0711D510
:1004A00001994846FFF732FF044658B16FF3000543
:1004B0008BF8045006F11400FFF774FF204603B0D8
:1004C000BDE8F08F08F10108B8F1080F09F118092B
:1004D000DED10024EEE73C46ECE738B50C46054695
:1004E000FFF73FFF237D6FF34103237505F11400F0
:1004F000BDE83840FFF756BF2DE9F0410F460546ED
:1005000018B9E9F7C7FA054678B32846FFF729FF77
:100510006E682EB396F8ED319A07C3F340040AD5FE
:1005200096F8EC21394606F5EC70FFF7CDFE04464F
:1005300008B106F5E47496F815329B070FD596F8C6
:1005400014823946424606F50070FFF7BDFE30B111
:100550001CB194F82430434501D906F5F8742646B9
:1005600005F11400FFF71EFF35462846BDE8F0816F
:1005700038B50546FFF7F5FE00212846E9F7B0FA41
:10058000002809DB6C680CB194F8254205F11400D1
:10059000FFF708FF204638BD0024F7E738B50546C9
:1005A000FFF7DFFE00212846E9F79AFA002809DB69
:1005B0006C680CB194F8244205F11400FFF7F2FEC8
:1005C000204638BD0024F7E7F8B505460E46FFF78C
:1005D000C8FE6C68ECB1231D00222C2148F2FE00FD
:1005E00001FB024797F82A70BF070CD5771C03D090
:1005F00093F92570B74206D133F8047C022F02D15B
:100600001F8887420BD00132062A03F12C03E7D161
:10061000002405F11400FFF7C5FE2046F8BD1C4676
:10062000F7E74FF48072E9F721BB37B5D0F81842ED
:10063000650804210DEB0100E8F756FF04EB4404C4
:100640000198C5EB5404B0FBF4F304FB13002844F9
:1006500003B030BD08B543680A463BB10221E9F753
:1006600069FB0028CCBF0020012008BD1846FCE72C
:100670002DE9F04707460E46904699460C1D002589
:100680004FF02C0A0AFB056393F82A309B0711D51B
:1006900034F8043C022B0DD194F82430012B09D1FD
:1006A0004A4621464046FFF70FFE18B1214638461C
:1006B000FFF7D0FF0135062D04F12C04E2D1BDE88F
:1006C000F0877FB5036800219D7E0446FFF750FE4A
:1006D00000286ED1236802229A762068837E934296
:1006E00040F0D880062D40F0D58008210C30FFF76F
:1006F00022FE2046FFF7DBFD10F0080140F0CA8023
:100700001022684603F00EFE07212046FFF730FE58
:1007100038B30B212046FFF72BFE10BB48F2FE0238
:100720002368009201901A7D062A00F08E80082A24
:1007300000F0AA80022A10D15A7D012A0DD1029020
:10074000FF221B698DF80B20FE22ADF80C201A78D1
:100750005B788DF80E208DF80F3069462046FFF744
:1007600079FF2046FFF7FDFD07212046FFF700FE39
:10077000C0B169462046E9F7B3F9002812DB00252D
:100780001826009906FB05F3CA1892F81C21D20717
:1007900005D503F5847319442046FFF79EFE013505
:1007A000082DEED104F1140004B0BDE87040FFF74D
:1007B000F9BD2368186802F0E1FE10B9236803222E
:1007C0008AE709212046FFF7D3FD002882D00A21BD
:1007D0002046FFF7CDFD2268C0F10603DBB2937619
:1007E0002068827E9A4255D1062A7FF47BAF062D7F
:1007F00050D00821FFF7C7FD2046FFF758FD01073D
:1008000048D42046FFF7ADFD07212046FFF7B0FD95
:1008100040B10B212046FFF7ABFD18B969462046D1
:10082000E9F75EF904F11400FFF7BCFD2046FFF77D
:100830003EFD07212046FFF79BFD58B30B212046C4
:1008400004B0BDE87040FFF793BD1A695B7D9178F5
:100850008DF80A10FF218DF80B10FE2110888DF8FD
:100860000C10032BB2F803105279ADF80800ADF864
:100870000D108DF80F207FF470AF9DF8083083F0D5
:1008800002038DF8083068E71A691068516802ABF6
:1008900003C3F2E704B070BD10B50346FFF7F8FCE0
:1008A000BDE8104002681846104710B50C4691F894
:1008B0005C0000F0DDFDA0692146BDE81040E9F7CD
:1008C000A5BB38B50C464A6909210546FFF750FD1E
:1008D00020B9F2B9E36B13BB022019E004212846CA
:1008E000FFF746FD0028F4D101212846FFF740FD1F
:1008F00048B9636B3BB9A3691A68126962631B68E4
:100900001B7D84F8383028462146FFF7CEFF0020B3
:1009100038BD6FF072011046FFF7BFFCDAE76FF0E9
:10092000720204F13C012846E9F74AFBD4E70120B2
:1009300070470120704738B50546FFF712FD0021CA
:100940002846FFF715FD08BB2846FFF7A1FC2B68DA
:10095000044670B1846864B1186802F00FFEC0B13B
:100960002846FFF795FC0121836828469847041E16
:1009700006DB28680021FFF706FD2846FFF7A1FEE9
:1009800005F11400FFF70EFD204638BD6FF0770427
:10099000F6E76FF00504F3E738B50546426011B994
:1009A000C0E9021138BD4FF47A73A1FB03416FF027
:1009B000004200232046DFF743FDC0EBC073E31A7B
:1009C000E86005BF6FF0004300F1FF30AB60AB6043
:1009D00008BFE860E6E770B5C5684468034635B10E
:1009E0006FF00046701A2044002806DD70BD836851
:1009F0001C44601A20EAE070F8E76A1E01F100402A
:100A0000DA6001309A685960211A001B82429FBF48
:100A10009219023D5218DD608CBF89189A60DA681D
:100A200088BF99600AB99868E0E76FF00040DDE799
:100A30002DE9F04111F001064DD140BA80B23346A4
:100A40008C0709D5012A07D931F8024B2418A2F1E5
:100A50000202204643F100030D4694464FF0000E7B
:100A6000BCF10F0F05F1100541D814096FF00F0507
:100A700005FB04224FEA041C174601EB0414032F64
:100A80004BD86FF00305940805FB04242A40624408
:100A9000012C01EB020507D98A5A1218A4F10204AD
:100AA000104643F100030235012C07D12A78E907EB
:100AB00048BF12021218104643F10003020C42EA2A
:100AC0000342190C52EA134380B22FD10EB940BA37
:100AD00080B2BDE8F0810023002ABDD011F8014B9F
:100AE0002402241843F100032046013AA8E755E9FF
:100AF0000447E41955F8087C4EEB0E08E41955F844
:100B0000047C48F10008E41948F100072418ACF10E
:100B1000100C204643EB0703A2E754F8045B2D18A2
:100B2000A7F10407284643F10003A8E7801841F124
:100B30000003C3E72DE9F04790F84730C3F30213F1
:100B4000022B054674D183680022002B45D195F80D
:100B50004630CC1AB5F84A302846E41A1444D5E990
:100B6000038700F002FA95F8473095F8461003F035
:100B7000010643F0010385F84730A4B22039284626
:100B800000F04EFA296920222046FFF751FFB5F800
:100B90004A1004462031284600F042FAEA6862B161
:100BA0002B6953B1B2F81090D2689B1AA9EB0309D4
:100BB000D5F80CA0BAF1000F13D1002C35D064BACF
:100BC000A4B295F84730C5E9038766F30003E04314
:100BD00085F8473080B2BDE8F087188A5B68024428
:100BE000B3E7204629694A46FFF722FFDAF80430C6
:100BF000EB600446002BE0D01A8A002ADDD0DA68C8
:100C00002A6119F0010F0DD0117801320C44A4B201
:100C10002A61A142B3F8109084BF0134A4B209F153
:100C2000FF39C5E7B3F81090C2E74FF6FF74C8E785
:100C30000020D0E738B5C36804460D465868E06028
:100C400030B14DB10C30FFF730F9E3680028F5D032
:100C5000E3681BB9236138BD008AF6E7DB68F9E772
:100C600038B50446C0680D4688B171B10C30FFF745
:100C70001CF9D4E90323D2689B1A834207D1294681
:100C80002046BDE83840FFF7D5BF008AF1E738BD00
:100C9000F8B50446164694F84730C068DA070F46A0
:100CA00015D4A6B10C30FFF700F90546D4E90303CB
:100CB000C2689B1A3B44AB4211D194F84730DB0722
:100CC00008D431462046BDE8F840FFF7B3BF058A97
:100CD0000026EBE70C30FFF7E8F8A842F1D92369CA
:100CE0003B442361F8BD2DE9F04F85B0824602A850
:100CF0000D4693461F4603F006F8DDE902890024FD
:100D000026465A463B4650460194FFF7ABF80199F8
:100D1000044628B9CEB90026304605B0BDE8F08FAC
:100D200006B981B14C60638AAB4288BF6582638A31
:100D30004246ED1A02A84B4603F009F8DDE902B776
:100D4000002DDED1E8E70646EDE73046E8F7CAFCBD
:100D5000E1E70346002003B970471A8A5B68104434
:100D6000F9E72DE9F8439DF8208004460F46164622
:100D70009946E368002B00F083800EB9304684E08A
:100D800094F8473013F0010F20460CBF4146002174
:100D9000FFF766FFE068002875D0B8F1000F1ED09D
:100DA00094F84730DD071AD40C30FFF77EF8D4E909
:100DB0000323D2689B1AC51A002D64D0B54228BF00
:100DC0003546B9F1000F2ED07FB9B8F1000F43D1ED
:100DD000424629462046FFF75BFF002731E02369A2
:100DE000C268058A9B1AED1AE6E720692A46B8F11F
:100DF000000F0DD0394603F06DFA94F84730D9074B
:100E000030D5012229462046FFF742FF4FB9E4E7DB
:100E10000146384603F05EFA424629462046FFF76F
:100E200037FF2F440DE077B1396820692A4603F077
:100E300079FAB8F1000F09D1424629462046FFF75A
:100E400027FF761B95E7B8F1000FC1D094F8473023
:100E5000DB0707D50122F0E794F84730DA0701D520
:100E60000122B6E7E06829460C30FFF710F8424649
:100E700029462046FFF70CFFB9F1000FC6D1E0E785
:100E8000002E3FF47BAF6FF06800BDE8F8832DE9DA
:100E9000F04106460F4615461C4602F0D7FD08B144
:100EA00000252C46802F06D82A4623463046BDE82A
:100EB000F041FEF7D7BF0020BDE8F08108B1E8F7A8
:100EC00011BC704710B5044610B3BFF35B8F236BA2
:100ED000BFF35B8F04F13002D3B1BFF35B8F591EB8
:100EE00052E8000F984204D142E8001CBCF1000F08
:100EF000F6D1BFF35B8FE8D1012B09DCA06808B104
:100F0000FFF7DCFF60682146BDE8104002F0EFBB50
:100F100010BD70B5044630B18568002625B9A068BB
:100F2000FFF717FF301A70BD05F10C00FEF7BDFF8B
:100F30006D680644F2E7F8B5044680680027054668
:100F400000B9F8BD038A46683BB9A368834207D15C
:100F5000A6604760E8F7C6FB284605463046EFE73F
:100F60006B68834208BF6E60F3E78368C36003B1B8
:100F7000DB680361704710B50C46E9F793F938B1A7
:100F800084612CB123685B7D80F8393080F8413072
:100F900010BD10B582680C4622B98160BDE81040D2
:100FA000FFF7E3BF1046FEF761FF2146BDE81040A2
:100FB000FEF762BF2DE9F04F85B0DDE9106704460A
:100FC0008B4602A815469A4632463B4602F09BFEE7
:100FD000204632463B465946DDE90289FFF7CBFF02
:100FE0000446C0B190F847306AF3061380F84730E2
:100FF000424602A84B4602F0AAFEDDE902679DF8D0
:101000003820CDE9006729462046E9F77FF918B175
:101010002046FFF757FF0024204605B0BDE8F08FBB
:1010200007B50123009300230A461946FFF799FEEE
:1010300003B05DF804FBF8B513680E4617469BB184
:1010400090B1846884B10025E268218A93420CD370
:101050005018834209D29B1A59193046FFF785FF71
:10106000FFF7DEFF33693B60F8BD64680D44ADB245
:10107000002CE9D1F8E7F8B590F8473091F847200F
:10108000C3F3021363F3061281F8472043694B61EF
:1010900090F8463081F8463090F8502091F8503062
:1010A00062F3050381F8503090F8503091F85020E9
:1010B0009B0963F3871281F85020D0E90823C1E926
:1010C0000823836A8B6290F85C3081F85C3090F87A
:1010D000482091F8483062F3000381F8483090F8D6
:1010E000473091F84720C3F3400363F3410281F88E
:1010F000472090F84730D2B2C3F3800363F38202F3
:1011000081F8472090F84730D2B2C3F3C00363F3AD
:10111000C30281F8472090F8483091F84820C3F383
:10112000C00363F3C30281F8482090F84830D2B27C
:10113000C3F3800363F3820281F84820B0F844309F
:10114000A1F84430836805460C46BBB18E68AEB149
:10115000436B4B63836B8B63C36BCB63036C0B641D
:1011600083689E4201F1340201F13C0706D0FFF78B
:1011700062FF3A4621462846FFF75DFF95F8473063
:10118000C3F30213022B13D195F8493084F8493088
:10119000B5F84A30A4F84A3095F84E3084F84E300D
:1011A000B5F84C30A4F84C3095F84F3084F84F30F7
:1011B0006B6D6365AB6DA365F8BD1FB5012303912E
:1011C000009303A90023FFF7CCFD05B05DF804FBF5
:1011D00007B5002300930123FFF7C3FD03B05DF8BB
:1011E00004FBF8B506460F461446F368002B46D0BC
:1011F000FB68002B43D00CB9204625E00121304686
:10120000FFF72EFD38460021FFF72AFDF068C8B130
:10121000FA68BAB1158A3B69D2680C309B1AED1A8C
:10122000FEF743FE0346D6E90320D268A542A0EBB1
:101230000202A3EB020301D9A34206D89D4228BFB4
:101240001D461DB96FF06800F8BD254639692A466C
:1012500003F040F896F84730DB0704D4F0682946DD
:101260000C30FEF714FE012229463046FFF710FD30
:10127000002229463846FFF70BFD641BB5E7002C1A
:10128000BAD0DFE783682BB9002914BF6FF01500CF
:10129000002070471A8A8A422CBF1982891A5B681B
:1012A00028BF0021EFE710B5C26803467AB1006994
:1012B00038B1996800238A4204D1D268801A034465
:1012C00098B210BD0C8A496823449BB2F3E71046DC
:1012D000F7E72DE9F04385B004460D469146984660
:1012E000FFF7E1FF0746A06894F84760A169FFF7A0
:1012F00030FD00230246CDE9029828460093FFF70F
:1013000059FE06F001060546F0B194F8473043F067
:10131000010384F847302046D4E90398FFF725FEFF
:10132000A068FFF716FD214602462846FFF759FF41
:1013300078B12846FFF7C6FD94F84730C4E9039812
:1013400066F3000384F847300025284605B0BDE861
:10135000F08395F8473043F00103204685F8473085
:101360002946FFF788FE2846FFF7FFFD17B13946EB
:10137000FFF756FE95F8473066F3000385F84730CF
:1013800094F8473066F30003C4E9039884F84730C3
:10139000DBE74168FFF79DBF10B590F847100446A2
:1013A00001F0010181F00101FFF75AFCE3688BB104
:1013B000206948B194F84720D20706D5188AD4E9A5
:1013C0000323D2689B1AC01A10BD03F10C00FEF76C
:1013D0006CFDF4E71846F7E773B5036999420446D4
:1013E0000E4615460AD1FFF7D7FFA84206D3294675
:1013F000204602B0BDE87040FFF712BE0123009303
:101400002A4631462046FFF7ACFC02B070BDF8B565
:1014100004464E680D46FFF7BFFF864203D8236996
:101420002B60286810E094F847302968DB07F8D56E
:1014300049B16A682046D4E90376FFF7C9FEC4E9DA
:1014400003760028EDD00020F8BDD1E90012FFF7A7
:10145000C3BF704710B504464FF0FF324FF0FF3363
:101460002046F5F7C7FC0028F6D0FEF79FFEF3E70D
:1014700000207047704707B5022300916946ADF818
:101480000430E9F701F803B05DF804FB0268034695
:1014900042B9406840B99A683AB9D868B0FA80F061
:1014A00040097047002070471046704710B590F80B
:1014B00047001488C0F30210844213D1022C13D1C8
:1014C00009686BB10831141D2046FFF7DFFF30B902
:1014D0001022204602F0EEFEB0FA80F0400910BD66
:1014E0001831F0E70020FAE70120F8E7F7B5042308
:1014F0000E4600276946CDE900730446FFF787FFD3
:101500000546B8B18770C770A069FFF710FA00B937
:1015100056B13A212046FFF70DFB688094F8483019
:1015200043F0080384F8483069462046FFF78DFFF2
:1015300003B0F0BD6FF06800FAE7F7B504230F467B
:1015400000256946CDE9005304461646FFF75FFFC4
:1015500048B1077046708570C57069462046FFF730
:1015600074FF03B0F0BD6FF06800FAE72DE9F341B6
:101570001568B1F84A30AA88C3F57F4352BAFC33E4
:1015800013449FB21BB2032B0E4605DC6FF004051B
:10159000284602B0BDE8F0814FF400420023CDE9B7
:1015A00000233946B0693A230222E8F711FF0446C6
:1015B0000028EBD02B7EFF2B05F1080810D1414607
:1015C000B069FFF72EF8036801465BB943684BB971
:1015D00083683BB9C3682BB92046FFF773FCD5E796
:1015E00005F118010023E363636396F8502094F833
:1015F000503062F3050384F8503096F8503094F878
:1016000050209B0963F3871284F8502020464246FD
:1016100000F03DF902460028DED181212046FFF787
:101620008CFF0028D8D13A4631462046FFF7D9FD35
:1016300005460028D0D12046FFF797FC3A212046E6
:1016400000F089F92046FEF724FD0028A0DAC3E760
:101650002DE9F047054686B0994600242823CDE9B8
:10166000024388469246FFF780FC02A92846FFF70E
:10167000CEFE0746002800F0B08083793A2B18D1BF
:1016800003990494042328460593FFF7C9FC04A991
:101690002846FFF7BCFE18B190F90030A34205DBE5
:1016A0006FF01505284606B0BDE8F0872846FFF71D
:1016B0005CFCBB79112B59D0062B59D0AB680020AC
:1016C000002B4FD195F83830022202FB0301002491
:1016D0004FF40043CDE900340431A8693A23E8F718
:1016E00077FE044600287BD095F83820696BFFF719
:1016F00073FE061E31DBA368DB68E36395F84020C8
:10170000E96B2046FFF768FE061E26DBA06895F809
:1017100040100C30FEF7C1FBA06850F80C3F63632B
:1017200095F83810FEF7B9FB95F8403084F838305A
:1017300095F8383084F840303B7EFF2B07F11801D4
:1017400003D1A069FEF76DFF014607F108022046AC
:1017500000F09DF870B16FF004062046FFF7B2FB71
:1017600035469FE71A8A5B681044A9E73020A9E74D
:101770003C20A7E7414652462046FFF7DEFE0146E1
:101780000028E8D1B8F1040F22D199FA89F3424632
:1017900004A920460493FFF71FFE06462046FFF7E4
:1017A000B8FB0246002ED8D129462046FFF719FD86
:1017B00005460028D1D12046FFF7D7FB3A21204625
:1017C00000F0C9F82046FEF764FC0028C5DB69E795
:1017D00004222046FFF7F1FCDFE76FF0040561E724
:1017E0006FF00B055EE773B5002204230E466946D1
:1017F000CDE900230446FFF70AFE054610B9022092
:1018000002B070BDA069FFF794F868B9019920464D
:10181000FFF706FC2A4631462046FFF72CFE2046FD
:10182000FFF750FB0020EBE73A212046FFF782F953
:101830000028EBD0E3E7026803464AB9406848B99C
:101840009A6842B9D86800F17F43584258417047BE
:1018500000207047104670474A8843889A4214D146
:101860008A8883889A4210D1CA88C3889A420CD148
:101870004B684268934208D18268934205D1C3689D
:10188000C868C31A584258417047002070472DE974
:10189000F34128230E464FF000086946CDE9008346
:1018A00005461746FFF7B3FD0446002850D095F8CB
:1018B000502080F8028002F03F039B0043EA92121E
:1018C0001B0943F0600312010370427080F803802B
:1018D00080F8048080F8058080F8068095F849300B
:1018E000C3713BB93A786B69FF2A29D11BB393F8CE
:1018F0007830E3713A4604F1180307F1100152F809
:10190000040B43F8040B8A42F9D1083406F11003A2
:1019100056F8042B44F8042B9E42F9D1282385F86D
:1019200046300023A5F84A3069462846FFF78DFD6A
:1019300002B0BDE8F081A869FEF71AFEE071D9E7B0
:1019400013B193F87730D4E7A869FEF727FEF5E7DF
:101950006FF06800ECE773B528230025CDE900534C
:1019600090F8473043F001030E4680F8473069464F
:101970000446FFF74CFD18B96FF0680002B070BD67
:10198000A2682B46D2B9283BC3F3072242EA0323BD
:10199000838094F84F30FF2B08BF3346837169462C
:1019A0002046FFF752FD94F84F30FF2B0AD1112E3D
:1019B00010D10021204600F019F8DFE7118A5268A3
:1019C0000B44DFE7B4F84A102046FFF729FB002854
:1019D000EDD0D1E73A2E04D100212046FFF786FD55
:1019E000CCE70020CAE700F000B870477FB50823B5
:1019F0000E460DEB03010446CDF808D00393FFF724
:101A000006FD054648B3A268002312BB94F84620A1
:101A1000B4F84A100A449B1A5BBAAB80A069FEF77F
:101A200086FF00B97EB111212046FFF783F84FF6FB
:101A3000FF73002818BF0346EB8094F8483043F04A
:101A4000080384F8483002A92046FFF7FEFC04B0E2
:101A500070BD118A52680B44D7E76FF06800F6E753
:101A600070B504460E46FFF7D2FC054610B90025B6
:101A7000284670BD31462046FFF7E7FC03460028A4
:101A8000F5D1AA88A16852BA92B2B1B994F84610B9
:101A9000B4F84A0001445B1A9A42E8D1A069FEF703
:101AA00048FF0028E4D0EB88002BE0D0112120462D
:101AB000FFF740F80028DBD0D9E7088A49680344DB
:101AC000E3E710B50369C0E905330023C360837FF2
:101AD000044613B1407AEAF7F7FB0123237700238A
:101AE0006377E377A37710BD0A460121FDF74ABF6C
:101AF000F5F7CCB8F5F742B938B50446E9F70AF876
:101B0000054660B1037A6BB120460024EAF760FC19
:101B10002846AC77FFF7D5FF2C72204638BD6FF012
:101B20001500FBE76FF07700F8E770B504460E4646
:101B30001546E9F789FD30B906B925B12046BDE85B
:101B40007040E9F7D7BD70BDC343C3F3C01300F0C5
:101B50000F0000EB0310704708B5E9F759FE8182CA
:101B600008BD08B5E9F754FEEFF31183402282F374
:101B70001288BFF36F8F02690A60027B2AB9807DE9
:101B800083F31188BFF36F8F08BD0420F8E7036962
:101B9000C9B20C2201FB0233986C00F007007047B9
:101BA00070B5C9B20369EFF31185402484F312883C
:101BB000BFF36F8F0C2606FB0134A46C14F0C00435
:101BC00008D0A24206D085F31188BFF36F8F4FF083
:101BD000FF3070BD71430B4401229A6485F3118874
:101BE000BFF36F8F43680B445B6898470020F0E7B2
:101BF0008022FFF7D5BFF8B5069F0469C9B2EFF39D
:101C00001186402585F31288BFF36F8F0C25694339
:101C10000C44A56C05F0070CBCF1010F0BD1A764B7
:101C200086F31188BFF36F8FC4E9102343685B58B4
:101C300098470020F8BD05F0C005AF4286F3118833
:101C4000BFF36F8F0CBF6FF077004FF0FF30F1E7FD
:101C500013B580240094FFF7CEFF02B010BD0069D9
:101C6000CBB200EB4310002110470020ECF75ABE26
:101C7000002000F0DEBB1046F5F7EEB832207047CA
:101C8000F7B50F4616464FF480650024A64203D8E8
:101C900016D0162003B0F0BD331BB3F5806F38BFEC
:101CA0001D462A4601AB39190020F9F7A7FE20B9D5
:101CB000019BAB4201D12C44E8E76FF01500E9E746
:101CC0000020E7E7002208B511461046F9F766FE46
:101CD000002818BF6FF0150008BD18B901F13000D9
:101CE000F5F7BAB8704737B50D46416811B3D1E979
:101CF0000013846804B3D4E90024F4B1EBB19C422E
:101D00001ED10133092B1BD800788DF8013040F229
:101D100001138DF80000ADF80230684600238DF8FD
:101D200004308DF80550F4F707FC03B0BDE83040EF
:101D3000EAF784BF0B46DCE7224601332344E1E7A0
:101D40006FF0150003B030BD7FB5FF238DF8033071
:101D50000DF10303002101930123CDE90231052395
:101D60008DF80C3003A801AB04910593FFF7BBFF7E
:101D70000028A8BF9DF8030007B05DF804FB1FB55D
:101D8000002188420CBF0623042301A8CDE90111DC
:101D900003918DF80430FFF7A6FF002818BF6FF0FD
:101DA000040005B05DF804FB38B50446056900225F
:101DB00000232846F5F774F895F848301BB9AB684E
:101DC0000BB9F4F71BFC20691830BDE83840F5F773
:101DD00043B810B504460069F5F73EF8206918309D
:101DE0004FF0FF32BDE810404FF0FF33F5F758B821
:101DF00038B505460C4601F07CFB002D07DBA842F8
:101E000005D9401B84428CBF0020012038BD002032
:101E1000FCE770B50D462846194616461C46FFF7E6
:101E2000E7FF28B921462846BDE87040EBF74EBAD7
:101E300024B122462946304602F04CFA002070BDFB
:101E400043685B68D3F810350B6000207047436827
:101E50005B6802EA010021EA0201C3F80805C3F841
:101E60000C150020704743685B680020C3F8081514
:101E7000704743685B680020C3F80C1570474368DF
:101E80005A68D2F8043521EA03000B40C2F808056D
:101E9000C2F80C350020704710B503695868F8B1D6
:101EA000884219D19C6808685860A14200D19860A6
:101EB000002008602AB15A680A609A68596002B91D
:101EC0009960002010E0814206D10868206098687F
:101ED0008142EDD19C60EBE7044600680028F2D116
:101EE000002AE8D16FF0150010BD13B54FF08052F5
:101EF0000829136E526E28BF082112BA00921BBA2D
:101F00000C460A466946019302F0E4F9204602B005
:101F100010BD14207047704708B500F029FC4FF43D
:101F20007A73A0FB030203FB012108BD08B5A1F1F0
:101F30000B030F2B06D90A298CBF6FF015006FF029
:101F4000850008BDC8B200F067FB0020F9E737B58F
:101F500003681B681C69F4232371CE2363714FF05F
:101F600080523623A371136E526EC4F80720CDE958
:101F70000023E37208220123211D0546FEF75BFAC8
:101F80002846256003B0BDE83040E7F7DBBB07B566
:101F9000C9B132B9186800F057FB002003B05DF8F2
:101FA00004FB012A06D11B88ADF8043001A800F01B
:101FB0004DFBF2E7022A06D11B88ADF8043001A8D8
:101FC00000F040FBE9E76FF08500E7E710B5046932
:101FD00000F07FFB10B96FF00F0010BD4FF0FF3322
:101FE0004FF0FF3204F2E450F4F75AFF94F8FC3556
:101FF000002BF0D00020F0E708B500F029FB18B95D
:10200000BDE80840EBF7E4BD002008BD30B54368EB
:102010001360057A446804EBC504A34202D36FF051
:10202000010030BD5C798C4201D00833F0E700201C
:10203000F7E743681B68D3F88004C3F8800470474F
:1020400010B544682368C3F84415C3F84825002236
:10205000C3F82021D3F82011C3F85821D3F8582110
:102060006268D20608D5426812680821C2F80015D5
:102070004FF48002C3F8042301229A6010BD436824
:1020800002691B68D3F8100150B1926900201278E0
:102090000A70C3F81001D3F8102101221A607047AA
:1020A0004FF0FF307047002A10B5044610DD43683A
:1020B0001B68D3F8100150B122690020C3F8100149
:1020C0009269D3F8100112780A700120186010BDCF
:1020D0000020FCE7436801691A68EFF31183402090
:1020E00080F31288BFF36F8FC968002088734FF4A4
:1020F0008001C2F8041383F31188BFF36F8F704718
:102100000369DB6801229A7370470369DB689A7B75
:1021100002F0FF0162B942681268D2F8580140B17A
:10212000D2F8040310F4800003D019610120704735
:102130000020704743681B68D3F81001003818BFAF
:102140000120704743681B681022C3F804237047BE
:1021500043681B681022C3F80823704743681B6854
:102160004FF40072C3F80423704743681B684FF4B0
:102170000072C3F80823704738B543681D68D5F866
:1021800004335B02044605D4D5F8040310F01000B4
:1021900006D138BDFFF7B9FF0028F5D00120F8E7D8
:1021A0002046FFF7C7FF003818BF0120F1E70120E4
:1021B00070470369D8680160DB685A60704702683D
:1021C0000346D2F8580140B95B689B0706D4D2F8A1
:1021D0002001003818BF0120704701207047F8B572
:1021E0000669F3689C89BFF35B8F9442A8BF1446CD
:1021F00005461033012253E8000F002803D143E8BD
:102200000027002FF7D1BFF35B8F0CBF13460023CD
:102210001ED1F3682246986802F05CF8EFF311874C
:10222000402383F31288BFF36F8F6868FFF7C7FFFF
:10223000F36838B91861044687F31188BFF36F8FCC
:102240002046F8BD996822462846FFF7F9FEF3E7D5
:102250001C46F5E710B442681368D3F80413C905A7
:1022600017D5D3F82011A1B1EFF31181402484F3E5
:102270001288BFF36F8FD3F8204134B10024C3F824
:102280002041D3F820410124DC6081F31188BFF3A1
:102290006F8F5268D20619D5EFF31181402282F375
:1022A0001288BFF36F8FD3F8582112B10022C3F800
:1022B00000250269D2680AB112691AB94FF4800286
:1022C000C3F8082381F31188BFF36F8F0269D468C4
:1022D0006CB1D3F8581161B100212161D468A47B9D
:1022E0003CB14FF48000C3F80803D368997310BC65
:1022F0007047D3F8241121B10021C3F82411D3F879
:102300002431D2681368002BF1D0516810BC1847F3
:1023100010B50022044601212820E6F747FE2820B8
:10232000E6F714FE2046BDE81040EBF743BE10B5BB
:102330000022044601210220E6F738FE0220E6F7DB
:1023400005FE2046BDE81040EBF734BE00F1500317
:102350009B009BB203F1804303F5883300221A608F
:102360001B687047EBF796BFEBF7DCBF1FB500218A
:1023700002910799019106990091ECF75BF805B07D
:102380005DF804FB1FB5012102910799019106999F
:102390000091ECF74FF805B05DF804FB08B5ECF7D9
:1023A00027F808BD684620F007018D4601B5DFF724
:1023B00055FCE6F77DFABDE801408546704708B553
:1023C0004FF0FF314FF0FF30ECF714FAE2F787FDE2
:1023D000BDE80840ECF716BA684620F007018D46C4
:1023E00001B5DFF7F5FBBDE801408546704768465B
:1023F00020F007018D4601B5DEF760FEE6F758FADA
:10240000BDE801408546704708B5E2F72DFA002087
:1024100008BD07B501A800F09DF92D2301A88DF88E
:1024200005308DF8063000F08EF9002003B05DF81D
:1024300004FB012801D1DEF7EDBE70477047DEF7DF
:1024400033BF08B5E1F78EFC30B1EFF305800338F8
:10245000032894BF0020012008BD7047002070476A
:1024600010B53B29046901D00C2904D1E1F7F0FC37
:102470002060002010BD6FF08500FBE7F9F738BA47
:1024800008B5E6F7BBF8E6F78FF9BDE80840F9F7BD
:102490002FBA08B530B129B1E7F746F8003818BFB0
:1024A000012008BD0720FCE708B50020E3F7CAFFBC
:1024B00000207047704708B5ECF7BEFCBDE8084047
:1024C000ECF7BEBB10B50446ECF792FD2046ECF7E6
:1024D00049FB2046BDE81040EDF76CBA0C20704770
:1024E0000C2070476FF063007047EDF7EBB80C20DD
:1024F000704770477047704783685B6A03B118473D
:10250000704783689B6903B11847704783685B6CA9
:102510000BB101221847704710F1870F06D030B178
:1025200010F18A0F0CBF032001207047072070476D
:10253000034638B1006828B19888884234BF00202B
:1025400001207047704708B504210246FFF7F0FFED
:1025500018B113680020186008BD0720FCE710B50B
:102560000A46044641B10421FFF7E2FF20B1236887
:1025700092681A60002010BD0720FCE70020704719
:10258000704713B50029AEBF002401240021009438
:102590000023FDF7F3FB02B010BDE6F7D7BCE6F76A
:1025A000E3BC08B5E6F7F4FC003818BF012008BD0D
:1025B0007047002383F31188BFF36F8F04231846FD
:1025C00002DF704773B50021019101680091044654
:1025D000006916461D46FFF7C9FEEFF3108372B679
:1025E000C4E9026583F3108802B070BDEBF700BF49
:1025F000F6F7E8B943F60952A0FB020302FB0131EA
:1026000040F2FF13C01841F10001400A40EAC150F6
:10261000490A70471F20704738B50446EFF71AFC87
:1026200005462046EFF71CFCA54204D0BDE8384023
:10263000002000F04EBE38BDEFF70CBCEFF71EBC1B
:1026400000F065BEEFF724BCEFF72EBCEFF73ABC05
:10265000012000F047BD08B5002000F043FD80F0E8
:102660000100C0B208BD07B56FF00103009300225E
:1026700001231146184600F053FD03B05DF804FB3A
:102680007FB508991D4600230293CDF80B30012336
:10269000044616468DF80A3021B9EFF7DBFB02A994
:1026A0008DF80B0048780B7800B953B98B7813B1CB
:1026B0008B79FF2B07D0009132462B46204600F045
:1026C00042FE04B070BD0020FBE70146002000F090
:1026D000A3BD002000F0C1BD10B590F880300446C5
:1026E0000BB1FFF766FF204600F0D5FD18B9BDE835
:1026F0001040FFF75EBF10BDEFF780BBEFF78CBB5C
:10270000EFF7A0BBF2F73AB910B4DBB214469DF86C
:1027100004200193234610BCF2F75AB8F2F7D0B860
:10272000F2F712B9F2F74EB807B5002300931A4634
:10273000F2F74EF803B05DF804FB0022F2F7C0B8E0
:102740000021F2F701B908B5EFF7C4FBBDE8084076
:1027500000F0DDBDEFF7DCBB08B501F0F9FB00F0E0
:102760000703400000F05000184340F0880008BD07
:1027700001F0D4BCF1F716BEF1F71ABEF1F776BD41
:10278000F1F7DCBD7047704710B501380A4491423B
:1027900000D110BD11F8013B10F8014F63400370E8
:1027A000F5E7EBF7F1BAEBF7F9BAEBF701BBEBF7AB
:1027B0000FBBEDF751BDEBF771BAEBF7A5BAEBF72D
:1027C000D3BA08B5EDF786FFBDE8084001F087BC35
:1027D00070B504460D461646EFF706FA30B132469C
:1027E00029462046BDE8704000F039BC70BD7FB579
:1027F000017801316B460122C9B200F06DFB18B1BE
:10280000009B5878C0F3401007B05DF804FB08B592
:10281000EFF7BAFF00F018FA404240B208BD37B5F2
:10282000002400256846CDE90045F6F771F928B97E
:10283000CDE90045DDE9000103B030BDDDE900323E
:102840001343F7D101220023CDE90023F2E708B5B5
:1028500000F054F820B1EEF709F810B9EFF7F6F9E7
:10286000002008BD08B5EFF7D1FA18B9BDE8084057
:10287000EDF784BF0220EDF781FF0021BDE808409D
:102880000846EEF75BB80020EDF778BF10B50446B8
:10289000FFF7E8FFEFF76EFA204600F0FBFBBDE81C
:1028A0001040EFF7FDB9FFF784BE38B50546FFF7D6
:1028B000CEFF044668B1012211462846EEF772F9B0
:1028C000044620B10820EDF759FFEEF789F8EFF73D
:1028D000BDF9204638BD01207047F1F7D3BE00F0A6
:1028E00043B9F1F721B9F1F7DFBE10B50446F1F7AE
:1028F00095FC2046BDE8104000F02FB90020EFF70E
:1029000009BA08B50120EFF705FA18B9BDE8084083
:10291000FFF74FBE08BD01F01DBB837AFF2B1DBF23
:102920000268D05C00F007000020704707B5837A8A
:10293000FF2B1CBF0268D35C027B14BFC3F3C1032F
:102940000023FF2A8DF8003016BF036800239B1870
:1029500068460193F1F7FEFCB0FA80F0400903B03D
:102960005DF804FB38B50C460546F0B1F1B1EFF760
:1029700097FA621E00F1080313F8011D02F8011F07
:102980009842F9D1EA7AFF2A16BF2B6800239B18D8
:102990002846DA7822729A7862725A78A2721B7884
:1029A000E372FFF7BAFF2073012038BD0846FCE749
:1029B0002DE9F04107687C7804F0070314F0040463
:1029C000884639D1002B3AD0032B08BFBC78027C53
:1029D00090F817C0394608BF84F0200411F8013B75
:1029E00008BFC4F34014FF2A0CBF9D1E02F1FF353F
:1029F000A3EB02060CBF2D192D1906F1FF3607BFF8
:102A0000EDB20027EDB2BF18A6EB0C06FFF785FF6D
:102A1000361B0328F6B214D8D8B90146054603463A
:102A20000746C8E9065388F82400C8F81010C8F80B
:102A300020700120BDE8F081053B022B0ED800205C
:102A4000F8E70538C0B20228F9D8002327443046F9
:102A5000E7E70023354418461F46E2E7FFF7A9FDE4
:102A6000EDE738B505460C46FFF760FF10B90021C9
:102A7000084638BD04F125012846FFF773FF0028FA
:102A8000F5D021462846FFF793FF01460028EED0F7
:102A90002846FFF742FF00F0030084F832002B685D
:102AA0006363E5E710B503685B78C3F3C0011B07F8
:102AB0008EB004460FD5FFF730FF48B16946204677
:102AC000FFF7CFFF014618B16846EDF783FC0146DA
:102AD00008460EB010BD0121FAE7EDF775BCF0B560
:102AE0000D469BB004461746EDF76EFC2E781EB1DE
:102AF000012630461BB0F0BD2178013106AB06221D
:102B0000C9B2204600F0E8F908B9FFF752FD069B6C
:102B10005B781B07ECD506A8FFF7FFFE0028E7D07F
:102B20000CA906A8FFF79DFF60B91822002168468E
:102B300001F0F8FB2B88ADF800306A4608212046EA
:102B4000B847D6E70CA8EDF745FC0028D0D1ECE754
:102B500008B5EDF78DFC012008BDEDF789BC08B57F
:102B6000EDF79AFD012008BDEDF796BDF8B50F46CB
:102B700015461E46044608B9FFF71BFD0FB9FFF7BF
:102B800018FD731EFE2B01D9FFF713FDB5FBF6F5FB
:102B9000AB1EFD2B01D9FFF70CFD0023A3712760AD
:102BA00065712671E371F8BD82790179006801FBD6
:102BB00002007047837942790133DBB29A4298BFB1
:102BC000002383717047C2790179006801FB02001C
:102BD0007047C37942790133DBB29A4298BF002330
:102BE000C371704783794279C0790133DBB29A426D
:102BF00098BF0023C31A58425841704708B5EDF7F3
:102C00006BF810F11D0F11DB10F1090F10DB0A2812
:102C100010DD1E2810DD322810DD462811DD552874
:102C2000CCBF6FF003006FF0020008BD0320FCE78B
:102C30000220FAE70120F8E70020F6E74FF0FF3026
:102C4000F3E76FF00100F0E710B50446FFF7D6FF99
:102C50002044C0B210BD10B50446FFF7CFFF201AC4
:102C6000C0B210BD10B50446C0B2FFF7C7FF201AAE
:102C700000B210BDFFF7EFBF08B5FFF7F3FF5C38F8
:102C800040B208BD08B5F0F7EDF9F2F7A3FAF2F794
:102C900045FB08BD08B504200121F0F771FABDE835
:102CA00008400C20F0F712BB08B58000002100F0AE
:102CB000FC00F0F765FABDE80840F0F78FBA08B5F8
:102CC000EFF7C2FABDE80840EFF768B9EFF740BA8E
:102CD000EFF722BA08B500F003F808BD7047704757
:102CE0000620704700BF00BF00BF00BF00BF00BF8D
:102CF000704737B5ADF80410C9B20446154641B166
:102D00009DF905102A46204603B0BDE83040E1F7A2
:102D1000BDBDEFF7ADF80146F4E738B50546EFF76E
:102D200099F80446EFF7A4F82A4601462046BDE884
:102D30003840E1F7ABBD08B5037A012B12D8BFF3D9
:102D40005F8FD0E84F3FDBB28B4203D0BFF32F8FB2
:102D5000002006E0C0E8432F002BF2D1BFF35F8FC5
:102D6000012008BDFFF725FCF2E7582370B50446A3
:102D700003FB0105AC4201D1002608E020460222F7
:102D80000121FFF7D8FF264658340028F2D03046FC
:102D900070BDF8B5846901F0C1F9D4E91067BFF3DB
:102DA0005F8F94F8483094F8492001335B0192B961
:102DB000A0339D1947F10002A84291410ED2C4E907
:102DC0000852A36304F11000F5F788FD00B3BDE8D5
:102DD000F840FFF7EEBB03F53073EAE761680022C5
:102DE000082000F02BF908B9FFF7E3FB4FF0FF33A1
:102DF0006360012204212046FFF79DFF08B9FFF719
:102E0000D8FBEFF703F818B9BDE8F84000F06AB94D
:102E1000F8BD08B54FF0FF33436001220221FFF7F0
:102E20008AFF18B9BDE80840FFF7C3BB08BD38B535
:102E30000546F0F771FC044608B9002038BD284665
:102E4000002101F000F9054604F11000F5F77EFDC0
:102E50000DB90028F1D14FF0FF336360BFF35F8FEE
:102E600001202070BFF35F8FE8E703785A0607D18F
:102E70004278DB0943EA42037E3BDBB2012B04D9F3
:102E8000884234BF00200120704701207047837AB8
:102E9000FF2B12D00268D25C012302F0070293409C
:102EA00013F0220F0BD113F0440F0AD113F0880F47
:102EB00014BF01200020000170470020704704204B
:102EC000704708207047022804D0C31E584258415A
:102ED000C00070470420704730B40D46114690B1D1
:102EE000186000224FF0FF30C3F811005D71C3F885
:102EF0000600C3F80A00D8811874586130BC1A71F2
:102F00001846F0F715BF30BC70470B4611464279A2
:102F10009A4238BF4371F0F70BBF10B586B0F1F796
:102F2000D1F84B78C3B9017801316B460622C9B29A
:102F3000FFF7D2FF08B9FFF73CFB9DF80F00FF2811
:102F40000AD000990B78013BDBB2FF2B084414BF79
:102F5000C9180021F1F7D0F8012006B010BD10B556
:102F6000034690F82100A8B10A785C7E944212D101
:102F700084B1486870B103F11001631E022B9ABF3F
:102F80006FF0020202EB8402002201F093F9B0FA22
:102F900080F0400910BD0020FCE708B5F1F7B8FF4C
:102FA000BDE8084000F024B808B500F022F8BDE8FC
:102FB0000840F1F769BD10B503685B789B060446CD
:102FC00001D4FFF7F6FA23689B7803F03003102B47
:102FD00002D0202B05D04BB92046BDE81040F1F7B8
:102FE000A9BF2046BDE81040F1F76EBD002010BD1E
:102FF0007047704770B500232826012406FB03059F
:10300000D5E84F2FD2B242B1BFF32F8FBFF35F8FFE
:1030100001339942F2D1FF2070BDC5E8424F002A2A
:10302000EED1BFF35F8FD8B2F6E708B5F1F7C0FF76
:1030300018B9BDE80840FFF7BCBA08BDF1F7D6BF24
:1030400038B504460D46F0F77BF929462046F1F7DE
:10305000F5FF18B9BDE83840FFF7ABBA38BD08B581
:10306000F2F710F818B9BDE80840FFF7A2BA08BD9A
:1030700008B5F2F72FF818B9BDE80840FFF799BA7C
:1030800008BD08B5F2F742F818B9BDE80840FFF7E7
:1030900090BA08BD08B5F2F753F818B9BDE8084072
:1030A000FFF787BA08BD08B5F2F764F818B9BDE8AC
:1030B0000840FFF77EBA08BD10B5EEF705FE0446DE
:1030C0001720ECF7BFFD84428CBF0020012010BD0B
:1030D00008B51720FFF765FA18B9BDE80840FFF7F3
:1030E00068BA08BD37B5002304468DF80730FFF7EE
:1030F000E3FF054640B12046EEF774FB8DF807006C
:103100009DF8070003B030BDFFF7E2FFF2F7C8F803
:103110000DF1070205700472C260F2F7D7F8EFE70D
:103120002DE9FF411C460023DDF828808DF80F3083
:1031300007460E461546FFF7BFFF70B1CDF8008079
:1031400023462A4631463846EEF764FB8DF80F00D9
:103150009DF80F0004B0BDE8F081FFF7B9FFF2F76A
:103160009FF8012303700DF10F0307734673856009
:103170008473C0F810804361F2F7A8F8E8E72DE9FE
:10318000FF411C460023DDF828808DF80F300746EC
:103190000E461546FFF790FF70B1CDF8008023462C
:1031A0002A4631463846EEF75FFB8DF80F009DF852
:1031B0000F0004B0BDE8F081FFF78AFFF2F770F866
:1031C000022303700DF10F03C0E904540773467323
:1031D000C0F808808361F2F779F8E8E713B50023B7
:1031E00004468DF80730FFF767FF40B12046EEF741
:1031F000C7FB8DF807009DF8070002B010BDFFF770
:1032000067FFF2F74DF8032303700DF107038460A5
:10321000C360F2F75BF8EEE737B5002305460C46CE
:103220008DF80730FFF748FF48B121462846EEF7F2
:10323000E1FB8DF807009DF8070003B030BDFFF7F4
:1032400047FFF2F72DF8042303700DF10703057211
:103250000461C360F2F73AF8EDE713B500230446C2
:103260008DF80730FFF728FF40B12046FFF71DFB20
:103270008DF807009DF8070002B010BDFFF728FF8A
:10328000F2F70EF8052303700DF107030472C36013
:10329000F2F71CF8EEE713B5002304468DF807306B
:1032A000FFF70AFF40B12046EEF7C8FB8DF8070094
:1032B0009DF8070002B010BDFFF70AFFF1F7F0FF1D
:1032C000082303700DF107038460C360F1F7FEFF6C
:1032D000EEE713B5002304468DF80730FFF7ECFE48
:1032E00040B12046EEF7C6FB8DF807009DF80700B9
:1032F00002B010BDFFF7ECFEF1F7D2FF0923037017
:103300000DF10703C3600472F1F7E0FFEEE707B5C4
:1033100000238DF80730FFF7CFFE40B1EEF7CEFB6C
:103320008DF807009DF8070003B05DF804FBFFF778
:10333000CFFEF1F7B5FF0A2303700DF10703836099
:10334000F1F7C4FFEEE7F0B585B01C4600230A9FF5
:103350008DF80F3006461546FFF7AEFE58B10097C0
:103360002A4623463046F0F71DFB8DF80F009DF8E6
:103370000F0005B0F0BDFFF7ABFEF1F791FF0E2394
:1033800003700DF10F03C0E9045486608761C361C7
:10339000F1F79CFFEBE737B5002305460C468DF8A7
:1033A0000730FFF789FE48B121462846F0F714F9A7
:1033B0008DF807009DF8070003B030BDFFF788FEC9
:1033C000F1F76EFF122303700DF10703C0E90254F9
:1033D0000361F1F77BFFEDE7004700F0CAB8C000DA
:1033E00000F1804000F5F830C0F81015C0F8142541
:1033F0007047F7B5019001A8DDE9084716461D465C
:10340000F2F774F9019BB6F1000C18BF4FF0010CF4
:1034100000EB83000B1E18BF0123002D43EA4C0371
:1034200014BF4FF00C0C4FF0000C002C43EA0C03BF
:1034300014BF4FF4E06C4FF0000C002F43EA0C0374
:10344000D0F8002714BF4FF4403C4FF0000C43EA83
:103450000C0322EA030301B109780EB13678760035
:1034600019430DB12D78AD0031430CB124782402FD
:1034700029430FB13F783F040C433C43C0F8004759
:1034800003B0F0BD1FB50DF10F03019300238DF8BC
:103490000F1000931A461946FFF7ABFF05B05DF811
:1034A00004FB38B5054608460C46F2F771F9B0B191
:1034B0000846F2F761F990B90846F2F751F92A681F
:1034C00001238340C2F808332A6803B202EB830366
:1034D000D3F8102522F00302C3F8102538BD20468A
:1034E0000021BDE83840FFF7CDBFF2F7D7B9FFF7AD
:1034F000D8BF4FF080531A695869504370474FF056
:103500008053186970474FF080535869704700F135
:1035100080431A68002A1FBF00221A601B6801201E
:1035200008BF002070474FF080434FF46072C3F82B
:10353000042370474FF080434FF46072C3F80823B0
:10354000704708B5F2F74CFDBDE80840FEF777BFBD
:103550000223F2F7DFBD0323F2F7DCBD00210220D6
:10356000F3F768B8F3F7FEB808B5FFF7FBFF0020E4
:1035700008BD08B1E5F7AEBF7047704740B1C368FA
:10358000587810F001001EBF1878B0FA80F040099A
:103590007047EFF31183402383F31288BFF36F8FDB
:1035A000FEE710B5D0E9003433B90020E268537863
:1035B00043F00103537010BD204698470028F4D013
:1035C0000028B8BF4042E368FF28A8BFFF2018705A
:1035D000ECE700F0A7BE00F07DBE10B400F10C04D3
:1035E000C0E9034410BCFBF7FABB2DE9F04F89B0EA
:1035F000DDE9126705463B46914606A8324605912D
:1036000000F081FBDDE9063405F1140ACDE902344E
:10361000EFF311844FF0400888F31288BFF36F8FE7
:1036200005F10C0B05994A462846FBF764FB30B1BF
:1036300084F31188BFF36F8F09B0BDE8F08F3E436C
:10364000F6D0DDE9022306A800F081FBDDE906677C
:103650005A46CDE9006721465046F3F7D7FFEFF30E
:10366000118488F31288BFF36F8FDBE738B5044607
:10367000EFF31185402383F31288BFF36F8FFBF7BD
:10368000F1FA04F10C0000F0CFFA30B1294604F150
:103690001400BDE83840F4F729B885F31188BFF36A
:1036A0006F8F38BDC2688369134313F003030CD1D5
:1036B00003614169994201D8002070470169116096
:1036C0008169026101330A44F3E76FF01500704726
:1036D00010B5C0E905320023C160C361037204461E
:1036E000FFF7E0FF0028A8BFC4E9004410BDF8B50B
:1036F00004460D46EFF31186402383F31288BFF38F
:103700006F8F07696FB900F05DFA50B1C767456107
:1037100000F0E3F9314604F10800BDE8F840F3F7A2
:10372000E5BF23692B60E3692561013BE36186F313
:103730001188BFF36F8FF8BD08B54024EFF31183F4
:1037400084F31288BFF36F8FFCF72DFBF6E790F937
:103750000E308B4201D0F3F785BF0020704703463F
:103760000020C3E90200C3E9003370472DE9F843A4
:10377000994604469DF820300D46904600F1080712
:10378000EFF31186402282F31288BFF36F8F03B1EB
:10379000456804F10C0000F015FA58B10023C36726
:1037A000C0F8148000F099F938463146F3F79EFFCF
:1037B00000200CE0B9F1000F1BD00821F4F79EFBAC
:1037C00038B986F31188BFF36F8F6FF00B00BDE837
:1037D000F8830122C0F804800260016801F003014F
:1037E0005DB922680A430260626820606AB960605D
:1037F0000BE0C8F800904046EFE72A68032A10D88B
:103800000160616839B9C4E90000042104F11400C1
:1038100000F02CFBC8E70A6802F0030202430A60CA
:10382000E5E722F003020A4302602A6802F003027D
:1038300040EA02032B60E8E710B5044630B10268A5
:10384000930703D0446809B100F02AFB204610BD5D
:103850000023C0E90033037200F10C03C0E9033315
:1038600000F11403C0E90533704707B50123009345
:1038700000230A461946FFF779FF03B05DF804FB01
:1038800007B500230A4600931946FFF76FFF03B000
:103890005DF804FB5AB18A4209D300F11003C0E974
:1038A0000212C0E90000C0E90433002070476FF045
:1038B00015007047026801238B4022EA030303606E
:1038C00022FA01F000F00100704710B50321044610
:1038D0000C30FFF7EFFF30B104F1100000F0F8F901
:1038E000B0FA80F0400910BD20B1002211468830A6
:1038F00000F0CCB9704770B5C368C3F340069B07AE
:10390000044616D4856802210C30FFF7D3FF80B13E
:10391000D5F880206AB194421DD122689EB9D5F8AD
:103920008430C5F880209C4201D1C5F88420002352
:103930002360E36813F01F001EBF43F00203E3603F
:1039400040F0020070BD3260D5F88420944208BF78
:10395000C5F88460EBE716461268DBE773B50446EA
:10396000EFF31185402383F31288BFF36F8F002399
:10397000A0F11006032104380193FFF79BFF28B143
:10398000A369019301A93046F3F78EFB85F31188F3
:10399000BFF36F8F02B070BD38B504460D461022DC
:1039A000002100F0BFFC656038BDEFF311834022B9
:1039B00082F31288BFF36F8FC06800F01F0083F39B
:1039C0001188BFF36F8F704713B501900846EFF36E
:1039D0001184402383F31288BFF36F8F01A9F3F79B
:1039E00063FB84F31188BFF36F8F02B010BD10B575
:1039F000FFF7EAFF041E08DDEFF31180402383F395
:103A00001288BFF36F8FF3F7A1FE204610BD38B5C3
:103A1000302204460D46002100F084FC4FF48073F0
:103A20006560E36038BD38B50446EFF31185402387
:103A300083F31288BFF36F8FFFF747FF2046FFF72E
:103A40005AFF85F31188BFF36F8F38BDEFF3058000
:103A5000003818BF012070476FF0570070470020F2
:103A60007047F3F755BED0E9003213605A60002367
:103A7000C0E90033704708B5FFF7F5FF437B23F03B
:103A8000020343730023836008BD38B504460D4626
:103A9000F3F7CAFC637B43F002036373E5B1A560EF
:103AA0002B689D4209D16B68C4E900531C606C60AF
:103AB00012E06A689A42F6D01B68002BF3D094F9A2
:103AC0000E2093F90E108A42F3D09142F1DD5A682C
:103AD000C4E9003214605C6038BD10B5EFF31184A6
:103AE000402383F31288BFF36F8FF3F7B5FC84F3A1
:103AF0001188BFF36F8F10BD10B50446183000F069
:103B0000E7F8EFF31181402383F31288BFF36F8F3F
:103B1000627B12F0100204D081F31188BFF36F8F23
:103B200010BD2046BDE81040F3F7CABC08B5EFF35E
:103B30001181402282F31288BFF36F8F83680BB12B
:103B4000FFF799FF81F31188BFF36F8F08BD38B578
:103B50000446EFF31185402383F31288BFF36F8F80
:103B6000437B13F0280F0BD183680BB1FFF783FF62
:103B7000637B51B903F0FB0363732046F3F76CFCDE
:103B800085F31188BFF36F8F38BD03F0EB03F3E7C4
:103B900001211838FFF7DBBF08B50346EFF31181A9
:103BA000402282F31288BFF36F8F0068834207D0F0
:103BB00008B1FFF760FF81F31188BFF36F8F08BD75
:103BC0000020F8E738B5EFF31185402383F312881E
:103BD000BFF36F8F0468A0420DD034B12046FFF7C9
:103BE0004AFF04F1180000F073F885F31188BFF361
:103BF0006F8F204638BD0024F7E710B50146EFF37C
:103C00001184402383F31288BFF36F8F83680BB155
:103C1000FFF731FF84F31188BFF36F8FBDE81040C9
:103C200001F1180000F054B838B5054600202C68A2
:103C3000A54200D004B938BD2046FFF7DEFF20467C
:103C4000FFF74BFF0120F2E7EFF31181402282F3EF
:103C50001288BFF36F8F027BD2070CD581F31188D6
:103C6000BFF36F8F002383F31188BFF36F8F04239B
:103C7000184602DF7047437B1B0704D581F3118888
:103C8000BFF36F8F70470122F3F71ABC38B5EFF31B
:103C90001185402383F31288BFF36F8F0468A0421D
:103CA00012D09CB1E16762612046FFF7E4FE04F1A7
:103CB000180000F00DF82046F3F7CEFB012085F345
:103CC0001188BFF36F8F38BD0020F8E72046F6E774
:103CD00010B5EFF31184402282F31288BFF36F8F87
:103CE00003683BB1F3F702FF002084F31188BFF3B0
:103CF0006F8F10BD6FF01500F7E708B5F4F714F8F3
:103D000008BDF4F711B8B3F1FF3F08BFB2F1FF3FB0
:103D100070B504461D46164613D01A4315D06FF0F1
:103D20000102921B4FF0FF3363EB0501002904DA17
:103D3000F3F7FAFF821941EB0501C4E9002120469F
:103D400070BD4FF0FF321146F7E70022FBE7B3F1F9
:103D5000FF3F08BFB2F1FF3FF8B5074616461C46C5
:103D600010D054EA020311D0F3F7DEFFB0420A4646
:103D7000A14103460AD2F31A64EB0204C7E90034F6
:103D80003846F8BD4FF0FF331C46F7E70023FBE74A
:103D90000023C0E9081200F11802C0E90622C0E9B8
:103DA000003303634363704710B50446FFF790FF89
:103DB000A8B9636A0BB12046984704F11800FFF7D1
:103DC000EBFE60B1FFF789FEEFF31180402383F330
:103DD0001288BFF36F8FBDE81040F3F7B7BC10BD7A
:103DE0002DE9F041846805460E46ECB16378012B5D
:103DF00025D114F8533C9A0714D5A4F1600738462E
:103E0000FFF7FBFE082E0CBF6FF003030023E361F6
:103E100014F8533CDB0605D154F8483C13B9384636
:103E2000FFF75BFE00232370EB68C3F38632164373
:103E3000002066F39433A860EB60BDE8F081022BAC
:103E4000F0D12378002BEDD054F8048CB8F1000F9A
:103E5000E8D004F11400FFF73BFFA4F1140700239E
:103E6000E36239464046FFF7AFFDDBE710B5034696
:103E7000EFF31184402282F31288BFF36F8F006842
:103E8000834208D0D0E9003213605A600023C0E9B1
:103E90000033FFF7A5FF84F31188BFF36F8F10BDC8
:103EA00020B1011F50F8040CFFF7E0BB704701324E
:103EB0005201801A61F100017047A03861F10001E0
:103EC000704707B5019001A8F4F738F80199D0F8C8
:103ED000042501238B4023EA02011340C0F8081592
:103EE000C0F80C3503B05DF804FB13B50446F4F7D5
:103EF000D3F968B1012C15D80378019301A84CB906
:103F0000F4F71CF8019A01239340C0F80C35012006
:103F100002B010BDF4F712F8019A01239340C0F8E3
:103F20000835F4E70020F3E707B5F4F7B5F968B111
:103F30000378019301A8F4F701F8019BD0F810056C
:103F4000D84000F0010003B05DF804FB0220FAE75E
:103F50003F207047704710B5BFF35F8FD0E84F3FE9
:103F60000C78DBB29C4204D00B70BFF32F8F002083
:103F700010BDC0E8432F002BF0D1BFF35F8F0120AD
:103F8000F6E7502373B5044603FB01050026AC4257
:103F900001D100200CE001220DF1070104F14800DD
:103FA0008DF80760FFF7D7FF04F1500310B12046EA
:103FB00002B070BD1C46EAE773B500F1480604463E
:103FC0008DF8071003220DF107013046FFF7C3FFFC
:103FD00098B100254FF0FF332364204684F8385011
:103FE00084F84950F4F796F903232A460DF10701A6
:103FF00030468DF80730FFF7AEFF02B070BD37B521
:10400000846994F84930256C012B12D0042B14D00C
:10401000012302220DF1070104F148008DF8073059
:10402000FFF799FF58B1E36B284603B0BDE8304075
:104030001847022384F84930EAE70523FAE703B07A
:1040400030BDE0F7B0BF38B50D46F4F753F904467C
:104050007DB110B90024204638BDF4F777FC022169
:104060002046FFF7A9FF0446F4F78CF9F4F780FA2D
:10407000F1E70028EED0F4F769FC0028EAD101212D
:10408000EEE710B50C46F4F735F9034628B190F881
:10409000380010B183F83840012010BD70B50E46CD
:1040A000F4F728F998B190F84830A3B1D0E90A455F
:1040B00000F034F8A04271EB050309D2201A65EB39
:1040C0000101C6E90001084314BF0120002070BDB2
:1040D00000200146F5E71846F9E7E0F76BB9F4F779
:1040E0008BBA10B5D0E90442D1E90403844272EBE3
:1040F000030105D3A042934134BF0120002010BD2D
:104100004FF0FF30FBE710B5D0E90042D1E90003E2
:10411000A04293412CBF0120002010BD08B5FEF73E
:1041200065FABDE80840FEF765BABFF35F8F00236C
:104130000372BFF35F8F704708B5034608467BB133
:104140001A7F92070CD5BFF35F8F1B7ABFF35F8F87
:1041500043B9EBF7D1FF003818BF0120400008BD7C
:104160000120FCE70220FAE70120704708B5DFF7DD
:10417000C3FFBDE808400020DFF7CABF002303608B
:10418000037170472DE9F84F04460D4617469946CE
:10419000BFF35F8F01EB020B94F804A0A0465FFA17
:1041A0008AFA58E8006F3EB131462846C8470028D1
:1041B00002DB06EB0708F4E723795345ECD1CBF893
:1041C000006048E80053002BE6D1201DBDE8F84F01
:1041D00000F065B8F8B5BFF35F8F06790546F6B213
:1041E00055E8003FA3B18B4203EB02040ED19B586C
:1041F00001240779B742F0D145E80036002EECD112
:1042000014B1043000F04BF82046F8BD2546E7E72E
:104210001C46EEE72DE9F84306460F4690469946C0
:10422000BFF35F8F56E8005F2DB9BFF32F8F2C4689
:104230002046BDE8F88349462846C047044610B1E9
:10424000EB592C461D4646E80053002BEAD1002CC2
:10425000EED0301D00F023F8EAE700687047002335
:104260000360704750E8003F5A1C18BF013340E814
:104270000032002AF6D1BFF35F8F013B584258410C
:104280007047BFF35F8F002350E8002F40E80031F4
:104290000029F9D1012A94BF002001207047D0E8FD
:1042A0004F3F0133DBB2C0E8423F002AF7D1BFF3F2
:1042B0005F8F704710B501390244904201D1002050
:1042C00005E0037811F8014FA34201D0181B10BD7F
:1042D0000130F2E70A44914200F1FF3300D1704708
:1042E00010B511F8014B03F8014F9142F9D110BDFF
:1042F000884210B501EB020402D98442234607D854
:10430000431EA14208D011F8012B03F8012FF8E752
:10431000024401468A4200D110BD13F8014D02F853
:10432000014DF7E702440346934200D1704703F87A
:10433000011BF9E79368013B002B10B4936007DA87
:104340009469A34201DB0A2902D110BCF5F70AB92E
:104350001368581C10601970084610BC7047F8B5F7
:1043600006460F461446D518AC4201D1002007E09E
:1043700014F8011B3A463046FFF7DCFF431CF3D12B
:10438000F8BD2DE9F047164698468A680B69DDF8B6
:1043900020909342B8BF1346336091F843200746FC
:1043A0000C460AB1013333602368990642BF336873
:1043B00002333360256815F0060506D104F1190AA9
:1043C000E36832689B1AAB4226DC94F843302268DB
:1043D000003B18BF012392062BD404F1430241464F
:1043E0003846C84701301ED02368226903F006030F
:1043F000042B02BFE5683368ED1AA3680CBF25EAF9
:10440000E57500259342C4BF9B1AED1800261A34A7
:10441000B5421AD1002008E00123524641463846F1
:10442000C847013003D14FF0FF30BDE8F0870135B8
:10443000C6E7E1185A1C302081F84300224494F862
:10444000451082F843100233C7E701232246414654
:104450003846C8470130E6D00136D9E710B50246E4
:1044600001448A42134603D01C780132002CF8D153
:10447000181A10BDB1F90C20F8B5170705460C46FF
:1044800056D44B68002B02DC0B6C002B3DDDE66A3A
:10449000002E3AD0002312F480522F68216A2B603C
:1044A00025D0626DA389580705D56368D21A636B5E
:1044B0000BB1236CD21A216AE66A00232846B04762
:1044C000411C24D00023636023692360A389DA049C
:1044D00000D56065616B2F60B9B104F14403994266
:1044E00002D02846F4F7A8FC002363630DE0012303
:1044F0002846B047461C0246D4D12B68002BD1D0A9
:104500001D2B01D0162B2AD12F6000202EE02A6807
:10451000B4F90C3042B11D2A01D0162A21D1002352
:10452000636023692360D5E7626022692260CEE779
:104530000F69002FE9D093070E6808BF4B690F6021
:1045400018BF0023F61B8B60002EDEDD216AD4F835
:1045500028C033463A462846E047002807DCB4F92D
:104560000C3043F04003A3814FF0FF30F8BD074407
:10457000361AE9E770B568234D1E5D430E4605F116
:104580007401F4F7A3FC044640B10021C0E9001611
:104590000C30A06005F16802FFF7C4FE204670BD34
:1045A0002DE9F8430646884600F148040027D4E97F
:1045B0000195B9F1010905D52468002CF7D13846D9
:1045C000BDE8F883AB89012B07D9B5F90E3001336B
:1045D00003D029463046C04707436835E9E770B540
:1045E0000C46B1F90E10002996B015461E460DDA9C
:1045F000A38913F0800F4FF0000114BF40234FF444
:104600008063002031602B6016B070BD6A46F5F7FC
:10461000D1F90028ECDB019901F47041A1F50053B8
:10462000594259414FF48063EBE7F8B50746154608
:104630000C4621B9BDE8F8401146F4F747BC22B951
:10464000F4F7FAFB00242046F8BD00F056F8A84223
:10465000F9D229463846F4F739FC06460028F1D04D
:1046600021462A46FFF736FE21463846F4F7E4FB9A
:104670003446E8E710B50C46B1F90E10F5F7CEF95F
:104680000028ABBF636DA3891B1823F48053ACBF14
:104690006365A38110BD2DE9F0411F468B89DB05C1
:1046A00005460C46164605D5B1F90E100223002228
:1046B000F5F7A2F9A389B4F90E1023F48053A3816E
:1046C00032463B462846BDE8F041F5F751B910B5F2
:1046D0000C46B1F90E10F5F78FF9431CA38915BFED
:1046E000606523F4805343F48053A38118BFA381F2
:1046F00010BDB1F90E10F5F74DB951F8043C181F73
:10470000002BBCBF0B58C018704702F09EBD0020A4
:104710007047006870471C282ED8DFE800F00F3083
:1047200011132D1517192D2D2D2D1B1D1F212D2D6D
:104730002D272D2D2D25232D2D292B0000207047D1
:104740000E2070470B2070470C20704709207047DF
:1047500003207047022070470420704711207047E3
:10476000122070471320704714207047162070479E
:10477000172070471820704700F5804070470120CF
:10478000704790F8C830042B1ABF90F8980080F05A
:1047900001000020704790F8C830012B06BF90F848
:1047A000980080F0010000207047D0F8583901339C
:1047B000C0F8583970472DE9F843994690F85039B8
:1047C0000D1E0446164608BF702513B10D20BDE826
:1047D000F88300F1B80729463846F5F71FFD002891
:1047E000F4D194F8D22894F8D3389A420AD00B2204
:1047F00000213846F5F79AFC04F1AC00F5F7D0FD3E
:104800000320E4E704F150082B46062280214046AD
:1048100002F07AFF58B9206D1FFA89F2314602F092
:1048200025FD20B9404602F052FF0028CFD00328D2
:10483000CDD1DCE72DE9F843994690F8503904468C
:1048400088461746002B4AD100F1B8057421284646
:10485000F5F7E4FC002842D194F8D22894F8D33834
:104860009A420AD028460B220021F5F75FFC04F19A
:10487000AC00BDE8F843F5F793BD04F1500674238E
:1048800006228021304602F03FFF30BB49463046C9
:1048900002F0C1FE08BB4046F5F770F90146206DF5
:1048A000FFF733FFC8B97B1E162B94BF3946002192
:1048B000304602F075FE80B9D4F87079D4F8748966
:1048C000EAF768F9C21948F10003304602F036FEF3
:1048D00018B9304602F0FBFE08B10328C2D0BDE88B
:1048E000F8832DE9F8430C4616461A4601F00F03EB
:1048F00011F00F0106D1022E02D1B830F5F716FCE7
:1049000000200DE090F8D35890F8D2E8A5EB0E0700
:104910000E2F07DDB8300E220021F5F707FC03202B
:10492000BDE8F883C4F30117C419B84694F8D14818
:104930008C423BD129460E293CD801F58D7100EB04
:10494000C10147F0400444EA83048B8806F0030663
:1049500023F45F7323F0030344EA06241C438B68AB
:104960008C8062F3170301358B6080F8D358C7E75A
:104970000F3CE4B20E2CFBD804F58D7400EBC4049C
:1049800094F804C01CF0400F0CD00CF00309C8458B
:1049900008D1CCF38309894504D16FF3861C84F8D0
:1049A00004C0C7E70EF1010E5FFA8EFE7545C1D94E
:1049B0007446DFE70F39C9B2BDE713460222FFF79D
:1049C00090BF38B511F0300F00F1500408BFC0F8A7
:1049D0009C20154600230622204602F095FE48B989
:1049E0002946204602F0DCFD20B92046BDE83840CB
:1049F00002F06DBE38BD2DE9F74304460D4668460A
:104A0000114691461E46F5F749FADDE900782FB9BF
:104A100018F0010F02D1E6B932461BE004F150064E
:104A20004B4606222946304602F06EFEC8B94FEAD0
:104A3000680318F0010F18BFE35804EB680018BFB3
:104A4000DF59B84768B9304603B0BDE8F04302F01B
:104A50003EBE0D222946204603B0BDE8F043FFF7D5
:104A6000B0BF03B0BDE8F08370B50446002694F8EB
:104A7000D25894F8D338AB4201D1002033E005F589
:104A80008D7504EBC5021379590616D404EBC505E0
:104A90002B796FF386132B7194F8D2380133DBB284
:104AA0000F2B84F8D238E2D194F8D33884F8D26846
:104AB0000E2B20D884F8D338D9E7C3F30100C3F311
:104AC00083015379926841EA001103F0030361F016
:104AD0007F01022BC9B2C2F3170205D12046FFF7AE
:104AE00070FF0028D2D070BDB3FA83F35B09204673
:104AF000FFF781FFF5E70F3BDBB2D9E710B590F880
:104B00009830044633B1D0F8CC308B4204BF002338
:104B100080F898302046FFF7A7FFD8B994F8D01056
:104B200099B101230C222046FFF765FF90B994F854
:104B3000C83084F8D000042B07D0201D02F0A4FA5E
:104B40000123C4F8CC0084F898302046BDE810401A
:104B5000F5F71EB810BDFFF7D1BFF8B500F150054D
:104B600004462846069EBDF81C7002F0CDFD50B9E3
:104B7000206D3A46314602F079FB20B92846BDE85F
:104B8000F84002F0A4BDF8BD2DE9F04F042B87B02A
:104B900004460D46174609D0052B3BD00D22294669
:104BA0002046FFF70AFF07B0BDE8F08F114604A8C2
:104BB000F5F78CF9DDE904864FF0070906F0010BE3
:104BC000B8F1000F02D1BBF1000FE7D004F1800A69
:104BD000504602F075FC0DF10A0203A9504602F09E
:104BE00051FC504602F073FC002384F8503904EB6A
:104BF00066007310BBF1000F02D0E35853F8088031
:104C0000C047012384F85039064660B1FFF783FDA1
:104C10000246C4E7114604A8F5F764F94FF0080905
:104C2000DDE90486CAE7BDF80A300193039B0093CF
:104C30004A463B4629462046FFF78FFF0028B2D060
:104C40003246ACE708B50022FFF7B7FE08BD30B525
:104C5000C3B004460D46002301A98030019302F041
:104C6000F2FB40B1FFF757FD294602462046FFF709
:104C7000A8FE43B030BD019920684FF4807302AAAA
:104C800001F029F80028F4D150344FF46F53062274
:104C90002946204602F038FD0028EAD102A9204624
:104CA00002F0B9FC0028E4D1204602F010FDE0E754
:104CB00010B50446006801F01CF80146206DBDE8FF
:104CC000104002F0C2BA10B50446006801F034F892
:104CD0000146206DBDE81040FFF717BD37B5002332
:104CE000054601A98030019302F086FB0446A0B975
:104CF0009DF80410286801F022F8044668B9286875
:104D000000F0F7FF48B195F853392B4493F84E392A
:104D10001BB1286800F0F5FF0446204603B030BD03
:104D200010B504460068F5F7A1FA410001F0FE0154
:104D3000206DBDE81040FFF7E8BC13B50023044622
:104D40000DF1070180308DF8073002F0D2FA58B922
:104D50009DF8073023B1013B012B07D9072003E061
:104D600001462068F5F788FA02B010BD0121F8E786
:104D700037B505460DF10701803002F0CAFA044646
:104D800020B99DF807102868EAF766FB204603B0B3
:104D900030BD10B5044654F8500B00F0D3FF014667
:104DA0002046BDE8104002F09FBB13B504460DF14C
:104DB0000601803002F0CCFA20B9BDF80610206858
:104DC00000F0C2FF02B010BD10B50446006800F04C
:104DD000BEFF08220146206DBDE8104002F046BA31
:104DE00013B50822044601A9803002F01CFB18B953
:104DF0000199206800F0ADFF02B010BD10B5044667
:104E000054F8500B00F0A8FF01462046BDE81040C2
:104E100002F06ABB90F853390344006D93F84E19C1
:104E200002F013BA37B5002305460DF107018030B3
:104E30008DF8073002F06DFA044688B9286800F052
:104E400058FF30B19DF80730286863B100F059FF72
:104E5000044695F853391D449DF8073085F84E39BE
:104E6000204603B030BDF5F713FAF1E710B504465C
:104E70000068EAF7B3FC0146206DBDE81040FFF77B
:104E800044BC10B504460068FDF731FB0146206DB7
:104E9000BDE81040FFF739BCF8B505460E460024C2
:104EA000012707FA04F3334204D10134202CF8D14E
:104EB0000020F8BD286DE1B2FFF727FC0028F4D0F0
:104EC000F7E7F7B5002304460D4600F180060127F9
:104ED0002B60B4F88620B4F888309A4202D10020C2
:104EE00003B0F0BD0DF10701304602F002FA0028D0
:104EF000F6D19DF807301F2B04D82A6807FA03F370
:104F00001343E5E70720EBE7D0F8A010FFF7C4BF95
:104F100013B5002301A904460193FFF7D2FF10B98E
:104F2000019BC4F8A03002B010BDB0F8A4105030FE
:104F300002F0DABA00F1A401803002F009BA10B52B
:104F40000446006800F0D5FE014640B194F853399C
:104F5000234493F95519013118BF01214900206DEF
:104F6000BDE81040FFF7D1BB13B5044601A980305E
:104F700002F042FA28B90199012204F1B800F5F7CC
:104F800009F902B010BD13B5044601A9803002F042
:104F900033FA28B90246019904F1B800F5F7FAF896
:104FA00002B010BDD0F89C10503002F0F9BA10B524
:104FB00000F150040421204602F0F2FA28B92046FC
:104FC0000321BDE8104002F0EBBA10BD03215030C0
:104FD00002F0E6BA0021503002F0E2BA10B500F15A
:104FE00050040521204602F0DBFA28BB0C212046A4
:104FF00002F0D6FA00BB1821204602F0D1FAD8B947
:105000002221204602F0CCFAB0B940F2012120461C
:1050100002F0C6FA80B94021204602F0C1FA58B920
:105020004121204602F0BCFA30B9204640F2062168
:10503000BDE8104002F0B4BA10BD10B50446F5F753
:1050400011F9014604F15000BDE8104002F0E3BA46
:10505000006D0121FFF759BB006D0021FFF755BB23
:10506000006D0421FFF751BB0C20704713B50446B7
:105070006946006800F072FE206D0822694602F061
:10508000F5F802B010BD0221503002F05BBB90F881
:10509000C810006DFFF739BB712A10B51C460CD043
:1050A000B2F56F5F06D00C2A0AD1F4F759FE2070D2
:1050B000012010BDFFF7CBFDF9E7F4F775FFF6E728
:1050C0000020F6E7F0B585B004460D4602A811466B
:1050D000002716468DF80770F4F7ECFEDDE9023084
:1050E00000F0010273B96AB90DF10703324629468F
:1050F0002046FFF7D1FFF8B90D2229462046FFF7D9
:105100005CFC17E0411084F8507904EB60000AB1B0
:105110006258D358984701228DF8070084F8502927
:1051200018B1FFF7F8FA0246E7E73346294620466A
:10513000FFF7D7FB8DF807009DF8070005B0F0BD1D
:1051400073B5002304460D46803001A9164601932D
:1051500002F052F9024640B1FFF7DDFA2946024655
:105160002046FFF72AFC024604E0032E15D004D89F
:10517000022E0CD0104602B070BD331F012BF9D89F
:10518000019A334629462046FFF7FEFCEBE7019BD8
:1051900029462046FFF7A5FBE5E7019A2946204668
:1051A000FFF790FFDFE737B504460D46803001A9D1
:1051B00002F022F980B9019A012A0FD008D9931E72
:1051C000032B10D9052229462046FFF7F6FB03E002
:1051D00029462046FFF736FD03B030BD294620465C
:1051E000F4F73EFDF8E729462046FFF7A9FFF3E76D
:1051F00073B5012300F18005044680F8503900267C
:1052000028468DF8076002F069F8042384F8C83056
:1052100084F898600DF10701284602F06AF898B901
:105220009DF907309DF80710B3420DDAD4F85C39C8
:105230000133C4F85C39C1F3011384F8533943B125
:1052400006222046FFF7BDFB002384F8503902B048
:1052500070BD2368002BF3D02046FFF7A4FF38B1C0
:10526000FFF759FA9DF8071002462046FFF7A5FB05
:1052700094F8D32894F8D2389A4202D02046FFF707
:10528000F3FB94F853299DF80730224403F00F03F1
:1052900092F8D11831B199421EBFD4F8601901318A
:1052A000C4F860190F2B14BF0133012382F8D138E1
:1052B000CAE710B504460068EAF77AF8C1B2206D73
:1052C000BDE81040FFF721BA10B504460068FDF7AD
:1052D00009F9C1B2206DBDE81040FFF716BA13B549
:1052E00004460DF107010068FDF7F8F830B99DF8A4
:1052F0000710206DFFF709FA02B010BDFFF70BFA97
:10530000014604F1500002F01DFAF5E713B5002341
:1053100004460DF1070180308DF8073002F00CF8DB
:1053200020B99DF907102068FDF7DAF802B010BD2A
:1053300013B504460DF107010068EAF7B3F930B977
:105340009DF80710206DFFF7E0F902B010BDFFF7E0
:10535000E2F9014604F1500002F0F4F9F5E713B563
:10536000002304460DF1070180308DF8073001F06D
:10537000E3FF20B99DF907102068EAF79DF902B014
:1053800010BD13B504460DF10701006801F0EBFAFA
:1053900030B99DF80710206DFFF7B7F902B010BDC6
:1053A000FFF7B9F9014604F1500002F0CBF9F5E737
:1053B00013B5002304460DF1070180308DF8073046
:1053C00001F0BAFF20B99DF90710206801F0CDFA6D
:1053D00002B010BD37B500F1800504460DF106019D
:1053E000284601F086FF60B90DF10701284601F05B
:1053F000A3FF30B99DF907209DF806102068EAF751
:10540000F7F903B030BD13B504460DF1060154F8A9
:10541000500B01F0AEFA30B9BDF80610204602F08C
:1054200063F802B010BDFFF776F90146204602F09E
:1054300089F9F6E713B504460DF10601803001F055
:1054400087FF20B9BDF80610206801F090FA02B07D
:1054500010BD006D002101F0F8BEFEE710B5044656
:1054600000F07EFCF4F78AFB0146206DBDE8104099
:10547000FFF74BB937B5002300220446CDE90023DE
:10548000E9F788FB6946054604F1800001F08EFFCC
:1054900060B9DDE90032AB4272F1000108D35B1B59
:1054A00062F10002C4F87039C4F8742903B030BD49
:1054B0000720FBE700F51763D3E90023503002F023
:1054C0003DB810B504460068F5F760FE0146204679
:1054D000BDE81040FFF7E0BC10B50446006801F0DD
:1054E0003EFA01462046BDE81040FFF7D5BCF0B5B6
:1054F000013A04460C26002090420DD370430A184E
:10550000095899420BBFD2E901010023C4E9000107
:10551000C4E900332046F0BD85186D0806FB05F789
:10552000CF599F4234BF681C2A46E5E701F08DBE83
:105530000A21503002F034B80421503002F030B863
:10554000F8B50646174600F150050C4600296DD007
:10555000002A72D18A880968284602F04CF800288F
:1055600062D194F91510306DC9B2FFF7DFFF002842
:105570005AD1306D8021FFF7D9FF002854D1002C7B
:1055800060D0E37D03F001019B074FEA011101D5D3
:1055900041F02001284601F0A7FF002844D1284609
:1055A00002F051F8014600283ED104B1A179306DD6
:1055B000FFF7BCFF0146002836D104B1A17D306D54
:1055C000FFF7B4FF80BB002C3ED0D4E9022328466D
:1055D00001F0B4FF40BB284602F054F820BB284637
:1055E00002F031F800BB3946284601F0D9FFD8B99E
:1055F000284602F047F8B8B9284602F024F80146D8
:1056000090B904B1217D306DFFF790FF60B9F4B11E
:105610002169284601F077FF30B9284602F032F8B8
:10562000003818BF012000E00120F8BD284601F035
:105630005BFF0028F8D1214695E70021284601F0BC
:1056400053FF8CE72146A5E700220023BFE7214650
:10565000DFE70901F8B561F07F0100F1500704466A
:1056600015461E460622712301F0F001384602F06D
:105670004BF850B9324629462046FFF761FF20B962
:105680003846BDE8F84002F022B8F8BD2DE9F347EE
:10569000164642189DF8288092F8545904461F4631
:1056A000002D40D045EA011161F07F01C9B28BB3F2
:1056B0001B6893F800A0CAF3001A96F81B90002309
:1056C00004F1500582F854392846062209F00109F0
:1056D00002F01AF838BB4046FFF71DF8014628468D
:1056E00001F05EFFF8B9206D514601F0AEFDD0B972
:1056F000206D494601F0A9FDA8B9B8F1000F0BD003
:1057000033681B781B0711D4284602B0BDE8F04768
:1057100001F0DDBF9A46D0E7424639462046FFF702
:105720000FFF0028ECD002B0BDE8F087B9F1000F00
:10573000EAD00DF10301304600F09AFE0028F2D1C4
:1057400001A9304600F06EFE0028ECD19DF8031050
:10575000206DFFF7EBFE0028E5D10199284601F006
:10576000D2FE0028D0D0DEE72DE9F04143180C46E8
:1057700017462401FF2293F9558983F855290546D8
:1057800064F07F04FEF7C5FF05F15006E4B200F0B7
:10579000B8FA392306222146304601F0B5FFF8B9A0
:1057A000286D5FFA88F1FFF7C1FEC8B9286DF9B21C
:1057B000FFF7BCFEA0B9304601F089FF80B9214651
:1057C00030230622304601F09FFF014640B9286D84
:1057D000FFF7ACFE20B93046BDE8F04101F077BFDD
:1057E000BDE8F08110B5044654F8500B00F091FA72
:1057F00001462046BDE8104001F0D2BE90F8533972
:105800000344006D93F8561901F01FBD10B504460E
:1058100054F8500B00F08EFA02460B462046BDE8C5
:10582000104001F08BBE10B590F8531901F65611D7
:1058300004460144803001F06CFD48B994F85339B6
:1058400020682344BDE8104093F85619F4F72ABDA8
:1058500010BD73B504460068F4F768FD0546B8B995
:1058600004F18006B4F88830B4F886209B1A9BB205
:10587000012B0DD90DF10601304601F069FD30B95B
:10588000BDF806102068F4F719FD0028EAD0054697
:10589000284602B070BD73B504460068F4F752FDA7
:1058A0000546B0B904F18006B4F88830B4F8862013
:1058B0009B1A9BB2072B0CD9082201A9304601F094
:1058C000B2FD28B901992068F4F702FD0028EBD059
:1058D0000546284602B070BD13B504460DF1060119
:1058E000803001F035FD20B9BDF806102068F4F7CE
:1058F00001FD02B010BD13B50822044601A9803095
:1059000001F091FD18B901992068F4F7FDFC02B08F
:1059100010BD13B504460DF10601803001F018FDED
:1059200020B9BDF806102068F4F7C8FC02B010BD1D
:1059300013B500230446082201A98030019301F029
:1059400072FD18B901992068F4F7C2FC02B010BDCD
:1059500013B504460DF10601803001F0F9FC20B9C1
:10596000BDF80610206800F0C9F902B010BD7FB57F
:1059700000F180050C460DF10A0203A9284601F04A
:105980008BFD064600286CD1BDF80A207F2A6BD813
:105990002646A28056F8060B0399FEF79BFC31467B
:1059A000284601F0A6FC064600285AD1A379A37622
:1059B000E37E23F0170343F004032146E37640F629
:1059C0000473C4E9040021F8183F284601F091FC53
:1059D000002846D104F11901284601F08AFC00286C
:1059E0003FD10DF10601284601F093FCC8BBE37ED0
:1059F0009DF8062062F38203E37602A9284601F0AF
:105A000088FC70BBE37E9DF8082062F30003E37618
:105A10000DF10701284601F07CFC10BBE37E9DF8E8
:105A2000072062F34103E3760DF10901284601F0F6
:105A300070FCB0B9E37E9DF8092062F30413E376AD
:105A400004F11401284601F097FC50B904F110014B
:105A5000284601F091FC20B904F11A01284601F012
:105A600048FC304604B070BD0626FAE730B500F1B8
:105A7000800487B0054602A9204601F03AFC20B90F
:105A80009DF80830082B02D0072007B030BD0DF17B
:105A90000901204601F02DFC0028F6D10DF10A0283
:105AA00003A9204601F0F8FC0028EED1BDF80A3029
:105AB000102BE9D10DF10A0204A9204601F0ECFCFB
:105AC0000028E2D1BDF80A30102BDDD10DF10A0219
:105AD00005A9204601F0E0FC0028D6D1BDF80A3027
:105AE000102BD1D1059B0193049B00939DF80920B5
:105AF000039B9DF80810286800F011F9C5E737B539
:105B000000F180050446002301A928468DF80330E2
:105B100001F032FCA0B9B4F88620B4F888309A427B
:105B200007D19DF80330206801995BB900F0FAF8BD
:105B300006E00DF10301284601F0EBFB0028F0D050
:105B400003B030BD00F0F2F8FAE7D0F87C2900F697
:105B500082139A4204D100F59D501030F4F720BC16
:105B60007047FFF7F2BF2DE9F0410446061D00F52E
:105B70008055304601F08AFA95F8A03110B1022B19
:105B80003AD00FE0012B4CD0022B35D0002BF0D1B6
:105B90002046FEF7F6FD08B1FCF78CFC2046FEF728
:105BA000FAFD48B1D4F87C1904F68210091A89B2BA
:105BB000002940D1BDE8F08104F58C50043001F09B
:105BC0002AFE0028EED1304601F0AAFA012385F81A
:105BD000A031304601F0B9FAF0B194F8987030462F
:105BE000F8F776FC2FB194F8983013B9012385F8B3
:105BF000AC33022385F8A03104F58C50043001F059
:105C000013FE0028CED195F8AC3385F8A001002B07
:105C1000AFD085F8AC03ACE7304601F09FFA85F8C9
:105C2000A10104F58C5095F8A1110430F8F7A2FCFD
:105C30000028CED0B6E7D4F87839BDE8F04118474F
:105C400008B5F3F795FFBDE80840FFF78CBF00F6F5
:105C50008213C0F87C394FF40063A0F8803900F556
:105C60009D501030F4F79CBB08B5F3F781FF18B1D5
:105C7000BDE80840FFF7EBBF08BD38B504460D4648
:105C8000F3F776FF40B100F58C502A4621460C30E0
:105C9000BDE83840F8F79CBC38BD38B500F58054F5
:105CA00000F58D55D4F8A4310A355B1B9BB251B970
:105CB0001A462946FFF79CFA4FF40073C4F8A45122
:105CC000A4F8A83138BD2A46F4F7EAF9F4E7FFF75B
:105CD000E4BF1B207047A030F4F780BCF4F70CBF82
:105CE0000120704700F002BA00F002BA243000F040
:105CF00029BA806A003818BF01207047243000F0AC
:105D00004DBA243000F054BAC06C7047243000F013
:105D100057BA343000F01EBD243000F05EBA243093
:105D200000F068BA0022243000F09DBA012224302D
:105D300000F099BAE9F7C6BC90F824007047243007
:105D400000F01BBAC08C7047243000F009BA3C3018
:105D50007047243000F018BA408F7047E3F7DEBC7C
:105D60000020704710B50446FFF7BAFF20B1201D90
:105D7000BDE8104000F068B810BD10B50446FFF74C
:105D8000AFFF18B16068003818BF012010BD10B512
:105D900040B10023441E98B2814203D90133E25C32
:105DA000002AF8D110BD3038C0B209289ABF087057
:105DB000002007207047A0F14103052B04D8373895
:105DC000C0B2087000207047A0F16103052B01D814
:105DD0005738F5E73038C0B20928F2D907207047A4
:105DE00010B5002401608480C2800C7010BD70B5B5
:105DF00004461346E58882880068AA420E4610448D
:105E000034BFA91A00213246F8F780FCA388E28843
:105E1000184480B2904228BF2368A08022BF9B18FC
:105E2000002203F8012C204670BD0EB417B505AA58
:105E3000044652F8041B0192FFF7D9FF204603B035
:105E4000BDE8104003B0704770B5046800250560D8
:105E500074B16068844205D1656023682046BDE85E
:105E60007040184743686360036845609847F0E7EF
:105E700070BD43684968981A8A1A92EA000F58BFA1
:105E8000581AC00F704738B50C461146A2689442A4
:105E9000034606D00568AC420BD10260F4F78AFADB
:105EA000A46038BD94420DD011469268002AF9D101
:105EB000F6E72A460021F9E78B68002BF0D09B68B3
:105EC0008B60EDE70029F7D1002DE9D0AA681A60B0
:105ED000E6E72DE9F047936805460C4616469847D5
:105EE0003246814621462846FFF7CDFFD5F800A06F
:105EF0004FF0000857462FB14A4639462046FFF773
:105F0000B8FF58B1B8F1000F0BD1C4F808A02C604D
:105F100031462846BDE8F047F4F74CBAB846BF68AA
:105F2000E9E7D8F80830A360C8F80840BDE8F08772
:105F30001144F4F763BA38B50D460446E8F72AFE73
:105F40002A4601462046BDE83840FFF7F1BF70B54C
:105F5000066804460D467EB18B6898477368C01A80
:105F6000002809DB20462A463146FFF78CFF3368BC
:105F70003046BDE87040184729462046BDE87040CD
:105F8000F4F718BA0368C168994202BF4368013345
:105F9000436001F180410830F4F730BA08B50120C0
:105FA000E9F754FC002008BD08B50020E9F74EFCD5
:105FB000002008BD7047FCF79EBA13B500220C46BE
:105FC00001A9F3F7C5FA019B20601878002818BFD3
:105FD000062002B010BD012937B51D4608D00724A0
:105FE0002046069A2946F4F73FFA204603B030BD12
:105FF000106801A9FFF7E1FF04460028F0D10198DD
:10600000A0F10B030F2BEAD8C0B2FCF772FAE7E756
:10601000012937B51D4611D1106801A9FFF7CDFF41
:10602000044618B99DF90400FCF764FA2046069A64
:106030002946F4F719FA204603B030BD0724F5E7E6
:1060400013B50C4601A9FFF7B8FF30B9019B012B2E
:106050009ABF03F001032370062002B010BD70B593
:10606000A2B00846164601A921221D46F5F792F86E
:10607000044638B901A800F006FD2946307001A891
:1060800000F0F6FC204622B070BD0C2070470C20BA
:1060900070470C2070470C2070470C2070470C2074
:1060A00070470C2070470C2070470C20704738B5A3
:1060B00000250446C0E901550C30F5F711F92146D9
:1060C00004F11000F4F7B4F9214604F1240000F0C3
:1060D00026F8214604F1A000FFF76CFF84F8A150D8
:1060E000F5F716F9C4F8A400204638BDFCF7DCB972
:1060F00010B504460D30F4F7E3FF04F12400BDE8C9
:10610000104000F000B80023C0E9023343600B23C5
:1061100003704FF6FF734380103000F0EEBA10B5F5
:106120000B2303704FF6FF7343800023C0E9013354
:106130000446C3601030F4F727FD2046FFF7E3FF65
:10614000204610BD38B504460D46103019B1F4F79D
:106150006FFD10B138BDF4F781FD65600020F9E7EF
:1061600038B5436804460D462BB11030F4F740FDB6
:106170006580002038BD0D20FCE7436813B1017035
:10618000002070470D20704708B5436823B11030D8
:10619000F4F73AFD002008BD0D20FCE708B5436880
:1061A00023B11030F4F72AFD002008BD0D20FCE7D4
:1061B00043681BB110F8101BF4F764BD0D20704745
:1061C00038B5436804460D462BB1103000F03BFB58
:1061D00000B9A56038BD0D20FCE738B51D46436801
:1061E00004462BB11030F4F7B1FD00B9E56038BDBD
:1061F0000D20FCE72DE9F0438FB004460D4616460E
:106200000021102202A806AF99460DF12808FEF7DA
:1062100089F8102200213846FEF784F81022002168
:106220004046FEF77FF86368DBB10022494602A8CA
:1062300000F051FA16990022384600F04CFA1799EE
:106240000022404600F047FA04F11000CDE9007842
:1062500002AB32462946F4F7F5FD00200FB0BDE849
:10626000F0830D20FAE708B5436823B11030F4F746
:10627000F9FE002008BD0D20FCE703681888704770
:1062800008B5FFF7FAFF00F44050A0F5005358425C
:10629000584108BD00F44052B2F5005F034620D1DA
:1062A00020F44E5020F03F0048F2400290421ED0B1
:1062B0000CD8B0F5446F1AD005D8C8B1B0F5046059
:1062C00018BF01207047B0F50040F9E703F44C43D4
:1062D000B3F5404F0BD04CF64043C01A18BF012015
:1062E000704710F4406F14BF012000207047002059
:1062F0007047B0F5804F0ED300F44053B3F5005F04
:1063000004D080F04000C0F38010704700F44C438C
:10631000B3F54C4FF5D100207047102805D0A0F1FF
:10632000180358425841C00070470420704700F0DD
:1063300007000123834013F0220F09D113F0880FC7
:1063400008D113F0440F14BF01200020C000704793
:10635000042070471020704708B50146FFF79AFFE8
:1063600001F44063002814BF05220322B3F5006F37
:1063700006D0B3F5406F17D023B1FF22104608BDF9
:106380000232D2B20846FFF7B4FF08B10232D2B2ED
:1063900001F44041B1F5004F08D0B1F5404F08D0AD
:1063A000002918BFFF22E9E70832EAE70232D2B239
:1063B000E4E70832FBE708B58388042B05D9FFF72B
:1063C0005CFFBDE80840FFF7C7BFFF2008BD82881B
:1063D000022A05D903681B781B0701D5FFF7EBBF1D
:1063E000FF20704738B505460C46FFF7F0FFFF2841
:1063F0001FBF2B681B5C03F00703237014BF002032
:10640000062038BD38B505460C46FFF7E0FFFF28EB
:106410001FBF2B681B5C03F01803237014BF002000
:10642000062038BD38B505460C46FFF7D0FFFF28DB
:106430001FBF431C2A68DBB200201ABFD358236059
:10644000062038BD38B50C460546FFF7C0FF2A6860
:10645000431CD9B252FA83F35454220A5A70220CC4
:10646000240E9A70DC70EB7E43F00103EB7638BDAE
:1064700070B506460D46FFF7AAFFFF2804460BD06D
:106480003268105C00F01800FFF747FF2244024416
:10649000002053792B7070BD0620FCE770B50646CE
:1064A0000D46FFF794FF32680446105C00F01800B8
:1064B000FFF733FF22440244557170BD10B5044606
:1064C000FFF785FFFF2806D02368185CFFF72FFF32
:1064D0000230C0B210BD0220FCE710B50446FFF741
:1064E0006AFFFF28014610D023681A7812070CD5DE
:1064F000A488A0420BDA185CF4F734FBFF2808D01C
:106500000144C9B28C42B8BFFF21084610BDFF212B
:10651000FBE70146F9E7F8B50546FFF7DEFFFF2880
:1065200004462DD02846FFF7A8FE830506461DD554
:106530002846FFF7C3FF2F68A988A21C93B210FA60
:1065400082F28A4207EB040C1CDC3A5D02F07F0207
:1065500013449CB210FA83F3994213DBBCF8002079
:10656000C2F3C7127F2A01D09942E6DC2846FFF722
:1065700087FE28B906F00706032E01D10134A4B224
:10658000E0B2F8BDFF24FBE710B50446FFF7C3FFF8
:10659000FF2816BF23680020C01810BD10B50446A0
:1065A000FFF7F2FF2368C01AC0B210BD70B50546F0
:1065B0008688FFF7F3FF04462846FFF77FFF044471
:1065C000301B80B270BD38B504460568FFF776FF12
:1065D000A388181A284438BD2DE9F04104469EB01E
:1065E000002308A803930D4600F0FBFB23681B78EB
:1065F0001B0751D50DF10B012046FFF7F3FE0028D4
:106600004AD103A92046FFF70DFF0646002843D1D3
:106610000DF110089DF80B2003994346284600F021
:10662000CEFBA16808A800F05CFA2046FFF746FF01
:1066300005462046FFF7B2FF07462046FFF7B6FFA4
:10664000023D0D2302463946CDE9008308A8EBB28E
:1066500000F053FA2046FFF7A1FF256802462946BD
:1066600008A800F0DDFA2046FFF78EFF0546204619
:10667000FFF79CFF2A460346294608A8009600F02B
:1066800006FB2046FFF79FFF014608A800F07EFBAF
:10669000E37E43F01003E37608A800F0B1FB1EB0E0
:1066A000BDE8F08110B40C461AB1012A05D010BC27
:1066B000704710BC0822FDF70DBE01F10802013839
:1066C00012F8013D00F8013FA242F9D1EFE7102294
:1066D0000021FDF727BE30B50B46024601F110053B
:1066E00018685968144603C40833AB422246F7D1F0
:1066F00030BD102308608B80704738B508220446EF
:1067000000254FF6FE73294645800571C38010446D
:10671000FDF708FE238A656103F0FE0343F4FE43A0
:1067200043F00103238204F1280084F85D50FFF751
:10673000CEFF04F13800FFF7CAFF04F14800FFF76D
:10674000C6FFA56584F85C5004F16000BDE83840E0
:10675000F3F74ABE008840F0ED0070470388DA077F
:1067600007D40B681B789B0603D510216030FFF718
:10677000E2BB70478378022B1CBF022383701C305E
:10678000F4F798BC008880F02000C0F340107047F8
:10679000008800F00C00B0FA80F0400970470088D3
:1067A00080F00400C0F380007047008880F0400053
:1067B000C0F38010704738B590F85C3093420446BF
:1067C0000D4607D11C3000F0A4F8A36D9D4224BFF4
:1067D0000135A56538BD37B50446806903681B7867
:1067E0001D072ED5C37ED9062BD40DF10701FFF767
:1067F00009FE30BBA069C37EDA0703D494F85C10AD
:10680000FFF74CFE2046FFF7BDFFD0B19DF80730E3
:10681000082B16D1A36904F138029A60A069C37EDF
:10682000DB0709D4A56D2946FFF70CFE94F85C2020
:1068300029462046FFF7BFFFA06904F10801FFF7D2
:10684000CBFE03B030BD38B58378052B05460BD0A1
:106850000024FFF7C0FF2846EC702C7185F85D40DE
:10686000F4F7B6FA204638BD0D20FCE737B50546EB
:106870000C46FFF787FF08BB0B681B781A071DD56E
:10688000CB7EDB071AD50DF102012046FFF7BAFDDA
:10689000A0B99DF80230082B10D101A92046FFF7BE
:1068A000C1FD58B90DF103012046FFF7E1FD28B9FC
:1068B0009DF8032001992846FFF77DFF03B030BD06
:1068C00070B5036A05460C46164693B1B1B122B9BC
:1068D000426A3146204698472846FFF753FF68B979
:1068E000E37D9B070AD5227D21692846FFF763FFD8
:1068F00004E0FFF747FF08B90029F1D132462146ED
:1069000005F11C00BDE87040F4F7C8BB7047704744
:106910007047704790F8A13013B10E30F4F7FEBC09
:10692000704790F8A13013B10E30F4F7FDBC7047FA
:1069300010B490F8A1401CB110BC0E30F4F7FABCB2
:1069400010BC704790F8A13013B10E30F4F7F8BCCA
:1069500070470E30F4F7FABC0E30F4F7FDBC08B502
:10696000F4F714FC08BD0C2070470C2070470C2075
:1069700070470C2070472DE9F743054600680E4626
:106980001746984618B9072003B0BDE8F083DDF735
:1069900063FF00F1010904464FEA5909B8F1000FFD
:1069A00009D0B8F1010F3CD0B9F1000F3DD1A6F8E4
:1069B00000900020E8E733884B45E4D104F001045F
:1069C000B9F1000FF3D0002C35D12B680DF1070180
:1069D0001878FFF7F0F90028D6D12B6801332B6027
:1069E0009DF807301B01DBB23B702B680DF10701EE
:1069F0001878FFF7E0F90028C6D12B689DF807202A
:106A000001332B603B7801341343A14507F8013B68
:106A1000CDD0B8F1020FD8D13388A342D5D12420EC
:106A2000B2E733884B45C9D2ADE73388002BF6D0A7
:106A300000F00104C7E700242346D5E713B50C4650
:106A40006946F4F7F9FB40B9009B019AB3F5807FE2
:106A500072F1000234BF2370072002B010BD07B5E9
:106A60000123019001A8FFF786FF03B05DF804FB46
:106A700010B50023DCB2013350F8242002B910BD58
:106A800041F82420F6E70023DAB250F822101A4623
:106A900001330029F8D1D0B2704731B16FF0004313
:106AA000994208BF0121016070470121FBE702689C
:106AB00048F24E33A2FB0323014613EB520044BFBE
:106AC00020F00043581C0860704738B505460C4656
:106AD000F4F71EFC611BB0FBF1F303FB110028442B
:106AE00038BD1FB50446084601A9FFF702FE01A9FB
:106AF000204600F081F904B010BD2DE9F84FDDF813
:106B00002890044698460E46174613460020421C1D
:106B1000002B64D19DF82CA0C0B2022838BF0220FF
:106B2000BAF10D0F28BF4FF00D0ACAF10F039842BA
:106B3000B8BFD8B2C0F10F039A45C8BF5FFA83FA55
:106B4000331E18BF0123A8F10202013852109B0125
:106B5000C5B243EAC2032B4323745246494604F1AB
:106B60001100FDF7B7FB04F120013A460F239A45C7
:106B700038D304F110021146204600F03FF9002EF0
:106B80004CD0B6F57F4F227C637CC6F30720F1B270
:106B90002ED242404B40227463744FF0020B524697
:106BA000494684F8205004F12100FDF793FB0AF1D7
:106BB0002100CAF10F0200212044FDF7B3FB00239E
:106BC000C4E91137E364102384F854A02664A4F8C0
:106BD00050B0A4F8523084F85580BDE8F88F1B0AF5
:106BE000104694E7013B01F8012DDBB2120ABEE723
:106BF00083F0FE036374A37C83EA1663A374E37CCF
:106C000083EA1643E374237D5840637D2075D243A5
:106C10005940227461754FF0060BC0E7B346BEE7DA
:106C20002DE9F843044615460E468F1800F1100969
:106C30004FF00008B74213D1636C1D44236C6564A8
:106C40009D420BD1B4F850302BB104F11002114623
:106C5000204600F0D3F80023A4F85030BDE8F883B4
:106C6000B4F85030102B06D14A464946204600F071
:106C7000C5F8A4F85080B4F850305A1C2344A4F846
:106C8000502016F8010B1A7C50401874D2E72DE9F9
:106C9000F74F1F466FF0200A9DF8303001930446ED
:106CA0000D46914601EB0708AAEB000A00F1200B04
:106CB000A8451BD1E36C1F44A36CE7649F4262D3D9
:106CC000B4F850302BB104F110021146204600F008
:106CD00095F894F8542002F121000021C2F10F022E
:106CE000204403B0BDE8F04FFDF71CBBB4F85220C0
:106CF000102A16D104F1300094F8546002460AEBD1
:106D000000018E4206DA10F8011D0131C9B201708E
:106D10000029F4D05946204600F070F80022A4F86B
:106D20005220B4F85220019B511C89B222440BBB63
:106D30002E78A4F8521092F83020724089F8002082
:106D4000B4F85020102A08D104F110021146204650
:106D500000F054F80022A4F85020B4F85020511C40
:106D60002244A4F85010117C4E401674013509F1EC
:106D700001099DE799F80060A4F8521092F83020BC
:106D800056402E70DCE703B0BDE8F08F38B500F157
:106D9000300204460D4600F1200100F02FF804F106
:106DA0000F02002394F85510994200DC38BD12F808
:106DB000011F92F820004140E9540133F2E770B519
:106DC0001C460D461646014608221846FDF782FA73
:106DD0002B0E23722B0C63722B0AA372E57226739F
:106DE00070BD10B500F108030360082304468380DA
:106DF000FBF7A9FB204610BDFBF7B1BBE8F792BE3D
:106E000010B50446FBF7BAFB204610BD03466FF0F1
:106E100040420846591E914207D338B103F140431E
:106E200093428CBF0020012070470120704718B1A9
:106E3000C3691BB1013BC361002070476FF096002E
:106E4000704710B44468240A02D110BCF4F718BD8E
:106E50006FF0860010BC704713B5002001AB1446DC
:106E6000F4F7CCFD30B9019BA34218BF6FF093003B
:106E700002B010BD6FF09200FAE710B5036803622C
:106E80005A1E11468B4211D841620221017700211E
:106E90000163A1F58031C0E90A33C0E90D139342C3
:106EA00007D8C0E90F23C0E9113310BD048921447C
:106EB000E8E701890A44F2E708B50160028111445C
:106EC0000022C0E90322C0E905224160FFF7D5FF97
:106ED00008BDC0E903127047C0E90512704710B53C
:106EE0001446120A0A700122F7F77AFA047010BDEC
:106EF00010B5134601220C78F7F772FA03782402D2
:106F0000E01880B210BD2DE9F041876A90F81C802E
:106F1000C26A0E46434639460446F7F785FA012809
:106F2000054614D9424639462046FFF7E1FF023DA7
:106F3000C5F30D052E4340EA0602434692B2394698
:106F40002046FFF7CCFFE36AA362BDE8F081E76269
:106F5000FBE72DE9F04790F81CA0BAF1020F0446B8
:106F60000E4617461D4625D0836AD1F804909945F0
:106F700022D1C26A53464946F7F756FA3668804628
:106F80005346324649462046F7F74EFA28444045D4
:106F900012DC3D44AF4202D10020BDE8F08717F873
:106FA000013B33703146237F01222046F7F718FA60
:106FB0000646EFE70D20F0E70720EEE72DE9F04762
:106FC000057F022D04460E461DD0836AD1F8048049
:106FD000984518D1D0F82C902B464A464146F7F7F1
:106FE00023FA366807462B46324641462046F7F7D5
:106FF0001BFA874207D92B464A4631462046BDE850
:10700000F047F7F711BA0020BDE8F0872DE9F0410D
:1070100090F81C80B8F1020F04460D4616D0836A22
:107020004F689F4214D1C26A43463946F7F7FCF9CC
:107030002D68064643462A4639462046F7F7F4F9B6
:10704000864205D9E5620020BDE8F0810D20FBE70E
:107050000720F9E738B5037F022B044612D0002140
:10706000FFF751FF227FA06A04EB8203196A2163B4
:107070001862E56815B120692346A84702232377E3
:10708000002038BD0D20FCE7006B7047C26B436ADF
:107090009A4205D1836B006A1B1A584258417047C7
:1070A0000020704790F8353033B9C36B426A9B1AA1
:1070B00018BF012380F8343070472DE9F84390F869
:1070C000346000EB86070446D7F82080656C2564A1
:1070D000454522D0324629462046FFF709FF0304E2
:1070E00002D5BB6B9D4218D1C0F30D00821C334604
:1070F00029462046F7F774F9334681466064022238
:1071000029462046F7F76CF98145A064DED00123BB
:10711000002084F83530BDE8F88303231720F8E712
:1071200008B50146FFF7B2FF68B90846FFF7BAFF96
:1071300091F834300E3351F82330C1E91033BDE8F3
:107140000840FFF7BABF172008BD90F835000328A4
:107150001ABFB0FA80F040090120704738B590F8A6
:107160003520012A04460ED1816C90F834300D7818
:10717000F7F736F9636CA064984202D12046FFF716
:107180009CFF284638BD0025FBE7D0E90E23416A65
:10719000994209D1017F012906D0531E026893420A
:1071A0000ED34362C3637047016A914207D1027FE5
:1071B0002AB142680133934205D203628363704768
:1071C00001890B44EBE701895B1AF4E7037F022B8B
:1071D00006D0083350F82330C0E90A33022303777E
:1071E000FFF7D3BF70B5D0E90A239A4205461AD1FA
:1071F000037F0833002150F82360B31A5E425E41DA
:10720000F7F73CF9F603044658B901462846F7F764
:1072100035F9044628B92B7FA96A32462846FFF77C
:107220005EFE204670BD0024FBE738B5037F022BCD
:1072300004460D4607D0FFF7D5FF18B9E36A2B6067
:10724000A36A6B6038BD0D20FCE738B5037F022BC5
:1072500004460D4608D0FFF7C5FF30B92946204641
:10726000BDE83840F7F70AB90D2038BDF8B5037FFF
:10727000022B07460D46164611D0FFF7B3FF044612
:1072800010B92E44B54201D12046F8BD15F8011BB6
:107290003846F7F7F3F80028F4D00446F4E70D2455
:1072A000F2E738B50D460446FFF790FF0DB1012D0A
:1072B00000D12577237F083354F82330C4E90A33FB
:1072C00038BD0022C0E90022C0E90222704783884D
:1072D00003810022C28082728381704710B5002929
:1072E000016014BF114600218180FFF7F0FF81810A
:1072F00010BD10B5C38802895C1C94429FBF026810
:10730000D35C0B70C3889BBF0133C3800620002071
:1073100010BD13B50C460DF10701FFF7EAFF28B9C0
:107320009DF8073023B1012B04D1237002B010BDAA
:107330000346FAE70620F9E713B50C460DF10701FD
:10734000FFF7D7FF10B99DF80730237002B010BDCA
:1073500010B5C38802899C1C94420BD80268D418CB
:10736000D35C647843EA04230B80C3880233C38070
:10737000002010BD0620FCE770B5C4880389221DDB
:107380009A4211D805682A192C5D93785678D278DC
:107390001B0443EA0623234343EA02630B60C388CA
:1073A0000433C380002070BD0620FCE770B5C2889E
:1073B000038902F108049C421CD80568AC18AA5C39
:1073C000A378667865791B0443EA06231343E278C1
:1073D00043EA0263227942EA0522A579E47942EA86
:1073E000054242EA0462C1E90032C3880833C3801F
:1073F000002070BD0620FCE737B50446C3880D4663
:1074000001890068C91A184401AA00F0B0F90028DF
:10741000C1BFE388C018019BE080D2BF06200020D6
:107420002B6003B030BD30B5C4880389A5189D42D8
:10743000DFBF03681B190B60C388DBBFD218C28093
:107440000620002030BD38B5C28803890D46511C86
:107450009942044601D9062038BD00689B1A99B2AA
:107460001044FEF794FCE28823899B1A9BB2984251
:10747000F1D2236813442B60E38801331844E08081
:107480000020E9E710B4C48803891B1B9BB213805A
:1074900010BC1A46FFF7C7BFF7B50E460DF106013F
:1074A00005461446FFF754FF40B9BDF80670314653
:1074B0003A462846FFF7B7FF00B9278003B0F0BD72
:1074C000C38883810389C381837AC37270478389A8
:1074D00082889A4281BFC380C3890381C37A86BFF1
:1074E000837200200D20704738B504460D460068B1
:1074F000C9B2FFF7AAFE28B92068290ABDE83840BA
:10750000FFF7A3BE38BD38B504460D460068C9B2C2
:10751000FFF79BFE88B92068C5F30721FFF795FEAA
:1075200058B92068C5F30741FFF78FFE28B92068D6
:10753000290EBDE83840FFF788BE38BD70B5D1B21E
:107540000446006816461D46FFF77FFE38BB2068DC
:10755000C6F30721FFF779FE08BB2068C6F3074191
:10756000FFF773FED8B92068310EFFF76EFEB0B991
:107570002068E9B2FFF769FE88B92068C5F30721E2
:10758000FFF763FE58B92068C5F30741FFF75DFEBA
:1075900028B92068290EBDE87040FFF756BE70BDBF
:1075A00013B50A4604460621684600F00DF96946FF
:1075B00082B22068FFF75AFE02B010BD70B50D46CA
:1075C00011F00F0118BF002304460EBF80F82410ED
:1075D00080F82430012100681646FFF762FE20681B
:1075E0002946FFF732FE28B931462046BDE87040F3
:1075F000FFF7D6BF70BD70B50E461146054614465E
:10760000FFF772FF30B9286822463146BDE8704066
:10761000FFF72CBE70BD38B5044608460D46DDF7B1
:107620001BF94FF6FF73984228BF184682B22946CD
:107630002068FFF71BFE014620B92068BDE83840EE
:10764000FFF703BE38BD10B590F824100329044697
:1076500016D800EBC10104310068FFF7E6FD70B9F0
:1076600001462068FFF7F1FD48B901462068FFF7A1
:10767000ECFD20B994F82430013384F8243010BD97
:107680000D20FCE773B590F82410044611B90D20C5
:1076900002B070BD0139C9B20825042680F8241053
:1076A00015FB016101440068FFF788FC0128EED951
:1076B00094F82430023815FB0361ADF8040002236E
:1076C00020680DEB06022144FFF743FCE0E710B50C
:1076D000044694F8243023B92068BDE81040FFF731
:1076E000B9BC2046FFF7CEFF0028F2D010BD10B580
:1076F00000F1280104460068FFF797FD18B994F8D7
:10770000243084F8253010BD38B504461D46FFF7F7
:1077100055FF48B92046FFF7EAFF28B92946204619
:10772000BDE83840FFF73CBF38BD10B500F1280177
:1077300004460068FFF76AFC18B994F8253084F80D
:10774000243010BD38B504460D46FFF7EEFF50B9A2
:1077500001462046FFF724FF28B929462046BDE808
:107760003840FFF71DBF38BD0068FFF786BB002318
:10777000F0B5054618468842C0EBC0070DD0052875
:107780000BD02E5C06F07F04BC402343340600F18E
:107790000100F0D402B11360F0BD4FF0FF30FBE701
:1077A0007F280BD9B0F5804F0AD3B0F5001F09D35D
:1077B000B0F1805F2CBF0520042070470120704786
:1077C000022070470320704710B503461046FFF7AC
:1077D000E7FF814207DB441E1C44A342D1B203D120
:1077E00001F07F01197010BD61F07F0103F8011BEA
:1077F000D209F2E7838843B103685A1C026019700A
:107800008388013B8380002070470320704700225B
:1078100001608280704708B54FF6FF7383807E2138
:107820000068FFF7E7FF08BDF7B50368044693E873
:107830000300A6886D4685E80300F1438FB2204619
:10784000C9B2F6F797FE034658B9390A2046F6F74B
:1078500091FE034628B920687E21FFF7CBFF03463F
:1078600028B122680098A98810609180A6801846E7
:1078700003B0F0BD0022C0E90122C0E9032202707A
:107880007047C0E90112C3607047034611F8012B2D
:1078900003F8012B002AF9D1704730B51446002CAB
:1078A0009BB005461A4605DA8B2303604FF0FF3084
:1078B0001BB030BD4FF40273ADF80C3014BF04F1AF
:1078C000FF332346029305934FF6FF730091049113
:1078D000ADF80E3069461E9BF6F726FF431CBCBF71
:1078E0008B232B60002CE3D0009B00221A70DFE773
:1078F0002DE9F0478E681F46BE420B6882460C4653
:1079000090462DD8B1F90C2012F4906F26D06569FD
:10791000096905EB4505A3EB010905EBD5757B1C52
:107920004B446D109D4238BF1D46530527D529464F
:10793000F1F7CCFA064660B321694A46FCF7CAFC67
:10794000A38923F4906343F08003A38126616561DA
:107950004E44A5EB09052660A5603E46BE4200D90F
:107960003E46206832464146FCF7C2FCA3689B1B9A
:10797000A3602368334423600020BDE8F0872A46D3
:10798000FCF753FE06460028E0D121695046F1F786
:1079900053FA0C23CAF80030A38943F04003A381B3
:1079A0004FF0FF30E9E70000FCCBFD7F0100000055
:1079B000919401000000000059C50100B07A030055
:1079C0006935030000000000E96B020000000000C0
:1079D0000D6C020000000000E5D60100D87A03001B
:1079E000E5D60100C47A030011E8010000000000A0
:1079F00009240300000000007D24030000000000B3
:107A0000C51C0300147B030059CB0100007B03005D
:107A10002F2303003C7B030011230300287B03007A
:107A2000D5840100EC7A0300D9C7010000000000F2
:107A300065E5010000000000F166010000000000A3
:107A4000AD85010000000000FFFD02000000000005
:107A5000CDE80100000000008124030000000000C8
:107A6000316F020000000000CDCC0100507B03000C
:107A7000F1D20100647B0300A1AB01000000000013
:107A800029C80100787B030025DB01008C7B030003
:107A90005D240300A07B03006D00030000000000D4
:107AA000132403000000000069FC01000000000036
:107AB000209703005C7F0300747F03006E050020A5
:107AC0004C690020489A0300608003009080030006
:107AD0007A0500201C6A0020569A03007880030073
:107AE000908003007C050020286A00209E8F030000
:107AF000A00900205C7E03006C05002050000020DF
:107B00001E98030000000000AC7F030072050020F7
:107B1000A86900202E98030000000000B47F030035
:107B200074050020000000007F9B0300008103001B
:107B30006081030080050020D40100208D9B03009C
:107B40002C810300608103008205002008020020D0
:107B5000B4990300C47F0300288003007605002049
:107B600088010020249A03000000000044800300E4
:107B700078050020000000000298030000000000CB
:107B8000907F030070050020000000003D9B030073
:107B9000F0800300B48003007E05002080100020E8
:107BA000269C030000000000AC8103008405002037
:107BB000CC6A00200000000000000000000000006F
:107BC000C08B0300030000003B970300030000008C
:107BD0000F980300030000003E9A0300030000001A
:107BE000169C030003000000008C0300030000004B
:107BF000489B0300030000000F8C030003000000FB
:107C0000138C030003000000C99B03000300000065
:107C10006394030003000000D294030003000000FB
:107C2000DA94030003000000D39B0300030000006C
:107C3000779C03000300000010970300030000007E
:107C40001A9F030003000000BA8B03000400000029
:107C5000C199030003000000D2A20300030000004A
:107C6000CE94030003000000349C030003000000D6
:107C70009B9B030003000000AC8F03000300000087
:107C8000E68E030003000000C58D03000300000022
:107C90000197030003000000708F03000300000041
:107CA000047E03001C4C0020B38C03000100000084
:107CB000307E0300344C0020C38C03000100000020
:107CC000FF000000FF000000FF000000FF000000B8
:107CD000FF000000FF000000FF000000FF000000A8
:107CE000FF000000FF000000FF000000FF00000098
:107CF0001D9F030000010000D8ECF0F4F8FC000226
:107D00000304050607080000000000000000000052
:107D1000000000000000000000000101010102025B
:107D20000202030303030404040405050505060613
:107D3000060809000000000000000000000000002C
:107D40000000000000000001010101020202020324
:107D500003030304040404050505050606070809D2
:107D60000A0B0C0D07090902030700100200FA00B4
:107D700000000000874F0100934F0100974F010062
:107D80009F4F0100A34F010000C20100000008FF47
:107D9000FF051200000000000000000000000000CD
:107DA0000338FDD87047000000000000000000000C
:107DB0000338FDD87047000000180020F4030000CD
:107DC000AFF8020051F802000200000059FA020068
:107DD00000000000000000000000000000000000A3
:107DE000938C03009B8C0300000000000000000047
:107DF00000000000A38C0300A78C0300AB8C0300E1
:107E0000AF8C0300F1700100E5700100D17001003A
:107E1000B970010000000000C57001000000000002
:107E20003D710100244C00205C7B0020100000000C
:107E30003572010029720100CD710100D971010074
:107E400000000000C171010000000000E9710100A4
:107E50003C4C00206D7B0020400000003BFD0200F8
:107E60006185010000000000ED820100E7FC0200D6
:107E700079820100A3FB0200ADFB020059820100E0
:107E8000BBFB020000000000C5FB02000000000078
:107E900000000000CDFB0200EBFB0200EFFB020044
:107EA00029FC0200F7FB0200000000004DFD02006B
:107EB000780100207001002068010020000000000F
:107EC0006001002015870100098601005D86010020
:107ED000BD860100000000200000000000000B062D
:107EE00002000000E87E030000000000B0940300E0
:107EF0002600020200000020B894030022000B11AB
:107F0000A99501000000000063FE020000000000CF
:107F1000000000000000000000000000007F0300DF
:107F2000287F030080000000C0C30020007F030002
:107F3000387F03008000000080CD0020000000009A
:107F40000000000000000000000000014DAD010035
:107F5000E9C40100C1C401000000000039C60100ED
:107F600025C501002F9703006B1C0300711C030043
:107F700035970300B1C50100F11B0300511C03003C
:107F8000000000008F1B0300000000000000000044
:107F90007D1C030051C8010041C801000000000021
:107FA00000000000000000000000000001CB010004
:107FB00059CA0100811C03000000000004000000F9
:107FC000FF000000000000000000000000000000B2
:107FD00000000000000000000000000000000000A1
:107FE0000403000000000003F40100000001010090
:107FF00000008000C2281700FC7F030000900240B0
:10800000088003000100000010800300060000004B
:1080100013183A0014183E001518400016184200B4
:108020001718440011183C0071D1010051D0010013
:108030003DCF010069CC010059CC010000080000CF
:1080400000100000131E030045D5010081D401007B
:10805000C5D20100B5D2010004000000FF000000FD
:10806000FFFF0000000300500000000001000000BE
:108070000060004000000000BCF801FF000000505C
:108080000000000000000000006000400000000050
:1080900079D70100411E03004F1E0300671E030035
:1080A000731E03007F1E0300E5D50100991E030027
:1080B000000000004F1F030005D90100CD1F030081
:1080C0002D1F03008F1F030011D90100B94F0100BC
:1080D00009DC0100F91F03000000000071D9010054
:1080E00021D90100191F0300131F030055D90100F6
:1080F000171F03000B001A00F480030001000000AA
:108100000080024002000000000000001081030017
:10811000008002401C810300010000002481030054
:1081200002000000210602002200000000200040A2
:1081300002000000000000003C810300002000401D
:10814000488103000100000050810300040000008A
:1081500006000000050004000806020007060600ED
:108160007F200300FDE1010033200300DF21030035
:10817000A7200300D5200300012103000B210300E9
:1081800045210300512103000B2103003521030089
:108190005D2103006B21030079210300AF2103005F
:1081A000B3210300000000000000000000000000F8
:1081B0000000000000000000612403001DEB01002E
:1081C0000000000000000000FD2803004D1C02001C
:1081D000F53602000946020045450200E941020069
:1081E000512B030000000000A1360200C14602002E
:1081F0005F2B0300000000001B2F0300554402000A
:10820000DF2A030000000000653602006946020014
:10821000093B0200000000006C11004030110040DA
:108220000011004001000000441100400000000067
:108230000000000000000000010900000000000034
:108240000080004000000000280000000500000041
:10825000000000000000000000800040000000005E
:10826000280000000500000000000000CB9E030075
:10827000D99E0300ED9E0300FC9E0300089F0300AF
:10828000B0790300B0790300307A0300387A030034
:10829000B07A0300B07A0300180300200000000049
:1082A00000000000000000000000000000000000CE
:1082B00000000000000000000000000000000000BE
:1082C00000000000000000000000000000000000AE
:1082D000000000000000000000000000000000009E
:1082E000000000000000000000000000000000008E
:1082F0000000000000000000000000000810000066
:10830000874F03000000000004130000D958030049
:108310000000000005130000F758030000000000F3
:1083200008100000694F0300000000000413000063
:108330001359030000000000051300003159030029
:10834000000000000700000069500300000000006A
:1083500020000000759F02000000000021000000C6
:10836000DD4C030000000000240000000D5303005A
:1083700000000000250000005F5303000000000023
:108380002A000000B1530300000000002B00000091
:10839000D5530300000000002C00000035540300FA
:1083A0000000000030000000E99C02000000000016
:1083B00031000000114F03000000000032000000F7
:1083C000354F03000000000034000000E14D0300C1
:1083D00000000000350000005159030000000000BB
:1083E00036000000AB4D0300000000003700000025
:1083F000254E030000000000380000003B4D030044
:10840000000000003B000000714D03000000000070
:10841000000800006D5A0300000000000108000081
:10842000FF5A030000000000031300002758030058
:108430000000000004130000535803000000000077
:1084400005130000975803000000000003400000DF
:10845000755403000000000000000000A54F030059
:108460000000000001000000AF4F0300000000000A
:10847000020000003B500300000000000300000069
:10848000CD4F03000000000004000000D54F0300A2
:108490000000000005000000DD4F030000000000A8
:1084A000060000005150030000000000070000001B
:1084B0006150030000000000080000006D50030040
:1084C00000000000090000008750030000000000C9
:1084D0000C0000008F500300000000000D000000A1
:1084E000595003000000000020000000B14C0300C0
:1084F0000000000021000000C74C03000000000045
:1085000022000000C354030000000000230000000C
:10851000F19D02000000000024000000DF52030073
:10852000000000002500000031530300000000009F
:1085300026000000B35203000000000027000000E6
:10854000C95203000000000029000000D9540300B4
:10855000000000002A000000835303000000000018
:108560002C00000007540300000000003000000051
:108570003F4F03000000000031000000094F0300DE
:1085800000000000320000002B4F0300000000003C
:1085900034000000C94D0300000000003500000059
:1085A000FD4D03000000000036000000934D030065
:1085B0000000000037000000154E0300000000001E
:1085C00038000000214D030000000000B000000052
:1085D0003155030000000000B100000039550300D0
:1085E00000000000020800000D5803000000000019
:1085F000040800006D4E03000000000005080000A4
:10860000834E0300000000000B120000E55703003A
:108610000000000003130000FD57030000000000ED
:10862000004000005354030000000000014000001F
:108630005D54030000000000024000005B54030092
:108640000000000003400000B554030000000000DB
:108650000000000077000000000000007000000033
:1086600000000000010000006000000000000000A9
:108670000100000061000000000000000100000097
:108680006300000000000000010000004300000043
:108690000000000001000000480000000000000091
:1086A0000100000047000000000000000100000081
:1086B0000D15000000000000010000005200000045
:1086C00000000000010000005A000000000000004F
:1086D000010000005B00000000000000010000003D
:1086E00042000000000000000100000049000000FE
:1086F0000000000001000000000000000B0000006E
:1087000001000000000000000E0000000100000059
:1087100000000000680000000000000030000000C1
:1087200000000000000000006600000000000000E3
:108730000100000021000000000000000100000016
:1087400036000000000000000100000044000000AE
:1087500000000000010000004500000000000000D3
:1087600001000000460000000000000001000000C1
:108770004B0000000000000001000000220000008B
:1087800000000000010000000D19000000000000C2
:1087900001000000B9EB01000DEC010095EB0100B8
:1087A000B2A20300D75F030000000000BAA20300DA
:1087B0006DA8020000000000BDA203007DA402001D
:1087C00000000000C2A2030065A602000000000035
:1087D000C7A203001160030000000000CDA2030047
:1087E00041A9020000000000DBA20300B1A70200C3
:1087F00000000000B1A103009D5F03000000000025
:10880000B7A10300A95F030000000000EBA2030072
:10881000C5A8020000000000FF8FFFFFFF8FFFFFD1
:10882000FE8FFFFFFE8FFFFFFD8FFFFFFC8FFFFF1F
:10883000FC8FFFFF6D757465785F667265652063F8
:10884000616C6C65642077697468204E554C4C20CF
:10885000706172616D6574657200000043616E271E
:108860007420696E697469616C697A65206D7574CC
:1088700065782C20776173204E554C4C0D0A000012
:108880004661696C20746F2061637175697265203F
:108890006D757465780A00004661696C20746F20FC
:1088A000696E63726561736520504D20636F756EEC
:1088B0007465720A000000004661696C20746F20C4
:1088C000646563726561736520504D20636F756EDA
:1088D0007465720A000000004661696C20746F20A4
:1088E00072656C65617365206D757465780A00004A
:1088F000436F756C64206E6F74206C6F636B2070B7
:108900006F7765722073617665206D757465780088
:108910004661696C20746F20756E6C6F636B206D9F
:10892000757465780A0000006374782063616E6E68
:108930006F74206265204E554C4C00000A637478B9
:10894000206973204E554C4C0A00000067E6096A06
:1089500085AE67BB72F36E3C3AF54FA57F520E5160
:108960008C68059BABD9831F19CDE05BD89E05C1F0
:1089700007D57C3617DD703039590EF7310BC0FF43
:1089800011155868A78FF964A44FFABE01234567F3
:1089900089ABCDEFFEDCBA9876543210F0E1D2C349
:1089A000000000000000F0FFF0FFF0FFEAFF74FF9E
:1089B000F0FFF0FFF0FFF0FFEAFF00008911122343
:1089C0009B322446AD573665BF74488CC19D5AAF63
:1089D000D3BE6CCAE5DB7EE9F7F88110080193335A
:1089E0001A22A5562C47B7753E64C99C408DDBBF43
:1089F00052AEEDDA64CBFFF976E802218B3010023B
:108A000099132667AF763444BD554AADC3BC588E22
:108A1000D19F6EEBE7FA7CC8F5D983310A20911219
:108A20001803A7772E66B5543C45CBBD42ACD99E02
:108A3000508FEFFB66EAFDD874C904428D5316616E
:108A40009F702004A9153227BB364CCEC5DF5EEDE2
:108A5000D7FC6888E1997AABF3BA85520C439771D9
:108A60001E60A1142805B3373A26CDDE44CFDFFDC2
:108A700056ECE9986089FBBB72AA06638F721440BA
:108A80009D512225AB343006B9174EEFC7FE5CCCA2
:108A9000D5DD6AA9E3B8788AF19B87730E62955099
:108AA0001C41A3352A24B1163807CFFF46EEDDDC82
:108AB00054CDEBB962A8F99A708B088481951AA7F6
:108AC00093B62CC2A5D33EE1B7F04008C919522B8A
:108AD000DB3A644EED5F766DFF7C899400859BB731
:108AE00012A6ADD224C3BFF136E0C1184809D33B6A
:108AF0005A2AE55E6C4FF77D7E6C0AA583B4188612
:108B000091972EE3A7F23CC0B5D14229CB38500A49
:108B1000D91B666FEF7E744CFD5D8BB502A49996F0
:108B20001087AFF326E2BDD034C1C3394A28D11A29
:108B3000580BE77F6E6EF55C7C4D0CC685D71EE545
:108B400097F42880A1913AA3B3B2444ACD5B566909
:108B5000DF78600CE91D722FFB3E8DD604C79FF5B0
:108B600016E4A9902081BBB332A2C55A4C4BD779E9
:108B70005E68E11C680DF33F7A2E0EE787F61CC491
:108B800095D52AA1A3B03882B193466BCF7A5448C9
:108B9000DD59622DEB3C700EF91F8FF706E69DD470
:108BA00014C5ABB122A0B9923083C77B4E6AD558A9
:108BB0005C49E33D6A2CF11E780F6F745F627200AE
:108BC00063627072696E74665F7061636B61676522
:108BD00000286E696C29004661696C656420746FB9
:108BE000207265626F6F743A207370696E6E696E81
:108BF0006720656E646C6573736C792E2E2E0A0087
:108C000066735F6E7673006C6F6767696E67006C82
:108C10006F67006C6F675F6D676D74001B5B306D15
:108C200000257320005B2530386C755D20005B25C6
:108C30003032753A253032753A253032752E25306E
:108C400033752C253033755D200025730025732F77
:108C5000003C25733E200025733A200025303278F1
:108C60002000202020007C00256300206D657373A8
:108C7000616765732064726F70706564202D2D2D9F
:108C80000D0A1B5B306D001B5B313B33316D2D2DAD
:108C90002D20001B5B313B33316D001B5B313B33BF
:108CA000336D006572720077726E00696E660064E3
:108CB0006267006C6F675F6261636B656E645F72B1
:108CC0007474006C6F675F6261636B656E645F7381
:108CD00070696E656C00456E64706F696E742030EB
:108CE000782530327820697320696E76616C69640A
:108CF000004661696C656420746F20646973616209
:108D00006C6520656E64706F696E742030782530F4
:108D10003278004661696C656420746F20636F6E01
:108D200066696775726520656E64706F696E742020
:108D3000307825303278004661696C656420746F44
:108D400020656E61626C6520656E64706F696E741B
:108D50002030782530327800526571756573742043
:108D600062756666657220746F6F20736D616C6CDE
:108D7000004661696C656420746F20636F6E66697C
:108D80006775726520555342206465766963652076
:108D9000737461636B004572726F6E656F757320DB
:108DA0006465766963652064657363726970746F66
:108DB00072206F7220624D61785061636B657453ED
:108DC000697A6530007573625F6465766963650012
:108DD00030313233343536373839414243444546F1
:108DE000005468657265206973206E6F2075736228
:108DF0005F6366675F6461746120666F72202570CF
:108E000000556E696E697469616C697A6564207574
:108E100073625F6366675F6461746120706F696E1F
:108E20007465722C20636F7272757074656420644F
:108E300065766963652064657363726970746F72C7
:108E40003F004661696C656420746F2076616C69CF
:108E50006461746520656E64706F696E747300740C
:108E60006865206E657720534E2064657363726970
:108E700070746F7220646F65736E277420686176FA
:108E800065207468652073616D65206C656E67741C
:108E90006820617320434F4E4649475F5553425FF8
:108EA0004445564943455F534E00496E636F6D70AC
:108EB0006C657465206465766963652064657363B9
:108EC000726970746F72004661696C656420746FBA
:108ED000206669787570205553422064657363720B
:108EE0006970746F72007573625F64657363726931
:108EF00070746F72005472616E7366657220657271
:108F0000726F722025642C206570203078253032F5
:108F1000780052582064617461206C6F73742C2047
:108F20006E6F207472616E73666572004E6F20748E
:108F300072616E7366657220736C6F742061766106
:108F4000696C61626C650041207472616E73666564
:108F50007220697320616C7265616479206F6E673D
:108F60006F696E672C20657020307825303278006C
:108F70007573625F7472616E736665720052696EBA
:108F800067206275666665722066756C6C2C20645D
:108F9000726F7020257A642062797465730063644F
:108FA000635F61636D5F7561727430007573625FDA
:108FB0006364635F61636D00757362776F726B7179
:108FC000002A2A2A20426F6F74696E67206E52460B
:108FD00020436F6E6E6563742053444B2076322EAF
:108FE000372E302D35636238353537306361343391
:108FF000202A2A2A0A002A2A2A205573696E672005
:109000005A6570687972204F532076332E362E3988
:10901000392D313030626566633730633734202A4A
:109020002A2A0A006D757465785F696E6974206319
:10903000616C6C65642077697468204E554C4C20D7
:10904000706172616D6574657200436F756C642048
:109050006E6F7420616C6C6F63617465206D7574E4
:109060006578206265666F726520696E69746961F2
:109070006C697A696E670072302F61313A20203056
:109080007825303878202072312F61323A20203014
:109090007825303878202072322F61333A20203002
:1090A00078253038780072332F61343A20203078B8
:1090B00025303878207231322F69703A202030788C
:1090C00025303878207231342F6C723A2020307875
:1090D000253038780020787073723A202030782557
:1090E000303878004661756C74696E6720696E73FC
:1090F0007472756374696F6E2061646472657373F2
:1091000020287231352F7063293A20307825303885
:109110007800556E68616E646C6564204952516ECA
:109120003A202564002A2A2A2A2A2042555320461A
:1091300041554C54202A2A2A2A2A0020205374619F
:10914000636B696E67206572726F72002020556EC6
:10915000737461636B696E67206572726F72002051
:109160002050726563697365206461746120627563
:1091700073206572726F7200202042464152204176
:109180006464726573733A20307825780020204932
:109190006D707265636973652064617461206275C6
:1091A00073206572726F72002020496E737472753D
:1091B0006374696F6E20627573206572726F7200DE
:1091C0002020466C6F6174696E672D706F696E74D4
:1091D000206C617A79207374617465207072657394
:1091E0006572766174696F6E206572726F72002AA3
:1091F0002A2A2A2A205553414745204641554C5496
:10920000202A2A2A2A2A0020204469766973696F55
:109210006E206279207A65726F002020556E616C35
:1092200069676E6564206D656D6F72792061636337
:109230006573730020204E6F20636F70726F6365DB
:1092400073736F7220696E737472756374696F6E75
:1092500073002020496C6C6567616C206C6F6164E1
:10926000206F66204558435F52455455524E206941
:109270006E746F205043002020496C6C6567616CF0
:1092800020757365206F66207468652045505352C1
:10929000002020417474656D707420746F206578AF
:1092A000656375746520756E646566696E656420B6
:1092B000696E737472756374696F6E002A2A2A2A44
:1092C0002A204D5055204641554C54202A2A2A2AFE
:1092D0002A002020537461636B696E672065727287
:1092E0006F722028636F6E74657874206172656197
:1092F000206D69676874206265206E6F74207661E6
:109300006C696429002020446174612041636365B5
:1093100073732056696F6C6174696F6E0020204D05
:109320004D46415220416464726573733A2030782F
:109330002578002020496E737472756374696F6EAE
:10934000204163636573732056696F6C6174696F44
:109350006E0052657365727665642045786365704A
:1093600074696F6E20280053707572696F75732071
:10937000696E7465727275707420284952512000AC
:10938000535053454C20696E2074687265616420A7
:109390006D6F646520646F6573206E6F7420696EF5
:1093A00064696361746520505350002A2A2A2A2A6E
:1093B0002048415244204641554C54202A2A2A2A0A
:1093C0002A002020427573206661756C74206F6ED0
:1093D00020766563746F72207461626C65207265BB
:1093E00061640020204465627567206576656E744F
:1093F0000020204661756C7420657363616C617434
:10940000696F6E20287365652062656C6F7729002F
:10941000415243485F45584345505420776974682A
:1094200020726561736F6E2025780A002A2A2A2A25
:109430002A204465627567206D6F6E69746F7220B3
:10944000657863657074696F6E202A2A2A2A2A005B
:109450002A2A2A2A2A20257320256429202A2A2A12
:109460002A2A006D7075004661696C656420746F0E
:1094700020616C6C6F63617465206E6577204D5060
:109480005520726567696F6E2025750A00506172FC
:10949000746974696F6E2025753A2073616E697402
:1094A0007920636865636B206661696C65642E0072
:1094B000464C4153485F30005352414D5F3000618C
:1094C000626F727428290A00000001000000736FA7
:1094D00063006E65745F627566006E65745F6275C9
:1094E000665F73696D706C65006F70656E7468722D
:1094F000656164006E657425640000000000000072
:109500000000757362645F776F726B710055534230
:1095100044206576656E7420616C6C6F636174695C
:109520006F6E206661696C6564210055534244206A
:109530006576656E74206D656D6F727920636F72EC
:1095400072757074656400556E6B6E6F776E205522
:10955000534220706F776572206576656E742025A2
:1095600064006E6F742061747461636865642C209C
:10957000455020307825303278206576656E74202D
:1095800064726F70706564006E5246205553424499
:10959000207472616E73666572206572726F7220DC
:1095A000284F5554293A20307825303278004661CA
:1095B000696C656420746F20616C6C6F63206576E4
:1095C000740055534244206576656E74207175654C
:1095D00075652066756C6C2100556E6B6E6F776ECD
:1095E0002055534244206576656E743A20256864A0
:1095F00000556E6578706563746564206576656E88
:109600007420286E7266785F75736264293A20252B
:10961000642C20657020307825303278005F6570CA
:109620005F7374617475735F676574206661696CDC
:1096300065642120436F64653A20256400696E7675
:10964000616C696420656E64706F696E7420636F0D
:109650006E66696775726174696F6E00696E7661B6
:109660006C696420656E64706F696E7420696E64E5
:1096700065782F61646472657373004550206D6175
:1096800078207061636B65742073697A65206D75ED
:109690007374206265206120706F776572206F6639
:1096A0002032005354414C4C20756E737570706FAE
:1096B00072746564206F6E2049534F20656E64702C
:1096C0006F696E7400456E64706F696E74203078D7
:1096D00025303278206973206E6F7420656E616268
:1096E0006C6564006E52462055534244207772697F
:1096F0007465206572726F723A2025640001000261
:10970000037573625F6E72667800000101010101EA
:109710006E72665F757362645F636F6D6D6F6E000E
:10972000636C6F636B403430303030303030006801
:1097300066636C6B006C66636C6B00636C6F636B71
:109740005F636F6E74726F6C00546869732064722B
:1097500069766572206F6E6C7920737570706F72A8
:109760007473203132382D6269742041455320458D
:10977000434220656E6372797074696F6E20696E02
:109780002073796E6368726F6E6F7573206D6F648E
:1097900065004E6F206B65792070726F7669646525
:1097A00064005065726970686572616C20696E2032
:1097B000757365006F6E6C792031362D6279746532
:1097C00020626C6F636B73206172652073757070BB
:1097D0006F72746564006F7574707574206275665D
:1097E00066657220746F6F20736D616C6C00454309
:1097F00042206F7065726174696F6E206572726F5E
:109800007200656362403430303065303030006360
:10981000727970746F5F6E72665F65636200726109
:109820006E646F6D403430303064303030006372BD
:109830007970746F4035303032613030300073658C
:109840007400636C656172004A4544454320696455
:10985000205B253032782025303278202530327850
:109860005D20657870656374205B25303278202533
:1098700030327820253032785D00524453522066D1
:1098800061696C65643A2025640051452025732088
:109890006661696C65643A20256400657261736570
:1098A000206572726F723A2061646472657373200E
:1098B0006F722073697A65206578636565647320CB
:1098C00065787065637465642076616C7565732E68
:1098D000416464723A203078256C782073697A6527
:1098E00020257A7500756E737570706F727465647B
:1098F000206174203078256C782073697A65202582
:109900007A75006572617365206572726F7220618D
:1099100074203078256C782073697A6520257A75F3
:10992000007772697465206572726F723A206164A3
:109930006472657373206F722073697A652065782D
:10994000636565647320657870656374656420760B
:10995000616C7565732E416464723A203078256CB1
:10996000782073697A6520257A75007265616420B4
:109970006572726F723A2061646472657373206FEE
:10998000722073697A652065786365656473206504
:10999000787065637465642076616C7565732E41BB
:1099A0006464723A203078256C782073697A652077
:1099B000257A75006D78323572363433356640302D
:1099C00000717370695F6E6F7200696E76616C69A9
:1099D0006420616464726573733A2030782530388E
:1099E0006C783A257A7500756E616C69676E65648E
:1099F00020616464726573733A2030782530386C66
:109A0000783A257A75006E6F7420776F72642D61D5
:109A10006C69676E65643A2030782530386C783A26
:109A2000257A7500666C6173682D636F6E74726F52
:109A30006C6C657240343030316530303000666CAB
:109A40006173685F6E7266006770696F40353030B1
:109A50003030333030006770696F4035303030302F
:109A6000303030009BB8EA006E7266355F72780065
:109A70004572726F72207768696C652073746F70BD
:109A800070696E6720726164696F004661696C6518
:109A90006420746F20656E746572207265636569F9
:109AA0007665207374617465005061796C6F6164D0
:109AB00020746F6F206C617267653A2025640054D2
:109AC00058206D6F6465202564206E6F7420737557
:109AD00070706F727465640043616E6E6F74207392
:109AE000656E64206672616D65004E6F20667265FA
:109AF00065207061636B657420617661696C616279
:109B00006C652E004661696C656420746F20777205
:109B100069746520746F2061207061636B65742EB9
:109B2000005061636B65742064726F7070656420AF
:109B30006279204E455420737461636B00696565DA
:109B40006538303231353400696565653830323119
:109B500035345F6E726635000001020304050607A6
:109B60004661696C656420746F20616C6C6F636121
:109B7000746520505049204368616E6E656C0075B5
:109B80006172744034303032383030300075617278
:109B90007440343030303230303000756172745F70
:109BA0006E7266785F7561727465004D50534C201B
:109BB0004153534552543A2025732C202564004DBF
:109BC00050534C20576F726B006D70736C5F696EF1
:109BD0006974006E72665F3830323135345F636F9E
:109BE0006E666967757265006D70736C5F74696D20
:109BF00065736C6F745F73657373696F6E5F6F709D
:109C0000656E206661696C65643A2025640074693C
:109C10006D656F757400666C6173685F73796E63F0
:109C20005F6D70736C0074656D70403430303063FC
:109C30003030300074656D705F6E7266355F6D70C8
:109C4000736C006F745F726164696F5F776F726BC2
:109C500071006469616720666561747572652027AB
:109C6000257327206973206E6F7420737570706F71
:109C7000727465640D0A006E72665F383032313579
:109C8000345F74656D706572617475726500705FC4
:109C900074696D657374616D7020213D204E554C63
:109CA0004C00574553545F544F504449522F6E72E5
:109CB000662F6D6F64756C65732F6E7266786C6954
:109CC000622F6E72665F3830323135342F736C2FED
:109CD000706C6174666F726D2F6E72665F383032B1
:109CE0003135345F68705F74696D65722E63006E24
:109CF00072665F3830323135345F68705F74696D19
:109D000065725F73796E635F74696D655F676574B3
:109D1000006964203D3D206D5F74696D65722E633E
:109D200068616E00574553545F544F504449522F59
:109D30006E72662F6D6F64756C65732F6E726678C8
:109D40006C69622F6E72665F3830323135342F7332
:109D50006C2F706C6174666F726D2F6E72665F38F7
:109D600030323135345F706C6174666F726D5F7361
:109D70006C5F6C7074696D65725F7A65706879721A
:109D80002E63006964203D3D206D5F73796E635FD3
:109D900074696D65722E6368616E0066616C7365CF
:109DA000006E72665F3830323135345F706C6174CA
:109DB000666F726D5F736C5F6C705F74696D6572F6
:109DC0005F696E69740073796E635F74696D657243
:109DD0005F68616E646C65720074696D65725F685E
:109DE000616E646C657200000000000000000001FC
:109DF0000000000000040810000000FFFFFFFFFF4C
:109E0000FFFF02FFFFFF080000000000010100004B
:109E10000000000020303030303030303030303012
:109E200030303000010000010000005465726D699F
:109E30006E616C0000000000000054545220524536
:109E4000474745530048616C74696E6720737973A6
:109E500074656D00556E6B6E6F776E206572726FF4
:109E60007200756E6B6E6F776E003E3E3E205A45F7
:109E70005048595220464154414C204552524F526D
:109E80002025643A202573206F6E204350552025ED
:109E900064004661756C7420647572696E67206930
:109EA0006E746572727570742068616E646C696E30
:109EB000670A0043757272656E742074687265611A
:109EC000643A2025702028257329004350552065C9
:109ED0007863657074696F6E00556E68616E646C4E
:109EE000656420696E746572727570740053746174
:109EF000636B206F766572666C6F77004B65726E70
:109F0000656C206F6F7073004B65726E656C2070AE
:109F1000616E6963006D61696E006F7300737973C0
:109F2000776F726B71002C2066756E6374696F6E4B
:109F30003A2000617373657274696F6E2022257315
:109F400022206661696C65643A2066696C6520222E
:109F50002573222C206C696E65202564257325737A
:109F60000A00002020202020202020202828282827
:109F700028202020202020202020202020202020D9
:109F80002020208810101010101010101010101029
:109F90001010100404040404040404040410101039
:109FA00010101010414141414141010101010101E5
:109FB0000101010101010101010101010101101073
:109FC00010101010424242424242020202020202B9
:109FD0000202020202020202020202020202101045
:109FE0001010200000000000000000000000000031
:109FF0000000000000000000000000000000000061
:10A000000000000000000000000000000000000050
:10A010000000000000000000000000000000000040
:10A020000000000000000000000000000000000030
:10A030000000000000000000000000000000000020
:10A040000000000000000000000000000000000010
:10A050000000000000000000000000000000000000
:10A06000000000232D302B2000686C4C00656667D3
:10A07000454647003031323334353637383961623E
:10A08000636465660002040506074672616D696EC9
:10A0900067206572726F722025643A205B0020256C
:10A0A000303258005D0A004F50454E5448524541E9
:10A0B000442F613537643932373B205A65706879EF
:10A0C000723B204A616E20313220323032352031ED
:10A0D000343A30383A3538006661696C65640D0A87
:10A0E000737461747573202523780D0A002D6E003A
:10A0F00064697361626C65640072637000646961B5
:10A10000676E6F7374696373206D6F646520697324
:10A110002025730D0A006661696C65643A20636FDF
:10A120006D6D616E6420737472696E6720746F6FF9
:10A13000206C6F6E670D0A006661696C65643A2079
:10A14000636F6D6D616E6420737472696E672063F6
:10A150006F6E7461696E7320746F6F206D616E79BC
:10A1600020617267756D656E74730D0A00666169B2
:10A170006C656420746F20706172736520636F6D0D
:10A180006D616E6420737472696E670D0A00676595
:10A19000740025640D0A00696E0D0A006F75740D58
:10A1A0000A00656E61626C650064697361626C656A
:10A1B0000073746172740073746F70007C20537448
:10A1C0006172744368207C20456E644368207C2063
:10A1D000546172676574506F776572207C204163AB
:10A1E0007475616C506F776572207C205261775076
:10A1F0006F77657253657474696E67207C0D0A2BE6
:10A200002D2D2D2D2D2D2D2D2D2B2D2D2D2D2D2D80
:10A210002D2B2D2D2D2D2D2D2D2D2D2D2D2D2D2B72
:10A220002D2D2D2D2D2D2D2D2D2D2D2D2D2B2D2D60
:10A230002D2D2D2D2D2D2D2D2D2D2D2D2D2D2D2B50
:10A240000D0A007C20253775207C20253575207C63
:10A250002025313164207C2025313164207C20256B
:10A26000313573207C0D0A00546172676574506F3C
:10A2700077657228302E303164426D293A2025648A
:10A280000D0A41637475616C506F77657228302ECA
:10A29000303164426D293A2025640D0A52617750AD
:10A2A0006F77657253657474696E673A2025730D14
:10A2B0000A006368616E6E656C00637700656368B1
:10A2C0006F006770696F00706F77657200706F77ED
:10A2D000657273657474696E677300726177706F0D
:10A2E00077657273657474696E6700737472656103
:10A2F0006D0006050505050505050A0505050505A5
:10A3000005050E141400001C2030401C2000001C09
:10A31000203040004075696E74385F742A206F7475
:10A320003A3A5370696E656C3A3A42756666657280
:10A330003A3A476574557064617465644275665055
:10A3400074722875696E74385F742A2C2075696E72
:10A350007431365F742C20446972656374696F6E62
:10A360002920636F6E737400574553545F544F50E8
:10A370004449522F6D6F64756C65732F6C69622F41
:10A380006F70656E7468726561642F7372632F6C91
:10A3900069622F7370696E656C2F7370696E656C7E
:10A3A0005F6275666665722E6370700075696E74A3
:10A3B00031365F74206F743A3A5370696E656C3A47
:10A3C0003A4275666665723A3A47657444697374D1
:10A3D000616E636528636F6E73742075696E74387F
:10A3E0005F742A2C20636F6E73742075696E7438E5
:10A3F0005F742A2C20446972656374696F6E29202A
:10A40000636F6E7374006D57726974654469726529
:10A410006374696F6E20213D206B556E6B6E6F7794
:10A420006E006F744572726F72206F743A3A537097
:10A43000696E656C3A3A4275666665723A3A496E7B
:10A440004672616D65417070656E642875696E74E1
:10A45000385F7429006E756D5365676D656E747332
:10A46000203C3D206B4D61785365676D656E74735C
:10A47000006F744572726F72206F743A3A5370694C
:10A480006E656C3A3A4275666665723A3A4F757413
:10A490004672616D6552656D6F766528290064723C
:10A4A00061676F6F6E2F6C6962732F736368656489
:10A4B000756C696E672F7372632F72656D5F68616B
:10A4C0006C5F6576656E745F74696D65722E63008E
:10A4D000B0EA56C88D83335088D0EB895665696DD4
:10A4E0003CB0CEB90000000004000020DD480100AF
:10A4F000E34801000F490100E74801001949010044
:10A50000ED48010025490100F3480100F54801002C
:10A51000F74801000549010009490100FB48010015
:10A5200001490100154901001F490100747D030024
:10A530000105050000000000000000000000000010
:10A54000000000000000000000000000000000000B
:10A5500000000000000000000000000000000000FB
:10A5600000000000000000000000000000000000EB
:10A5700000000000000000000000000000000000DB
:10A5800000000000000000000000000000000000CB
:10A5900000000000000000000000000000000000BB
:10A5A00000000000000000000000000000000000AB
:10A5B000000000000000000000000000000000009B
:10A5C00000000000280100200801002000C2010056
:10A5D0000000080000000000000000000000000073
:10A5E00000000000000000003BEF020071F80200D4
:10A5F000C0DF00200000000000000000000000009C
:10A600000000000000000000000000000004000046
:10A61000C0E3002000000000000000000000000077
:10A620000000000000000000000000000004000026
:10A630004182010080000000A97F010000000000AD
:10A64000A97F010080000000080700203A000000F8
:10A650001C0700203A000000A40600203A00000079
:10A66000440700203A00000009FE020003FE020039
:10A67000880100208801002000000000FFFFFFFF8C
:10A680009801002098010020A0010020A0010020D6
:10A690000100000001000000B0010020B001002016
:10A6A000B8010020B80100200000000001000000F7
:10A6B000C8010020C80100200000000000000000C8
:10A6C00000C2010000010300F401002000000000AE
:10A6D000F97B0020F87B0020000000000000000053
:10A6E00000000000FA7B00202000000000000000B5
:10A6F0000000000000C20100000103002802002049
:10A70000000000001B7C00201A7C002000000000DC
:10A7100000000000000000001C7C00202000000061
:10A72000000000000000000099530100000000003C
:10A73000000000005C02002000000000000000009B
:10A7400000000000C0E70020000000000000000042
:10A7500000000000000000000000000000000000F9
:10A7600000080000D20000000090D00300000000AC
:10A7700000000000000000000000000000000000D9
:10A7800000000000000000000000000000000000C9
:10A7900000000000000000000000000000000000B9
:10A7A00000000000000000000000000000000000A9
:10A7B0000000000000000000000000000000000099
:10A7C0000000000000000000000000000000000089
:10A7D0000000000000000000000000000800000071
:10A7E000FF00000000000000030000000000000067
:10A7F0003F9007000C0300200C03002018030020EA
:10A8000000000000DC820300BC8203009C82030085
:10A810000000000000000000000000000000000038
:10A820000000000000000000000000000000000028
:10A830000000000000000000000000000000000018
:10A840000000000000000000000000000000000008
:10A8500000000000000000000000000000000000F8
:10A860000000000035B90200BC030020B403002042
:10A87000AC03002000000000A4030020F5BA020091
:10A8800041BA020075BA0200BDBA02004C72002043
:10A890003A00003A507200203A00003A5472002008
:10A8A0003A00003A587200203A00003AA07700209F
:10A8B000D0030020900300208803002084030020A0
:10A8C000800300206DC8020061C8020055C8020064
:10A8D0001402FFFF43350300D933030000000000DA
:10A8E00075FD02003C7B03005522030000000000C0
:10A8F00075FD02000000000075FD02000000000070
:10A9000075FD0200115D0200D93303000000000054
:10A9100075FD02000000000075FD0200000000004F
:10A9200075FD02000000000075FD0200000000003F
:10A9300075FD02000000000075FD0200A8690020FE
:10A94000C9CB01000000000075FD020000000000FE
:10A9500075FD02000000000075FD0200000000000F
:10A9600021E601000000000075FD0200000000006B
:10A9700075FD02000000000075FD020000000000EF
:10A9800075FD02000000000075FD020000000000DF
:10A9900075FD02000000000075FD020000000000CF
:10A9A00071E801000000000075FD020000000000D9
:10A9B00075FD02000000000075FD020000000000AF
:10A9C00075FD02000000000075FD0200000000009F
:10A9D00075FD02000000000075FD0200000000008F
:10A9E00075FD02000000000075FD0200000000007F
:10A9F00075FD02000000000075FD0200000000006F
:10AA000075FD02000000000075FD020029BC010078
:10AA1000D9330300287B030055220300D1660200CE
:10AA2000D93303000000000075FD020000000000A3
:10AA300075FD02000000000075FD0200000000002E
:10AA400075FD02000000000075FD0200000000001E
:10AA500075FD020000000000000000000000000082
:10AA60000000000000000000000000000000FFFFE8
:10AA700000000000000000000000000000000000D6
:10AA800000000000000000000000000000000000C6
:10AA900000000000000000000000000000000000B6
:10AAA00000000000000000000000000000000000A6
:10AAB0000000000000000000000000000000000096
:10AAC000597D0200000000000000000000000000AE
:10AAD000E8050020E805002055EB0100000000001B
:10AAE0000000000000000000000000000000000066
:10AAF00008060020080600200000000040DD0020BD
:10AB00000000000020000000140000000000000011
:10AB100028060020280600200000000040DA00205F
:10AB200000000000080000006000000000000000BD
:10AB300048060020480600200000000040D7002002
:10AB4000000000000800000060000000000000009D
:10AB500068060020680600200000000000000000D9
:10AB60000E0000007C0600207C0600200000000093
:10AB7000000000000E00000090060020900600205B
:10AB800000000000000000000E000000A4060020ED
:10AB9000A406002000000000000000000E000000DD
:10ABA000B8060020B80600200000000000000000E9
:10ABB0000E000000CC060020CC06002000000000A3
:10ABC000000000000E000000E0060020E00600206B
:10ABD00000000000000000000E000000F40600204D
:10ABE000F406002000000000000000000E0000003D
:10ABF00008070020080700200000000000000000F7
:10AC00000E0000001C0700201C07002000000000B0
:10AC1000000000000E000000300700203007002078
:10AC200000000000000000000E00000044070020AB
:10AC30004407002000000000000000000E0000009B
:10AC40005807002058070020000000000000000006
:10AC50000E0000006C0700206C07002001000000BF
:10AC6000010000007C0700207C07002084070020F2
:10AC7000840700200000000001000000940700206D
:10AC8000940700209C0700209C0700200000000083
:10AC900001000000AC070020AC070020000000000D
:10ACA0000000000000000000C0070020C0070020D6
:10ACB000C8070020C80700200000000000000000B6
:10ACC00000000000DC070020DC070020E407002073
:10ACD000E407002000000000000000000000000069
:10ACE000F8070020F80700200008002000080020D6
:10ACF0000000000000000000000000001408002018
:10AD0000140800201C0800201C080020000010006F
:10AD100010000400000000002C7F030080D50020FC
:10AD200000000000000000000000000044080020B7
:10AD3000440800204C0800204C08002000001000AF
:10AD400010000400000000001C7F0300C0CB0020A6
:10AD5000A808002000000000000000000000000023
:10AD600000000000000000000000000000000000E3
:10AD700000000000000000000000000000000000D3
:10AD800000000000000000000000000000000000C3
:10AD90008C7B0300C4080020882A002000020000E9
:10ADA000000000000000000000050000D3FE0200CB
:10ADB000FFFE0200BDFE0200B9FE02001201000209
:10ADC000EF020140E32F0001060301020301090223
:10ADD0000000000100E032080B000202020000093E
:10ADE00004000001020200000524001001052401F6
:10ADF0000201042402020524060001070580031055
:10AE0000000A09040100020A000000070580024050
:10AE1000000007050002400000040309040E035A65
:10AE2000455048595200000000000036034F70653D
:10AE30006E54687265616420436F50726F6365730E
:10AE4000736F72204E5246000000000000000000A8
:10AE500000000000000000000000000000000000F2
:10AE600000220330313233343536373839414243EA
:10AE70004445460000000000000000000000000003
:10AE80000000000000FFFFFF00000000F7080020A6
:10AE900085FB020051840100DD81010000000000FB
:10AEA00000000000030000004801002015E015E04C
:10AEB0000769970010002000A885DD4EC8BF08D3A1
:10AEC0001292EBD16A6A4E3943E09467E7F8B662B2
:10AED00095248E93F1DAF3A701002000E30466F6CF
:10AEE000B8470C1F29070B17F1E2D3E94D445E3F29
:10AEF000608087FDC711E4382BB538B622004700C3
:10AF000030450221009CA15BC800A85D2F4D77252C
:10AF1000B07B864CC3BCA0224E0BE84E2474A42206
:10AF20009D22E76250022036FE408D90F9BB63D32C
:10AF30003A357D1B5C777BC4DF0F44845A5E5E1E0E
:07AF400007C751FBA456985E
:00000001FF
